﻿<?xml version="1.0" encoding="UTF-8" standalone="yes"?>
<document xmlns="http://www.abbyy.com/FineReader_xml/FineReader10-schema-v1.xml" version="1.0" producer="ABBYY FineReader Engine 11" languages="" xmlns:xsi="http://www.w3.org/2001/XMLSchema-instance" xsi:schemaLocation="http://www.abbyy.com/FineReader_xml/FineReader10-schema-v1.xml http://www.abbyy.com/FineReader_xml/FineReader10-schema-v1.xml">
<page width="1542" height="2376" resolution="400" originalCoords="1">
<block blockType="Text" blockName="">
<text>
<par align="Center" leftIndent="400">
<line baseline="124" l="737" t="79" r="847" b="127"><formatting lang="OldGerman">
<charParams l="737" t="79" r="781" b="125" charConfidence="28">D</charParams>
<charParams l="797" t="81" r="811" b="127" charConfidence="53">i</charParams>
<charParams l="827" t="93" r="847" b="125" charConfidence="16">e</charParams></formatting></line></par>
</text>
</block>
<block blockType="Text" blockName="">
<text>
<par startIndent="427">
<line baseline="308" l="281" t="229" r="1289" b="325"><formatting lang="OldGerman">
<charParams l="281" t="231" r="379" b="313" charConfidence="35">W</charParams>
<charParams l="393" t="251" r="433" b="309" charConfidence="100">a</charParams>
<charParams l="447" t="231" r="487" b="325" charConfidence="30">h</charParams>
<charParams l="503" t="231" r="525" b="309" charConfidence="58">l</charParams>
<charParams l="533" t="247" r="573" b="307" charConfidence="36">v</charParams>
<charParams l="587" t="249" r="615" b="307" charConfidence="32">e</charParams>
<charParams l="627" t="247" r="657" b="305" charConfidence="29">r</charParams>
<charParams l="669" t="245" r="731" b="303" charConfidence="33">w</charParams>
<charParams l="745" t="247" r="785" b="303" charConfidence="56">a</charParams>
<charParams l="797" t="247" r="839" b="307" charConfidence="33">n</charParams>
<charParams l="853" t="235" r="889" b="307" charConfidence="50">d</charParams>
<charParams l="901" t="237" r="931" b="307" charConfidence="100">t</charParams>
<charParams l="943" t="229" r="975" b="319" charConfidence="27">s</charParams>
<charParams l="977" t="229" r="1039" b="321" charConfidence="28">c</charParams>
<charParams l="977" t="229" r="1039" b="321" charConfidence="28">h</charParams>
<charParams l="1053" t="249" r="1093" b="307" charConfidence="83">a</charParams>
<charParams l="1109" t="231" r="1139" b="319" charConfidence="94">f</charParams>
<charParams l="1143" t="237" r="1171" b="311" charConfidence="100">t</charParams>
<charParams l="1185" t="249" r="1213" b="311" charConfidence="54">e</charParams>
<charParams l="1223" t="249" r="1263" b="309" charConfidence="37">n</charParams>
<charParams l="1267" t="281" r="1289" b="309" charConfidence="43">.</charParams></formatting></line></par>
</text>
</block>
<block blockType="Text" blockName="">
<text>
<par align="Center" leftIndent="600">
<line baseline="688" l="393" t="638" r="1158" b="691"><formatting lang="OldGerman">
<charParams l="393" t="639" r="436" b="691" suspicious="1" charConfidence="24">E</charParams>
<charParams l="437" t="639" r="501" b="691"> </charParams>
<charParams l="502" t="640" r="516" b="687" suspicious="1" charConfidence="100">i</charParams>
<charParams l="582" t="652" r="609" b="688" suspicious="1" charConfidence="43">n</charParams>
<charParams l="610" t="638" r="717" b="690"> </charParams>
<charParams l="718" t="638" r="769" b="690" suspicious="1" charConfidence="30">N</charParams>
<charParams l="770" t="638" r="834" b="690"> </charParams>
<charParams l="835" t="652" r="859" b="687" charConfidence="35">o</charParams>
<charParams l="860" t="652" r="925" b="688"> </charParams>
<charParams l="926" t="653" r="952" b="688" suspicious="1" charConfidence="85">n</charParams>
<charParams l="953" t="653" r="969" b="687" charConfidence="15">r</charParams>
<charParams l="970" t="653" r="1035" b="688"> </charParams>
<charParams l="1036" t="653" r="1063" b="688" charConfidence="41">a</charParams>
<charParams l="1064" t="653" r="1130" b="688"> </charParams>
<charParams l="1131" t="655" r="1158" b="688" suspicious="1" charConfidence="35">n</charParams></formatting></line></par>
</text>
</block>
<block blockType="Text" blockName="">
<text>
<par align="Center" leftIndent="600">
<line baseline="838" l="728" t="808" r="814" b="839"><formatting lang="OldGerman">
<charParams l="728" t="808" r="748" b="838" charConfidence="24">v</charParams>
<charParams l="761" t="812" r="779" b="839" suspicious="1" charConfidence="31">o</charParams>
<charParams l="793" t="812" r="814" b="838" suspicious="1" charConfidence="39">n</charParams></formatting></line></par>
<par align="Center" leftIndent="600">
<line baseline="997" l="539" t="939" r="996" b="1014"><formatting lang="OldGerman">
<charParams l="539" t="939" r="595" b="998" suspicious="1" charConfidence="41">G</charParams>
<charParams l="648" t="956" r="677" b="997" suspicious="1" charConfidence="100">o</charParams>
<charParams l="731" t="956" r="753" b="997" suspicious="1" charConfidence="100">e</charParams>
<charParams l="803" t="947" r="826" b="999" suspicious="1" charConfidence="34">t</charParams>
<charParams l="876" t="939" r="907" b="1014" suspicious="1" charConfidence="31">h</charParams>
<charParams l="960" t="956" r="982" b="997" suspicious="1" charConfidence="98">e</charParams>
<charParams l="985" t="984" r="996" b="996" charConfidence="100">.</charParams></formatting></line></par>
</text>
</block>
<block blockType="Text" blockName="">
<text>
<par align="Center" leftIndent="600">
<line baseline="1449" l="353" t="1399" r="1159" b="1458"><formatting lang="OldGerman">
<charParams l="353" t="1404" r="387" b="1451" suspicious="1" charConfidence="35">E</charParams>
<charParams l="388" t="1404" r="444" b="1451"> </charParams>
<charParams l="445" t="1416" r="464" b="1450" suspicious="1" charConfidence="15">r</charParams>
<charParams l="465" t="1404" r="519" b="1458"> </charParams>
<charParams l="520" t="1404" r="547" b="1458" charConfidence="40">s</charParams>
<charParams l="520" t="1404" r="547" b="1458" suspicious="1" charConfidence="40">t</charParams>
<charParams l="548" t="1404" r="603" b="1458"> </charParams>
<charParams l="604" t="1415" r="622" b="1449" charConfidence="31">e</charParams>
<charParams l="623" t="1413" r="677" b="1449"> </charParams>
<charParams l="678" t="1413" r="698" b="1444" charConfidence="41">r</charParams>
<charParams l="699" t="1413" r="741" b="1444"> </charParams>
<charParams l="742" t="1429" r="752" b="1440" suspicious="1" charConfidence="100">-</charParams>
<charParams l="753" t="1399" r="810" b="1446"> </charParams>
<charParams l="811" t="1399" r="844" b="1446" suspicious="1" charConfidence="25">T</charParams>
<charParams l="845" t="1399" r="901" b="1457"> </charParams>
<charParams l="902" t="1401" r="926" b="1457" charConfidence="20">h</charParams>
<charParams l="927" t="1401" r="983" b="1457"> </charParams>
<charParams l="984" t="1415" r="1003" b="1449" charConfidence="26">e</charParams>
<charParams l="1004" t="1405" r="1059" b="1451"> </charParams>
<charParams l="1060" t="1405" r="1075" b="1451" charConfidence="57">i</charParams>
<charParams l="1076" t="1404" r="1132" b="1451"> </charParams>
<charParams l="1133" t="1404" r="1144" b="1449" charConfidence="35">l</charParams>
<charParams l="1148" t="1436" r="1159" b="1450" charConfidence="55">.</charParams></formatting></line></par>
</text>
</block>
<block blockType="Text" blockName="">
<text>
<par align="Center" leftIndent="600">
<line baseline="1677" l="572" t="1627" r="930" b="1691"><formatting lang="OldGerman">
<charParams l="572" t="1628" r="612" b="1679" charConfidence="40">T</charParams>
<charParams l="613" t="1627" r="630" b="1679"> </charParams>
<charParams l="631" t="1627" r="656" b="1676" suspicious="1" charConfidence="25">ü</charParams>
<charParams l="657" t="1627" r="677" b="1676"> </charParams>
<charParams l="678" t="1631" r="701" b="1675" suspicious="1" charConfidence="24">b</charParams>
<charParams l="702" t="1630" r="722" b="1675"> </charParams>
<charParams l="723" t="1630" r="735" b="1674" suspicious="1" charConfidence="32">i</charParams>
<charParams l="753" t="1642" r="776" b="1675" suspicious="1" charConfidence="24">n</charParams>
<charParams l="796" t="1644" r="822" b="1691" suspicious="1" charConfidence="26">g</charParams>
<charParams l="842" t="1644" r="859" b="1677" suspicious="1" charConfidence="59">e</charParams>
<charParams l="877" t="1643" r="902" b="1678" suspicious="1" charConfidence="25">n</charParams>
<charParams l="915" t="1659" r="930" b="1686" charConfidence="100">,</charParams></formatting></line></par>
<par align="Center" leftIndent="400">
<line baseline="1789" l="290" t="1749" r="1205" b="1801"><formatting lang="OldGerman">
<charParams l="290" t="1751" r="298" b="1788" charConfidence="-1">i</charParams>
<charParams l="305" t="1764" r="325" b="1788" charConfidence="24">n</charParams>
<charParams l="326" t="1753" r="373" b="1789"> </charParams>
<charParams l="374" t="1753" r="392" b="1789" charConfidence="26">d</charParams>
<charParams l="398" t="1764" r="412" b="1789" charConfidence="100">e</charParams>
<charParams l="416" t="1764" r="432" b="1789" charConfidence="29">r</charParams>
<charParams l="433" t="1752" r="478" b="1798"> </charParams>
<charParams l="479" t="1752" r="507" b="1798" charConfidence="30">I</charParams>
<charParams l="513" t="1782" r="519" b="1790" charConfidence="100">.</charParams>
<charParams l="520" t="1752" r="561" b="1791"> </charParams>
<charParams l="562" t="1752" r="596" b="1791" charConfidence="79">G</charParams>
<charParams l="600" t="1780" r="608" b="1791" charConfidence="71">.</charParams>
<charParams l="609" t="1750" r="652" b="1791"> </charParams>
<charParams l="653" t="1750" r="682" b="1789" charConfidence="35">C</charParams>
<charParams l="686" t="1762" r="703" b="1787" charConfidence="37">o</charParams>
<charParams l="710" t="1759" r="723" b="1789" charConfidence="32">t</charParams>
<charParams l="727" t="1759" r="739" b="1789" charConfidence="38">t</charParams>
<charParams l="743" t="1763" r="761" b="1788" suspicious="1" charConfidence="24">a</charParams>
<charParams l="767" t="1749" r="776" b="1788" charConfidence="100">i</charParams>
<charParams l="782" t="1753" r="797" b="1798" suspicious="1" charConfidence="25">s</charParams>
<charParams l="796" t="1753" r="825" b="1798" charConfidence="25">c</charParams>
<charParams l="796" t="1753" r="825" b="1798" suspicious="1" charConfidence="25">h</charParams>
<charParams l="831" t="1762" r="845" b="1788" suspicious="1" charConfidence="46">c</charParams>
<charParams l="849" t="1763" r="869" b="1788" charConfidence="27">n</charParams>
<charParams l="870" t="1751" r="910" b="1791"> </charParams>
<charParams l="911" t="1751" r="948" b="1791" charConfidence="33">B</charParams>
<charParams l="954" t="1765" r="974" b="1789" charConfidence="100">u</charParams>
<charParams l="980" t="1756" r="1009" b="1796" charConfidence="60">c</charParams>
<charParams l="980" t="1756" r="1009" b="1796" charConfidence="60">h</charParams>
<charParams l="1013" t="1755" r="1033" b="1799" charConfidence="15">h</charParams>
<charParams l="1037" t="1764" r="1054" b="1790" charConfidence="13">a</charParams>
<charParams l="1061" t="1765" r="1080" b="1790" charConfidence="0">n</charParams>
<charParams l="1087" t="1754" r="1104" b="1790" charConfidence="29">d</charParams>
<charParams l="1110" t="1757" r="1122" b="1790" charConfidence="37">l</charParams>
<charParams l="1125" t="1764" r="1144" b="1790" charConfidence="26">u</charParams>
<charParams l="1150" t="1764" r="1169" b="1789" charConfidence="23">n</charParams>
<charParams l="1175" t="1765" r="1192" b="1801" charConfidence="13">g</charParams>
<charParams l="1199" t="1783" r="1205" b="1789" charConfidence="100">.</charParams></formatting></line></par>
</text>
</block>
<block blockType="Text" blockName="">
<text>
<par startIndent="144">
<line baseline="1910" l="661" t="1874" r="823" b="1910"><formatting lang="OldGerman">
<charParams l="661" t="1877" r="678" b="1900" suspicious="1" charConfidence="100">1</charParams>
<charParams l="704" t="1874" r="725" b="1906" suspicious="1" charConfidence="22">3</charParams>
<charParams l="748" t="1877" r="770" b="1901" suspicious="1" charConfidence="27">0</charParams>
<charParams l="792" t="1878" r="813" b="1910" suspicious="1" charConfidence="100">9</charParams>
<charParams l="818" t="1893" r="823" b="1900" suspicious="1" charConfidence="100">-</charParams></formatting></line></par>
</text>
</block>
<block blockType="Separator" blockName="">
<separator type="Black" thickness="4"><start x="264" y="1342"/><end x="1232" y="1342"/>
</separator>
</block>
<block blockType="Separator" blockName="">
<separator type="Black" thickness="11"><start x="326" y="1519"/><end x="1073" y="1519"/>
</separator>
</block>
</page>
</document>