﻿<?xml version="1.0" encoding="UTF-8" standalone="yes"?>
<document xmlns="http://www.abbyy.com/FineReader_xml/FineReader10-schema-v1.xml" version="1.0" producer="ABBYY FineReader Engine 11" languages="" xmlns:xsi="http://www.w3.org/2001/XMLSchema-instance" xsi:schemaLocation="http://www.abbyy.com/FineReader_xml/FineReader10-schema-v1.xml http://www.abbyy.com/FineReader_xml/FineReader10-schema-v1.xml">
<page width="1542" height="2376" resolution="400" originalCoords="1">
<block blockType="Text" blockName="">
<text>
<par align="Center" rightIndent="100">
<line baseline="132" l="542" t="79" r="1035" b="143"><formatting lang="OldGerman">
<charParams l="542" t="81" r="585" b="134" suspicious="1" charConfidence="24">E</charParams>
<charParams l="599" t="95" r="613" b="128" suspicious="1" charConfidence="24">l</charParams>
<charParams l="634" t="79" r="665" b="139" suspicious="1" charConfidence="39">s</charParams>
<charParams l="634" t="79" r="665" b="139" suspicious="1" charConfidence="39">t</charParams>
<charParams l="678" t="94" r="697" b="128" suspicious="1" charConfidence="25">e</charParams>
<charParams l="711" t="85" r="737" b="128" suspicious="1" charConfidence="24">ö</charParams>
<charParams l="738" t="79" r="771" b="131"> </charParams>
<charParams l="772" t="79" r="822" b="131" charConfidence="29">K</charParams>
<charParams l="834" t="97" r="860" b="132" charConfidence="33">a</charParams>
<charParams l="874" t="98" r="901" b="143" charConfidence="75">p</charParams>
<charParams l="915" t="85" r="929" b="133" charConfidence="46">i</charParams>
<charParams l="943" t="93" r="960" b="134" charConfidence="45">t</charParams>
<charParams l="972" t="101" r="991" b="134" charConfidence="34">e</charParams>
<charParams l="1005" t="86" r="1019" b="135" charConfidence="46">l</charParams>
<charParams l="1023" t="121" r="1035" b="135" charConfidence="100">.</charParams></formatting></line></par>
</text>
</block>
<block blockType="Text" blockName="">
<text>
<par align="Justified" startIndent="1998" lineSpacing="1494">
<line baseline="439" l="339" t="393" r="1314" b="449"><formatting lang="OldGerman">
<charParams l="339" t="393" r="373" b="439" charConfidence="38">E</charParams>
<charParams l="378" t="398" r="398" b="437" charConfidence="47">d</charParams>
<charParams l="404" t="407" r="426" b="439" charConfidence="34">u</charParams>
<charParams l="432" t="407" r="452" b="438" charConfidence="0">a</charParams>
<charParams l="459" t="407" r="474" b="438" suspicious="1" charConfidence="0">r</charParams>
<charParams l="480" t="398" r="500" b="439" charConfidence="51">d</charParams>
<charParams l="501" t="398" r="531" b="439"> </charParams>
<charParams l="532" t="417" r="590" b="424" suspicious="1" charConfidence="-1">—</charParams>
<charParams l="591" t="395" r="621" b="448"> </charParams>
<charParams l="622" t="395" r="642" b="448" charConfidence="98">s</charParams>
<charParams l="640" t="407" r="659" b="438" charConfidence="32">o</charParams>
<charParams l="660" t="406" r="703" b="439"> </charParams>
<charParams l="704" t="406" r="729" b="439" charConfidence="38">n</charParams>
<charParams l="735" t="408" r="750" b="439" charConfidence="25">e</charParams>
<charParams l="754" t="406" r="777" b="439" charConfidence="43">n</charParams>
<charParams l="782" t="407" r="805" b="439" charConfidence="30">n</charParams>
<charParams l="811" t="408" r="825" b="438" charConfidence="29">e</charParams>
<charParams l="831" t="407" r="854" b="438" charConfidence="25">n</charParams>
<charParams l="855" t="404" r="895" b="439"> </charParams>
<charParams l="896" t="404" r="931" b="439" charConfidence="1">w</charParams>
<charParams l="936" t="395" r="946" b="439" charConfidence="42">i</charParams>
<charParams l="952" t="407" r="969" b="438" suspicious="1" charConfidence="25">r</charParams>
<charParams l="970" t="407" r="1019" b="440"> </charParams>
<charParams l="1020" t="408" r="1036" b="440" charConfidence="32">e</charParams>
<charParams l="1042" t="396" r="1051" b="438" charConfidence="100">i</charParams>
<charParams l="1056" t="407" r="1078" b="440" charConfidence="26">n</charParams>
<charParams l="1085" t="408" r="1100" b="440" charConfidence="42">e</charParams>
<charParams l="1105" t="408" r="1129" b="440" charConfidence="24">n</charParams>
<charParams l="1130" t="408" r="1170" b="443"> </charParams>
<charParams l="1171" t="408" r="1189" b="443" charConfidence="24">r</charParams>
<charParams l="1194" t="410" r="1208" b="441" charConfidence="100">e</charParams>
<charParams l="1215" t="398" r="1223" b="441" charConfidence="47">i</charParams>
<charParams l="1229" t="398" r="1264" b="449" charConfidence="0">c</charParams>
<charParams l="1229" t="398" r="1264" b="449" charConfidence="0">h</charParams>
<charParams l="1270" t="411" r="1285" b="441" charConfidence="36">e</charParams>
<charParams l="1291" t="410" r="1314" b="442" charConfidence="24">n</charParams></formatting></line>
<line baseline="523" l="251" t="479" r="1311" b="534"><formatting lang="OldGerman">
<charParams l="251" t="482" r="294" b="525" suspicious="1" charConfidence="30">B</charParams>
<charParams l="299" t="492" r="319" b="521" charConfidence="24">a</charParams>
<charParams l="325" t="490" r="342" b="521" charConfidence="27">r</charParams>
<charParams l="347" t="491" r="366" b="521" suspicious="1" charConfidence="25">o</charParams>
<charParams l="370" t="490" r="395" b="522" charConfidence="39">n</charParams>
<charParams l="396" t="480" r="436" b="522"> </charParams>
<charParams l="437" t="480" r="448" b="522" suspicious="1" charConfidence="28">t</charParams>
<charParams l="453" t="491" r="491" b="522" suspicious="1" charConfidence="31">m</charParams>
<charParams l="492" t="481" r="539" b="523"> </charParams>
<charParams l="540" t="481" r="562" b="523" charConfidence="31">b</charParams>
<charParams l="567" t="492" r="583" b="524" charConfidence="74">e</charParams>
<charParams l="588" t="482" r="614" b="534" charConfidence="35">s</charParams>
<charParams l="588" t="482" r="614" b="534" charConfidence="35">t</charParams>
<charParams l="618" t="492" r="634" b="524" charConfidence="28">e</charParams>
<charParams l="639" t="493" r="662" b="523" charConfidence="25">n</charParams>
<charParams l="663" t="479" r="710" b="524"> </charParams>
<charParams l="711" t="479" r="771" b="524" charConfidence="29">M</charParams>
<charParams l="774" t="493" r="794" b="522" charConfidence="55">a</charParams>
<charParams l="801" t="493" r="822" b="523" charConfidence="27">n</charParams>
<charParams l="829" t="493" r="851" b="524" charConfidence="54">n</charParams>
<charParams l="857" t="492" r="872" b="523" charConfidence="100">e</charParams>
<charParams l="876" t="485" r="897" b="523" charConfidence="-1">s</charParams>
<charParams l="902" t="492" r="921" b="523" charConfidence="100">a</charParams>
<charParams l="928" t="483" r="939" b="524" charConfidence="25">s</charParams>
<charParams l="943" t="490" r="957" b="525" charConfidence="34">t</charParams>
<charParams l="960" t="493" r="976" b="524" charConfidence="26">e</charParams>
<charParams l="981" t="492" r="997" b="524" charConfidence="23">r</charParams>
<charParams l="998" t="492" r="1036" b="524"> </charParams>
<charParams l="1037" t="503" r="1096" b="510" suspicious="1" charConfidence="-1">—</charParams>
<charParams l="1097" t="481" r="1149" b="526"> </charParams>
<charParams l="1150" t="481" r="1184" b="526" charConfidence="40">E</charParams>
<charParams l="1190" t="486" r="1209" b="526" charConfidence="38">d</charParams>
<charParams l="1216" t="496" r="1237" b="527" charConfidence="27">u</charParams>
<charParams l="1243" t="496" r="1263" b="526" charConfidence="100">a</charParams>
<charParams l="1269" t="495" r="1286" b="525" charConfidence="100">r</charParams>
<charParams l="1291" t="486" r="1311" b="525" charConfidence="33">d</charParams></formatting></line>
<line baseline="608" l="247" t="563" r="1310" b="620"><formatting lang="OldGerman">
<charParams l="247" t="565" r="270" b="619" suspicious="1" charConfidence="80">h</charParams>
<charParams l="276" t="576" r="296" b="606" charConfidence="100">a</charParams>
<charParams l="303" t="571" r="316" b="607" charConfidence="32">t</charParams>
<charParams l="321" t="572" r="333" b="607" charConfidence="29">t</charParams>
<charParams l="337" t="575" r="354" b="606" charConfidence="39">e</charParams>
<charParams l="355" t="566" r="386" b="606"> </charParams>
<charParams l="387" t="566" r="397" b="606" charConfidence="30">i</charParams>
<charParams l="402" t="576" r="424" b="606" charConfidence="25">n</charParams>
<charParams l="425" t="565" r="458" b="617"> </charParams>
<charParams l="459" t="565" r="478" b="617" charConfidence="100">s</charParams>
<charParams l="476" t="577" r="491" b="606" charConfidence="26">e</charParams>
<charParams l="498" t="566" r="507" b="608" charConfidence="100">i</charParams>
<charParams l="512" t="576" r="534" b="608" charConfidence="30">n</charParams>
<charParams l="541" t="577" r="557" b="609" charConfidence="34">e</charParams>
<charParams l="561" t="577" r="579" b="608" charConfidence="55">r</charParams>
<charParams l="580" t="563" r="610" b="608"> </charParams>
<charParams l="611" t="563" r="656" b="608" charConfidence="98">B</charParams>
<charParams l="662" t="575" r="682" b="607" charConfidence="32">a</charParams>
<charParams l="688" t="577" r="710" b="608" charConfidence="39">u</charParams>
<charParams l="716" t="576" r="751" b="608" charConfidence="49">m</charParams>
<charParams l="758" t="565" r="776" b="615" charConfidence="54">s</charParams>
<charParams l="773" t="565" r="808" b="614" charConfidence="56">c</charParams>
<charParams l="773" t="565" r="808" b="614" charConfidence="56">h</charParams>
<charParams l="813" t="575" r="835" b="606" charConfidence="30">u</charParams>
<charParams l="841" t="565" r="853" b="606" charConfidence="57">l</charParams>
<charParams l="856" t="576" r="873" b="607" charConfidence="30">e</charParams>
<charParams l="874" t="568" r="905" b="607"> </charParams>
<charParams l="906" t="568" r="926" b="607" charConfidence="30">d</charParams>
<charParams l="932" t="566" r="942" b="607" charConfidence="100">i</charParams>
<charParams l="947" t="576" r="964" b="608" charConfidence="57">e</charParams>
<charParams l="965" t="566" r="989" b="616"> </charParams>
<charParams l="990" t="566" r="1003" b="616" charConfidence="25">s</charParams>
<charParams l="1005" t="566" r="1041" b="616" charConfidence="55">c</charParams>
<charParams l="1005" t="566" r="1041" b="616" charConfidence="55">h</charParams>
<charParams l="1047" t="566" r="1066" b="609" charConfidence="27">ö</charParams>
<charParams l="1072" t="578" r="1094" b="608" charConfidence="100">n</charParams>
<charParams l="1100" t="568" r="1127" b="620" charConfidence="64">s</charParams>
<charParams l="1100" t="568" r="1127" b="620" charConfidence="64">t</charParams>
<charParams l="1130" t="578" r="1148" b="610" charConfidence="82">e</charParams>
<charParams l="1149" t="563" r="1170" b="611"> </charParams>
<charParams l="1171" t="563" r="1219" b="611" charConfidence="52">S</charParams>
<charParams l="1225" t="575" r="1239" b="610" charConfidence="47">t</charParams>
<charParams l="1242" t="579" r="1264" b="611" charConfidence="57">u</charParams>
<charParams l="1270" t="579" r="1293" b="611" charConfidence="32">n</charParams>
<charParams l="1298" t="578" r="1310" b="599" charConfidence="22">¬</charParams></formatting></line>
<line baseline="690" l="246" t="647" r="1308" b="703"><formatting lang="OldGerman">
<charParams l="246" t="651" r="266" b="690" charConfidence="26">d</charParams>
<charParams l="272" t="660" r="288" b="690" charConfidence="45">e</charParams>
<charParams l="289" t="659" r="345" b="690"> </charParams>
<charParams l="346" t="659" r="363" b="690" charConfidence="28">e</charParams>
<charParams l="368" t="649" r="377" b="690" charConfidence="37">i</charParams>
<charParams l="383" t="659" r="405" b="689" charConfidence="26">n</charParams>
<charParams l="411" t="660" r="427" b="690" charConfidence="52">e</charParams>
<charParams l="432" t="652" r="452" b="690" charConfidence="96">s</charParams>
<charParams l="453" t="647" r="504" b="691"> </charParams>
<charParams l="505" t="647" r="543" b="691" suspicious="1" charConfidence="24">A</charParams>
<charParams l="545" t="660" r="566" b="701" charConfidence="86">p</charParams>
<charParams l="572" t="660" r="589" b="691" charConfidence="29">r</charParams>
<charParams l="594" t="649" r="603" b="690" charConfidence="100">i</charParams>
<charParams l="609" t="648" r="621" b="690" charConfidence="66">l</charParams>
<charParams l="623" t="659" r="646" b="689" suspicious="1" charConfidence="100">n</charParams>
<charParams l="651" t="660" r="672" b="690" charConfidence="100">a</charParams>
<charParams l="676" t="648" r="712" b="699" charConfidence="55">c</charParams>
<charParams l="676" t="648" r="712" b="699" charConfidence="55">h</charParams>
<charParams l="718" t="659" r="754" b="689" charConfidence="100">m</charParams>
<charParams l="759" t="649" r="770" b="689" charConfidence="51">i</charParams>
<charParams l="775" t="655" r="788" b="689" charConfidence="57">t</charParams>
<charParams l="793" t="655" r="805" b="689" charConfidence="47">t</charParams>
<charParams l="809" t="659" r="829" b="687" charConfidence="100">a</charParams>
<charParams l="834" t="658" r="855" b="699" charConfidence="55">g</charParams>
<charParams l="861" t="652" r="882" b="688" charConfidence="100">s</charParams>
<charParams l="883" t="652" r="931" b="703"> </charParams>
<charParams l="932" t="659" r="949" b="703" charConfidence="32">z</charParams>
<charParams l="955" t="659" r="976" b="691" charConfidence="24">u</charParams>
<charParams l="981" t="660" r="1003" b="701" charConfidence="27">g</charParams>
<charParams l="1009" t="660" r="1024" b="691" charConfidence="34">e</charParams>
<charParams l="1030" t="648" r="1050" b="691" charConfidence="28">b</charParams>
<charParams l="1055" t="661" r="1072" b="691" charConfidence="25">r</charParams>
<charParams l="1077" t="661" r="1096" b="691" charConfidence="54">a</charParams>
<charParams l="1102" t="650" r="1138" b="700" charConfidence="55">c</charParams>
<charParams l="1102" t="650" r="1138" b="700" charConfidence="55">h</charParams>
<charParams l="1143" t="659" r="1157" b="693" charConfidence="27">t</charParams>
<charParams l="1168" t="681" r="1181" b="701" charConfidence="100">,</charParams>
<charParams l="1182" t="662" r="1241" b="701"> </charParams>
<charParams l="1242" t="662" r="1265" b="693" charConfidence="100">u</charParams>
<charParams l="1270" t="660" r="1308" b="691" charConfidence="26">m</charParams></formatting></line>
<line baseline="774" l="242" t="730" r="1308" b="787"><formatting lang="OldGerman">
<charParams l="242" t="731" r="263" b="783" charConfidence="100">f</charParams>
<charParams l="262" t="744" r="279" b="774" charConfidence="54">r</charParams>
<charParams l="284" t="736" r="293" b="774" charConfidence="49">i</charParams>
<charParams l="299" t="733" r="316" b="782" charConfidence="55">s</charParams>
<charParams l="314" t="732" r="350" b="785" charConfidence="63">c</charParams>
<charParams l="314" t="732" r="350" b="785" charConfidence="63">h</charParams>
<charParams l="351" t="732" r="384" b="785"> </charParams>
<charParams l="385" t="744" r="401" b="775" charConfidence="33">e</charParams>
<charParams l="406" t="744" r="422" b="775" charConfidence="100">r</charParams>
<charParams l="426" t="732" r="448" b="787" charConfidence="31">h</charParams>
<charParams l="454" t="744" r="475" b="775" charConfidence="46">a</charParams>
<charParams l="480" t="735" r="491" b="775" charConfidence="100">l</charParams>
<charParams l="495" t="741" r="509" b="775" charConfidence="52">t</charParams>
<charParams l="512" t="743" r="529" b="775" charConfidence="35">e</charParams>
<charParams l="533" t="744" r="556" b="775" charConfidence="36">n</charParams>
<charParams l="561" t="744" r="579" b="774" charConfidence="46">e</charParams>
<charParams l="580" t="730" r="610" b="785"> </charParams>
<charParams l="611" t="730" r="655" b="785" charConfidence="57">P</charParams>
<charParams l="659" t="731" r="679" b="783" charConfidence="51">f</charParams>
<charParams l="677" t="744" r="695" b="774" charConfidence="27">r</charParams>
<charParams l="698" t="743" r="718" b="773" charConfidence="59">o</charParams>
<charParams l="721" t="742" r="744" b="782" charConfidence="29">p</charParams>
<charParams l="749" t="730" r="769" b="780" charConfidence="72">f</charParams>
<charParams l="767" t="742" r="784" b="772" charConfidence="54">r</charParams>
<charParams l="788" t="742" r="804" b="772" charConfidence="38">e</charParams>
<charParams l="809" t="732" r="818" b="772" charConfidence="90">i</charParams>
<charParams l="824" t="730" r="840" b="780" charConfidence="30">s</charParams>
<charParams l="839" t="744" r="853" b="772" charConfidence="100">e</charParams>
<charParams l="859" t="742" r="877" b="773" charConfidence="100">r</charParams>
<charParams l="878" t="742" r="908" b="773"> </charParams>
<charParams l="909" t="743" r="929" b="773" charConfidence="54">a</charParams>
<charParams l="935" t="744" r="957" b="774" charConfidence="29">u</charParams>
<charParams l="962" t="731" r="982" b="777" charConfidence="59">f</charParams>
<charParams l="983" t="731" r="1006" b="783"> </charParams>
<charParams l="1007" t="735" r="1018" b="783" charConfidence="43">j</charParams>
<charParams l="1024" t="744" r="1047" b="774" charConfidence="48">u</charParams>
<charParams l="1051" t="744" r="1074" b="773" charConfidence="34">n</charParams>
<charParams l="1077" t="745" r="1100" b="784" charConfidence="33">g</charParams>
<charParams l="1105" t="745" r="1122" b="775" charConfidence="30">e</charParams>
<charParams l="1123" t="731" r="1156" b="776"> </charParams>
<charParams l="1157" t="731" r="1204" b="776" charConfidence="46">S</charParams>
<charParams l="1211" t="742" r="1225" b="776" charConfidence="38">t</charParams>
<charParams l="1228" t="747" r="1248" b="775" charConfidence="54">a</charParams>
<charParams l="1253" t="744" r="1290" b="774" charConfidence="26">m</charParams>
<charParams l="1295" t="749" r="1308" b="770" charConfidence="22">¬</charParams></formatting></line>
<line baseline="856" l="241" t="811" r="1305" b="869"><formatting lang="OldGerman">
<charParams l="241" t="826" r="280" b="857" charConfidence="60">m</charParams>
<charParams l="284" t="827" r="303" b="857" charConfidence="29">e</charParams>
<charParams l="304" t="825" r="343" b="869"> </charParams>
<charParams l="344" t="825" r="361" b="869" charConfidence="33">z</charParams>
<charParams l="365" t="827" r="389" b="857" charConfidence="30">u</charParams>
<charParams l="390" t="815" r="433" b="857"> </charParams>
<charParams l="434" t="815" r="455" b="857" charConfidence="27">b</charParams>
<charParams l="460" t="827" r="478" b="857" charConfidence="25">r</charParams>
<charParams l="482" t="817" r="493" b="857" charConfidence="100">i</charParams>
<charParams l="497" t="826" r="520" b="856" charConfidence="25">n</charParams>
<charParams l="523" t="827" r="546" b="866" charConfidence="27">g</charParams>
<charParams l="550" t="826" r="568" b="855" charConfidence="33">e</charParams>
<charParams l="572" t="826" r="595" b="856" charConfidence="27">n</charParams>
<charParams l="599" t="845" r="611" b="857" charConfidence="100">.</charParams>
<charParams l="612" t="812" r="673" b="857"> </charParams>
<charParams l="674" t="812" r="721" b="856" charConfidence="71">S</charParams>
<charParams l="727" t="825" r="743" b="855" charConfidence="32">e</charParams>
<charParams l="747" t="814" r="757" b="854" charConfidence="36">i</charParams>
<charParams l="762" t="824" r="786" b="855" charConfidence="25">n</charParams>
<charParams l="787" t="811" r="839" b="857"> </charParams>
<charParams l="840" t="811" r="884" b="857" charConfidence="27">G</charParams>
<charParams l="889" t="827" r="905" b="856" charConfidence="32">e</charParams>
<charParams l="910" t="815" r="928" b="865" charConfidence="26">s</charParams>
<charParams l="924" t="815" r="960" b="864" charConfidence="55">c</charParams>
<charParams l="924" t="815" r="960" b="864" charConfidence="55">h</charParams>
<charParams l="965" t="813" r="985" b="855" charConfidence="22">ä</charParams>
<charParams l="991" t="814" r="1010" b="864" charConfidence="43">f</charParams>
<charParams l="1009" t="825" r="1023" b="856" charConfidence="29">t</charParams>
<charParams l="1024" t="825" r="1073" b="856"> </charParams>
<charParams l="1074" t="825" r="1110" b="856" charConfidence="24">w</charParams>
<charParams l="1116" t="827" r="1136" b="856" charConfidence="37">a</charParams>
<charParams l="1142" t="826" r="1161" b="856" charConfidence="26">r</charParams>
<charParams l="1162" t="826" r="1211" b="857"> </charParams>
<charParams l="1212" t="826" r="1230" b="857" charConfidence="90">e</charParams>
<charParams l="1234" t="814" r="1254" b="856" charConfidence="26">b</charParams>
<charParams l="1260" t="826" r="1276" b="858" charConfidence="28">e</charParams>
<charParams l="1280" t="826" r="1305" b="857" charConfidence="26">n</charParams></formatting></line>
<line baseline="936" l="240" t="891" r="1303" b="947"><formatting lang="OldGerman">
<charParams l="240" t="911" r="263" b="942" charConfidence="100">v</charParams>
<charParams l="270" t="910" r="289" b="942" charConfidence="71">o</charParams>
<charParams l="293" t="900" r="303" b="941" charConfidence="25">l</charParams>
<charParams l="308" t="899" r="318" b="941" charConfidence="38">l</charParams>
<charParams l="322" t="910" r="337" b="941" charConfidence="26">e</charParams>
<charParams l="342" t="909" r="364" b="940" charConfidence="32">n</charParams>
<charParams l="370" t="900" r="389" b="938" charConfidence="26">d</charParams>
<charParams l="395" t="908" r="411" b="938" charConfidence="26">e</charParams>
<charParams l="416" t="902" r="430" b="938" charConfidence="100">t</charParams>
<charParams l="443" t="908" r="455" b="947" charConfidence="100">;</charParams>
<charParams l="456" t="905" r="510" b="947"> </charParams>
<charParams l="511" t="905" r="527" b="935" charConfidence="25">e</charParams>
<charParams l="532" t="904" r="549" b="935" charConfidence="26">r</charParams>
<charParams l="550" t="894" r="582" b="935"> </charParams>
<charParams l="583" t="894" r="595" b="935" charConfidence="100">l</charParams>
<charParams l="598" t="905" r="614" b="935" charConfidence="34">e</charParams>
<charParams l="616" t="905" r="638" b="945" charConfidence="54">g</charParams>
<charParams l="643" t="900" r="658" b="934" charConfidence="56">t</charParams>
<charParams l="662" t="905" r="679" b="934" charConfidence="56">e</charParams>
<charParams l="680" t="895" r="709" b="934"> </charParams>
<charParams l="710" t="895" r="731" b="933" charConfidence="41">d</charParams>
<charParams l="737" t="894" r="746" b="933" charConfidence="100">i</charParams>
<charParams l="752" t="904" r="769" b="934" charConfidence="73">e</charParams>
<charParams l="770" t="891" r="800" b="935"> </charParams>
<charParams l="801" t="891" r="845" b="935" charConfidence="25">G</charParams>
<charParams l="851" t="905" r="866" b="934" suspicious="1" charConfidence="31">e</charParams>
<charParams l="871" t="905" r="888" b="934" charConfidence="25">r</charParams>
<charParams l="891" t="895" r="911" b="935" charConfidence="22">ä</charParams>
<charParams l="917" t="902" r="928" b="935" charConfidence="37">t</charParams>
<charParams l="934" t="893" r="956" b="947" charConfidence="58">h</charParams>
<charParams l="962" t="894" r="981" b="943" suspicious="1" charConfidence="50">s</charParams>
<charParams l="977" t="895" r="1012" b="941" charConfidence="55">c</charParams>
<charParams l="977" t="895" r="1012" b="941" suspicious="1" charConfidence="55">h</charParams>
<charParams l="1018" t="905" r="1038" b="934" charConfidence="100">a</charParams>
<charParams l="1045" t="894" r="1062" b="943" suspicious="1" charConfidence="40">f</charParams>
<charParams l="1062" t="901" r="1075" b="936" charConfidence="80">t</charParams>
<charParams l="1079" t="905" r="1095" b="934" charConfidence="69">e</charParams>
<charParams l="1099" t="905" r="1124" b="935" charConfidence="26">n</charParams>
<charParams l="1125" t="896" r="1155" b="937"> </charParams>
<charParams l="1156" t="896" r="1167" b="937" charConfidence="27">i</charParams>
<charParams l="1172" t="906" r="1196" b="936" charConfidence="28">n</charParams>
<charParams l="1197" t="900" r="1228" b="939"> </charParams>
<charParams l="1229" t="900" r="1250" b="939" charConfidence="38">d</charParams>
<charParams l="1256" t="910" r="1276" b="939" charConfidence="54">a</charParams>
<charParams l="1282" t="903" r="1303" b="940" charConfidence="100">s</charParams></formatting></line>
<line baseline="1021" l="241" t="974" r="1301" b="1036"><formatting lang="OldGerman">
<charParams l="241" t="984" r="272" b="1036" charConfidence="48">F</charParams>
<charParams l="277" t="998" r="298" b="1027" charConfidence="25">u</charParams>
<charParams l="304" t="991" r="317" b="1027" charConfidence="79">t</charParams>
<charParams l="321" t="991" r="333" b="1026" charConfidence="53">t</charParams>
<charParams l="338" t="996" r="354" b="1025" charConfidence="34">e</charParams>
<charParams l="359" t="994" r="375" b="1024" charConfidence="25">r</charParams>
<charParams l="380" t="995" r="399" b="1023" charConfidence="0">a</charParams>
<charParams l="406" t="983" r="416" b="1024" charConfidence="100">l</charParams>
<charParams l="417" t="983" r="458" b="1036"> </charParams>
<charParams l="459" t="991" r="473" b="1036" charConfidence="29">z</charParams>
<charParams l="478" t="991" r="501" b="1022" charConfidence="29">u</charParams>
<charParams l="507" t="978" r="523" b="1030" charConfidence="26">s</charParams>
<charParams l="522" t="989" r="542" b="1020" charConfidence="54">a</charParams>
<charParams l="548" t="987" r="583" b="1019" charConfidence="55">m</charParams>
<charParams l="589" t="986" r="626" b="1019" charConfidence="55">m</charParams>
<charParams l="632" t="988" r="647" b="1018" charConfidence="31">e</charParams>
<charParams l="652" t="988" r="676" b="1018" charConfidence="29">n</charParams>
<charParams l="677" t="987" r="719" b="1018"> </charParams>
<charParams l="720" t="987" r="743" b="1017" charConfidence="27">u</charParams>
<charParams l="748" t="987" r="771" b="1018" charConfidence="31">n</charParams>
<charParams l="777" t="978" r="796" b="1017" charConfidence="42">d</charParams>
<charParams l="797" t="974" r="840" b="1018"> </charParams>
<charParams l="841" t="974" r="861" b="1018" charConfidence="26">b</charParams>
<charParams l="868" t="986" r="884" b="1016" charConfidence="73">e</charParams>
<charParams l="889" t="983" r="902" b="1017" charConfidence="100">t</charParams>
<charParams l="907" t="988" r="923" b="1016" charConfidence="23">r</charParams>
<charParams l="927" t="986" r="947" b="1016" charConfidence="100">a</charParams>
<charParams l="953" t="975" r="988" b="1023" charConfidence="54">c</charParams>
<charParams l="953" t="975" r="988" b="1023" charConfidence="54">h</charParams>
<charParams l="995" t="983" r="1007" b="1018" charConfidence="61">t</charParams>
<charParams l="1012" t="988" r="1027" b="1018" charConfidence="39">e</charParams>
<charParams l="1033" t="985" r="1046" b="1020" charConfidence="33">t</charParams>
<charParams l="1050" t="989" r="1067" b="1019" charConfidence="39">e</charParams>
<charParams l="1068" t="977" r="1097" b="1029"> </charParams>
<charParams l="1098" t="977" r="1117" b="1029" charConfidence="97">s</charParams>
<charParams l="1114" t="990" r="1129" b="1020" charConfidence="26">e</charParams>
<charParams l="1135" t="979" r="1144" b="1020" charConfidence="100">i</charParams>
<charParams l="1150" t="990" r="1172" b="1022" charConfidence="53">n</charParams>
<charParams l="1178" t="991" r="1195" b="1023" charConfidence="100">e</charParams>
<charParams l="1196" t="979" r="1227" b="1025"> </charParams>
<charParams l="1228" t="979" r="1261" b="1025" charConfidence="27">A</charParams>
<charParams l="1268" t="993" r="1285" b="1024" charConfidence="54">r</charParams>
<charParams l="1289" t="998" r="1301" b="1018" charConfidence="22">¬</charParams></formatting></line>
<line baseline="1105" l="240" t="1056" r="1302" b="1119"><formatting lang="OldGerman">
<charParams l="240" t="1069" r="260" b="1112" charConfidence="25">b</charParams>
<charParams l="266" t="1081" r="282" b="1112" charConfidence="34">e</charParams>
<charParams l="288" t="1070" r="297" b="1110" charConfidence="100">i</charParams>
<charParams l="303" t="1077" r="316" b="1111" charConfidence="34">t</charParams>
<charParams l="317" t="1077" r="347" b="1111"> </charParams>
<charParams l="348" t="1078" r="386" b="1110" charConfidence="55">m</charParams>
<charParams l="392" t="1069" r="402" b="1110" charConfidence="100">i</charParams>
<charParams l="406" t="1074" r="421" b="1109" charConfidence="92">t</charParams>
<charParams l="422" t="1065" r="452" b="1109"> </charParams>
<charParams l="453" t="1065" r="493" b="1108" charConfidence="65">V</charParams>
<charParams l="499" t="1077" r="514" b="1107" charConfidence="33">e</charParams>
<charParams l="518" t="1076" r="536" b="1107" charConfidence="54">r</charParams>
<charParams l="537" t="1075" r="559" b="1117" charConfidence="55">g</charParams>
<charParams l="565" t="1074" r="586" b="1105" charConfidence="45">n</charParams>
<charParams l="593" t="1061" r="615" b="1105" charConfidence="29">ü</charParams>
<charParams l="619" t="1074" r="641" b="1116" charConfidence="60">g</charParams>
<charParams l="646" t="1072" r="662" b="1104" charConfidence="38">e</charParams>
<charParams l="666" t="1072" r="688" b="1104" suspicious="1" charConfidence="31">n</charParams>
<charParams l="707" t="1092" r="719" b="1111" charConfidence="100">,</charParams>
<charParams l="720" t="1071" r="763" b="1111"> </charParams>
<charParams l="764" t="1071" r="785" b="1101" charConfidence="54">a</charParams>
<charParams l="792" t="1060" r="801" b="1101" charConfidence="100">l</charParams>
<charParams l="806" t="1064" r="827" b="1101" charConfidence="100">s</charParams>
<charParams l="828" t="1061" r="859" b="1101"> </charParams>
<charParams l="860" t="1061" r="881" b="1100" charConfidence="100">d</charParams>
<charParams l="886" t="1069" r="902" b="1100" charConfidence="28">e</charParams>
<charParams l="906" t="1068" r="926" b="1102" charConfidence="28">r</charParams>
<charParams l="927" t="1056" r="956" b="1102"> </charParams>
<charParams l="957" t="1056" r="1000" b="1102" charConfidence="25">G</charParams>
<charParams l="1005" t="1060" r="1026" b="1101" charConfidence="40">ä</charParams>
<charParams l="1032" t="1071" r="1049" b="1101" charConfidence="100">r</charParams>
<charParams l="1053" t="1068" r="1066" b="1102" charConfidence="51">t</charParams>
<charParams l="1070" t="1072" r="1093" b="1102" charConfidence="100">n</charParams>
<charParams l="1098" t="1073" r="1115" b="1103" charConfidence="81">e</charParams>
<charParams l="1119" t="1073" r="1137" b="1102" charConfidence="59">r</charParams>
<charParams l="1138" t="1062" r="1168" b="1115"> </charParams>
<charParams l="1169" t="1062" r="1192" b="1115" suspicious="1" charConfidence="78">h</charParams>
<charParams l="1199" t="1065" r="1208" b="1105" charConfidence="100">i</charParams>
<charParams l="1214" t="1074" r="1235" b="1105" charConfidence="24">n</charParams>
<charParams l="1240" t="1075" r="1256" b="1119" charConfidence="84">z</charParams>
<charParams l="1263" t="1075" r="1284" b="1106" charConfidence="30">u</charParams>
<charParams l="1290" t="1081" r="1302" b="1100" charConfidence="22">¬</charParams></formatting></line>
<line baseline="1189" l="236" t="1140" r="1305" b="1204"><formatting lang="OldGerman">
<charParams l="236" t="1160" r="249" b="1194" charConfidence="36">t</charParams>
<charParams l="255" t="1164" r="272" b="1194" charConfidence="55">r</charParams>
<charParams l="276" t="1165" r="296" b="1194" charConfidence="54">a</charParams>
<charParams l="301" t="1160" r="317" b="1194" charConfidence="30">t</charParams>
<charParams l="318" t="1160" r="357" b="1194"> </charParams>
<charParams l="358" t="1163" r="381" b="1193" charConfidence="36">u</charParams>
<charParams l="386" t="1162" r="408" b="1193" charConfidence="38">n</charParams>
<charParams l="414" t="1153" r="435" b="1192" charConfidence="42">d</charParams>
<charParams l="436" t="1151" r="479" b="1204"> </charParams>
<charParams l="480" t="1151" r="504" b="1204" charConfidence="83">s</charParams>
<charParams l="480" t="1151" r="504" b="1204" charConfidence="83">i</charParams>
<charParams l="508" t="1149" r="543" b="1198" charConfidence="57">c</charParams>
<charParams l="508" t="1149" r="543" b="1198" charConfidence="57">h</charParams>
<charParams l="544" t="1149" r="585" b="1198"> </charParams>
<charParams l="586" t="1160" r="608" b="1190" charConfidence="100">a</charParams>
<charParams l="613" t="1160" r="636" b="1192" charConfidence="38">n</charParams>
<charParams l="637" t="1149" r="680" b="1192"> </charParams>
<charParams l="681" t="1149" r="701" b="1189" charConfidence="27">d</charParams>
<charParams l="707" t="1157" r="722" b="1189" charConfidence="73">e</charParams>
<charParams l="726" t="1156" r="763" b="1188" charConfidence="100">m</charParams>
<charParams l="764" t="1150" r="803" b="1188"> </charParams>
<charParams l="804" t="1150" r="822" b="1188" charConfidence="53">t</charParams>
<charParams l="823" t="1140" r="847" b="1200" charConfidence="30">h</charParams>
<charParams l="850" t="1153" r="870" b="1186" charConfidence="48">e</charParams>
<charParams l="870" t="1141" r="885" b="1186" charConfidence="26">i</charParams>
<charParams l="886" t="1142" r="901" b="1186" charConfidence="91">l</charParams>
<charParams l="899" t="1152" r="927" b="1184" charConfidence="26">n</charParams>
<charParams l="929" t="1152" r="947" b="1185" charConfidence="40">e</charParams>
<charParams l="948" t="1140" r="972" b="1198" charConfidence="34">h</charParams>
<charParams l="976" t="1153" r="1013" b="1186" suspicious="1" charConfidence="55">m</charParams>
<charParams l="1019" t="1153" r="1035" b="1185" suspicious="1" charConfidence="29">e</charParams>
<charParams l="1039" t="1154" r="1062" b="1185" suspicious="1" charConfidence="48">n</charParams>
<charParams l="1068" t="1146" r="1088" b="1186" suspicious="1" charConfidence="27">d</charParams>
<charParams l="1094" t="1156" r="1110" b="1187" charConfidence="39">e</charParams>
<charParams l="1114" t="1156" r="1137" b="1187" charConfidence="27">n</charParams>
<charParams l="1138" t="1144" r="1171" b="1197"> </charParams>
<charParams l="1172" t="1144" r="1204" b="1197" suspicious="1" charConfidence="33">F</charParams>
<charParams l="1207" t="1149" r="1218" b="1191" suspicious="1" charConfidence="28">l</charParams>
<charParams l="1220" t="1159" r="1237" b="1190" suspicious="1" charConfidence="55">e</charParams>
<charParams l="1242" t="1148" r="1252" b="1189" suspicious="1" charConfidence="94">i</charParams>
<charParams l="1258" t="1156" r="1265" b="1198" suspicious="1" charConfidence="63">,</charParams>
<charParams l="1265" t="1148" r="1305" b="1190" suspicious="1" charConfidence="-1">^</charParams></formatting></line>
<line baseline="1275" l="237" t="1232" r="671" b="1286"><formatting lang="OldGerman">
<charParams l="237" t="1239" r="257" b="1278" charConfidence="30">d</charParams>
<charParams l="263" t="1247" r="279" b="1277" charConfidence="31">e</charParams>
<charParams l="283" t="1240" r="304" b="1277" charConfidence="100">s</charParams>
<charParams l="305" t="1232" r="337" b="1286"> </charParams>
<charParams l="338" t="1232" r="380" b="1286" charConfidence="25">H</charParams>
<charParams l="386" t="1246" r="401" b="1276" charConfidence="37">e</charParams>
<charParams l="406" t="1246" r="422" b="1276" charConfidence="24">r</charParams>
<charParams l="427" t="1245" r="444" b="1276" charConfidence="100">r</charParams>
<charParams l="448" t="1244" r="473" b="1277" suspicious="1" charConfidence="28">n</charParams>
<charParams l="474" t="1244" r="504" b="1277"> </charParams>
<charParams l="505" t="1245" r="522" b="1276" charConfidence="35">e</charParams>
<charParams l="527" t="1244" r="544" b="1275" charConfidence="54">r</charParams>
<charParams l="545" t="1243" r="568" b="1285" charConfidence="54">g</charParams>
<charParams l="574" t="1243" r="590" b="1275" charConfidence="33">e</charParams>
<charParams l="594" t="1234" r="618" b="1284" charConfidence="25">h</charParams>
<charParams l="622" t="1238" r="636" b="1274" charConfidence="100">t</charParams>
<charParams l="639" t="1243" r="657" b="1273" charConfidence="25">e</charParams>
<charParams l="659" t="1261" r="671" b="1275" charConfidence="100">.</charParams></formatting></line></par>
<par align="Justified" startIndent="1998" lineSpacing="1530">
<line baseline="1441" l="321" t="1394" r="1295" b="1455"><formatting lang="OldGerman">
<charParams l="321" t="1398" r="363" b="1452" charConfidence="25">H</charParams>
<charParams l="369" t="1413" r="389" b="1443" charConfidence="100">a</charParams>
<charParams l="396" t="1402" r="423" b="1455" charConfidence="22">s</charParams>
<charParams l="396" t="1402" r="423" b="1455" charConfidence="22">t</charParams>
<charParams l="424" t="1402" r="454" b="1455"> </charParams>
<charParams l="455" t="1403" r="475" b="1443" charConfidence="30">d</charParams>
<charParams l="481" t="1412" r="504" b="1443" charConfidence="25">u</charParams>
<charParams l="505" t="1410" r="536" b="1443"> </charParams>
<charParams l="537" t="1410" r="574" b="1441" charConfidence="54">m</charParams>
<charParams l="580" t="1412" r="597" b="1443" charConfidence="33">e</charParams>
<charParams l="601" t="1401" r="611" b="1442" charConfidence="100">i</charParams>
<charParams l="616" t="1410" r="638" b="1441" charConfidence="38">n</charParams>
<charParams l="644" t="1410" r="661" b="1442" charConfidence="36">e</charParams>
<charParams l="662" t="1394" r="692" b="1447"> </charParams>
<charParams l="693" t="1394" r="724" b="1447" charConfidence="29">F</charParams>
<charParams l="727" t="1407" r="743" b="1438" charConfidence="25">r</charParams>
<charParams l="747" t="1408" r="766" b="1437" charConfidence="54">a</charParams>
<charParams l="773" t="1407" r="796" b="1438" charConfidence="35">u</charParams>
<charParams l="797" t="1407" r="828" b="1438"> </charParams>
<charParams l="829" t="1407" r="852" b="1438" charConfidence="40">n</charParams>
<charParams l="858" t="1396" r="867" b="1438" charConfidence="100">i</charParams>
<charParams l="872" t="1395" r="907" b="1444" charConfidence="55">c</charParams>
<charParams l="872" t="1395" r="907" b="1444" charConfidence="55">h</charParams>
<charParams l="912" t="1401" r="926" b="1437" charConfidence="100">t</charParams>
<charParams l="927" t="1401" r="957" b="1448"> </charParams>
<charParams l="958" t="1407" r="980" b="1448" charConfidence="53">g</charParams>
<charParams l="987" t="1408" r="1003" b="1439" charConfidence="25">e</charParams>
<charParams l="1007" t="1396" r="1024" b="1447" charConfidence="35">s</charParams>
<charParams l="1023" t="1409" r="1037" b="1439" charConfidence="55">e</charParams>
<charParams l="1044" t="1396" r="1065" b="1450" charConfidence="28">h</charParams>
<charParams l="1071" t="1409" r="1086" b="1442" charConfidence="26">e</charParams>
<charParams l="1091" t="1409" r="1115" b="1441" charConfidence="100">n</charParams>
<charParams l="1134" t="1394" r="1158" b="1437" charConfidence="22">?</charParams>
<charParams l="1159" t="1394" r="1192" b="1450"> </charParams>
<charParams l="1193" t="1398" r="1213" b="1450" charConfidence="56">f</charParams>
<charParams l="1211" t="1410" r="1229" b="1442" charConfidence="100">r</charParams>
<charParams l="1232" t="1412" r="1251" b="1441" charConfidence="100">a</charParams>
<charParams l="1256" t="1411" r="1277" b="1452" charConfidence="59">g</charParams>
<charParams l="1283" t="1416" r="1295" b="1437" charConfidence="22">¬</charParams></formatting></line>
<line baseline="1524" l="228" t="1480" r="1290" b="1537"><formatting lang="OldGerman">
<charParams l="228" t="1494" r="242" b="1529" charConfidence="45">t</charParams>
<charParams l="247" t="1497" r="264" b="1527" charConfidence="27">e</charParams>
<charParams l="265" t="1483" r="297" b="1528"> </charParams>
<charParams l="298" t="1483" r="332" b="1528" charConfidence="39">E</charParams>
<charParams l="337" t="1488" r="356" b="1526" charConfidence="30">d</charParams>
<charParams l="363" t="1497" r="384" b="1528" charConfidence="33">u</charParams>
<charParams l="390" t="1497" r="409" b="1526" charConfidence="100">a</charParams>
<charParams l="416" t="1496" r="433" b="1526" charConfidence="100">r</charParams>
<charParams l="438" t="1487" r="458" b="1526" charConfidence="29">d</charParams>
<charParams l="460" t="1515" r="472" b="1535" charConfidence="75">,</charParams>
<charParams l="473" t="1485" r="509" b="1535"> </charParams>
<charParams l="510" t="1485" r="520" b="1526" charConfidence="100">i</charParams>
<charParams l="525" t="1494" r="547" b="1527" charConfidence="27">n</charParams>
<charParams l="554" t="1487" r="574" b="1525" charConfidence="26">d</charParams>
<charParams l="579" t="1495" r="596" b="1526" charConfidence="29">e</charParams>
<charParams l="599" t="1493" r="637" b="1525" charConfidence="100">m</charParams>
<charParams l="638" t="1492" r="669" b="1525"> </charParams>
<charParams l="670" t="1492" r="688" b="1524" charConfidence="27">e</charParams>
<charParams l="692" t="1491" r="709" b="1522" charConfidence="54">r</charParams>
<charParams l="710" t="1480" r="740" b="1534"> </charParams>
<charParams l="741" t="1480" r="766" b="1534" charConfidence="22">s</charParams>
<charParams l="741" t="1480" r="766" b="1534" suspicious="1" charConfidence="22">t</charParams>
<charParams l="769" t="1493" r="783" b="1521" suspicious="1" charConfidence="100">e</charParams>
<charParams l="784" t="1481" r="805" b="1531" charConfidence="27">h</charParams>
<charParams l="806" t="1481" r="837" b="1531"> </charParams>
<charParams l="838" t="1490" r="872" b="1522" charConfidence="26">w</charParams>
<charParams l="879" t="1491" r="894" b="1521" charConfidence="27">e</charParams>
<charParams l="899" t="1480" r="908" b="1521" charConfidence="55">i</charParams>
<charParams l="915" t="1487" r="929" b="1523" charConfidence="38">t</charParams>
<charParams l="932" t="1492" r="947" b="1523" charConfidence="64">e</charParams>
<charParams l="951" t="1491" r="970" b="1522" charConfidence="53">r</charParams>
<charParams l="971" t="1491" r="999" b="1536"> </charParams>
<charParams l="1000" t="1493" r="1016" b="1536" charConfidence="63">z</charParams>
<charParams l="1023" t="1494" r="1046" b="1524" charConfidence="24">u</charParams>
<charParams l="1047" t="1493" r="1075" b="1534"> </charParams>
<charParams l="1076" t="1493" r="1100" b="1534" charConfidence="25">g</charParams>
<charParams l="1106" t="1494" r="1120" b="1524" charConfidence="75">e</charParams>
<charParams l="1126" t="1481" r="1148" b="1537" charConfidence="58">h</charParams>
<charParams l="1154" t="1495" r="1170" b="1525" charConfidence="25">e</charParams>
<charParams l="1174" t="1493" r="1198" b="1524" charConfidence="53">n</charParams>
<charParams l="1199" t="1493" r="1223" b="1524"> </charParams>
<charParams l="1224" t="1494" r="1245" b="1523" charConfidence="35">a</charParams>
<charParams l="1251" t="1495" r="1274" b="1525" charConfidence="25">n</charParams>
<charParams l="1280" t="1499" r="1290" b="1518" charConfidence="22">¬</charParams></formatting></line>
<line baseline="1611" l="227" t="1568" r="382" b="1618"><formatting lang="OldGerman">
<charParams l="227" t="1569" r="244" b="1618" charConfidence="46">s</charParams>
<charParams l="243" t="1580" r="256" b="1608" charConfidence="25">c</charParams>
<charParams l="258" t="1568" r="277" b="1618" charConfidence="44">h</charParams>
<charParams l="284" t="1570" r="292" b="1610" charConfidence="-1">i</charParams>
<charParams l="298" t="1570" r="329" b="1610" charConfidence="22">c</charParams>
<charParams l="298" t="1570" r="329" b="1610" suspicious="1" charConfidence="22">k</charParams>
<charParams l="335" t="1576" r="348" b="1612" charConfidence="100">t</charParams>
<charParams l="352" t="1581" r="369" b="1611" charConfidence="31">e</charParams>
<charParams l="372" t="1599" r="382" b="1611" charConfidence="100">.</charParams></formatting></line></par>
</text>
<text>
<par leftIndent="15000" startIndent="30">
<line baseline="1690" l="1054" t="1644" r="1078" b="1665"><formatting lang="OldGerman">
<charParams l="1054" t="1644" r="1078" b="1665" suspicious="1" charConfidence="52">*</charParams></formatting></line></par>
</text>
</block>
<block blockType="Separator" blockName="">
<separator type="Black" thickness="4"><start x="707" y="262"/><end x="855" y="262"/>
</separator>
</block>
</page>
</document>