﻿<?xml version="1.0" encoding="UTF-8" standalone="yes"?>
<document xmlns="http://www.abbyy.com/FineReader_xml/FineReader10-schema-v1.xml" version="1.0" producer="ABBYY FineReader Engine 11" languages="" xmlns:xsi="http://www.w3.org/2001/XMLSchema-instance" xsi:schemaLocation="http://www.abbyy.com/FineReader_xml/FineReader10-schema-v1.xml http://www.abbyy.com/FineReader_xml/FineReader10-schema-v1.xml">
<page width="1156" height="1782" resolution="300" originalCoords="1">
<block blockType="Text" blockName="">
<text>
<par startIndent="144">
<line baseline="91" l="566" t="60" r="591" b="91"><formatting lang="OldGerman">
<charParams l="566" t="60" r="591" b="91" charConfidence="13">4</charParams></formatting></line></par>
</text>
</block>
<block blockType="Text" blockName="">
<text>
<par align="Justified" startIndent="1880" lineSpacing="1488">
<line baseline="175" l="245" t="140" r="980" b="186"><formatting lang="OldGerman">
<charParams l="245" t="145" r="280" b="178" charConfidence="40">D</charParams>
<charParams l="285" t="154" r="297" b="178" charConfidence="28">r</charParams>
<charParams l="300" t="144" r="317" b="177" charConfidence="27">ü</charParams>
<charParams l="322" t="143" r="337" b="178" charConfidence="30">b</charParams>
<charParams l="341" t="154" r="353" b="177" charConfidence="28">e</charParams>
<charParams l="356" t="152" r="374" b="177" suspicious="1" charConfidence="45">n</charParams>
<charParams l="398" t="178" r="403" b="186" suspicious="1" charConfidence="55">.</charParams>
<charParams l="405" t="145" r="413" b="177" charConfidence="19">i</charParams>
<charParams l="417" t="152" r="435" b="178" charConfidence="28">n</charParams>
<charParams l="436" t="145" r="467" b="178"> </charParams>
<charParams l="468" t="145" r="484" b="176" charConfidence="45">d</charParams>
<charParams l="489" t="153" r="500" b="175" charConfidence="32">e</charParams>
<charParams l="503" t="152" r="521" b="175" charConfidence="27">n</charParams>
<charParams l="522" t="150" r="545" b="175"> </charParams>
<charParams l="546" t="150" r="563" b="174" charConfidence="35">n</charParams>
<charParams l="568" t="150" r="580" b="173" charConfidence="93">e</charParams>
<charParams l="583" t="149" r="600" b="173" charConfidence="37">u</charParams>
<charParams l="604" t="151" r="616" b="173" charConfidence="30">e</charParams>
<charParams l="619" t="150" r="637" b="174" charConfidence="37">n</charParams>
<charParams l="638" t="140" r="662" b="175"> </charParams>
<charParams l="663" t="140" r="691" b="175" charConfidence="30">A</charParams>
<charParams l="694" t="152" r="710" b="175" charConfidence="23">n</charParams>
<charParams l="714" t="144" r="724" b="176" charConfidence="46">l</charParams>
<charParams l="727" t="153" r="744" b="177" charConfidence="26">a</charParams>
<charParams l="744" t="153" r="761" b="186" charConfidence="25">g</charParams>
<charParams l="765" t="153" r="777" b="177" charConfidence="30">e</charParams>
<charParams l="780" t="152" r="798" b="177" charConfidence="100">n</charParams>
<charParams l="806" t="168" r="816" b="183" charConfidence="100">,</charParams>
<charParams l="817" t="149" r="851" b="183"> </charParams>
<charParams l="852" t="149" r="869" b="175" charConfidence="28">v</charParams>
<charParams l="874" t="150" r="886" b="175" charConfidence="27">e</charParams>
<charParams l="889" t="150" r="902" b="174" charConfidence="100">r</charParams>
<charParams l="905" t="141" r="918" b="180" charConfidence="100">s</charParams>
<charParams l="917" t="150" r="929" b="173" charConfidence="30">e</charParams>
<charParams l="932" t="145" r="950" b="181" charConfidence="43">t</charParams>
<charParams l="932" t="145" r="950" b="181" charConfidence="43">z</charParams>
<charParams l="954" t="146" r="963" b="174" charConfidence="31">t</charParams>
<charParams l="966" t="150" r="980" b="173" charConfidence="31">e</charParams></formatting></line>
<line baseline="239" l="180" t="203" r="980" b="246"><formatting lang="OldGerman">
<charParams l="180" t="212" r="195" b="241" charConfidence="27">d</charParams>
<charParams l="200" t="219" r="211" b="242" charConfidence="33">e</charParams>
<charParams l="215" t="218" r="228" b="241" charConfidence="24">r</charParams>
<charParams l="229" t="207" r="260" b="242"> </charParams>
<charParams l="261" t="207" r="294" b="242" charConfidence="23">G</charParams>
<charParams l="298" t="210" r="313" b="241" charConfidence="25">ä</charParams>
<charParams l="317" t="218" r="330" b="241" charConfidence="100">r</charParams>
<charParams l="334" t="215" r="343" b="241" charConfidence="40">t</charParams>
<charParams l="346" t="218" r="363" b="240" charConfidence="34">n</charParams>
<charParams l="368" t="217" r="380" b="241" charConfidence="86">e</charParams>
<charParams l="383" t="217" r="396" b="240" charConfidence="100">r</charParams>
<charParams l="399" t="232" r="408" b="240" charConfidence="66">.</charParams>
<charParams l="409" t="206" r="470" b="240"> </charParams>
<charParams l="471" t="206" r="506" b="240" charConfidence="56">D</charParams>
<charParams l="510" t="209" r="517" b="239" charConfidence="-1">i</charParams>
<charParams l="521" t="215" r="534" b="238" charConfidence="36">e</charParams>
<charParams l="535" t="203" r="576" b="238"> </charParams>
<charParams l="577" t="203" r="620" b="237" charConfidence="29">M</charParams>
<charParams l="624" t="214" r="637" b="236" charConfidence="30">o</charParams>
<charParams l="643" t="213" r="656" b="235" charConfidence="42">o</charParams>
<charParams l="661" t="208" r="675" b="236" suspicious="1" charConfidence="22">ö</charParams>
<charParams l="680" t="205" r="696" b="245" charConfidence="100">h</charParams>
<charParams l="701" t="205" r="718" b="238" charConfidence="52">ü</charParams>
<charParams l="722" t="213" r="731" b="238" charConfidence="39">t</charParams>
<charParams l="735" t="213" r="745" b="239" charConfidence="97">t</charParams>
<charParams l="748" t="217" r="761" b="239" charConfidence="53">e</charParams>
<charParams l="762" t="216" r="790" b="239"> </charParams>
<charParams l="791" t="216" r="817" b="239" charConfidence="40">w</charParams>
<charParams l="822" t="208" r="829" b="239" charConfidence="42">i</charParams>
<charParams l="833" t="216" r="845" b="239" charConfidence="100">r</charParams>
<charParams l="848" t="210" r="864" b="238" charConfidence="30">d</charParams>
<charParams l="865" t="206" r="895" b="246"> </charParams>
<charParams l="896" t="206" r="913" b="246" suspicious="1" charConfidence="41">h</charParams>
<charParams l="918" t="214" r="929" b="237" charConfidence="26">e</charParams>
<charParams l="933" t="214" r="949" b="236" charConfidence="25">u</charParams>
<charParams l="954" t="210" r="963" b="236" charConfidence="56">t</charParams>
<charParams l="967" t="213" r="980" b="236" charConfidence="34">e</charParams></formatting></line>
<line baseline="302" l="179" t="267" r="979" b="313"><formatting lang="OldGerman">
<charParams l="179" t="272" r="194" b="312" charConfidence="100">f</charParams>
<charParams l="193" t="282" r="205" b="305" charConfidence="28">e</charParams>
<charParams l="209" t="282" r="221" b="305" charConfidence="47">r</charParams>
<charParams l="226" t="278" r="235" b="305" charConfidence="63">t</charParams>
<charParams l="238" t="274" r="246" b="305" charConfidence="100">i</charParams>
<charParams l="249" t="281" r="265" b="313" charConfidence="80">g</charParams>
<charParams l="275" t="297" r="285" b="311" charConfidence="100">,</charParams>
<charParams l="286" t="275" r="306" b="311"> </charParams>
<charParams l="307" t="275" r="322" b="304" charConfidence="27">d</charParams>
<charParams l="327" t="273" r="335" b="303" charConfidence="68">i</charParams>
<charParams l="339" t="280" r="351" b="304" charConfidence="48">e</charParams>
<charParams l="352" t="272" r="374" b="311"> </charParams>
<charParams l="375" t="272" r="394" b="311" charConfidence="86">s</charParams>
<charParams l="375" t="272" r="394" b="311" charConfidence="86">i</charParams>
<charParams l="397" t="279" r="410" b="303" charConfidence="30">e</charParams>
<charParams l="411" t="279" r="432" b="303"> </charParams>
<charParams l="433" t="280" r="450" b="303" charConfidence="27">a</charParams>
<charParams l="453" t="279" r="472" b="303" charConfidence="52">n</charParams>
<charParams l="473" t="272" r="496" b="303"> </charParams>
<charParams l="497" t="272" r="512" b="302" charConfidence="37">d</charParams>
<charParams l="516" t="279" r="528" b="302" charConfidence="26">e</charParams>
<charParams l="531" t="278" r="545" b="301" charConfidence="46">r</charParams>
<charParams l="546" t="267" r="565" b="307"> </charParams>
<charParams l="566" t="267" r="589" b="307" charConfidence="40">F</charParams>
<charParams l="592" t="276" r="604" b="300" charConfidence="24">e</charParams>
<charParams l="607" t="270" r="615" b="300" charConfidence="39">l</charParams>
<charParams l="619" t="271" r="633" b="301" charConfidence="-1">s</charParams>
<charParams l="637" t="274" r="662" b="299" charConfidence="33">w</charParams>
<charParams l="666" t="276" r="682" b="299" charConfidence="29">a</charParams>
<charParams l="686" t="276" r="703" b="299" charConfidence="53">n</charParams>
<charParams l="707" t="271" r="723" b="300" charConfidence="33">d</charParams>
<charParams l="733" t="293" r="742" b="307" charConfidence="83">,</charParams>
<charParams l="743" t="273" r="768" b="307"> </charParams>
<charParams l="769" t="273" r="784" b="303" charConfidence="28">d</charParams>
<charParams l="788" t="280" r="800" b="304" charConfidence="27">e</charParams>
<charParams l="804" t="279" r="832" b="303" suspicious="1" charConfidence="25">m</charParams>
<charParams l="833" t="269" r="859" b="304"> </charParams>
<charParams l="860" t="269" r="894" b="304" charConfidence="37">S</charParams>
<charParams l="899" t="270" r="925" b="308" charConfidence="26">c</charParams>
<charParams l="899" t="270" r="925" b="308" charConfidence="26">h</charParams>
<charParams l="929" t="271" r="937" b="302" charConfidence="93">l</charParams>
<charParams l="941" t="278" r="955" b="301" charConfidence="34">o</charParams>
<charParams l="959" t="269" r="970" b="308" charConfidence="35">s</charParams>
<charParams l="970" t="281" r="979" b="297" charConfidence="100">¬</charParams></formatting></line>
<line baseline="365" l="180" t="328" r="980" b="375"><formatting lang="OldGerman">
<charParams l="180" t="335" r="193" b="373" charConfidence="100">s</charParams>
<charParams l="193" t="344" r="205" b="367" charConfidence="43">e</charParams>
<charParams l="206" t="344" r="228" b="375"> </charParams>
<charParams l="229" t="345" r="245" b="375" charConfidence="62">g</charParams>
<charParams l="250" t="344" r="262" b="367" charConfidence="65">e</charParams>
<charParams l="264" t="344" r="280" b="375" charConfidence="41">g</charParams>
<charParams l="285" t="343" r="297" b="367" charConfidence="48">e</charParams>
<charParams l="301" t="343" r="318" b="366" charConfidence="27">n</charParams>
<charParams l="321" t="333" r="339" b="366" charConfidence="22">ü</charParams>
<charParams l="343" t="333" r="358" b="366" charConfidence="28">b</charParams>
<charParams l="363" t="343" r="374" b="366" charConfidence="26">e</charParams>
<charParams l="378" t="343" r="391" b="366" charConfidence="40">r</charParams>
<charParams l="392" t="342" r="413" b="373"> </charParams>
<charParams l="414" t="342" r="431" b="373" charConfidence="29">g</charParams>
<charParams l="435" t="342" r="447" b="365" charConfidence="32">e</charParams>
<charParams l="451" t="332" r="466" b="365" charConfidence="64">b</charParams>
<charParams l="470" t="342" r="486" b="364" charConfidence="37">a</charParams>
<charParams l="490" t="341" r="507" b="364" charConfidence="29">u</charParams>
<charParams l="511" t="338" r="521" b="364" charConfidence="41">t</charParams>
<charParams l="522" t="331" r="547" b="372"> </charParams>
<charParams l="548" t="331" r="566" b="372" suspicious="1" charConfidence="63">h</charParams>
<charParams l="570" t="340" r="585" b="363" charConfidence="26">a</charParams>
<charParams l="589" t="336" r="600" b="363" charConfidence="34">t</charParams>
<charParams l="602" t="355" r="610" b="363" charConfidence="100">.</charParams>
<charParams l="611" t="328" r="656" b="363"> </charParams>
<charParams l="657" t="328" r="685" b="362" charConfidence="37">A</charParams>
<charParams l="689" t="330" r="696" b="362" charConfidence="100">l</charParams>
<charParams l="698" t="330" r="707" b="362" charConfidence="78">l</charParams>
<charParams l="709" t="339" r="721" b="362" charConfidence="43">e</charParams>
<charParams l="724" t="335" r="740" b="362" charConfidence="100">s</charParams>
<charParams l="741" t="333" r="755" b="364"> </charParams>
<charParams l="756" t="333" r="765" b="364" charConfidence="26">i</charParams>
<charParams l="768" t="334" r="788" b="373" charConfidence="42">s</charParams>
<charParams l="768" t="334" r="788" b="373" charConfidence="42">t</charParams>
<charParams l="789" t="334" r="806" b="373"> </charParams>
<charParams l="807" t="343" r="820" b="366" charConfidence="24">r</charParams>
<charParams l="825" t="343" r="837" b="366" charConfidence="24">e</charParams>
<charParams l="840" t="334" r="867" b="373" charConfidence="55">c</charParams>
<charParams l="840" t="334" r="867" b="373" charConfidence="55">h</charParams>
<charParams l="871" t="339" r="882" b="366" charConfidence="46">t</charParams>
<charParams l="883" t="333" r="900" b="372"> </charParams>
<charParams l="901" t="333" r="913" b="372" charConfidence="100">s</charParams>
<charParams l="913" t="333" r="938" b="372" charConfidence="63">c</charParams>
<charParams l="913" t="333" r="938" b="372" charConfidence="63">h</charParams>
<charParams l="943" t="332" r="957" b="364" charConfidence="25">ö</charParams>
<charParams l="961" t="340" r="980" b="364" charConfidence="24">n</charParams></formatting></line>
<line baseline="428" l="176" t="391" r="980" b="438"><formatting lang="OldGerman">
<charParams l="176" t="406" r="193" b="438" charConfidence="38">g</charParams>
<charParams l="198" t="407" r="209" b="429" charConfidence="32">e</charParams>
<charParams l="212" t="406" r="238" b="429" charConfidence="59">w</charParams>
<charParams l="242" t="403" r="257" b="429" charConfidence="29">o</charParams>
<charParams l="261" t="406" r="273" b="428" charConfidence="41">r</charParams>
<charParams l="276" t="399" r="292" b="429" charConfidence="57">d</charParams>
<charParams l="296" t="406" r="308" b="429" charConfidence="30">e</charParams>
<charParams l="312" t="405" r="330" b="429" charConfidence="56">n</charParams>
<charParams l="331" t="405" r="362" b="429"> </charParams>
<charParams l="363" t="405" r="380" b="428" charConfidence="26">u</charParams>
<charParams l="384" t="405" r="401" b="428" charConfidence="50">n</charParams>
<charParams l="406" t="398" r="421" b="428" charConfidence="32">d</charParams>
<charParams l="422" t="398" r="462" b="428"> </charParams>
<charParams l="463" t="403" r="490" b="427" charConfidence="100">m</charParams>
<charParams l="495" t="403" r="511" b="427" suspicious="1" charConfidence="29">u</charParams>
<charParams l="517" t="395" r="533" b="432" suspicious="1" charConfidence="17">ß</charParams>
<charParams l="534" t="393" r="573" b="432"> </charParams>
<charParams l="574" t="393" r="600" b="426" charConfidence="27">E</charParams>
<charParams l="603" t="401" r="628" b="425" charConfidence="24">w</charParams>
<charParams l="631" t="416" r="640" b="425" charConfidence="93">.</charParams>
<charParams l="641" t="391" r="677" b="426"> </charParams>
<charParams l="678" t="391" r="711" b="426" charConfidence="29">G</charParams>
<charParams l="715" t="402" r="731" b="425" charConfidence="25">n</charParams>
<charParams l="736" t="402" r="751" b="425" charConfidence="44">a</charParams>
<charParams l="756" t="397" r="771" b="426" charConfidence="29">d</charParams>
<charParams l="775" t="405" r="787" b="427" charConfidence="40">e</charParams>
<charParams l="790" t="405" r="808" b="427" charConfidence="54">n</charParams>
<charParams l="809" t="405" r="845" b="436"> </charParams>
<charParams l="846" t="406" r="863" b="436" charConfidence="29">g</charParams>
<charParams l="867" t="406" r="878" b="429" charConfidence="26">e</charParams>
<charParams l="882" t="396" r="895" b="436" charConfidence="31">f</charParams>
<charParams l="895" t="405" r="910" b="429" charConfidence="32">a</charParams>
<charParams l="915" t="397" r="922" b="429" charConfidence="68">l</charParams>
<charParams l="923" t="397" r="931" b="429" charConfidence="46">l</charParams>
<charParams l="935" t="405" r="946" b="428" charConfidence="100">e</charParams>
<charParams l="949" t="405" r="967" b="428" charConfidence="30">n</charParams>
<charParams l="971" t="418" r="980" b="428" charConfidence="99">.</charParams></formatting></line>
<line baseline="488" l="178" t="454" r="980" b="497"><formatting lang="OldGerman">
<charParams l="178" t="458" r="222" b="491" charConfidence="32">M</charParams>
<charParams l="225" t="468" r="241" b="490" charConfidence="29">a</charParams>
<charParams l="245" t="467" r="264" b="490" charConfidence="44">n</charParams>
<charParams l="265" t="457" r="295" b="497"> </charParams>
<charParams l="296" t="457" r="314" b="497" suspicious="1" charConfidence="60">h</charParams>
<charParams l="318" t="466" r="333" b="488" charConfidence="31">a</charParams>
<charParams l="337" t="463" r="349" b="489" charConfidence="34">t</charParams>
<charParams l="350" t="463" r="380" b="489"> </charParams>
<charParams l="381" t="466" r="395" b="488" charConfidence="34">e</charParams>
<charParams l="398" t="458" r="406" b="488" charConfidence="38">i</charParams>
<charParams l="408" t="464" r="426" b="489" charConfidence="100">n</charParams>
<charParams l="430" t="465" r="442" b="488" charConfidence="26">e</charParams>
<charParams l="446" t="465" r="464" b="488" charConfidence="30">n</charParams>
<charParams l="465" t="465" r="492" b="488"> </charParams>
<charParams l="493" t="466" r="513" b="488" charConfidence="25">v</charParams>
<charParams l="517" t="465" r="531" b="488" charConfidence="40">o</charParams>
<charParams l="535" t="465" r="548" b="488" charConfidence="54">r</charParams>
<charParams l="552" t="461" r="561" b="488" charConfidence="35">t</charParams>
<charParams l="564" t="464" r="577" b="488" charConfidence="100">r</charParams>
<charParams l="580" t="464" r="592" b="487" charConfidence="36">e</charParams>
<charParams l="595" t="456" r="618" b="494" charConfidence="100">f</charParams>
<charParams l="595" t="456" r="618" b="494" charConfidence="100">f</charParams>
<charParams l="619" t="457" r="626" b="487" charConfidence="100">l</charParams>
<charParams l="630" t="457" r="637" b="487" charConfidence="56">i</charParams>
<charParams l="641" t="465" r="651" b="487" charConfidence="28">c</charParams>
<charParams l="652" t="456" r="667" b="494" charConfidence="55">h</charParams>
<charParams l="672" t="464" r="682" b="487" charConfidence="98">e</charParams>
<charParams l="687" t="465" r="705" b="487" charConfidence="30">n</charParams>
<charParams l="706" t="454" r="728" b="489"> </charParams>
<charParams l="729" t="454" r="758" b="489" charConfidence="55">A</charParams>
<charParams l="761" t="465" r="778" b="488" charConfidence="34">n</charParams>
<charParams l="782" t="458" r="797" b="489" charConfidence="49">b</charParams>
<charParams l="802" t="461" r="809" b="490" charConfidence="37">l</charParams>
<charParams l="812" t="459" r="820" b="490" charConfidence="67">i</charParams>
<charParams l="824" t="467" r="835" b="489" charConfidence="28">c</charParams>
<charParams l="835" t="458" r="848" b="489" charConfidence="43">k</charParams>
<charParams l="859" t="468" r="866" b="490" charConfidence="58">:</charParams>
<charParams l="867" t="468" r="890" b="491"> </charParams>
<charParams l="891" t="468" r="908" b="491" suspicious="1" charConfidence="24">n</charParams>
<charParams l="912" t="467" r="929" b="492" suspicious="1" charConfidence="-1">u</charParams>
<charParams l="933" t="463" r="944" b="490" charConfidence="74">t</charParams>
<charParams l="946" t="467" r="958" b="490" charConfidence="28">e</charParams>
<charParams l="962" t="465" r="980" b="489" charConfidence="23">n</charParams></formatting></line>
<line baseline="552" l="178" t="517" r="981" b="559"><formatting lang="OldGerman">
<charParams l="178" t="524" r="194" b="552" charConfidence="27">d</charParams>
<charParams l="198" t="529" r="213" b="552" charConfidence="35">a</charParams>
<charParams l="217" t="523" r="233" b="552" charConfidence="100">s</charParams>
<charParams l="234" t="518" r="257" b="552"> </charParams>
<charParams l="258" t="518" r="293" b="551" charConfidence="54">D</charParams>
<charParams l="298" t="527" r="313" b="550" charConfidence="59">o</charParams>
<charParams l="316" t="526" r="329" b="550" charConfidence="79">r</charParams>
<charParams l="331" t="517" r="348" b="556" charConfidence="83">f</charParams>
<charParams l="352" t="540" r="362" b="556" charConfidence="100">,</charParams>
<charParams l="363" t="526" r="404" b="556"> </charParams>
<charParams l="405" t="526" r="418" b="550" charConfidence="33">e</charParams>
<charParams l="422" t="519" r="429" b="549" charConfidence="100">i</charParams>
<charParams l="433" t="527" r="450" b="550" charConfidence="53">n</charParams>
<charParams l="451" t="525" r="481" b="551"> </charParams>
<charParams l="482" t="525" r="508" b="551" charConfidence="54">w</charParams>
<charParams l="513" t="527" r="525" b="550" charConfidence="34">e</charParams>
<charParams l="529" t="527" r="544" b="550" charConfidence="23">n</charParams>
<charParams l="550" t="519" r="557" b="549" charConfidence="47">i</charParams>
<charParams l="559" t="528" r="576" b="559" charConfidence="29">g</charParams>
<charParams l="577" t="527" r="599" b="559"> </charParams>
<charParams l="600" t="527" r="613" b="551" charConfidence="54">r</charParams>
<charParams l="617" t="528" r="628" b="551" charConfidence="100">e</charParams>
<charParams l="632" t="528" r="642" b="549" charConfidence="28">c</charParams>
<charParams l="643" t="520" r="658" b="557" charConfidence="45">h</charParams>
<charParams l="664" t="524" r="673" b="551" charConfidence="24">t</charParams>
<charParams l="676" t="528" r="687" b="551" charConfidence="100">e</charParams>
<charParams l="692" t="527" r="704" b="552" charConfidence="100">r</charParams>
<charParams l="705" t="518" r="727" b="558"> </charParams>
<charParams l="728" t="518" r="760" b="558" charConfidence="28">H</charParams>
<charParams l="764" t="529" r="779" b="553" charConfidence="100">a</charParams>
<charParams l="783" t="529" r="800" b="553" charConfidence="33">n</charParams>
<charParams l="804" t="523" r="820" b="553" charConfidence="31">d</charParams>
<charParams l="821" t="523" r="845" b="553"> </charParams>
<charParams l="846" t="524" r="861" b="553" charConfidence="28">d</charParams>
<charParams l="865" t="522" r="874" b="553" charConfidence="100">i</charParams>
<charParams l="877" t="530" r="889" b="553" charConfidence="44">e</charParams>
<charParams l="890" t="521" r="913" b="555"> </charParams>
<charParams l="914" t="521" r="943" b="555" charConfidence="0">K</charParams>
<charParams l="946" t="523" r="953" b="553" charConfidence="39">i</charParams>
<charParams l="957" t="528" r="969" b="553" charConfidence="23">r</charParams>
<charParams l="971" t="531" r="981" b="548" charConfidence="22">¬</charParams></formatting></line>
<line baseline="616" l="177" t="580" r="983" b="626"><formatting lang="OldGerman">
<charParams l="177" t="583" r="204" b="623" charConfidence="70">c</charParams>
<charParams l="177" t="583" r="204" b="623" charConfidence="70">h</charParams>
<charParams l="208" t="591" r="221" b="615" charConfidence="43">e</charParams>
<charParams l="230" t="606" r="240" b="622" charConfidence="100">,</charParams>
<charParams l="241" t="580" r="281" b="622"> </charParams>
<charParams l="282" t="580" r="300" b="615" charConfidence="22">ü</charParams>
<charParams l="305" t="581" r="320" b="615" charConfidence="46">b</charParams>
<charParams l="324" t="590" r="336" b="614" charConfidence="62">e</charParams>
<charParams l="339" t="590" r="353" b="615" charConfidence="58">r</charParams>
<charParams l="354" t="583" r="385" b="615"> </charParams>
<charParams l="386" t="583" r="402" b="614" charConfidence="57">d</charParams>
<charParams l="407" t="591" r="418" b="615" charConfidence="25">e</charParams>
<charParams l="421" t="590" r="434" b="615" charConfidence="100">r</charParams>
<charParams l="437" t="591" r="449" b="615" charConfidence="52">e</charParams>
<charParams l="452" t="591" r="470" b="616" charConfidence="53">n</charParams>
<charParams l="471" t="582" r="503" b="617"> </charParams>
<charParams l="504" t="582" r="531" b="617" charConfidence="45">T</charParams>
<charParams l="536" t="582" r="552" b="625" charConfidence="80">h</charParams>
<charParams l="557" t="592" r="573" b="616" suspicious="1" charConfidence="24">n</charParams>
<charParams l="578" t="591" r="589" b="616" charConfidence="100">r</charParams>
<charParams l="593" t="591" r="600" b="615" suspicious="1" charConfidence="100">i</charParams>
<charParams l="602" t="592" r="620" b="616" charConfidence="55">n</charParams>
<charParams l="625" t="583" r="637" b="624" charConfidence="36">s</charParams>
<charParams l="636" t="592" r="652" b="621" charConfidence="32">p</charParams>
<charParams l="657" t="585" r="664" b="616" charConfidence="55">i</charParams>
<charParams l="668" t="588" r="685" b="625" suspicious="1" charConfidence="100">t</charParams>
<charParams l="668" t="588" r="685" b="625" suspicious="1" charConfidence="100">z</charParams>
<charParams l="689" t="594" r="702" b="617" charConfidence="29">e</charParams>
<charParams l="703" t="593" r="731" b="617"> </charParams>
<charParams l="732" t="593" r="760" b="617" charConfidence="66">m</charParams>
<charParams l="765" t="594" r="779" b="618" charConfidence="55">a</charParams>
<charParams l="784" t="594" r="802" b="618" charConfidence="24">n</charParams>
<charParams l="803" t="585" r="832" b="624"> </charParams>
<charParams l="833" t="585" r="848" b="624" charConfidence="45">f</charParams>
<charParams l="847" t="595" r="862" b="618" charConfidence="24">a</charParams>
<charParams l="867" t="586" r="888" b="626" charConfidence="22">s</charParams>
<charParams l="867" t="586" r="888" b="626" charConfidence="22">t</charParams>
<charParams l="889" t="585" r="920" b="626"> </charParams>
<charParams l="921" t="585" r="938" b="624" charConfidence="27">h</charParams>
<charParams l="942" t="586" r="949" b="616" charConfidence="25">i</charParams>
<charParams l="953" t="592" r="970" b="615" charConfidence="28">n</charParams>
<charParams l="973" t="591" r="983" b="607" charConfidence="22">¬</charParams></formatting></line>
<line baseline="679" l="176" t="645" r="983" b="688"><formatting lang="OldGerman">
<charParams l="176" t="653" r="204" b="678" charConfidence="54">w</charParams>
<charParams l="208" t="655" r="220" b="678" charConfidence="26">e</charParams>
<charParams l="222" t="655" r="238" b="686" charConfidence="61">g</charParams>
<charParams l="243" t="646" r="261" b="687" charConfidence="22">s</charParams>
<charParams l="243" t="646" r="261" b="687" charConfidence="22">i</charParams>
<charParams l="264" t="655" r="275" b="678" charConfidence="26">e</charParams>
<charParams l="278" t="649" r="295" b="687" charConfidence="26">h</charParams>
<charParams l="299" t="651" r="310" b="678" charConfidence="100">t</charParams>
<charParams l="320" t="655" r="331" b="686" charConfidence="67">;</charParams>
<charParams l="332" t="654" r="378" b="686"> </charParams>
<charParams l="379" t="654" r="396" b="686" charConfidence="63">g</charParams>
<charParams l="400" t="655" r="412" b="679" charConfidence="62">e</charParams>
<charParams l="414" t="655" r="431" b="687" charConfidence="65">g</charParams>
<charParams l="435" t="655" r="447" b="679" charConfidence="37">e</charParams>
<charParams l="450" t="655" r="468" b="679" charConfidence="37">n</charParams>
<charParams l="472" t="646" r="488" b="679" charConfidence="22">ü</charParams>
<charParams l="493" t="646" r="508" b="680" charConfidence="57">b</charParams>
<charParams l="512" t="655" r="524" b="679" charConfidence="27">e</charParams>
<charParams l="527" t="655" r="540" b="679" charConfidence="33">r</charParams>
<charParams l="541" t="649" r="589" b="679"> </charParams>
<charParams l="590" t="649" r="605" b="679" charConfidence="28">d</charParams>
<charParams l="609" t="655" r="625" b="679" charConfidence="28">a</charParams>
<charParams l="629" t="651" r="644" b="679" charConfidence="100">s</charParams>
<charParams l="645" t="645" r="684" b="680"> </charParams>
<charParams l="685" t="645" r="721" b="680" charConfidence="40">S</charParams>
<charParams l="725" t="648" r="751" b="688" charConfidence="65">c</charParams>
<charParams l="725" t="648" r="751" b="688" charConfidence="65">h</charParams>
<charParams l="755" t="648" r="764" b="680" charConfidence="45">l</charParams>
<charParams l="767" t="657" r="781" b="680" charConfidence="45">o</charParams>
<charParams l="785" t="649" r="802" b="687" charConfidence="28">ß</charParams>
<charParams l="803" t="649" r="840" b="687"> </charParams>
<charParams l="841" t="657" r="858" b="680" charConfidence="40">u</charParams>
<charParams l="862" t="656" r="879" b="680" charConfidence="85">n</charParams>
<charParams l="883" t="650" r="899" b="680" charConfidence="26">d</charParams>
<charParams l="900" t="647" r="937" b="680"> </charParams>
<charParams l="938" t="647" r="954" b="677" charConfidence="82">d</charParams>
<charParams l="958" t="645" r="966" b="678" charConfidence="41">i</charParams>
<charParams l="969" t="652" r="983" b="674" charConfidence="32">e</charParams></formatting></line>
<line baseline="741" l="179" t="706" r="311" b="742"><formatting lang="OldGerman">
<charParams l="179" t="706" r="212" b="742" charConfidence="54">G</charParams>
<charParams l="216" t="710" r="231" b="742" charConfidence="-1">ä</charParams>
<charParams l="236" t="718" r="248" b="741" charConfidence="85">r</charParams>
<charParams l="253" t="715" r="262" b="741" charConfidence="31">t</charParams>
<charParams l="265" t="718" r="277" b="741" charConfidence="29">e</charParams>
<charParams l="280" t="718" r="299" b="741" charConfidence="47">n</charParams>
<charParams l="302" t="732" r="311" b="741" charConfidence="59">.</charParams></formatting></line></par>
<par align="Justified" startIndent="1880" lineSpacing="1464">
<line baseline="862" l="245" t="829" r="982" b="873"><formatting lang="OldGerman">
<charParams l="245" t="831" r="278" b="864" charConfidence="26">G</charParams>
<charParams l="282" t="841" r="297" b="863" charConfidence="37">a</charParams>
<charParams l="302" t="840" r="318" b="863" charConfidence="38">n</charParams>
<charParams l="321" t="839" r="335" b="873" charConfidence="27">z</charParams>
<charParams l="336" t="839" r="374" b="873"> </charParams>
<charParams l="375" t="839" r="389" b="862" charConfidence="33">r</charParams>
<charParams l="391" t="839" r="403" b="862" charConfidence="28">e</charParams>
<charParams l="407" t="831" r="433" b="869" charConfidence="62">c</charParams>
<charParams l="407" t="831" r="433" b="869" charConfidence="62">h</charParams>
<charParams l="437" t="834" r="449" b="862" charConfidence="100">t</charParams>
<charParams l="456" t="853" r="466" b="869" charConfidence="79">,</charParams>
<charParams l="467" t="839" r="520" b="869"> </charParams>
<charParams l="521" t="839" r="538" b="861" charConfidence="76">v</charParams>
<charParams l="542" t="837" r="554" b="860" charConfidence="55">e</charParams>
<charParams l="557" t="837" r="570" b="860" charConfidence="25">r</charParams>
<charParams l="573" t="829" r="588" b="867" charConfidence="40">s</charParams>
<charParams l="585" t="838" r="597" b="860" charConfidence="39">e</charParams>
<charParams l="600" t="833" r="618" b="868" charConfidence="100">t</charParams>
<charParams l="600" t="833" r="618" b="868" charConfidence="100">z</charParams>
<charParams l="621" t="834" r="631" b="861" charConfidence="100">t</charParams>
<charParams l="634" t="839" r="648" b="862" charConfidence="59">e</charParams>
<charParams l="649" t="829" r="690" b="863"> </charParams>
<charParams l="691" t="829" r="717" b="863" charConfidence="30">E</charParams>
<charParams l="721" t="831" r="737" b="862" charConfidence="30">d</charParams>
<charParams l="740" t="839" r="757" b="862" charConfidence="35">u</charParams>
<charParams l="761" t="840" r="776" b="863" charConfidence="28">a</charParams>
<charParams l="781" t="839" r="794" b="862" charConfidence="24">r</charParams>
<charParams l="796" t="833" r="812" b="862" charConfidence="28">d</charParams>
<charParams l="824" t="841" r="833" b="869" charConfidence="32">;</charParams>
<charParams l="834" t="839" r="889" b="869"> </charParams>
<charParams l="890" t="839" r="902" b="861" charConfidence="26">e</charParams>
<charParams l="906" t="831" r="914" b="861" charConfidence="33">i</charParams>
<charParams l="918" t="838" r="934" b="861" charConfidence="25">n</charParams>
<charParams l="938" t="831" r="945" b="860" charConfidence="83">i</charParams>
<charParams l="948" t="838" r="964" b="868" charConfidence="56">g</charParams>
<charParams l="968" t="837" r="982" b="860" charConfidence="34">e</charParams></formatting></line>
<line baseline="922" l="175" t="888" r="980" b="931"><formatting lang="OldGerman">
<charParams l="175" t="892" r="212" b="926" charConfidence="30">S</charParams>
<charParams l="215" t="894" r="243" b="930" charConfidence="80">c</charParams>
<charParams l="215" t="894" r="243" b="930" charConfidence="80">h</charParams>
<charParams l="246" t="901" r="259" b="923" charConfidence="100">r</charParams>
<charParams l="263" t="894" r="271" b="923" charConfidence="31">i</charParams>
<charParams l="273" t="898" r="284" b="923" charConfidence="100">t</charParams>
<charParams l="287" t="898" r="297" b="923" charConfidence="43">t</charParams>
<charParams l="300" t="900" r="314" b="923" charConfidence="38">e</charParams>
<charParams l="315" t="900" r="334" b="923"> </charParams>
<charParams l="335" t="901" r="353" b="923" charConfidence="100">v</charParams>
<charParams l="357" t="900" r="371" b="923" charConfidence="36">o</charParams>
<charParams l="375" t="899" r="395" b="923" charConfidence="27">n</charParams>
<charParams l="396" t="890" r="430" b="931"> </charParams>
<charParams l="431" t="890" r="450" b="931" suspicious="1" charConfidence="72">h</charParams>
<charParams l="453" t="892" r="462" b="923" charConfidence="73">i</charParams>
<charParams l="465" t="899" r="477" b="923" charConfidence="34">e</charParams>
<charParams l="480" t="898" r="494" b="923" charConfidence="26">r</charParams>
<charParams l="495" t="890" r="515" b="923"> </charParams>
<charParams l="516" t="890" r="529" b="922" charConfidence="42">k</charParams>
<charParams l="531" t="899" r="546" b="922" charConfidence="34">o</charParams>
<charParams l="550" t="898" r="567" b="922" charConfidence="27">n</charParams>
<charParams l="570" t="898" r="588" b="922" charConfidence="98">n</charParams>
<charParams l="591" t="896" r="602" b="923" charConfidence="50">t</charParams>
<charParams l="604" t="899" r="618" b="922" charConfidence="37">e</charParams>
<charParams l="619" t="893" r="642" b="922"> </charParams>
<charParams l="643" t="893" r="651" b="922" charConfidence="29">i</charParams>
<charParams l="654" t="891" r="681" b="929" charConfidence="34">c</charParams>
<charParams l="654" t="891" r="681" b="929" charConfidence="34">h</charParams>
<charParams l="682" t="891" r="706" b="929"> </charParams>
<charParams l="707" t="892" r="723" b="921" charConfidence="29">d</charParams>
<charParams l="729" t="892" r="737" b="922" charConfidence="37">i</charParams>
<charParams l="740" t="899" r="753" b="922" charConfidence="55">e</charParams>
<charParams l="754" t="890" r="775" b="923"> </charParams>
<charParams l="776" t="890" r="795" b="923" charConfidence="36">L</charParams>
<charParams l="799" t="899" r="811" b="922" charConfidence="39">e</charParams>
<charParams l="814" t="898" r="831" b="922" charConfidence="28">u</charParams>
<charParams l="835" t="895" r="845" b="921" charConfidence="58">t</charParams>
<charParams l="848" t="898" r="861" b="921" charConfidence="55">e</charParams>
<charParams l="862" t="897" r="885" b="921"> </charParams>
<charParams l="886" t="897" r="902" b="920" charConfidence="40">a</charParams>
<charParams l="906" t="897" r="920" b="920" charConfidence="27">r</charParams>
<charParams l="923" t="888" r="938" b="920" charConfidence="35">b</charParams>
<charParams l="942" t="896" r="954" b="919" charConfidence="25">e</charParams>
<charParams l="958" t="889" r="966" b="919" charConfidence="34">i</charParams>
<charParams l="969" t="899" r="980" b="915" charConfidence="22">¬</charParams></formatting></line>
<line baseline="984" l="176" t="950" r="341" b="992"><formatting lang="OldGerman">
<charParams l="176" t="960" r="186" b="987" charConfidence="46">t</charParams>
<charParams l="189" t="963" r="201" b="986" charConfidence="30">e</charParams>
<charParams l="205" t="963" r="223" b="985" charConfidence="26">n</charParams>
<charParams l="224" t="952" r="247" b="991"> </charParams>
<charParams l="248" t="952" r="261" b="991" charConfidence="100">s</charParams>
<charParams l="260" t="960" r="272" b="983" charConfidence="30">e</charParams>
<charParams l="275" t="950" r="292" b="992" charConfidence="83">h</charParams>
<charParams l="296" t="960" r="308" b="983" charConfidence="25">e</charParams>
<charParams l="311" t="959" r="329" b="983" charConfidence="91">n</charParams>
<charParams l="331" t="973" r="341" b="982" charConfidence="72">.</charParams></formatting></line></par>
<par align="Justified" startIndent="1880" lineSpacing="1488">
<line baseline="1108" l="246" t="1071" r="977" b="1117"><formatting lang="OldGerman">
<charParams l="246" t="1077" r="281" b="1110" charConfidence="100">D</charParams>
<charParams l="285" t="1086" r="300" b="1108" charConfidence="39">a</charParams>
<charParams l="304" t="1084" r="322" b="1108" charConfidence="100">n</charParams>
<charParams l="326" t="1083" r="344" b="1108" charConfidence="29">n</charParams>
<charParams l="354" t="1097" r="365" b="1114" charConfidence="67">,</charParams>
<charParams l="366" t="1074" r="387" b="1114"> </charParams>
<charParams l="388" t="1074" r="404" b="1113" charConfidence="100">f</charParams>
<charParams l="403" t="1083" r="419" b="1106" charConfidence="61">u</charParams>
<charParams l="424" t="1072" r="441" b="1114" charConfidence="57">h</charParams>
<charParams l="444" t="1081" r="459" b="1113" suspicious="1" charConfidence="22">x</charParams>
<charParams l="460" t="1074" r="481" b="1113"> </charParams>
<charParams l="482" t="1074" r="498" b="1105" charConfidence="27">d</charParams>
<charParams l="502" t="1082" r="513" b="1106" charConfidence="57">e</charParams>
<charParams l="517" t="1082" r="531" b="1106" charConfidence="55">r</charParams>
<charParams l="532" t="1071" r="555" b="1107"> </charParams>
<charParams l="556" t="1071" r="589" b="1107" charConfidence="56">G</charParams>
<charParams l="593" t="1073" r="608" b="1106" charConfidence="22">ä</charParams>
<charParams l="613" t="1082" r="625" b="1107" charConfidence="25">r</charParams>
<charParams l="629" t="1078" r="638" b="1106" charConfidence="30">t</charParams>
<charParams l="642" t="1083" r="658" b="1106" charConfidence="41">n</charParams>
<charParams l="663" t="1084" r="675" b="1108" charConfidence="25">e</charParams>
<charParams l="678" t="1083" r="691" b="1107" charConfidence="54">r</charParams>
<charParams l="692" t="1074" r="715" b="1114"> </charParams>
<charParams l="716" t="1074" r="730" b="1114" charConfidence="100">f</charParams>
<charParams l="730" t="1084" r="744" b="1109" charConfidence="56">o</charParams>
<charParams l="748" t="1084" r="761" b="1109" charConfidence="53">r</charParams>
<charParams l="765" t="1082" r="775" b="1109" charConfidence="27">t</charParams>
<charParams l="781" t="1099" r="791" b="1115" charConfidence="71">,</charParams>
<charParams l="792" t="1076" r="815" b="1115"> </charParams>
<charParams l="816" t="1076" r="831" b="1109" charConfidence="26">ö</charParams>
<charParams l="836" t="1077" r="858" b="1117" charConfidence="100">f</charParams>
<charParams l="836" t="1077" r="858" b="1117" charConfidence="100">f</charParams>
<charParams l="858" t="1085" r="874" b="1109" charConfidence="25">n</charParams>
<charParams l="879" t="1086" r="890" b="1109" charConfidence="26">e</charParams>
<charParams l="894" t="1082" r="904" b="1110" charConfidence="92">t</charParams>
<charParams l="905" t="1078" r="928" b="1117"> </charParams>
<charParams l="929" t="1078" r="947" b="1117" charConfidence="100">s</charParams>
<charParams l="929" t="1078" r="947" b="1117" charConfidence="100">i</charParams>
<charParams l="949" t="1077" r="977" b="1116" charConfidence="55">c</charParams>
<charParams l="949" t="1077" r="977" b="1116" charConfidence="55">h</charParams></formatting></line>
<line baseline="1171" l="179" t="1136" r="978" b="1180"><formatting lang="OldGerman">
<charParams l="179" t="1151" r="193" b="1175" charConfidence="69">r</charParams>
<charParams l="196" t="1150" r="209" b="1174" charConfidence="31">e</charParams>
<charParams l="212" t="1142" r="238" b="1176" charConfidence="55">c</charParams>
<charParams l="212" t="1142" r="238" b="1176" charConfidence="55">h</charParams>
<charParams l="241" t="1145" r="252" b="1172" charConfidence="86">t</charParams>
<charParams l="255" t="1144" r="271" b="1171" charConfidence="100">s</charParams>
<charParams l="272" t="1141" r="295" b="1171"> </charParams>
<charParams l="296" t="1141" r="312" b="1170" charConfidence="28">d</charParams>
<charParams l="316" t="1147" r="332" b="1169" charConfidence="65">a</charParams>
<charParams l="336" t="1141" r="352" b="1169" suspicious="1" charConfidence="100">s</charParams>
<charParams l="353" t="1136" r="376" b="1170"> </charParams>
<charParams l="377" t="1136" r="405" b="1170" charConfidence="43">T</charParams>
<charParams l="408" t="1137" r="425" b="1176" charConfidence="100">h</charParams>
<charParams l="428" t="1144" r="445" b="1169" charConfidence="28">a</charParams>
<charParams l="448" t="1137" r="459" b="1169" charConfidence="98">l</charParams>
<charParams l="460" t="1137" r="480" b="1170"> </charParams>
<charParams l="481" t="1144" r="500" b="1170" charConfidence="44">u</charParams>
<charParams l="501" t="1142" r="521" b="1172" charConfidence="25">n</charParams>
<charParams l="523" t="1139" r="543" b="1171" charConfidence="26">d</charParams>
<charParams l="544" t="1139" r="564" b="1172"> </charParams>
<charParams l="565" t="1147" r="593" b="1172" charConfidence="34">m</charParams>
<charParams l="597" t="1148" r="612" b="1170" charConfidence="100">a</charParams>
<charParams l="616" t="1148" r="634" b="1171" charConfidence="54">n</charParams>
<charParams l="635" t="1140" r="659" b="1179"> </charParams>
<charParams l="660" t="1140" r="678" b="1179" charConfidence="100">s</charParams>
<charParams l="660" t="1140" r="678" b="1179" charConfidence="100">i</charParams>
<charParams l="681" t="1149" r="694" b="1172" charConfidence="34">e</charParams>
<charParams l="696" t="1139" r="713" b="1180" charConfidence="85">h</charParams>
<charParams l="718" t="1145" r="728" b="1172" charConfidence="35">t</charParams>
<charParams l="729" t="1140" r="751" b="1172"> </charParams>
<charParams l="752" t="1140" r="770" b="1172" charConfidence="36">ü</charParams>
<charParams l="774" t="1139" r="788" b="1172" charConfidence="28">b</charParams>
<charParams l="793" t="1149" r="805" b="1172" charConfidence="39">e</charParams>
<charParams l="808" t="1149" r="821" b="1172" charConfidence="31">r</charParams>
<charParams l="822" t="1143" r="845" b="1172"> </charParams>
<charParams l="846" t="1143" r="861" b="1171" charConfidence="26">d</charParams>
<charParams l="865" t="1141" r="873" b="1171" charConfidence="30">i</charParams>
<charParams l="877" t="1148" r="890" b="1171" charConfidence="34">e</charParams>
<charParams l="891" t="1148" r="924" b="1171"> </charParams>
<charParams l="925" t="1148" r="938" b="1171" charConfidence="50">r</charParams>
<charParams l="942" t="1148" r="953" b="1170" charConfidence="54">e</charParams>
<charParams l="957" t="1140" r="965" b="1171" charConfidence="48">i</charParams>
<charParams l="969" t="1150" r="978" b="1166" charConfidence="22">¬</charParams></formatting></line>
<line baseline="1233" l="177" t="1199" r="976" b="1244"><formatting lang="OldGerman">
<charParams l="177" t="1204" r="204" b="1243" charConfidence="61">c</charParams>
<charParams l="177" t="1204" r="204" b="1243" charConfidence="61">h</charParams>
<charParams l="209" t="1212" r="221" b="1235" charConfidence="38">e</charParams>
<charParams l="224" t="1211" r="242" b="1234" charConfidence="100">n</charParams>
<charParams l="243" t="1199" r="267" b="1234"> </charParams>
<charParams l="268" t="1199" r="301" b="1234" charConfidence="30">D</charParams>
<charParams l="305" t="1209" r="320" b="1232" charConfidence="34">a</charParams>
<charParams l="325" t="1209" r="341" b="1232" charConfidence="47">u</charParams>
<charParams l="345" t="1207" r="372" b="1231" charConfidence="40">m</charParams>
<charParams l="377" t="1206" r="403" b="1230" charConfidence="52">w</charParams>
<charParams l="407" t="1200" r="415" b="1231" charConfidence="27">i</charParams>
<charParams l="418" t="1207" r="430" b="1231" charConfidence="56">e</charParams>
<charParams l="434" t="1199" r="446" b="1237" charConfidence="37">s</charParams>
<charParams l="445" t="1208" r="457" b="1230" charConfidence="25">e</charParams>
<charParams l="460" t="1208" r="477" b="1230" charConfidence="31">n</charParams>
<charParams l="478" t="1201" r="502" b="1232"> </charParams>
<charParams l="503" t="1201" r="511" b="1232" charConfidence="28">i</charParams>
<charParams l="515" t="1209" r="532" b="1232" charConfidence="25">n</charParams>
<charParams l="533" t="1209" r="556" b="1232"> </charParams>
<charParams l="557" t="1210" r="570" b="1232" charConfidence="31">e</charParams>
<charParams l="574" t="1202" r="580" b="1233" charConfidence="-1">i</charParams>
<charParams l="584" t="1210" r="600" b="1233" charConfidence="30">n</charParams>
<charParams l="605" t="1211" r="618" b="1233" charConfidence="27">e</charParams>
<charParams l="619" t="1201" r="641" b="1244"> </charParams>
<charParams l="642" t="1201" r="660" b="1244" suspicious="1" charConfidence="63">h</charParams>
<charParams l="664" t="1211" r="676" b="1234" charConfidence="27">e</charParams>
<charParams l="680" t="1203" r="687" b="1234" charConfidence="98">i</charParams>
<charParams l="690" t="1208" r="701" b="1234" charConfidence="35">t</charParams>
<charParams l="704" t="1210" r="715" b="1234" charConfidence="55">e</charParams>
<charParams l="719" t="1211" r="732" b="1235" charConfidence="100">r</charParams>
<charParams l="735" t="1211" r="748" b="1235" charConfidence="32">e</charParams>
<charParams l="749" t="1201" r="765" b="1241"> </charParams>
<charParams l="766" t="1201" r="789" b="1241" charConfidence="42">F</charParams>
<charParams l="791" t="1211" r="803" b="1234" charConfidence="27">e</charParams>
<charParams l="806" t="1210" r="819" b="1234" charConfidence="100">r</charParams>
<charParams l="822" t="1210" r="839" b="1233" charConfidence="29">n</charParams>
<charParams l="844" t="1210" r="856" b="1233" charConfidence="24">e</charParams>
<charParams l="858" t="1225" r="865" b="1233" charConfidence="100">.</charParams>
<charParams l="866" t="1199" r="907" b="1233"> </charParams>
<charParams l="908" t="1199" r="943" b="1233" charConfidence="75">D</charParams>
<charParams l="947" t="1209" r="959" b="1233" charConfidence="100">e</charParams>
<charParams l="963" t="1209" r="976" b="1233" charConfidence="54">r</charParams></formatting></line>
<line baseline="1295" l="175" t="1261" r="976" b="1305"><formatting lang="OldGerman">
<charParams l="175" t="1264" r="211" b="1299" charConfidence="79">S</charParams>
<charParams l="215" t="1273" r="224" b="1297" charConfidence="100">t</charParams>
<charParams l="229" t="1267" r="236" b="1296" charConfidence="94">i</charParams>
<charParams l="240" t="1274" r="252" b="1297" charConfidence="58">e</charParams>
<charParams l="253" t="1276" r="270" b="1305" charConfidence="52">g</charParams>
<charParams l="271" t="1267" r="295" b="1305"> </charParams>
<charParams l="296" t="1267" r="311" b="1295" charConfidence="27">d</charParams>
<charParams l="315" t="1264" r="324" b="1294" charConfidence="46">i</charParams>
<charParams l="327" t="1272" r="340" b="1295" charConfidence="28">e</charParams>
<charParams l="341" t="1261" r="362" b="1301"> </charParams>
<charParams l="363" t="1261" r="388" b="1301" charConfidence="32">F</charParams>
<charParams l="390" t="1270" r="401" b="1292" charConfidence="27">e</charParams>
<charParams l="405" t="1265" r="412" b="1292" charConfidence="27">l</charParams>
<charParams l="415" t="1261" r="429" b="1300" charConfidence="50">s</charParams>
<charParams l="428" t="1270" r="439" b="1292" charConfidence="100">e</charParams>
<charParams l="443" t="1270" r="459" b="1293" charConfidence="25">n</charParams>
<charParams l="460" t="1261" r="485" b="1303"> </charParams>
<charParams l="486" t="1261" r="502" b="1303" suspicious="1" charConfidence="100">h</charParams>
<charParams l="508" t="1264" r="515" b="1293" charConfidence="-1">i</charParams>
<charParams l="519" t="1271" r="535" b="1293" charConfidence="24">n</charParams>
<charParams l="539" t="1271" r="555" b="1294" charConfidence="100">a</charParams>
<charParams l="560" t="1273" r="575" b="1295" charConfidence="24">u</charParams>
<charParams l="580" t="1263" r="595" b="1302" charConfidence="61">f</charParams>
<charParams l="596" t="1263" r="614" b="1302"> </charParams>
<charParams l="615" t="1266" r="624" b="1295" charConfidence="29">i</charParams>
<charParams l="627" t="1265" r="648" b="1304" charConfidence="36">s</charParams>
<charParams l="627" t="1265" r="648" b="1304" charConfidence="36">t</charParams>
<charParams l="649" t="1265" r="670" b="1304"> </charParams>
<charParams l="671" t="1273" r="688" b="1304" charConfidence="100">g</charParams>
<charParams l="692" t="1274" r="707" b="1296" charConfidence="100">a</charParams>
<charParams l="711" t="1273" r="725" b="1297" charConfidence="100">r</charParams>
<charParams l="726" t="1264" r="756" b="1305"> </charParams>
<charParams l="757" t="1264" r="774" b="1305" charConfidence="62">h</charParams>
<charParams l="779" t="1264" r="795" b="1295" charConfidence="22">ü</charParams>
<charParams l="800" t="1264" r="815" b="1295" charConfidence="46">b</charParams>
<charParams l="819" t="1264" r="832" b="1302" charConfidence="41">s</charParams>
<charParams l="830" t="1273" r="840" b="1294" charConfidence="53">c</charParams>
<charParams l="841" t="1264" r="857" b="1302" charConfidence="43">h</charParams>
<charParams l="858" t="1264" r="890" b="1302"> </charParams>
<charParams l="891" t="1272" r="906" b="1294" charConfidence="24">a</charParams>
<charParams l="911" t="1271" r="927" b="1294" charConfidence="39">n</charParams>
<charParams l="931" t="1271" r="948" b="1301" charConfidence="52">g</charParams>
<charParams l="952" t="1270" r="963" b="1293" charConfidence="55">e</charParams>
<charParams l="965" t="1273" r="976" b="1289" charConfidence="100">¬</charParams></formatting></line>
<line baseline="1358" l="175" t="1324" r="972" b="1368"><formatting lang="OldGerman">
<charParams l="175" t="1329" r="184" b="1361" charConfidence="58">l</charParams>
<charParams l="187" t="1337" r="199" b="1360" charConfidence="27">e</charParams>
<charParams l="202" t="1337" r="218" b="1368" charConfidence="53">g</charParams>
<charParams l="222" t="1334" r="232" b="1359" charConfidence="26">t</charParams>
<charParams l="235" t="1351" r="243" b="1361" charConfidence="91">.</charParams>
<charParams l="244" t="1326" r="289" b="1361"> </charParams>
<charParams l="290" t="1326" r="326" b="1359" charConfidence="93">D</charParams>
<charParams l="329" t="1328" r="337" b="1358" charConfidence="33">i</charParams>
<charParams l="340" t="1336" r="354" b="1359" charConfidence="71">e</charParams>
<charParams l="355" t="1333" r="382" b="1365"> </charParams>
<charParams l="383" t="1333" r="400" b="1365" charConfidence="47">g</charParams>
<charParams l="403" t="1333" r="420" b="1356" charConfidence="100">n</charParams>
<charParams l="424" t="1324" r="439" b="1356" charConfidence="56">ä</charParams>
<charParams l="443" t="1327" r="458" b="1356" charConfidence="26">d</charParams>
<charParams l="463" t="1325" r="471" b="1355" charConfidence="100">i</charParams>
<charParams l="473" t="1333" r="489" b="1363" charConfidence="57">g</charParams>
<charParams l="493" t="1333" r="507" b="1356" charConfidence="37">e</charParams>
<charParams l="508" t="1324" r="536" b="1363"> </charParams>
<charParams l="537" t="1324" r="561" b="1363" charConfidence="61">F</charParams>
<charParams l="564" t="1334" r="576" b="1356" charConfidence="30">r</charParams>
<charParams l="579" t="1334" r="594" b="1356" charConfidence="100">a</charParams>
<charParams l="598" t="1334" r="615" b="1358" charConfidence="31">u</charParams>
<charParams l="616" t="1334" r="647" b="1359"> </charParams>
<charParams l="648" t="1335" r="666" b="1359" charConfidence="100">v</charParams>
<charParams l="670" t="1335" r="681" b="1358" charConfidence="55">e</charParams>
<charParams l="684" t="1336" r="698" b="1359" charConfidence="73">r</charParams>
<charParams l="701" t="1328" r="721" b="1367" charConfidence="32">s</charParams>
<charParams l="701" t="1328" r="721" b="1367" charConfidence="32">t</charParams>
<charParams l="724" t="1335" r="736" b="1359" charConfidence="39">e</charParams>
<charParams l="739" t="1326" r="756" b="1368" charConfidence="67">h</charParams>
<charParams l="761" t="1331" r="772" b="1359" charConfidence="31">t</charParams>
<charParams l="773" t="1331" r="803" b="1359"> </charParams>
<charParams l="804" t="1335" r="817" b="1359" charConfidence="25">e</charParams>
<charParams l="820" t="1329" r="835" b="1358" charConfidence="100">s</charParams>
<charParams l="848" t="1335" r="858" b="1365" charConfidence="88">;</charParams>
<charParams l="859" t="1333" r="902" b="1365"> </charParams>
<charParams l="903" t="1333" r="931" b="1356" charConfidence="26">m</charParams>
<charParams l="936" t="1333" r="950" b="1356" charConfidence="24">a</charParams>
<charParams l="955" t="1332" r="972" b="1357" charConfidence="24">n</charParams></formatting></line>
<line baseline="1421" l="173" t="1385" r="765" b="1429"><formatting lang="OldGerman">
<charParams l="173" t="1398" r="189" b="1422" charConfidence="25">a</charParams>
<charParams l="192" t="1398" r="206" b="1423" charConfidence="47">r</charParams>
<charParams l="209" t="1390" r="225" b="1422" charConfidence="28">b</charParams>
<charParams l="229" t="1398" r="241" b="1422" charConfidence="100">e</charParams>
<charParams l="245" t="1391" r="253" b="1422" charConfidence="27">i</charParams>
<charParams l="256" t="1396" r="266" b="1422" charConfidence="45">t</charParams>
<charParams l="269" t="1398" r="281" b="1423" charConfidence="25">e</charParams>
<charParams l="285" t="1395" r="296" b="1422" charConfidence="36">t</charParams>
<charParams l="297" t="1395" r="317" b="1422"> </charParams>
<charParams l="318" t="1397" r="336" b="1422" charConfidence="35">u</charParams>
<charParams l="340" t="1397" r="357" b="1423" charConfidence="97">n</charParams>
<charParams l="361" t="1395" r="371" b="1423" charConfidence="26">t</charParams>
<charParams l="374" t="1397" r="386" b="1420" charConfidence="43">e</charParams>
<charParams l="389" t="1396" r="402" b="1421" charConfidence="24">r</charParams>
<charParams l="403" t="1388" r="425" b="1421"> </charParams>
<charParams l="426" t="1388" r="435" b="1420" charConfidence="40">i</charParams>
<charParams l="438" t="1385" r="455" b="1429" charConfidence="73">h</charParams>
<charParams l="459" t="1395" r="472" b="1419" charConfidence="78">r</charParams>
<charParams l="473" t="1395" r="496" b="1419"> </charParams>
<charParams l="497" t="1395" r="524" b="1419" charConfidence="85">m</charParams>
<charParams l="530" t="1389" r="536" b="1419" charConfidence="37">i</charParams>
<charParams l="541" t="1394" r="551" b="1420" charConfidence="26">t</charParams>
<charParams l="552" t="1388" r="574" b="1420"> </charParams>
<charParams l="575" t="1388" r="604" b="1420" charConfidence="29">V</charParams>
<charParams l="608" t="1396" r="619" b="1420" charConfidence="100">e</charParams>
<charParams l="623" t="1396" r="636" b="1419" charConfidence="25">r</charParams>
<charParams l="638" t="1397" r="654" b="1428" charConfidence="55">g</charParams>
<charParams l="659" t="1397" r="675" b="1421" charConfidence="84">n</charParams>
<charParams l="680" t="1388" r="696" b="1420" charConfidence="22">ü</charParams>
<charParams l="700" t="1397" r="715" b="1428" charConfidence="55">g</charParams>
<charParams l="720" t="1397" r="732" b="1420" charConfidence="65">e</charParams>
<charParams l="736" t="1397" r="753" b="1420" charConfidence="100">n</charParams>
<charParams l="757" t="1411" r="765" b="1420" charConfidence="100">.</charParams></formatting></line></par>
</text>
</block>
</page>
</document>