﻿<?xml version="1.0" encoding="UTF-8" standalone="yes"?>
<document xmlns="http://www.abbyy.com/FineReader_xml/FineReader10-schema-v1.xml" version="1.0" producer="ABBYY FineReader Engine 11" languages="" xmlns:xsi="http://www.w3.org/2001/XMLSchema-instance" xsi:schemaLocation="http://www.abbyy.com/FineReader_xml/FineReader10-schema-v1.xml http://www.abbyy.com/FineReader_xml/FineReader10-schema-v1.xml">
<page width="1156" height="1782" resolution="300" originalCoords="1">
<block blockType="Text" blockName="">
<text>
<par leftIndent="10800">
<line baseline="88" l="597" t="59" r="618" b="88"><formatting lang="OldGerman">
<charParams l="597" t="59" r="618" b="88" suspicious="1" charConfidence="100">s</charParams></formatting></line></par>
</text>
</block>
<block blockType="Text" blockName="">
<text>
<par align="Justified" leftIndent="700" startIndent="1948" lineSpacing="1440">
<line baseline="177" l="268" t="138" r="1002" b="188"><formatting lang="OldGerman">
<charParams l="268" t="138" r="301" b="174" suspicious="1" charConfidence="14">G</charParams>
<charParams l="305" t="151" r="317" b="174" suspicious="1" charConfidence="44">e</charParams>
<charParams l="320" t="141" r="337" b="181" suspicious="1" charConfidence="93">h</charParams>
<charParams l="338" t="141" r="368" b="183"> </charParams>
<charParams l="369" t="150" r="381" b="183" charConfidence="28">z</charParams>
<charParams l="385" t="151" r="402" b="174" charConfidence="49">u</charParams>
<charParams l="403" t="142" r="433" b="174"> </charParams>
<charParams l="434" t="142" r="442" b="174" charConfidence="27">i</charParams>
<charParams l="446" t="140" r="462" b="183" charConfidence="46">h</charParams>
<charParams l="466" t="150" r="479" b="173" charConfidence="25">r</charParams>
<charParams l="489" t="164" r="498" b="179" charConfidence="68">,</charParams>
<charParams l="499" t="140" r="534" b="179"> </charParams>
<charParams l="535" t="140" r="550" b="179" charConfidence="100">s</charParams>
<charParams l="547" t="150" r="562" b="173" charConfidence="24">a</charParams>
<charParams l="565" t="150" r="582" b="181" charConfidence="33">g</charParams>
<charParams l="586" t="146" r="597" b="174" charConfidence="30">t</charParams>
<charParams l="599" t="150" r="612" b="174" charConfidence="34">e</charParams>
<charParams l="613" t="142" r="636" b="177"> </charParams>
<charParams l="637" t="142" r="663" b="177" charConfidence="34">E</charParams>
<charParams l="667" t="146" r="681" b="177" charConfidence="38">d</charParams>
<charParams l="686" t="154" r="702" b="179" charConfidence="24">u</charParams>
<charParams l="707" t="155" r="722" b="178" charConfidence="26">a</charParams>
<charParams l="727" t="154" r="740" b="179" charConfidence="24">r</charParams>
<charParams l="743" t="147" r="759" b="178" charConfidence="29">d</charParams>
<charParams l="767" t="170" r="777" b="185" charConfidence="100">,</charParams>
<charParams l="779" t="153" r="792" b="173" suspicious="1" charConfidence="-1">«</charParams>
<charParams l="793" t="153" r="809" b="179"> </charParams>
<charParams l="810" t="155" r="827" b="179" charConfidence="100">u</charParams>
<charParams l="831" t="155" r="849" b="180" charConfidence="37">n</charParams>
<charParams l="853" t="149" r="869" b="179" charConfidence="35">d</charParams>
<charParams l="870" t="149" r="893" b="179"> </charParams>
<charParams l="894" t="156" r="906" b="179" charConfidence="29">e</charParams>
<charParams l="910" t="155" r="923" b="180" charConfidence="53">r</charParams>
<charParams l="927" t="148" r="940" b="187" charConfidence="25">s</charParams>
<charParams l="938" t="157" r="954" b="180" charConfidence="24">u</charParams>
<charParams l="958" t="149" r="984" b="188" charConfidence="27">c</charParams>
<charParams l="958" t="149" r="984" b="188" charConfidence="27">h</charParams>
<charParams l="988" t="158" r="1002" b="181" charConfidence="48">e</charParams></formatting></line>
<line baseline="237" l="198" t="203" r="998" b="251"><formatting lang="OldGerman">
<charParams l="198" t="204" r="218" b="242" charConfidence="84">s</charParams>
<charParams l="198" t="204" r="218" b="242" charConfidence="84">i</charParams>
<charParams l="220" t="211" r="233" b="234" charConfidence="100">e</charParams>
<charParams l="242" t="226" r="251" b="240" charConfidence="70">,</charParams>
<charParams l="252" t="212" r="294" b="240"> </charParams>
<charParams l="295" t="212" r="311" b="235" charConfidence="55">a</charParams>
<charParams l="316" t="212" r="332" b="235" charConfidence="100">u</charParams>
<charParams l="336" t="203" r="351" b="241" charConfidence="100">f</charParams>
<charParams l="352" t="203" r="380" b="241"> </charParams>
<charParams l="381" t="211" r="409" b="234" charConfidence="36">m</charParams>
<charParams l="413" t="204" r="421" b="235" charConfidence="59">i</charParams>
<charParams l="424" t="204" r="451" b="241" charConfidence="58">c</charParams>
<charParams l="424" t="204" r="451" b="241" charConfidence="58">h</charParams>
<charParams l="452" t="204" r="481" b="243"> </charParams>
<charParams l="482" t="210" r="494" b="243" charConfidence="33">z</charParams>
<charParams l="499" t="211" r="516" b="234" charConfidence="59">u</charParams>
<charParams l="517" t="210" r="549" b="234"> </charParams>
<charParams l="550" t="210" r="576" b="234" charConfidence="46">w</charParams>
<charParams l="580" t="212" r="595" b="235" charConfidence="100">a</charParams>
<charParams l="600" t="213" r="613" b="236" charConfidence="54">r</charParams>
<charParams l="616" t="210" r="627" b="236" charConfidence="86">t</charParams>
<charParams l="629" t="214" r="642" b="237" charConfidence="26">e</charParams>
<charParams l="645" t="214" r="663" b="238" charConfidence="26">n</charParams>
<charParams l="665" t="230" r="674" b="239" charConfidence="100">.</charParams>
<charParams l="675" t="207" r="729" b="242"> </charParams>
<charParams l="730" t="207" r="765" b="242" charConfidence="57">S</charParams>
<charParams l="769" t="218" r="784" b="240" charConfidence="100">a</charParams>
<charParams l="787" t="217" r="804" b="249" charConfidence="25">g</charParams>
<charParams l="809" t="218" r="822" b="242" charConfidence="31">e</charParams>
<charParams l="823" t="211" r="852" b="242"> </charParams>
<charParams l="853" t="211" r="863" b="241" charConfidence="100">i</charParams>
<charParams l="866" t="210" r="883" b="251" charConfidence="59">h</charParams>
<charParams l="887" t="219" r="901" b="242" charConfidence="25">r</charParams>
<charParams l="909" t="233" r="919" b="249" charConfidence="79">,</charParams>
<charParams l="920" t="212" r="958" b="249"> </charParams>
<charParams l="959" t="212" r="967" b="242" charConfidence="28">i</charParams>
<charParams l="971" t="212" r="998" b="249" charConfidence="55">c</charParams>
<charParams l="971" t="212" r="998" b="249" charConfidence="55">h</charParams></formatting></line>
<line baseline="300" l="194" t="263" r="998" b="314"><formatting lang="OldGerman">
<charParams l="194" t="272" r="221" b="296" charConfidence="24">w</charParams>
<charParams l="225" t="263" r="242" b="296" charConfidence="65">ü</charParams>
<charParams l="247" t="274" r="263" b="296" charConfidence="25">n</charParams>
<charParams l="269" t="266" r="281" b="303" charConfidence="24">s</charParams>
<charParams l="278" t="265" r="305" b="302" charConfidence="55">c</charParams>
<charParams l="278" t="265" r="305" b="302" suspicious="1" charConfidence="55">h</charParams>
<charParams l="310" t="274" r="322" b="297" charConfidence="26">e</charParams>
<charParams l="323" t="268" r="363" b="297"> </charParams>
<charParams l="364" t="268" r="379" b="297" charConfidence="26">d</charParams>
<charParams l="384" t="266" r="391" b="296" charConfidence="29">i</charParams>
<charParams l="395" t="273" r="408" b="296" charConfidence="27">e</charParams>
<charParams l="409" t="272" r="439" b="296"> </charParams>
<charParams l="440" t="272" r="457" b="295" charConfidence="29">n</charParams>
<charParams l="461" t="273" r="474" b="295" charConfidence="34">e</charParams>
<charParams l="477" t="273" r="494" b="295" charConfidence="24">u</charParams>
<charParams l="498" t="273" r="511" b="295" charConfidence="45">e</charParams>
<charParams l="512" t="264" r="542" b="297"> </charParams>
<charParams l="543" t="264" r="578" b="297" charConfidence="58">S</charParams>
<charParams l="584" t="267" r="610" b="305" charConfidence="64">c</charParams>
<charParams l="584" t="267" r="610" b="305" charConfidence="64">h</charParams>
<charParams l="614" t="267" r="630" b="298" charConfidence="28">ö</charParams>
<charParams l="632" t="276" r="649" b="306" charConfidence="45">p</charParams>
<charParams l="653" t="268" r="667" b="307" charConfidence="56">f</charParams>
<charParams l="667" t="278" r="683" b="301" charConfidence="100">u</charParams>
<charParams l="688" t="278" r="704" b="301" charConfidence="24">n</charParams>
<charParams l="706" t="279" r="723" b="310" charConfidence="54">g</charParams>
<charParams l="724" t="279" r="755" b="312"> </charParams>
<charParams l="756" t="279" r="768" b="312" charConfidence="38">z</charParams>
<charParams l="773" t="280" r="790" b="303" charConfidence="40">u</charParams>
<charParams l="791" t="272" r="823" b="312"> </charParams>
<charParams l="824" t="272" r="838" b="312" charConfidence="30">s</charParams>
<charParams l="836" t="281" r="848" b="304" charConfidence="100">e</charParams>
<charParams l="851" t="271" r="868" b="314" charConfidence="41">h</charParams>
<charParams l="873" t="282" r="885" b="305" charConfidence="25">e</charParams>
<charParams l="888" t="282" r="906" b="306" charConfidence="54">n</charParams>
<charParams l="907" t="282" r="938" b="306"> </charParams>
<charParams l="939" t="282" r="957" b="306" charConfidence="27">u</charParams>
<charParams l="961" t="282" r="977" b="306" charConfidence="25">n</charParams>
<charParams l="980" t="276" r="998" b="305" charConfidence="25">d</charParams></formatting></line>
<line baseline="358" l="192" t="325" r="606" b="367"><formatting lang="OldGerman">
<charParams l="192" t="333" r="222" b="358" charConfidence="28">m</charParams>
<charParams l="226" t="328" r="233" b="358" charConfidence="-1">i</charParams>
<charParams l="237" t="328" r="264" b="367" charConfidence="54">c</charParams>
<charParams l="237" t="328" r="264" b="367" charConfidence="54">h</charParams>
<charParams l="265" t="328" r="289" b="367"> </charParams>
<charParams l="290" t="330" r="304" b="358" charConfidence="25">d</charParams>
<charParams l="310" t="336" r="325" b="359" charConfidence="100">a</charParams>
<charParams l="329" t="335" r="342" b="359" charConfidence="54">r</charParams>
<charParams l="345" t="335" r="360" b="358" charConfidence="28">a</charParams>
<charParams l="364" t="335" r="382" b="358" charConfidence="59">n</charParams>
<charParams l="383" t="333" r="405" b="366"> </charParams>
<charParams l="406" t="333" r="418" b="366" charConfidence="42">z</charParams>
<charParams l="422" t="332" r="439" b="357" charConfidence="100">u</charParams>
<charParams l="440" t="332" r="463" b="357"> </charParams>
<charParams l="464" t="333" r="476" b="357" charConfidence="27">e</charParams>
<charParams l="480" t="333" r="493" b="357" charConfidence="93">r</charParams>
<charParams l="497" t="325" r="511" b="363" charConfidence="25">f</charParams>
<charParams l="510" t="334" r="522" b="357" charConfidence="25">r</charParams>
<charParams l="525" t="335" r="537" b="358" charConfidence="24">e</charParams>
<charParams l="541" t="335" r="557" b="359" charConfidence="31">u</charParams>
<charParams l="561" t="336" r="573" b="360" charConfidence="30">e</charParams>
<charParams l="576" t="336" r="594" b="359" charConfidence="38">n</charParams>
<charParams l="597" t="350" r="606" b="359" charConfidence="100">.</charParams></formatting></line></par>
<par align="Justified" leftIndent="700" startIndent="1948" lineSpacing="1464">
<line baseline="485" l="255" t="448" r="990" b="497"><formatting lang="OldGerman">
<charParams l="255" t="450" r="289" b="482" charConfidence="63">D</charParams>
<charParams l="295" t="458" r="305" b="481" charConfidence="24">e</charParams>
<charParams l="309" t="458" r="323" b="482" charConfidence="38">r</charParams>
<charParams l="324" t="448" r="362" b="482"> </charParams>
<charParams l="363" t="448" r="395" b="482" charConfidence="25">G</charParams>
<charParams l="400" t="448" r="415" b="481" charConfidence="26">ä</charParams>
<charParams l="420" t="458" r="432" b="482" charConfidence="100">r</charParams>
<charParams l="436" t="455" r="445" b="482" charConfidence="34">t</charParams>
<charParams l="448" t="458" r="465" b="482" charConfidence="30">n</charParams>
<charParams l="470" t="459" r="481" b="482" charConfidence="100">e</charParams>
<charParams l="485" t="459" r="499" b="483" charConfidence="100">r</charParams>
<charParams l="500" t="459" r="538" b="484"> </charParams>
<charParams l="539" t="460" r="552" b="484" charConfidence="100">e</charParams>
<charParams l="555" t="460" r="572" b="484" charConfidence="58">n</charParams>
<charParams l="576" t="457" r="586" b="484" charConfidence="62">t</charParams>
<charParams l="590" t="452" r="605" b="490" charConfidence="61">f</charParams>
<charParams l="602" t="462" r="614" b="485" charConfidence="56">e</charParams>
<charParams l="617" t="461" r="631" b="485" charConfidence="100">r</charParams>
<charParams l="634" t="461" r="650" b="485" charConfidence="41">n</charParams>
<charParams l="655" t="459" r="665" b="486" charConfidence="66">t</charParams>
<charParams l="669" t="463" r="681" b="485" charConfidence="36">e</charParams>
<charParams l="682" t="456" r="720" b="495"> </charParams>
<charParams l="721" t="456" r="742" b="495" charConfidence="53">s</charParams>
<charParams l="721" t="456" r="742" b="495" charConfidence="53">i</charParams>
<charParams l="743" t="456" r="770" b="494" charConfidence="69">c</charParams>
<charParams l="743" t="456" r="770" b="494" charConfidence="69">h</charParams>
<charParams l="786" t="456" r="791" b="467" charConfidence="62">&apos;</charParams>
<charParams l="792" t="456" r="819" b="488"> </charParams>
<charParams l="820" t="465" r="834" b="488" charConfidence="25">e</charParams>
<charParams l="838" t="458" r="845" b="489" charConfidence="27">i</charParams>
<charParams l="849" t="458" r="858" b="489" charConfidence="100">l</charParams>
<charParams l="860" t="459" r="868" b="489" charConfidence="34">i</charParams>
<charParams l="870" t="467" r="888" b="497" charConfidence="26">g</charParams>
<charParams l="889" t="467" r="930" b="497"> </charParams>
<charParams l="931" t="468" r="948" b="491" charConfidence="24">u</charParams>
<charParams l="953" t="468" r="969" b="492" charConfidence="100">n</charParams>
<charParams l="974" t="463" r="990" b="492" charConfidence="25">d</charParams></formatting></line>
<line baseline="545" l="186" t="511" r="524" b="553"><formatting lang="OldGerman">
<charParams l="186" t="511" r="212" b="546" charConfidence="-1">E</charParams>
<charParams l="216" t="516" r="231" b="545" charConfidence="25">d</charParams>
<charParams l="236" t="522" r="252" b="546" charConfidence="25">u</charParams>
<charParams l="256" t="523" r="271" b="545" charConfidence="24">a</charParams>
<charParams l="276" t="522" r="288" b="546" charConfidence="23">r</charParams>
<charParams l="292" t="515" r="307" b="544" charConfidence="36">d</charParams>
<charParams l="308" t="512" r="332" b="551"> </charParams>
<charParams l="333" t="512" r="348" b="551" charConfidence="96">f</charParams>
<charParams l="347" t="522" r="361" b="545" charConfidence="100">o</charParams>
<charParams l="366" t="515" r="373" b="545" charConfidence="65">l</charParams>
<charParams l="375" t="523" r="391" b="553" charConfidence="100">g</charParams>
<charParams l="397" t="519" r="406" b="545" charConfidence="33">t</charParams>
<charParams l="409" t="522" r="422" b="545" charConfidence="39">e</charParams>
<charParams l="423" t="514" r="445" b="547"> </charParams>
<charParams l="446" t="514" r="462" b="547" charConfidence="29">b</charParams>
<charParams l="467" t="523" r="481" b="546" charConfidence="100">a</charParams>
<charParams l="487" t="516" r="494" b="546" charConfidence="38">l</charParams>
<charParams l="498" t="516" r="514" b="546" charConfidence="26">d</charParams>
<charParams l="517" t="538" r="524" b="547" charConfidence="100">.</charParams></formatting></line></par>
<par align="Justified" startIndent="2648" lineSpacing="1488">
<line baseline="679" l="249" t="642" r="985" b="688"><formatting lang="OldGerman">
<charParams l="249" t="642" r="284" b="677" charConfidence="55">D</charParams>
<charParams l="289" t="644" r="296" b="676" charConfidence="79">i</charParams>
<charParams l="300" t="653" r="311" b="677" charConfidence="27">e</charParams>
<charParams l="315" t="643" r="329" b="682" charConfidence="44">s</charParams>
<charParams l="327" t="653" r="338" b="676" charConfidence="100">e</charParams>
<charParams l="342" t="652" r="355" b="677" charConfidence="27">r</charParams>
<charParams l="356" t="645" r="387" b="686"> </charParams>
<charParams l="388" t="645" r="409" b="686" charConfidence="64">s</charParams>
<charParams l="388" t="645" r="409" b="686" charConfidence="64">t</charParams>
<charParams l="412" t="646" r="419" b="677" charConfidence="100">i</charParams>
<charParams l="424" t="654" r="435" b="678" charConfidence="100">e</charParams>
<charParams l="437" t="652" r="454" b="686" charConfidence="25">g</charParams>
<charParams l="455" t="652" r="486" b="686"> </charParams>
<charParams l="487" t="653" r="504" b="677" charConfidence="27">n</charParams>
<charParams l="510" t="654" r="526" b="678" charConfidence="39">u</charParams>
<charParams l="530" t="653" r="548" b="678" charConfidence="32">n</charParams>
<charParams l="549" t="647" r="586" b="678"> </charParams>
<charParams l="587" t="647" r="602" b="677" charConfidence="29">d</charParams>
<charParams l="607" t="646" r="614" b="677" charConfidence="35">i</charParams>
<charParams l="618" t="654" r="631" b="678" charConfidence="28">e</charParams>
<charParams l="632" t="644" r="656" b="679"> </charParams>
<charParams l="657" t="644" r="684" b="679" charConfidence="42">T</charParams>
<charParams l="688" t="654" r="700" b="678" charConfidence="41">e</charParams>
<charParams l="703" t="654" r="716" b="679" charConfidence="66">r</charParams>
<charParams l="719" t="654" r="732" b="678" charConfidence="54">r</charParams>
<charParams l="735" t="655" r="750" b="679" charConfidence="54">a</charParams>
<charParams l="755" t="645" r="779" b="684" charConfidence="93">s</charParams>
<charParams l="755" t="645" r="779" b="684" charConfidence="93">s</charParams>
<charParams l="777" t="655" r="789" b="679" charConfidence="37">e</charParams>
<charParams l="792" t="655" r="810" b="679" charConfidence="93">n</charParams>
<charParams l="811" t="645" r="835" b="688"> </charParams>
<charParams l="836" t="645" r="853" b="688" suspicious="1" charConfidence="65">h</charParams>
<charParams l="857" t="648" r="865" b="679" charConfidence="82">i</charParams>
<charParams l="869" t="656" r="885" b="679" charConfidence="43">n</charParams>
<charParams l="890" t="656" r="906" b="680" charConfidence="37">u</charParams>
<charParams l="911" t="656" r="927" b="680" charConfidence="24">n</charParams>
<charParams l="932" t="653" r="942" b="680" charConfidence="33">t</charParams>
<charParams l="944" t="657" r="956" b="680" charConfidence="33">e</charParams>
<charParams l="960" t="655" r="974" b="680" charConfidence="25">r</charParams>
<charParams l="973" t="671" r="985" b="688" charConfidence="93">,</charParams></formatting></line>
<line baseline="742" l="179" t="708" r="983" b="753"><formatting lang="OldGerman">
<charParams l="179" t="715" r="207" b="740" charConfidence="38">m</charParams>
<charParams l="212" t="716" r="229" b="740" charConfidence="100">u</charParams>
<charParams l="233" t="708" r="254" b="749" charConfidence="40">s</charParams>
<charParams l="233" t="708" r="254" b="749" charConfidence="40">t</charParams>
<charParams l="257" t="717" r="269" b="741" charConfidence="27">e</charParams>
<charParams l="272" t="717" r="285" b="741" charConfidence="72">r</charParams>
<charParams l="289" t="713" r="299" b="741" charConfidence="57">t</charParams>
<charParams l="302" t="717" r="314" b="741" charConfidence="100">e</charParams>
<charParams l="322" t="732" r="331" b="746" charConfidence="71">,</charParams>
<charParams l="332" t="710" r="373" b="746"> </charParams>
<charParams l="374" t="710" r="383" b="741" charConfidence="30">i</charParams>
<charParams l="386" t="716" r="415" b="741" suspicious="1" charConfidence="55">m</charParams>
<charParams l="416" t="708" r="450" b="741"> </charParams>
<charParams l="451" t="708" r="481" b="741" charConfidence="31">V</charParams>
<charParams l="485" t="718" r="500" b="741" charConfidence="68">o</charParams>
<charParams l="504" t="718" r="517" b="741" charConfidence="100">r</charParams>
<charParams l="521" t="709" r="535" b="741" charConfidence="66">b</charParams>
<charParams l="540" t="718" r="552" b="741" charConfidence="40">e</charParams>
<charParams l="556" t="718" r="571" b="750" charConfidence="22">y</charParams>
<charParams l="573" t="718" r="590" b="749" charConfidence="27">g</charParams>
<charParams l="594" t="718" r="607" b="742" charConfidence="31">e</charParams>
<charParams l="609" t="709" r="626" b="751" charConfidence="29">h</charParams>
<charParams l="631" t="719" r="643" b="742" charConfidence="29">e</charParams>
<charParams l="646" t="719" r="663" b="742" charConfidence="42">n</charParams>
<charParams l="677" t="734" r="686" b="749" charConfidence="65">,</charParams>
<charParams l="687" t="708" r="729" b="749"> </charParams>
<charParams l="730" t="708" r="763" b="743" charConfidence="24">G</charParams>
<charParams l="767" t="720" r="779" b="743" charConfidence="29">e</charParams>
<charParams l="782" t="719" r="808" b="744" charConfidence="67">w</charParams>
<charParams l="812" t="711" r="827" b="743" charConfidence="25">ä</charParams>
<charParams l="831" t="711" r="858" b="750" charConfidence="81">c</charParams>
<charParams l="831" t="711" r="858" b="750" charConfidence="81">h</charParams>
<charParams l="861" t="714" r="877" b="743" charConfidence="-1">s</charParams>
<charParams l="881" t="710" r="898" b="753" charConfidence="59">h</charParams>
<charParams l="901" t="711" r="917" b="744" charConfidence="27">ä</charParams>
<charParams l="921" t="721" r="938" b="744" charConfidence="28">u</charParams>
<charParams l="942" t="711" r="955" b="751" charConfidence="86">s</charParams>
<charParams l="953" t="721" r="965" b="744" charConfidence="29">e</charParams>
<charParams l="968" t="720" r="983" b="744" charConfidence="33">r</charParams></formatting></line>
<line baseline="805" l="176" t="771" r="980" b="813"><formatting lang="OldGerman">
<charParams l="176" t="780" r="195" b="805" charConfidence="80">u</charParams>
<charParams l="198" t="781" r="215" b="804" charConfidence="36">n</charParams>
<charParams l="220" t="774" r="236" b="804" charConfidence="33">d</charParams>
<charParams l="237" t="772" r="261" b="806"> </charParams>
<charParams l="262" t="772" r="289" b="806" charConfidence="37">T</charParams>
<charParams l="292" t="780" r="305" b="805" charConfidence="40">r</charParams>
<charParams l="308" t="781" r="321" b="805" charConfidence="29">e</charParams>
<charParams l="324" t="773" r="332" b="805" charConfidence="38">i</charParams>
<charParams l="336" t="771" r="351" b="804" charConfidence="27">b</charParams>
<charParams l="356" t="781" r="368" b="804" suspicious="1" charConfidence="41">c</charParams>
<charParams l="372" t="772" r="387" b="805" charConfidence="36">b</charParams>
<charParams l="392" t="781" r="403" b="805" charConfidence="26">e</charParams>
<charParams l="407" t="781" r="419" b="805" charConfidence="47">e</charParams>
<charParams l="423" t="777" r="433" b="804" charConfidence="31">t</charParams>
<charParams l="435" t="780" r="449" b="805" charConfidence="95">e</charParams>
<charParams l="457" t="795" r="467" b="810" charConfidence="100">,</charParams>
<charParams l="468" t="771" r="509" b="810"> </charParams>
<charParams l="510" t="771" r="526" b="804" charConfidence="28">b</charParams>
<charParams l="531" t="773" r="538" b="804" charConfidence="100">i</charParams>
<charParams l="541" t="775" r="557" b="803" charConfidence="100">s</charParams>
<charParams l="558" t="775" r="588" b="804"> </charParams>
<charParams l="589" t="781" r="601" b="804" charConfidence="32">e</charParams>
<charParams l="604" t="780" r="617" b="804" charConfidence="62">r</charParams>
<charParams l="618" t="780" r="648" b="804"> </charParams>
<charParams l="649" t="780" r="665" b="803" charConfidence="100">a</charParams>
<charParams l="670" t="781" r="686" b="804" charConfidence="25">n</charParams>
<charParams l="691" t="776" r="707" b="805" charConfidence="100">s</charParams>
<charParams l="708" t="771" r="731" b="806"> </charParams>
<charParams l="732" t="771" r="773" b="806" charConfidence="45">W</charParams>
<charParams l="776" t="782" r="791" b="805" charConfidence="100">a</charParams>
<charParams l="796" t="773" r="821" b="811" charConfidence="100">s</charParams>
<charParams l="796" t="773" r="821" b="811" charConfidence="100">s</charParams>
<charParams l="819" t="783" r="831" b="806" charConfidence="62">e</charParams>
<charParams l="835" t="782" r="847" b="806" charConfidence="24">r</charParams>
<charParams l="859" t="797" r="869" b="813" charConfidence="100">,</charParams>
<charParams l="870" t="777" r="900" b="813"> </charParams>
<charParams l="901" t="777" r="917" b="806" charConfidence="30">d</charParams>
<charParams l="921" t="783" r="935" b="805" charConfidence="100">a</charParams>
<charParams l="940" t="783" r="957" b="806" charConfidence="51">n</charParams>
<charParams l="961" t="782" r="980" b="806" charConfidence="36">n</charParams></formatting></line>
<line baseline="868" l="174" t="834" r="974" b="876"><formatting lang="OldGerman">
<charParams l="174" t="835" r="192" b="868" charConfidence="22">ü</charParams>
<charParams l="197" t="835" r="212" b="868" charConfidence="29">b</charParams>
<charParams l="216" t="845" r="228" b="868" charConfidence="38">e</charParams>
<charParams l="232" t="845" r="245" b="869" charConfidence="54">r</charParams>
<charParams l="246" t="845" r="269" b="869"> </charParams>
<charParams l="270" t="845" r="282" b="868" charConfidence="100">e</charParams>
<charParams l="286" t="837" r="294" b="868" charConfidence="52">i</charParams>
<charParams l="297" t="845" r="314" b="868" charConfidence="48">n</charParams>
<charParams l="319" t="845" r="330" b="868" charConfidence="40">e</charParams>
<charParams l="334" t="845" r="352" b="869" charConfidence="81">n</charParams>
<charParams l="353" t="834" r="376" b="869"> </charParams>
<charParams l="377" t="834" r="413" b="868" charConfidence="33">S</charParams>
<charParams l="418" t="841" r="428" b="868" charConfidence="55">t</charParams>
<charParams l="430" t="844" r="443" b="867" charConfidence="45">e</charParams>
<charParams l="445" t="844" r="462" b="875" charConfidence="67">g</charParams>
<charParams l="463" t="844" r="493" b="875"> </charParams>
<charParams l="494" t="844" r="509" b="867" charConfidence="30">a</charParams>
<charParams l="514" t="843" r="531" b="867" charConfidence="65">n</charParams>
<charParams l="532" t="838" r="558" b="867"> </charParams>
<charParams l="559" t="838" r="574" b="867" charConfidence="39">d</charParams>
<charParams l="579" t="844" r="591" b="867" charConfidence="48">e</charParams>
<charParams l="594" t="844" r="612" b="867" charConfidence="35">n</charParams>
<charParams l="613" t="835" r="644" b="868"> </charParams>
<charParams l="645" t="835" r="673" b="868" charConfidence="64">O</charParams>
<charParams l="677" t="844" r="690" b="867" charConfidence="57">r</charParams>
<charParams l="693" t="842" r="704" b="868" charConfidence="40">t</charParams>
<charParams l="705" t="837" r="726" b="868"> </charParams>
<charParams l="727" t="837" r="741" b="868" charConfidence="27">k</charParams>
<charParams l="744" t="846" r="758" b="868" charConfidence="100">a</charParams>
<charParams l="763" t="845" r="790" b="868" charConfidence="54">m</charParams>
<charParams l="800" t="860" r="810" b="874" charConfidence="100">,</charParams>
<charParams l="811" t="844" r="853" b="874"> </charParams>
<charParams l="854" t="844" r="880" b="869" charConfidence="52">w</charParams>
<charParams l="885" t="846" r="900" b="868" charConfidence="100">o</charParams>
<charParams l="901" t="837" r="924" b="876"> </charParams>
<charParams l="925" t="837" r="944" b="876" charConfidence="81">s</charParams>
<charParams l="925" t="837" r="944" b="876" charConfidence="81">i</charParams>
<charParams l="946" t="838" r="974" b="875" charConfidence="84">c</charParams>
<charParams l="946" t="838" r="974" b="875" charConfidence="84">h</charParams></formatting></line>
<line baseline="928" l="172" t="897" r="974" b="938"><formatting lang="OldGerman">
<charParams l="172" t="899" r="188" b="928" charConfidence="26">d</charParams>
<charParams l="192" t="905" r="205" b="929" charConfidence="100">e</charParams>
<charParams l="208" t="905" r="221" b="928" charConfidence="26">r</charParams>
<charParams l="222" t="897" r="252" b="936"> </charParams>
<charParams l="253" t="897" r="286" b="936" charConfidence="71">P</charParams>
<charParams l="289" t="898" r="304" b="935" charConfidence="65">f</charParams>
<charParams l="302" t="906" r="317" b="928" charConfidence="100">a</charParams>
<charParams l="322" t="901" r="338" b="928" charConfidence="27">d</charParams>
<charParams l="339" t="901" r="373" b="928"> </charParams>
<charParams l="374" t="906" r="392" b="928" charConfidence="71">n</charParams>
<charParams l="396" t="906" r="412" b="928" charConfidence="42">a</charParams>
<charParams l="415" t="898" r="443" b="935" charConfidence="47">c</charParams>
<charParams l="415" t="898" r="443" b="935" charConfidence="47">h</charParams>
<charParams l="444" t="898" r="477" b="935"> </charParams>
<charParams l="478" t="900" r="494" b="928" charConfidence="33">d</charParams>
<charParams l="498" t="906" r="510" b="928" charConfidence="100">e</charParams>
<charParams l="513" t="906" r="531" b="928" charConfidence="26">n</charParams>
<charParams l="532" t="905" r="565" b="929"> </charParams>
<charParams l="566" t="905" r="585" b="929" charConfidence="69">n</charParams>
<charParams l="588" t="906" r="601" b="928" charConfidence="47">e</charParams>
<charParams l="604" t="906" r="621" b="928" charConfidence="37">u</charParams>
<charParams l="625" t="906" r="637" b="928" charConfidence="100">e</charParams>
<charParams l="640" t="905" r="658" b="928" charConfidence="25">n</charParams>
<charParams l="659" t="897" r="683" b="930"> </charParams>
<charParams l="684" t="897" r="713" b="930" charConfidence="25">A</charParams>
<charParams l="713" t="906" r="730" b="929" charConfidence="30">n</charParams>
<charParams l="735" t="899" r="744" b="929" charConfidence="60">l</charParams>
<charParams l="746" t="907" r="761" b="929" charConfidence="25">a</charParams>
<charParams l="763" t="907" r="781" b="936" charConfidence="25">g</charParams>
<charParams l="784" t="907" r="797" b="929" charConfidence="39">e</charParams>
<charParams l="800" t="907" r="818" b="929" charConfidence="100">n</charParams>
<charParams l="819" t="899" r="842" b="929"> </charParams>
<charParams l="843" t="899" r="852" b="929" charConfidence="28">i</charParams>
<charParams l="855" t="905" r="872" b="929" charConfidence="25">n</charParams>
<charParams l="873" t="905" r="896" b="938"> </charParams>
<charParams l="897" t="905" r="909" b="938" charConfidence="55">z</charParams>
<charParams l="914" t="906" r="939" b="929" charConfidence="17">w</charParams>
<charParams l="943" t="906" r="955" b="929" charConfidence="26">e</charParams>
<charParams l="958" t="906" r="974" b="938" charConfidence="17">y</charParams></formatting></line>
<line baseline="989" l="168" t="956" r="970" b="999"><formatting lang="OldGerman">
<charParams l="168" t="957" r="195" b="993" charConfidence="29">A</charParams>
<charParams l="200" t="969" r="212" b="992" charConfidence="23">r</charParams>
<charParams l="216" t="968" r="243" b="992" charConfidence="100">m</charParams>
<charParams l="248" t="968" r="260" b="992" charConfidence="40">e</charParams>
<charParams l="261" t="964" r="291" b="992"> </charParams>
<charParams l="292" t="964" r="303" b="991" charConfidence="100">t</charParams>
<charParams l="306" t="957" r="323" b="999" charConfidence="72">h</charParams>
<charParams l="328" t="967" r="339" b="990" charConfidence="25">e</charParams>
<charParams l="343" t="959" r="351" b="990" charConfidence="72">i</charParams>
<charParams l="355" t="959" r="364" b="990" charConfidence="94">l</charParams>
<charParams l="366" t="963" r="376" b="990" charConfidence="33">t</charParams>
<charParams l="379" t="966" r="392" b="989" charConfidence="24">e</charParams>
<charParams l="394" t="980" r="402" b="989" charConfidence="100">.</charParams>
<charParams l="403" t="956" r="472" b="989"> </charParams>
<charParams l="473" t="956" r="509" b="989" charConfidence="55">D</charParams>
<charParams l="513" t="966" r="524" b="989" charConfidence="26">e</charParams>
<charParams l="528" t="965" r="545" b="987" charConfidence="24">n</charParams>
<charParams l="546" t="965" r="578" b="988"> </charParams>
<charParams l="579" t="966" r="592" b="988" charConfidence="100">e</charParams>
<charParams l="596" t="958" r="603" b="988" charConfidence="100">i</charParams>
<charParams l="607" t="965" r="624" b="988" charConfidence="26">n</charParams>
<charParams l="628" t="966" r="640" b="988" charConfidence="51">e</charParams>
<charParams l="643" t="966" r="660" b="988" charConfidence="30">n</charParams>
<charParams l="670" t="980" r="680" b="995" charConfidence="100">,</charParams>
<charParams l="681" t="959" r="720" b="995"> </charParams>
<charParams l="721" t="959" r="737" b="988" charConfidence="34">d</charParams>
<charParams l="741" t="965" r="752" b="988" charConfidence="26">e</charParams>
<charParams l="756" t="965" r="769" b="988" charConfidence="27">r</charParams>
<charParams l="770" t="957" r="802" b="989"> </charParams>
<charParams l="803" t="957" r="821" b="989" charConfidence="22">ü</charParams>
<charParams l="825" t="957" r="840" b="989" charConfidence="28">b</charParams>
<charParams l="844" t="967" r="857" b="990" charConfidence="26">e</charParams>
<charParams l="860" t="967" r="874" b="990" charConfidence="100">r</charParams>
<charParams l="875" t="962" r="916" b="991"> </charParams>
<charParams l="917" t="962" r="932" b="991" charConfidence="29">d</charParams>
<charParams l="937" t="969" r="949" b="994" charConfidence="25">e</charParams>
<charParams l="952" t="968" r="970" b="992" charConfidence="31">n</charParams></formatting></line>
<line baseline="1053" l="168" t="1019" r="967" b="1065"><formatting lang="OldGerman">
<charParams l="168" t="1023" r="199" b="1056" charConfidence="25">K</charParams>
<charParams l="202" t="1025" r="209" b="1055" charConfidence="49">i</charParams>
<charParams l="213" t="1034" r="225" b="1056" charConfidence="100">r</charParams>
<charParams l="228" t="1023" r="254" b="1062" charConfidence="55">c</charParams>
<charParams l="228" t="1023" r="254" b="1062" charConfidence="55">h</charParams>
<charParams l="259" t="1023" r="275" b="1065" charConfidence="100">h</charParams>
<charParams l="281" t="1032" r="294" b="1056" charConfidence="32">o</charParams>
<charParams l="298" t="1022" r="312" b="1062" charConfidence="59">f</charParams>
<charParams l="313" t="1022" r="340" b="1063"> </charParams>
<charParams l="341" t="1030" r="352" b="1063" charConfidence="55">z</charParams>
<charParams l="357" t="1022" r="364" b="1053" charConfidence="100">i</charParams>
<charParams l="368" t="1030" r="379" b="1053" charConfidence="100">e</charParams>
<charParams l="383" t="1029" r="410" b="1052" charConfidence="100">m</charParams>
<charParams l="415" t="1021" r="423" b="1054" charConfidence="83">l</charParams>
<charParams l="427" t="1021" r="434" b="1053" charConfidence="100">i</charParams>
<charParams l="437" t="1030" r="447" b="1052" charConfidence="37">c</charParams>
<charParams l="448" t="1020" r="464" b="1058" charConfidence="46">h</charParams>
<charParams l="465" t="1020" r="497" b="1060"> </charParams>
<charParams l="498" t="1029" r="515" b="1060" charConfidence="25">g</charParams>
<charParams l="519" t="1028" r="530" b="1051" charConfidence="100">e</charParams>
<charParams l="534" t="1027" r="547" b="1051" charConfidence="54">r</charParams>
<charParams l="550" t="1027" r="565" b="1051" charConfidence="100">a</charParams>
<charParams l="569" t="1021" r="585" b="1051" charConfidence="27">d</charParams>
<charParams l="589" t="1027" r="601" b="1052" charConfidence="92">e</charParams>
<charParams l="602" t="1027" r="632" b="1052"> </charParams>
<charParams l="633" t="1027" r="650" b="1050" charConfidence="34">n</charParams>
<charParams l="655" t="1027" r="669" b="1049" charConfidence="33">a</charParams>
<charParams l="675" t="1019" r="702" b="1059" charConfidence="57">c</charParams>
<charParams l="675" t="1019" r="702" b="1059" charConfidence="57">h</charParams>
<charParams l="703" t="1019" r="733" b="1059"> </charParams>
<charParams l="734" t="1022" r="750" b="1052" charConfidence="38">d</charParams>
<charParams l="754" t="1028" r="766" b="1052" charConfidence="50">e</charParams>
<charParams l="769" t="1028" r="782" b="1052" charConfidence="100">r</charParams>
<charParams l="783" t="1020" r="807" b="1060"> </charParams>
<charParams l="808" t="1020" r="832" b="1060" charConfidence="34">F</charParams>
<charParams l="834" t="1030" r="845" b="1054" charConfidence="100">e</charParams>
<charParams l="850" t="1022" r="858" b="1054" charConfidence="44">l</charParams>
<charParams l="861" t="1026" r="876" b="1054" charConfidence="-1">s</charParams>
<charParams l="880" t="1030" r="905" b="1055" charConfidence="42">w</charParams>
<charParams l="910" t="1032" r="925" b="1054" charConfidence="100">a</charParams>
<charParams l="929" t="1031" r="946" b="1054" charConfidence="25">n</charParams>
<charParams l="951" t="1025" r="967" b="1054" charConfidence="31">d</charParams></formatting></line>
<line baseline="1117" l="166" t="1084" r="967" b="1128"><formatting lang="OldGerman">
<charParams l="166" t="1087" r="185" b="1128" suspicious="1" charConfidence="30">h</charParams>
<charParams l="190" t="1089" r="197" b="1120" charConfidence="66">i</charParams>
<charParams l="201" t="1096" r="216" b="1120" charConfidence="25">n</charParams>
<charParams l="220" t="1095" r="236" b="1127" charConfidence="64">g</charParams>
<charParams l="241" t="1089" r="248" b="1119" charConfidence="28">i</charParams>
<charParams l="252" t="1095" r="269" b="1119" charConfidence="80">n</charParams>
<charParams l="272" t="1096" r="288" b="1127" charConfidence="55">g</charParams>
<charParams l="298" t="1110" r="307" b="1125" charConfidence="100">,</charParams>
<charParams l="308" t="1088" r="341" b="1125"> </charParams>
<charParams l="342" t="1088" r="351" b="1118" charConfidence="100">l</charParams>
<charParams l="355" t="1087" r="362" b="1118" charConfidence="65">i</charParams>
<charParams l="366" t="1094" r="377" b="1118" charConfidence="27">e</charParams>
<charParams l="382" t="1086" r="397" b="1125" charConfidence="56">ß</charParams>
<charParams l="398" t="1086" r="429" b="1125"> </charParams>
<charParams l="430" t="1094" r="442" b="1118" charConfidence="28">e</charParams>
<charParams l="446" t="1094" r="459" b="1117" charConfidence="54">r</charParams>
<charParams l="460" t="1084" r="490" b="1117"> </charParams>
<charParams l="491" t="1084" r="500" b="1116" charConfidence="100">l</charParams>
<charParams l="504" t="1084" r="510" b="1115" charConfidence="-1">i</charParams>
<charParams l="515" t="1092" r="527" b="1115" charConfidence="100">e</charParams>
<charParams l="529" t="1091" r="545" b="1123" charConfidence="42">g</charParams>
<charParams l="549" t="1091" r="561" b="1115" charConfidence="35">e</charParams>
<charParams l="564" t="1090" r="581" b="1115" charConfidence="29">n</charParams>
<charParams l="582" t="1090" r="613" b="1115"> </charParams>
<charParams l="614" t="1090" r="632" b="1115" charConfidence="60">u</charParams>
<charParams l="635" t="1089" r="664" b="1113" charConfidence="48">m</charParams>
<charParams l="665" t="1084" r="697" b="1114"> </charParams>
<charParams l="698" t="1084" r="713" b="1114" charConfidence="26">d</charParams>
<charParams l="718" t="1091" r="729" b="1113" charConfidence="25">e</charParams>
<charParams l="733" t="1091" r="751" b="1115" charConfidence="100">n</charParams>
<charParams l="752" t="1091" r="774" b="1115"> </charParams>
<charParams l="775" t="1092" r="791" b="1115" charConfidence="100">a</charParams>
<charParams l="795" t="1092" r="811" b="1116" charConfidence="27">n</charParams>
<charParams l="816" t="1087" r="832" b="1116" charConfidence="28">d</charParams>
<charParams l="836" t="1093" r="848" b="1116" charConfidence="33">e</charParams>
<charParams l="851" t="1093" r="865" b="1117" charConfidence="100">r</charParams>
<charParams l="868" t="1094" r="886" b="1117" charConfidence="27">n</charParams>
<charParams l="887" t="1094" r="909" b="1117"> </charParams>
<charParams l="910" t="1094" r="923" b="1117" charConfidence="27">e</charParams>
<charParams l="925" t="1085" r="934" b="1117" charConfidence="57">i</charParams>
<charParams l="938" t="1094" r="955" b="1117" charConfidence="27">n</charParams>
<charParams l="958" t="1097" r="967" b="1113" charConfidence="100">¬</charParams></formatting></line>
<line baseline="1179" l="163" t="1147" r="964" b="1191"><formatting lang="OldGerman">
<charParams l="163" t="1157" r="176" b="1191" charConfidence="24">z</charParams>
<charParams l="181" t="1159" r="198" b="1182" charConfidence="33">u</charParams>
<charParams l="202" t="1150" r="214" b="1188" charConfidence="52">s</charParams>
<charParams l="213" t="1159" r="224" b="1181" charConfidence="26">c</charParams>
<charParams l="225" t="1150" r="240" b="1188" charConfidence="33">h</charParams>
<charParams l="244" t="1151" r="252" b="1182" charConfidence="29">l</charParams>
<charParams l="255" t="1159" r="270" b="1181" charConfidence="24">a</charParams>
<charParams l="273" t="1157" r="290" b="1188" charConfidence="55">g</charParams>
<charParams l="294" t="1158" r="305" b="1181" charConfidence="26">e</charParams>
<charParams l="310" t="1158" r="326" b="1181" charConfidence="53">n</charParams>
<charParams l="335" t="1173" r="345" b="1187" charConfidence="100">,</charParams>
<charParams l="346" t="1151" r="385" b="1187"> </charParams>
<charParams l="386" t="1151" r="401" b="1180" charConfidence="27">d</charParams>
<charParams l="406" t="1157" r="418" b="1181" charConfidence="39">e</charParams>
<charParams l="421" t="1157" r="434" b="1180" charConfidence="97">r</charParams>
<charParams l="435" t="1149" r="466" b="1189"> </charParams>
<charParams l="467" t="1149" r="486" b="1189" charConfidence="82">s</charParams>
<charParams l="467" t="1149" r="486" b="1189" charConfidence="82">i</charParams>
<charParams l="488" t="1148" r="515" b="1187" charConfidence="99">c</charParams>
<charParams l="488" t="1148" r="515" b="1187" charConfidence="99">h</charParams>
<charParams l="516" t="1148" r="539" b="1187"> </charParams>
<charParams l="540" t="1148" r="548" b="1179" charConfidence="100">l</charParams>
<charParams l="552" t="1147" r="560" b="1178" charConfidence="100">i</charParams>
<charParams l="564" t="1155" r="580" b="1178" charConfidence="26">n</charParams>
<charParams l="584" t="1147" r="596" b="1179" charConfidence="91">k</charParams>
<charParams l="598" t="1149" r="614" b="1178" charConfidence="100">s</charParams>
<charParams l="615" t="1149" r="638" b="1178"> </charParams>
<charParams l="639" t="1154" r="651" b="1178" charConfidence="29">e</charParams>
<charParams l="654" t="1150" r="664" b="1178" charConfidence="53">t</charParams>
<charParams l="667" t="1153" r="693" b="1177" charConfidence="35">w</charParams>
<charParams l="696" t="1155" r="712" b="1177" charConfidence="29">a</charParams>
<charParams l="716" t="1149" r="732" b="1177" charConfidence="100">s</charParams>
<charParams l="733" t="1149" r="755" b="1178"> </charParams>
<charParams l="756" t="1154" r="783" b="1178" charConfidence="28">w</charParams>
<charParams l="787" t="1155" r="799" b="1178" charConfidence="30">e</charParams>
<charParams l="803" t="1148" r="810" b="1178" charConfidence="100">i</charParams>
<charParams l="814" t="1152" r="825" b="1178" charConfidence="65">t</charParams>
<charParams l="828" t="1155" r="839" b="1178" charConfidence="27">e</charParams>
<charParams l="843" t="1156" r="856" b="1178" charConfidence="100">r</charParams>
<charParams l="857" t="1151" r="879" b="1180"> </charParams>
<charParams l="880" t="1151" r="896" b="1180" charConfidence="31">d</charParams>
<charParams l="900" t="1158" r="916" b="1180" charConfidence="24">u</charParams>
<charParams l="921" t="1157" r="934" b="1180" charConfidence="54">r</charParams>
<charParams l="937" t="1149" r="964" b="1187" charConfidence="80">c</charParams>
<charParams l="937" t="1149" r="964" b="1187" charConfidence="80">h</charParams></formatting></line>
<line baseline="1242" l="162" t="1207" r="962" b="1253"><formatting lang="OldGerman">
<charParams l="162" t="1222" r="179" b="1245" charConfidence="55">a</charParams>
<charParams l="183" t="1221" r="200" b="1245" charConfidence="28">u</charParams>
<charParams l="204" t="1220" r="232" b="1244" charConfidence="55">m</charParams>
<charParams l="236" t="1221" r="253" b="1244" charConfidence="38">u</charParams>
<charParams l="257" t="1218" r="268" b="1245" charConfidence="64">t</charParams>
<charParams l="271" t="1211" r="287" b="1253" charConfidence="62">h</charParams>
<charParams l="292" t="1213" r="299" b="1243" charConfidence="54">i</charParams>
<charParams l="301" t="1220" r="318" b="1252" charConfidence="31">g</charParams>
<charParams l="322" t="1220" r="335" b="1244" charConfidence="26">e</charParams>
<charParams l="337" t="1216" r="354" b="1244" suspicious="1" charConfidence="100">S</charParams>
<charParams l="355" t="1209" r="384" b="1245"> </charParams>
<charParams l="385" t="1209" r="419" b="1245" charConfidence="52">G</charParams>
<charParams l="423" t="1221" r="435" b="1244" charConfidence="39">e</charParams>
<charParams l="437" t="1211" r="453" b="1244" charConfidence="25">b</charParams>
<charParams l="457" t="1211" r="474" b="1243" charConfidence="22">ü</charParams>
<charParams l="479" t="1212" r="492" b="1250" charConfidence="32">s</charParams>
<charParams l="490" t="1212" r="517" b="1251" charConfidence="55">c</charParams>
<charParams l="490" t="1212" r="517" b="1251" charConfidence="55">h</charParams>
<charParams l="518" t="1211" r="553" b="1251"> </charParams>
<charParams l="554" t="1211" r="568" b="1249" charConfidence="59">s</charParams>
<charParams l="566" t="1220" r="580" b="1243" charConfidence="100">a</charParams>
<charParams l="585" t="1211" r="612" b="1249" charConfidence="74">c</charParams>
<charParams l="585" t="1211" r="612" b="1249" charConfidence="74">h</charParams>
<charParams l="615" t="1215" r="625" b="1242" charConfidence="34">t</charParams>
<charParams l="629" t="1218" r="641" b="1241" charConfidence="29">e</charParams>
<charParams l="642" t="1207" r="664" b="1250"> </charParams>
<charParams l="665" t="1207" r="682" b="1250" suspicious="1" charConfidence="52">h</charParams>
<charParams l="687" t="1209" r="694" b="1240" suspicious="1" charConfidence="100">i</charParams>
<charParams l="698" t="1217" r="715" b="1241" charConfidence="50">n</charParams>
<charParams l="719" t="1217" r="734" b="1240" charConfidence="32">a</charParams>
<charParams l="739" t="1218" r="755" b="1241" charConfidence="35">u</charParams>
<charParams l="760" t="1208" r="774" b="1248" suspicious="1" charConfidence="33">f</charParams>
<charParams l="773" t="1217" r="798" b="1241" charConfidence="54">w</charParams>
<charParams l="802" t="1218" r="817" b="1241" charConfidence="54">a</charParams>
<charParams l="822" t="1219" r="838" b="1242" charConfidence="25">n</charParams>
<charParams l="843" t="1212" r="858" b="1242" charConfidence="48">d</charParams>
<charParams l="868" t="1220" r="878" b="1250" charConfidence="48">;</charParams>
<charParams l="879" t="1214" r="926" b="1250"> </charParams>
<charParams l="927" t="1214" r="942" b="1244" charConfidence="29">d</charParams>
<charParams l="947" t="1220" r="962" b="1243" charConfidence="100">a</charParams></formatting></line>
<line baseline="1305" l="159" t="1272" r="960" b="1317"><formatting lang="OldGerman">
<charParams l="159" t="1282" r="186" b="1308" charConfidence="24">w</charParams>
<charParams l="190" t="1284" r="205" b="1307" charConfidence="48">o</charParams>
<charParams l="206" t="1274" r="238" b="1307"> </charParams>
<charParams l="239" t="1274" r="255" b="1307" charConfidence="25">b</charParams>
<charParams l="259" t="1283" r="272" b="1306" charConfidence="28">e</charParams>
<charParams l="275" t="1283" r="290" b="1315" charConfidence="52">y</charParams>
<charParams l="294" t="1277" r="309" b="1306" charConfidence="26">d</charParams>
<charParams l="314" t="1282" r="327" b="1306" charConfidence="74">e</charParams>
<charParams l="328" t="1282" r="357" b="1317"> </charParams>
<charParams l="358" t="1282" r="371" b="1317" charConfidence="61">z</charParams>
<charParams l="375" t="1284" r="392" b="1306" charConfidence="97">u</charParams>
<charParams l="397" t="1274" r="406" b="1314" charConfidence="27">s</charParams>
<charParams l="407" t="1283" r="423" b="1306" charConfidence="35">a</charParams>
<charParams l="427" t="1282" r="455" b="1307" charConfidence="100">m</charParams>
<charParams l="459" t="1282" r="486" b="1306" charConfidence="100">m</charParams>
<charParams l="490" t="1283" r="503" b="1306" charConfidence="31">e</charParams>
<charParams l="506" t="1282" r="522" b="1306" charConfidence="27">n</charParams>
<charParams l="528" t="1280" r="536" b="1306" charConfidence="26">t</charParams>
<charParams l="539" t="1282" r="553" b="1306" charConfidence="0">r</charParams>
<charParams l="554" t="1283" r="570" b="1306" charConfidence="28">a</charParams>
<charParams l="574" t="1273" r="589" b="1312" charConfidence="100">f</charParams>
<charParams l="588" t="1283" r="600" b="1305" charConfidence="76">e</charParams>
<charParams l="603" t="1281" r="620" b="1305" charConfidence="25">n</charParams>
<charParams l="631" t="1296" r="640" b="1312" charConfidence="100">,</charParams>
<charParams l="641" t="1272" r="688" b="1312"> </charParams>
<charParams l="689" t="1272" r="703" b="1311" charConfidence="39">s</charParams>
<charParams l="701" t="1281" r="713" b="1304" charConfidence="83">e</charParams>
<charParams l="716" t="1276" r="734" b="1312" charConfidence="25">h</charParams>
<charParams l="737" t="1278" r="748" b="1304" charConfidence="47">t</charParams>
<charParams l="751" t="1281" r="763" b="1305" charConfidence="100">e</charParams>
<charParams l="764" t="1281" r="788" b="1305"> </charParams>
<charParams l="789" t="1282" r="800" b="1305" charConfidence="100">e</charParams>
<charParams l="804" t="1282" r="817" b="1305" charConfidence="40">r</charParams>
<charParams l="818" t="1276" r="837" b="1315"> </charParams>
<charParams l="838" t="1276" r="857" b="1315" charConfidence="84">s</charParams>
<charParams l="838" t="1276" r="857" b="1315" charConfidence="84">i</charParams>
<charParams l="859" t="1276" r="887" b="1313" charConfidence="69">c</charParams>
<charParams l="859" t="1276" r="887" b="1313" charConfidence="69">h</charParams>
<charParams l="888" t="1274" r="911" b="1313"> </charParams>
<charParams l="912" t="1274" r="925" b="1313" charConfidence="35">f</charParams>
<charParams l="925" t="1275" r="942" b="1307" charConfidence="52">ü</charParams>
<charParams l="946" t="1284" r="960" b="1307" charConfidence="39">r</charParams></formatting></line>
<line baseline="1370" l="157" t="1335" r="958" b="1378"><formatting lang="OldGerman">
<charParams l="157" t="1347" r="171" b="1369" charConfidence="35">e</charParams>
<charParams l="174" t="1338" r="182" b="1369" charConfidence="100">i</charParams>
<charParams l="186" t="1346" r="203" b="1369" charConfidence="29">n</charParams>
<charParams l="207" t="1346" r="219" b="1369" charConfidence="35">e</charParams>
<charParams l="222" t="1346" r="240" b="1369" charConfidence="48">n</charParams>
<charParams l="241" t="1335" r="273" b="1370"> </charParams>
<charParams l="274" t="1335" r="303" b="1370" charConfidence="26">A</charParams>
<charParams l="304" t="1346" r="321" b="1370" charConfidence="44">u</charParams>
<charParams l="324" t="1347" r="341" b="1378" charConfidence="57">g</charParams>
<charParams l="345" t="1347" r="357" b="1370" charConfidence="62">e</charParams>
<charParams l="360" t="1346" r="378" b="1371" charConfidence="100">n</charParams>
<charParams l="382" t="1337" r="397" b="1371" charConfidence="57">b</charParams>
<charParams l="402" t="1338" r="411" b="1370" charConfidence="88">l</charParams>
<charParams l="413" t="1339" r="421" b="1370" charConfidence="91">i</charParams>
<charParams l="424" t="1348" r="436" b="1371" charConfidence="37">c</charParams>
<charParams l="436" t="1339" r="450" b="1371" charConfidence="91">k</charParams>
<charParams l="451" t="1339" r="479" b="1371"> </charParams>
<charParams l="480" t="1347" r="496" b="1369" charConfidence="100">a</charParams>
<charParams l="501" t="1346" r="517" b="1369" charConfidence="27">u</charParams>
<charParams l="520" t="1335" r="536" b="1375" charConfidence="62">f</charParams>
<charParams l="537" t="1335" r="561" b="1375"> </charParams>
<charParams l="562" t="1345" r="575" b="1368" charConfidence="30">e</charParams>
<charParams l="578" t="1337" r="586" b="1369" charConfidence="80">i</charParams>
<charParams l="589" t="1345" r="606" b="1369" charConfidence="88">n</charParams>
<charParams l="610" t="1345" r="622" b="1368" charConfidence="34">e</charParams>
<charParams l="625" t="1344" r="639" b="1368" charConfidence="40">r</charParams>
<charParams l="640" t="1343" r="668" b="1368"> </charParams>
<charParams l="669" t="1343" r="695" b="1368" charConfidence="27">w</charParams>
<charParams l="699" t="1344" r="713" b="1368" charConfidence="68">o</charParams>
<charParams l="718" t="1335" r="735" b="1378" charConfidence="59">h</charParams>
<charParams l="740" t="1337" r="747" b="1369" charConfidence="34">l</charParams>
<charParams l="750" t="1346" r="766" b="1369" charConfidence="100">a</charParams>
<charParams l="770" t="1346" r="787" b="1369" charConfidence="58">n</charParams>
<charParams l="790" t="1347" r="807" b="1378" charConfidence="56">g</charParams>
<charParams l="812" t="1347" r="823" b="1370" suspicious="1" charConfidence="32">c</charParams>
<charParams l="827" t="1338" r="843" b="1371" charConfidence="66">b</charParams>
<charParams l="847" t="1346" r="859" b="1370" charConfidence="69">r</charParams>
<charParams l="862" t="1347" r="877" b="1369" charConfidence="54">a</charParams>
<charParams l="882" t="1348" r="892" b="1370" charConfidence="40">c</charParams>
<charParams l="893" t="1339" r="908" b="1377" charConfidence="35">h</charParams>
<charParams l="912" t="1344" r="923" b="1370" charConfidence="29">t</charParams>
<charParams l="925" t="1347" r="937" b="1370" charConfidence="27">e</charParams>
<charParams l="940" t="1346" r="958" b="1370" charConfidence="32">n</charParams></formatting></line>
<line baseline="1432" l="155" t="1398" r="954" b="1441"><formatting lang="OldGerman">
<charParams l="155" t="1398" r="189" b="1432" charConfidence="28">D</charParams>
<charParams l="193" t="1408" r="208" b="1432" charConfidence="54">a</charParams>
<charParams l="212" t="1408" r="229" b="1433" charConfidence="53">n</charParams>
<charParams l="234" t="1400" r="246" b="1432" charConfidence="100">k</charParams>
<charParams l="247" t="1400" r="269" b="1433"> </charParams>
<charParams l="270" t="1408" r="288" b="1433" charConfidence="100">n</charParams>
<charParams l="292" t="1401" r="300" b="1433" charConfidence="52">i</charParams>
<charParams l="304" t="1409" r="315" b="1433" charConfidence="26">e</charParams>
<charParams l="319" t="1402" r="335" b="1433" charConfidence="36">d</charParams>
<charParams l="335" t="1409" r="350" b="1433" charConfidence="24">e</charParams>
<charParams l="354" t="1408" r="368" b="1433" charConfidence="27">r</charParams>
<charParams l="376" t="1424" r="386" b="1440" charConfidence="100">,</charParams>
<charParams l="387" t="1401" r="420" b="1440"> </charParams>
<charParams l="421" t="1401" r="437" b="1434" charConfidence="27">b</charParams>
<charParams l="442" t="1410" r="453" b="1434" charConfidence="100">e</charParams>
<charParams l="457" t="1406" r="466" b="1433" charConfidence="33">t</charParams>
<charParams l="469" t="1409" r="482" b="1432" charConfidence="54">r</charParams>
<charParams l="486" t="1409" r="500" b="1432" charConfidence="55">a</charParams>
<charParams l="505" t="1404" r="515" b="1432" charConfidence="48">t</charParams>
<charParams l="516" t="1399" r="547" b="1438"> </charParams>
<charParams l="548" t="1399" r="562" b="1438" charConfidence="38">s</charParams>
<charParams l="561" t="1408" r="575" b="1431" charConfidence="38">o</charParams>
<charParams l="580" t="1401" r="594" b="1430" charConfidence="27">d</charParams>
<charParams l="599" t="1407" r="613" b="1431" charConfidence="100">a</charParams>
<charParams l="618" t="1407" r="635" b="1431" charConfidence="79">n</charParams>
<charParams l="639" t="1407" r="656" b="1430" charConfidence="54">n</charParams>
<charParams l="657" t="1401" r="692" b="1431"> </charParams>
<charParams l="693" t="1401" r="709" b="1431" charConfidence="27">d</charParams>
<charParams l="713" t="1409" r="725" b="1432" charConfidence="37">e</charParams>
<charParams l="728" t="1409" r="746" b="1433" charConfidence="53">n</charParams>
<charParams l="747" t="1409" r="770" b="1433"> </charParams>
<charParams l="771" t="1410" r="784" b="1433" charConfidence="33">e</charParams>
<charParams l="788" t="1403" r="795" b="1433" charConfidence="78">i</charParams>
<charParams l="797" t="1410" r="813" b="1441" charConfidence="28">g</charParams>
<charParams l="818" t="1410" r="829" b="1433" charConfidence="33">e</charParams>
<charParams l="833" t="1410" r="850" b="1433" charConfidence="97">n</charParams>
<charParams l="855" t="1407" r="865" b="1433" charConfidence="43">t</charParams>
<charParams l="869" t="1404" r="875" b="1433" charConfidence="34">l</charParams>
<charParams l="880" t="1403" r="887" b="1434" charConfidence="46">i</charParams>
<charParams l="891" t="1402" r="917" b="1439" charConfidence="55">c</charParams>
<charParams l="891" t="1402" r="917" b="1439" charConfidence="55">h</charParams>
<charParams l="921" t="1410" r="932" b="1433" charConfidence="100">e</charParams>
<charParams l="937" t="1408" r="954" b="1433" charConfidence="27">n</charParams></formatting></line>
<line baseline="1495" l="153" t="1459" r="955" b="1506"><formatting lang="OldGerman">
<charParams l="153" t="1459" r="188" b="1493" charConfidence="28">S</charParams>
<charParams l="192" t="1467" r="202" b="1493" charConfidence="48">t</charParams>
<charParams l="206" t="1463" r="214" b="1493" charConfidence="30">i</charParams>
<charParams l="217" t="1471" r="229" b="1494" charConfidence="25">e</charParams>
<charParams l="231" t="1471" r="247" b="1500" charConfidence="100">g</charParams>
<charParams l="258" t="1486" r="267" b="1501" charConfidence="71">,</charParams>
<charParams l="268" t="1472" r="306" b="1501"> </charParams>
<charParams l="307" t="1472" r="325" b="1496" charConfidence="40">u</charParams>
<charParams l="328" t="1472" r="345" b="1496" charConfidence="30">n</charParams>
<charParams l="350" t="1465" r="366" b="1495" charConfidence="27">d</charParams>
<charParams l="367" t="1464" r="398" b="1501"> </charParams>
<charParams l="399" t="1464" r="414" b="1501" charConfidence="57">s</charParams>
<charParams l="412" t="1473" r="427" b="1496" charConfidence="31">a</charParams>
<charParams l="432" t="1463" r="449" b="1506" charConfidence="57">h</charParams>
<charParams l="450" t="1463" r="482" b="1506"> </charParams>
<charParams l="483" t="1464" r="501" b="1503" charConfidence="82">s</charParams>
<charParams l="483" t="1464" r="501" b="1503" charConfidence="82">i</charParams>
<charParams l="503" t="1463" r="531" b="1502" charConfidence="55">c</charParams>
<charParams l="503" t="1463" r="531" b="1502" suspicious="1" charConfidence="55">h</charParams>
<charParams l="532" t="1463" r="561" b="1502"> </charParams>
<charParams l="562" t="1464" r="578" b="1493" charConfidence="27">d</charParams>
<charParams l="582" t="1471" r="599" b="1494" charConfidence="26">u</charParams>
<charParams l="603" t="1471" r="616" b="1495" charConfidence="54">r</charParams>
<charParams l="619" t="1462" r="646" b="1501" charConfidence="68">c</charParams>
<charParams l="619" t="1462" r="646" b="1501" charConfidence="68">h</charParams>
<charParams l="647" t="1462" r="680" b="1501"> </charParams>
<charParams l="681" t="1473" r="696" b="1496" charConfidence="24">a</charParams>
<charParams l="701" t="1465" r="709" b="1496" charConfidence="36">l</charParams>
<charParams l="709" t="1464" r="718" b="1496" charConfidence="100">l</charParams>
<charParams l="721" t="1473" r="733" b="1497" charConfidence="50">e</charParams>
<charParams l="736" t="1472" r="749" b="1496" charConfidence="66">r</charParams>
<charParams l="752" t="1466" r="760" b="1497" charConfidence="38">l</charParams>
<charParams l="764" t="1473" r="775" b="1496" charConfidence="100">e</charParams>
<charParams l="779" t="1473" r="795" b="1503" charConfidence="100">y</charParams>
<charParams l="796" t="1464" r="821" b="1503"> </charParams>
<charParams l="822" t="1464" r="848" b="1498" charConfidence="37">T</charParams>
<charParams l="851" t="1473" r="865" b="1496" charConfidence="100">r</charParams>
<charParams l="868" t="1473" r="879" b="1496" charConfidence="25">e</charParams>
<charParams l="882" t="1473" r="898" b="1502" charConfidence="61">p</charParams>
<charParams l="902" t="1473" r="918" b="1502" charConfidence="100">p</charParams>
<charParams l="923" t="1473" r="934" b="1496" charConfidence="25">e</charParams>
<charParams l="938" t="1472" r="955" b="1495" charConfidence="25">n</charParams></formatting></line></par>
</text>
</block>
</page>
</document>