﻿<?xml version="1.0" encoding="UTF-8" standalone="yes"?>
<document xmlns="http://www.abbyy.com/FineReader_xml/FineReader10-schema-v1.xml" version="1.0" producer="ABBYY FineReader Engine 11" languages="" xmlns:xsi="http://www.w3.org/2001/XMLSchema-instance" xsi:schemaLocation="http://www.abbyy.com/FineReader_xml/FineReader10-schema-v1.xml http://www.abbyy.com/FineReader_xml/FineReader10-schema-v1.xml">
<page width="1156" height="1782" resolution="300" originalCoords="1">
<block blockType="Text" blockName="">
<text>
<par startIndent="144">
<line baseline="90" l="596" t="59" r="618" b="87"><formatting lang="OldGerman">
<charParams l="596" t="59" r="618" b="87" charConfidence="49">7</charParams></formatting></line></par>
</text>
</block>
<block blockType="Text" blockName="">
<text>
<par align="Justified" leftIndent="900" startIndent="-28" lineSpacing="1392">
<line baseline="170" l="224" t="133" r="981" b="179"><formatting lang="OldGerman">
<charParams l="224" t="141" r="240" b="163" charConfidence="30">a</charParams>
<charParams l="244" t="141" r="259" b="163" charConfidence="-1">u</charParams>
<charParams l="263" t="134" r="289" b="170" charConfidence="36">c</charParams>
<charParams l="263" t="134" r="289" b="170" suspicious="1" charConfidence="36">h</charParams>
<charParams l="290" t="133" r="317" b="171"> </charParams>
<charParams l="318" t="134" r="334" b="171" charConfidence="45">f</charParams>
<charParams l="333" t="134" r="348" b="165" charConfidence="54">ü</charParams>
<charParams l="352" t="144" r="365" b="166" charConfidence="24">r</charParams>
<charParams l="366" t="144" r="398" b="167"> </charParams>
<charParams l="399" t="145" r="412" b="167" charConfidence="25">e</charParams>
<charParams l="415" t="138" r="422" b="166" charConfidence="38">i</charParams>
<charParams l="425" t="144" r="442" b="167" charConfidence="27">n</charParams>
<charParams l="443" t="134" r="472" b="167"> </charParams>
<charParams l="473" t="134" r="501" b="167" charConfidence="30">V</charParams>
<charParams l="505" t="136" r="513" b="166" charConfidence="42">i</charParams>
<charParams l="515" t="144" r="527" b="166" charConfidence="50">e</charParams>
<charParams l="530" t="143" r="542" b="166" charConfidence="38">r</charParams>
<charParams l="545" t="139" r="555" b="166" charConfidence="58">t</charParams>
<charParams l="557" t="144" r="569" b="165" charConfidence="27">e</charParams>
<charParams l="572" t="138" r="587" b="165" charConfidence="-1">s</charParams>
<charParams l="589" t="158" r="597" b="166" charConfidence="57">.</charParams>
<charParams l="598" t="136" r="649" b="174"> </charParams>
<charParams l="650" t="136" r="673" b="174" charConfidence="39">F</charParams>
<charParams l="675" t="136" r="690" b="169" charConfidence="54">ü</charParams>
<charParams l="695" t="148" r="708" b="170" charConfidence="54">r</charParams>
<charParams l="709" t="148" r="736" b="178"> </charParams>
<charParams l="737" t="148" r="753" b="178" charConfidence="33">g</charParams>
<charParams l="757" t="147" r="770" b="171" charConfidence="93">r</charParams>
<charParams l="772" t="138" r="786" b="170" charConfidence="22">ö</charParams>
<charParams l="790" t="139" r="805" b="176" charConfidence="27">ß</charParams>
<charParams l="808" t="149" r="820" b="171" charConfidence="34">e</charParams>
<charParams l="822" t="148" r="835" b="170" charConfidence="34">r</charParams>
<charParams l="838" t="149" r="850" b="172" charConfidence="33">e</charParams>
<charParams l="851" t="138" r="877" b="173"> </charParams>
<charParams l="878" t="139" r="910" b="172" charConfidence="26">G</charParams>
<charParams l="914" t="149" r="925" b="172" charConfidence="55">e</charParams>
<charParams l="929" t="141" r="942" b="178" charConfidence="29">s</charParams>
<charParams l="939" t="151" r="950" b="172" charConfidence="26">e</charParams>
<charParams l="954" t="142" r="961" b="171" charConfidence="38">l</charParams>
<charParams l="962" t="141" r="971" b="173" charConfidence="41">l</charParams>
<charParams l="972" t="153" r="981" b="169" charConfidence="22">¬</charParams></formatting></line>
<line baseline="230" l="222" t="191" r="979" b="233"><formatting lang="OldGerman">
<charParams l="222" t="191" r="236" b="229" charConfidence="100">s</charParams>
<charParams l="234" t="192" r="259" b="228" charConfidence="56">c</charParams>
<charParams l="234" t="192" r="259" b="228" charConfidence="56">h</charParams>
<charParams l="263" t="201" r="277" b="222" charConfidence="24">a</charParams>
<charParams l="282" t="191" r="295" b="229" charConfidence="35">f</charParams>
<charParams l="294" t="198" r="305" b="224" charConfidence="39">t</charParams>
<charParams l="306" t="199" r="335" b="225"> </charParams>
<charParams l="336" t="201" r="362" b="225" charConfidence="27">w</charParams>
<charParams l="366" t="204" r="380" b="224" charConfidence="34">o</charParams>
<charParams l="383" t="195" r="392" b="225" charConfidence="38">l</charParams>
<charParams l="392" t="195" r="401" b="225" charConfidence="25">l</charParams>
<charParams l="403" t="203" r="414" b="225" charConfidence="28">e</charParams>
<charParams l="417" t="203" r="433" b="226" charConfidence="31">n</charParams>
<charParams l="434" t="201" r="463" b="226"> </charParams>
<charParams l="464" t="201" r="489" b="227" charConfidence="25">w</charParams>
<charParams l="493" t="194" r="500" b="224" charConfidence="-1">i</charParams>
<charParams l="503" t="201" r="516" b="224" charConfidence="29">r</charParams>
<charParams l="517" t="193" r="544" b="231"> </charParams>
<charParams l="545" t="193" r="559" b="231" charConfidence="100">s</charParams>
<charParams l="557" t="194" r="583" b="231" charConfidence="55">c</charParams>
<charParams l="557" t="194" r="583" b="231" charConfidence="55">h</charParams>
<charParams l="587" t="203" r="600" b="225" charConfidence="36">o</charParams>
<charParams l="604" t="202" r="621" b="226" charConfidence="25">n</charParams>
<charParams l="622" t="202" r="655" b="227"> </charParams>
<charParams l="656" t="206" r="671" b="227" charConfidence="100">a</charParams>
<charParams l="675" t="205" r="691" b="229" charConfidence="32">n</charParams>
<charParams l="695" t="201" r="710" b="229" charConfidence="27">d</charParams>
<charParams l="714" t="207" r="726" b="229" charConfidence="31">e</charParams>
<charParams l="729" t="207" r="741" b="229" charConfidence="25">r</charParams>
<charParams l="743" t="207" r="756" b="229" charConfidence="26">e</charParams>
<charParams l="757" t="198" r="788" b="232"> </charParams>
<charParams l="789" t="198" r="823" b="232" charConfidence="51">S</charParams>
<charParams l="827" t="207" r="837" b="231" charConfidence="30">t</charParams>
<charParams l="839" t="210" r="852" b="232" charConfidence="25">e</charParams>
<charParams l="855" t="201" r="862" b="231" charConfidence="30">l</charParams>
<charParams l="862" t="200" r="871" b="231" charConfidence="32">l</charParams>
<charParams l="873" t="209" r="885" b="231" charConfidence="32">e</charParams>
<charParams l="888" t="209" r="905" b="232" charConfidence="24">n</charParams>
<charParams l="906" t="201" r="935" b="232"> </charParams>
<charParams l="936" t="201" r="952" b="232" charConfidence="26">b</charParams>
<charParams l="956" t="210" r="967" b="232" charConfidence="100">e</charParams>
<charParams l="968" t="212" r="979" b="228" charConfidence="98">¬</charParams></formatting></line>
<line baseline="289" l="220" t="257" r="316" b="285"><formatting lang="OldGerman">
<charParams l="220" t="259" r="234" b="281" charConfidence="0">r</charParams>
<charParams l="236" t="260" r="248" b="283" charConfidence="25">e</charParams>
<charParams l="251" t="261" r="257" b="283" charConfidence="100">i</charParams>
<charParams l="261" t="257" r="272" b="283" charConfidence="74">t</charParams>
<charParams l="274" t="261" r="285" b="284" charConfidence="35">e</charParams>
<charParams l="288" t="261" r="304" b="285" charConfidence="40">n</charParams>
<charParams l="307" t="275" r="316" b="284" charConfidence="93">.</charParams></formatting></line></par>
<par align="Justified" leftIndent="900" startIndent="1572" lineSpacing="1440">
<line baseline="406" l="277" t="369" r="970" b="416"><formatting lang="OldGerman">
<charParams l="277" t="369" r="310" b="401" charConfidence="35">D</charParams>
<charParams l="314" t="378" r="330" b="399" charConfidence="35">a</charParams>
<charParams l="331" t="376" r="361" b="399"> </charParams>
<charParams l="362" t="376" r="388" b="399" charConfidence="57">w</charParams>
<charParams l="391" t="370" r="399" b="399" charConfidence="-1">i</charParams>
<charParams l="402" t="377" r="415" b="398" charConfidence="36">r</charParams>
<charParams l="416" t="370" r="436" b="399"> </charParams>
<charParams l="437" t="370" r="452" b="399" charConfidence="37">d</charParams>
<charParams l="455" t="377" r="468" b="399" charConfidence="28">e</charParams>
<charParams l="470" t="375" r="486" b="400" charConfidence="34">n</charParams>
<charParams l="490" t="376" r="507" b="399" charConfidence="32">n</charParams>
<charParams l="508" t="376" r="531" b="401"> </charParams>
<charParams l="532" t="378" r="548" b="401" charConfidence="29">u</charParams>
<charParams l="552" t="378" r="569" b="401" charConfidence="30">n</charParams>
<charParams l="570" t="378" r="586" b="408" charConfidence="24">g</charParams>
<charParams l="591" t="380" r="603" b="402" charConfidence="28">e</charParams>
<charParams l="606" t="373" r="625" b="408" charConfidence="36">s</charParams>
<charParams l="606" t="373" r="625" b="408" charConfidence="36">t</charParams>
<charParams l="627" t="371" r="642" b="403" charConfidence="86">ö</charParams>
<charParams l="645" t="380" r="658" b="403" charConfidence="30">r</charParams>
<charParams l="660" t="377" r="670" b="404" charConfidence="100">t</charParams>
<charParams l="671" t="372" r="700" b="413"> </charParams>
<charParams l="701" t="373" r="718" b="413" suspicious="1" charConfidence="34">h</charParams>
<charParams l="722" t="375" r="730" b="405" charConfidence="27">i</charParams>
<charParams l="733" t="384" r="745" b="406" charConfidence="33">e</charParams>
<charParams l="748" t="383" r="760" b="405" charConfidence="100">r</charParams>
<charParams l="761" t="383" r="790" b="406"> </charParams>
<charParams l="791" t="385" r="807" b="406" charConfidence="31">a</charParams>
<charParams l="811" t="377" r="820" b="406" charConfidence="96">l</charParams>
<charParams l="820" t="377" r="829" b="407" charConfidence="42">l</charParams>
<charParams l="830" t="385" r="842" b="407" charConfidence="26">e</charParams>
<charParams l="845" t="378" r="854" b="407" charConfidence="26">i</charParams>
<charParams l="856" t="385" r="874" b="408" charConfidence="28">n</charParams>
<charParams l="875" t="379" r="903" b="416"> </charParams>
<charParams l="904" t="379" r="923" b="416" charConfidence="52">s</charParams>
<charParams l="904" t="379" r="923" b="416" charConfidence="52">i</charParams>
<charParams l="925" t="387" r="940" b="408" charConfidence="24">n</charParams>
<charParams l="945" t="381" r="959" b="408" charConfidence="25">d</charParams>
<charParams l="961" t="400" r="970" b="414" charConfidence="65">,</charParams></formatting></line>
<line baseline="464" l="211" t="425" r="968" b="473"><formatting lang="OldGerman">
<charParams l="211" t="428" r="225" b="464" charConfidence="78">s</charParams>
<charParams l="223" t="436" r="237" b="457" charConfidence="25">a</charParams>
<charParams l="240" t="435" r="256" b="464" charConfidence="62">g</charParams>
<charParams l="260" t="432" r="270" b="457" charConfidence="27">t</charParams>
<charParams l="272" t="435" r="285" b="457" charConfidence="46">e</charParams>
<charParams l="286" t="425" r="320" b="458"> </charParams>
<charParams l="321" t="426" r="346" b="458" charConfidence="29">E</charParams>
<charParams l="349" t="430" r="363" b="457" charConfidence="27">d</charParams>
<charParams l="367" t="436" r="383" b="458" charConfidence="38">u</charParams>
<charParams l="387" t="436" r="401" b="457" charConfidence="100">a</charParams>
<charParams l="405" t="437" r="418" b="458" charConfidence="54">r</charParams>
<charParams l="420" t="429" r="435" b="458" charConfidence="29">d</charParams>
<charParams l="443" t="450" r="453" b="464" charConfidence="100">,</charParams>
<charParams l="454" t="435" r="496" b="465"> </charParams>
<charParams l="497" t="436" r="514" b="459" charConfidence="30">u</charParams>
<charParams l="518" t="436" r="534" b="458" charConfidence="67">n</charParams>
<charParams l="538" t="431" r="553" b="458" charConfidence="29">d</charParams>
<charParams l="554" t="431" r="587" b="466"> </charParams>
<charParams l="588" t="438" r="605" b="466" charConfidence="26">g</charParams>
<charParams l="608" t="438" r="623" b="460" charConfidence="25">a</charParams>
<charParams l="627" t="438" r="643" b="459" charConfidence="26">n</charParams>
<charParams l="646" t="438" r="658" b="470" charConfidence="25">z</charParams>
<charParams l="659" t="438" r="694" b="471"> </charParams>
<charParams l="695" t="439" r="708" b="462" charConfidence="54">r</charParams>
<charParams l="710" t="440" r="726" b="462" charConfidence="100">u</charParams>
<charParams l="730" t="432" r="746" b="470" charConfidence="75">h</charParams>
<charParams l="750" t="433" r="758" b="462" charConfidence="100">i</charParams>
<charParams l="759" t="441" r="775" b="469" charConfidence="24">g</charParams>
<charParams l="778" t="441" r="791" b="463" charConfidence="28">e</charParams>
<charParams l="793" t="441" r="811" b="463" charConfidence="34">n</charParams>
<charParams l="812" t="433" r="846" b="472"> </charParams>
<charParams l="847" t="433" r="865" b="472" suspicious="1" charConfidence="27">h</charParams>
<charParams l="869" t="443" r="881" b="465" charConfidence="33">e</charParams>
<charParams l="884" t="436" r="892" b="465" charConfidence="49">i</charParams>
<charParams l="895" t="441" r="905" b="465" charConfidence="26">t</charParams>
<charParams l="907" t="444" r="919" b="465" charConfidence="30">e</charParams>
<charParams l="922" t="444" r="934" b="466" charConfidence="27">r</charParams>
<charParams l="937" t="444" r="948" b="466" charConfidence="55">e</charParams>
<charParams l="950" t="445" r="968" b="466" charConfidence="26">n</charParams></formatting></line>
<line baseline="522" l="207" t="484" r="967" b="530"><formatting lang="OldGerman">
<charParams l="207" t="484" r="243" b="517" charConfidence="38">S</charParams>
<charParams l="246" t="486" r="255" b="516" charConfidence="26">i</charParams>
<charParams l="257" t="494" r="274" b="516" charConfidence="30">n</charParams>
<charParams l="276" t="494" r="295" b="518" charConfidence="73">n</charParams>
<charParams l="297" t="495" r="309" b="516" charConfidence="25">e</charParams>
<charParams l="311" t="489" r="326" b="517" charConfidence="88">s</charParams>
<charParams l="335" t="496" r="344" b="525" suspicious="1" charConfidence="31">;</charParams>
<charParams l="344" t="487" r="384" b="525"> </charParams>
<charParams l="384" t="487" r="398" b="523" charConfidence="100">s</charParams>
<charParams l="395" t="496" r="410" b="518" charConfidence="36">o</charParams>
<charParams l="410" t="495" r="440" b="519"> </charParams>
<charParams l="440" t="495" r="469" b="519" charConfidence="48">m</charParams>
<charParams l="471" t="495" r="488" b="519" charConfidence="35">u</charParams>
<charParams l="492" t="488" r="509" b="524" charConfidence="28">ß</charParams>
<charParams l="509" t="488" r="538" b="524"> </charParams>
<charParams l="538" t="489" r="549" b="519" charConfidence="29">i</charParams>
<charParams l="551" t="488" r="577" b="526" charConfidence="29">c</charParams>
<charParams l="551" t="488" r="577" b="526" charConfidence="29">h</charParams>
<charParams l="577" t="488" r="607" b="526"> </charParams>
<charParams l="607" t="491" r="623" b="519" charConfidence="27">d</charParams>
<charParams l="626" t="490" r="635" b="519" charConfidence="72">i</charParams>
<charParams l="636" t="497" r="650" b="519" charConfidence="100">r</charParams>
<charParams l="650" t="497" r="682" b="528"> </charParams>
<charParams l="682" t="498" r="698" b="528" charConfidence="27">g</charParams>
<charParams l="701" t="499" r="713" b="520" charConfidence="24">e</charParams>
<charParams l="716" t="491" r="734" b="528" charConfidence="29">s</charParams>
<charParams l="716" t="491" r="734" b="528" charConfidence="29">t</charParams>
<charParams l="737" t="499" r="750" b="519" charConfidence="36">e</charParams>
<charParams l="753" t="490" r="769" b="529" charConfidence="42">h</charParams>
<charParams l="772" t="499" r="784" b="520" charConfidence="25">e</charParams>
<charParams l="786" t="500" r="804" b="521" charConfidence="50">n</charParams>
<charParams l="813" t="513" r="822" b="527" charConfidence="96">,</charParams>
<charParams l="823" t="495" r="851" b="527"> </charParams>
<charParams l="851" t="495" r="867" b="522" charConfidence="31">d</charParams>
<charParams l="870" t="501" r="886" b="522" charConfidence="24">a</charParams>
<charParams l="888" t="493" r="905" b="529" charConfidence="27">ß</charParams>
<charParams l="905" t="493" r="927" b="529"> </charParams>
<charParams l="927" t="494" r="937" b="523" charConfidence="29">i</charParams>
<charParams l="939" t="495" r="967" b="530" charConfidence="57">c</charParams>
<charParams l="939" t="495" r="967" b="530" charConfidence="57">h</charParams></formatting></line>
<line baseline="585" l="206" t="546" r="963" b="594"><formatting lang="OldGerman">
<charParams l="206" t="548" r="219" b="585" charConfidence="100">s</charParams>
<charParams l="218" t="548" r="243" b="586" charConfidence="79">c</charParams>
<charParams l="218" t="548" r="243" b="586" charConfidence="79">h</charParams>
<charParams l="247" t="557" r="260" b="579" charConfidence="30">o</charParams>
<charParams l="264" t="556" r="280" b="579" charConfidence="25">n</charParams>
<charParams l="281" t="556" r="303" b="580"> </charParams>
<charParams l="304" t="557" r="316" b="579" charConfidence="100">e</charParams>
<charParams l="320" t="549" r="326" b="579" charConfidence="-1">i</charParams>
<charParams l="331" t="557" r="346" b="579" charConfidence="24">n</charParams>
<charParams l="351" t="550" r="358" b="580" charConfidence="-1">i</charParams>
<charParams l="360" t="557" r="376" b="587" charConfidence="25">g</charParams>
<charParams l="380" t="558" r="391" b="580" charConfidence="100">e</charParams>
<charParams l="392" t="548" r="412" b="587"> </charParams>
<charParams l="413" t="548" r="434" b="587" charConfidence="65">Z</charParams>
<charParams l="439" t="558" r="449" b="581" charConfidence="100">e</charParams>
<charParams l="453" t="550" r="459" b="580" charConfidence="-1">i</charParams>
<charParams l="464" t="555" r="473" b="581" charConfidence="28">t</charParams>
<charParams l="474" t="555" r="495" b="582"> </charParams>
<charParams l="496" t="559" r="508" b="581" charConfidence="100">e</charParams>
<charParams l="512" t="555" r="520" b="582" charConfidence="31">t</charParams>
<charParams l="523" t="557" r="547" b="581" charConfidence="24">w</charParams>
<charParams l="551" t="559" r="566" b="581" charConfidence="75">a</charParams>
<charParams l="570" t="554" r="584" b="582" charConfidence="100">s</charParams>
<charParams l="585" t="554" r="607" b="582"> </charParams>
<charParams l="608" t="560" r="623" b="582" charConfidence="100">a</charParams>
<charParams l="627" t="560" r="642" b="583" charConfidence="40">u</charParams>
<charParams l="646" t="550" r="660" b="587" charConfidence="42">f</charParams>
<charParams l="661" t="550" r="678" b="588"> </charParams>
<charParams l="679" t="553" r="694" b="582" charConfidence="29">d</charParams>
<charParams l="699" t="560" r="709" b="582" charConfidence="100">e</charParams>
<charParams l="713" t="560" r="720" b="582" suspicious="1" charConfidence="100">i</charParams>
<charParams l="721" t="560" r="739" b="582" charConfidence="25">n</charParams>
<charParams l="740" t="549" r="758" b="589"> </charParams>
<charParams l="759" t="549" r="788" b="589" charConfidence="31">H</charParams>
<charParams l="793" t="561" r="803" b="582" charConfidence="100">e</charParams>
<charParams l="807" t="561" r="819" b="583" charConfidence="24">r</charParams>
<charParams l="821" t="560" r="832" b="593" charConfidence="27">z</charParams>
<charParams l="836" t="561" r="847" b="583" charConfidence="100">e</charParams>
<charParams l="851" t="561" r="866" b="584" charConfidence="23">n</charParams>
<charParams l="867" t="553" r="883" b="592"> </charParams>
<charParams l="884" t="553" r="900" b="592" suspicious="1" charConfidence="48">h</charParams>
<charParams l="904" t="561" r="918" b="583" charConfidence="24">a</charParams>
<charParams l="924" t="552" r="937" b="584" charConfidence="34">b</charParams>
<charParams l="942" t="562" r="954" b="583" charConfidence="26">e</charParams>
<charParams l="953" t="575" r="963" b="590" charConfidence="100">,</charParams></formatting></line>
<line baseline="646" l="203" t="609" r="961" b="652"><formatting lang="OldGerman">
<charParams l="203" t="616" r="228" b="640" charConfidence="100">w</charParams>
<charParams l="232" t="618" r="247" b="640" charConfidence="54">a</charParams>
<charParams l="251" t="613" r="265" b="641" charConfidence="22">ö</charParams>
<charParams l="266" t="610" r="288" b="641"> </charParams>
<charParams l="289" t="610" r="296" b="641" charConfidence="34">i</charParams>
<charParams l="300" t="610" r="325" b="648" charConfidence="59">c</charParams>
<charParams l="300" t="610" r="325" b="648" charConfidence="59">h</charParams>
<charParams l="326" t="610" r="349" b="648"> </charParams>
<charParams l="350" t="614" r="365" b="641" charConfidence="26">d</charParams>
<charParams l="370" t="611" r="377" b="642" charConfidence="84">i</charParams>
<charParams l="380" t="619" r="393" b="642" charConfidence="27">r</charParams>
<charParams l="394" t="619" r="413" b="642"> </charParams>
<charParams l="414" t="620" r="431" b="642" charConfidence="64">v</charParams>
<charParams l="435" t="619" r="447" b="642" charConfidence="35">e</charParams>
<charParams l="450" t="619" r="462" b="641" charConfidence="66">r</charParams>
<charParams l="465" t="617" r="475" b="641" charConfidence="33">t</charParams>
<charParams l="477" t="619" r="490" b="642" charConfidence="47">r</charParams>
<charParams l="492" t="619" r="506" b="642" charConfidence="100">a</charParams>
<charParams l="511" t="620" r="526" b="642" charConfidence="24">u</charParams>
<charParams l="530" t="620" r="542" b="642" charConfidence="37">e</charParams>
<charParams l="545" t="619" r="562" b="642" charConfidence="30">n</charParams>
<charParams l="563" t="619" r="587" b="642"> </charParams>
<charParams l="588" t="619" r="615" b="642" charConfidence="25">m</charParams>
<charParams l="619" t="621" r="634" b="643" charConfidence="24">u</charParams>
<charParams l="639" t="612" r="654" b="649" charConfidence="25">ß</charParams>
<charParams l="655" t="612" r="679" b="650"> </charParams>
<charParams l="680" t="620" r="696" b="644" charConfidence="25">u</charParams>
<charParams l="700" t="621" r="716" b="644" charConfidence="27">n</charParams>
<charParams l="720" t="615" r="735" b="644" charConfidence="29">d</charParams>
<charParams l="736" t="615" r="763" b="644"> </charParams>
<charParams l="764" t="621" r="791" b="644" charConfidence="57">m</charParams>
<charParams l="795" t="613" r="808" b="644" charConfidence="22">ö</charParams>
<charParams l="812" t="614" r="837" b="651" charConfidence="100">c</charParams>
<charParams l="812" t="614" r="837" b="651" charConfidence="100">h</charParams>
<charParams l="842" t="619" r="851" b="644" charConfidence="31">t</charParams>
<charParams l="854" t="621" r="866" b="645" charConfidence="34">e</charParams>
<charParams l="872" t="635" r="882" b="650" charConfidence="99">,</charParams>
<charParams l="883" t="622" r="905" b="650"> </charParams>
<charParams l="906" t="622" r="921" b="643" charConfidence="25">u</charParams>
<charParams l="926" t="621" r="941" b="643" charConfidence="100">n</charParams>
<charParams l="946" t="615" r="961" b="643" charConfidence="26">d</charParams></formatting></line>
<line baseline="706" l="201" t="670" r="614" b="711"><formatting lang="OldGerman">
<charParams l="201" t="679" r="218" b="700" charConfidence="24">n</charParams>
<charParams l="222" t="671" r="229" b="700" charConfidence="100">i</charParams>
<charParams l="232" t="670" r="258" b="709" charConfidence="56">c</charParams>
<charParams l="232" t="670" r="258" b="709" charConfidence="56">h</charParams>
<charParams l="261" t="675" r="273" b="701" charConfidence="38">t</charParams>
<charParams l="273" t="671" r="294" b="702"> </charParams>
<charParams l="294" t="672" r="310" b="701" charConfidence="26">d</charParams>
<charParams l="314" t="679" r="328" b="701" charConfidence="54">a</charParams>
<charParams l="331" t="678" r="343" b="710" charConfidence="100">z</charParams>
<charParams l="346" t="679" r="364" b="702" charConfidence="47">u</charParams>
<charParams l="364" t="671" r="386" b="702"> </charParams>
<charParams l="386" t="671" r="399" b="702" charConfidence="42">k</charParams>
<charParams l="400" t="680" r="415" b="702" charConfidence="59">o</charParams>
<charParams l="417" t="679" r="446" b="703" charConfidence="69">m</charParams>
<charParams l="448" t="679" r="475" b="702" charConfidence="100">m</charParams>
<charParams l="477" t="678" r="490" b="703" charConfidence="48">e</charParams>
<charParams l="492" t="680" r="511" b="702" charConfidence="-1">»</charParams>
<charParams l="511" t="672" r="531" b="703"> </charParams>
<charParams l="531" t="672" r="545" b="703" charConfidence="34">k</charParams>
<charParams l="546" t="681" r="562" b="703" charConfidence="30">a</charParams>
<charParams l="565" t="680" r="582" b="703" charConfidence="100">n</charParams>
<charParams l="585" t="681" r="602" b="702" charConfidence="49">n</charParams>
<charParams l="604" t="695" r="614" b="703" charConfidence="62">.</charParams></formatting></line></par>
<par leftIndent="900" startIndent="1056" lineSpacing="1392">
<line baseline="826" l="256" t="790" r="955" b="835"><formatting lang="OldGerman">
<charParams l="256" t="791" r="285" b="829" suspicious="1" charConfidence="30">Z</charParams>
<charParams l="289" t="792" r="315" b="829" charConfidence="78">c</charParams>
<charParams l="289" t="792" r="315" b="829" charConfidence="78">h</charParams>
<charParams l="316" t="791" r="344" b="832"> </charParams>
<charParams l="345" t="791" r="362" b="832" suspicious="1" charConfidence="71">h</charParams>
<charParams l="366" t="800" r="381" b="822" charConfidence="33">a</charParams>
<charParams l="385" t="791" r="399" b="822" charConfidence="29">b</charParams>
<charParams l="403" t="800" r="415" b="822" charConfidence="26">e</charParams>
<charParams l="416" t="794" r="445" b="824"> </charParams>
<charParams l="446" t="794" r="462" b="824" charConfidence="39">d</charParams>
<charParams l="466" t="793" r="473" b="824" charConfidence="66">i</charParams>
<charParams l="476" t="800" r="489" b="824" charConfidence="27">r</charParams>
<charParams l="490" t="792" r="518" b="830"> </charParams>
<charParams l="519" t="792" r="533" b="830" charConfidence="100">s</charParams>
<charParams l="531" t="801" r="545" b="824" charConfidence="50">o</charParams>
<charParams l="546" t="801" r="574" b="824"> </charParams>
<charParams l="575" t="801" r="587" b="824" charConfidence="25">e</charParams>
<charParams l="591" t="797" r="600" b="823" charConfidence="44">t</charParams>
<charParams l="603" t="799" r="627" b="824" charConfidence="22">w</charParams>
<charParams l="630" t="801" r="645" b="823" charConfidence="38">a</charParams>
<charParams l="648" t="796" r="664" b="823" charConfidence="-1">s</charParams>
<charParams l="665" t="796" r="692" b="824"> </charParams>
<charParams l="693" t="802" r="708" b="824" charConfidence="27">a</charParams>
<charParams l="712" t="801" r="729" b="824" charConfidence="26">n</charParams>
<charParams l="730" t="802" r="747" b="831" charConfidence="54">g</charParams>
<charParams l="751" t="802" r="763" b="824" charConfidence="62">e</charParams>
<charParams l="766" t="802" r="791" b="824" charConfidence="65">m</charParams>
<charParams l="795" t="802" r="807" b="824" charConfidence="34">e</charParams>
<charParams l="810" t="802" r="822" b="824" charConfidence="37">r</charParams>
<charParams l="825" t="793" r="837" b="824" charConfidence="55">k</charParams>
<charParams l="840" t="798" r="850" b="824" charConfidence="66">t</charParams>
<charParams l="857" t="814" r="866" b="830" charConfidence="59">,</charParams>
<charParams l="867" t="802" r="895" b="830"> </charParams>
<charParams l="896" t="802" r="913" b="824" charConfidence="41">v</charParams>
<charParams l="917" t="802" r="928" b="823" charConfidence="100">e</charParams>
<charParams l="932" t="801" r="944" b="823" charConfidence="40">r</charParams>
<charParams l="946" t="801" r="955" b="816" charConfidence="22">¬</charParams></formatting></line>
<line baseline="884" l="195" t="849" r="444" b="888"><formatting lang="OldGerman">
<charParams l="195" t="850" r="208" b="886" charConfidence="26">s</charParams>
<charParams l="206" t="859" r="218" b="879" charConfidence="24">e</charParams>
<charParams l="221" t="853" r="237" b="887" charConfidence="32">t</charParams>
<charParams l="221" t="853" r="237" b="887" charConfidence="32">z</charParams>
<charParams l="240" t="856" r="250" b="879" charConfidence="31">t</charParams>
<charParams l="253" t="858" r="265" b="879" charConfidence="53">e</charParams>
<charParams l="266" t="849" r="287" b="880"> </charParams>
<charParams l="288" t="849" r="312" b="881" charConfidence="33">C</charParams>
<charParams l="314" t="850" r="330" b="888" charConfidence="33">h</charParams>
<charParams l="333" t="859" r="349" b="880" charConfidence="81">a</charParams>
<charParams l="352" t="859" r="365" b="880" charConfidence="100">r</charParams>
<charParams l="366" t="852" r="375" b="881" charConfidence="28">l</charParams>
<charParams l="378" t="860" r="392" b="880" charConfidence="33">o</charParams>
<charParams l="396" t="856" r="406" b="881" charConfidence="26">t</charParams>
<charParams l="408" t="856" r="419" b="881" charConfidence="35">t</charParams>
<charParams l="420" t="859" r="433" b="880" charConfidence="33">e</charParams>
<charParams l="434" t="872" r="444" b="881" charConfidence="57">.</charParams></formatting></line></par>
<par align="Justified" rightIndent="1100" startIndent="1956" lineSpacing="1440">
<line baseline="1002" l="250" t="964" r="944" b="1009"><formatting lang="OldGerman">
<charParams l="250" t="970" r="275" b="1002" charConfidence="51">U</charParams>
<charParams l="278" t="978" r="294" b="1002" charConfidence="54">n</charParams>
<charParams l="298" t="972" r="313" b="1000" charConfidence="33">d</charParams>
<charParams l="314" t="970" r="343" b="1000"> </charParams>
<charParams l="344" t="970" r="352" b="1000" charConfidence="67">i</charParams>
<charParams l="355" t="968" r="381" b="1006" charConfidence="56">c</charParams>
<charParams l="355" t="968" r="381" b="1006" charConfidence="56">h</charParams>
<charParams l="382" t="968" r="403" b="1006"> </charParams>
<charParams l="404" t="975" r="429" b="999" charConfidence="58">w</charParams>
<charParams l="433" t="969" r="440" b="998" charConfidence="38">i</charParams>
<charParams l="444" t="968" r="452" b="998" charConfidence="33">l</charParams>
<charParams l="452" t="968" r="461" b="999" charConfidence="100">l</charParams>
<charParams l="462" t="968" r="482" b="999"> </charParams>
<charParams l="483" t="975" r="500" b="998" charConfidence="100">n</charParams>
<charParams l="504" t="976" r="519" b="998" charConfidence="25">u</charParams>
<charParams l="523" t="976" r="536" b="998" charConfidence="34">r</charParams>
<charParams l="537" t="976" r="555" b="1006"> </charParams>
<charParams l="556" t="976" r="573" b="1006" charConfidence="55">g</charParams>
<charParams l="577" t="976" r="588" b="998" charConfidence="26">e</charParams>
<charParams l="592" t="968" r="610" b="1004" charConfidence="65">s</charParams>
<charParams l="592" t="968" r="610" b="1004" charConfidence="65">t</charParams>
<charParams l="613" t="976" r="624" b="997" charConfidence="100">e</charParams>
<charParams l="627" t="966" r="643" b="1005" charConfidence="99">h</charParams>
<charParams l="647" t="976" r="658" b="997" charConfidence="25">e</charParams>
<charParams l="661" t="974" r="679" b="998" suspicious="1" charConfidence="100">n</charParams>
<charParams l="692" t="989" r="701" b="1004" charConfidence="67">,</charParams>
<charParams l="702" t="968" r="737" b="1004"> </charParams>
<charParams l="738" t="968" r="753" b="1004" charConfidence="42">f</charParams>
<charParams l="752" t="977" r="768" b="999" charConfidence="24">u</charParams>
<charParams l="772" t="967" r="787" b="1006" charConfidence="56">h</charParams>
<charParams l="792" t="977" r="805" b="999" charConfidence="32">r</charParams>
<charParams l="806" t="967" r="829" b="1000"> </charParams>
<charParams l="830" t="967" r="854" b="1000" charConfidence="27">E</charParams>
<charParams l="858" t="971" r="872" b="1000" charConfidence="26">d</charParams>
<charParams l="876" t="978" r="892" b="999" charConfidence="46">u</charParams>
<charParams l="896" t="978" r="910" b="999" charConfidence="40">a</charParams>
<charParams l="915" t="977" r="926" b="1000" charConfidence="25">r</charParams>
<charParams l="930" t="971" r="944" b="1000" charConfidence="43">d</charParams></formatting></line>
<line baseline="1063" l="186" t="1023" r="941" b="1071"><formatting lang="OldGerman">
<charParams l="186" t="1030" r="200" b="1067" charConfidence="37">f</charParams>
<charParams l="198" t="1040" r="212" b="1062" charConfidence="30">o</charParams>
<charParams l="216" t="1039" r="228" b="1061" charConfidence="40">r</charParams>
<charParams l="231" t="1036" r="242" b="1062" charConfidence="47">t</charParams>
<charParams l="250" t="1053" r="258" b="1067" charConfidence="63">,</charParams>
<charParams l="259" t="1036" r="296" b="1068"> </charParams>
<charParams l="297" t="1037" r="322" b="1061" charConfidence="55">w</charParams>
<charParams l="326" t="1038" r="338" b="1061" charConfidence="30">e</charParams>
<charParams l="341" t="1038" r="356" b="1060" charConfidence="49">n</charParams>
<charParams l="360" t="1038" r="377" b="1060" charConfidence="35">n</charParams>
<charParams l="378" t="1037" r="409" b="1061"> </charParams>
<charParams l="410" t="1037" r="437" b="1061" charConfidence="100">m</charParams>
<charParams l="442" t="1030" r="448" b="1061" charConfidence="-1">i</charParams>
<charParams l="451" t="1029" r="477" b="1066" charConfidence="60">c</charParams>
<charParams l="451" t="1029" r="477" b="1066" charConfidence="60">h</charParams>
<charParams l="478" t="1029" r="509" b="1067"> </charParams>
<charParams l="510" t="1030" r="525" b="1059" charConfidence="26">d</charParams>
<charParams l="529" t="1036" r="540" b="1059" charConfidence="25">e</charParams>
<charParams l="543" t="1036" r="556" b="1059" charConfidence="40">r</charParams>
<charParams l="557" t="1026" r="578" b="1066"> </charParams>
<charParams l="579" t="1026" r="609" b="1066" charConfidence="42">P</charParams>
<charParams l="613" t="1036" r="627" b="1057" charConfidence="47">o</charParams>
<charParams l="632" t="1028" r="651" b="1065" charConfidence="73">s</charParams>
<charParams l="632" t="1028" r="651" b="1065" charConfidence="73">t</charParams>
<charParams l="654" t="1026" r="669" b="1057" charConfidence="26">b</charParams>
<charParams l="673" t="1036" r="686" b="1058" charConfidence="58">o</charParams>
<charParams l="691" t="1033" r="701" b="1058" charConfidence="66">t</charParams>
<charParams l="703" t="1036" r="716" b="1058" suspicious="1" charConfidence="29">e</charParams>
<charParams l="717" t="1036" r="738" b="1058"> </charParams>
<charParams l="739" t="1036" r="766" b="1058" charConfidence="52">m</charParams>
<charParams l="769" t="1037" r="784" b="1058" charConfidence="65">o</charParams>
<charParams l="787" t="1035" r="800" b="1059" charConfidence="38">r</charParams>
<charParams l="800" t="1037" r="817" b="1067" charConfidence="25">g</charParams>
<charParams l="821" t="1037" r="833" b="1059" charConfidence="26">e</charParams>
<charParams l="835" t="1037" r="852" b="1059" charConfidence="53">n</charParams>
<charParams l="853" t="1028" r="875" b="1065"> </charParams>
<charParams l="876" t="1029" r="890" b="1065" charConfidence="35">f</charParams>
<charParams l="890" t="1038" r="901" b="1058" charConfidence="24">r</charParams>
<charParams l="905" t="1027" r="921" b="1059" charConfidence="24">ü</charParams>
<charParams l="925" t="1028" r="941" b="1068" charConfidence="74">h</charParams></formatting></line>
<line baseline="1122" l="183" t="1084" r="939" b="1131"><formatting lang="OldGerman">
<charParams l="183" t="1098" r="200" b="1120" charConfidence="52">n</charParams>
<charParams l="205" t="1091" r="212" b="1119" charConfidence="100">i</charParams>
<charParams l="215" t="1099" r="225" b="1119" charConfidence="34">c</charParams>
<charParams l="226" t="1090" r="240" b="1125" charConfidence="31">h</charParams>
<charParams l="245" t="1096" r="254" b="1120" charConfidence="27">t</charParams>
<charParams l="255" t="1092" r="275" b="1120"> </charParams>
<charParams l="276" t="1092" r="291" b="1121" charConfidence="33">d</charParams>
<charParams l="295" t="1098" r="308" b="1120" charConfidence="100">r</charParams>
<charParams l="310" t="1090" r="324" b="1121" charConfidence="22">ä</charParams>
<charParams l="328" t="1098" r="344" b="1120" charConfidence="39">n</charParams>
<charParams l="347" t="1098" r="363" b="1128" charConfidence="27">g</charParams>
<charParams l="368" t="1095" r="377" b="1120" charConfidence="31">t</charParams>
<charParams l="380" t="1098" r="392" b="1121" charConfidence="27">e</charParams>
<charParams l="399" t="1112" r="409" b="1126" charConfidence="100">,</charParams>
<charParams l="410" t="1097" r="438" b="1126"> </charParams>
<charParams l="439" t="1097" r="465" b="1121" charConfidence="71">w</charParams>
<charParams l="468" t="1098" r="480" b="1120" charConfidence="31">e</charParams>
<charParams l="483" t="1098" r="499" b="1120" charConfidence="100">n</charParams>
<charParams l="502" t="1097" r="519" b="1120" charConfidence="68">n</charParams>
<charParams l="520" t="1096" r="541" b="1120"> </charParams>
<charParams l="542" t="1096" r="567" b="1120" charConfidence="52">w</charParams>
<charParams l="571" t="1090" r="578" b="1119" charConfidence="33">i</charParams>
<charParams l="582" t="1097" r="594" b="1119" charConfidence="100">r</charParams>
<charParams l="595" t="1096" r="616" b="1119"> </charParams>
<charParams l="617" t="1096" r="633" b="1118" charConfidence="46">u</charParams>
<charParams l="637" t="1095" r="653" b="1117" charConfidence="61">n</charParams>
<charParams l="656" t="1090" r="671" b="1117" charConfidence="100">s</charParams>
<charParams l="672" t="1091" r="694" b="1118"> </charParams>
<charParams l="695" t="1095" r="711" b="1118" charConfidence="45">n</charParams>
<charParams l="715" t="1088" r="722" b="1117" charConfidence="37">i</charParams>
<charParams l="726" t="1088" r="751" b="1123" charConfidence="72">c</charParams>
<charParams l="726" t="1088" r="751" b="1123" charConfidence="72">h</charParams>
<charParams l="755" t="1092" r="765" b="1117" charConfidence="46">t</charParams>
<charParams l="766" t="1087" r="787" b="1125"> </charParams>
<charParams l="788" t="1087" r="804" b="1125" suspicious="1" charConfidence="100">h</charParams>
<charParams l="809" t="1096" r="820" b="1117" charConfidence="26">e</charParams>
<charParams l="824" t="1096" r="839" b="1118" charConfidence="100">u</charParams>
<charParams l="844" t="1093" r="854" b="1118" charConfidence="27">t</charParams>
<charParams l="855" t="1093" r="883" b="1119"> </charParams>
<charParams l="884" t="1098" r="896" b="1119" charConfidence="36">e</charParams>
<charParams l="900" t="1098" r="915" b="1119" charConfidence="24">n</charParams>
<charParams l="920" t="1095" r="929" b="1119" charConfidence="100">t</charParams>
<charParams l="932" t="1100" r="939" b="1115" charConfidence="100">¬</charParams></formatting></line>
<line baseline="1182" l="181" t="1144" r="938" b="1191"><formatting lang="OldGerman">
<charParams l="181" t="1150" r="194" b="1185" charConfidence="63">s</charParams>
<charParams l="192" t="1151" r="217" b="1184" charConfidence="61">c</charParams>
<charParams l="192" t="1151" r="217" b="1184" charConfidence="61">h</charParams>
<charParams l="222" t="1153" r="228" b="1180" charConfidence="40">l</charParams>
<charParams l="232" t="1151" r="239" b="1179" charConfidence="-1">i</charParams>
<charParams l="243" t="1158" r="254" b="1179" charConfidence="100">e</charParams>
<charParams l="258" t="1149" r="273" b="1186" charConfidence="27">ß</charParams>
<charParams l="276" t="1158" r="288" b="1180" charConfidence="43">e</charParams>
<charParams l="290" t="1157" r="307" b="1179" charConfidence="36">n</charParams>
<charParams l="308" t="1157" r="330" b="1180"> </charParams>
<charParams l="331" t="1157" r="359" b="1180" charConfidence="84">m</charParams>
<charParams l="362" t="1149" r="378" b="1180" charConfidence="68">ü</charParams>
<charParams l="382" t="1150" r="397" b="1186" charConfidence="28">ß</charParams>
<charParams l="401" t="1157" r="411" b="1181" charConfidence="27">t</charParams>
<charParams l="413" t="1159" r="426" b="1181" charConfidence="32">e</charParams>
<charParams l="428" t="1158" r="445" b="1181" charConfidence="25">n</charParams>
<charParams l="451" t="1171" r="461" b="1186" charConfidence="84">,</charParams>
<charParams l="462" t="1150" r="484" b="1187"> </charParams>
<charParams l="485" t="1151" r="493" b="1180" charConfidence="26">i</charParams>
<charParams l="497" t="1150" r="522" b="1188" charConfidence="72">c</charParams>
<charParams l="497" t="1150" r="522" b="1188" charConfidence="72">h</charParams>
<charParams l="523" t="1149" r="544" b="1189"> </charParams>
<charParams l="545" t="1149" r="562" b="1189" suspicious="1" charConfidence="51">h</charParams>
<charParams l="566" t="1149" r="580" b="1180" charConfidence="22">ä</charParams>
<charParams l="584" t="1155" r="593" b="1181" charConfidence="36">t</charParams>
<charParams l="596" t="1154" r="606" b="1180" charConfidence="39">t</charParams>
<charParams l="609" t="1157" r="621" b="1179" charConfidence="54">e</charParams>
<charParams l="622" t="1157" r="641" b="1179"> </charParams>
<charParams l="642" t="1157" r="659" b="1179" charConfidence="31">v</charParams>
<charParams l="663" t="1149" r="670" b="1178" charConfidence="30">i</charParams>
<charParams l="673" t="1156" r="685" b="1178" charConfidence="29">e</charParams>
<charParams l="688" t="1147" r="697" b="1178" charConfidence="98">l</charParams>
<charParams l="698" t="1147" r="705" b="1178" charConfidence="39">l</charParams>
<charParams l="708" t="1155" r="720" b="1178" charConfidence="30">e</charParams>
<charParams l="723" t="1148" r="730" b="1178" charConfidence="100">i</charParams>
<charParams l="733" t="1148" r="758" b="1185" charConfidence="75">c</charParams>
<charParams l="733" t="1148" r="758" b="1185" charConfidence="75">h</charParams>
<charParams l="763" t="1154" r="773" b="1178" charConfidence="26">t</charParams>
<charParams l="774" t="1154" r="795" b="1178"> </charParams>
<charParams l="796" t="1156" r="813" b="1178" charConfidence="100">n</charParams>
<charParams l="817" t="1156" r="830" b="1178" charConfidence="33">o</charParams>
<charParams l="835" t="1149" r="860" b="1185" charConfidence="63">c</charParams>
<charParams l="835" t="1149" r="860" b="1185" charConfidence="63">h</charParams>
<charParams l="861" t="1149" r="879" b="1186"> </charParams>
<charParams l="880" t="1151" r="889" b="1180" charConfidence="96">l</charParams>
<charParams l="891" t="1148" r="905" b="1179" suspicious="1" charConfidence="22">ä</charParams>
<charParams l="910" t="1158" r="925" b="1179" charConfidence="23">n</charParams>
<charParams l="930" t="1161" r="938" b="1176" charConfidence="22">¬</charParams></formatting></line>
<line baseline="1244" l="179" t="1207" r="437" b="1248"><formatting lang="OldGerman">
<charParams l="179" t="1216" r="195" b="1247" charConfidence="27">g</charParams>
<charParams l="198" t="1217" r="209" b="1239" charConfidence="26">e</charParams>
<charParams l="213" t="1216" r="225" b="1238" charConfidence="26">r</charParams>
<charParams l="226" t="1216" r="245" b="1247"> </charParams>
<charParams l="246" t="1217" r="263" b="1247" charConfidence="55">g</charParams>
<charParams l="268" t="1217" r="279" b="1239" charConfidence="25">e</charParams>
<charParams l="283" t="1207" r="295" b="1248" charConfidence="25">s</charParams>
<charParams l="293" t="1209" r="319" b="1247" charConfidence="100">c</charParams>
<charParams l="293" t="1209" r="319" b="1247" charConfidence="100">h</charParams>
<charParams l="321" t="1215" r="347" b="1240" charConfidence="31">w</charParams>
<charParams l="350" t="1210" r="358" b="1240" charConfidence="35">i</charParams>
<charParams l="361" t="1218" r="373" b="1239" charConfidence="34">e</charParams>
<charParams l="374" t="1217" r="390" b="1248" charConfidence="55">g</charParams>
<charParams l="394" t="1218" r="406" b="1241" charConfidence="55">e</charParams>
<charParams l="409" t="1218" r="424" b="1240" charConfidence="50">n</charParams>
<charParams l="428" t="1232" r="437" b="1241" charConfidence="59">.</charParams></formatting></line></par>
<par startIndent="1536" lineSpacing="1440">
<line baseline="1362" l="233" t="1323" r="930" b="1370"><formatting lang="OldGerman">
<charParams l="233" t="1327" r="272" b="1360" charConfidence="52">W</charParams>
<charParams l="275" t="1337" r="289" b="1359" charConfidence="100">a</charParams>
<charParams l="294" t="1332" r="308" b="1360" charConfidence="100">s</charParams>
<charParams l="309" t="1330" r="322" b="1360"> </charParams>
<charParams l="323" t="1330" r="331" b="1360" charConfidence="29">i</charParams>
<charParams l="335" t="1329" r="355" b="1367" charConfidence="64">s</charParams>
<charParams l="335" t="1329" r="355" b="1367" charConfidence="64">t</charParams>
<charParams l="356" t="1329" r="368" b="1367"> </charParams>
<charParams l="369" t="1338" r="381" b="1360" charConfidence="29">e</charParams>
<charParams l="384" t="1333" r="399" b="1360" suspicious="1" charConfidence="100">S</charParams>
<charParams l="400" t="1331" r="420" b="1361"> </charParams>
<charParams l="421" t="1331" r="435" b="1361" charConfidence="26">d</charParams>
<charParams l="440" t="1338" r="451" b="1361" charConfidence="25">e</charParams>
<charParams l="454" t="1337" r="470" b="1360" charConfidence="44">n</charParams>
<charParams l="474" t="1337" r="490" b="1361" charConfidence="25">n</charParams>
<charParams l="491" t="1325" r="506" b="1361"> </charParams>
<charParams l="507" t="1325" r="522" b="1356" charConfidence="22">?</charParams>
<charParams l="523" t="1325" r="543" b="1365"> </charParams>
<charParams l="544" t="1326" r="560" b="1365" charConfidence="44">f</charParams>
<charParams l="558" t="1337" r="571" b="1359" charConfidence="34">r</charParams>
<charParams l="573" t="1336" r="588" b="1358" charConfidence="35">a</charParams>
<charParams l="589" t="1335" r="606" b="1366" charConfidence="28">g</charParams>
<charParams l="609" t="1332" r="620" b="1357" charConfidence="30">t</charParams>
<charParams l="622" t="1335" r="634" b="1357" charConfidence="31">e</charParams>
<charParams l="635" t="1325" r="652" b="1359"> </charParams>
<charParams l="653" t="1325" r="676" b="1360" charConfidence="36">C</charParams>
<charParams l="679" t="1326" r="695" b="1369" charConfidence="62">h</charParams>
<charParams l="699" t="1336" r="713" b="1359" charConfidence="0">a</charParams>
<charParams l="717" t="1336" r="729" b="1359" charConfidence="31">r</charParams>
<charParams l="733" t="1329" r="741" b="1360" charConfidence="33">l</charParams>
<charParams l="744" t="1337" r="757" b="1360" charConfidence="42">o</charParams>
<charParams l="761" t="1334" r="771" b="1360" charConfidence="62">t</charParams>
<charParams l="773" t="1334" r="783" b="1360" charConfidence="60">t</charParams>
<charParams l="786" t="1337" r="798" b="1359" charConfidence="41">e</charParams>
<charParams l="799" t="1328" r="820" b="1366"> </charParams>
<charParams l="821" t="1328" r="834" b="1366" charConfidence="29">f</charParams>
<charParams l="835" t="1337" r="847" b="1359" charConfidence="31">r</charParams>
<charParams l="850" t="1337" r="861" b="1359" charConfidence="25">e</charParams>
<charParams l="865" t="1337" r="880" b="1359" charConfidence="68">u</charParams>
<charParams l="885" t="1337" r="900" b="1359" charConfidence="24">n</charParams>
<charParams l="904" t="1332" r="918" b="1358" charConfidence="27">d</charParams>
<charParams l="922" t="1337" r="930" b="1352" charConfidence="100">¬</charParams></formatting></line>
<line baseline="1422" l="175" t="1386" r="527" b="1427"><formatting lang="OldGerman">
<charParams l="175" t="1387" r="180" b="1413" charConfidence="35">l</charParams>
<charParams l="185" t="1386" r="192" b="1413" charConfidence="31">i</charParams>
<charParams l="195" t="1386" r="221" b="1419" charConfidence="55">c</charParams>
<charParams l="195" t="1386" r="221" b="1419" charConfidence="55">h</charParams>
<charParams l="222" t="1386" r="242" b="1419"> </charParams>
<charParams l="243" t="1396" r="255" b="1417" charConfidence="36">e</charParams>
<charParams l="257" t="1396" r="274" b="1417" charConfidence="54">n</charParams>
<charParams l="278" t="1394" r="288" b="1418" charConfidence="27">t</charParams>
<charParams l="289" t="1397" r="304" b="1426" charConfidence="100">g</charParams>
<charParams l="308" t="1398" r="320" b="1419" charConfidence="34">e</charParams>
<charParams l="322" t="1398" r="337" b="1425" charConfidence="24">g</charParams>
<charParams l="342" t="1398" r="353" b="1419" charConfidence="100">e</charParams>
<charParams l="356" t="1398" r="372" b="1419" charConfidence="32">n</charParams>
<charParams l="376" t="1389" r="387" b="1419" charConfidence="74">k</charParams>
<charParams l="390" t="1398" r="404" b="1419" charConfidence="47">o</charParams>
<charParams l="407" t="1396" r="433" b="1419" charConfidence="26">m</charParams>
<charParams l="437" t="1397" r="463" b="1419" charConfidence="49">m</charParams>
<charParams l="467" t="1398" r="479" b="1419" charConfidence="33">e</charParams>
<charParams l="481" t="1397" r="497" b="1420" charConfidence="28">n</charParams>
<charParams l="501" t="1392" r="516" b="1419" charConfidence="39">d</charParams>
<charParams l="519" t="1410" r="527" b="1419" charConfidence="88">.</charParams></formatting></line></par>
</text>
</block>
</page>
</document>