﻿<?xml version="1.0" encoding="UTF-8" standalone="yes"?>
<document xmlns="http://www.abbyy.com/FineReader_xml/FineReader10-schema-v1.xml" version="1.0" producer="ABBYY FineReader Engine 11" languages="" xmlns:xsi="http://www.w3.org/2001/XMLSchema-instance" xsi:schemaLocation="http://www.abbyy.com/FineReader_xml/FineReader10-schema-v1.xml http://www.abbyy.com/FineReader_xml/FineReader10-schema-v1.xml">
<page width="1156" height="1782" resolution="300" originalCoords="1">
<block blockType="Text" blockName="">
<text>
<par startIndent="144">
<line baseline="90" l="584" t="59" r="605" b="90"><formatting lang="OldGerman">
<charParams l="584" t="59" r="605" b="90" suspicious="1" charConfidence="100">9</charParams></formatting></line></par>
</text>
</block>
<block blockType="Text" blockName="">
<text>
<par align="Justified" startIndent="465" lineSpacing="1416">
<line baseline="169" l="214" t="135" r="972" b="175"><formatting lang="OldGerman">
<charParams l="214" t="149" r="226" b="170" charConfidence="36">e</charParams>
<charParams l="229" t="146" r="238" b="169" charConfidence="39">t</charParams>
<charParams l="241" t="147" r="265" b="170" charConfidence="26">w</charParams>
<charParams l="269" t="148" r="283" b="169" charConfidence="25">a</charParams>
<charParams l="287" t="143" r="302" b="169" charConfidence="-1">s</charParams>
<charParams l="303" t="143" r="328" b="171"> </charParams>
<charParams l="329" t="149" r="346" b="171" charConfidence="69">v</charParams>
<charParams l="349" t="149" r="363" b="171" charConfidence="52">o</charParams>
<charParams l="367" t="149" r="384" b="170" charConfidence="25">n</charParams>
<charParams l="385" t="147" r="406" b="170"> </charParams>
<charParams l="407" t="147" r="433" b="170" charConfidence="42">m</charParams>
<charParams l="437" t="140" r="445" b="170" charConfidence="-1">i</charParams>
<charParams l="448" t="147" r="461" b="169" charConfidence="26">r</charParams>
<charParams l="462" t="145" r="491" b="169"> </charParams>
<charParams l="492" t="145" r="507" b="167" charConfidence="68">a</charParams>
<charParams l="511" t="144" r="526" b="167" charConfidence="30">n</charParams>
<charParams l="529" t="143" r="541" b="175" charConfidence="24">z</charParams>
<charParams l="544" t="144" r="561" b="166" charConfidence="54">u</charParams>
<charParams l="564" t="144" r="580" b="166" charConfidence="60">n</charParams>
<charParams l="585" t="144" r="596" b="166" charConfidence="43">e</charParams>
<charParams l="600" t="135" r="615" b="174" charConfidence="51">h</charParams>
<charParams l="620" t="144" r="646" b="167" charConfidence="67">m</charParams>
<charParams l="650" t="145" r="661" b="167" charConfidence="24">e</charParams>
<charParams l="665" t="145" r="682" b="169" charConfidence="27">n</charParams>
<charParams l="693" t="147" r="700" b="168" charConfidence="100">:</charParams>
<charParams l="701" t="139" r="739" b="169"> </charParams>
<charParams l="740" t="139" r="755" b="169" charConfidence="44">d</charParams>
<charParams l="759" t="146" r="771" b="169" charConfidence="26">e</charParams>
<charParams l="773" t="145" r="790" b="168" charConfidence="42">n</charParams>
<charParams l="794" t="145" r="810" b="168" charConfidence="27">n</charParams>
<charParams l="811" t="144" r="832" b="168"> </charParams>
<charParams l="833" t="144" r="859" b="168" charConfidence="25">w</charParams>
<charParams l="863" t="138" r="870" b="167" charConfidence="60">i</charParams>
<charParams l="873" t="145" r="886" b="167" charConfidence="25">r</charParams>
<charParams l="887" t="136" r="914" b="173"> </charParams>
<charParams l="915" t="136" r="934" b="173" charConfidence="85">s</charParams>
<charParams l="915" t="136" r="934" b="173" charConfidence="85">i</charParams>
<charParams l="936" t="144" r="952" b="167" charConfidence="74">n</charParams>
<charParams l="955" t="137" r="972" b="166" charConfidence="55">d</charParams></formatting></line>
<line baseline="226" l="212" t="195" r="972" b="237"><formatting lang="OldGerman">
<charParams l="212" t="205" r="229" b="227" charConfidence="27">u</charParams>
<charParams l="232" t="205" r="249" b="227" charConfidence="100">n</charParams>
<charParams l="253" t="197" r="265" b="232" charConfidence="29">s</charParams>
<charParams l="263" t="206" r="276" b="227" charConfidence="100">r</charParams>
<charParams l="279" t="207" r="291" b="228" charConfidence="62">e</charParams>
<charParams l="292" t="198" r="313" b="230"> </charParams>
<charParams l="314" t="198" r="330" b="230" charConfidence="38">L</charParams>
<charParams l="334" t="207" r="345" b="228" charConfidence="28">e</charParams>
<charParams l="349" t="197" r="363" b="228" charConfidence="58">b</charParams>
<charParams l="366" t="206" r="376" b="237" charConfidence="26">z</charParams>
<charParams l="381" t="206" r="392" b="227" charConfidence="26">e</charParams>
<charParams l="396" t="199" r="403" b="227" charConfidence="100">i</charParams>
<charParams l="406" t="202" r="415" b="227" charConfidence="36">t</charParams>
<charParams l="416" t="196" r="437" b="227"> </charParams>
<charParams l="438" t="196" r="455" b="226" charConfidence="22">ü</charParams>
<charParams l="459" t="195" r="473" b="226" charConfidence="50">b</charParams>
<charParams l="477" t="203" r="488" b="225" charConfidence="24">e</charParams>
<charParams l="491" t="202" r="504" b="225" charConfidence="26">r</charParams>
<charParams l="505" t="202" r="522" b="225"> </charParams>
<charParams l="523" t="202" r="535" b="224" charConfidence="29">e</charParams>
<charParams l="538" t="195" r="545" b="224" charConfidence="100">i</charParams>
<charParams l="549" t="202" r="565" b="224" charConfidence="76">n</charParams>
<charParams l="568" t="203" r="583" b="223" charConfidence="54">a</charParams>
<charParams l="587" t="202" r="603" b="224" charConfidence="25">n</charParams>
<charParams l="607" t="197" r="622" b="225" charConfidence="26">d</charParams>
<charParams l="625" t="203" r="638" b="225" charConfidence="27">e</charParams>
<charParams l="640" t="203" r="653" b="225" charConfidence="50">r</charParams>
<charParams l="654" t="203" r="671" b="227"> </charParams>
<charParams l="672" t="203" r="698" b="227" charConfidence="27">w</charParams>
<charParams l="701" t="206" r="713" b="228" charConfidence="30">e</charParams>
<charParams l="715" t="198" r="741" b="234" charConfidence="64">c</charParams>
<charParams l="715" t="198" r="741" b="234" charConfidence="64">h</charParams>
<charParams l="745" t="197" r="757" b="232" charConfidence="100">s</charParams>
<charParams l="756" t="206" r="768" b="227" charConfidence="25">e</charParams>
<charParams l="772" t="199" r="779" b="228" charConfidence="63">l</charParams>
<charParams l="782" t="197" r="794" b="233" charConfidence="47">s</charParams>
<charParams l="793" t="205" r="805" b="227" charConfidence="45">e</charParams>
<charParams l="808" t="198" r="815" b="227" charConfidence="87">i</charParams>
<charParams l="818" t="202" r="828" b="227" charConfidence="74">t</charParams>
<charParams l="831" t="198" r="838" b="226" charConfidence="100">i</charParams>
<charParams l="840" t="204" r="856" b="234" charConfidence="39">g</charParams>
<charParams l="857" t="196" r="873" b="234"> </charParams>
<charParams l="874" t="196" r="887" b="232" charConfidence="47">s</charParams>
<charParams l="886" t="205" r="900" b="226" charConfidence="33">o</charParams>
<charParams l="901" t="205" r="916" b="226"> </charParams>
<charParams l="917" t="205" r="934" b="226" charConfidence="100">v</charParams>
<charParams l="938" t="196" r="945" b="225" charConfidence="100">i</charParams>
<charParams l="949" t="203" r="960" b="225" charConfidence="41">e</charParams>
<charParams l="963" t="195" r="972" b="225" charConfidence="66">l</charParams></formatting></line>
<line baseline="284" l="210" t="253" r="971" b="294"><formatting lang="OldGerman">
<charParams l="210" t="256" r="223" b="293" charConfidence="100">s</charParams>
<charParams l="222" t="257" r="247" b="293" charConfidence="58">c</charParams>
<charParams l="222" t="257" r="247" b="293" charConfidence="58">h</charParams>
<charParams l="251" t="265" r="266" b="286" charConfidence="72">u</charParams>
<charParams l="271" t="259" r="278" b="286" charConfidence="16">l</charParams>
<charParams l="281" t="260" r="296" b="287" charConfidence="33">d</charParams>
<charParams l="300" t="258" r="307" b="286" charConfidence="100">i</charParams>
<charParams l="308" t="265" r="325" b="294" suspicious="1" charConfidence="32">g</charParams>
<charParams l="336" t="285" r="339" b="292" charConfidence="33">,</charParams>
<charParams l="340" t="265" r="352" b="293"> </charParams>
<charParams l="353" t="265" r="370" b="293" charConfidence="27">g</charParams>
<charParams l="374" t="264" r="386" b="286" charConfidence="32">e</charParams>
<charParams l="388" t="262" r="412" b="285" charConfidence="62">w</charParams>
<charParams l="416" t="263" r="430" b="284" charConfidence="38">o</charParams>
<charParams l="433" t="263" r="445" b="284" charConfidence="100">r</charParams>
<charParams l="448" t="256" r="462" b="284" charConfidence="27">d</charParams>
<charParams l="466" t="261" r="478" b="283" charConfidence="28">e</charParams>
<charParams l="481" t="261" r="497" b="283" suspicious="1" charConfidence="37">n</charParams>
<charParams l="508" t="274" r="518" b="289" charConfidence="99">,</charParams>
<charParams l="519" t="255" r="558" b="289"> </charParams>
<charParams l="559" t="255" r="574" b="283" charConfidence="31">d</charParams>
<charParams l="577" t="261" r="592" b="282" charConfidence="54">a</charParams>
<charParams l="596" t="253" r="612" b="289" charConfidence="28">ß</charParams>
<charParams l="613" t="253" r="643" b="289"> </charParams>
<charParams l="644" t="262" r="669" b="285" charConfidence="56">w</charParams>
<charParams l="673" t="257" r="680" b="285" charConfidence="100">i</charParams>
<charParams l="683" t="264" r="697" b="286" charConfidence="26">r</charParams>
<charParams l="698" t="264" r="728" b="286"> </charParams>
<charParams l="729" t="265" r="747" b="286" charConfidence="30">n</charParams>
<charParams l="751" t="257" r="759" b="287" charConfidence="100">i</charParams>
<charParams l="762" t="257" r="787" b="292" charConfidence="57">c</charParams>
<charParams l="762" t="257" r="787" b="292" charConfidence="57">h</charParams>
<charParams l="791" t="262" r="801" b="286" charConfidence="100">t</charParams>
<charParams l="802" t="256" r="825" b="287"> </charParams>
<charParams l="826" t="256" r="842" b="287" charConfidence="38">b</charParams>
<charParams l="845" t="264" r="856" b="286" charConfidence="39">e</charParams>
<charParams l="860" t="264" r="872" b="286" charConfidence="35">r</charParams>
<charParams l="875" t="264" r="886" b="286" charConfidence="26">e</charParams>
<charParams l="889" t="256" r="914" b="292" charConfidence="100">c</charParams>
<charParams l="889" t="256" r="914" b="292" charConfidence="100">h</charParams>
<charParams l="918" t="264" r="935" b="286" charConfidence="34">n</charParams>
<charParams l="938" t="263" r="950" b="286" charConfidence="48">e</charParams>
<charParams l="953" t="262" r="971" b="284" charConfidence="29">n</charParams></formatting></line>
<line baseline="344" l="208" t="310" r="967" b="354"><formatting lang="OldGerman">
<charParams l="208" t="315" r="222" b="345" charConfidence="48">k</charParams>
<charParams l="223" t="315" r="237" b="345" charConfidence="22">ö</charParams>
<charParams l="242" t="324" r="257" b="345" charConfidence="23">n</charParams>
<charParams l="261" t="324" r="277" b="345" charConfidence="48">n</charParams>
<charParams l="281" t="324" r="292" b="345" charConfidence="100">e</charParams>
<charParams l="296" t="323" r="313" b="345" suspicious="1" charConfidence="-1">»</charParams>
<charParams l="324" t="336" r="334" b="350" charConfidence="90">,</charParams>
<charParams l="335" t="320" r="362" b="350"> </charParams>
<charParams l="363" t="320" r="389" b="343" charConfidence="26">w</charParams>
<charParams l="392" t="313" r="400" b="342" charConfidence="100">i</charParams>
<charParams l="403" t="320" r="416" b="342" charConfidence="29">e</charParams>
<charParams l="417" t="320" r="439" b="342"> </charParams>
<charParams l="440" t="320" r="458" b="342" charConfidence="61">u</charParams>
<charParams l="460" t="319" r="478" b="342" charConfidence="76">n</charParams>
<charParams l="481" t="311" r="493" b="348" charConfidence="31">s</charParams>
<charParams l="492" t="320" r="504" b="341" charConfidence="28">e</charParams>
<charParams l="506" t="319" r="519" b="341" charConfidence="30">r</charParams>
<charParams l="520" t="310" r="549" b="343"> </charParams>
<charParams l="550" t="310" r="574" b="343" charConfidence="52">C</charParams>
<charParams l="576" t="320" r="589" b="342" charConfidence="72">r</charParams>
<charParams l="591" t="320" r="603" b="342" charConfidence="32">e</charParams>
<charParams l="606" t="314" r="621" b="342" charConfidence="28">d</charParams>
<charParams l="624" t="313" r="632" b="342" charConfidence="100">i</charParams>
<charParams l="635" t="318" r="646" b="343" charConfidence="61">t</charParams>
<charParams l="647" t="318" r="671" b="345"> </charParams>
<charParams l="672" t="322" r="689" b="345" charConfidence="66">u</charParams>
<charParams l="693" t="322" r="709" b="345" charConfidence="53">n</charParams>
<charParams l="713" t="317" r="728" b="345" charConfidence="29">d</charParams>
<charParams l="729" t="314" r="746" b="346"> </charParams>
<charParams l="747" t="314" r="781" b="346" charConfidence="100">D</charParams>
<charParams l="784" t="323" r="796" b="345" charConfidence="44">e</charParams>
<charParams l="799" t="314" r="814" b="345" charConfidence="29">b</charParams>
<charParams l="818" t="323" r="830" b="345" charConfidence="51">e</charParams>
<charParams l="833" t="321" r="843" b="345" charConfidence="36">t</charParams>
<charParams l="844" t="315" r="859" b="354"> </charParams>
<charParams l="860" t="315" r="878" b="354" charConfidence="52">s</charParams>
<charParams l="860" t="315" r="878" b="354" charConfidence="52">i</charParams>
<charParams l="880" t="315" r="906" b="352" charConfidence="57">c</charParams>
<charParams l="880" t="315" r="906" b="352" charConfidence="57">h</charParams>
<charParams l="907" t="315" r="924" b="353"> </charParams>
<charParams l="925" t="323" r="941" b="353" charConfidence="66">g</charParams>
<charParams l="945" t="322" r="956" b="345" charConfidence="32">e</charParams>
<charParams l="959" t="323" r="967" b="338" charConfidence="22">¬</charParams></formatting></line>
<line baseline="401" l="207" t="369" r="967" b="412"><formatting lang="OldGerman">
<charParams l="207" t="381" r="223" b="408" charConfidence="38">g</charParams>
<charParams l="227" t="381" r="239" b="401" charConfidence="64">e</charParams>
<charParams l="241" t="380" r="258" b="401" charConfidence="57">n</charParams>
<charParams l="259" t="380" r="274" b="401"> </charParams>
<charParams l="275" t="380" r="288" b="401" charConfidence="28">e</charParams>
<charParams l="291" t="373" r="299" b="402" charConfidence="100">i</charParams>
<charParams l="301" t="380" r="317" b="401" charConfidence="56">n</charParams>
<charParams l="321" t="379" r="335" b="401" charConfidence="25">a</charParams>
<charParams l="339" t="379" r="355" b="400" charConfidence="71">n</charParams>
<charParams l="359" t="373" r="373" b="400" charConfidence="100">d</charParams>
<charParams l="377" t="378" r="389" b="400" charConfidence="30">e</charParams>
<charParams l="392" t="378" r="406" b="399" charConfidence="26">r</charParams>
<charParams l="407" t="378" r="419" b="399"> </charParams>
<charParams l="420" t="378" r="437" b="399" charConfidence="31">v</charParams>
<charParams l="441" t="378" r="453" b="399" charConfidence="33">e</charParams>
<charParams l="456" t="378" r="468" b="399" charConfidence="85">r</charParams>
<charParams l="471" t="369" r="487" b="406" charConfidence="97">h</charParams>
<charParams l="491" t="378" r="505" b="399" charConfidence="100">a</charParams>
<charParams l="511" t="371" r="518" b="400" charConfidence="33">l</charParams>
<charParams l="520" t="374" r="531" b="400" charConfidence="52">t</charParams>
<charParams l="533" t="378" r="546" b="399" charConfidence="40">e</charParams>
<charParams l="547" t="378" r="566" b="399"> </charParams>
<charParams l="567" t="385" r="610" b="392" suspicious="1" charConfidence="-1">—</charParams>
<charParams l="611" t="373" r="632" b="401"> </charParams>
<charParams l="633" t="373" r="648" b="401" charConfidence="30">d</charParams>
<charParams l="652" t="380" r="666" b="401" charConfidence="65">a</charParams>
<charParams l="671" t="372" r="687" b="407" charConfidence="28">ß</charParams>
<charParams l="688" t="372" r="704" b="407"> </charParams>
<charParams l="705" t="381" r="717" b="402" charConfidence="32">e</charParams>
<charParams l="720" t="381" r="733" b="402" charConfidence="100">r</charParams>
<charParams l="734" t="381" r="746" b="409"> </charParams>
<charParams l="747" t="381" r="763" b="409" charConfidence="26">g</charParams>
<charParams l="768" t="382" r="779" b="403" charConfidence="33">e</charParams>
<charParams l="782" t="374" r="795" b="409" charConfidence="71">s</charParams>
<charParams l="792" t="374" r="818" b="409" charConfidence="69">c</charParams>
<charParams l="792" t="374" r="818" b="409" suspicious="1" charConfidence="69">h</charParams>
<charParams l="821" t="374" r="836" b="404" charConfidence="26">ä</charParams>
<charParams l="840" t="374" r="854" b="409" suspicious="1" charConfidence="100">f</charParams>
<charParams l="853" t="380" r="863" b="404" charConfidence="57">t</charParams>
<charParams l="866" t="375" r="874" b="404" charConfidence="39">l</charParams>
<charParams l="876" t="383" r="890" b="404" charConfidence="52">o</charParams>
<charParams l="893" t="378" r="909" b="404" charConfidence="100">S</charParams>
<charParams l="910" t="376" r="925" b="405"> </charParams>
<charParams l="926" t="376" r="933" b="405" charConfidence="100">i</charParams>
<charParams l="937" t="375" r="957" b="412" suspicious="1" charConfidence="22">s</charParams>
<charParams l="937" t="375" r="957" b="412" suspicious="1" charConfidence="22">i</charParams>
<charParams l="956" t="395" r="967" b="410" charConfidence="85">,</charParams></formatting></line>
<line baseline="460" l="204" t="427" r="963" b="469"><formatting lang="OldGerman">
<charParams l="204" t="430" r="220" b="459" charConfidence="26">d</charParams>
<charParams l="223" t="437" r="237" b="458" charConfidence="54">a</charParams>
<charParams l="241" t="433" r="256" b="459" charConfidence="-1">s</charParams>
<charParams l="257" t="430" r="278" b="459"> </charParams>
<charParams l="279" t="430" r="287" b="458" charConfidence="100">i</charParams>
<charParams l="291" t="429" r="311" b="465" charConfidence="22">s</charParams>
<charParams l="291" t="429" r="311" b="465" suspicious="1" charConfidence="22">i</charParams>
<charParams l="312" t="429" r="331" b="465"> </charParams>
<charParams l="332" t="437" r="345" b="459" charConfidence="87">e</charParams>
<charParams l="348" t="429" r="355" b="459" charConfidence="100">i</charParams>
<charParams l="356" t="437" r="372" b="466" charConfidence="55">g</charParams>
<charParams l="376" t="436" r="388" b="459" charConfidence="34">e</charParams>
<charParams l="390" t="436" r="407" b="459" charConfidence="100">n</charParams>
<charParams l="411" t="433" r="420" b="459" charConfidence="34">t</charParams>
<charParams l="423" t="429" r="431" b="458" charConfidence="41">l</charParams>
<charParams l="434" t="430" r="441" b="458" charConfidence="100">i</charParams>
<charParams l="444" t="427" r="470" b="464" charConfidence="73">c</charParams>
<charParams l="444" t="427" r="470" b="464" charConfidence="73">h</charParams>
<charParams l="471" t="427" r="493" b="464"> </charParams>
<charParams l="494" t="428" r="507" b="463" charConfidence="100">s</charParams>
<charParams l="506" t="437" r="517" b="459" charConfidence="25">e</charParams>
<charParams l="520" t="430" r="527" b="459" charConfidence="100">i</charParams>
<charParams l="531" t="437" r="547" b="459" charConfidence="24">n</charParams>
<charParams l="550" t="437" r="563" b="459" charConfidence="26">e</charParams>
<charParams l="564" t="428" r="582" b="459"> </charParams>
<charParams l="583" t="428" r="617" b="459" charConfidence="22">Q</charParams>
<charParams l="620" t="437" r="636" b="460" charConfidence="39">u</charParams>
<charParams l="640" t="437" r="654" b="459" charConfidence="26">a</charParams>
<charParams l="659" t="430" r="668" b="459" charConfidence="40">l</charParams>
<charParams l="669" t="451" r="677" b="460" charConfidence="73">.</charParams>
<charParams l="678" t="429" r="721" b="460"> </charParams>
<charParams l="722" t="429" r="756" b="460" charConfidence="100">D</charParams>
<charParams l="759" t="439" r="774" b="460" charConfidence="54">a</charParams>
<charParams l="778" t="434" r="793" b="460" charConfidence="100">s</charParams>
<charParams l="794" t="431" r="811" b="461"> </charParams>
<charParams l="812" t="431" r="841" b="461" charConfidence="35">V</charParams>
<charParams l="845" t="432" r="852" b="461" charConfidence="100">i</charParams>
<charParams l="856" t="440" r="867" b="461" charConfidence="26">e</charParams>
<charParams l="870" t="433" r="879" b="462" charConfidence="65">l</charParams>
<charParams l="881" t="431" r="895" b="467" charConfidence="40">f</charParams>
<charParams l="893" t="440" r="909" b="461" charConfidence="100">a</charParams>
<charParams l="911" t="434" r="937" b="469" charConfidence="55">c</charParams>
<charParams l="911" t="434" r="937" b="469" charConfidence="55">h</charParams>
<charParams l="941" t="440" r="954" b="462" charConfidence="28">e</charParams>
<charParams l="954" t="453" r="963" b="467" charConfidence="55">,</charParams></formatting></line>
<line baseline="519" l="203" t="488" r="964" b="528"><formatting lang="OldGerman">
<charParams l="203" t="494" r="228" b="518" charConfidence="27">w</charParams>
<charParams l="232" t="496" r="247" b="517" charConfidence="54">a</charParams>
<charParams l="251" t="496" r="266" b="518" charConfidence="100">s</charParams>
<charParams l="267" t="496" r="297" b="518"> </charParams>
<charParams l="298" t="496" r="310" b="518" charConfidence="32">e</charParams>
<charParams l="313" t="496" r="326" b="519" charConfidence="39">r</charParams>
<charParams l="327" t="496" r="354" b="519"> </charParams>
<charParams l="355" t="496" r="370" b="518" charConfidence="26">a</charParams>
<charParams l="374" t="496" r="391" b="519" charConfidence="35">n</charParams>
<charParams l="392" t="488" r="421" b="527"> </charParams>
<charParams l="422" t="488" r="440" b="527" charConfidence="84">s</charParams>
<charParams l="422" t="488" r="440" b="527" charConfidence="84">i</charParams>
<charParams l="442" t="489" r="467" b="526" charConfidence="100">c</charParams>
<charParams l="442" t="489" r="467" b="526" charConfidence="100">h</charParams>
<charParams l="468" t="489" r="503" b="526"> </charParams>
<charParams l="504" t="496" r="519" b="519" charConfidence="0">a</charParams>
<charParams l="522" t="497" r="538" b="519" charConfidence="25">u</charParams>
<charParams l="542" t="492" r="557" b="519" charConfidence="100">s</charParams>
<charParams l="559" t="497" r="575" b="527" charConfidence="67">g</charParams>
<charParams l="579" t="497" r="591" b="520" charConfidence="100">e</charParams>
<charParams l="594" t="488" r="608" b="520" charConfidence="32">b</charParams>
<charParams l="613" t="489" r="620" b="520" charConfidence="100">i</charParams>
<charParams l="624" t="490" r="631" b="520" charConfidence="31">l</charParams>
<charParams l="634" t="491" r="648" b="519" charConfidence="32">d</charParams>
<charParams l="652" t="497" r="663" b="519" charConfidence="27">e</charParams>
<charParams l="667" t="494" r="677" b="519" charConfidence="26">t</charParams>
<charParams l="678" t="488" r="707" b="527"> </charParams>
<charParams l="708" t="488" r="724" b="527" suspicious="1" charConfidence="84">h</charParams>
<charParams l="728" t="497" r="742" b="519" charConfidence="100">a</charParams>
<charParams l="747" t="494" r="757" b="519" charConfidence="35">t</charParams>
<charParams l="764" t="511" r="773" b="525" charConfidence="100">,</charParams>
<charParams l="774" t="497" r="796" b="528"> </charParams>
<charParams l="797" t="497" r="809" b="528" charConfidence="27">z</charParams>
<charParams l="813" t="497" r="828" b="519" charConfidence="28">u</charParams>
<charParams l="829" t="489" r="852" b="521"> </charParams>
<charParams l="853" t="489" r="881" b="521" charConfidence="14">A</charParams>
<charParams l="882" t="498" r="898" b="520" charConfidence="73">n</charParams>
<charParams l="902" t="492" r="917" b="520" charConfidence="28">d</charParams>
<charParams l="920" t="498" r="933" b="520" charConfidence="41">r</charParams>
<charParams l="936" t="499" r="947" b="520" charConfidence="25">e</charParams>
<charParams l="950" t="498" r="964" b="521" charConfidence="27">r</charParams></formatting></line>
<line baseline="581" l="202" t="546" r="961" b="591"><formatting lang="OldGerman">
<charParams l="202" t="546" r="236" b="581" charConfidence="33">N</charParams>
<charParams l="239" t="558" r="255" b="580" charConfidence="39">u</charParams>
<charParams l="259" t="553" r="275" b="588" charConfidence="19">t</charParams>
<charParams l="259" t="553" r="275" b="588" suspicious="1" charConfidence="19">z</charParams>
<charParams l="279" t="558" r="290" b="580" charConfidence="100">e</charParams>
<charParams l="294" t="558" r="311" b="580" charConfidence="53">n</charParams>
<charParams l="312" t="554" r="342" b="581"> </charParams>
<charParams l="343" t="554" r="353" b="581" charConfidence="99">t</charParams>
<charParams l="356" t="549" r="370" b="581" charConfidence="28">ä</charParams>
<charParams l="372" t="559" r="388" b="588" charConfidence="26">g</charParams>
<charParams l="393" t="552" r="400" b="582" charConfidence="26">l</charParams>
<charParams l="403" t="554" r="409" b="581" charConfidence="-1">i</charParams>
<charParams l="413" t="551" r="439" b="588" charConfidence="64">c</charParams>
<charParams l="413" t="551" r="439" b="588" charConfidence="64">h</charParams>
<charParams l="440" t="551" r="472" b="588"> </charParams>
<charParams l="473" t="560" r="489" b="582" charConfidence="27">u</charParams>
<charParams l="494" t="559" r="509" b="582" charConfidence="38">n</charParams>
<charParams l="514" t="554" r="528" b="582" charConfidence="30">d</charParams>
<charParams l="529" t="551" r="563" b="589"> </charParams>
<charParams l="564" t="551" r="579" b="589" charConfidence="24">s</charParams>
<charParams l="573" t="559" r="583" b="582" charConfidence="25">t</charParams>
<charParams l="585" t="550" r="601" b="581" charConfidence="22">ü</charParams>
<charParams l="605" t="559" r="621" b="582" charConfidence="46">n</charParams>
<charParams l="626" t="554" r="640" b="582" charConfidence="29">d</charParams>
<charParams l="644" t="553" r="651" b="582" charConfidence="77">l</charParams>
<charParams l="656" t="552" r="662" b="582" charConfidence="43">i</charParams>
<charParams l="666" t="551" r="691" b="589" charConfidence="96">c</charParams>
<charParams l="666" t="551" r="691" b="589" charConfidence="96">h</charParams>
<charParams l="692" t="551" r="720" b="591"> </charParams>
<charParams l="721" t="559" r="734" b="591" charConfidence="100">z</charParams>
<charParams l="737" t="560" r="753" b="582" charConfidence="30">u</charParams>
<charParams l="754" t="560" r="781" b="589"> </charParams>
<charParams l="782" t="560" r="798" b="589" charConfidence="57">g</charParams>
<charParams l="802" t="560" r="814" b="582" charConfidence="100">e</charParams>
<charParams l="817" t="549" r="831" b="582" charConfidence="29">b</charParams>
<charParams l="836" t="559" r="847" b="581" charConfidence="24">r</charParams>
<charParams l="850" t="558" r="865" b="581" charConfidence="30">a</charParams>
<charParams l="869" t="559" r="885" b="582" charConfidence="31">u</charParams>
<charParams l="889" t="551" r="914" b="586" charConfidence="57">c</charParams>
<charParams l="889" t="551" r="914" b="586" charConfidence="57">h</charParams>
<charParams l="918" t="559" r="930" b="582" charConfidence="39">e</charParams>
<charParams l="933" t="559" r="949" b="581" charConfidence="33">n</charParams>
<charParams l="951" t="573" r="961" b="588" charConfidence="65">,</charParams></formatting></line>
<line baseline="643" l="199" t="611" r="961" b="652"><formatting lang="OldGerman">
<charParams l="199" t="611" r="209" b="641" charConfidence="75">i</charParams>
<charParams l="212" t="611" r="232" b="650" charConfidence="100">s</charParams>
<charParams l="212" t="611" r="232" b="650" charConfidence="100">i</charParams>
<charParams l="233" t="611" r="259" b="650"> </charParams>
<charParams l="260" t="620" r="275" b="650" charConfidence="26">g</charParams>
<charParams l="280" t="621" r="294" b="642" charConfidence="100">a</charParams>
<charParams l="298" t="619" r="315" b="642" charConfidence="27">n</charParams>
<charParams l="318" t="619" r="330" b="652" charConfidence="100">z</charParams>
<charParams l="331" t="619" r="360" b="652"> </charParams>
<charParams l="361" t="620" r="376" b="642" charConfidence="62">a</charParams>
<charParams l="380" t="613" r="386" b="642" charConfidence="28">l</charParams>
<charParams l="389" t="612" r="395" b="643" charConfidence="100">l</charParams>
<charParams l="399" t="620" r="411" b="642" charConfidence="29">e</charParams>
<charParams l="415" t="612" r="422" b="642" charConfidence="100">i</charParams>
<charParams l="425" t="619" r="442" b="642" charConfidence="27">n</charParams>
<charParams l="443" t="612" r="472" b="649"> </charParams>
<charParams l="473" t="612" r="486" b="649" charConfidence="82">s</charParams>
<charParams l="484" t="621" r="496" b="643" charConfidence="43">e</charParams>
<charParams l="499" t="613" r="506" b="643" charConfidence="100">i</charParams>
<charParams l="510" t="620" r="526" b="643" charConfidence="26">n</charParams>
<charParams l="527" t="612" r="550" b="644"> </charParams>
<charParams l="551" t="612" r="580" b="644" charConfidence="32">V</charParams>
<charParams l="583" t="621" r="594" b="643" charConfidence="100">e</charParams>
<charParams l="597" t="620" r="610" b="644" charConfidence="51">r</charParams>
<charParams l="611" t="620" r="627" b="650" charConfidence="55">g</charParams>
<charParams l="631" t="620" r="647" b="644" charConfidence="49">n</charParams>
<charParams l="650" t="611" r="668" b="644" charConfidence="100">ü</charParams>
<charParams l="669" t="621" r="685" b="651" charConfidence="26">g</charParams>
<charParams l="689" t="620" r="701" b="643" charConfidence="71">e</charParams>
<charParams l="704" t="620" r="720" b="644" charConfidence="100">n</charParams>
<charParams l="729" t="635" r="739" b="649" charConfidence="79">,</charParams>
<charParams l="740" t="614" r="760" b="651"> </charParams>
<charParams l="761" t="614" r="770" b="651" charConfidence="40">j</charParams>
<charParams l="774" t="621" r="789" b="643" charConfidence="100">a</charParams>
<charParams l="790" t="613" r="813" b="651"> </charParams>
<charParams l="814" t="613" r="826" b="651" charConfidence="70">s</charParams>
<charParams l="825" t="622" r="836" b="644" charConfidence="100">e</charParams>
<charParams l="840" t="614" r="846" b="644" charConfidence="100">i</charParams>
<charParams l="850" t="621" r="866" b="643" charConfidence="26">n</charParams>
<charParams l="870" t="621" r="883" b="643" charConfidence="31">e</charParams>
<charParams l="884" t="612" r="904" b="644"> </charParams>
<charParams l="905" t="612" r="923" b="644" charConfidence="51">L</charParams>
<charParams l="926" t="621" r="937" b="643" charConfidence="100">e</charParams>
<charParams l="941" t="613" r="948" b="643" charConfidence="100">i</charParams>
<charParams l="951" t="623" r="961" b="638" charConfidence="22">¬</charParams></formatting></line>
<line baseline="704" l="199" t="671" r="958" b="710"><formatting lang="OldGerman">
<charParams l="199" t="673" r="213" b="702" charConfidence="27">d</charParams>
<charParams l="218" t="680" r="229" b="702" charConfidence="29">e</charParams>
<charParams l="233" t="680" r="248" b="702" charConfidence="24">n</charParams>
<charParams l="253" t="672" r="266" b="708" charConfidence="33">s</charParams>
<charParams l="264" t="673" r="289" b="710" charConfidence="70">c</charParams>
<charParams l="264" t="673" r="289" b="710" charConfidence="70">h</charParams>
<charParams l="293" t="681" r="307" b="703" charConfidence="100">a</charParams>
<charParams l="311" t="672" r="325" b="709" charConfidence="72">f</charParams>
<charParams l="325" t="678" r="335" b="704" charConfidence="42">t</charParams>
<charParams l="336" t="695" r="344" b="703" charConfidence="100">.</charParams>
<charParams l="345" t="673" r="375" b="704"> </charParams>
<charParams l="376" t="673" r="401" b="704" charConfidence="100">U</charParams>
<charParams l="404" t="681" r="420" b="703" charConfidence="24">n</charParams>
<charParams l="424" t="675" r="438" b="703" charConfidence="32">d</charParams>
<charParams l="439" t="675" r="461" b="703"> </charParams>
<charParams l="462" t="680" r="479" b="702" charConfidence="52">n</charParams>
<charParams l="484" t="681" r="499" b="703" charConfidence="23">u</charParams>
<charParams l="503" t="681" r="519" b="703" charConfidence="25">n</charParams>
<charParams l="520" t="675" r="543" b="704"> </charParams>
<charParams l="544" t="675" r="558" b="704" charConfidence="30">d</charParams>
<charParams l="563" t="675" r="569" b="703" charConfidence="100">i</charParams>
<charParams l="573" t="682" r="586" b="704" charConfidence="26">e</charParams>
<charParams l="587" t="671" r="601" b="710"> </charParams>
<charParams l="602" t="671" r="632" b="710" charConfidence="29">H</charParams>
<charParams l="635" t="674" r="650" b="704" charConfidence="31">ä</charParams>
<charParams l="654" t="682" r="670" b="704" charConfidence="92">n</charParams>
<charParams l="674" t="676" r="688" b="704" charConfidence="28">d</charParams>
<charParams l="692" t="682" r="705" b="704" charConfidence="26">e</charParams>
<charParams l="706" t="675" r="726" b="704"> </charParams>
<charParams l="727" t="675" r="736" b="704" charConfidence="100">i</charParams>
<charParams l="740" t="682" r="756" b="704" charConfidence="66">n</charParams>
<charParams l="757" t="676" r="780" b="704"> </charParams>
<charParams l="781" t="676" r="796" b="704" charConfidence="48">d</charParams>
<charParams l="800" t="682" r="811" b="705" charConfidence="25">e</charParams>
<charParams l="814" t="681" r="831" b="704" charConfidence="31">n</charParams>
<charParams l="832" t="672" r="840" b="705"> </charParams>
<charParams l="841" t="672" r="874" b="705" charConfidence="49">S</charParams>
<charParams l="878" t="675" r="903" b="710" charConfidence="57">c</charParams>
<charParams l="878" t="675" r="903" b="710" charConfidence="57">h</charParams>
<charParams l="908" t="682" r="922" b="704" charConfidence="32">o</charParams>
<charParams l="926" t="683" r="939" b="704" charConfidence="93">o</charParams>
<charParams l="943" t="677" r="958" b="704" charConfidence="100">s</charParams></formatting></line>
<line baseline="764" l="197" t="734" r="959" b="773"><formatting lang="OldGerman">
<charParams l="197" t="739" r="209" b="772" charConfidence="26">z</charParams>
<charParams l="213" t="741" r="229" b="763" charConfidence="59">u</charParams>
<charParams l="230" t="735" r="245" b="764"> </charParams>
<charParams l="246" t="735" r="253" b="764" charConfidence="52">l</charParams>
<charParams l="257" t="741" r="269" b="764" charConfidence="33">e</charParams>
<charParams l="271" t="741" r="286" b="771" charConfidence="40">g</charParams>
<charParams l="290" t="742" r="302" b="764" charConfidence="37">e</charParams>
<charParams l="305" t="741" r="321" b="764" charConfidence="26">n</charParams>
<charParams l="323" t="756" r="332" b="770" charConfidence="67">,</charParams>
<charParams l="333" t="742" r="355" b="770"> </charParams>
<charParams l="356" t="742" r="371" b="764" charConfidence="40">o</charParams>
<charParams l="374" t="736" r="389" b="763" charConfidence="31">d</charParams>
<charParams l="393" t="742" r="405" b="763" charConfidence="37">e</charParams>
<charParams l="407" t="742" r="421" b="764" charConfidence="50">r</charParams>
<charParams l="422" t="742" r="436" b="764"> </charParams>
<charParams l="437" t="742" r="453" b="764" charConfidence="27">n</charParams>
<charParams l="458" t="742" r="471" b="764" charConfidence="100">o</charParams>
<charParams l="475" t="734" r="501" b="771" charConfidence="55">c</charParams>
<charParams l="475" t="734" r="501" b="771" charConfidence="55">h</charParams>
<charParams l="502" t="734" r="516" b="771"> </charParams>
<charParams l="517" t="741" r="542" b="764" charConfidence="64">w</charParams>
<charParams l="546" t="742" r="558" b="764" charConfidence="35">e</charParams>
<charParams l="561" t="734" r="568" b="763" charConfidence="100">i</charParams>
<charParams l="571" t="738" r="581" b="764" charConfidence="37">t</charParams>
<charParams l="583" t="742" r="595" b="764" charConfidence="26">e</charParams>
<charParams l="598" t="741" r="611" b="764" charConfidence="31">r</charParams>
<charParams l="612" t="741" r="625" b="773"> </charParams>
<charParams l="626" t="741" r="638" b="773" charConfidence="55">z</charParams>
<charParams l="642" t="742" r="658" b="764" charConfidence="34">u</charParams>
<charParams l="659" t="734" r="676" b="772"> </charParams>
<charParams l="677" t="734" r="697" b="772" charConfidence="40">s</charParams>
<charParams l="677" t="734" r="697" b="772" charConfidence="40">t</charParams>
<charParams l="699" t="742" r="715" b="764" charConfidence="100">u</charParams>
<charParams l="719" t="737" r="734" b="764" charConfidence="39">d</charParams>
<charParams l="738" t="735" r="745" b="764" charConfidence="100">i</charParams>
<charParams l="749" t="742" r="761" b="764" charConfidence="24">e</charParams>
<charParams l="763" t="742" r="775" b="764" charConfidence="24">r</charParams>
<charParams l="778" t="742" r="794" b="764" charConfidence="26">n</charParams>
<charParams l="798" t="757" r="806" b="770" charConfidence="57">,</charParams>
<charParams l="807" t="735" r="830" b="773"> </charParams>
<charParams l="831" t="735" r="849" b="773" charConfidence="22">s</charParams>
<charParams l="831" t="735" r="849" b="773" charConfidence="22">i</charParams>
<charParams l="851" t="735" r="876" b="770" charConfidence="57">c</charParams>
<charParams l="851" t="735" r="876" b="770" charConfidence="57">h</charParams>
<charParams l="877" t="735" r="895" b="770"> </charParams>
<charParams l="896" t="742" r="921" b="765" charConfidence="24">w</charParams>
<charParams l="925" t="743" r="936" b="765" charConfidence="25">e</charParams>
<charParams l="939" t="735" r="947" b="765" charConfidence="100">i</charParams>
<charParams l="950" t="746" r="959" b="760" charConfidence="22">¬</charParams></formatting></line>
<line baseline="824" l="197" t="792" r="955" b="833"><formatting lang="OldGerman">
<charParams l="197" t="796" r="208" b="821" charConfidence="59">t</charParams>
<charParams l="210" t="801" r="222" b="822" charConfidence="24">e</charParams>
<charParams l="225" t="801" r="237" b="823" charConfidence="47">r</charParams>
<charParams l="240" t="802" r="252" b="823" charConfidence="28">e</charParams>
<charParams l="253" t="792" r="274" b="824"> </charParams>
<charParams l="275" t="792" r="307" b="824" suspicious="1" charConfidence="26">G</charParams>
<charParams l="311" t="802" r="323" b="824" charConfidence="72">e</charParams>
<charParams l="325" t="793" r="338" b="830" charConfidence="100">s</charParams>
<charParams l="336" t="794" r="362" b="830" charConfidence="64">c</charParams>
<charParams l="336" t="794" r="362" b="830" suspicious="1" charConfidence="64">h</charParams>
<charParams l="365" t="795" r="373" b="824" charConfidence="100">i</charParams>
<charParams l="376" t="802" r="387" b="824" suspicious="1" charConfidence="31">c</charParams>
<charParams l="387" t="795" r="400" b="824" charConfidence="42">k</charParams>
<charParams l="402" t="797" r="410" b="824" charConfidence="26">l</charParams>
<charParams l="413" t="795" r="420" b="823" charConfidence="100">i</charParams>
<charParams l="424" t="794" r="449" b="829" charConfidence="93">c</charParams>
<charParams l="424" t="794" r="449" b="829" suspicious="1" charConfidence="93">h</charParams>
<charParams l="452" t="793" r="465" b="824" charConfidence="26">k</charParams>
<charParams l="467" t="802" r="479" b="824" suspicious="1" charConfidence="30">c</charParams>
<charParams l="482" t="795" r="489" b="823" charConfidence="24">l</charParams>
<charParams l="493" t="799" r="503" b="824" charConfidence="27">t</charParams>
<charParams l="504" t="799" r="524" b="833"> </charParams>
<charParams l="525" t="801" r="537" b="833" charConfidence="26">z</charParams>
<charParams l="540" t="801" r="557" b="824" charConfidence="40">u</charParams>
<charParams l="558" t="801" r="579" b="824"> </charParams>
<charParams l="580" t="802" r="597" b="824" charConfidence="98">v</charParams>
<charParams l="600" t="801" r="612" b="824" charConfidence="25">e</charParams>
<charParams l="615" t="801" r="627" b="824" charConfidence="32">r</charParams>
<charParams l="630" t="794" r="643" b="831" charConfidence="71">s</charParams>
<charParams l="640" t="794" r="666" b="830" charConfidence="100">c</charParams>
<charParams l="640" t="794" r="666" b="830" charConfidence="100">h</charParams>
<charParams l="669" t="802" r="684" b="824" charConfidence="28">a</charParams>
<charParams l="688" t="793" r="710" b="831" charConfidence="100">f</charParams>
<charParams l="688" t="793" r="710" b="831" charConfidence="100">f</charParams>
<charParams l="710" t="802" r="722" b="824" charConfidence="30">e</charParams>
<charParams l="724" t="801" r="741" b="824" charConfidence="27">n</charParams>
<charParams l="753" t="815" r="762" b="830" charConfidence="93">,</charParams>
<charParams l="763" t="797" r="792" b="830"> </charParams>
<charParams l="793" t="797" r="808" b="824" charConfidence="27">d</charParams>
<charParams l="812" t="803" r="827" b="824" charConfidence="28">a</charParams>
<charParams l="828" t="802" r="850" b="824"> </charParams>
<charParams l="851" t="802" r="864" b="824" charConfidence="30">e</charParams>
<charParams l="866" t="802" r="879" b="824" charConfidence="24">r</charParams>
<charParams l="880" t="796" r="902" b="824"> </charParams>
<charParams l="903" t="796" r="918" b="823" charConfidence="25">d</charParams>
<charParams l="922" t="802" r="936" b="823" charConfidence="55">a</charParams>
<charParams l="940" t="797" r="955" b="823" charConfidence="100">s</charParams></formatting></line>
<line baseline="881" l="197" t="849" r="957" b="887"><formatting lang="OldGerman">
<charParams l="197" t="859" r="214" b="881" charConfidence="82">n</charParams>
<charParams l="218" t="852" r="224" b="880" charConfidence="100">i</charParams>
<charParams l="228" t="851" r="254" b="887" charConfidence="62">c</charParams>
<charParams l="228" t="851" r="254" b="887" charConfidence="62">h</charParams>
<charParams l="257" t="856" r="268" b="880" charConfidence="71">t</charParams>
<charParams l="269" t="851" r="290" b="880"> </charParams>
<charParams l="291" t="851" r="306" b="880" charConfidence="33">b</charParams>
<charParams l="309" t="860" r="323" b="881" charConfidence="100">r</charParams>
<charParams l="325" t="860" r="340" b="880" charConfidence="38">a</charParams>
<charParams l="344" t="860" r="360" b="880" charConfidence="32">u</charParams>
<charParams l="363" t="853" r="389" b="886" charConfidence="100">c</charParams>
<charParams l="363" t="853" r="389" b="886" charConfidence="100">h</charParams>
<charParams l="392" t="860" r="404" b="880" charConfidence="25">e</charParams>
<charParams l="407" t="860" r="424" b="880" charConfidence="38">n</charParams>
<charParams l="425" t="852" r="447" b="880"> </charParams>
<charParams l="448" t="852" r="460" b="880" charConfidence="41">k</charParams>
<charParams l="461" t="860" r="477" b="880" charConfidence="48">a</charParams>
<charParams l="480" t="860" r="496" b="880" charConfidence="53">n</charParams>
<charParams l="500" t="860" r="517" b="881" charConfidence="63">n</charParams>
<charParams l="526" t="873" r="536" b="887" charConfidence="93">,</charParams>
<charParams l="537" t="859" r="556" b="887"> </charParams>
<charParams l="557" t="859" r="585" b="881" charConfidence="29">w</charParams>
<charParams l="588" t="860" r="603" b="882" charConfidence="26">a</charParams>
<charParams l="606" t="855" r="622" b="881" suspicious="1" charConfidence="100">s</charParams>
<charParams l="623" t="855" r="644" b="881"> </charParams>
<charParams l="645" t="860" r="657" b="881" charConfidence="26">e</charParams>
<charParams l="660" t="860" r="673" b="882" charConfidence="32">r</charParams>
<charParams l="674" t="852" r="694" b="882"> </charParams>
<charParams l="695" t="852" r="704" b="880" charConfidence="43">i</charParams>
<charParams l="707" t="859" r="724" b="881" charConfidence="25">n</charParams>
<charParams l="725" t="859" r="742" b="881"> </charParams>
<charParams l="743" t="860" r="761" b="881" charConfidence="67">v</charParams>
<charParams l="763" t="860" r="778" b="881" charConfidence="54">o</charParams>
<charParams l="781" t="852" r="798" b="881" charConfidence="-1">l</charParams>
<charParams l="781" t="852" r="798" b="881" charConfidence="-1">l</charParams>
<charParams l="801" t="860" r="812" b="881" charConfidence="28">e</charParams>
<charParams l="815" t="859" r="841" b="881" charConfidence="100">m</charParams>
<charParams l="842" t="849" r="865" b="881"> </charParams>
<charParams l="866" t="849" r="908" b="881" charConfidence="35">M</charParams>
<charParams l="911" t="860" r="926" b="881" charConfidence="28">a</charParams>
<charParams l="929" t="860" r="944" b="881" charConfidence="37">a</charParams>
<charParams l="948" t="862" r="957" b="878" charConfidence="22">¬</charParams></formatting></line>
<line baseline="939" l="194" t="907" r="955" b="949"><formatting lang="OldGerman">
<charParams l="194" t="911" r="210" b="949" charConfidence="23">ß</charParams>
<charParams l="214" t="920" r="226" b="941" charConfidence="47">e</charParams>
<charParams l="227" t="910" r="248" b="942"> </charParams>
<charParams l="249" t="910" r="264" b="942" charConfidence="88">b</charParams>
<charParams l="268" t="919" r="280" b="941" charConfidence="69">e</charParams>
<charParams l="283" t="910" r="299" b="949" charConfidence="83">s</charParams>
<charParams l="283" t="910" r="299" b="949" charConfidence="83">i</charParams>
<charParams l="302" t="913" r="319" b="948" charConfidence="100">t</charParams>
<charParams l="302" t="913" r="319" b="948" charConfidence="100">z</charParams>
<charParams l="321" t="915" r="333" b="940" charConfidence="34">t</charParams>
<charParams l="334" t="915" r="353" b="940"> </charParams>
<charParams l="354" t="923" r="396" b="930" suspicious="1" charConfidence="-1">—</charParams>
<charParams l="397" t="918" r="416" b="947"> </charParams>
<charParams l="417" t="918" r="433" b="947" charConfidence="63">g</charParams>
<charParams l="437" t="917" r="449" b="940" charConfidence="26">e</charParams>
<charParams l="451" t="917" r="467" b="940" charConfidence="83">n</charParams>
<charParams l="471" t="917" r="487" b="939" charConfidence="37">u</charParams>
<charParams l="488" t="917" r="505" b="946" charConfidence="55">g</charParams>
<charParams l="514" t="930" r="524" b="944" charConfidence="100">,</charParams>
<charParams l="525" t="909" r="554" b="944"> </charParams>
<charParams l="555" t="909" r="563" b="938" charConfidence="35">l</charParams>
<charParams l="566" t="909" r="573" b="938" charConfidence="100">i</charParams>
<charParams l="577" t="916" r="588" b="939" charConfidence="28">e</charParams>
<charParams l="591" t="907" r="606" b="938" charConfidence="54">b</charParams>
<charParams l="610" t="916" r="621" b="938" charConfidence="30">e</charParams>
<charParams l="624" t="911" r="640" b="937" charConfidence="100">s</charParams>
<charParams l="641" t="907" r="662" b="939"> </charParams>
<charParams l="663" t="907" r="693" b="939" charConfidence="44">K</charParams>
<charParams l="694" t="909" r="702" b="938" charConfidence="100">i</charParams>
<charParams l="705" t="916" r="721" b="937" charConfidence="53">n</charParams>
<charParams l="725" t="910" r="740" b="938" charConfidence="25">d</charParams>
<charParams l="755" t="930" r="764" b="943" charConfidence="65">,</charParams>
<charParams l="765" t="916" r="786" b="943"> </charParams>
<charParams l="787" t="916" r="800" b="938" charConfidence="26">e</charParams>
<charParams l="802" t="912" r="817" b="939" charConfidence="100">s</charParams>
<charParams l="818" t="910" r="840" b="939"> </charParams>
<charParams l="841" t="910" r="850" b="939" charConfidence="44">i</charParams>
<charParams l="853" t="910" r="872" b="947" charConfidence="32">s</charParams>
<charParams l="853" t="910" r="872" b="947" charConfidence="32">t</charParams>
<charParams l="873" t="910" r="894" b="947"> </charParams>
<charParams l="895" t="919" r="908" b="940" charConfidence="28">e</charParams>
<charParams l="911" t="910" r="918" b="940" charConfidence="100">i</charParams>
<charParams l="922" t="919" r="938" b="941" charConfidence="54">n</charParams>
<charParams l="941" t="919" r="955" b="942" charConfidence="26">e</charParams></formatting></line>
<line baseline="1001" l="193" t="966" r="952" b="1011"><formatting lang="OldGerman">
<charParams l="193" t="980" r="210" b="1011" charConfidence="39">p</charParams>
<charParams l="214" t="982" r="225" b="1003" charConfidence="100">e</charParams>
<charParams l="229" t="974" r="236" b="1003" charConfidence="100">i</charParams>
<charParams l="239" t="981" r="255" b="1003" charConfidence="73">n</charParams>
<charParams l="260" t="973" r="267" b="1003" charConfidence="47">l</charParams>
<charParams l="271" t="973" r="277" b="1002" charConfidence="100">i</charParams>
<charParams l="281" t="972" r="306" b="1010" charConfidence="84">c</charParams>
<charParams l="281" t="972" r="306" b="1010" charConfidence="84">h</charParams>
<charParams l="309" t="980" r="322" b="1003" charConfidence="29">e</charParams>
<charParams l="323" t="970" r="351" b="1003"> </charParams>
<charParams l="352" t="970" r="369" b="1003" charConfidence="36">L</charParams>
<charParams l="372" t="980" r="387" b="1002" charConfidence="100">a</charParams>
<charParams l="390" t="979" r="405" b="1009" charConfidence="25">g</charParams>
<charParams l="410" t="978" r="421" b="1001" charConfidence="55">e</charParams>
<charParams l="431" t="992" r="439" b="1006" charConfidence="72">,</charParams>
<charParams l="440" t="971" r="471" b="1006"> </charParams>
<charParams l="472" t="971" r="487" b="1000" charConfidence="32">d</charParams>
<charParams l="491" t="977" r="501" b="1000" charConfidence="27">e</charParams>
<charParams l="505" t="976" r="517" b="999" charConfidence="32">r</charParams>
<charParams l="520" t="976" r="531" b="1000" charConfidence="100">e</charParams>
<charParams l="534" t="976" r="552" b="999" charConfidence="25">n</charParams>
<charParams l="553" t="966" r="578" b="999"> </charParams>
<charParams l="579" t="966" r="613" b="998" charConfidence="22">Q</charParams>
<charParams l="616" t="976" r="632" b="998" charConfidence="47">u</charParams>
<charParams l="635" t="975" r="650" b="997" charConfidence="40">a</charParams>
<charParams l="654" t="969" r="663" b="999" charConfidence="59">l</charParams>
<charParams l="664" t="969" r="693" b="999"> </charParams>
<charParams l="694" t="976" r="707" b="999" charConfidence="26">e</charParams>
<charParams l="710" t="976" r="723" b="999" charConfidence="26">r</charParams>
<charParams l="724" t="972" r="754" b="999"> </charParams>
<charParams l="755" t="972" r="770" b="999" charConfidence="25">d</charParams>
<charParams l="774" t="978" r="788" b="1000" charConfidence="46">o</charParams>
<charParams l="792" t="977" r="807" b="1006" charConfidence="42">p</charParams>
<charParams l="810" t="978" r="825" b="1006" charConfidence="100">p</charParams>
<charParams l="829" t="979" r="842" b="1001" charConfidence="29">e</charParams>
<charParams l="844" t="971" r="852" b="1001" charConfidence="68">l</charParams>
<charParams l="856" t="976" r="865" b="1001" charConfidence="30">t</charParams>
<charParams l="866" t="976" r="896" b="1002"> </charParams>
<charParams l="897" t="979" r="913" b="1002" charConfidence="41">u</charParams>
<charParams l="916" t="979" r="932" b="1002" charConfidence="32">n</charParams>
<charParams l="936" t="974" r="952" b="1002" charConfidence="100">d</charParams></formatting></line>
<line baseline="1061" l="193" t="1028" r="854" b="1072"><formatting lang="OldGerman">
<charParams l="193" t="1035" r="208" b="1063" charConfidence="25">d</charParams>
<charParams l="212" t="1041" r="224" b="1064" charConfidence="24">r</charParams>
<charParams l="226" t="1042" r="238" b="1064" charConfidence="25">e</charParams>
<charParams l="241" t="1042" r="255" b="1072" charConfidence="24">y</charParams>
<charParams l="259" t="1033" r="273" b="1069" charConfidence="82">f</charParams>
<charParams l="271" t="1042" r="286" b="1063" charConfidence="64">a</charParams>
<charParams l="290" t="1033" r="316" b="1070" charConfidence="80">c</charParams>
<charParams l="290" t="1033" r="316" b="1070" charConfidence="80">h</charParams>
<charParams l="317" t="1033" r="339" b="1070"> </charParams>
<charParams l="340" t="1033" r="348" b="1063" charConfidence="100">i</charParams>
<charParams l="352" t="1041" r="368" b="1063" charConfidence="26">n</charParams>
<charParams l="369" t="1032" r="390" b="1069"> </charParams>
<charParams l="391" t="1032" r="405" b="1069" charConfidence="100">s</charParams>
<charParams l="403" t="1040" r="414" b="1062" charConfidence="100">e</charParams>
<charParams l="418" t="1032" r="425" b="1062" charConfidence="100">i</charParams>
<charParams l="429" t="1040" r="445" b="1062" charConfidence="73">n</charParams>
<charParams l="449" t="1039" r="460" b="1062" charConfidence="26">e</charParams>
<charParams l="463" t="1039" r="476" b="1061" charConfidence="46">r</charParams>
<charParams l="477" t="1028" r="499" b="1062"> </charParams>
<charParams l="500" t="1028" r="525" b="1062" charConfidence="69">E</charParams>
<charParams l="528" t="1031" r="535" b="1060" charConfidence="100">i</charParams>
<charParams l="538" t="1037" r="554" b="1061" charConfidence="31">n</charParams>
<charParams l="558" t="1028" r="571" b="1066" charConfidence="59">s</charParams>
<charParams l="569" t="1037" r="583" b="1060" charConfidence="100">a</charParams>
<charParams l="588" t="1036" r="613" b="1060" charConfidence="57">m</charParams>
<charParams l="617" t="1028" r="630" b="1059" charConfidence="39">k</charParams>
<charParams l="632" t="1037" r="643" b="1059" charConfidence="26">e</charParams>
<charParams l="647" t="1029" r="655" b="1060" charConfidence="100">i</charParams>
<charParams l="657" t="1033" r="668" b="1060" charConfidence="65">t</charParams>
<charParams l="669" t="1033" r="696" b="1060"> </charParams>
<charParams l="697" t="1036" r="709" b="1059" charConfidence="25">e</charParams>
<charParams l="712" t="1036" r="738" b="1059" charConfidence="81">m</charParams>
<charParams l="741" t="1037" r="757" b="1066" charConfidence="100">p</charParams>
<charParams l="761" t="1030" r="778" b="1066" charConfidence="22">f</charParams>
<charParams l="761" t="1030" r="778" b="1066" charConfidence="22">i</charParams>
<charParams l="782" t="1038" r="798" b="1060" charConfidence="24">n</charParams>
<charParams l="801" t="1031" r="816" b="1059" charConfidence="24">d</charParams>
<charParams l="819" t="1038" r="832" b="1061" charConfidence="25">e</charParams>
<charParams l="834" t="1035" r="845" b="1061" charConfidence="68">t</charParams>
<charParams l="846" t="1053" r="854" b="1061" charConfidence="100">.</charParams></formatting></line></par>
<par align="Justified" startIndent="1752" lineSpacing="1416">
<line baseline="1121" l="252" t="1087" r="949" b="1130"><formatting lang="OldGerman">
<charParams l="252" t="1091" r="280" b="1130" suspicious="1" charConfidence="26">I</charParams>
<charParams l="284" t="1093" r="309" b="1130" charConfidence="62">c</charParams>
<charParams l="284" t="1093" r="309" b="1130" suspicious="1" charConfidence="62">h</charParams>
<charParams l="310" t="1093" r="340" b="1130"> </charParams>
<charParams l="341" t="1094" r="356" b="1122" charConfidence="29">d</charParams>
<charParams l="360" t="1101" r="374" b="1123" charConfidence="26">a</charParams>
<charParams l="378" t="1094" r="403" b="1130" charConfidence="59">c</charParams>
<charParams l="378" t="1094" r="403" b="1130" charConfidence="59">h</charParams>
<charParams l="407" t="1097" r="417" b="1122" charConfidence="54">t</charParams>
<charParams l="420" t="1100" r="432" b="1122" charConfidence="35">e</charParams>
<charParams l="433" t="1094" r="460" b="1122"> </charParams>
<charParams l="461" t="1094" r="476" b="1121" charConfidence="28">d</charParams>
<charParams l="480" t="1100" r="494" b="1122" charConfidence="43">o</charParams>
<charParams l="498" t="1091" r="523" b="1129" charConfidence="100">c</charParams>
<charParams l="498" t="1091" r="523" b="1129" charConfidence="100">h</charParams>
<charParams l="533" t="1113" r="542" b="1127" charConfidence="71">,</charParams>
<charParams l="543" t="1089" r="579" b="1127"> </charParams>
<charParams l="580" t="1089" r="593" b="1126" charConfidence="100">s</charParams>
<charParams l="591" t="1099" r="605" b="1120" charConfidence="25">a</charParams>
<charParams l="609" t="1097" r="624" b="1127" charConfidence="39">g</charParams>
<charParams l="628" t="1094" r="638" b="1119" charConfidence="81">t</charParams>
<charParams l="640" t="1097" r="652" b="1120" charConfidence="36">e</charParams>
<charParams l="653" t="1087" r="688" b="1120"> </charParams>
<charParams l="689" t="1087" r="714" b="1120" charConfidence="33">C</charParams>
<charParams l="716" t="1088" r="732" b="1127" charConfidence="75">h</charParams>
<charParams l="735" t="1097" r="750" b="1118" charConfidence="40">a</charParams>
<charParams l="754" t="1097" r="766" b="1119" charConfidence="100">r</charParams>
<charParams l="769" t="1091" r="776" b="1119" charConfidence="48">l</charParams>
<charParams l="780" t="1097" r="794" b="1118" charConfidence="36">o</charParams>
<charParams l="798" t="1094" r="807" b="1119" charConfidence="55">t</charParams>
<charParams l="810" t="1094" r="820" b="1119" charConfidence="78">t</charParams>
<charParams l="823" t="1097" r="835" b="1119" charConfidence="31">e</charParams>
<charParams l="842" t="1111" r="851" b="1125" charConfidence="85">,</charParams>
<charParams l="852" t="1091" r="888" b="1125"> </charParams>
<charParams l="889" t="1091" r="898" b="1122" charConfidence="32">i</charParams>
<charParams l="902" t="1090" r="917" b="1129" charConfidence="72">h</charParams>
<charParams l="921" t="1098" r="949" b="1122" suspicious="1" charConfidence="36">m</charParams></formatting></line>
<line baseline="1181" l="189" t="1147" r="949" b="1190"><formatting lang="OldGerman">
<charParams l="189" t="1160" r="214" b="1183" charConfidence="26">w</charParams>
<charParams l="218" t="1152" r="232" b="1183" charConfidence="52">ä</charParams>
<charParams l="236" t="1160" r="248" b="1183" charConfidence="26">r</charParams>
<charParams l="251" t="1161" r="261" b="1183" charConfidence="100">e</charParams>
<charParams l="266" t="1161" r="283" b="1183" suspicious="1" charConfidence="-1">»</charParams>
<charParams l="284" t="1161" r="320" b="1183"> </charParams>
<charParams l="321" t="1161" r="338" b="1183" charConfidence="32">v</charParams>
<charParams l="341" t="1161" r="355" b="1182" charConfidence="41">o</charParams>
<charParams l="359" t="1160" r="376" b="1183" charConfidence="25">n</charParams>
<charParams l="377" t="1160" r="414" b="1183"> </charParams>
<charParams l="415" t="1161" r="431" b="1183" charConfidence="32">v</charParams>
<charParams l="435" t="1160" r="447" b="1182" charConfidence="28">e</charParams>
<charParams l="449" t="1159" r="461" b="1182" charConfidence="36">r</charParams>
<charParams l="465" t="1152" r="477" b="1190" charConfidence="24">s</charParams>
<charParams l="475" t="1152" r="500" b="1189" charConfidence="81">c</charParams>
<charParams l="475" t="1152" r="500" b="1189" charConfidence="81">h</charParams>
<charParams l="504" t="1153" r="511" b="1182" charConfidence="100">i</charParams>
<charParams l="515" t="1160" r="526" b="1183" charConfidence="34">e</charParams>
<charParams l="529" t="1154" r="544" b="1181" charConfidence="27">d</charParams>
<charParams l="547" t="1159" r="559" b="1182" charConfidence="27">e</charParams>
<charParams l="562" t="1159" r="578" b="1182" charConfidence="100">n</charParams>
<charParams l="582" t="1159" r="593" b="1181" charConfidence="38">e</charParams>
<charParams l="596" t="1158" r="613" b="1181" charConfidence="-1">»</charParams>
<charParams l="614" t="1148" r="641" b="1181"> </charParams>
<charParams l="642" t="1148" r="670" b="1181" charConfidence="40">O</charParams>
<charParams l="673" t="1157" r="686" b="1179" charConfidence="64">r</charParams>
<charParams l="688" t="1154" r="699" b="1179" charConfidence="36">t</charParams>
<charParams l="701" t="1156" r="712" b="1179" charConfidence="26">e</charParams>
<charParams l="715" t="1156" r="732" b="1179" charConfidence="44">n</charParams>
<charParams l="733" t="1147" r="763" b="1180"> </charParams>
<charParams l="764" t="1147" r="791" b="1180" charConfidence="39">A</charParams>
<charParams l="793" t="1157" r="809" b="1180" charConfidence="100">n</charParams>
<charParams l="813" t="1157" r="825" b="1180" charConfidence="27">e</charParams>
<charParams l="828" t="1158" r="840" b="1181" charConfidence="41">r</charParams>
<charParams l="843" t="1149" r="858" b="1181" charConfidence="100">b</charParams>
<charParams l="862" t="1151" r="869" b="1181" charConfidence="100">i</charParams>
<charParams l="873" t="1159" r="885" b="1182" charConfidence="25">e</charParams>
<charParams l="888" t="1156" r="897" b="1182" charConfidence="29">t</charParams>
<charParams l="900" t="1159" r="916" b="1182" charConfidence="100">u</charParams>
<charParams l="919" t="1159" r="936" b="1181" charConfidence="100">n</charParams>
<charParams l="939" t="1163" r="949" b="1178" charConfidence="22">-</charParams></formatting></line>
<line baseline="1242" l="188" t="1209" r="947" b="1251"><formatting lang="OldGerman">
<charParams l="188" t="1220" r="204" b="1250" charConfidence="36">g</charParams>
<charParams l="208" t="1220" r="219" b="1243" charConfidence="34">e</charParams>
<charParams l="222" t="1220" r="239" b="1243" charConfidence="27">n</charParams>
<charParams l="240" t="1220" r="268" b="1250"> </charParams>
<charParams l="269" t="1220" r="285" b="1250" charConfidence="27">g</charParams>
<charParams l="290" t="1220" r="301" b="1242" charConfidence="26">e</charParams>
<charParams l="304" t="1211" r="317" b="1249" charConfidence="100">s</charParams>
<charParams l="315" t="1212" r="340" b="1248" charConfidence="72">c</charParams>
<charParams l="315" t="1212" r="340" b="1248" charConfidence="72">h</charParams>
<charParams l="345" t="1220" r="357" b="1242" charConfidence="32">e</charParams>
<charParams l="359" t="1210" r="375" b="1251" charConfidence="70">h</charParams>
<charParams l="379" t="1220" r="391" b="1243" charConfidence="27">e</charParams>
<charParams l="394" t="1220" r="411" b="1243" charConfidence="32">n</charParams>
<charParams l="414" t="1235" r="420" b="1243" charConfidence="100">.</charParams>
<charParams l="421" t="1210" r="471" b="1249"> </charParams>
<charParams l="472" t="1210" r="500" b="1249" suspicious="1" charConfidence="27">I</charParams>
<charParams l="503" t="1212" r="529" b="1249" charConfidence="100">c</charParams>
<charParams l="503" t="1212" r="529" b="1249" suspicious="1" charConfidence="100">h</charParams>
<charParams l="530" t="1210" r="559" b="1250"> </charParams>
<charParams l="560" t="1210" r="576" b="1250" suspicious="1" charConfidence="85">h</charParams>
<charParams l="580" t="1219" r="594" b="1242" charConfidence="24">a</charParams>
<charParams l="599" t="1216" r="609" b="1242" charConfidence="31">t</charParams>
<charParams l="611" t="1215" r="621" b="1241" charConfidence="54">t</charParams>
<charParams l="623" t="1217" r="636" b="1241" charConfidence="26">e</charParams>
<charParams l="637" t="1209" r="657" b="1247"> </charParams>
<charParams l="658" t="1209" r="670" b="1247" charConfidence="54">s</charParams>
<charParams l="670" t="1217" r="681" b="1240" charConfidence="49">e</charParams>
<charParams l="685" t="1210" r="692" b="1240" charConfidence="100">l</charParams>
<charParams l="695" t="1210" r="711" b="1240" charConfidence="23">b</charParams>
<charParams l="714" t="1210" r="734" b="1248" charConfidence="28">s</charParams>
<charParams l="714" t="1210" r="734" b="1248" charConfidence="28">t</charParams>
<charParams l="741" t="1230" r="750" b="1246" charConfidence="79">,</charParams>
<charParams l="751" t="1218" r="782" b="1246"> </charParams>
<charParams l="783" t="1218" r="799" b="1241" charConfidence="100">u</charParams>
<charParams l="804" t="1217" r="830" b="1241" charConfidence="79">m</charParams>
<charParams l="831" t="1211" r="853" b="1249"> </charParams>
<charParams l="854" t="1211" r="867" b="1249" charConfidence="100">s</charParams>
<charParams l="865" t="1219" r="877" b="1242" charConfidence="33">e</charParams>
<charParams l="880" t="1212" r="887" b="1242" charConfidence="100">i</charParams>
<charParams l="891" t="1219" r="907" b="1241" charConfidence="25">n</charParams>
<charParams l="911" t="1219" r="924" b="1242" charConfidence="25">e</charParams>
<charParams l="926" t="1216" r="937" b="1242" charConfidence="47">t</charParams>
<charParams l="938" t="1219" r="947" b="1234" charConfidence="22">¬</charParams></formatting></line>
<line baseline="1302" l="189" t="1268" r="946" b="1310"><formatting lang="OldGerman">
<charParams l="189" t="1278" r="214" b="1302" charConfidence="54">w</charParams>
<charParams l="218" t="1273" r="224" b="1301" charConfidence="100">i</charParams>
<charParams l="229" t="1272" r="245" b="1301" charConfidence="100">l</charParams>
<charParams l="229" t="1272" r="245" b="1301" charConfidence="100">l</charParams>
<charParams l="248" t="1280" r="260" b="1302" charConfidence="45">e</charParams>
<charParams l="263" t="1280" r="279" b="1302" charConfidence="44">n</charParams>
<charParams l="280" t="1280" r="288" b="1308"> </charParams>
<charParams l="289" t="1293" r="298" b="1308" charConfidence="79">,</charParams>
<charParams l="299" t="1280" r="322" b="1308"> </charParams>
<charParams l="323" t="1280" r="338" b="1301" charConfidence="54">a</charParams>
<charParams l="342" t="1280" r="358" b="1302" charConfidence="50">n</charParams>
<charParams l="359" t="1280" r="381" b="1302"> </charParams>
<charParams l="382" t="1280" r="408" b="1302" charConfidence="86">m</charParams>
<charParams l="412" t="1280" r="427" b="1302" charConfidence="54">a</charParams>
<charParams l="431" t="1281" r="447" b="1303" charConfidence="25">n</charParams>
<charParams l="450" t="1273" r="476" b="1310" charConfidence="62">c</charParams>
<charParams l="450" t="1273" r="476" b="1310" charConfidence="62">h</charParams>
<charParams l="479" t="1280" r="492" b="1303" charConfidence="26">e</charParams>
<charParams l="493" t="1277" r="514" b="1303"> </charParams>
<charParams l="515" t="1277" r="525" b="1302" charConfidence="65">t</charParams>
<charParams l="528" t="1272" r="544" b="1309" charConfidence="68">h</charParams>
<charParams l="547" t="1270" r="562" b="1301" charConfidence="30">ä</charParams>
<charParams l="565" t="1275" r="575" b="1302" charConfidence="88">t</charParams>
<charParams l="578" t="1272" r="585" b="1302" charConfidence="100">i</charParams>
<charParams l="587" t="1279" r="603" b="1308" charConfidence="34">g</charParams>
<charParams l="607" t="1279" r="619" b="1301" charConfidence="50">e</charParams>
<charParams l="620" t="1268" r="633" b="1306"> </charParams>
<charParams l="634" t="1268" r="657" b="1306" charConfidence="40">F</charParams>
<charParams l="659" t="1278" r="671" b="1301" charConfidence="29">r</charParams>
<charParams l="674" t="1278" r="685" b="1301" charConfidence="28">e</charParams>
<charParams l="688" t="1278" r="704" b="1300" charConfidence="57">u</charParams>
<charParams l="708" t="1278" r="724" b="1300" charConfidence="27">n</charParams>
<charParams l="728" t="1272" r="743" b="1301" charConfidence="26">d</charParams>
<charParams l="747" t="1278" r="759" b="1301" charConfidence="32">e</charParams>
<charParams l="760" t="1278" r="774" b="1302"> </charParams>
<charParams l="775" t="1279" r="792" b="1302" charConfidence="40">u</charParams>
<charParams l="795" t="1280" r="812" b="1302" charConfidence="38">n</charParams>
<charParams l="816" t="1275" r="831" b="1302" charConfidence="31">d</charParams>
<charParams l="832" t="1270" r="844" b="1309"> </charParams>
<charParams l="845" t="1270" r="867" b="1309" charConfidence="39">F</charParams>
<charParams l="869" t="1280" r="881" b="1302" charConfidence="100">r</charParams>
<charParams l="884" t="1280" r="896" b="1302" charConfidence="49">e</charParams>
<charParams l="899" t="1280" r="914" b="1301" charConfidence="23">u</charParams>
<charParams l="918" t="1280" r="934" b="1301" charConfidence="73">n</charParams>
<charParams l="938" t="1280" r="946" b="1294" charConfidence="52">¬</charParams></formatting></line>
<line baseline="1362" l="186" t="1329" r="945" b="1370"><formatting lang="OldGerman">
<charParams l="186" t="1332" r="201" b="1360" charConfidence="29">d</charParams>
<charParams l="205" t="1332" r="212" b="1360" charConfidence="100">i</charParams>
<charParams l="215" t="1339" r="232" b="1361" charConfidence="93">n</charParams>
<charParams l="236" t="1340" r="251" b="1361" charConfidence="23">n</charParams>
<charParams l="256" t="1340" r="267" b="1362" charConfidence="37">e</charParams>
<charParams l="270" t="1339" r="287" b="1362" charConfidence="67">n</charParams>
<charParams l="288" t="1339" r="309" b="1370"> </charParams>
<charParams l="310" t="1341" r="326" b="1370" charConfidence="27">g</charParams>
<charParams l="330" t="1341" r="342" b="1362" charConfidence="30">e</charParams>
<charParams l="345" t="1332" r="357" b="1368" charConfidence="74">s</charParams>
<charParams l="355" t="1333" r="381" b="1370" charConfidence="57">c</charParams>
<charParams l="355" t="1333" r="381" b="1370" charConfidence="57">h</charParams>
<charParams l="384" t="1341" r="397" b="1363" charConfidence="100">r</charParams>
<charParams l="401" t="1334" r="407" b="1362" charConfidence="100">i</charParams>
<charParams l="411" t="1342" r="422" b="1363" charConfidence="28">e</charParams>
<charParams l="427" t="1332" r="441" b="1364" charConfidence="72">b</charParams>
<charParams l="444" t="1341" r="456" b="1364" charConfidence="34">e</charParams>
<charParams l="459" t="1341" r="475" b="1364" charConfidence="42">n</charParams>
<charParams l="485" t="1354" r="494" b="1369" charConfidence="75">,</charParams>
<charParams l="495" t="1339" r="515" b="1369"> </charParams>
<charParams l="516" t="1339" r="534" b="1363" charConfidence="40">u</charParams>
<charParams l="537" t="1339" r="553" b="1362" charConfidence="82">n</charParams>
<charParams l="558" t="1332" r="573" b="1360" charConfidence="25">d</charParams>
<charParams l="574" t="1330" r="595" b="1367"> </charParams>
<charParams l="596" t="1330" r="610" b="1367" charConfidence="100">s</charParams>
<charParams l="608" t="1339" r="622" b="1360" charConfidence="49">o</charParams>
<charParams l="624" t="1338" r="641" b="1360" charConfidence="44">v</charParams>
<charParams l="645" t="1330" r="652" b="1360" charConfidence="95">i</charParams>
<charParams l="655" t="1338" r="667" b="1361" charConfidence="27">e</charParams>
<charParams l="670" t="1331" r="679" b="1362" charConfidence="59">l</charParams>
<charParams l="680" t="1331" r="701" b="1362"> </charParams>
<charParams l="702" t="1331" r="709" b="1362" charConfidence="100">i</charParams>
<charParams l="712" t="1331" r="738" b="1369" charConfidence="80">c</charParams>
<charParams l="712" t="1331" r="738" b="1369" charConfidence="80">h</charParams>
<charParams l="739" t="1331" r="760" b="1369"> </charParams>
<charParams l="761" t="1339" r="786" b="1364" charConfidence="52">w</charParams>
<charParams l="791" t="1340" r="802" b="1363" charConfidence="100">e</charParams>
<charParams l="806" t="1332" r="813" b="1362" charConfidence="100">i</charParams>
<charParams l="816" t="1332" r="831" b="1368" charConfidence="28">ß</charParams>
<charParams l="840" t="1354" r="850" b="1369" charConfidence="68">,</charParams>
<charParams l="851" t="1331" r="873" b="1369"> </charParams>
<charParams l="874" t="1331" r="889" b="1363" charConfidence="42">b</charParams>
<charParams l="893" t="1333" r="901" b="1362" charConfidence="31">l</charParams>
<charParams l="904" t="1332" r="911" b="1363" charConfidence="100">i</charParams>
<charParams l="913" t="1339" r="925" b="1362" charConfidence="24">e</charParams>
<charParams l="928" t="1329" r="945" b="1361" charConfidence="56">b</charParams></formatting></line>
<line baseline="1421" l="185" t="1388" r="689" b="1432"><formatting lang="OldGerman">
<charParams l="185" t="1391" r="200" b="1417" charConfidence="24">d</charParams>
<charParams l="204" t="1389" r="211" b="1417" charConfidence="100">i</charParams>
<charParams l="215" t="1397" r="226" b="1418" charConfidence="25">e</charParams>
<charParams l="229" t="1389" r="245" b="1424" charConfidence="25">ß</charParams>
<charParams l="246" t="1389" r="267" b="1424"> </charParams>
<charParams l="268" t="1400" r="284" b="1420" charConfidence="0">a</charParams>
<charParams l="288" t="1400" r="304" b="1421" charConfidence="26">u</charParams>
<charParams l="307" t="1393" r="333" b="1429" charConfidence="54">c</charParams>
<charParams l="307" t="1393" r="333" b="1429" charConfidence="54">h</charParams>
<charParams l="334" t="1393" r="356" b="1429"> </charParams>
<charParams l="357" t="1401" r="374" b="1423" charConfidence="76">n</charParams>
<charParams l="377" t="1394" r="385" b="1424" charConfidence="100">i</charParams>
<charParams l="388" t="1394" r="413" b="1430" charConfidence="54">c</charParams>
<charParams l="388" t="1394" r="413" b="1430" charConfidence="54">h</charParams>
<charParams l="417" t="1399" r="427" b="1423" charConfidence="72">t</charParams>
<charParams l="428" t="1399" r="449" b="1423"> </charParams>
<charParams l="450" t="1401" r="464" b="1422" charConfidence="38">o</charParams>
<charParams l="468" t="1393" r="484" b="1432" charConfidence="77">h</charParams>
<charParams l="487" t="1401" r="494" b="1423" suspicious="1" charConfidence="100">i</charParams>
<charParams l="495" t="1401" r="508" b="1423" suspicious="1" charConfidence="53">r</charParams>
<charParams l="508" t="1400" r="520" b="1422" charConfidence="41">e</charParams>
<charParams l="521" t="1388" r="541" b="1422"> </charParams>
<charParams l="542" t="1388" r="580" b="1422" charConfidence="29">W</charParams>
<charParams l="583" t="1391" r="592" b="1422" charConfidence="100">i</charParams>
<charParams l="594" t="1398" r="606" b="1421" charConfidence="89">r</charParams>
<charParams l="608" t="1389" r="621" b="1421" charConfidence="32">k</charParams>
<charParams l="623" t="1399" r="640" b="1422" charConfidence="40">u</charParams>
<charParams l="643" t="1399" r="660" b="1422" charConfidence="39">n</charParams>
<charParams l="661" t="1400" r="677" b="1429" charConfidence="26">g</charParams>
<charParams l="681" t="1414" r="689" b="1421" charConfidence="100">.</charParams></formatting></line></par>
</text>
</block>
</page>
</document>