﻿<?xml version="1.0" encoding="UTF-8" standalone="yes"?>
<document xmlns="http://www.abbyy.com/FineReader_xml/FineReader10-schema-v1.xml" version="1.0" producer="ABBYY FineReader Engine 11" languages="" xmlns:xsi="http://www.w3.org/2001/XMLSchema-instance" xsi:schemaLocation="http://www.abbyy.com/FineReader_xml/FineReader10-schema-v1.xml http://www.abbyy.com/FineReader_xml/FineReader10-schema-v1.xml">
<page width="1156" height="1782" resolution="300" originalCoords="1">
<block blockType="Text" blockName="">
<text>
<par align="Center" rightIndent="500">
<line baseline="81" l="570" t="60" r="609" b="82"><formatting lang="OldGerman">
<charParams l="570" t="60" r="586" b="82" suspicious="1" charConfidence="22">1</charParams>
<charParams l="590" t="60" r="609" b="81" suspicious="1" charConfidence="29">0</charParams></formatting></line></par>
</text>
<text>
<par align="Justified" startIndent="2064" lineSpacing="1416">
<line baseline="169" l="277" t="134" r="969" b="179"><formatting lang="OldGerman">
<charParams l="277" t="137" r="308" b="170" charConfidence="26">G</charParams>
<charParams l="313" t="147" r="327" b="169" charConfidence="24">a</charParams>
<charParams l="331" t="147" r="347" b="170" charConfidence="71">n</charParams>
<charParams l="350" t="146" r="363" b="179" charConfidence="25">z</charParams>
<charParams l="364" t="146" r="384" b="179"> </charParams>
<charParams l="385" t="146" r="398" b="169" charConfidence="26">r</charParams>
<charParams l="401" t="147" r="413" b="169" charConfidence="33">e</charParams>
<charParams l="416" t="140" r="441" b="176" charConfidence="33">c</charParams>
<charParams l="416" t="140" r="441" b="176" charConfidence="33">h</charParams>
<charParams l="444" t="144" r="454" b="169" charConfidence="78">t</charParams>
<charParams l="465" t="161" r="474" b="175" charConfidence="100">,</charParams>
<charParams l="475" t="146" r="495" b="175"> </charParams>
<charParams l="496" t="146" r="513" b="169" charConfidence="32">v</charParams>
<charParams l="517" t="147" r="528" b="169" charConfidence="26">e</charParams>
<charParams l="531" t="146" r="543" b="169" charConfidence="78">r</charParams>
<charParams l="546" t="137" r="558" b="174" suspicious="1" charConfidence="21">f</charParams>
<charParams l="557" t="145" r="568" b="166" charConfidence="25">e</charParams>
<charParams l="571" t="139" r="587" b="174" suspicious="1" charConfidence="15">h</charParams>
<charParams l="591" t="140" r="601" b="166" suspicious="1" charConfidence="26">l</charParams>
<charParams l="603" t="143" r="616" b="166" charConfidence="33">e</charParams>
<charParams l="617" t="134" r="637" b="167"> </charParams>
<charParams l="638" t="134" r="663" b="167" charConfidence="29">E</charParams>
<charParams l="666" t="138" r="680" b="166" charConfidence="27">d</charParams>
<charParams l="684" t="145" r="701" b="167" charConfidence="78">u</charParams>
<charParams l="704" t="146" r="718" b="168" charConfidence="15">a</charParams>
<charParams l="723" t="147" r="735" b="168" charConfidence="36">r</charParams>
<charParams l="738" t="141" r="752" b="169" suspicious="1" charConfidence="31">d</charParams>
<charParams l="766" t="149" r="774" b="176" charConfidence="36">;</charParams>
<charParams l="775" t="149" r="805" b="176"> </charParams>
<charParams l="806" t="149" r="822" b="171" charConfidence="29">a</charParams>
<charParams l="826" t="139" r="841" b="171" charConfidence="28">b</charParams>
<charParams l="844" t="148" r="855" b="170" charConfidence="26">e</charParams>
<charParams l="859" t="149" r="872" b="171" charConfidence="24">r</charParams>
<charParams l="873" t="139" r="893" b="176"> </charParams>
<charParams l="894" t="139" r="907" b="176" charConfidence="46">s</charParams>
<charParams l="905" t="149" r="917" b="170" charConfidence="51">e</charParams>
<charParams l="920" t="141" r="927" b="170" charConfidence="88">l</charParams>
<charParams l="931" t="141" r="945" b="171" charConfidence="100">b</charParams>
<charParams l="949" t="142" r="969" b="179" charConfidence="32">s</charParams>
<charParams l="949" t="142" r="969" b="179" charConfidence="32">t</charParams></formatting></line>
<line baseline="228" l="213" t="194" r="969" b="237"><formatting lang="OldGerman">
<charParams l="213" t="201" r="228" b="229" charConfidence="100">d</charParams>
<charParams l="232" t="199" r="239" b="229" charConfidence="-1">i</charParams>
<charParams l="243" t="208" r="254" b="229" charConfidence="100">e</charParams>
<charParams l="258" t="198" r="270" b="235" charConfidence="31">s</charParams>
<charParams l="268" t="207" r="281" b="229" charConfidence="27">e</charParams>
<charParams l="282" t="207" r="308" b="230"> </charParams>
<charParams l="309" t="208" r="326" b="230" charConfidence="41">v</charParams>
<charParams l="330" t="207" r="341" b="229" charConfidence="45">e</charParams>
<charParams l="344" t="207" r="356" b="230" charConfidence="56">r</charParams>
<charParams l="360" t="199" r="372" b="235" charConfidence="26">s</charParams>
<charParams l="370" t="199" r="395" b="235" charConfidence="58">c</charParams>
<charParams l="370" t="199" r="395" b="235" charConfidence="58">h</charParams>
<charParams l="399" t="200" r="406" b="230" charConfidence="100">i</charParams>
<charParams l="409" t="207" r="421" b="229" charConfidence="30">e</charParams>
<charParams l="424" t="201" r="438" b="229" charConfidence="29">d</charParams>
<charParams l="442" t="206" r="454" b="229" charConfidence="42">e</charParams>
<charParams l="456" t="206" r="473" b="229" charConfidence="100">n</charParams>
<charParams l="476" t="207" r="488" b="229" charConfidence="40">e</charParams>
<charParams l="491" t="206" r="508" b="228" charConfidence="37">n</charParams>
<charParams l="509" t="195" r="533" b="228"> </charParams>
<charParams l="534" t="195" r="565" b="227" charConfidence="26">G</charParams>
<charParams l="569" t="204" r="581" b="226" charConfidence="29">e</charParams>
<charParams l="583" t="196" r="592" b="226" charConfidence="97">l</charParams>
<charParams l="594" t="203" r="606" b="225" charConfidence="25">e</charParams>
<charParams l="607" t="203" r="623" b="233" charConfidence="28">g</charParams>
<charParams l="627" t="201" r="638" b="225" charConfidence="27">e</charParams>
<charParams l="641" t="203" r="657" b="224" charConfidence="46">n</charParams>
<charParams l="662" t="194" r="677" b="233" charConfidence="58">h</charParams>
<charParams l="681" t="203" r="693" b="225" charConfidence="68">e</charParams>
<charParams l="696" t="204" r="703" b="225" charConfidence="100">i</charParams>
<charParams l="706" t="201" r="716" b="226" charConfidence="28">t</charParams>
<charParams l="718" t="205" r="730" b="227" charConfidence="26">e</charParams>
<charParams l="732" t="205" r="749" b="227" charConfidence="37">n</charParams>
<charParams l="758" t="220" r="767" b="234" charConfidence="70">,</charParams>
<charParams l="768" t="202" r="808" b="234"> </charParams>
<charParams l="809" t="202" r="824" b="230" charConfidence="29">d</charParams>
<charParams l="828" t="201" r="835" b="229" charConfidence="100">i</charParams>
<charParams l="839" t="209" r="850" b="230" charConfidence="100">e</charParams>
<charParams l="854" t="200" r="866" b="237" charConfidence="32">s</charParams>
<charParams l="864" t="209" r="876" b="231" charConfidence="35">e</charParams>
<charParams l="877" t="198" r="911" b="231"> </charParams>
<charParams l="912" t="198" r="939" b="231" charConfidence="57">A</charParams>
<charParams l="941" t="208" r="958" b="230" charConfidence="47">n</charParams>
<charParams l="960" t="210" r="969" b="226" charConfidence="52">-</charParams></formatting></line>
<line baseline="288" l="212" t="255" r="968" b="296"><formatting lang="OldGerman">
<charParams l="212" t="267" r="225" b="288" charConfidence="26">e</charParams>
<charParams l="228" t="267" r="240" b="288" charConfidence="41">r</charParams>
<charParams l="243" t="258" r="258" b="289" charConfidence="28">b</charParams>
<charParams l="262" t="260" r="269" b="288" suspicious="1" charConfidence="100">i</charParams>
<charParams l="272" t="267" r="284" b="289" charConfidence="35">e</charParams>
<charParams l="287" t="264" r="297" b="289" charConfidence="64">t</charParams>
<charParams l="299" t="267" r="315" b="289" charConfidence="61">u</charParams>
<charParams l="318" t="267" r="335" b="289" charConfidence="100">n</charParams>
<charParams l="337" t="267" r="353" b="296" charConfidence="25">g</charParams>
<charParams l="357" t="268" r="369" b="288" charConfidence="28">e</charParams>
<charParams l="371" t="267" r="388" b="288" charConfidence="-1">»</charParams>
<charParams l="389" t="266" r="411" b="289"> </charParams>
<charParams l="412" t="266" r="439" b="289" charConfidence="35">m</charParams>
<charParams l="442" t="267" r="457" b="288" charConfidence="54">a</charParams>
<charParams l="461" t="259" r="485" b="293" charConfidence="71">c</charParams>
<charParams l="461" t="259" r="485" b="293" charConfidence="71">h</charParams>
<charParams l="490" t="266" r="501" b="288" charConfidence="26">e</charParams>
<charParams l="504" t="265" r="521" b="288" charConfidence="26">n</charParams>
<charParams l="522" t="257" r="543" b="288"> </charParams>
<charParams l="544" t="257" r="552" b="287" charConfidence="100">i</charParams>
<charParams l="556" t="255" r="571" b="296" charConfidence="38">h</charParams>
<charParams l="575" t="262" r="602" b="285" charConfidence="39">m</charParams>
<charParams l="603" t="262" r="625" b="285"> </charParams>
<charParams l="626" t="262" r="642" b="284" charConfidence="39">n</charParams>
<charParams l="646" t="263" r="658" b="285" charConfidence="31">e</charParams>
<charParams l="661" t="262" r="676" b="284" charConfidence="60">u</charParams>
<charParams l="680" t="263" r="693" b="284" suspicious="1" charConfidence="27">e</charParams>
<charParams l="694" t="255" r="712" b="288"> </charParams>
<charParams l="713" t="255" r="746" b="288" charConfidence="22">Q</charParams>
<charParams l="750" t="264" r="765" b="286" charConfidence="24">u</charParams>
<charParams l="769" t="265" r="783" b="288" charConfidence="100">a</charParams>
<charParams l="788" t="259" r="796" b="288" charConfidence="33">l</charParams>
<charParams l="796" t="281" r="805" b="294" charConfidence="68">,</charParams>
<charParams l="806" t="268" r="828" b="294"> </charParams>
<charParams l="829" t="268" r="846" b="290" charConfidence="59">n</charParams>
<charParams l="850" t="268" r="861" b="290" charConfidence="55">e</charParams>
<charParams l="864" t="268" r="880" b="291" charConfidence="45">u</charParams>
<charParams l="884" t="269" r="896" b="290" charConfidence="38">e</charParams>
<charParams l="897" t="260" r="911" b="291"> </charParams>
<charParams l="912" t="260" r="935" b="291" suspicious="1" charConfidence="29">U</charParams>
<charParams l="939" t="269" r="956" b="291" charConfidence="31">n</charParams>
<charParams l="958" t="268" r="968" b="284" suspicious="1" charConfidence="-1">«</charParams></formatting></line>
<line baseline="348" l="212" t="312" r="967" b="359"><formatting lang="OldGerman">
<charParams l="212" t="326" r="224" b="348" charConfidence="100">r</charParams>
<charParams l="228" t="326" r="243" b="348" charConfidence="24">u</charParams>
<charParams l="248" t="318" r="263" b="358" charConfidence="57">h</charParams>
<charParams l="267" t="326" r="279" b="348" charConfidence="55">e</charParams>
<charParams l="281" t="339" r="289" b="349" charConfidence="64">.</charParams>
<charParams l="290" t="316" r="333" b="349"> </charParams>
<charParams l="334" t="316" r="362" b="349" charConfidence="30">K</charParams>
<charParams l="364" t="326" r="376" b="348" charConfidence="27">e</charParams>
<charParams l="380" t="319" r="387" b="347" charConfidence="100">i</charParams>
<charParams l="390" t="325" r="406" b="347" charConfidence="71">n</charParams>
<charParams l="410" t="326" r="421" b="349" charConfidence="24">e</charParams>
<charParams l="424" t="321" r="439" b="348" charConfidence="100">s</charParams>
<charParams l="440" t="321" r="466" b="348"> </charParams>
<charParams l="467" t="326" r="484" b="348" charConfidence="100">v</charParams>
<charParams l="488" t="325" r="502" b="347" charConfidence="81">o</charParams>
<charParams l="505" t="324" r="522" b="346" charConfidence="65">n</charParams>
<charParams l="523" t="317" r="551" b="346"> </charParams>
<charParams l="552" t="317" r="567" b="345" charConfidence="28">d</charParams>
<charParams l="570" t="322" r="582" b="345" charConfidence="74">e</charParams>
<charParams l="584" t="322" r="602" b="344" charConfidence="75">n</charParams>
<charParams l="603" t="312" r="624" b="345"> </charParams>
<charParams l="625" t="312" r="653" b="345" charConfidence="30">V</charParams>
<charParams l="657" t="322" r="669" b="344" charConfidence="50">e</charParams>
<charParams l="671" t="321" r="684" b="344" charConfidence="100">r</charParams>
<charParams l="686" t="312" r="703" b="353" charConfidence="59">h</charParams>
<charParams l="706" t="314" r="720" b="344" charConfidence="22">ä</charParams>
<charParams l="725" t="315" r="732" b="344" charConfidence="61">l</charParams>
<charParams l="736" t="320" r="745" b="344" charConfidence="33">t</charParams>
<charParams l="748" t="323" r="763" b="345" charConfidence="100">n</charParams>
<charParams l="768" t="316" r="775" b="345" charConfidence="100">i</charParams>
<charParams l="779" t="316" r="802" b="350" charConfidence="98">s</charParams>
<charParams l="779" t="316" r="802" b="350" charConfidence="98">s</charParams>
<charParams l="800" t="325" r="812" b="346" charConfidence="37">e</charParams>
<charParams l="814" t="326" r="832" b="348" suspicious="1" charConfidence="100">n</charParams>
<charParams l="833" t="320" r="854" b="349"> </charParams>
<charParams l="855" t="320" r="863" b="349" charConfidence="100">i</charParams>
<charParams l="867" t="321" r="886" b="356" charConfidence="70">s</charParams>
<charParams l="867" t="321" r="886" b="356" charConfidence="70">t</charParams>
<charParams l="887" t="321" r="908" b="356"> </charParams>
<charParams l="909" t="322" r="916" b="350" charConfidence="22">I</charParams>
<charParams l="920" t="321" r="935" b="359" charConfidence="100">h</charParams>
<charParams l="939" t="329" r="967" b="351" charConfidence="67">m</charParams></formatting></line>
<line baseline="405" l="210" t="373" r="968" b="415"><formatting lang="OldGerman">
<charParams l="210" t="386" r="226" b="415" charConfidence="33">g</charParams>
<charParams l="230" t="385" r="241" b="407" charConfidence="27">e</charParams>
<charParams l="244" t="384" r="270" b="407" charConfidence="73">m</charParams>
<charParams l="274" t="378" r="288" b="407" charConfidence="36">ä</charParams>
<charParams l="292" t="377" r="308" b="413" charConfidence="29">ß</charParams>
<charParams l="310" t="399" r="318" b="408" charConfidence="100">.</charParams>
<charParams l="319" t="375" r="362" b="408"> </charParams>
<charParams l="363" t="375" r="388" b="407" charConfidence="28">E</charParams>
<charParams l="391" t="385" r="405" b="407" charConfidence="88">r</charParams>
<charParams l="406" t="376" r="426" b="411"> </charParams>
<charParams l="427" t="376" r="440" b="411" charConfidence="100">s</charParams>
<charParams l="439" t="384" r="453" b="406" charConfidence="32">o</charParams>
<charParams l="456" t="376" r="466" b="406" charConfidence="28">l</charParams>
<charParams l="466" t="376" r="474" b="406" charConfidence="33">l</charParams>
<charParams l="475" t="376" r="496" b="406"> </charParams>
<charParams l="497" t="383" r="513" b="405" charConfidence="43">n</charParams>
<charParams l="517" t="376" r="525" b="406" charConfidence="100">i</charParams>
<charParams l="527" t="375" r="553" b="410" charConfidence="55">c</charParams>
<charParams l="527" t="375" r="553" b="410" charConfidence="55">h</charParams>
<charParams l="558" t="379" r="567" b="404" charConfidence="30">t</charParams>
<charParams l="568" t="379" r="588" b="404"> </charParams>
<charParams l="589" t="380" r="614" b="404" charConfidence="28">w</charParams>
<charParams l="619" t="374" r="625" b="403" charConfidence="100">i</charParams>
<charParams l="629" t="381" r="641" b="403" charConfidence="72">r</charParams>
<charParams l="643" t="373" r="655" b="402" charConfidence="30">k</charParams>
<charParams l="657" t="382" r="669" b="402" charConfidence="27">e</charParams>
<charParams l="672" t="380" r="688" b="402" charConfidence="82">n</charParams>
<charParams l="697" t="381" r="706" b="410" charConfidence="45">;</charParams>
<charParams l="707" t="381" r="730" b="410"> </charParams>
<charParams l="731" t="381" r="742" b="403" charConfidence="27">e</charParams>
<charParams l="746" t="381" r="758" b="403" charConfidence="99">r</charParams>
<charParams l="759" t="374" r="779" b="410"> </charParams>
<charParams l="780" t="374" r="794" b="410" charConfidence="100">s</charParams>
<charParams l="792" t="383" r="806" b="404" charConfidence="58">o</charParams>
<charParams l="810" t="376" r="817" b="404" charConfidence="42">l</charParams>
<charParams l="817" t="377" r="827" b="405" charConfidence="26">l</charParams>
<charParams l="828" t="377" r="845" b="413"> </charParams>
<charParams l="846" t="377" r="865" b="413" charConfidence="52">s</charParams>
<charParams l="846" t="377" r="865" b="413" charConfidence="52">i</charParams>
<charParams l="867" t="378" r="892" b="413" charConfidence="59">c</charParams>
<charParams l="867" t="378" r="892" b="413" charConfidence="59">h</charParams>
<charParams l="893" t="378" r="908" b="413"> </charParams>
<charParams l="909" t="387" r="924" b="408" charConfidence="34">a</charParams>
<charParams l="928" t="387" r="944" b="409" charConfidence="37">u</charParams>
<charParams l="947" t="379" r="959" b="415" charConfidence="31">f</charParams>
<charParams l="958" t="390" r="968" b="405" charConfidence="22">¬</charParams></formatting></line>
<line baseline="465" l="210" t="429" r="968" b="472"><formatting lang="OldGerman">
<charParams l="210" t="443" r="224" b="465" charConfidence="26">o</charParams>
<charParams l="227" t="443" r="243" b="472" charConfidence="100">p</charParams>
<charParams l="246" t="435" r="260" b="471" charConfidence="100">f</charParams>
<charParams l="259" t="443" r="270" b="465" charConfidence="27">e</charParams>
<charParams l="273" t="443" r="285" b="465" charConfidence="33">r</charParams>
<charParams l="288" t="442" r="305" b="464" charConfidence="26">n</charParams>
<charParams l="314" t="457" r="323" b="471" charConfidence="61">,</charParams>
<charParams l="324" t="434" r="354" b="471"> </charParams>
<charParams l="355" t="434" r="369" b="471" charConfidence="52">s</charParams>
<charParams l="366" t="443" r="378" b="464" charConfidence="25">e</charParams>
<charParams l="382" t="434" r="389" b="463" charConfidence="100">i</charParams>
<charParams l="392" t="441" r="408" b="464" charConfidence="77">n</charParams>
<charParams l="411" t="441" r="424" b="464" charConfidence="32">e</charParams>
<charParams l="425" t="432" r="454" b="469"> </charParams>
<charParams l="455" t="432" r="475" b="469" charConfidence="93">Z</charParams>
<charParams l="479" t="442" r="490" b="464" charConfidence="27">e</charParams>
<charParams l="494" t="435" r="500" b="463" charConfidence="100">i</charParams>
<charParams l="504" t="438" r="515" b="464" charConfidence="27">t</charParams>
<charParams l="523" t="455" r="531" b="469" charConfidence="64">,</charParams>
<charParams l="532" t="433" r="563" b="469"> </charParams>
<charParams l="564" t="433" r="576" b="469" charConfidence="92">s</charParams>
<charParams l="576" t="441" r="586" b="463" charConfidence="24">e</charParams>
<charParams l="590" t="433" r="597" b="463" charConfidence="100">i</charParams>
<charParams l="601" t="441" r="617" b="463" charConfidence="77">n</charParams>
<charParams l="620" t="440" r="633" b="463" charConfidence="27">e</charParams>
<charParams l="634" t="429" r="655" b="464"> </charParams>
<charParams l="656" t="429" r="687" b="464" charConfidence="23">G</charParams>
<charParams l="691" t="441" r="702" b="463" charConfidence="85">e</charParams>
<charParams l="706" t="432" r="724" b="470" charConfidence="51">s</charParams>
<charParams l="706" t="432" r="724" b="470" charConfidence="51">i</charParams>
<charParams l="726" t="441" r="741" b="464" charConfidence="91">n</charParams>
<charParams l="745" t="440" r="762" b="464" charConfidence="72">n</charParams>
<charParams l="766" t="440" r="782" b="464" charConfidence="100">u</charParams>
<charParams l="786" t="441" r="801" b="464" charConfidence="25">n</charParams>
<charParams l="805" t="442" r="820" b="472" charConfidence="62">g</charParams>
<charParams l="824" t="442" r="835" b="464" charConfidence="100">e</charParams>
<charParams l="838" t="442" r="855" b="465" charConfidence="42">n</charParams>
<charParams l="865" t="456" r="874" b="472" charConfidence="67">,</charParams>
<charParams l="875" t="435" r="896" b="472"> </charParams>
<charParams l="897" t="435" r="908" b="472" charConfidence="95">s</charParams>
<charParams l="909" t="444" r="920" b="466" charConfidence="24">e</charParams>
<charParams l="924" t="434" r="931" b="467" charConfidence="33">i</charParams>
<charParams l="935" t="444" r="951" b="467" charConfidence="65">n</charParams>
<charParams l="955" t="444" r="968" b="467" charConfidence="28">e</charParams></formatting></line>
<line baseline="524" l="207" t="492" r="964" b="534"><formatting lang="OldGerman">
<charParams l="207" t="492" r="235" b="524" charConfidence="26">A</charParams>
<charParams l="236" t="501" r="249" b="523" charConfidence="100">r</charParams>
<charParams l="252" t="500" r="262" b="523" charConfidence="26">t</charParams>
<charParams l="263" t="500" r="291" b="534"> </charParams>
<charParams l="292" t="501" r="305" b="534" charConfidence="24">z</charParams>
<charParams l="307" t="501" r="323" b="523" charConfidence="69">u</charParams>
<charParams l="324" t="493" r="355" b="529"> </charParams>
<charParams l="356" t="493" r="369" b="529" charConfidence="100">s</charParams>
<charParams l="367" t="502" r="378" b="523" charConfidence="25">e</charParams>
<charParams l="381" t="502" r="396" b="531" charConfidence="0">y</charParams>
<charParams l="400" t="501" r="417" b="523" charConfidence="28">n</charParams>
<charParams l="425" t="516" r="434" b="529" charConfidence="57">,</charParams>
<charParams l="435" t="502" r="475" b="529"> </charParams>
<charParams l="476" t="502" r="492" b="524" charConfidence="86">u</charParams>
<charParams l="496" t="501" r="511" b="523" charConfidence="24">n</charParams>
<charParams l="516" t="495" r="530" b="523" charConfidence="29">d</charParams>
<charParams l="531" t="495" r="562" b="524"> </charParams>
<charParams l="563" t="496" r="577" b="524" charConfidence="26">d</charParams>
<charParams l="581" t="502" r="595" b="524" charConfidence="100">a</charParams>
<charParams l="600" t="496" r="614" b="524" suspicious="1" charConfidence="100">S</charParams>
<charParams l="615" t="494" r="646" b="524"> </charParams>
<charParams l="647" t="494" r="654" b="523" charConfidence="100">i</charParams>
<charParams l="658" t="494" r="678" b="532" charConfidence="38">s</charParams>
<charParams l="658" t="494" r="678" b="532" charConfidence="38">t</charParams>
<charParams l="679" t="494" r="711" b="532"> </charParams>
<charParams l="712" t="494" r="719" b="523" charConfidence="100">i</charParams>
<charParams l="724" t="493" r="739" b="533" charConfidence="100">h</charParams>
<charParams l="744" t="501" r="769" b="524" charConfidence="54">m</charParams>
<charParams l="770" t="501" r="800" b="525"> </charParams>
<charParams l="801" t="503" r="816" b="525" charConfidence="23">u</charParams>
<charParams l="821" t="502" r="837" b="525" charConfidence="25">n</charParams>
<charParams l="841" t="502" r="866" b="524" charConfidence="9">m</charParams>
<charParams l="871" t="495" r="884" b="525" charConfidence="22">ö</charParams>
<charParams l="887" t="504" r="902" b="533" charConfidence="26">g</charParams>
<charParams l="907" t="497" r="914" b="525" charConfidence="28">l</charParams>
<charParams l="918" t="496" r="924" b="525" charConfidence="100">i</charParams>
<charParams l="927" t="496" r="953" b="532" charConfidence="55">c</charParams>
<charParams l="927" t="496" r="953" b="532" charConfidence="55">h</charParams>
<charParams l="956" t="518" r="964" b="525" charConfidence="100">.</charParams></formatting></line>
<line baseline="586" l="206" t="552" r="964" b="595"><formatting lang="OldGerman">
<charParams l="206" t="552" r="233" b="591" suspicious="1" charConfidence="28">Z</charParams>
<charParams l="237" t="563" r="249" b="585" charConfidence="43">e</charParams>
<charParams l="251" t="562" r="277" b="585" charConfidence="32">m</charParams>
<charParams l="281" t="562" r="293" b="585" charConfidence="28">e</charParams>
<charParams l="296" t="554" r="312" b="593" charConfidence="85">h</charParams>
<charParams l="316" t="564" r="328" b="585" charConfidence="100">r</charParams>
<charParams l="329" t="555" r="358" b="585"> </charParams>
<charParams l="359" t="555" r="366" b="585" charConfidence="100">i</charParams>
<charParams l="370" t="555" r="395" b="591" charConfidence="100">c</charParams>
<charParams l="370" t="555" r="395" b="591" charConfidence="100">h</charParams>
<charParams l="396" t="555" r="426" b="591"> </charParams>
<charParams l="427" t="558" r="442" b="586" charConfidence="29">d</charParams>
<charParams l="446" t="564" r="460" b="585" charConfidence="24">a</charParams>
<charParams l="464" t="558" r="478" b="585" suspicious="1" charConfidence="59">S</charParams>
<charParams l="479" t="558" r="508" b="585"> </charParams>
<charParams l="509" t="564" r="524" b="585" charConfidence="42">a</charParams>
<charParams l="529" t="557" r="535" b="586" charConfidence="28">l</charParams>
<charParams l="537" t="555" r="545" b="586" charConfidence="48">l</charParams>
<charParams l="548" t="564" r="558" b="585" charConfidence="31">e</charParams>
<charParams l="562" t="562" r="577" b="586" charConfidence="100">s</charParams>
<charParams l="578" t="556" r="609" b="586"> </charParams>
<charParams l="610" t="556" r="624" b="586" charConfidence="58">b</charParams>
<charParams l="629" t="564" r="639" b="586" charConfidence="98">e</charParams>
<charParams l="643" t="561" r="652" b="586" charConfidence="29">t</charParams>
<charParams l="656" t="565" r="667" b="586" charConfidence="24">r</charParams>
<charParams l="670" t="565" r="684" b="586" charConfidence="27">a</charParams>
<charParams l="688" t="556" r="713" b="593" charConfidence="99">c</charParams>
<charParams l="688" t="556" r="713" b="593" charConfidence="99">h</charParams>
<charParams l="718" t="562" r="727" b="586" charConfidence="27">t</charParams>
<charParams l="731" t="565" r="741" b="586" charConfidence="100">e</charParams>
<charParams l="751" t="579" r="760" b="593" charConfidence="75">,</charParams>
<charParams l="761" t="559" r="797" b="595"> </charParams>
<charParams l="798" t="559" r="805" b="595" charConfidence="61">j</charParams>
<charParams l="810" t="565" r="820" b="587" suspicious="1" charConfidence="27">c</charParams>
<charParams l="824" t="564" r="849" b="587" charConfidence="34">m</charParams>
<charParams l="854" t="565" r="865" b="587" charConfidence="54">e</charParams>
<charParams l="868" t="556" r="883" b="595" charConfidence="100">h</charParams>
<charParams l="888" t="565" r="900" b="588" charConfidence="37">r</charParams>
<charParams l="901" t="558" r="925" b="588"> </charParams>
<charParams l="926" t="558" r="934" b="587" charConfidence="100">i</charParams>
<charParams l="938" t="557" r="964" b="594" charConfidence="73">c</charParams>
<charParams l="938" t="557" r="964" b="594" charConfidence="73">h</charParams></formatting></line>
<line baseline="646" l="207" t="615" r="963" b="656"><formatting lang="OldGerman">
<charParams l="207" t="623" r="219" b="645" charConfidence="35">e</charParams>
<charParams l="222" t="618" r="236" b="645" suspicious="1" charConfidence="100">S</charParams>
<charParams l="237" t="615" r="265" b="652"> </charParams>
<charParams l="266" t="615" r="279" b="652" charConfidence="29">f</charParams>
<charParams l="279" t="615" r="295" b="645" charConfidence="22">ü</charParams>
<charParams l="298" t="615" r="314" b="656" charConfidence="96">h</charParams>
<charParams l="319" t="617" r="326" b="646" charConfidence="59">l</charParams>
<charParams l="329" t="624" r="341" b="646" charConfidence="64">e</charParams>
<charParams l="348" t="638" r="357" b="652" charConfidence="80">,</charParams>
<charParams l="358" t="618" r="399" b="652"> </charParams>
<charParams l="400" t="618" r="415" b="647" charConfidence="30">d</charParams>
<charParams l="419" t="625" r="430" b="646" charConfidence="30">e</charParams>
<charParams l="434" t="617" r="453" b="653" charConfidence="38">s</charParams>
<charParams l="434" t="617" r="453" b="653" charConfidence="38">t</charParams>
<charParams l="455" t="624" r="470" b="646" charConfidence="42">o</charParams>
<charParams l="471" t="617" r="499" b="647"> </charParams>
<charParams l="500" t="617" r="507" b="647" charConfidence="100">l</charParams>
<charParams l="510" t="624" r="522" b="647" charConfidence="29">e</charParams>
<charParams l="526" t="616" r="540" b="647" charConfidence="70">b</charParams>
<charParams l="544" t="615" r="559" b="654" charConfidence="100">h</charParams>
<charParams l="563" t="624" r="578" b="646" charConfidence="100">a</charParams>
<charParams l="581" t="615" r="595" b="653" charConfidence="51">f</charParams>
<charParams l="594" t="620" r="604" b="646" charConfidence="77">t</charParams>
<charParams l="606" t="624" r="617" b="646" charConfidence="27">e</charParams>
<charParams l="621" t="624" r="634" b="646" charConfidence="54">r</charParams>
<charParams l="635" t="623" r="666" b="647"> </charParams>
<charParams l="667" t="623" r="692" b="647" charConfidence="30">w</charParams>
<charParams l="696" t="617" r="703" b="647" charConfidence="100">i</charParams>
<charParams l="707" t="625" r="718" b="647" charConfidence="100">r</charParams>
<charParams l="722" t="619" r="737" b="647" charConfidence="26">d</charParams>
<charParams l="738" t="619" r="765" b="647"> </charParams>
<charParams l="766" t="620" r="781" b="647" charConfidence="28">d</charParams>
<charParams l="785" t="625" r="795" b="647" charConfidence="24">e</charParams>
<charParams l="799" t="624" r="812" b="647" charConfidence="33">r</charParams>
<charParams l="813" t="615" r="844" b="648"> </charParams>
<charParams l="845" t="615" r="884" b="648" charConfidence="66">W</charParams>
<charParams l="887" t="625" r="902" b="647" charConfidence="72">u</charParams>
<charParams l="905" t="625" r="922" b="647" charConfidence="29">n</charParams>
<charParams l="926" t="617" r="938" b="653" charConfidence="44">s</charParams>
<charParams l="937" t="617" r="963" b="654" charConfidence="100">c</charParams>
<charParams l="937" t="617" r="963" b="654" charConfidence="100">h</charParams></formatting></line>
<line baseline="705" l="207" t="674" r="574" b="716"><formatting lang="OldGerman">
<charParams l="207" t="677" r="214" b="704" charConfidence="100">i</charParams>
<charParams l="218" t="675" r="233" b="713" charConfidence="100">h</charParams>
<charParams l="237" t="683" r="254" b="705" charConfidence="57">n</charParams>
<charParams l="255" t="674" r="277" b="706"> </charParams>
<charParams l="278" t="674" r="293" b="706" charConfidence="35">b</charParams>
<charParams l="297" t="683" r="309" b="705" charConfidence="38">e</charParams>
<charParams l="312" t="683" r="328" b="714" charConfidence="28">y</charParams>
<charParams l="329" t="683" r="350" b="714"> </charParams>
<charParams l="351" t="684" r="369" b="706" charConfidence="73">u</charParams>
<charParams l="372" t="683" r="388" b="706" charConfidence="62">n</charParams>
<charParams l="392" t="679" r="407" b="707" charConfidence="100">s</charParams>
<charParams l="408" t="679" r="429" b="716"> </charParams>
<charParams l="430" t="683" r="441" b="716" charConfidence="26">z</charParams>
<charParams l="445" t="684" r="461" b="707" charConfidence="43">u</charParams>
<charParams l="462" t="676" r="484" b="713"> </charParams>
<charParams l="485" t="676" r="497" b="713" charConfidence="100">s</charParams>
<charParams l="497" t="684" r="508" b="706" charConfidence="25">e</charParams>
<charParams l="512" t="676" r="527" b="714" charConfidence="91">h</charParams>
<charParams l="531" t="684" r="542" b="705" charConfidence="25">e</charParams>
<charParams l="546" t="684" r="562" b="705" charConfidence="24">n</charParams>
<charParams l="566" t="698" r="574" b="706" charConfidence="63">.</charParams></formatting></line></par>
<par align="Justified" startIndent="2064" lineSpacing="1392">
<line baseline="822" l="268" t="792" r="962" b="829"><formatting lang="OldGerman">
<charParams l="268" t="792" r="294" b="823" charConfidence="-1">E</charParams>
<charParams l="295" t="797" r="311" b="823" suspicious="1" charConfidence="100">S</charParams>
<charParams l="312" t="795" r="333" b="823"> </charParams>
<charParams l="334" t="795" r="343" b="823" charConfidence="39">i</charParams>
<charParams l="346" t="795" r="367" b="828" suspicious="1" charConfidence="29">s</charParams>
<charParams l="346" t="795" r="367" b="828" suspicious="1" charConfidence="29">t</charParams>
<charParams l="368" t="795" r="387" b="828"> </charParams>
<charParams l="388" t="803" r="401" b="825" charConfidence="50">r</charParams>
<charParams l="404" t="802" r="416" b="823" charConfidence="39">e</charParams>
<charParams l="418" t="794" r="444" b="828" charConfidence="62">c</charParams>
<charParams l="418" t="794" r="444" b="828" charConfidence="62">h</charParams>
<charParams l="448" t="799" r="458" b="823" charConfidence="40">t</charParams>
<charParams l="459" t="794" r="479" b="829"> </charParams>
<charParams l="480" t="794" r="493" b="829" charConfidence="100">s</charParams>
<charParams l="491" t="794" r="516" b="829" charConfidence="54">c</charParams>
<charParams l="491" t="794" r="516" b="829" charConfidence="54">h</charParams>
<charParams l="520" t="793" r="534" b="823" charConfidence="22">ö</charParams>
<charParams l="537" t="801" r="555" b="823" charConfidence="100">n</charParams>
<charParams l="556" t="801" r="577" b="823"> </charParams>
<charParams l="578" t="801" r="595" b="823" charConfidence="46">u</charParams>
<charParams l="599" t="801" r="615" b="823" charConfidence="29">n</charParams>
<charParams l="618" t="795" r="635" b="823" charConfidence="26">d</charParams>
<charParams l="636" t="795" r="667" b="823"> </charParams>
<charParams l="668" t="795" r="676" b="822" charConfidence="66">l</charParams>
<charParams l="679" t="794" r="686" b="822" charConfidence="100">i</charParams>
<charParams l="690" t="802" r="701" b="822" charConfidence="100">e</charParams>
<charParams l="705" t="793" r="719" b="822" charConfidence="29">b</charParams>
<charParams l="723" t="801" r="735" b="823" charConfidence="55">e</charParams>
<charParams l="738" t="801" r="754" b="823" charConfidence="73">n</charParams>
<charParams l="758" t="797" r="773" b="822" charConfidence="100">s</charParams>
<charParams l="775" t="801" r="799" b="823" charConfidence="53">w</charParams>
<charParams l="803" t="792" r="820" b="824" charConfidence="26">ü</charParams>
<charParams l="823" t="802" r="836" b="822" charConfidence="65">r</charParams>
<charParams l="839" t="796" r="853" b="822" charConfidence="43">d</charParams>
<charParams l="857" t="794" r="865" b="821" charConfidence="31">i</charParams>
<charParams l="866" t="802" r="883" b="829" charConfidence="35">g</charParams>
<charParams l="884" t="801" r="904" b="829"> </charParams>
<charParams l="905" t="801" r="923" b="821" charConfidence="27">v</charParams>
<charParams l="926" t="800" r="940" b="821" charConfidence="57">o</charParams>
<charParams l="943" t="799" r="962" b="820" charConfidence="50">n</charParams></formatting></line>
<line baseline="878" l="202" t="849" r="960" b="886"><formatting lang="OldGerman">
<charParams l="202" t="852" r="216" b="879" charConfidence="100">d</charParams>
<charParams l="221" t="851" r="228" b="879" charConfidence="100">i</charParams>
<charParams l="230" t="858" r="244" b="878" charConfidence="100">r</charParams>
<charParams l="251" t="871" r="260" b="884" charConfidence="61">,</charParams>
<charParams l="261" t="858" r="282" b="884"> </charParams>
<charParams l="283" t="858" r="300" b="879" charConfidence="25">v</charParams>
<charParams l="304" t="859" r="315" b="879" charConfidence="100">e</charParams>
<charParams l="318" t="858" r="332" b="879" charConfidence="54">r</charParams>
<charParams l="334" t="851" r="347" b="885" charConfidence="32">s</charParams>
<charParams l="345" t="858" r="357" b="878" charConfidence="43">e</charParams>
<charParams l="358" t="853" r="376" b="886" charConfidence="45">t</charParams>
<charParams l="358" t="853" r="376" b="886" charConfidence="45">z</charParams>
<charParams l="380" t="855" r="390" b="879" charConfidence="54">t</charParams>
<charParams l="392" t="858" r="405" b="879" charConfidence="26">e</charParams>
<charParams l="406" t="849" r="426" b="880"> </charParams>
<charParams l="427" t="849" r="452" b="880" charConfidence="35">C</charParams>
<charParams l="454" t="849" r="470" b="886" charConfidence="46">h</charParams>
<charParams l="473" t="859" r="488" b="879" charConfidence="45">a</charParams>
<charParams l="492" t="857" r="504" b="879" charConfidence="30">r</charParams>
<charParams l="508" t="851" r="515" b="879" charConfidence="44">l</charParams>
<charParams l="518" t="859" r="533" b="878" charConfidence="35">o</charParams>
<charParams l="536" t="855" r="559" b="879" charConfidence="34">t</charParams>
<charParams l="536" t="855" r="559" b="879" charConfidence="34">t</charParams>
<charParams l="561" t="858" r="574" b="879" charConfidence="46">e</charParams>
<charParams l="582" t="871" r="592" b="884" charConfidence="66">,</charParams>
<charParams l="593" t="853" r="614" b="884"> </charParams>
<charParams l="615" t="853" r="631" b="879" charConfidence="28">d</charParams>
<charParams l="635" t="859" r="649" b="878" charConfidence="25">a</charParams>
<charParams l="653" t="850" r="668" b="884" charConfidence="25">ß</charParams>
<charParams l="669" t="850" r="691" b="884"> </charParams>
<charParams l="692" t="852" r="708" b="878" charConfidence="54">d</charParams>
<charParams l="710" t="857" r="728" b="878" charConfidence="69">u</charParams>
<charParams l="729" t="852" r="751" b="878"> </charParams>
<charParams l="752" t="852" r="767" b="878" charConfidence="29">d</charParams>
<charParams l="770" t="858" r="782" b="878" charConfidence="49">e</charParams>
<charParams l="784" t="853" r="800" b="878" charConfidence="95">s</charParams>
<charParams l="801" t="849" r="816" b="883"> </charParams>
<charParams l="817" t="849" r="841" b="883" charConfidence="34">F</charParams>
<charParams l="842" t="856" r="854" b="877" charConfidence="96">r</charParams>
<charParams l="857" t="856" r="869" b="877" charConfidence="26">e</charParams>
<charParams l="872" t="856" r="888" b="878" charConfidence="38">u</charParams>
<charParams l="891" t="856" r="907" b="878" charConfidence="86">n</charParams>
<charParams l="911" t="851" r="926" b="877" charConfidence="28">d</charParams>
<charParams l="930" t="856" r="941" b="877" charConfidence="25">e</charParams>
<charParams l="944" t="852" r="960" b="877" charConfidence="100">s</charParams></formatting></line>
<line baseline="937" l="200" t="904" r="960" b="946"><formatting lang="OldGerman">
<charParams l="200" t="908" r="220" b="944" charConfidence="47">Z</charParams>
<charParams l="224" t="917" r="239" b="939" charConfidence="24">u</charParams>
<charParams l="244" t="909" r="262" b="946" charConfidence="68">s</charParams>
<charParams l="244" t="909" r="262" b="946" suspicious="1" charConfidence="68">t</charParams>
<charParams l="265" t="916" r="280" b="938" charConfidence="54">a</charParams>
<charParams l="284" t="916" r="300" b="938" charConfidence="31">n</charParams>
<charParams l="304" t="909" r="319" b="938" charConfidence="27">d</charParams>
<charParams l="320" t="909" r="342" b="938"> </charParams>
<charParams l="343" t="914" r="370" b="936" charConfidence="28">m</charParams>
<charParams l="375" t="907" r="382" b="936" charConfidence="100">i</charParams>
<charParams l="386" t="912" r="396" b="936" charConfidence="26">t</charParams>
<charParams l="397" t="906" r="418" b="942"> </charParams>
<charParams l="419" t="906" r="432" b="942" charConfidence="100">s</charParams>
<charParams l="430" t="914" r="444" b="935" charConfidence="39">o</charParams>
<charParams l="445" t="914" r="466" b="935"> </charParams>
<charParams l="467" t="915" r="484" b="935" charConfidence="43">v</charParams>
<charParams l="488" t="907" r="494" b="934" charConfidence="-1">i</charParams>
<charParams l="499" t="915" r="509" b="935" charConfidence="100">e</charParams>
<charParams l="513" t="907" r="521" b="935" charConfidence="46">l</charParams>
<charParams l="522" t="904" r="543" b="937"> </charParams>
<charParams l="544" t="904" r="570" b="937" charConfidence="36">T</charParams>
<charParams l="574" t="904" r="590" b="943" charConfidence="90">h</charParams>
<charParams l="594" t="913" r="606" b="935" charConfidence="30">e</charParams>
<charParams l="609" t="908" r="616" b="935" charConfidence="100">i</charParams>
<charParams l="621" t="907" r="628" b="936" charConfidence="47">l</charParams>
<charParams l="630" t="914" r="646" b="935" charConfidence="30">n</charParams>
<charParams l="650" t="914" r="664" b="936" charConfidence="25">a</charParams>
<charParams l="669" t="905" r="684" b="943" charConfidence="100">h</charParams>
<charParams l="688" t="913" r="715" b="935" charConfidence="100">m</charParams>
<charParams l="719" t="914" r="731" b="936" charConfidence="71">e</charParams>
<charParams l="732" t="906" r="747" b="936"> </charParams>
<charParams l="748" t="906" r="762" b="936" charConfidence="64">b</charParams>
<charParams l="767" t="915" r="777" b="936" charConfidence="100">e</charParams>
<charParams l="782" t="909" r="795" b="937" charConfidence="24">d</charParams>
<charParams l="800" t="915" r="811" b="937" charConfidence="25">e</charParams>
<charParams l="814" t="915" r="830" b="937" charConfidence="46">n</charParams>
<charParams l="834" t="906" r="846" b="937" charConfidence="33">k</charParams>
<charParams l="849" t="907" r="868" b="945" charConfidence="22">s</charParams>
<charParams l="849" t="907" r="868" b="945" charConfidence="22">t</charParams>
<charParams l="877" t="916" r="885" b="944" charConfidence="29">;</charParams>
<charParams l="886" t="915" r="920" b="944"> </charParams>
<charParams l="921" t="915" r="936" b="937" charConfidence="54">a</charParams>
<charParams l="940" t="908" r="949" b="938" charConfidence="50">l</charParams>
<charParams l="951" t="918" r="960" b="933" charConfidence="22">¬</charParams></formatting></line>
<line baseline="997" l="200" t="965" r="957" b="1006"><formatting lang="OldGerman">
<charParams l="200" t="970" r="208" b="999" charConfidence="30">l</charParams>
<charParams l="210" t="977" r="223" b="998" charConfidence="26">e</charParams>
<charParams l="226" t="969" r="232" b="998" charConfidence="100">i</charParams>
<charParams l="236" t="976" r="253" b="998" charConfidence="28">n</charParams>
<charParams l="254" t="976" r="276" b="998"> </charParams>
<charParams l="277" t="976" r="289" b="998" charConfidence="60">e</charParams>
<charParams l="292" t="976" r="304" b="998" charConfidence="39">r</charParams>
<charParams l="307" t="969" r="315" b="998" charConfidence="66">l</charParams>
<charParams l="317" t="975" r="331" b="996" charConfidence="100">a</charParams>
<charParams l="336" t="975" r="352" b="997" charConfidence="82">u</charParams>
<charParams l="356" t="966" r="371" b="997" charConfidence="77">b</charParams>
<charParams l="374" t="974" r="387" b="996" charConfidence="50">e</charParams>
<charParams l="388" t="973" r="409" b="996"> </charParams>
<charParams l="410" t="973" r="436" b="995" charConfidence="34">m</charParams>
<charParams l="440" t="966" r="447" b="994" charConfidence="100">i</charParams>
<charParams l="451" t="973" r="463" b="994" charConfidence="37">r</charParams>
<charParams l="464" t="967" r="491" b="994"> </charParams>
<charParams l="492" t="967" r="507" b="994" charConfidence="33">d</charParams>
<charParams l="512" t="966" r="518" b="993" charConfidence="100">i</charParams>
<charParams l="522" t="965" r="547" b="1001" charConfidence="58">c</charParams>
<charParams l="522" t="965" r="547" b="1001" charConfidence="58">h</charParams>
<charParams l="548" t="965" r="570" b="1001"> </charParams>
<charParams l="571" t="973" r="586" b="994" charConfidence="100">a</charParams>
<charParams l="591" t="973" r="606" b="995" charConfidence="23">u</charParams>
<charParams l="609" t="965" r="623" b="1000" charConfidence="70">f</charParams>
<charParams l="621" t="973" r="632" b="1003" charConfidence="25">z</charParams>
<charParams l="636" t="973" r="652" b="996" charConfidence="36">u</charParams>
<charParams l="656" t="966" r="669" b="1002" charConfidence="27">f</charParams>
<charParams l="669" t="974" r="682" b="995" charConfidence="40">o</charParams>
<charParams l="687" t="974" r="698" b="996" charConfidence="100">r</charParams>
<charParams l="702" t="969" r="715" b="997" charConfidence="26">d</charParams>
<charParams l="720" t="975" r="731" b="996" charConfidence="100">e</charParams>
<charParams l="735" t="974" r="746" b="997" charConfidence="52">r</charParams>
<charParams l="750" t="975" r="765" b="997" charConfidence="92">n</charParams>
<charParams l="775" t="990" r="784" b="1005" charConfidence="100">,</charParams>
<charParams l="785" t="976" r="813" b="1005"> </charParams>
<charParams l="814" t="976" r="829" b="997" charConfidence="26">a</charParams>
<charParams l="833" t="976" r="849" b="998" charConfidence="100">u</charParams>
<charParams l="853" t="969" r="878" b="1006" charConfidence="62">c</charParams>
<charParams l="853" t="969" r="878" b="1006" charConfidence="62">h</charParams>
<charParams l="879" t="969" r="904" b="1006"> </charParams>
<charParams l="905" t="970" r="920" b="997" charConfidence="31">d</charParams>
<charParams l="924" t="977" r="935" b="999" charConfidence="26">e</charParams>
<charParams l="938" t="969" r="947" b="998" charConfidence="71">i</charParams>
<charParams l="948" t="977" r="957" b="991" charConfidence="100">¬</charParams></formatting></line>
<line baseline="1056" l="197" t="1025" r="676" b="1064"><formatting lang="OldGerman">
<charParams l="197" t="1037" r="214" b="1058" charConfidence="38">n</charParams>
<charParams l="218" t="1036" r="230" b="1057" charConfidence="26">e</charParams>
<charParams l="233" t="1036" r="246" b="1057" charConfidence="88">r</charParams>
<charParams l="255" t="1049" r="263" b="1063" charConfidence="59">,</charParams>
<charParams l="264" t="1036" r="285" b="1063"> </charParams>
<charParams l="286" t="1036" r="301" b="1056" charConfidence="88">a</charParams>
<charParams l="304" t="1034" r="320" b="1057" charConfidence="31">u</charParams>
<charParams l="324" t="1026" r="350" b="1064" charConfidence="100">c</charParams>
<charParams l="324" t="1026" r="350" b="1064" charConfidence="100">h</charParams>
<charParams l="351" t="1026" r="373" b="1064"> </charParams>
<charParams l="374" t="1034" r="390" b="1056" charConfidence="28">u</charParams>
<charParams l="395" t="1033" r="410" b="1055" charConfidence="36">n</charParams>
<charParams l="416" t="1025" r="428" b="1060" charConfidence="25">s</charParams>
<charParams l="426" t="1033" r="438" b="1055" charConfidence="32">e</charParams>
<charParams l="441" t="1033" r="454" b="1055" charConfidence="100">r</charParams>
<charParams l="455" t="1032" r="475" b="1064"> </charParams>
<charParams l="476" t="1032" r="488" b="1064" charConfidence="54">z</charParams>
<charParams l="491" t="1033" r="508" b="1055" charConfidence="60">u</charParams>
<charParams l="509" t="1033" r="530" b="1063"> </charParams>
<charParams l="531" t="1033" r="546" b="1063" charConfidence="26">g</charParams>
<charParams l="551" t="1033" r="562" b="1055" charConfidence="25">e</charParams>
<charParams l="567" t="1027" r="581" b="1054" charConfidence="31">d</charParams>
<charParams l="585" t="1033" r="596" b="1055" charConfidence="46">e</charParams>
<charParams l="600" t="1033" r="615" b="1056" charConfidence="23">n</charParams>
<charParams l="620" t="1025" r="631" b="1057" charConfidence="28">k</charParams>
<charParams l="634" t="1034" r="644" b="1057" charConfidence="55">e</charParams>
<charParams l="649" t="1034" r="664" b="1057" charConfidence="24">n</charParams>
<charParams l="668" t="1050" r="676" b="1057" charConfidence="100">.</charParams></formatting></line></par>
<par align="Justified" startIndent="2064" lineSpacing="1416">
<line baseline="1176" l="259" t="1142" r="954" b="1185"><formatting lang="OldGerman">
<charParams l="259" t="1144" r="292" b="1176" charConfidence="35">D</charParams>
<charParams l="295" t="1153" r="310" b="1175" charConfidence="54">a</charParams>
<charParams l="314" t="1148" r="330" b="1175" charConfidence="100">S</charParams>
<charParams l="331" t="1142" r="369" b="1182"> </charParams>
<charParams l="370" t="1142" r="386" b="1182" suspicious="1" charConfidence="34">h</charParams>
<charParams l="391" t="1152" r="405" b="1173" charConfidence="100">a</charParams>
<charParams l="410" t="1143" r="424" b="1173" charConfidence="48">b</charParams>
<charParams l="428" t="1151" r="441" b="1174" charConfidence="27">e</charParams>
<charParams l="442" t="1145" r="477" b="1174"> </charParams>
<charParams l="478" t="1145" r="486" b="1173" charConfidence="100">i</charParams>
<charParams l="489" t="1145" r="515" b="1181" charConfidence="55">c</charParams>
<charParams l="489" t="1145" r="515" b="1181" charConfidence="55">h</charParams>
<charParams l="516" t="1145" r="552" b="1182"> </charParams>
<charParams l="553" t="1153" r="568" b="1182" charConfidence="68">g</charParams>
<charParams l="573" t="1154" r="584" b="1176" charConfidence="33">e</charParams>
<charParams l="588" t="1150" r="596" b="1176" charConfidence="49">t</charParams>
<charParams l="600" t="1144" r="615" b="1184" charConfidence="25">h</charParams>
<charParams l="620" t="1154" r="634" b="1175" charConfidence="27">a</charParams>
<charParams l="639" t="1153" r="655" b="1175" charConfidence="38">n</charParams>
<charParams l="664" t="1167" r="673" b="1182" charConfidence="79">,</charParams>
<charParams l="674" t="1155" r="712" b="1182"> </charParams>
<charParams l="713" t="1155" r="726" b="1176" charConfidence="36">e</charParams>
<charParams l="729" t="1154" r="744" b="1176" charConfidence="71">n</charParams>
<charParams l="748" t="1152" r="758" b="1176" charConfidence="30">t</charParams>
<charParams l="759" t="1154" r="775" b="1184" charConfidence="57">g</charParams>
<charParams l="779" t="1154" r="791" b="1176" charConfidence="37">e</charParams>
<charParams l="792" t="1154" r="808" b="1183" charConfidence="70">g</charParams>
<charParams l="812" t="1153" r="827" b="1175" suspicious="1" charConfidence="24">n</charParams>
<charParams l="832" t="1155" r="843" b="1176" charConfidence="29">c</charParams>
<charParams l="847" t="1152" r="856" b="1177" charConfidence="99">t</charParams>
<charParams l="860" t="1156" r="871" b="1177" charConfidence="26">c</charParams>
<charParams l="872" t="1148" r="909" b="1177"> </charParams>
<charParams l="910" t="1148" r="918" b="1176" charConfidence="100">i</charParams>
<charParams l="922" t="1147" r="937" b="1185" charConfidence="81">h</charParams>
<charParams l="941" t="1156" r="954" b="1177" charConfidence="100">r</charParams></formatting></line>
<line baseline="1235" l="195" t="1202" r="952" b="1243"><formatting lang="OldGerman">
<charParams l="195" t="1203" r="219" b="1236" charConfidence="25">E</charParams>
<charParams l="223" t="1207" r="237" b="1235" charConfidence="35">d</charParams>
<charParams l="241" t="1214" r="257" b="1235" charConfidence="66">u</charParams>
<charParams l="261" t="1214" r="275" b="1234" charConfidence="24">a</charParams>
<charParams l="279" t="1214" r="291" b="1236" charConfidence="57">r</charParams>
<charParams l="295" t="1208" r="309" b="1235" charConfidence="35">d</charParams>
<charParams l="313" t="1229" r="321" b="1236" charConfidence="100">.</charParams>
<charParams l="322" t="1202" r="374" b="1236"> </charParams>
<charParams l="375" t="1202" r="412" b="1234" charConfidence="27">W</charParams>
<charParams l="417" t="1203" r="423" b="1233" charConfidence="100">i</charParams>
<charParams l="427" t="1211" r="441" b="1233" charConfidence="25">r</charParams>
<charParams l="442" t="1203" r="462" b="1233"> </charParams>
<charParams l="463" t="1203" r="475" b="1233" charConfidence="61">k</charParams>
<charParams l="478" t="1203" r="491" b="1233" charConfidence="100">ö</charParams>
<charParams l="495" t="1211" r="511" b="1233" charConfidence="43">n</charParams>
<charParams l="516" t="1212" r="531" b="1233" charConfidence="24">n</charParams>
<charParams l="537" t="1212" r="547" b="1234" charConfidence="54">e</charParams>
<charParams l="550" t="1213" r="566" b="1234" charConfidence="27">n</charParams>
<charParams l="567" t="1213" r="591" b="1234"> </charParams>
<charParams l="592" t="1213" r="607" b="1234" charConfidence="100">v</charParams>
<charParams l="612" t="1213" r="625" b="1235" charConfidence="39">o</charParams>
<charParams l="630" t="1214" r="647" b="1235" charConfidence="28">n</charParams>
<charParams l="648" t="1206" r="673" b="1241"> </charParams>
<charParams l="674" t="1206" r="685" b="1241" charConfidence="38">s</charParams>
<charParams l="685" t="1214" r="696" b="1235" charConfidence="26">e</charParams>
<charParams l="701" t="1206" r="707" b="1235" charConfidence="100">i</charParams>
<charParams l="710" t="1213" r="730" b="1235" charConfidence="23">n</charParams>
<charParams l="731" t="1214" r="742" b="1235" charConfidence="25">e</charParams>
<charParams l="745" t="1214" r="758" b="1235" charConfidence="60">r</charParams>
<charParams l="759" t="1204" r="785" b="1235"> </charParams>
<charParams l="786" t="1204" r="819" b="1235" charConfidence="40">N</charParams>
<charParams l="822" t="1204" r="837" b="1235" charConfidence="22">ä</charParams>
<charParams l="840" t="1205" r="856" b="1243" charConfidence="100">h</charParams>
<charParams l="861" t="1213" r="873" b="1236" charConfidence="67">e</charParams>
<charParams l="874" t="1213" r="895" b="1236"> </charParams>
<charParams l="896" t="1214" r="913" b="1236" suspicious="1" charConfidence="25">n</charParams>
<charParams l="917" t="1214" r="932" b="1236" charConfidence="24">n</charParams>
<charParams l="937" t="1209" r="952" b="1236" charConfidence="72">S</charParams></formatting></line>
<line baseline="1294" l="192" t="1262" r="949" b="1302"><formatting lang="OldGerman">
<charParams l="192" t="1273" r="208" b="1294" charConfidence="25">n</charParams>
<charParams l="213" t="1272" r="229" b="1295" charConfidence="37">u</charParams>
<charParams l="233" t="1273" r="246" b="1295" charConfidence="83">r</charParams>
<charParams l="247" t="1265" r="268" b="1295"> </charParams>
<charParams l="269" t="1265" r="298" b="1295" charConfidence="34">V</charParams>
<charParams l="302" t="1274" r="315" b="1295" charConfidence="31">o</charParams>
<charParams l="319" t="1273" r="332" b="1295" charConfidence="100">r</charParams>
<charParams l="335" t="1270" r="344" b="1295" charConfidence="68">t</charParams>
<charParams l="347" t="1263" r="363" b="1302" charConfidence="100">h</charParams>
<charParams l="367" t="1273" r="379" b="1294" charConfidence="33">e</charParams>
<charParams l="382" t="1265" r="389" b="1293" charConfidence="100">i</charParams>
<charParams l="393" t="1265" r="400" b="1294" charConfidence="100">l</charParams>
<charParams l="401" t="1265" r="423" b="1294"> </charParams>
<charParams l="424" t="1272" r="441" b="1294" charConfidence="53">u</charParams>
<charParams l="444" t="1271" r="460" b="1293" charConfidence="46">n</charParams>
<charParams l="465" t="1265" r="480" b="1292" charConfidence="25">d</charParams>
<charParams l="481" t="1262" r="503" b="1294"> </charParams>
<charParams l="504" t="1262" r="532" b="1294" charConfidence="28">A</charParams>
<charParams l="534" t="1272" r="550" b="1293" charConfidence="35">n</charParams>
<charParams l="554" t="1271" r="569" b="1293" charConfidence="24">n</charParams>
<charParams l="573" t="1272" r="585" b="1294" charConfidence="26">e</charParams>
<charParams l="588" t="1264" r="604" b="1301" charConfidence="64">h</charParams>
<charParams l="609" t="1271" r="635" b="1294" charConfidence="62">m</charParams>
<charParams l="640" t="1266" r="647" b="1295" charConfidence="61">l</charParams>
<charParams l="651" t="1266" r="657" b="1294" charConfidence="100">i</charParams>
<charParams l="661" t="1266" r="686" b="1301" charConfidence="56">c</charParams>
<charParams l="661" t="1266" r="686" b="1301" suspicious="1" charConfidence="56">h</charParams>
<charParams l="690" t="1265" r="702" b="1294" charConfidence="25">k</charParams>
<charParams l="704" t="1273" r="715" b="1294" charConfidence="25">e</charParams>
<charParams l="719" t="1266" r="725" b="1293" charConfidence="100">i</charParams>
<charParams l="729" t="1271" r="739" b="1294" charConfidence="43">t</charParams>
<charParams l="740" t="1271" r="769" b="1295"> </charParams>
<charParams l="770" t="1274" r="786" b="1295" charConfidence="26">v</charParams>
<charParams l="790" t="1272" r="801" b="1294" charConfidence="26">e</charParams>
<charParams l="805" t="1272" r="817" b="1294" charConfidence="32">r</charParams>
<charParams l="820" t="1264" r="832" b="1300" charConfidence="43">s</charParams>
<charParams l="831" t="1272" r="845" b="1300" charConfidence="26">p</charParams>
<charParams l="849" t="1272" r="862" b="1294" charConfidence="54">r</charParams>
<charParams l="865" t="1272" r="876" b="1294" charConfidence="55">e</charParams>
<charParams l="878" t="1274" r="888" b="1294" charConfidence="33">c</charParams>
<charParams l="890" t="1265" r="904" b="1302" charConfidence="43">h</charParams>
<charParams l="908" t="1273" r="919" b="1294" charConfidence="100">e</charParams>
<charParams l="922" t="1273" r="938" b="1294" suspicious="1" charConfidence="-1">»</charParams>
<charParams l="942" t="1287" r="949" b="1294" charConfidence="100">.</charParams></formatting></line>
<line baseline="1353" l="190" t="1323" r="949" b="1361"><formatting lang="OldGerman">
<charParams l="190" t="1323" r="218" b="1354" charConfidence="32">V</charParams>
<charParams l="223" t="1333" r="236" b="1353" charConfidence="42">o</charParams>
<charParams l="240" t="1332" r="257" b="1354" charConfidence="35">n</charParams>
<charParams l="258" t="1326" r="281" b="1354"> </charParams>
<charParams l="282" t="1326" r="297" b="1354" charConfidence="30">d</charParams>
<charParams l="300" t="1333" r="312" b="1354" charConfidence="100">e</charParams>
<charParams l="316" t="1332" r="341" b="1354" charConfidence="100">m</charParams>
<charParams l="342" t="1323" r="365" b="1354"> </charParams>
<charParams l="366" t="1323" r="394" b="1354" charConfidence="54">A</charParams>
<charParams l="396" t="1333" r="411" b="1354" charConfidence="25">u</charParams>
<charParams l="415" t="1323" r="428" b="1360" charConfidence="71">s</charParams>
<charParams l="426" t="1331" r="450" b="1353" charConfidence="52">w</charParams>
<charParams l="456" t="1332" r="469" b="1353" charConfidence="100">a</charParams>
<charParams l="473" t="1331" r="489" b="1353" charConfidence="25">n</charParams>
<charParams l="493" t="1325" r="508" b="1352" charConfidence="26">d</charParams>
<charParams l="512" t="1331" r="525" b="1352" charConfidence="30">e</charParams>
<charParams l="526" t="1330" r="546" b="1353"> </charParams>
<charParams l="547" t="1330" r="572" b="1353" charConfidence="57">w</charParams>
<charParams l="576" t="1323" r="583" b="1352" charConfidence="100">i</charParams>
<charParams l="587" t="1323" r="594" b="1352" charConfidence="27">l</charParams>
<charParams l="595" t="1323" r="604" b="1353" charConfidence="46">l</charParams>
<charParams l="605" t="1323" r="627" b="1353"> </charParams>
<charParams l="628" t="1326" r="634" b="1353" charConfidence="-1">i</charParams>
<charParams l="638" t="1325" r="663" b="1361" charConfidence="100">c</charParams>
<charParams l="638" t="1325" r="663" b="1361" charConfidence="100">h</charParams>
<charParams l="664" t="1325" r="687" b="1361"> </charParams>
<charParams l="688" t="1332" r="704" b="1354" charConfidence="26">n</charParams>
<charParams l="709" t="1325" r="715" b="1353" charConfidence="-1">i</charParams>
<charParams l="720" t="1323" r="745" b="1359" charConfidence="26">c</charParams>
<charParams l="720" t="1323" r="745" b="1359" charConfidence="26">h</charParams>
<charParams l="750" t="1328" r="759" b="1352" charConfidence="57">t</charParams>
<charParams l="760" t="1328" r="781" b="1353"> </charParams>
<charParams l="782" t="1332" r="794" b="1353" charConfidence="53">r</charParams>
<charParams l="798" t="1332" r="809" b="1353" charConfidence="30">e</charParams>
<charParams l="812" t="1326" r="826" b="1353" charConfidence="30">d</charParams>
<charParams l="831" t="1332" r="841" b="1353" charConfidence="100">e</charParams>
<charParams l="845" t="1332" r="861" b="1352" charConfidence="24">n</charParams>
<charParams l="871" t="1346" r="879" b="1358" charConfidence="62">,</charParams>
<charParams l="880" t="1326" r="902" b="1358"> </charParams>
<charParams l="903" t="1326" r="918" b="1353" charConfidence="37">d</charParams>
<charParams l="922" t="1332" r="933" b="1352" charConfidence="100">e</charParams>
<charParams l="936" t="1331" r="949" b="1353" charConfidence="58">r</charParams></formatting></line>
<line baseline="1412" l="188" t="1382" r="948" b="1421"><formatting lang="OldGerman">
<charParams l="188" t="1391" r="201" b="1411" suspicious="1" charConfidence="0">a</charParams>
<charParams l="206" t="1390" r="222" b="1411" suspicious="1" charConfidence="24">n</charParams>
<charParams l="225" t="1382" r="236" b="1418" suspicious="1" charConfidence="35">f</charParams>
<charParams l="237" t="1382" r="257" b="1418"> </charParams>
<charParams l="258" t="1391" r="273" b="1412" charConfidence="30">a</charParams>
<charParams l="278" t="1383" r="284" b="1412" charConfidence="34">l</charParams>
<charParams l="286" t="1384" r="294" b="1413" charConfidence="30">l</charParams>
<charParams l="297" t="1392" r="309" b="1413" charConfidence="50">e</charParams>
<charParams l="310" t="1382" r="331" b="1419"> </charParams>
<charParams l="332" t="1382" r="355" b="1419" charConfidence="41">F</charParams>
<charParams l="357" t="1384" r="370" b="1413" charConfidence="22">ä</charParams>
<charParams l="376" t="1385" r="381" b="1413" charConfidence="66">l</charParams>
<charParams l="384" t="1385" r="390" b="1412" charConfidence="27">l</charParams>
<charParams l="394" t="1392" r="406" b="1413" charConfidence="53">e</charParams>
<charParams l="407" t="1392" r="427" b="1421"> </charParams>
<charParams l="428" t="1393" r="443" b="1421" charConfidence="54">g</charParams>
<charParams l="448" t="1392" r="458" b="1412" charConfidence="24">e</charParams>
<charParams l="462" t="1391" r="474" b="1413" charConfidence="35">r</charParams>
<charParams l="477" t="1383" r="484" b="1412" charConfidence="100">i</charParams>
<charParams l="488" t="1390" r="504" b="1412" charConfidence="24">n</charParams>
<charParams l="507" t="1391" r="522" b="1419" charConfidence="55">g</charParams>
<charParams l="523" t="1382" r="542" b="1419"> </charParams>
<charParams l="543" t="1382" r="557" b="1418" charConfidence="28">f</charParams>
<charParams l="557" t="1384" r="572" b="1412" charConfidence="22">ü</charParams>
<charParams l="577" t="1390" r="589" b="1412" charConfidence="39">r</charParams>
<charParams l="590" t="1390" r="607" b="1412"> </charParams>
<charParams l="608" t="1390" r="635" b="1412" charConfidence="54">m</charParams>
<charParams l="638" t="1385" r="646" b="1411" charConfidence="24">i</charParams>
<charParams l="650" t="1385" r="675" b="1419" charConfidence="55">c</charParams>
<charParams l="650" t="1385" r="675" b="1419" charConfidence="55">h</charParams>
<charParams l="676" t="1385" r="695" b="1419"> </charParams>
<charParams l="696" t="1390" r="721" b="1412" charConfidence="40">w</charParams>
<charParams l="726" t="1385" r="732" b="1412" charConfidence="100">i</charParams>
<charParams l="737" t="1392" r="747" b="1412" charConfidence="23">r</charParams>
<charParams l="752" t="1387" r="766" b="1412" charConfidence="55">d</charParams>
<charParams l="777" t="1405" r="785" b="1418" charConfidence="57">,</charParams>
<charParams l="786" t="1390" r="816" b="1418"> </charParams>
<charParams l="817" t="1390" r="840" b="1412" charConfidence="100">w</charParams>
<charParams l="845" t="1391" r="856" b="1410" charConfidence="25">e</charParams>
<charParams l="860" t="1390" r="875" b="1410" charConfidence="25">n</charParams>
<charParams l="880" t="1390" r="896" b="1411" charConfidence="24">n</charParams>
<charParams l="897" t="1389" r="919" b="1411"> </charParams>
<charParams l="920" t="1389" r="932" b="1409" charConfidence="100">e</charParams>
<charParams l="935" t="1388" r="948" b="1409" charConfidence="66">r</charParams></formatting></line></par>
</text>
</block>
</page>
</document>