﻿<?xml version="1.0" encoding="UTF-8" standalone="yes"?>
<document xmlns="http://www.abbyy.com/FineReader_xml/FineReader10-schema-v1.xml" version="1.0" producer="ABBYY FineReader Engine 11" languages="" xmlns:xsi="http://www.w3.org/2001/XMLSchema-instance" xsi:schemaLocation="http://www.abbyy.com/FineReader_xml/FineReader10-schema-v1.xml http://www.abbyy.com/FineReader_xml/FineReader10-schema-v1.xml">
<page width="1156" height="1782" resolution="300" originalCoords="1">
<block blockType="Text" blockName="">
<text>
<par align="Center" rightIndent="700">
<line baseline="184" l="572" t="155" r="614" b="184"><formatting lang="OldGerman">
<charParams l="572" t="156" r="588" b="178" suspicious="1" charConfidence="22">-</charParams>
<charParams l="592" t="155" r="614" b="184" suspicious="1" charConfidence="59">4</charParams></formatting></line></par>
</text>
<text>
<par align="Justified" startIndent="408" lineSpacing="1416">
<line baseline="262" l="216" t="232" r="966" b="274"><formatting lang="OldGerman">
<charParams l="216" t="237" r="230" b="265" charConfidence="27">d</charParams>
<charParams l="235" t="244" r="247" b="266" charConfidence="23">r</charParams>
<charParams l="250" t="244" r="264" b="266" charConfidence="24">a</charParams>
<charParams l="268" t="244" r="284" b="266" charConfidence="54">n</charParams>
<charParams l="286" t="244" r="302" b="274" charConfidence="55">g</charParams>
<charParams l="306" t="237" r="326" b="274" charConfidence="30">s</charParams>
<charParams l="306" t="237" r="326" b="274" charConfidence="30">t</charParams>
<charParams l="327" t="237" r="347" b="274"> </charParams>
<charParams l="348" t="245" r="362" b="266" charConfidence="24">a</charParams>
<charParams l="367" t="244" r="383" b="267" charConfidence="100">u</charParams>
<charParams l="386" t="235" r="400" b="273" charConfidence="100">f</charParams>
<charParams l="401" t="235" r="413" b="273"> </charParams>
<charParams l="414" t="243" r="427" b="266" charConfidence="72">e</charParams>
<charParams l="430" t="236" r="437" b="265" charConfidence="35">i</charParams>
<charParams l="441" t="244" r="456" b="266" charConfidence="24">n</charParams>
<charParams l="460" t="244" r="472" b="266" charConfidence="32">e</charParams>
<charParams l="473" t="235" r="487" b="266"> </charParams>
<charParams l="488" t="235" r="517" b="266" charConfidence="31">V</charParams>
<charParams l="521" t="244" r="531" b="265" charConfidence="100">e</charParams>
<charParams l="535" t="243" r="547" b="264" charConfidence="23">r</charParams>
<charParams l="549" t="233" r="564" b="264" charConfidence="57">b</charParams>
<charParams l="568" t="234" r="575" b="262" charConfidence="38">i</charParams>
<charParams l="578" t="239" r="594" b="262" charConfidence="39">n</charParams>
<charParams l="598" t="234" r="612" b="261" charConfidence="29">d</charParams>
<charParams l="616" t="238" r="631" b="260" charConfidence="100">u</charParams>
<charParams l="635" t="237" r="651" b="259" charConfidence="27">n</charParams>
<charParams l="654" t="238" r="670" b="266" charConfidence="52">g</charParams>
<charParams l="679" t="239" r="688" b="268" charConfidence="50">;</charParams>
<charParams l="689" t="232" r="711" b="268"> </charParams>
<charParams l="712" t="232" r="720" b="261" charConfidence="28">i</charParams>
<charParams l="723" t="233" r="749" b="269" charConfidence="42">c</charParams>
<charParams l="723" t="233" r="749" b="269" charConfidence="42">h</charParams>
<charParams l="750" t="233" r="772" b="269"> </charParams>
<charParams l="773" t="240" r="797" b="263" charConfidence="24">w</charParams>
<charParams l="801" t="234" r="808" b="263" charConfidence="39">i</charParams>
<charParams l="813" t="233" r="820" b="263" charConfidence="28">l</charParams>
<charParams l="820" t="233" r="828" b="264" charConfidence="39">l</charParams>
<charParams l="831" t="234" r="838" b="261" charConfidence="28">i</charParams>
<charParams l="840" t="241" r="855" b="270" charConfidence="24">g</charParams>
<charParams l="860" t="238" r="870" b="262" charConfidence="30">t</charParams>
<charParams l="872" t="242" r="884" b="262" charConfidence="26">e</charParams>
<charParams l="885" t="241" r="895" b="262"> </charParams>
<charParams l="896" t="241" r="913" b="262" suspicious="1" charConfidence="-1">»</charParams>
<charParams l="918" t="235" r="924" b="262" suspicious="1" charConfidence="100">I</charParams>
<charParams l="928" t="234" r="953" b="269" charConfidence="68">c</charParams>
<charParams l="928" t="234" r="953" b="269" suspicious="1" charConfidence="68">h</charParams>
<charParams l="957" t="241" r="966" b="264" suspicious="1" charConfidence="-1">«</charParams></formatting></line>
<line baseline="323" l="213" t="288" r="965" b="332"><formatting lang="OldGerman">
<charParams l="213" t="304" r="229" b="332" charConfidence="24">g</charParams>
<charParams l="234" t="296" r="242" b="325" charConfidence="31">l</charParams>
<charParams l="245" t="305" r="256" b="325" charConfidence="25">e</charParams>
<charParams l="260" t="297" r="266" b="325" charConfidence="40">i</charParams>
<charParams l="269" t="296" r="295" b="332" charConfidence="55">c</charParams>
<charParams l="269" t="296" r="295" b="332" charConfidence="55">h</charParams>
<charParams l="308" t="306" r="315" b="325" charConfidence="100">:</charParams>
<charParams l="316" t="297" r="345" b="325"> </charParams>
<charParams l="346" t="297" r="361" b="325" charConfidence="28">d</charParams>
<charParams l="365" t="303" r="376" b="324" charConfidence="26">e</charParams>
<charParams l="379" t="304" r="406" b="325" charConfidence="26">m</charParams>
<charParams l="409" t="304" r="416" b="326" charConfidence="99">,</charParams>
<charParams l="417" t="298" r="439" b="326"> </charParams>
<charParams l="440" t="298" r="455" b="325" charConfidence="26">d</charParams>
<charParams l="459" t="304" r="474" b="324" charConfidence="24">a</charParams>
<charParams l="475" t="302" r="495" b="325"> </charParams>
<charParams l="496" t="302" r="521" b="325" charConfidence="28">w</charParams>
<charParams l="525" t="296" r="532" b="323" charConfidence="26">i</charParams>
<charParams l="535" t="302" r="548" b="323" charConfidence="55">r</charParams>
<charParams l="549" t="300" r="570" b="323"> </charParams>
<charParams l="571" t="300" r="586" b="321" charConfidence="35">o</charParams>
<charParams l="589" t="290" r="605" b="328" charConfidence="92">h</charParams>
<charParams l="609" t="298" r="624" b="320" charConfidence="43">u</charParams>
<charParams l="628" t="297" r="643" b="326" charConfidence="55">g</charParams>
<charParams l="647" t="297" r="658" b="320" charConfidence="26">e</charParams>
<charParams l="662" t="288" r="674" b="322" suspicious="1" charConfidence="47">f</charParams>
<charParams l="674" t="289" r="688" b="319" charConfidence="52">ä</charParams>
<charParams l="692" t="289" r="708" b="327" charConfidence="96">h</charParams>
<charParams l="712" t="298" r="725" b="320" charConfidence="61">r</charParams>
<charParams l="726" t="298" r="746" b="322"> </charParams>
<charParams l="747" t="300" r="764" b="322" charConfidence="100">v</charParams>
<charParams l="767" t="300" r="781" b="322" charConfidence="40">o</charParams>
<charParams l="785" t="299" r="801" b="323" charConfidence="24">n</charParams>
<charParams l="802" t="294" r="824" b="323"> </charParams>
<charParams l="825" t="294" r="840" b="322" charConfidence="26">d</charParams>
<charParams l="844" t="301" r="856" b="322" charConfidence="26">e</charParams>
<charParams l="859" t="300" r="875" b="322" charConfidence="82">n</charParams>
<charParams l="879" t="292" r="892" b="328" charConfidence="49">s</charParams>
<charParams l="890" t="301" r="901" b="322" charConfidence="100">e</charParams>
<charParams l="904" t="293" r="911" b="322" charConfidence="50">l</charParams>
<charParams l="915" t="291" r="929" b="322" charConfidence="34">b</charParams>
<charParams l="933" t="300" r="944" b="322" charConfidence="24">e</charParams>
<charParams l="948" t="300" r="965" b="322" charConfidence="24">n</charParams></formatting></line>
<line baseline="382" l="215" t="347" r="964" b="392"><formatting lang="OldGerman">
<charParams l="215" t="353" r="240" b="390" charConfidence="-1">J</charParams>
<charParams l="242" t="363" r="257" b="385" suspicious="1" charConfidence="24">a</charParams>
<charParams l="261" t="353" r="277" b="391" charConfidence="36">h</charParams>
<charParams l="281" t="363" r="293" b="385" charConfidence="31">r</charParams>
<charParams l="295" t="361" r="307" b="385" charConfidence="26">e</charParams>
<charParams l="309" t="361" r="326" b="384" charConfidence="57">n</charParams>
<charParams l="327" t="355" r="350" b="392"> </charParams>
<charParams l="351" t="355" r="371" b="392" charConfidence="53">s</charParams>
<charParams l="351" t="355" r="371" b="392" charConfidence="53">i</charParams>
<charParams l="372" t="363" r="388" b="385" charConfidence="60">n</charParams>
<charParams l="392" t="356" r="407" b="384" charConfidence="26">d</charParams>
<charParams l="414" t="376" r="424" b="390" charConfidence="100">,</charParams>
<charParams l="425" t="353" r="457" b="390"> </charParams>
<charParams l="458" t="353" r="471" b="390" charConfidence="26">s</charParams>
<charParams l="469" t="361" r="483" b="384" charConfidence="29">o</charParams>
<charParams l="484" t="352" r="506" b="384"> </charParams>
<charParams l="507" t="352" r="522" b="384" charConfidence="26">b</charParams>
<charParams l="526" t="353" r="535" b="382" charConfidence="26">i</charParams>
<charParams l="535" t="359" r="553" b="381" charConfidence="52">n</charParams>
<charParams l="554" t="350" r="570" b="381"> </charParams>
<charParams l="571" t="350" r="579" b="380" charConfidence="100">i</charParams>
<charParams l="581" t="350" r="608" b="385" charConfidence="55">c</charParams>
<charParams l="581" t="350" r="608" b="385" charConfidence="55">h</charParams>
<charParams l="609" t="350" r="631" b="385"> </charParams>
<charParams l="632" t="356" r="646" b="378" charConfidence="25">a</charParams>
<charParams l="651" t="349" r="658" b="378" charConfidence="32">l</charParams>
<charParams l="661" t="352" r="676" b="378" charConfidence="100">s</charParams>
<charParams l="677" t="347" r="698" b="384"> </charParams>
<charParams l="699" t="347" r="722" b="384" charConfidence="31">F</charParams>
<charParams l="724" t="357" r="736" b="378" charConfidence="57">r</charParams>
<charParams l="738" t="357" r="752" b="378" charConfidence="55">a</charParams>
<charParams l="757" t="357" r="773" b="380" charConfidence="31">u</charParams>
<charParams l="774" t="357" r="798" b="381"> </charParams>
<charParams l="799" t="358" r="824" b="381" charConfidence="55">w</charParams>
<charParams l="828" t="359" r="842" b="381" charConfidence="37">o</charParams>
<charParams l="845" t="350" r="861" b="391" charConfidence="47">h</charParams>
<charParams l="865" t="351" r="874" b="381" charConfidence="62">l</charParams>
<charParams l="875" t="350" r="895" b="381"> </charParams>
<charParams l="896" t="350" r="910" b="381" suspicious="1" charConfidence="52">ä</charParams>
<charParams l="915" t="352" r="922" b="381" charConfidence="63">l</charParams>
<charParams l="925" t="355" r="935" b="380" charConfidence="36">t</charParams>
<charParams l="937" t="359" r="949" b="380" charConfidence="25">e</charParams>
<charParams l="952" t="359" r="964" b="381" charConfidence="40">r</charParams></formatting></line>
<line baseline="440" l="210" t="407" r="964" b="450"><formatting lang="OldGerman">
<charParams l="210" t="422" r="226" b="450" charConfidence="55">g</charParams>
<charParams l="230" t="421" r="242" b="443" charConfidence="51">e</charParams>
<charParams l="245" t="420" r="269" b="444" charConfidence="55">w</charParams>
<charParams l="273" t="422" r="286" b="443" charConfidence="44">o</charParams>
<charParams l="290" t="421" r="302" b="443" charConfidence="28">r</charParams>
<charParams l="306" t="415" r="320" b="442" charConfidence="26">d</charParams>
<charParams l="324" t="422" r="336" b="443" charConfidence="41">e</charParams>
<charParams l="339" t="422" r="355" b="443" suspicious="1" charConfidence="26">n</charParams>
<charParams l="365" t="435" r="374" b="449" charConfidence="100">,</charParams>
<charParams l="375" t="415" r="397" b="449"> </charParams>
<charParams l="398" t="415" r="413" b="441" charConfidence="27">d</charParams>
<charParams l="418" t="421" r="434" b="442" suspicious="1" charConfidence="23">u</charParams>
<charParams l="435" t="420" r="452" b="442"> </charParams>
<charParams l="453" t="420" r="469" b="442" charConfidence="25">n</charParams>
<charParams l="474" t="413" r="481" b="442" charConfidence="33">i</charParams>
<charParams l="484" t="412" r="509" b="448" charConfidence="77">c</charParams>
<charParams l="484" t="412" r="509" b="448" charConfidence="77">h</charParams>
<charParams l="513" t="416" r="523" b="442" charConfidence="63">t</charParams>
<charParams l="524" t="416" r="538" b="442"> </charParams>
<charParams l="539" t="418" r="554" b="440" charConfidence="30">a</charParams>
<charParams l="558" t="410" r="566" b="439" charConfidence="55">l</charParams>
<charParams l="569" t="412" r="584" b="438" suspicious="1" charConfidence="74">s</charParams>
<charParams l="585" t="407" r="601" b="439"> </charParams>
<charParams l="602" t="407" r="643" b="439" charConfidence="33">M</charParams>
<charParams l="646" t="417" r="661" b="437" charConfidence="50">a</charParams>
<charParams l="664" t="416" r="680" b="437" charConfidence="31">n</charParams>
<charParams l="685" t="416" r="702" b="437" charConfidence="56">n</charParams>
<charParams l="704" t="429" r="712" b="437" charConfidence="93">.</charParams>
<charParams l="713" t="407" r="756" b="442"> </charParams>
<charParams l="757" t="407" r="778" b="442" charConfidence="84">Z</charParams>
<charParams l="782" t="417" r="798" b="438" charConfidence="26">u</charParams>
<charParams l="802" t="411" r="809" b="439" suspicious="1" charConfidence="27">l</charParams>
<charParams l="813" t="418" r="824" b="439" charConfidence="24">e</charParams>
<charParams l="827" t="414" r="844" b="447" suspicious="1" charConfidence="27">h</charParams>
<charParams l="847" t="416" r="858" b="440" charConfidence="27">t</charParams>
<charParams l="859" t="416" r="873" b="440"> </charParams>
<charParams l="874" t="417" r="898" b="440" charConfidence="54">w</charParams>
<charParams l="903" t="418" r="916" b="440" charConfidence="100">o</charParams>
<charParams l="920" t="411" r="928" b="439" charConfidence="100">l</charParams>
<charParams l="929" t="411" r="938" b="439" charConfidence="78">l</charParams>
<charParams l="940" t="415" r="949" b="439" charConfidence="60">t</charParams>
<charParams l="953" t="418" r="964" b="439" charConfidence="32">e</charParams></formatting></line>
<line baseline="499" l="210" t="466" r="964" b="509"><formatting lang="OldGerman">
<charParams l="210" t="474" r="217" b="502" charConfidence="27">i</charParams>
<charParams l="221" t="473" r="247" b="509" charConfidence="58">c</charParams>
<charParams l="221" t="473" r="247" b="509" charConfidence="58">h</charParams>
<charParams l="248" t="473" r="273" b="509"> </charParams>
<charParams l="274" t="475" r="288" b="502" charConfidence="26">d</charParams>
<charParams l="293" t="473" r="300" b="502" charConfidence="61">i</charParams>
<charParams l="303" t="481" r="316" b="502" suspicious="1" charConfidence="37">r</charParams>
<charParams l="317" t="480" r="340" b="502"> </charParams>
<charParams l="341" t="480" r="357" b="501" charConfidence="28">n</charParams>
<charParams l="361" t="473" r="368" b="501" charConfidence="100">i</charParams>
<charParams l="371" t="472" r="397" b="506" charConfidence="55">c</charParams>
<charParams l="371" t="472" r="397" b="506" charConfidence="55">h</charParams>
<charParams l="401" t="476" r="411" b="501" charConfidence="37">t</charParams>
<charParams l="412" t="476" r="443" b="501"> </charParams>
<charParams l="444" t="480" r="460" b="500" charConfidence="28">v</charParams>
<charParams l="463" t="479" r="475" b="500" charConfidence="30">e</charParams>
<charParams l="478" t="478" r="491" b="500" charConfidence="26">r</charParams>
<charParams l="494" t="470" r="506" b="505" charConfidence="54">s</charParams>
<charParams l="503" t="479" r="518" b="499" charConfidence="29">a</charParams>
<charParams l="520" t="477" r="536" b="507" charConfidence="25">g</charParams>
<charParams l="539" t="476" r="551" b="499" charConfidence="24">e</charParams>
<charParams l="553" t="476" r="571" b="498" charConfidence="62">n</charParams>
<charParams l="579" t="489" r="589" b="504" charConfidence="100">,</charParams>
<charParams l="590" t="475" r="610" b="504"> </charParams>
<charParams l="611" t="475" r="637" b="499" charConfidence="25">w</charParams>
<charParams l="640" t="475" r="655" b="497" charConfidence="34">a</charParams>
<charParams l="658" t="471" r="674" b="497" charConfidence="100">s</charParams>
<charParams l="675" t="469" r="688" b="497"> </charParams>
<charParams l="689" t="469" r="704" b="497" charConfidence="27">d</charParams>
<charParams l="707" t="475" r="724" b="497" suspicious="1" charConfidence="26">n</charParams>
<charParams l="725" t="466" r="741" b="504"> </charParams>
<charParams l="742" t="466" r="756" b="504" charConfidence="34">f</charParams>
<charParams l="754" t="466" r="770" b="497" charConfidence="22">ü</charParams>
<charParams l="775" t="475" r="787" b="497" charConfidence="27">r</charParams>
<charParams l="788" t="469" r="803" b="497"> </charParams>
<charParams l="804" t="469" r="818" b="497" charConfidence="29">d</charParams>
<charParams l="821" t="476" r="834" b="498" charConfidence="26">r</charParams>
<charParams l="837" t="469" r="844" b="498" charConfidence="100">i</charParams>
<charParams l="848" t="476" r="865" b="499" charConfidence="25">n</charParams>
<charParams l="866" t="476" r="883" b="499"> </charParams>
<charParams l="884" t="477" r="896" b="499" charConfidence="29">e</charParams>
<charParams l="899" t="470" r="907" b="498" charConfidence="28">i</charParams>
<charParams l="910" t="477" r="926" b="498" charConfidence="68">n</charParams>
<charParams l="929" t="476" r="940" b="507" charConfidence="22">z</charParams>
<charParams l="944" t="469" r="951" b="498" charConfidence="27">i</charParams>
<charParams l="955" t="480" r="964" b="495" charConfidence="22">¬</charParams></formatting></line>
<line baseline="557" l="208" t="525" r="962" b="567"><formatting lang="OldGerman">
<charParams l="208" t="539" r="225" b="567" charConfidence="26">g</charParams>
<charParams l="229" t="538" r="240" b="559" charConfidence="38">e</charParams>
<charParams l="244" t="534" r="259" b="559" charConfidence="100">s</charParams>
<charParams l="260" t="528" r="278" b="559"> </charParams>
<charParams l="279" t="528" r="311" b="559" charConfidence="26">G</charParams>
<charParams l="315" t="531" r="323" b="558" charConfidence="85">l</charParams>
<charParams l="325" t="527" r="341" b="558" charConfidence="22">ü</charParams>
<charParams l="345" t="537" r="356" b="557" charConfidence="30">c</charParams>
<charParams l="356" t="529" r="370" b="559" charConfidence="43">k</charParams>
<charParams l="371" t="529" r="381" b="566"> </charParams>
<charParams l="382" t="535" r="393" b="566" charConfidence="27">z</charParams>
<charParams l="398" t="536" r="414" b="558" charConfidence="37">u</charParams>
<charParams l="415" t="527" r="431" b="564"> </charParams>
<charParams l="432" t="527" r="447" b="564" suspicious="1" charConfidence="81">h</charParams>
<charParams l="451" t="536" r="466" b="557" charConfidence="25">a</charParams>
<charParams l="471" t="528" r="479" b="557" charConfidence="39">l</charParams>
<charParams l="481" t="532" r="491" b="556" charConfidence="44">t</charParams>
<charParams l="493" t="536" r="505" b="557" charConfidence="24">e</charParams>
<charParams l="508" t="535" r="525" b="557" charConfidence="27">n</charParams>
<charParams l="526" t="527" r="550" b="562"> </charParams>
<charParams l="551" t="527" r="565" b="562" charConfidence="26">s</charParams>
<charParams l="562" t="527" r="586" b="563" charConfidence="56">c</charParams>
<charParams l="562" t="527" r="586" b="563" suspicious="1" charConfidence="56">h</charParams>
<charParams l="592" t="527" r="598" b="556" charConfidence="100">i</charParams>
<charParams l="602" t="535" r="613" b="557" charConfidence="25">e</charParams>
<charParams l="617" t="535" r="632" b="556" charConfidence="-1">n</charParams>
<charParams l="636" t="527" r="653" b="563" charConfidence="24">s</charParams>
<charParams l="646" t="535" r="656" b="556" charConfidence="100">t</charParams>
<charParams l="658" t="549" r="665" b="557" charConfidence="100">.</charParams>
<charParams l="666" t="525" r="711" b="557"> </charParams>
<charParams l="712" t="525" r="745" b="557" charConfidence="79">D</charParams>
<charParams l="749" t="535" r="765" b="557" charConfidence="53">n</charParams>
<charParams l="766" t="533" r="784" b="557"> </charParams>
<charParams l="785" t="533" r="810" b="557" charConfidence="55">w</charParams>
<charParams l="814" t="535" r="828" b="556" charConfidence="100">o</charParams>
<charParams l="832" t="527" r="841" b="556" charConfidence="98">l</charParams>
<charParams l="841" t="527" r="849" b="557" charConfidence="32">l</charParams>
<charParams l="852" t="531" r="862" b="557" charConfidence="73">t</charParams>
<charParams l="864" t="535" r="876" b="558" charConfidence="26">e</charParams>
<charParams l="880" t="528" r="899" b="564" charConfidence="67">s</charParams>
<charParams l="880" t="528" r="899" b="564" suspicious="1" charConfidence="67">t</charParams>
<charParams l="907" t="536" r="923" b="557" suspicious="1" charConfidence="26">v</charParams>
<charParams l="927" t="535" r="941" b="557" charConfidence="100">o</charParams>
<charParams l="945" t="535" r="962" b="557" suspicious="1" charConfidence="-1">»</charParams></formatting></line>
<line baseline="617" l="205" t="584" r="961" b="626"><formatting lang="OldGerman">
<charParams l="205" t="597" r="221" b="620" charConfidence="24">a</charParams>
<charParams l="225" t="588" r="232" b="617" charConfidence="64">l</charParams>
<charParams l="234" t="587" r="242" b="617" charConfidence="42">l</charParams>
<charParams l="244" t="596" r="255" b="617" charConfidence="39">e</charParams>
<charParams l="258" t="595" r="275" b="617" charConfidence="29">n</charParams>
<charParams l="276" t="585" r="296" b="617"> </charParams>
<charParams l="297" t="585" r="321" b="617" charConfidence="27">U</charParams>
<charParams l="326" t="595" r="341" b="616" charConfidence="25">n</charParams>
<charParams l="345" t="594" r="357" b="616" charConfidence="25">r</charParams>
<charParams l="360" t="594" r="376" b="616" charConfidence="30">u</charParams>
<charParams l="381" t="585" r="395" b="626" charConfidence="90">h</charParams>
<charParams l="400" t="594" r="411" b="616" charConfidence="26">e</charParams>
<charParams l="415" t="594" r="431" b="617" charConfidence="100">n</charParams>
<charParams l="440" t="608" r="449" b="622" charConfidence="100">,</charParams>
<charParams l="450" t="588" r="479" b="622"> </charParams>
<charParams l="480" t="588" r="493" b="616" charConfidence="24">d</charParams>
<charParams l="499" t="587" r="505" b="617" charConfidence="79">i</charParams>
<charParams l="509" t="595" r="521" b="617" charConfidence="65">e</charParams>
<charParams l="522" t="588" r="536" b="617"> </charParams>
<charParams l="537" t="588" r="552" b="616" charConfidence="28">d</charParams>
<charParams l="556" t="594" r="572" b="616" charConfidence="30">u</charParams>
<charParams l="573" t="586" r="595" b="617"> </charParams>
<charParams l="596" t="586" r="610" b="617" charConfidence="53">b</charParams>
<charParams l="614" t="595" r="625" b="617" charConfidence="25">e</charParams>
<charParams l="628" t="594" r="643" b="626" charConfidence="27">y</charParams>
<charParams l="644" t="584" r="662" b="626"> </charParams>
<charParams l="663" t="584" r="693" b="623" charConfidence="28">H</charParams>
<charParams l="697" t="588" r="712" b="616" suspicious="1" charConfidence="22">ü</charParams>
<charParams l="714" t="585" r="728" b="621" charConfidence="100">f</charParams>
<charParams l="734" t="608" r="743" b="623" charConfidence="100">,</charParams>
<charParams l="744" t="587" r="775" b="623"> </charParams>
<charParams l="776" t="587" r="782" b="616" charConfidence="45">i</charParams>
<charParams l="787" t="594" r="813" b="616" charConfidence="28">m</charParams>
<charParams l="814" t="584" r="831" b="617"> </charParams>
<charParams l="832" t="584" r="873" b="617" charConfidence="32">M</charParams>
<charParams l="878" t="586" r="884" b="616" charConfidence="-1">i</charParams>
<charParams l="888" t="586" r="896" b="617" charConfidence="36">l</charParams>
<charParams l="899" t="588" r="905" b="616" charConfidence="-1">i</charParams>
<charParams l="910" t="592" r="918" b="617" charConfidence="100">t</charParams>
<charParams l="921" t="596" r="935" b="617" suspicious="1" charConfidence="24">ä</charParams>
<charParams l="939" t="595" r="952" b="617" charConfidence="54">r</charParams>
<charParams l="953" t="610" r="961" b="622" charConfidence="57">,</charParams></formatting></line>
<line baseline="679" l="204" t="645" r="961" b="687"><formatting lang="OldGerman">
<charParams l="204" t="655" r="219" b="677" charConfidence="32">a</charParams>
<charParams l="223" t="656" r="239" b="678" charConfidence="25">u</charParams>
<charParams l="242" t="647" r="256" b="685" charConfidence="62">f</charParams>
<charParams l="257" t="645" r="272" b="685"> </charParams>
<charParams l="273" t="645" r="302" b="679" charConfidence="36">R</charParams>
<charParams l="307" t="656" r="318" b="678" charConfidence="87">e</charParams>
<charParams l="322" t="649" r="328" b="677" charConfidence="44">i</charParams>
<charParams l="333" t="648" r="344" b="682" charConfidence="25">s</charParams>
<charParams l="343" t="656" r="354" b="678" charConfidence="100">e</charParams>
<charParams l="358" t="656" r="375" b="678" charConfidence="23">n</charParams>
<charParams l="376" t="656" r="390" b="678"> </charParams>
<charParams l="391" t="656" r="402" b="678" charConfidence="100">e</charParams>
<charParams l="406" t="656" r="418" b="679" charConfidence="68">r</charParams>
<charParams l="422" t="649" r="429" b="679" charConfidence="29">l</charParams>
<charParams l="432" t="657" r="442" b="678" charConfidence="36">e</charParams>
<charParams l="447" t="647" r="460" b="678" charConfidence="31">b</charParams>
<charParams l="465" t="653" r="475" b="679" charConfidence="36">t</charParams>
<charParams l="476" t="647" r="491" b="687"> </charParams>
<charParams l="492" t="647" r="507" b="687" suspicious="1" charConfidence="44">h</charParams>
<charParams l="511" t="655" r="525" b="678" charConfidence="24">a</charParams>
<charParams l="531" t="654" r="540" b="679" charConfidence="26">t</charParams>
<charParams l="543" t="654" r="552" b="680" charConfidence="35">t</charParams>
<charParams l="555" t="657" r="566" b="679" charConfidence="25">e</charParams>
<charParams l="570" t="649" r="589" b="687" charConfidence="29">s</charParams>
<charParams l="570" t="649" r="589" b="687" suspicious="1" charConfidence="29">t</charParams>
<charParams l="599" t="671" r="608" b="686" charConfidence="79">,</charParams>
<charParams l="609" t="652" r="632" b="686"> </charParams>
<charParams l="633" t="652" r="647" b="679" charConfidence="28">d</charParams>
<charParams l="652" t="649" r="659" b="679" charConfidence="100">i</charParams>
<charParams l="662" t="648" r="688" b="686" charConfidence="59">c</charParams>
<charParams l="662" t="648" r="688" b="686" charConfidence="59">h</charParams>
<charParams l="689" t="648" r="713" b="686"> </charParams>
<charParams l="714" t="657" r="728" b="679" charConfidence="25">a</charParams>
<charParams l="732" t="657" r="749" b="679" charConfidence="47">n</charParams>
<charParams l="750" t="656" r="767" b="679"> </charParams>
<charParams l="768" t="656" r="794" b="679" charConfidence="100">m</charParams>
<charParams l="799" t="657" r="809" b="679" charConfidence="30">e</charParams>
<charParams l="812" t="649" r="820" b="678" charConfidence="40">i</charParams>
<charParams l="824" t="657" r="839" b="679" charConfidence="23">n</charParams>
<charParams l="844" t="657" r="855" b="679" charConfidence="26">e</charParams>
<charParams l="858" t="656" r="871" b="678" charConfidence="100">r</charParams>
<charParams l="872" t="646" r="890" b="679"> </charParams>
<charParams l="891" t="646" r="924" b="679" charConfidence="33">S</charParams>
<charParams l="929" t="656" r="939" b="678" charConfidence="45">e</charParams>
<charParams l="943" t="648" r="950" b="678" charConfidence="63">i</charParams>
<charParams l="953" t="657" r="961" b="671" charConfidence="100">¬</charParams></formatting></line>
<line baseline="739" l="203" t="707" r="960" b="749"><formatting lang="OldGerman">
<charParams l="203" t="714" r="214" b="739" charConfidence="80">t</charParams>
<charParams l="217" t="717" r="229" b="739" charConfidence="48">e</charParams>
<charParams l="230" t="717" r="259" b="740"> </charParams>
<charParams l="260" t="718" r="271" b="740" charConfidence="30">e</charParams>
<charParams l="274" t="717" r="286" b="739" charConfidence="100">r</charParams>
<charParams l="290" t="708" r="305" b="747" charConfidence="100">h</charParams>
<charParams l="310" t="717" r="323" b="739" suspicious="1" charConfidence="37">ö</charParams>
<charParams l="327" t="708" r="343" b="747" charConfidence="60">h</charParams>
<charParams l="348" t="710" r="356" b="739" charConfidence="25">t</charParams>
<charParams l="358" t="717" r="369" b="739" charConfidence="39">e</charParams>
<charParams l="373" t="717" r="389" b="739" charConfidence="25">n</charParams>
<charParams l="399" t="731" r="408" b="745" charConfidence="90">,</charParams>
<charParams l="409" t="717" r="430" b="749"> </charParams>
<charParams l="431" t="717" r="442" b="749" charConfidence="26">z</charParams>
<charParams l="446" t="718" r="462" b="740" suspicious="1" charConfidence="100">u</charParams>
<charParams l="465" t="717" r="478" b="740" charConfidence="75">r</charParams>
<charParams l="479" t="708" r="497" b="741"> </charParams>
<charParams l="498" t="708" r="530" b="741" charConfidence="30">B</charParams>
<charParams l="534" t="718" r="546" b="740" charConfidence="59">e</charParams>
<charParams l="549" t="709" r="566" b="748" charConfidence="51">s</charParams>
<charParams l="549" t="709" r="566" b="748" charConfidence="51">i</charParams>
<charParams l="569" t="718" r="584" b="740" charConfidence="36">n</charParams>
<charParams l="588" t="718" r="604" b="740" charConfidence="54">n</charParams>
<charParams l="608" t="718" r="624" b="740" charConfidence="100">u</charParams>
<charParams l="628" t="717" r="644" b="740" charConfidence="100">n</charParams>
<charParams l="646" t="717" r="662" b="748" charConfidence="26">g</charParams>
<charParams l="663" t="709" r="686" b="748"> </charParams>
<charParams l="687" t="709" r="699" b="740" charConfidence="29">k</charParams>
<charParams l="702" t="719" r="715" b="740" charConfidence="89">o</charParams>
<charParams l="719" t="717" r="745" b="740" charConfidence="61">m</charParams>
<charParams l="749" t="717" r="775" b="740" charConfidence="68">m</charParams>
<charParams l="779" t="718" r="790" b="740" charConfidence="100">e</charParams>
<charParams l="794" t="718" r="810" b="739" charConfidence="85">n</charParams>
<charParams l="819" t="732" r="828" b="746" charConfidence="80">,</charParams>
<charParams l="829" t="712" r="851" b="746"> </charParams>
<charParams l="852" t="712" r="867" b="739" charConfidence="32">d</charParams>
<charParams l="871" t="717" r="882" b="740" charConfidence="100">e</charParams>
<charParams l="886" t="712" r="900" b="739" charConfidence="-1">s</charParams>
<charParams l="901" t="707" r="917" b="739"> </charParams>
<charParams l="918" t="707" r="934" b="739" charConfidence="37">L</charParams>
<charParams l="938" t="716" r="949" b="738" charConfidence="55">e</charParams>
<charParams l="952" t="717" r="960" b="731" charConfidence="100">¬</charParams></formatting></line>
<line baseline="800" l="203" t="768" r="958" b="808"><formatting lang="OldGerman">
<charParams l="203" t="769" r="219" b="799" charConfidence="29">b</charParams>
<charParams l="223" t="778" r="234" b="799" charConfidence="100">e</charParams>
<charParams l="237" t="777" r="252" b="799" charConfidence="69">n</charParams>
<charParams l="257" t="773" r="272" b="799" charConfidence="100">s</charParams>
<charParams l="273" t="773" r="295" b="806"> </charParams>
<charParams l="296" t="777" r="312" b="806" charConfidence="52">g</charParams>
<charParams l="316" t="777" r="328" b="799" charConfidence="55">e</charParams>
<charParams l="330" t="777" r="346" b="799" charConfidence="53">n</charParams>
<charParams l="351" t="770" r="358" b="800" charConfidence="53">i</charParams>
<charParams l="361" t="778" r="373" b="799" charConfidence="29">e</charParams>
<charParams l="376" t="769" r="391" b="805" charConfidence="0">ß</charParams>
<charParams l="394" t="777" r="406" b="799" charConfidence="24">e</charParams>
<charParams l="409" t="778" r="425" b="800" suspicious="1" charConfidence="26">n</charParams>
<charParams l="436" t="779" r="444" b="807" charConfidence="46">;</charParams>
<charParams l="445" t="777" r="474" b="807"> </charParams>
<charParams l="475" t="777" r="490" b="800" charConfidence="55">a</charParams>
<charParams l="494" t="768" r="510" b="800" charConfidence="26">b</charParams>
<charParams l="514" t="778" r="525" b="800" charConfidence="32">e</charParams>
<charParams l="527" t="778" r="541" b="801" charConfidence="27">r</charParams>
<charParams l="542" t="778" r="563" b="801"> </charParams>
<charParams l="564" t="778" r="579" b="800" charConfidence="25">a</charParams>
<charParams l="583" t="778" r="598" b="801" charConfidence="24">u</charParams>
<charParams l="602" t="771" r="628" b="808" charConfidence="81">c</charParams>
<charParams l="602" t="771" r="628" b="808" charConfidence="81">h</charParams>
<charParams l="629" t="771" r="651" b="808"> </charParams>
<charParams l="652" t="778" r="668" b="800" charConfidence="38">n</charParams>
<charParams l="673" t="779" r="689" b="801" charConfidence="36">u</charParams>
<charParams l="693" t="778" r="706" b="801" charConfidence="29">r</charParams>
<charParams l="707" t="778" r="731" b="801"> </charParams>
<charParams l="732" t="779" r="758" b="801" charConfidence="63">m</charParams>
<charParams l="763" t="771" r="770" b="801" charConfidence="44">i</charParams>
<charParams l="774" t="774" r="784" b="801" charConfidence="29">t</charParams>
<charParams l="785" t="774" r="797" b="801"> </charParams>
<charParams l="798" t="778" r="824" b="799" charConfidence="67">m</charParams>
<charParams l="828" t="771" r="836" b="800" charConfidence="35">i</charParams>
<charParams l="839" t="778" r="851" b="801" charConfidence="24">r</charParams>
<charParams l="852" t="777" r="867" b="801"> </charParams>
<charParams l="868" t="777" r="882" b="799" charConfidence="100">a</charParams>
<charParams l="887" t="769" r="895" b="799" charConfidence="54">l</charParams>
<charParams l="896" t="769" r="903" b="799" charConfidence="31">l</charParams>
<charParams l="906" t="777" r="917" b="799" charConfidence="100">e</charParams>
<charParams l="921" t="769" r="927" b="798" charConfidence="35">i</charParams>
<charParams l="931" t="776" r="948" b="798" charConfidence="25">n</charParams>
<charParams l="951" t="791" r="958" b="798" charConfidence="100">.</charParams></formatting></line>
<line baseline="860" l="201" t="827" r="958" b="868"><formatting lang="OldGerman">
<charParams l="201" t="827" r="245" b="859" charConfidence="30">M</charParams>
<charParams l="248" t="837" r="259" b="858" charConfidence="43">e</charParams>
<charParams l="264" t="830" r="270" b="858" charConfidence="53">i</charParams>
<charParams l="274" t="837" r="290" b="858" charConfidence="53">n</charParams>
<charParams l="294" t="837" r="306" b="858" charConfidence="32">e</charParams>
<charParams l="307" t="837" r="334" b="859"> </charParams>
<charParams l="335" t="837" r="348" b="859" charConfidence="100">e</charParams>
<charParams l="351" t="829" r="358" b="858" charConfidence="81">i</charParams>
<charParams l="361" t="837" r="377" b="859" charConfidence="69">n</charParams>
<charParams l="380" t="835" r="391" b="868" charConfidence="26">z</charParams>
<charParams l="395" t="829" r="403" b="857" charConfidence="94">i</charParams>
<charParams l="404" t="837" r="421" b="867" charConfidence="54">g</charParams>
<charParams l="424" t="836" r="437" b="859" charConfidence="26">e</charParams>
<charParams l="438" t="828" r="469" b="861"> </charParams>
<charParams l="470" t="828" r="496" b="861" charConfidence="34">T</charParams>
<charParams l="500" t="837" r="514" b="859" charConfidence="35">o</charParams>
<charParams l="517" t="830" r="545" b="867" charConfidence="54">c</charParams>
<charParams l="517" t="830" r="545" b="867" charConfidence="54">h</charParams>
<charParams l="546" t="834" r="557" b="860" charConfidence="42">t</charParams>
<charParams l="559" t="837" r="570" b="859" charConfidence="26">e</charParams>
<charParams l="573" t="836" r="587" b="860" charConfidence="27">r</charParams>
<charParams l="588" t="834" r="609" b="860"> </charParams>
<charParams l="610" t="834" r="621" b="860" charConfidence="100">t</charParams>
<charParams l="624" t="828" r="639" b="868" charConfidence="100">h</charParams>
<charParams l="644" t="838" r="658" b="860" charConfidence="100">a</charParams>
<charParams l="663" t="836" r="672" b="861" charConfidence="100">t</charParams>
<charParams l="673" t="832" r="696" b="861"> </charParams>
<charParams l="697" t="832" r="704" b="860" charConfidence="29">i</charParams>
<charParams l="709" t="830" r="734" b="868" charConfidence="65">c</charParams>
<charParams l="709" t="830" r="734" b="868" charConfidence="65">h</charParams>
<charParams l="735" t="830" r="766" b="868"> </charParams>
<charParams l="767" t="832" r="775" b="860" charConfidence="25">i</charParams>
<charParams l="779" t="839" r="795" b="861" charConfidence="100">n</charParams>
<charParams l="796" t="830" r="824" b="868"> </charParams>
<charParams l="825" t="830" r="855" b="868" charConfidence="40">P</charParams>
<charParams l="860" t="839" r="871" b="860" charConfidence="100">e</charParams>
<charParams l="874" t="838" r="889" b="860" charConfidence="55">n</charParams>
<charParams l="894" t="831" r="911" b="868" charConfidence="83">s</charParams>
<charParams l="894" t="831" r="911" b="868" charConfidence="83">i</charParams>
<charParams l="914" t="838" r="927" b="860" charConfidence="31">o</charParams>
<charParams l="931" t="838" r="947" b="859" charConfidence="100">n</charParams>
<charParams l="950" t="852" r="958" b="865" charConfidence="65">,</charParams></formatting></line>
<line baseline="919" l="198" t="887" r="957" b="928"><formatting lang="OldGerman">
<charParams l="198" t="894" r="225" b="916" charConfidence="24">w</charParams>
<charParams l="228" t="896" r="243" b="916" charConfidence="38">o</charParams>
<charParams l="244" t="889" r="265" b="924"> </charParams>
<charParams l="266" t="889" r="285" b="924" charConfidence="51">s</charParams>
<charParams l="266" t="889" r="285" b="924" charConfidence="51">i</charParams>
<charParams l="286" t="895" r="299" b="917" charConfidence="26">e</charParams>
<charParams l="300" t="888" r="329" b="925"> </charParams>
<charParams l="330" t="888" r="349" b="925" charConfidence="83">s</charParams>
<charParams l="330" t="888" r="349" b="925" charConfidence="83">i</charParams>
<charParams l="350" t="888" r="376" b="923" charConfidence="70">c</charParams>
<charParams l="350" t="888" r="376" b="923" charConfidence="70">h</charParams>
<charParams l="377" t="887" r="407" b="924"> </charParams>
<charParams l="408" t="887" r="423" b="924" charConfidence="54">f</charParams>
<charParams l="422" t="896" r="435" b="917" charConfidence="54">r</charParams>
<charParams l="437" t="896" r="448" b="919" charConfidence="36">e</charParams>
<charParams l="451" t="895" r="466" b="924" charConfidence="25">y</charParams>
<charParams l="471" t="890" r="478" b="917" charConfidence="26">l</charParams>
<charParams l="480" t="889" r="489" b="918" charConfidence="100">i</charParams>
<charParams l="491" t="889" r="517" b="924" charConfidence="55">c</charParams>
<charParams l="491" t="889" r="517" b="924" charConfidence="55">h</charParams>
<charParams l="518" t="889" r="546" b="924"> </charParams>
<charParams l="547" t="895" r="574" b="918" charConfidence="33">m</charParams>
<charParams l="578" t="896" r="592" b="918" charConfidence="33">a</charParams>
<charParams l="596" t="897" r="612" b="919" charConfidence="29">n</charParams>
<charParams l="616" t="897" r="633" b="919" charConfidence="100">n</charParams>
<charParams l="637" t="890" r="644" b="918" charConfidence="100">i</charParams>
<charParams l="645" t="898" r="661" b="926" charConfidence="55">g</charParams>
<charParams l="666" t="889" r="680" b="925" charConfidence="39">f</charParams>
<charParams l="678" t="898" r="692" b="919" charConfidence="28">a</charParams>
<charParams l="697" t="892" r="703" b="920" charConfidence="100">l</charParams>
<charParams l="707" t="895" r="717" b="920" charConfidence="87">t</charParams>
<charParams l="720" t="891" r="727" b="919" charConfidence="100">i</charParams>
<charParams l="729" t="898" r="744" b="928" charConfidence="32">g</charParams>
<charParams l="749" t="899" r="760" b="920" charConfidence="29">e</charParams>
<charParams l="763" t="899" r="776" b="921" charConfidence="25">r</charParams>
<charParams l="777" t="899" r="806" b="921"> </charParams>
<charParams l="807" t="900" r="822" b="920" charConfidence="100">a</charParams>
<charParams l="826" t="899" r="843" b="921" charConfidence="74">u</charParams>
<charParams l="846" t="895" r="860" b="920" charConfidence="100">s</charParams>
<charParams l="864" t="890" r="879" b="920" charConfidence="57">b</charParams>
<charParams l="883" t="892" r="890" b="920" charConfidence="28">i</charParams>
<charParams l="894" t="892" r="901" b="921" charConfidence="99">l</charParams>
<charParams l="905" t="892" r="919" b="919" charConfidence="36">d</charParams>
<charParams l="924" t="898" r="935" b="926" charConfidence="24">e</charParams>
<charParams l="938" t="895" r="949" b="920" charConfidence="29">t</charParams>
<charParams l="949" t="912" r="957" b="924" charConfidence="55">,</charParams></formatting></line>
<line baseline="973" l="199" t="944" r="956" b="982"><formatting lang="OldGerman">
<charParams l="199" t="951" r="214" b="972" charConfidence="58">a</charParams>
<charParams l="219" t="945" r="225" b="973" charConfidence="45">l</charParams>
<charParams l="229" t="947" r="243" b="972" charConfidence="100">s</charParams>
<charParams l="244" t="944" r="261" b="972"> </charParams>
<charParams l="262" t="944" r="276" b="972" charConfidence="33">b</charParams>
<charParams l="281" t="951" r="292" b="972" charConfidence="26">e</charParams>
<charParams l="295" t="951" r="310" b="980" charConfidence="26">y</charParams>
<charParams l="311" t="951" r="335" b="980"> </charParams>
<charParams l="336" t="952" r="349" b="972" charConfidence="25">e</charParams>
<charParams l="351" t="945" r="359" b="972" charConfidence="100">i</charParams>
<charParams l="362" t="951" r="378" b="971" charConfidence="25">n</charParams>
<charParams l="381" t="951" r="394" b="972" charConfidence="31">e</charParams>
<charParams l="395" t="950" r="414" b="972" charConfidence="47">n</charParams>
<charParams l="414" t="948" r="424" b="972" suspicious="1" charConfidence="-1">«</charParams>
<charParams l="425" t="947" r="448" b="972"> </charParams>
<charParams l="449" t="947" r="460" b="972" charConfidence="-1">l</charParams>
<charParams l="462" t="946" r="477" b="973" charConfidence="27">ä</charParams>
<charParams l="480" t="951" r="497" b="973" charConfidence="29">n</charParams>
<charParams l="499" t="945" r="515" b="973" charConfidence="33">d</charParams>
<charParams l="519" t="947" r="527" b="974" charConfidence="77">l</charParams>
<charParams l="529" t="946" r="538" b="972" charConfidence="35">i</charParams>
<charParams l="538" t="946" r="566" b="981" charConfidence="27">c</charParams>
<charParams l="538" t="946" r="566" b="981" charConfidence="27">h</charParams>
<charParams l="569" t="952" r="581" b="973" charConfidence="33">e</charParams>
<charParams l="583" t="952" r="601" b="973" charConfidence="58">n</charParams>
<charParams l="602" t="945" r="617" b="975"> </charParams>
<charParams l="618" t="945" r="648" b="975" charConfidence="25">A</charParams>
<charParams l="647" t="953" r="664" b="973" charConfidence="100">u</charParams>
<charParams l="667" t="945" r="681" b="980" charConfidence="28">f</charParams>
<charParams l="679" t="954" r="692" b="974" charConfidence="26">e</charParams>
<charParams l="694" t="953" r="711" b="974" charConfidence="40">n</charParams>
<charParams l="714" t="951" r="725" b="974" charConfidence="47">t</charParams>
<charParams l="727" t="945" r="744" b="981" charConfidence="28">h</charParams>
<charParams l="747" t="953" r="762" b="973" charConfidence="26">a</charParams>
<charParams l="766" t="947" r="774" b="974" charConfidence="81">l</charParams>
<charParams l="776" t="951" r="787" b="974" charConfidence="40">t</charParams>
<charParams l="788" t="953" r="805" b="973" charConfidence="26">e</charParams>
<charParams l="806" t="953" r="814" b="980"> </charParams>
<charParams l="815" t="954" r="832" b="980" charConfidence="24">g</charParams>
<charParams l="836" t="955" r="847" b="974" charConfidence="31">e</charParams>
<charParams l="851" t="947" r="864" b="979" charConfidence="25">s</charParams>
<charParams l="861" t="948" r="887" b="981" charConfidence="63">c</charParams>
<charParams l="861" t="948" r="887" b="981" charConfidence="63">h</charParams>
<charParams l="890" t="955" r="902" b="975" charConfidence="26">e</charParams>
<charParams l="905" t="946" r="921" b="982" charConfidence="100">h</charParams>
<charParams l="924" t="954" r="936" b="975" charConfidence="25">e</charParams>
<charParams l="939" t="955" r="956" b="976" charConfidence="63">n</charParams></formatting></line>
<line baseline="1031" l="197" t="999" r="954" b="1042"><formatting lang="OldGerman">
<charParams l="197" t="1003" r="211" b="1033" charConfidence="26">k</charParams>
<charParams l="214" t="1003" r="227" b="1033" charConfidence="24">ö</charParams>
<charParams l="231" t="1011" r="246" b="1033" charConfidence="24">n</charParams>
<charParams l="250" t="1010" r="266" b="1032" charConfidence="40">n</charParams>
<charParams l="271" t="1007" r="280" b="1032" charConfidence="34">t</charParams>
<charParams l="283" t="1009" r="295" b="1031" charConfidence="32">e</charParams>
<charParams l="304" t="1010" r="312" b="1038" charConfidence="50">;</charParams>
<charParams l="313" t="1008" r="344" b="1038"> </charParams>
<charParams l="345" t="1008" r="361" b="1031" charConfidence="36">u</charParams>
<charParams l="365" t="1008" r="381" b="1030" charConfidence="70">n</charParams>
<charParams l="384" t="1001" r="400" b="1030" charConfidence="30">d</charParams>
<charParams l="401" t="1001" r="424" b="1030"> </charParams>
<charParams l="425" t="1006" r="442" b="1028" charConfidence="34">n</charParams>
<charParams l="446" t="1000" r="453" b="1029" charConfidence="51">i</charParams>
<charParams l="457" t="999" r="482" b="1033" charConfidence="83">c</charParams>
<charParams l="457" t="999" r="482" b="1033" charConfidence="83">h</charParams>
<charParams l="485" t="1003" r="496" b="1028" charConfidence="63">t</charParams>
<charParams l="497" t="1000" r="519" b="1036"> </charParams>
<charParams l="520" t="1000" r="540" b="1036" charConfidence="52">s</charParams>
<charParams l="520" t="1000" r="540" b="1036" charConfidence="52">i</charParams>
<charParams l="540" t="1007" r="553" b="1028" charConfidence="26">e</charParams>
<charParams l="554" t="1006" r="582" b="1028"> </charParams>
<charParams l="583" t="1006" r="598" b="1028" charConfidence="26">a</charParams>
<charParams l="603" t="999" r="611" b="1029" charConfidence="29">l</charParams>
<charParams l="611" t="999" r="620" b="1029" charConfidence="35">l</charParams>
<charParams l="622" t="1007" r="634" b="1029" charConfidence="28">e</charParams>
<charParams l="637" t="1000" r="645" b="1029" charConfidence="26">i</charParams>
<charParams l="647" t="1007" r="665" b="1029" charConfidence="35">n</charParams>
<charParams l="676" t="1020" r="686" b="1035" charConfidence="100">,</charParams>
<charParams l="687" t="1007" r="721" b="1035"> </charParams>
<charParams l="722" t="1007" r="737" b="1028" charConfidence="26">a</charParams>
<charParams l="741" t="1008" r="757" b="1029" charConfidence="27">u</charParams>
<charParams l="760" t="1001" r="786" b="1034" charConfidence="55">c</charParams>
<charParams l="760" t="1001" r="786" b="1034" charConfidence="55">h</charParams>
<charParams l="787" t="1001" r="822" b="1034"> </charParams>
<charParams l="823" t="1002" r="850" b="1034" charConfidence="64">O</charParams>
<charParams l="855" t="1008" r="864" b="1034" charConfidence="27">t</charParams>
<charParams l="867" t="1009" r="877" b="1034" charConfidence="29">t</charParams>
<charParams l="880" t="1005" r="886" b="1035" charConfidence="100">i</charParams>
<charParams l="890" t="1006" r="898" b="1035" charConfidence="100">l</charParams>
<charParams l="902" t="1006" r="909" b="1035" charConfidence="29">i</charParams>
<charParams l="912" t="1014" r="923" b="1035" charConfidence="54">e</charParams>
<charParams l="927" t="1014" r="943" b="1036" charConfidence="24">n</charParams>
<charParams l="946" t="1030" r="954" b="1042" charConfidence="55">,</charParams></formatting></line>
<line baseline="1091" l="196" t="1056" r="955" b="1103"><formatting lang="OldGerman">
<charParams l="196" t="1070" r="223" b="1092" charConfidence="34">m</charParams>
<charParams l="228" t="1071" r="239" b="1092" charConfidence="25">e</charParams>
<charParams l="242" t="1062" r="249" b="1092" charConfidence="69">i</charParams>
<charParams l="253" t="1070" r="268" b="1092" charConfidence="56">n</charParams>
<charParams l="273" t="1070" r="285" b="1092" charConfidence="30">e</charParams>
<charParams l="286" t="1062" r="314" b="1092"> </charParams>
<charParams l="315" t="1062" r="322" b="1091" charConfidence="43">l</charParams>
<charParams l="326" t="1061" r="333" b="1090" charConfidence="90">i</charParams>
<charParams l="336" t="1069" r="347" b="1091" charConfidence="25">e</charParams>
<charParams l="350" t="1059" r="364" b="1091" charConfidence="27">b</charParams>
<charParams l="369" t="1068" r="381" b="1089" charConfidence="40">e</charParams>
<charParams l="382" t="1056" r="412" b="1089"> </charParams>
<charParams l="413" t="1056" r="447" b="1089" charConfidence="42">N</charParams>
<charParams l="450" t="1059" r="457" b="1088" charConfidence="100">i</charParams>
<charParams l="461" t="1058" r="486" b="1094" charConfidence="68">c</charParams>
<charParams l="461" t="1058" r="486" b="1094" suspicious="1" charConfidence="68">h</charParams>
<charParams l="491" t="1062" r="500" b="1089" charConfidence="32">t</charParams>
<charParams l="502" t="1066" r="515" b="1088" charConfidence="32">e</charParams>
<charParams l="524" t="1080" r="533" b="1093" charConfidence="75">,</charParams>
<charParams l="534" t="1062" r="573" b="1093"> </charParams>
<charParams l="574" t="1062" r="586" b="1087" charConfidence="47">t</charParams>
<charParams l="588" t="1057" r="604" b="1097" charConfidence="58">h</charParams>
<charParams l="608" t="1065" r="622" b="1086" charConfidence="24">a</charParams>
<charParams l="626" t="1062" r="637" b="1087" charConfidence="43">t</charParams>
<charParams l="638" t="1058" r="667" b="1088"> </charParams>
<charParams l="668" t="1058" r="677" b="1088" charConfidence="35">i</charParams>
<charParams l="679" t="1058" r="705" b="1092" charConfidence="55">c</charParams>
<charParams l="679" t="1058" r="705" b="1092" charConfidence="55">h</charParams>
<charParams l="706" t="1058" r="739" b="1092"> </charParams>
<charParams l="740" t="1060" r="756" b="1090" charConfidence="30">d</charParams>
<charParams l="760" t="1069" r="773" b="1092" charConfidence="72">o</charParams>
<charParams l="777" t="1070" r="788" b="1093" charConfidence="26">r</charParams>
<charParams l="792" t="1067" r="802" b="1093" charConfidence="46">t</charParams>
<charParams l="804" t="1062" r="820" b="1103" charConfidence="41">h</charParams>
<charParams l="825" t="1065" r="832" b="1094" charConfidence="56">i</charParams>
<charParams l="835" t="1072" r="852" b="1095" charConfidence="53">n</charParams>
<charParams l="866" t="1087" r="875" b="1101" charConfidence="69">,</charParams>
<charParams l="876" t="1069" r="911" b="1101"> </charParams>
<charParams l="912" t="1069" r="927" b="1097" charConfidence="27">d</charParams>
<charParams l="932" t="1067" r="939" b="1097" charConfidence="69">i</charParams>
<charParams l="943" t="1076" r="955" b="1097" charConfidence="39">e</charParams></formatting></line>
<line baseline="1150" l="194" t="1114" r="953" b="1158"><formatting lang="OldGerman">
<charParams l="194" t="1129" r="211" b="1152" charConfidence="28">v</charParams>
<charParams l="215" t="1122" r="222" b="1151" charConfidence="32">i</charParams>
<charParams l="226" t="1130" r="237" b="1151" charConfidence="26">e</charParams>
<charParams l="241" t="1122" r="248" b="1151" charConfidence="47">l</charParams>
<charParams l="249" t="1121" r="258" b="1151" charConfidence="87">l</charParams>
<charParams l="260" t="1130" r="271" b="1151" charConfidence="26">e</charParams>
<charParams l="274" t="1122" r="281" b="1151" charConfidence="46">i</charParams>
<charParams l="284" t="1120" r="309" b="1156" charConfidence="55">c</charParams>
<charParams l="284" t="1120" r="309" b="1156" charConfidence="55">h</charParams>
<charParams l="313" t="1125" r="324" b="1149" charConfidence="46">t</charParams>
<charParams l="325" t="1125" r="347" b="1158"> </charParams>
<charParams l="348" t="1126" r="360" b="1158" charConfidence="26">z</charParams>
<charParams l="364" t="1127" r="379" b="1148" suspicious="1" charConfidence="23">u</charParams>
<charParams l="383" t="1126" r="397" b="1148" charConfidence="35">r</charParams>
<charParams l="398" t="1117" r="420" b="1157"> </charParams>
<charParams l="421" t="1117" r="438" b="1157" suspicious="1" charConfidence="57">h</charParams>
<charParams l="441" t="1117" r="456" b="1147" charConfidence="25">ä</charParams>
<charParams l="460" t="1125" r="476" b="1147" charConfidence="81">u</charParams>
<charParams l="480" t="1125" r="494" b="1147" charConfidence="100">s</charParams>
<charParams l="498" t="1118" r="505" b="1147" charConfidence="68">l</charParams>
<charParams l="508" t="1118" r="515" b="1145" charConfidence="25">i</charParams>
<charParams l="519" t="1117" r="543" b="1153" charConfidence="56">c</charParams>
<charParams l="519" t="1117" r="543" b="1153" suspicious="1" charConfidence="56">h</charParams>
<charParams l="547" t="1124" r="559" b="1146" charConfidence="26">e</charParams>
<charParams l="562" t="1124" r="579" b="1146" charConfidence="25">n</charParams>
<charParams l="580" t="1114" r="604" b="1146"> </charParams>
<charParams l="605" t="1114" r="635" b="1146" charConfidence="24">G</charParams>
<charParams l="639" t="1124" r="651" b="1145" charConfidence="34">e</charParams>
<charParams l="654" t="1116" r="670" b="1156" charConfidence="62">h</charParams>
<charParams l="673" t="1117" r="689" b="1148" charConfidence="22">ü</charParams>
<charParams l="693" t="1120" r="701" b="1148" charConfidence="33">l</charParams>
<charParams l="704" t="1120" r="721" b="1156" charConfidence="22">f</charParams>
<charParams l="704" t="1120" r="721" b="1156" charConfidence="22">i</charParams>
<charParams l="724" t="1128" r="739" b="1150" charConfidence="24">n</charParams>
<charParams l="744" t="1128" r="760" b="1150" charConfidence="26">n</charParams>
<charParams l="761" t="1128" r="783" b="1153"> </charParams>
<charParams l="784" t="1131" r="801" b="1153" charConfidence="30">u</charParams>
<charParams l="805" t="1131" r="820" b="1153" charConfidence="88">n</charParams>
<charParams l="824" t="1129" r="835" b="1154" charConfidence="34">t</charParams>
<charParams l="837" t="1132" r="848" b="1153" charConfidence="26">e</charParams>
<charParams l="852" t="1132" r="865" b="1154" charConfidence="27">r</charParams>
<charParams l="866" t="1132" r="888" b="1155"> </charParams>
<charParams l="889" t="1133" r="915" b="1155" charConfidence="100">m</charParams>
<charParams l="919" t="1135" r="931" b="1157" charConfidence="43">e</charParams>
<charParams l="934" t="1128" r="944" b="1157" charConfidence="25">i</charParams>
<charParams l="944" t="1139" r="953" b="1152" charConfidence="100">¬</charParams></formatting></line>
<line baseline="1210" l="194" t="1175" r="950" b="1218"><formatting lang="OldGerman">
<charParams l="194" t="1189" r="211" b="1211" charConfidence="32">n</charParams>
<charParams l="215" t="1189" r="226" b="1211" charConfidence="25">e</charParams>
<charParams l="229" t="1190" r="242" b="1210" charConfidence="84">r</charParams>
<charParams l="243" t="1178" r="264" b="1211"> </charParams>
<charParams l="265" t="1178" r="292" b="1211" charConfidence="41">A</charParams>
<charParams l="294" t="1188" r="310" b="1209" charConfidence="30">n</charParams>
<charParams l="314" t="1180" r="323" b="1209" charConfidence="54">l</charParams>
<charParams l="325" t="1187" r="336" b="1209" charConfidence="25">e</charParams>
<charParams l="340" t="1179" r="346" b="1208" charConfidence="43">i</charParams>
<charParams l="351" t="1183" r="361" b="1208" charConfidence="26">t</charParams>
<charParams l="363" t="1186" r="378" b="1208" charConfidence="24">u</charParams>
<charParams l="382" t="1185" r="398" b="1207" charConfidence="31">n</charParams>
<charParams l="401" t="1186" r="417" b="1215" charConfidence="55">g</charParams>
<charParams l="418" t="1186" r="441" b="1215"> </charParams>
<charParams l="442" t="1186" r="456" b="1207" charConfidence="24">a</charParams>
<charParams l="460" t="1184" r="487" b="1206" suspicious="1" charConfidence="96">m</charParams>
<charParams l="488" t="1176" r="504" b="1207"> </charParams>
<charParams l="505" t="1176" r="520" b="1207" charConfidence="55">b</charParams>
<charParams l="524" t="1185" r="536" b="1206" charConfidence="100">e</charParams>
<charParams l="540" t="1177" r="559" b="1214" charConfidence="22">s</charParams>
<charParams l="540" t="1177" r="559" b="1214" charConfidence="22">t</charParams>
<charParams l="561" t="1184" r="572" b="1206" charConfidence="55">e</charParams>
<charParams l="576" t="1184" r="591" b="1206" charConfidence="24">n</charParams>
<charParams l="592" t="1175" r="606" b="1214"> </charParams>
<charParams l="607" t="1175" r="624" b="1214" suspicious="1" charConfidence="29">h</charParams>
<charParams l="628" t="1184" r="640" b="1206" charConfidence="31">e</charParams>
<charParams l="643" t="1183" r="656" b="1205" charConfidence="60">r</charParams>
<charParams l="657" t="1184" r="672" b="1206" charConfidence="32">a</charParams>
<charParams l="677" t="1182" r="693" b="1207" charConfidence="54">n</charParams>
<charParams l="695" t="1186" r="711" b="1216" charConfidence="37">g</charParams>
<charParams l="715" t="1187" r="727" b="1208" charConfidence="43">e</charParams>
<charParams l="729" t="1186" r="754" b="1209" charConfidence="28">w</charParams>
<charParams l="757" t="1188" r="772" b="1210" charConfidence="65">a</charParams>
<charParams l="775" t="1182" r="801" b="1217" charConfidence="59">c</charParams>
<charParams l="775" t="1182" r="801" b="1217" suspicious="1" charConfidence="59">h</charParams>
<charParams l="805" t="1182" r="817" b="1218" charConfidence="35">s</charParams>
<charParams l="816" t="1191" r="827" b="1212" charConfidence="25">e</charParams>
<charParams l="830" t="1190" r="846" b="1212" charConfidence="47">n</charParams>
<charParams l="847" t="1190" r="864" b="1214"> </charParams>
<charParams l="865" t="1191" r="890" b="1214" charConfidence="54">w</charParams>
<charParams l="894" t="1184" r="908" b="1214" charConfidence="22">ä</charParams>
<charParams l="912" t="1193" r="924" b="1214" charConfidence="42">r</charParams>
<charParams l="927" t="1193" r="940" b="1214" charConfidence="100">e</charParams>
<charParams l="942" t="1207" r="950" b="1213" charConfidence="100">.</charParams></formatting></line>
<line baseline="1268" l="193" t="1235" r="949" b="1279"><formatting lang="OldGerman">
<charParams l="193" t="1240" r="226" b="1271" charConfidence="46">D</charParams>
<charParams l="230" t="1249" r="245" b="1270" charConfidence="100">a</charParams>
<charParams l="249" t="1243" r="264" b="1270" charConfidence="-1">s</charParams>
<charParams l="265" t="1243" r="293" b="1270"> </charParams>
<charParams l="294" t="1247" r="309" b="1269" charConfidence="42">a</charParams>
<charParams l="313" t="1239" r="321" b="1268" charConfidence="41">l</charParams>
<charParams l="321" t="1238" r="329" b="1269" charConfidence="29">l</charParams>
<charParams l="332" t="1246" r="343" b="1268" charConfidence="100">e</charParams>
<charParams l="346" t="1241" r="360" b="1268" charConfidence="96">s</charParams>
<charParams l="361" t="1241" r="386" b="1275"> </charParams>
<charParams l="387" t="1245" r="404" b="1275" charConfidence="25">g</charParams>
<charParams l="408" t="1245" r="419" b="1267" charConfidence="33">e</charParams>
<charParams l="423" t="1236" r="435" b="1273" charConfidence="54">s</charParams>
<charParams l="433" t="1236" r="457" b="1273" charConfidence="26">c</charParams>
<charParams l="433" t="1236" r="457" b="1273" charConfidence="26">h</charParams>
<charParams l="462" t="1244" r="476" b="1266" charConfidence="24">a</charParams>
<charParams l="481" t="1235" r="496" b="1276" charConfidence="84">h</charParams>
<charParams l="497" t="1235" r="519" b="1276"> </charParams>
<charParams l="520" t="1244" r="547" b="1266" charConfidence="100">m</charParams>
<charParams l="551" t="1237" r="558" b="1265" charConfidence="26">i</charParams>
<charParams l="562" t="1242" r="572" b="1266" suspicious="1" charConfidence="26">t</charParams>
<charParams l="573" t="1238" r="603" b="1266"> </charParams>
<charParams l="604" t="1238" r="618" b="1265" charConfidence="25">d</charParams>
<charParams l="622" t="1244" r="634" b="1265" charConfidence="41">e</charParams>
<charParams l="637" t="1236" r="644" b="1264" charConfidence="25">i</charParams>
<charParams l="648" t="1243" r="663" b="1264" charConfidence="23">n</charParams>
<charParams l="668" t="1243" r="679" b="1265" charConfidence="55">e</charParams>
<charParams l="682" t="1244" r="695" b="1265" charConfidence="48">r</charParams>
<charParams l="696" t="1237" r="731" b="1268"> </charParams>
<charParams l="732" t="1237" r="756" b="1268" charConfidence="27">E</charParams>
<charParams l="760" t="1239" r="767" b="1267" charConfidence="100">i</charParams>
<charParams l="770" t="1247" r="786" b="1268" charConfidence="100">n</charParams>
<charParams l="791" t="1240" r="809" b="1276" charConfidence="31">s</charParams>
<charParams l="791" t="1240" r="809" b="1276" charConfidence="31">t</charParams>
<charParams l="812" t="1241" r="819" b="1269" charConfidence="26">i</charParams>
<charParams l="823" t="1247" r="848" b="1271" charConfidence="44">m</charParams>
<charParams l="853" t="1248" r="879" b="1270" charConfidence="100">m</charParams>
<charParams l="882" t="1249" r="899" b="1271" charConfidence="33">u</charParams>
<charParams l="903" t="1249" r="919" b="1271" charConfidence="76">n</charParams>
<charParams l="921" t="1249" r="938" b="1279" charConfidence="25">g</charParams>
<charParams l="940" t="1263" r="949" b="1277" charConfidence="66">,</charParams></formatting></line>
<line baseline="1327" l="192" t="1295" r="949" b="1335"><formatting lang="OldGerman">
<charParams l="192" t="1301" r="207" b="1330" charConfidence="25">b</charParams>
<charParams l="212" t="1301" r="219" b="1330" charConfidence="28">l</charParams>
<charParams l="222" t="1308" r="235" b="1329" charConfidence="49">o</charParams>
<charParams l="239" t="1300" r="254" b="1335" suspicious="1" charConfidence="22">ß</charParams>
<charParams l="255" t="1300" r="278" b="1335"> </charParams>
<charParams l="279" t="1303" r="294" b="1330" charConfidence="27">d</charParams>
<charParams l="298" t="1308" r="312" b="1329" charConfidence="100">a</charParams>
<charParams l="316" t="1307" r="341" b="1329" charConfidence="33">m</charParams>
<charParams l="346" t="1300" r="353" b="1329" charConfidence="29">i</charParams>
<charParams l="357" t="1303" r="367" b="1328" charConfidence="45">t</charParams>
<charParams l="368" t="1303" r="388" b="1328"> </charParams>
<charParams l="389" t="1304" r="414" b="1327" charConfidence="52">w</charParams>
<charParams l="417" t="1298" r="424" b="1326" charConfidence="29">i</charParams>
<charParams l="429" t="1305" r="441" b="1327" charConfidence="26">r</charParams>
<charParams l="442" t="1301" r="464" b="1327"> </charParams>
<charParams l="465" t="1301" r="472" b="1326" suspicious="1" charConfidence="24">i</charParams>
<charParams l="476" t="1304" r="501" b="1326" charConfidence="25">m</charParams>
<charParams l="506" t="1300" r="521" b="1326" charConfidence="100">S</charParams>
<charParams l="522" t="1296" r="541" b="1332"> </charParams>
<charParams l="542" t="1296" r="556" b="1332" charConfidence="100">s</charParams>
<charParams l="553" t="1304" r="564" b="1326" charConfidence="28">e</charParams>
<charParams l="568" t="1296" r="576" b="1325" charConfidence="38">l</charParams>
<charParams l="579" t="1295" r="593" b="1325" charConfidence="39">b</charParams>
<charParams l="597" t="1295" r="617" b="1332" charConfidence="35">s</charParams>
<charParams l="597" t="1295" r="617" b="1332" charConfidence="35">t</charParams>
<charParams l="618" t="1295" r="645" b="1332"> </charParams>
<charParams l="646" t="1297" r="655" b="1326" charConfidence="96">l</charParams>
<charParams l="658" t="1304" r="669" b="1325" charConfidence="24">e</charParams>
<charParams l="673" t="1295" r="687" b="1325" charConfidence="35">b</charParams>
<charParams l="691" t="1304" r="703" b="1325" charConfidence="26">e</charParams>
<charParams l="706" t="1304" r="722" b="1325" charConfidence="44">n</charParams>
<charParams l="732" t="1318" r="741" b="1331" charConfidence="79">,</charParams>
<charParams l="742" t="1297" r="773" b="1331"> </charParams>
<charParams l="774" t="1297" r="789" b="1326" charConfidence="40">b</charParams>
<charParams l="793" t="1297" r="801" b="1327" charConfidence="58">l</charParams>
<charParams l="804" t="1306" r="817" b="1327" charConfidence="29">o</charParams>
<charParams l="822" t="1299" r="837" b="1333" charConfidence="25">ß</charParams>
<charParams l="838" t="1299" r="860" b="1333"> </charParams>
<charParams l="861" t="1302" r="875" b="1328" charConfidence="28">d</charParams>
<charParams l="879" t="1308" r="893" b="1328" charConfidence="24">a</charParams>
<charParams l="898" t="1307" r="923" b="1329" charConfidence="54">m</charParams>
<charParams l="928" t="1301" r="935" b="1329" charConfidence="59">i</charParams>
<charParams l="939" t="1306" r="949" b="1329" charConfidence="27">t</charParams></formatting></line>
<line baseline="1387" l="191" t="1354" r="946" b="1397"><formatting lang="OldGerman">
<charParams l="191" t="1367" r="215" b="1389" charConfidence="54">w</charParams>
<charParams l="220" t="1360" r="226" b="1388" charConfidence="44">i</charParams>
<charParams l="230" t="1368" r="243" b="1388" charConfidence="25">r</charParams>
<charParams l="244" t="1361" r="266" b="1389"> </charParams>
<charParams l="267" t="1361" r="281" b="1389" charConfidence="29">d</charParams>
<charParams l="285" t="1368" r="300" b="1389" charConfidence="24">a</charParams>
<charParams l="304" t="1363" r="318" b="1389" charConfidence="98">s</charParams>
<charParams l="319" t="1359" r="343" b="1395"> </charParams>
<charParams l="344" t="1359" r="358" b="1395" charConfidence="61">s</charParams>
<charParams l="358" t="1368" r="369" b="1389" charConfidence="46">r</charParams>
<charParams l="373" t="1357" r="388" b="1388" charConfidence="22">ü</charParams>
<charParams l="393" t="1356" r="409" b="1397" charConfidence="65">h</charParams>
<charParams l="410" t="1356" r="437" b="1397"> </charParams>
<charParams l="438" t="1356" r="450" b="1393" charConfidence="90">s</charParams>
<charParams l="449" t="1365" r="462" b="1387" charConfidence="69">o</charParams>
<charParams l="463" t="1356" r="486" b="1393"> </charParams>
<charParams l="487" t="1356" r="500" b="1393" charConfidence="53">s</charParams>
<charParams l="498" t="1364" r="509" b="1386" charConfidence="37">c</charParams>
<charParams l="512" t="1355" r="528" b="1395" charConfidence="59">h</charParams>
<charParams l="533" t="1364" r="548" b="1386" suspicious="1" charConfidence="24">n</charParams>
<charParams l="553" t="1357" r="560" b="1386" charConfidence="45">l</charParams>
<charParams l="563" t="1356" r="570" b="1386" charConfidence="72">i</charParams>
<charParams l="573" t="1355" r="599" b="1391" charConfidence="55">c</charParams>
<charParams l="573" t="1355" r="599" b="1391" charConfidence="55">h</charParams>
<charParams l="600" t="1355" r="621" b="1393"> </charParams>
<charParams l="622" t="1364" r="638" b="1393" charConfidence="56">g</charParams>
<charParams l="643" t="1364" r="653" b="1386" charConfidence="100">e</charParams>
<charParams l="656" t="1363" r="680" b="1386" charConfidence="32">w</charParams>
<charParams l="684" t="1354" r="700" b="1385" charConfidence="22">ü</charParams>
<charParams l="705" t="1363" r="720" b="1385" charConfidence="36">n</charParams>
<charParams l="725" t="1355" r="735" b="1391" charConfidence="74">s</charParams>
<charParams l="735" t="1355" r="759" b="1392" charConfidence="57">c</charParams>
<charParams l="735" t="1355" r="759" b="1392" charConfidence="57">h</charParams>
<charParams l="765" t="1361" r="775" b="1386" charConfidence="27">t</charParams>
<charParams l="777" t="1364" r="789" b="1386" charConfidence="29">e</charParams>
<charParams l="796" t="1379" r="805" b="1393" charConfidence="85">,</charParams>
<charParams l="806" t="1365" r="844" b="1393"> </charParams>
<charParams l="845" t="1365" r="857" b="1388" charConfidence="55">e</charParams>
<charParams l="861" t="1366" r="876" b="1388" charConfidence="23">n</charParams>
<charParams l="881" t="1361" r="895" b="1389" charConfidence="27">d</charParams>
<charParams l="899" t="1362" r="905" b="1389" charConfidence="26">l</charParams>
<charParams l="910" t="1360" r="917" b="1389" charConfidence="62">i</charParams>
<charParams l="920" t="1368" r="930" b="1389" charConfidence="38">c</charParams>
<charParams l="931" t="1360" r="946" b="1395" charConfidence="96">h</charParams></formatting></line>
<line baseline="1447" l="190" t="1415" r="946" b="1456"><formatting lang="OldGerman">
<charParams l="190" t="1418" r="203" b="1454" charConfidence="83">s</charParams>
<charParams l="201" t="1426" r="216" b="1454" charConfidence="31">p</charParams>
<charParams l="220" t="1419" r="234" b="1447" charConfidence="22">ä</charParams>
<charParams l="239" t="1424" r="249" b="1448" charConfidence="30">t</charParams>
<charParams l="250" t="1424" r="265" b="1448"> </charParams>
<charParams l="266" t="1427" r="277" b="1448" charConfidence="100">e</charParams>
<charParams l="281" t="1427" r="293" b="1448" charConfidence="100">r</charParams>
<charParams l="296" t="1420" r="303" b="1448" charConfidence="49">l</charParams>
<charParams l="306" t="1428" r="320" b="1448" charConfidence="24">a</charParams>
<charParams l="325" t="1427" r="341" b="1448" charConfidence="49">n</charParams>
<charParams l="344" t="1427" r="359" b="1456" charConfidence="29">g</charParams>
<charParams l="364" t="1424" r="373" b="1448" charConfidence="35">t</charParams>
<charParams l="376" t="1427" r="388" b="1448" charConfidence="100">e</charParams>
<charParams l="389" t="1416" r="402" b="1448"> </charParams>
<charParams l="403" t="1416" r="434" b="1448" charConfidence="28">G</charParams>
<charParams l="438" t="1419" r="444" b="1447" charConfidence="29">l</charParams>
<charParams l="449" t="1415" r="464" b="1446" charConfidence="22">ü</charParams>
<charParams l="468" t="1425" r="478" b="1446" charConfidence="27">c</charParams>
<charParams l="478" t="1417" r="492" b="1446" charConfidence="100">k</charParams>
<charParams l="493" t="1417" r="507" b="1446"> </charParams>
<charParams l="508" t="1424" r="525" b="1445" charConfidence="86">u</charParams>
<charParams l="528" t="1424" r="544" b="1445" charConfidence="58">n</charParams>
<charParams l="547" t="1424" r="562" b="1454" charConfidence="25">g</charParams>
<charParams l="566" t="1424" r="578" b="1445" charConfidence="37">e</charParams>
<charParams l="582" t="1416" r="600" b="1453" charConfidence="66">s</charParams>
<charParams l="582" t="1416" r="600" b="1453" charConfidence="66">t</charParams>
<charParams l="603" t="1415" r="617" b="1445" charConfidence="25">ö</charParams>
<charParams l="621" t="1424" r="633" b="1446" charConfidence="100">r</charParams>
<charParams l="636" t="1422" r="646" b="1446" charConfidence="28">t</charParams>
<charParams l="647" t="1422" r="659" b="1453"> </charParams>
<charParams l="660" t="1424" r="676" b="1453" charConfidence="26">g</charParams>
<charParams l="681" t="1424" r="691" b="1445" charConfidence="100">e</charParams>
<charParams l="695" t="1423" r="711" b="1445" charConfidence="91">n</charParams>
<charParams l="715" t="1416" r="722" b="1445" charConfidence="56">i</charParams>
<charParams l="726" t="1423" r="737" b="1445" charConfidence="30">e</charParams>
<charParams l="741" t="1415" r="755" b="1451" charConfidence="24">ß</charParams>
<charParams l="759" t="1424" r="770" b="1445" charConfidence="27">e</charParams>
<charParams l="774" t="1424" r="790" b="1446" suspicious="1" charConfidence="-1">»</charParams>
<charParams l="791" t="1424" r="813" b="1446"> </charParams>
<charParams l="814" t="1424" r="840" b="1446" charConfidence="33">m</charParams>
<charParams l="846" t="1418" r="859" b="1447" charConfidence="25">ö</charParams>
<charParams l="862" t="1427" r="873" b="1447" charConfidence="28">c</charParams>
<charParams l="873" t="1420" r="881" b="1447" charConfidence="46">l</charParams>
<charParams l="881" t="1429" r="887" b="1447" suspicious="1" charConfidence="22">i</charParams>
<charParams l="892" t="1424" r="901" b="1447" charConfidence="31">t</charParams>
<charParams l="904" t="1427" r="915" b="1448" charConfidence="30">e</charParams>
<charParams l="919" t="1426" r="935" b="1448" charConfidence="-1">»</charParams>
<charParams l="939" t="1440" r="946" b="1447" charConfidence="100">.</charParams></formatting></line>
<line baseline="1507" l="190" t="1475" r="947" b="1519"><formatting lang="OldGerman">
<charParams l="190" t="1476" r="223" b="1507" charConfidence="36">S</charParams>
<charParams l="227" t="1486" r="241" b="1507" charConfidence="70">o</charParams>
<charParams l="242" t="1478" r="265" b="1519"> </charParams>
<charParams l="266" t="1478" r="282" b="1519" suspicious="1" charConfidence="60">h</charParams>
<charParams l="287" t="1487" r="300" b="1507" charConfidence="100">a</charParams>
<charParams l="306" t="1479" r="319" b="1508" charConfidence="33">b</charParams>
<charParams l="324" t="1487" r="335" b="1509" charConfidence="24">e</charParams>
<charParams l="339" t="1486" r="355" b="1508" charConfidence="25">n</charParams>
<charParams l="356" t="1485" r="384" b="1508"> </charParams>
<charParams l="385" t="1485" r="410" b="1508" charConfidence="30">w</charParams>
<charParams l="414" t="1479" r="422" b="1508" charConfidence="28">i</charParams>
<charParams l="425" t="1485" r="438" b="1508" charConfidence="25">r</charParams>
<charParams l="439" t="1484" r="470" b="1508"> </charParams>
<charParams l="471" t="1484" r="487" b="1507" charConfidence="28">u</charParams>
<charParams l="492" t="1484" r="507" b="1507" charConfidence="24">n</charParams>
<charParams l="512" t="1476" r="524" b="1513" charConfidence="55">s</charParams>
<charParams l="522" t="1484" r="533" b="1506" charConfidence="25">e</charParams>
<charParams l="536" t="1483" r="548" b="1507" charConfidence="99">r</charParams>
<charParams l="551" t="1484" r="568" b="1506" charConfidence="25">n</charParams>
<charParams l="569" t="1478" r="598" b="1506"> </charParams>
<charParams l="599" t="1478" r="606" b="1506" charConfidence="33">l</charParams>
<charParams l="609" t="1476" r="623" b="1506" charConfidence="52">ä</charParams>
<charParams l="627" t="1484" r="643" b="1507" charConfidence="28">n</charParams>
<charParams l="647" t="1479" r="661" b="1506" charConfidence="27">d</charParams>
<charParams l="665" t="1477" r="673" b="1507" charConfidence="95">l</charParams>
<charParams l="676" t="1477" r="683" b="1506" charConfidence="32">i</charParams>
<charParams l="686" t="1476" r="711" b="1514" charConfidence="55">c</charParams>
<charParams l="686" t="1476" r="711" b="1514" charConfidence="55">h</charParams>
<charParams l="716" t="1484" r="727" b="1506" charConfidence="25">e</charParams>
<charParams l="730" t="1484" r="747" b="1507" charConfidence="25">n</charParams>
<charParams l="748" t="1475" r="778" b="1508"> </charParams>
<charParams l="779" t="1475" r="805" b="1508" charConfidence="25">A</charParams>
<charParams l="808" t="1486" r="822" b="1508" charConfidence="22">u</charParams>
<charParams l="827" t="1477" r="841" b="1514" charConfidence="66">f</charParams>
<charParams l="840" t="1486" r="851" b="1507" charConfidence="100">e</charParams>
<charParams l="854" t="1485" r="870" b="1509" charConfidence="25">n</charParams>
<charParams l="875" t="1485" r="884" b="1508" charConfidence="100">t</charParams>
<charParams l="887" t="1477" r="902" b="1515" charConfidence="54">h</charParams>
<charParams l="907" t="1485" r="921" b="1506" charConfidence="100">a</charParams>
<charParams l="926" t="1477" r="934" b="1507" charConfidence="100">l</charParams>
<charParams l="938" t="1482" r="947" b="1506" charConfidence="57">t</charParams></formatting></line></par>
</text>
</block>
</page>
</document>