﻿<?xml version="1.0" encoding="UTF-8" standalone="yes"?>
<document xmlns="http://www.abbyy.com/FineReader_xml/FineReader10-schema-v1.xml" version="1.0" producer="ABBYY FineReader Engine 11" languages="" xmlns:xsi="http://www.w3.org/2001/XMLSchema-instance" xsi:schemaLocation="http://www.abbyy.com/FineReader_xml/FineReader10-schema-v1.xml http://www.abbyy.com/FineReader_xml/FineReader10-schema-v1.xml">
<page width="1156" height="1782" resolution="300" originalCoords="1">
<block blockType="Text" blockName="">
<text>
<par startIndent="144">
<line baseline="86" l="576" t="59" r="617" b="87"><formatting lang="OldGerman">
<charParams l="576" t="62" r="591" b="87" suspicious="1" charConfidence="22">1</charParams>
<charParams l="596" t="59" r="617" b="86" charConfidence="35">6</charParams></formatting></line></par>
</text>
</block>
<block blockType="Text" blockName="">
<text>
<par align="Justified" startIndent="668" lineSpacing="1416">
<line baseline="176" l="214" t="141" r="976" b="189"><formatting lang="OldGerman">
<charParams l="214" t="145" r="249" b="179" charConfidence="35">N</charParams>
<charParams l="253" t="154" r="269" b="178" charConfidence="35">u</charParams>
<charParams l="272" t="154" r="286" b="177" charConfidence="31">r</charParams>
<charParams l="287" t="148" r="307" b="177"> </charParams>
<charParams l="308" t="148" r="324" b="177" charConfidence="52">d</charParams>
<charParams l="327" t="154" r="342" b="176" charConfidence="34">a</charParams>
<charParams l="345" t="147" r="362" b="183" charConfidence="29">ß</charParams>
<charParams l="363" t="147" r="383" b="183"> </charParams>
<charParams l="384" t="152" r="409" b="175" charConfidence="26">w</charParams>
<charParams l="414" t="146" r="421" b="175" charConfidence="28">i</charParams>
<charParams l="424" t="153" r="437" b="176" charConfidence="34">r</charParams>
<charParams l="438" t="152" r="458" b="176"> </charParams>
<charParams l="459" t="152" r="476" b="175" charConfidence="81">n</charParams>
<charParams l="480" t="145" r="487" b="175" charConfidence="36">i</charParams>
<charParams l="490" t="144" r="516" b="181" charConfidence="60">c</charParams>
<charParams l="490" t="144" r="516" b="181" charConfidence="60">h</charParams>
<charParams l="519" t="148" r="529" b="174" charConfidence="64">t</charParams>
<charParams l="532" t="146" r="547" b="174" charConfidence="100">s</charParams>
<charParams l="548" t="141" r="568" b="180"> </charParams>
<charParams l="569" t="141" r="586" b="180" suspicious="1" charConfidence="88">h</charParams>
<charParams l="590" t="143" r="598" b="173" charConfidence="54">i</charParams>
<charParams l="601" t="150" r="618" b="172" charConfidence="56">n</charParams>
<charParams l="621" t="142" r="636" b="171" charConfidence="62">d</charParams>
<charParams l="640" t="149" r="651" b="171" charConfidence="31">e</charParams>
<charParams l="655" t="148" r="667" b="171" charConfidence="25">r</charParams>
<charParams l="670" t="149" r="687" b="172" charConfidence="25">n</charParams>
<charParams l="690" t="143" r="705" b="173" charConfidence="27">d</charParams>
<charParams l="709" t="151" r="720" b="173" charConfidence="50">e</charParams>
<charParams l="723" t="147" r="738" b="175" charConfidence="100">s</charParams>
<charParams l="739" t="167" r="749" b="181" charConfidence="100">,</charParams>
<charParams l="750" t="146" r="771" b="182"> </charParams>
<charParams l="772" t="146" r="788" b="182" charConfidence="39">f</charParams>
<charParams l="787" t="155" r="799" b="177" charConfidence="26">r</charParams>
<charParams l="801" t="156" r="813" b="178" charConfidence="50">e</charParams>
<charParams l="816" t="155" r="843" b="178" charConfidence="31">m</charParams>
<charParams l="845" t="149" r="861" b="178" charConfidence="28">d</charParams>
<charParams l="864" t="157" r="876" b="179" charConfidence="26">e</charParams>
<charParams l="879" t="152" r="894" b="178" charConfidence="100">s</charParams>
<charParams l="895" t="149" r="917" b="189"> </charParams>
<charParams l="918" t="149" r="935" b="189" suspicious="1" charConfidence="29">h</charParams>
<charParams l="938" t="158" r="950" b="179" charConfidence="29">e</charParams>
<charParams l="953" t="159" r="965" b="180" charConfidence="69">r</charParams>
<charParams l="968" t="162" r="976" b="176" charConfidence="100">¬</charParams></formatting></line>
<line baseline="235" l="213" t="201" r="975" b="246"><formatting lang="OldGerman">
<charParams l="213" t="215" r="226" b="237" charConfidence="100">e</charParams>
<charParams l="229" t="208" r="237" b="238" charConfidence="71">i</charParams>
<charParams l="240" t="216" r="257" b="239" charConfidence="26">n</charParams>
<charParams l="258" t="207" r="289" b="239"> </charParams>
<charParams l="290" t="207" r="306" b="239" charConfidence="34">b</charParams>
<charParams l="309" t="215" r="322" b="238" charConfidence="31">r</charParams>
<charParams l="325" t="208" r="332" b="238" charConfidence="100">i</charParams>
<charParams l="335" t="215" r="351" b="237" charConfidence="26">n</charParams>
<charParams l="354" t="215" r="370" b="244" charConfidence="27">g</charParams>
<charParams l="374" t="215" r="386" b="237" charConfidence="45">e</charParams>
<charParams l="389" t="215" r="405" b="237" suspicious="1" charConfidence="-1">»</charParams>
<charParams l="408" t="228" r="416" b="237" charConfidence="100">.</charParams>
<charParams l="417" t="203" r="461" b="237"> </charParams>
<charParams l="462" t="203" r="493" b="236" charConfidence="31">B</charParams>
<charParams l="498" t="214" r="510" b="235" charConfidence="93">e</charParams>
<charParams l="513" t="207" r="527" b="234" charConfidence="31">d</charParams>
<charParams l="531" t="212" r="542" b="234" charConfidence="28">e</charParams>
<charParams l="545" t="210" r="561" b="233" charConfidence="89">n</charParams>
<charParams l="565" t="201" r="577" b="232" charConfidence="28">k</charParams>
<charParams l="579" t="210" r="592" b="232" charConfidence="36">e</charParams>
<charParams l="599" t="224" r="608" b="238" charConfidence="93">,</charParams>
<charParams l="609" t="203" r="640" b="238"> </charParams>
<charParams l="641" t="203" r="656" b="231" charConfidence="28">d</charParams>
<charParams l="660" t="209" r="678" b="231" charConfidence="28">a</charParams>
<charParams l="678" t="202" r="695" b="237" charConfidence="29">ß</charParams>
<charParams l="696" t="202" r="724" b="237"> </charParams>
<charParams l="725" t="213" r="742" b="235" suspicious="1" charConfidence="29">u</charParams>
<charParams l="746" t="213" r="762" b="236" suspicious="1" charConfidence="26">n</charParams>
<charParams l="766" t="206" r="778" b="243" suspicious="1" charConfidence="47">s</charParams>
<charParams l="777" t="215" r="790" b="238" suspicious="1" charConfidence="26">r</charParams>
<charParams l="792" t="216" r="805" b="238" suspicious="1" charConfidence="24">e</charParams>
<charParams l="806" t="208" r="837" b="240"> </charParams>
<charParams l="838" t="208" r="867" b="240" charConfidence="51">V</charParams>
<charParams l="871" t="217" r="884" b="240" charConfidence="48">o</charParams>
<charParams l="888" t="217" r="900" b="240" charConfidence="27">r</charParams>
<charParams l="903" t="208" r="915" b="246" charConfidence="86">s</charParams>
<charParams l="914" t="208" r="928" b="239" charConfidence="29">ä</charParams>
<charParams l="932" t="212" r="949" b="246" suspicious="1" charConfidence="27">h</charParams>
<charParams l="952" t="217" r="965" b="239" charConfidence="25">e</charParams>
<charParams l="965" t="231" r="975" b="246" charConfidence="100">,</charParams></formatting></line>
<line baseline="295" l="211" t="260" r="975" b="307"><formatting lang="OldGerman">
<charParams l="211" t="274" r="227" b="297" charConfidence="24">a</charParams>
<charParams l="231" t="275" r="247" b="298" charConfidence="48">u</charParams>
<charParams l="251" t="268" r="278" b="304" charConfidence="62">c</charParams>
<charParams l="251" t="268" r="278" b="304" charConfidence="62">h</charParams>
<charParams l="279" t="268" r="308" b="304"> </charParams>
<charParams l="309" t="274" r="335" b="297" charConfidence="27">w</charParams>
<charParams l="338" t="275" r="353" b="297" charConfidence="100">a</charParams>
<charParams l="358" t="269" r="373" b="297" suspicious="1" charConfidence="100">s</charParams>
<charParams l="374" t="267" r="403" b="297"> </charParams>
<charParams l="404" t="267" r="419" b="294" charConfidence="27">d</charParams>
<charParams l="423" t="265" r="430" b="294" charConfidence="-1">i</charParams>
<charParams l="434" t="272" r="446" b="295" charConfidence="67">e</charParams>
<charParams l="447" t="264" r="469" b="296"> </charParams>
<charParams l="470" t="264" r="494" b="296" charConfidence="37">U</charParams>
<charParams l="498" t="272" r="513" b="294" charConfidence="33">n</charParams>
<charParams l="518" t="268" r="528" b="294" charConfidence="47">t</charParams>
<charParams l="530" t="271" r="542" b="293" charConfidence="25">e</charParams>
<charParams l="545" t="270" r="557" b="292" charConfidence="34">r</charParams>
<charParams l="560" t="260" r="576" b="300" charConfidence="77">h</charParams>
<charParams l="580" t="270" r="594" b="291" charConfidence="27">a</charParams>
<charParams l="599" t="263" r="606" b="292" charConfidence="35">l</charParams>
<charParams l="609" t="267" r="619" b="292" charConfidence="37">t</charParams>
<charParams l="621" t="269" r="638" b="291" charConfidence="100">u</charParams>
<charParams l="641" t="269" r="657" b="291" charConfidence="40">n</charParams>
<charParams l="659" t="268" r="676" b="298" charConfidence="26">g</charParams>
<charParams l="677" t="261" r="700" b="298"> </charParams>
<charParams l="701" t="261" r="716" b="291" charConfidence="50">b</charParams>
<charParams l="720" t="270" r="732" b="291" charConfidence="30">e</charParams>
<charParams l="735" t="267" r="744" b="293" charConfidence="39">t</charParams>
<charParams l="747" t="271" r="759" b="294" charConfidence="72">r</charParams>
<charParams l="762" t="266" r="770" b="294" charConfidence="75">i</charParams>
<charParams l="773" t="266" r="795" b="304" charConfidence="90">f</charParams>
<charParams l="773" t="266" r="795" b="304" charConfidence="90">f</charParams>
<charParams l="795" t="272" r="805" b="297" charConfidence="27">t</charParams>
<charParams l="812" t="290" r="822" b="304" charConfidence="100">,</charParams>
<charParams l="823" t="269" r="855" b="307"> </charParams>
<charParams l="856" t="269" r="875" b="307" charConfidence="82">s</charParams>
<charParams l="856" t="269" r="875" b="307" charConfidence="82">i</charParams>
<charParams l="876" t="269" r="902" b="307" charConfidence="57">c</charParams>
<charParams l="876" t="269" r="902" b="307" charConfidence="57">h</charParams>
<charParams l="903" t="269" r="931" b="307"> </charParams>
<charParams l="932" t="277" r="948" b="307" charConfidence="64">g</charParams>
<charParams l="952" t="277" r="963" b="300" charConfidence="46">e</charParams>
<charParams l="966" t="281" r="975" b="295" charConfidence="100">¬</charParams></formatting></line>
<line baseline="356" l="209" t="320" r="975" b="366"><formatting lang="OldGerman">
<charParams l="209" t="333" r="235" b="357" charConfidence="23">w</charParams>
<charParams l="239" t="329" r="247" b="358" charConfidence="28">i</charParams>
<charParams l="250" t="327" r="273" b="362" charConfidence="94">s</charParams>
<charParams l="250" t="327" r="273" b="362" charConfidence="94">s</charParams>
<charParams l="272" t="335" r="284" b="357" charConfidence="34">e</charParams>
<charParams l="287" t="334" r="299" b="356" charConfidence="25">r</charParams>
<charParams l="302" t="333" r="328" b="356" charConfidence="34">m</charParams>
<charParams l="333" t="334" r="347" b="356" charConfidence="100">a</charParams>
<charParams l="351" t="326" r="367" b="363" charConfidence="29">ß</charParams>
<charParams l="369" t="334" r="382" b="356" charConfidence="36">e</charParams>
<charParams l="385" t="333" r="402" b="355" charConfidence="23">n</charParams>
<charParams l="403" t="333" r="426" b="355"> </charParams>
<charParams l="427" t="333" r="443" b="355" charConfidence="36">n</charParams>
<charParams l="447" t="333" r="463" b="355" charConfidence="27">u</charParams>
<charParams l="467" t="333" r="480" b="355" charConfidence="25">r</charParams>
<charParams l="481" t="332" r="501" b="355"> </charParams>
<charParams l="502" t="332" r="518" b="354" charConfidence="36">a</charParams>
<charParams l="521" t="330" r="537" b="353" charConfidence="66">u</charParams>
<charParams l="541" t="321" r="555" b="359" charConfidence="100">f</charParams>
<charParams l="556" t="321" r="581" b="359"> </charParams>
<charParams l="582" t="330" r="598" b="353" charConfidence="28">u</charParams>
<charParams l="602" t="329" r="619" b="352" charConfidence="34">n</charParams>
<charParams l="622" t="321" r="634" b="359" charConfidence="100">s</charParams>
<charParams l="633" t="329" r="644" b="351" charConfidence="24">e</charParams>
<charParams l="647" t="328" r="661" b="351" charConfidence="100">r</charParams>
<charParams l="662" t="320" r="690" b="351"> </charParams>
<charParams l="691" t="320" r="706" b="351" charConfidence="36">b</charParams>
<charParams l="710" t="329" r="721" b="351" charConfidence="29">e</charParams>
<charParams l="724" t="329" r="739" b="360" charConfidence="25">y</charParams>
<charParams l="743" t="324" r="758" b="352" charConfidence="27">d</charParams>
<charParams l="761" t="332" r="773" b="353" charConfidence="30">e</charParams>
<charParams l="776" t="332" r="788" b="355" charConfidence="27">r</charParams>
<charParams l="791" t="326" r="804" b="362" charConfidence="67">s</charParams>
<charParams l="802" t="334" r="813" b="356" charConfidence="26">e</charParams>
<charParams l="816" t="328" r="824" b="357" charConfidence="39">i</charParams>
<charParams l="827" t="333" r="837" b="357" charConfidence="55">t</charParams>
<charParams l="840" t="329" r="847" b="357" suspicious="1" charConfidence="24">l</charParams>
<charParams l="849" t="337" r="866" b="365" charConfidence="59">g</charParams>
<charParams l="869" t="338" r="881" b="359" charConfidence="39">e</charParams>
<charParams l="884" t="333" r="899" b="360" charConfidence="100">S</charParams>
<charParams l="900" t="329" r="921" b="366"> </charParams>
<charParams l="922" t="329" r="942" b="366" charConfidence="45">Z</charParams>
<charParams l="947" t="339" r="962" b="361" charConfidence="26">u</charParams>
<charParams l="966" t="344" r="975" b="358" charConfidence="100">¬</charParams></formatting></line>
<line baseline="414" l="208" t="380" r="974" b="425"><formatting lang="OldGerman">
<charParams l="208" t="386" r="223" b="425" charConfidence="43">s</charParams>
<charParams l="221" t="395" r="235" b="416" charConfidence="100">a</charParams>
<charParams l="239" t="394" r="265" b="416" charConfidence="67">m</charParams>
<charParams l="269" t="393" r="295" b="416" charConfidence="67">m</charParams>
<charParams l="300" t="394" r="311" b="416" charConfidence="27">e</charParams>
<charParams l="314" t="394" r="330" b="415" charConfidence="25">n</charParams>
<charParams l="335" t="385" r="348" b="421" charConfidence="26">s</charParams>
<charParams l="345" t="393" r="357" b="414" charConfidence="27">e</charParams>
<charParams l="360" t="392" r="375" b="423" suspicious="1" charConfidence="-1">i</charParams>
<charParams l="379" t="391" r="396" b="415" charConfidence="25">n</charParams>
<charParams l="397" t="383" r="427" b="415"> </charParams>
<charParams l="428" t="383" r="444" b="414" charConfidence="29">b</charParams>
<charParams l="447" t="391" r="459" b="413" charConfidence="33">e</charParams>
<charParams l="461" t="391" r="473" b="423" charConfidence="63">z</charParams>
<charParams l="477" t="391" r="491" b="413" charConfidence="63">o</charParams>
<charParams l="492" t="391" r="509" b="421" charConfidence="55">g</charParams>
<charParams l="512" t="390" r="525" b="413" charConfidence="30">e</charParams>
<charParams l="527" t="390" r="544" b="412" charConfidence="30">n</charParams>
<charParams l="546" t="404" r="555" b="412" charConfidence="99">.</charParams>
<charParams l="556" t="380" r="599" b="412"> </charParams>
<charParams l="600" t="380" r="633" b="412" charConfidence="56">D</charParams>
<charParams l="637" t="389" r="653" b="412" charConfidence="27">u</charParams>
<charParams l="654" t="387" r="676" b="412"> </charParams>
<charParams l="677" t="387" r="703" b="412" charConfidence="24">w</charParams>
<charParams l="707" t="388" r="721" b="411" charConfidence="43">o</charParams>
<charParams l="725" t="380" r="733" b="411" charConfidence="48">l</charParams>
<charParams l="734" t="380" r="742" b="411" charConfidence="52">l</charParams>
<charParams l="744" t="385" r="754" b="411" charConfidence="90">t</charParams>
<charParams l="757" t="390" r="769" b="412" charConfidence="27">e</charParams>
<charParams l="771" t="383" r="792" b="419" charConfidence="44">s</charParams>
<charParams l="771" t="383" r="792" b="419" charConfidence="44">t</charParams>
<charParams l="793" t="383" r="812" b="423"> </charParams>
<charParams l="813" t="392" r="825" b="423" charConfidence="27">z</charParams>
<charParams l="828" t="393" r="845" b="416" charConfidence="85">u</charParams>
<charParams l="848" t="395" r="860" b="416" charConfidence="26">e</charParams>
<charParams l="862" t="395" r="875" b="417" charConfidence="100">r</charParams>
<charParams l="878" t="389" r="897" b="425" charConfidence="35">s</charParams>
<charParams l="878" t="389" r="897" b="425" charConfidence="35">t</charParams>
<charParams l="898" t="389" r="930" b="425"> </charParams>
<charParams l="931" t="391" r="946" b="419" charConfidence="34">d</charParams>
<charParams l="950" t="390" r="957" b="420" charConfidence="100">i</charParams>
<charParams l="961" t="399" r="974" b="420" charConfidence="32">e</charParams></formatting></line>
<line baseline="473" l="206" t="439" r="972" b="482"><formatting lang="OldGerman">
<charParams l="206" t="443" r="234" b="477" charConfidence="35">T</charParams>
<charParams l="237" t="453" r="252" b="474" charConfidence="44">a</charParams>
<charParams l="253" t="452" r="271" b="482" charConfidence="26">g</charParams>
<charParams l="274" t="452" r="286" b="474" charConfidence="39">e</charParams>
<charParams l="289" t="443" r="305" b="474" charConfidence="55">b</charParams>
<charParams l="307" t="442" r="324" b="473" charConfidence="66">ü</charParams>
<charParams l="327" t="442" r="353" b="479" charConfidence="100">c</charParams>
<charParams l="327" t="442" r="353" b="479" charConfidence="100">h</charParams>
<charParams l="357" t="451" r="369" b="472" charConfidence="31">e</charParams>
<charParams l="371" t="451" r="385" b="472" charConfidence="51">r</charParams>
<charParams l="386" t="444" r="413" b="472"> </charParams>
<charParams l="414" t="444" r="429" b="472" charConfidence="26">d</charParams>
<charParams l="433" t="450" r="445" b="471" charConfidence="31">e</charParams>
<charParams l="448" t="444" r="455" b="471" charConfidence="-1">i</charParams>
<charParams l="458" t="450" r="475" b="471" charConfidence="55">n</charParams>
<charParams l="478" t="451" r="491" b="471" charConfidence="29">e</charParams>
<charParams l="494" t="450" r="507" b="471" charConfidence="79">r</charParams>
<charParams l="508" t="439" r="529" b="471"> </charParams>
<charParams l="530" t="439" r="561" b="471" charConfidence="27">R</charParams>
<charParams l="564" t="448" r="577" b="470" charConfidence="74">e</charParams>
<charParams l="579" t="442" r="587" b="470" charConfidence="26">i</charParams>
<charParams l="591" t="441" r="604" b="476" charConfidence="34">s</charParams>
<charParams l="601" t="449" r="614" b="471" charConfidence="26">e</charParams>
<charParams l="615" t="448" r="647" b="471"> </charParams>
<charParams l="648" t="448" r="674" b="470" charConfidence="33">m</charParams>
<charParams l="678" t="441" r="685" b="471" charConfidence="-1">i</charParams>
<charParams l="689" t="449" r="702" b="471" charConfidence="35">r</charParams>
<charParams l="703" t="441" r="732" b="471"> </charParams>
<charParams l="733" t="441" r="742" b="471" charConfidence="81">i</charParams>
<charParams l="745" t="449" r="763" b="471" charConfidence="100">n</charParams>
<charParams l="764" t="449" r="794" b="472"> </charParams>
<charParams l="795" t="450" r="809" b="472" charConfidence="52">o</charParams>
<charParams l="813" t="450" r="824" b="472" charConfidence="51">r</charParams>
<charParams l="828" t="444" r="842" b="472" charConfidence="26">d</charParams>
<charParams l="847" t="451" r="858" b="473" charConfidence="32">e</charParams>
<charParams l="861" t="452" r="877" b="473" charConfidence="71">n</charParams>
<charParams l="881" t="450" r="891" b="474" charConfidence="33">t</charParams>
<charParams l="894" t="446" r="902" b="474" charConfidence="37">l</charParams>
<charParams l="904" t="447" r="912" b="474" charConfidence="100">i</charParams>
<charParams l="915" t="447" r="941" b="481" charConfidence="100">c</charParams>
<charParams l="915" t="447" r="941" b="481" charConfidence="100">h</charParams>
<charParams l="944" t="455" r="956" b="476" charConfidence="33">e</charParams>
<charParams l="959" t="455" r="972" b="476" charConfidence="57">r</charParams></formatting></line>
<line baseline="532" l="204" t="498" r="972" b="542"><formatting lang="OldGerman">
<charParams l="204" t="503" r="228" b="540" charConfidence="37">F</charParams>
<charParams l="230" t="511" r="244" b="534" charConfidence="51">o</charParams>
<charParams l="248" t="504" r="256" b="534" charConfidence="38">l</charParams>
<charParams l="257" t="511" r="272" b="540" charConfidence="59">g</charParams>
<charParams l="276" t="511" r="290" b="532" charConfidence="100">e</charParams>
<charParams l="291" t="509" r="319" b="532"> </charParams>
<charParams l="320" t="509" r="348" b="531" charConfidence="31">m</charParams>
<charParams l="351" t="502" r="359" b="531" charConfidence="27">i</charParams>
<charParams l="363" t="507" r="372" b="532" charConfidence="33">t</charParams>
<charParams l="376" t="506" r="385" b="531" charConfidence="31">t</charParams>
<charParams l="389" t="500" r="404" b="540" charConfidence="100">h</charParams>
<charParams l="408" t="509" r="420" b="531" charConfidence="42">e</charParams>
<charParams l="424" t="501" r="430" b="530" charConfidence="100">i</charParams>
<charParams l="434" t="501" r="441" b="531" charConfidence="68">l</charParams>
<charParams l="444" t="509" r="456" b="531" charConfidence="77">e</charParams>
<charParams l="459" t="509" r="476" b="531" charConfidence="69">n</charParams>
<charParams l="485" t="524" r="495" b="538" charConfidence="85">,</charParams>
<charParams l="496" t="500" r="532" b="538"> </charParams>
<charParams l="533" t="500" r="548" b="531" charConfidence="58">b</charParams>
<charParams l="552" t="509" r="563" b="531" charConfidence="100">e</charParams>
<charParams l="566" t="509" r="582" b="540" charConfidence="26">y</charParams>
<charParams l="583" t="502" r="613" b="540"> </charParams>
<charParams l="614" t="502" r="628" b="531" charConfidence="29">d</charParams>
<charParams l="633" t="502" r="640" b="532" charConfidence="55">i</charParams>
<charParams l="644" t="509" r="656" b="532" charConfidence="51">e</charParams>
<charParams l="659" t="501" r="671" b="538" charConfidence="35">s</charParams>
<charParams l="670" t="510" r="681" b="532" charConfidence="32">e</charParams>
<charParams l="684" t="510" r="697" b="532" charConfidence="54">r</charParams>
<charParams l="698" t="498" r="727" b="533"> </charParams>
<charParams l="728" t="498" r="760" b="533" charConfidence="24">G</charParams>
<charParams l="764" t="510" r="776" b="532" charConfidence="53">e</charParams>
<charParams l="779" t="503" r="787" b="533" charConfidence="47">l</charParams>
<charParams l="790" t="510" r="801" b="532" charConfidence="55">e</charParams>
<charParams l="803" t="510" r="818" b="541" charConfidence="26">g</charParams>
<charParams l="823" t="510" r="834" b="533" charConfidence="26">e</charParams>
<charParams l="837" t="510" r="853" b="533" charConfidence="53">n</charParams>
<charParams l="858" t="502" r="873" b="542" charConfidence="99">h</charParams>
<charParams l="878" t="511" r="890" b="534" charConfidence="29">e</charParams>
<charParams l="893" t="503" r="900" b="533" charConfidence="33">i</charParams>
<charParams l="904" t="509" r="914" b="534" charConfidence="48">t</charParams>
<charParams l="915" t="505" r="944" b="541"> </charParams>
<charParams l="945" t="505" r="958" b="541" charConfidence="93">s</charParams>
<charParams l="957" t="513" r="972" b="535" charConfidence="30">o</charParams></formatting></line>
<line baseline="595" l="202" t="561" r="971" b="604"><formatting lang="OldGerman">
<charParams l="202" t="572" r="230" b="595" charConfidence="100">m</charParams>
<charParams l="234" t="573" r="248" b="594" charConfidence="100">a</charParams>
<charParams l="252" t="573" r="269" b="595" charConfidence="84">n</charParams>
<charParams l="272" t="562" r="298" b="601" charConfidence="67">c</charParams>
<charParams l="272" t="562" r="298" b="601" charConfidence="67">h</charParams>
<charParams l="303" t="572" r="314" b="595" charConfidence="25">e</charParams>
<charParams l="317" t="567" r="332" b="594" charConfidence="59">s</charParams>
<charParams l="333" t="565" r="354" b="594"> </charParams>
<charParams l="355" t="565" r="370" b="594" charConfidence="27">d</charParams>
<charParams l="375" t="572" r="389" b="593" charConfidence="54">a</charParams>
<charParams l="394" t="562" r="409" b="603" charConfidence="66">h</charParams>
<charParams l="414" t="563" r="420" b="593" charConfidence="-1">i</charParams>
<charParams l="424" t="571" r="441" b="594" charConfidence="37">n</charParams>
<charParams l="442" t="571" r="464" b="602"> </charParams>
<charParams l="465" t="571" r="480" b="602" charConfidence="33">g</charParams>
<charParams l="485" t="572" r="495" b="594" charConfidence="25">e</charParams>
<charParams l="500" t="561" r="515" b="604" charConfidence="100">h</charParams>
<charParams l="520" t="561" r="533" b="593" charConfidence="25">ö</charParams>
<charParams l="537" t="571" r="549" b="593" charConfidence="100">r</charParams>
<charParams l="553" t="563" r="560" b="593" charConfidence="46">i</charParams>
<charParams l="563" t="571" r="578" b="602" charConfidence="69">g</charParams>
<charParams l="582" t="571" r="594" b="594" charConfidence="42">e</charParams>
<charParams l="595" t="571" r="616" b="595"> </charParams>
<charParams l="617" t="573" r="633" b="595" charConfidence="37">v</charParams>
<charParams l="638" t="572" r="650" b="595" charConfidence="32">o</charParams>
<charParams l="655" t="572" r="672" b="596" charConfidence="30">n</charParams>
<charParams l="673" t="563" r="688" b="604"> </charParams>
<charParams l="689" t="563" r="720" b="604" charConfidence="53">P</charParams>
<charParams l="724" t="573" r="738" b="595" charConfidence="100">a</charParams>
<charParams l="742" t="572" r="758" b="603" charConfidence="100">p</charParams>
<charParams l="762" t="565" r="769" b="595" charConfidence="66">i</charParams>
<charParams l="774" t="572" r="784" b="595" charConfidence="100">e</charParams>
<charParams l="787" t="573" r="799" b="596" charConfidence="66">r</charParams>
<charParams l="804" t="573" r="814" b="596" charConfidence="54">e</charParams>
<charParams l="818" t="573" r="834" b="595" charConfidence="54">n</charParams>
<charParams l="835" t="565" r="853" b="596"> </charParams>
<charParams l="854" t="565" r="860" b="596" charConfidence="35">i</charParams>
<charParams l="865" t="573" r="880" b="596" charConfidence="23">n</charParams>
<charParams l="881" t="563" r="898" b="596"> </charParams>
<charParams l="899" t="563" r="925" b="595" charConfidence="-1">O</charParams>
<charParams l="929" t="573" r="941" b="596" charConfidence="24">r</charParams>
<charParams l="945" t="567" r="959" b="596" charConfidence="39">d</charParams>
<charParams l="962" t="577" r="971" b="592" charConfidence="100">¬</charParams></formatting></line>
<line baseline="657" l="200" t="626" r="970" b="667"><formatting lang="OldGerman">
<charParams l="200" t="635" r="219" b="657" charConfidence="87">n</charParams>
<charParams l="222" t="635" r="240" b="657" charConfidence="29">u</charParams>
<charParams l="243" t="635" r="259" b="657" charConfidence="100">n</charParams>
<charParams l="261" t="635" r="278" b="665" charConfidence="26">g</charParams>
<charParams l="279" t="626" r="302" b="665"> </charParams>
<charParams l="303" t="626" r="318" b="657" charConfidence="55">b</charParams>
<charParams l="322" t="634" r="334" b="656" charConfidence="36">r</charParams>
<charParams l="337" t="627" r="344" b="656" charConfidence="100">i</charParams>
<charParams l="348" t="634" r="364" b="656" charConfidence="91">n</charParams>
<charParams l="366" t="634" r="383" b="664" charConfidence="28">g</charParams>
<charParams l="387" t="633" r="398" b="656" charConfidence="26">e</charParams>
<charParams l="401" t="633" r="418" b="656" charConfidence="54">n</charParams>
<charParams l="427" t="648" r="436" b="661" charConfidence="91">,</charParams>
<charParams l="437" t="634" r="459" b="661"> </charParams>
<charParams l="460" t="634" r="477" b="656" charConfidence="54">u</charParams>
<charParams l="480" t="634" r="496" b="656" charConfidence="32">n</charParams>
<charParams l="501" t="629" r="516" b="656" charConfidence="29">d</charParams>
<charParams l="517" t="629" r="539" b="657"> </charParams>
<charParams l="540" t="634" r="557" b="657" charConfidence="53">u</charParams>
<charParams l="561" t="634" r="578" b="657" charConfidence="72">n</charParams>
<charParams l="582" t="631" r="592" b="657" charConfidence="69">t</charParams>
<charParams l="595" t="634" r="605" b="657" charConfidence="26">e</charParams>
<charParams l="608" t="634" r="621" b="657" charConfidence="48">r</charParams>
<charParams l="622" t="634" r="643" b="657"> </charParams>
<charParams l="644" t="634" r="672" b="657" charConfidence="93">m</charParams>
<charParams l="676" t="635" r="687" b="658" charConfidence="28">e</charParams>
<charParams l="691" t="628" r="698" b="658" charConfidence="100">i</charParams>
<charParams l="701" t="635" r="718" b="658" charConfidence="100">n</charParams>
<charParams l="722" t="636" r="733" b="658" charConfidence="46">e</charParams>
<charParams l="736" t="635" r="749" b="658" charConfidence="55">r</charParams>
<charParams l="750" t="626" r="770" b="659"> </charParams>
<charParams l="771" t="626" r="796" b="659" charConfidence="38">T</charParams>
<charParams l="800" t="626" r="816" b="665" charConfidence="84">h</charParams>
<charParams l="820" t="636" r="832" b="657" charConfidence="64">e</charParams>
<charParams l="835" t="628" r="842" b="657" charConfidence="40">i</charParams>
<charParams l="846" t="629" r="853" b="658" charConfidence="63">l</charParams>
<charParams l="856" t="636" r="872" b="658" charConfidence="53">n</charParams>
<charParams l="877" t="636" r="891" b="657" charConfidence="29">a</charParams>
<charParams l="896" t="627" r="911" b="667" charConfidence="96">h</charParams>
<charParams l="916" t="635" r="942" b="658" charConfidence="43">m</charParams>
<charParams l="946" t="636" r="959" b="657" charConfidence="26">e</charParams>
<charParams l="960" t="649" r="970" b="664" charConfidence="100">,</charParams></formatting></line>
<line baseline="718" l="199" t="685" r="969" b="726"><formatting lang="OldGerman">
<charParams l="199" t="695" r="228" b="719" charConfidence="78">m</charParams>
<charParams l="232" t="688" r="239" b="718" charConfidence="50">i</charParams>
<charParams l="243" t="692" r="253" b="718" charConfidence="66">t</charParams>
<charParams l="254" t="692" r="275" b="718"> </charParams>
<charParams l="276" t="694" r="303" b="717" charConfidence="100">m</charParams>
<charParams l="307" t="694" r="319" b="717" charConfidence="27">e</charParams>
<charParams l="323" t="686" r="329" b="716" charConfidence="54">i</charParams>
<charParams l="332" t="694" r="349" b="716" charConfidence="43">n</charParams>
<charParams l="353" t="694" r="366" b="717" charConfidence="25">e</charParams>
<charParams l="366" t="694" r="381" b="717" charConfidence="99">r</charParams>
<charParams l="382" t="685" r="403" b="717"> </charParams>
<charParams l="404" t="685" r="437" b="717" charConfidence="29">B</charParams>
<charParams l="441" t="694" r="453" b="716" charConfidence="53">e</charParams>
<charParams l="455" t="695" r="471" b="725" charConfidence="29">y</charParams>
<charParams l="474" t="686" r="491" b="726" charConfidence="71">h</charParams>
<charParams l="495" t="686" r="511" b="718" charConfidence="31">ü</charParams>
<charParams l="515" t="687" r="523" b="718" charConfidence="48">l</charParams>
<charParams l="525" t="686" r="540" b="724" charConfidence="100">f</charParams>
<charParams l="538" t="695" r="550" b="718" charConfidence="30">e</charParams>
<charParams l="557" t="708" r="567" b="722" charConfidence="100">,</charParams>
<charParams l="568" t="696" r="595" b="722"> </charParams>
<charParams l="596" t="696" r="611" b="718" charConfidence="26">a</charParams>
<charParams l="615" t="695" r="632" b="718" charConfidence="50">u</charParams>
<charParams l="635" t="690" r="650" b="718" suspicious="1" charConfidence="22">ü</charParams>
<charParams l="651" t="690" r="681" b="718"> </charParams>
<charParams l="682" t="690" r="697" b="718" charConfidence="27">d</charParams>
<charParams l="701" t="688" r="709" b="718" charConfidence="100">i</charParams>
<charParams l="712" t="695" r="724" b="718" charConfidence="28">e</charParams>
<charParams l="727" t="687" r="739" b="725" charConfidence="68">s</charParams>
<charParams l="738" t="696" r="749" b="718" charConfidence="26">e</charParams>
<charParams l="752" t="696" r="770" b="718" charConfidence="100">n</charParams>
<charParams l="771" t="696" r="801" b="718"> </charParams>
<charParams l="802" t="696" r="818" b="718" charConfidence="36">u</charParams>
<charParams l="822" t="695" r="839" b="718" charConfidence="59">n</charParams>
<charParams l="842" t="687" r="855" b="724" charConfidence="100">s</charParams>
<charParams l="853" t="688" r="879" b="723" charConfidence="70">c</charParams>
<charParams l="853" t="688" r="879" b="723" charConfidence="70">h</charParams>
<charParams l="883" t="687" r="897" b="718" charConfidence="58">ä</charParams>
<charParams l="901" t="690" r="918" b="725" charConfidence="26">h</charParams>
<charParams l="922" t="687" r="936" b="718" charConfidence="100">b</charParams>
<charParams l="940" t="695" r="955" b="717" charConfidence="29">a</charParams>
<charParams l="959" t="696" r="969" b="713" charConfidence="22">-</charParams></formatting></line>
<line baseline="777" l="199" t="745" r="967" b="784"><formatting lang="OldGerman">
<charParams l="199" t="756" r="213" b="778" charConfidence="63">r</charParams>
<charParams l="215" t="756" r="227" b="778" charConfidence="26">e</charParams>
<charParams l="230" t="756" r="248" b="778" charConfidence="32">n</charParams>
<charParams l="249" t="755" r="277" b="778"> </charParams>
<charParams l="278" t="755" r="294" b="777" charConfidence="40">a</charParams>
<charParams l="298" t="746" r="313" b="777" charConfidence="75">b</charParams>
<charParams l="317" t="755" r="328" b="777" charConfidence="30">e</charParams>
<charParams l="331" t="755" r="344" b="777" charConfidence="100">r</charParams>
<charParams l="345" t="755" r="373" b="777"> </charParams>
<charParams l="374" t="755" r="390" b="777" charConfidence="28">v</charParams>
<charParams l="394" t="754" r="406" b="777" charConfidence="28">e</charParams>
<charParams l="409" t="754" r="422" b="776" charConfidence="60">r</charParams>
<charParams l="424" t="753" r="449" b="777" charConfidence="26">w</charParams>
<charParams l="452" t="754" r="467" b="776" charConfidence="34">o</charParams>
<charParams l="470" t="754" r="482" b="777" charConfidence="36">r</charParams>
<charParams l="485" t="754" r="498" b="777" charConfidence="44">r</charParams>
<charParams l="500" t="754" r="512" b="777" charConfidence="27">e</charParams>
<charParams l="515" t="754" r="532" b="777" charConfidence="42">n</charParams>
<charParams l="535" t="754" r="547" b="777" charConfidence="38">e</charParams>
<charParams l="550" t="754" r="567" b="777" charConfidence="35">n</charParams>
<charParams l="568" t="745" r="599" b="784"> </charParams>
<charParams l="600" t="745" r="630" b="784" charConfidence="28">H</charParams>
<charParams l="634" t="755" r="645" b="777" charConfidence="39">e</charParams>
<charParams l="648" t="747" r="662" b="783" charConfidence="37">f</charParams>
<charParams l="662" t="752" r="671" b="777" charConfidence="28">t</charParams>
<charParams l="673" t="754" r="684" b="778" charConfidence="24">e</charParams>
<charParams l="688" t="754" r="706" b="777" charConfidence="27">n</charParams>
<charParams l="707" t="754" r="735" b="778"> </charParams>
<charParams l="736" t="755" r="754" b="778" charConfidence="57">u</charParams>
<charParams l="758" t="755" r="775" b="778" charConfidence="27">n</charParams>
<charParams l="778" t="749" r="793" b="777" charConfidence="30">d</charParams>
<charParams l="794" t="746" r="827" b="778"> </charParams>
<charParams l="828" t="746" r="860" b="778" charConfidence="100">B</charParams>
<charParams l="865" t="748" r="873" b="778" charConfidence="41">l</charParams>
<charParams l="875" t="747" r="890" b="777" charConfidence="43">ä</charParams>
<charParams l="894" t="753" r="903" b="778" charConfidence="26">t</charParams>
<charParams l="906" t="753" r="917" b="777" charConfidence="31">t</charParams>
<charParams l="919" t="755" r="930" b="777" charConfidence="100">e</charParams>
<charParams l="934" t="755" r="945" b="776" charConfidence="27">r</charParams>
<charParams l="949" t="754" r="967" b="776" charConfidence="24">n</charParams></formatting></line>
<line baseline="836" l="197" t="804" r="967" b="845"><formatting lang="OldGerman">
<charParams l="197" t="816" r="211" b="837" charConfidence="48">e</charParams>
<charParams l="214" t="807" r="221" b="837" charConfidence="100">i</charParams>
<charParams l="224" t="815" r="242" b="837" charConfidence="33">n</charParams>
<charParams l="243" t="806" r="263" b="843"> </charParams>
<charParams l="264" t="806" r="278" b="843" charConfidence="27">f</charParams>
<charParams l="278" t="806" r="294" b="836" charConfidence="28">ü</charParams>
<charParams l="298" t="815" r="311" b="837" charConfidence="48">r</charParams>
<charParams l="312" t="814" r="333" b="837"> </charParams>
<charParams l="334" t="814" r="351" b="837" charConfidence="37">u</charParams>
<charParams l="354" t="814" r="371" b="836" charConfidence="75">n</charParams>
<charParams l="375" t="809" r="390" b="836" charConfidence="100">s</charParams>
<charParams l="391" t="809" r="413" b="837"> </charParams>
<charParams l="414" t="814" r="431" b="837" charConfidence="56">u</charParams>
<charParams l="434" t="814" r="452" b="837" charConfidence="100">n</charParams>
<charParams l="455" t="807" r="471" b="837" suspicious="1" charConfidence="28">d</charParams>
<charParams l="472" t="807" r="494" b="837"> </charParams>
<charParams l="495" t="814" r="510" b="836" charConfidence="34">a</charParams>
<charParams l="513" t="813" r="531" b="836" charConfidence="100">n</charParams>
<charParams l="534" t="807" r="550" b="836" charConfidence="29">d</charParams>
<charParams l="552" t="813" r="566" b="836" charConfidence="100">r</charParams>
<charParams l="568" t="814" r="581" b="836" charConfidence="41">e</charParams>
<charParams l="582" t="814" r="603" b="837"> </charParams>
<charParams l="604" t="814" r="616" b="837" charConfidence="30">e</charParams>
<charParams l="619" t="814" r="631" b="836" charConfidence="100">r</charParams>
<charParams l="634" t="806" r="648" b="843" charConfidence="62">f</charParams>
<charParams l="647" t="814" r="659" b="836" charConfidence="35">r</charParams>
<charParams l="662" t="815" r="674" b="836" charConfidence="29">e</charParams>
<charParams l="677" t="814" r="693" b="837" charConfidence="41">u</charParams>
<charParams l="697" t="807" r="705" b="837" charConfidence="100">l</charParams>
<charParams l="708" t="807" r="716" b="837" charConfidence="37">i</charParams>
<charParams l="718" t="807" r="744" b="845" charConfidence="74">c</charParams>
<charParams l="718" t="807" r="744" b="845" charConfidence="74">h</charParams>
<charParams l="748" t="815" r="760" b="837" charConfidence="48">e</charParams>
<charParams l="763" t="810" r="778" b="838" charConfidence="100">s</charParams>
<charParams l="779" t="804" r="797" b="838"> </charParams>
<charParams l="798" t="804" r="830" b="838" charConfidence="24">G</charParams>
<charParams l="834" t="815" r="848" b="836" charConfidence="28">a</charParams>
<charParams l="852" t="814" r="869" b="836" charConfidence="62">n</charParams>
<charParams l="872" t="813" r="883" b="845" charConfidence="54">z</charParams>
<charParams l="887" t="815" r="899" b="836" charConfidence="51">e</charParams>
<charParams l="900" t="813" r="921" b="845"> </charParams>
<charParams l="922" t="813" r="934" b="845" charConfidence="54">z</charParams>
<charParams l="937" t="813" r="954" b="836" charConfidence="61">u</charParams>
<charParams l="957" t="817" r="967" b="831" charConfidence="22">¬</charParams></formatting></line>
<line baseline="893" l="194" t="862" r="966" b="901"><formatting lang="OldGerman">
<charParams l="194" t="865" r="209" b="901" charConfidence="100">s</charParams>
<charParams l="207" t="871" r="222" b="893" charConfidence="54">a</charParams>
<charParams l="225" t="871" r="252" b="893" charConfidence="100">m</charParams>
<charParams l="255" t="870" r="282" b="892" charConfidence="65">m</charParams>
<charParams l="286" t="871" r="298" b="892" charConfidence="26">e</charParams>
<charParams l="301" t="871" r="318" b="892" charConfidence="38">n</charParams>
<charParams l="321" t="864" r="341" b="900" charConfidence="72">s</charParams>
<charParams l="321" t="864" r="341" b="900" charConfidence="72">t</charParams>
<charParams l="343" t="871" r="355" b="892" charConfidence="32">e</charParams>
<charParams l="358" t="863" r="367" b="892" charConfidence="83">l</charParams>
<charParams l="367" t="863" r="376" b="892" charConfidence="34">l</charParams>
<charParams l="378" t="871" r="390" b="892" charConfidence="40">e</charParams>
<charParams l="392" t="871" r="410" b="893" charConfidence="35">n</charParams>
<charParams l="412" t="884" r="422" b="892" charConfidence="84">.</charParams>
<charParams l="423" t="862" r="463" b="898"> </charParams>
<charParams l="464" t="862" r="495" b="898" suspicious="1" charConfidence="28">Z</charParams>
<charParams l="495" t="864" r="524" b="899" charConfidence="28">c</charParams>
<charParams l="495" t="864" r="524" b="899" charConfidence="28">h</charParams>
<charParams l="525" t="864" r="545" b="899"> </charParams>
<charParams l="546" t="873" r="563" b="893" charConfidence="34">v</charParams>
<charParams l="566" t="872" r="578" b="894" charConfidence="100">e</charParams>
<charParams l="581" t="871" r="594" b="895" charConfidence="46">r</charParams>
<charParams l="597" t="865" r="610" b="900" charConfidence="26">s</charParams>
<charParams l="607" t="872" r="623" b="899" charConfidence="30">p</charParams>
<charParams l="626" t="872" r="639" b="893" charConfidence="36">r</charParams>
<charParams l="641" t="872" r="658" b="893" charConfidence="49">a</charParams>
<charParams l="660" t="865" r="688" b="897" charConfidence="31">c</charParams>
<charParams l="660" t="865" r="688" b="897" charConfidence="31">h</charParams>
<charParams l="689" t="865" r="711" b="897"> </charParams>
<charParams l="712" t="866" r="727" b="893" charConfidence="28">d</charParams>
<charParams l="731" t="866" r="740" b="894" charConfidence="100">i</charParams>
<charParams l="742" t="872" r="755" b="894" charConfidence="55">r</charParams>
<charParams l="756" t="872" r="776" b="894"> </charParams>
<charParams l="777" t="873" r="794" b="894" charConfidence="62">a</charParams>
<charParams l="797" t="872" r="816" b="893" charConfidence="25">n</charParams>
<charParams l="817" t="867" r="837" b="893"> </charParams>
<charParams l="838" t="867" r="854" b="893" charConfidence="52">d</charParams>
<charParams l="858" t="872" r="869" b="893" charConfidence="25">e</charParams>
<charParams l="873" t="872" r="885" b="894" charConfidence="25">r</charParams>
<charParams l="886" t="863" r="907" b="894"> </charParams>
<charParams l="908" t="863" r="936" b="893" charConfidence="40">A</charParams>
<charParams l="938" t="862" r="953" b="893" charConfidence="28">b</charParams>
<charParams l="956" t="873" r="966" b="889" charConfidence="22">¬</charParams></formatting></line>
<line baseline="949" l="192" t="917" r="963" b="962"><formatting lang="OldGerman">
<charParams l="192" t="923" r="208" b="962" charConfidence="41">s</charParams>
<charParams l="206" t="923" r="231" b="961" charConfidence="67">c</charParams>
<charParams l="206" t="923" r="231" b="961" charConfidence="67">h</charParams>
<charParams l="234" t="930" r="247" b="954" charConfidence="61">r</charParams>
<charParams l="251" t="923" r="257" b="953" charConfidence="37">i</charParams>
<charParams l="261" t="921" r="284" b="958" charConfidence="86">f</charParams>
<charParams l="261" t="921" r="284" b="958" charConfidence="86">t</charParams>
<charParams l="285" t="921" r="305" b="960"> </charParams>
<charParams l="306" t="927" r="317" b="960" charConfidence="28">z</charParams>
<charParams l="321" t="928" r="338" b="950" charConfidence="34">u</charParams>
<charParams l="339" t="917" r="361" b="957"> </charParams>
<charParams l="362" t="917" r="379" b="957" suspicious="1" charConfidence="49">h</charParams>
<charParams l="383" t="926" r="395" b="948" charConfidence="33">e</charParams>
<charParams l="398" t="919" r="406" b="948" charConfidence="73">l</charParams>
<charParams l="408" t="918" r="423" b="954" charConfidence="72">f</charParams>
<charParams l="421" t="927" r="433" b="948" charConfidence="100">e</charParams>
<charParams l="435" t="926" r="453" b="948" charConfidence="67">n</charParams>
<charParams l="463" t="939" r="473" b="954" charConfidence="100">,</charParams>
<charParams l="474" t="926" r="502" b="954"> </charParams>
<charParams l="503" t="926" r="520" b="948" charConfidence="29">u</charParams>
<charParams l="524" t="926" r="541" b="947" charConfidence="26">n</charParams>
<charParams l="544" t="920" r="560" b="947" charConfidence="28">d</charParams>
<charParams l="561" t="920" r="589" b="947"> </charParams>
<charParams l="590" t="925" r="616" b="947" charConfidence="28">w</charParams>
<charParams l="620" t="918" r="628" b="947" charConfidence="71">i</charParams>
<charParams l="630" t="926" r="644" b="947" charConfidence="100">r</charParams>
<charParams l="645" t="920" r="667" b="947"> </charParams>
<charParams l="668" t="920" r="683" b="947" charConfidence="28">d</charParams>
<charParams l="686" t="926" r="702" b="947" charConfidence="32">a</charParams>
<charParams l="702" t="918" r="731" b="954" charConfidence="55">c</charParams>
<charParams l="702" t="918" r="731" b="954" charConfidence="55">h</charParams>
<charParams l="734" t="922" r="745" b="947" charConfidence="46">t</charParams>
<charParams l="747" t="927" r="759" b="947" charConfidence="36">e</charParams>
<charParams l="762" t="926" r="780" b="948" charConfidence="29">n</charParams>
<charParams l="781" t="926" r="802" b="948"> </charParams>
<charParams l="803" t="926" r="816" b="948" charConfidence="30">e</charParams>
<charParams l="819" t="922" r="834" b="949" suspicious="1" charConfidence="100">s</charParams>
<charParams l="835" t="922" r="857" b="950"> </charParams>
<charParams l="858" t="928" r="874" b="950" suspicious="1" charConfidence="-1">»</charParams>
<charParams l="878" t="928" r="894" b="950" suspicious="1" charConfidence="-1">»</charParams>
<charParams l="899" t="923" r="913" b="949" suspicious="1" charConfidence="33">6</charParams>
<charParams l="914" t="920" r="936" b="957"> </charParams>
<charParams l="937" t="920" r="950" b="957" charConfidence="100">s</charParams>
<charParams l="949" t="929" r="963" b="950" charConfidence="39">o</charParams></formatting></line>
<line baseline="1008" l="191" t="974" r="962" b="1021"><formatting lang="OldGerman">
<charParams l="191" t="982" r="207" b="1015" charConfidence="29">b</charParams>
<charParams l="211" t="991" r="223" b="1014" charConfidence="26">e</charParams>
<charParams l="226" t="991" r="239" b="1021" charConfidence="100">q</charParams>
<charParams l="243" t="990" r="260" b="1014" charConfidence="30">u</charParams>
<charParams l="264" t="989" r="275" b="1012" charConfidence="55">e</charParams>
<charParams l="278" t="988" r="306" b="1012" charConfidence="60">m</charParams>
<charParams l="314" t="1001" r="323" b="1016" charConfidence="100">,</charParams>
<charParams l="324" t="978" r="345" b="1016"> </charParams>
<charParams l="346" t="978" r="360" b="1016" charConfidence="100">s</charParams>
<charParams l="359" t="987" r="373" b="1009" charConfidence="44">o</charParams>
<charParams l="374" t="985" r="396" b="1009"> </charParams>
<charParams l="397" t="985" r="412" b="1008" charConfidence="26">a</charParams>
<charParams l="416" t="984" r="429" b="1008" charConfidence="88">r</charParams>
<charParams l="432" t="981" r="442" b="1008" charConfidence="55">t</charParams>
<charParams l="444" t="977" r="451" b="1008" charConfidence="33">i</charParams>
<charParams l="454" t="984" r="470" b="1015" charConfidence="30">g</charParams>
<charParams l="479" t="994" r="491" b="1013" charConfidence="55">,</charParams>
<charParams l="492" t="975" r="511" b="1014"> </charParams>
<charParams l="512" t="975" r="525" b="1014" charConfidence="41">s</charParams>
<charParams l="524" t="984" r="538" b="1006" charConfidence="38">o</charParams>
<charParams l="539" t="983" r="560" b="1014"> </charParams>
<charParams l="561" t="983" r="578" b="1014" charConfidence="26">g</charParams>
<charParams l="581" t="983" r="593" b="1006" charConfidence="100">e</charParams>
<charParams l="596" t="982" r="622" b="1005" charConfidence="67">m</charParams>
<charParams l="626" t="974" r="643" b="1006" charConfidence="22">ü</charParams>
<charParams l="647" t="980" r="657" b="1005" charConfidence="100">t</charParams>
<charParams l="659" t="974" r="676" b="1015" charConfidence="62">h</charParams>
<charParams l="680" t="976" r="688" b="1007" charConfidence="39">l</charParams>
<charParams l="691" t="976" r="698" b="1006" charConfidence="100">i</charParams>
<charParams l="701" t="975" r="728" b="1013" charConfidence="60">c</charParams>
<charParams l="701" t="975" r="728" b="1013" charConfidence="60">h</charParams>
<charParams l="729" t="975" r="751" b="1013"> </charParams>
<charParams l="752" t="985" r="768" b="1008" charConfidence="25">u</charParams>
<charParams l="771" t="986" r="788" b="1008" charConfidence="29">n</charParams>
<charParams l="793" t="980" r="808" b="1008" charConfidence="26">d</charParams>
<charParams l="809" t="978" r="825" b="1018"> </charParams>
<charParams l="826" t="978" r="842" b="1018" suspicious="1" charConfidence="73">h</charParams>
<charParams l="846" t="988" r="858" b="1010" charConfidence="27">e</charParams>
<charParams l="861" t="980" r="868" b="1009" charConfidence="100">i</charParams>
<charParams l="872" t="987" r="897" b="1009" charConfidence="36">m</charParams>
<charParams l="902" t="980" r="910" b="1010" charConfidence="37">l</charParams>
<charParams l="913" t="980" r="920" b="1009" charConfidence="-1">i</charParams>
<charParams l="923" t="979" r="949" b="1016" charConfidence="55">c</charParams>
<charParams l="923" t="979" r="949" b="1016" suspicious="1" charConfidence="55">h</charParams>
<charParams l="952" t="1003" r="962" b="1017" charConfidence="100">,</charParams></formatting></line>
<line baseline="1069" l="190" t="1035" r="961" b="1077"><formatting lang="OldGerman">
<charParams l="190" t="1044" r="205" b="1073" charConfidence="26">d</charParams>
<charParams l="209" t="1043" r="217" b="1072" charConfidence="100">i</charParams>
<charParams l="221" t="1051" r="233" b="1072" charConfidence="38">e</charParams>
<charParams l="234" t="1040" r="256" b="1072"> </charParams>
<charParams l="257" t="1040" r="296" b="1072" charConfidence="34">W</charParams>
<charParams l="299" t="1049" r="311" b="1070" charConfidence="36">e</charParams>
<charParams l="314" t="1041" r="321" b="1070" charConfidence="34">l</charParams>
<charParams l="325" t="1044" r="335" b="1070" charConfidence="69">t</charParams>
<charParams l="347" t="1061" r="356" b="1075" charConfidence="67">,</charParams>
<charParams l="357" t="1040" r="380" b="1075"> </charParams>
<charParams l="381" t="1040" r="396" b="1068" charConfidence="26">d</charParams>
<charParams l="401" t="1039" r="408" b="1068" charConfidence="30">i</charParams>
<charParams l="411" t="1045" r="424" b="1067" charConfidence="26">e</charParams>
<charParams l="425" t="1043" r="445" b="1067"> </charParams>
<charParams l="446" t="1043" r="472" b="1067" charConfidence="26">w</charParams>
<charParams l="476" t="1038" r="483" b="1067" charConfidence="100">i</charParams>
<charParams l="487" t="1044" r="500" b="1066" charConfidence="30">r</charParams>
<charParams l="501" t="1042" r="521" b="1074"> </charParams>
<charParams l="522" t="1042" r="535" b="1074" charConfidence="53">z</charParams>
<charParams l="538" t="1043" r="554" b="1066" charConfidence="30">u</charParams>
<charParams l="558" t="1035" r="571" b="1072" charConfidence="49">s</charParams>
<charParams l="568" t="1043" r="584" b="1064" charConfidence="54">a</charParams>
<charParams l="587" t="1041" r="614" b="1064" charConfidence="55">m</charParams>
<charParams l="618" t="1042" r="645" b="1065" charConfidence="72">m</charParams>
<charParams l="649" t="1043" r="660" b="1065" charConfidence="100">e</charParams>
<charParams l="663" t="1043" r="681" b="1067" charConfidence="32">n</charParams>
<charParams l="682" t="1043" r="704" b="1067"> </charParams>
<charParams l="705" t="1045" r="722" b="1067" charConfidence="43">n</charParams>
<charParams l="726" t="1038" r="734" b="1067" charConfidence="85">i</charParams>
<charParams l="736" t="1038" r="762" b="1074" charConfidence="71">c</charParams>
<charParams l="736" t="1038" r="762" b="1074" charConfidence="71">h</charParams>
<charParams l="766" t="1043" r="777" b="1069" charConfidence="59">t</charParams>
<charParams l="778" t="1038" r="799" b="1075"> </charParams>
<charParams l="800" t="1038" r="813" b="1075" charConfidence="67">s</charParams>
<charParams l="812" t="1047" r="823" b="1069" charConfidence="36">e</charParams>
<charParams l="826" t="1038" r="842" b="1077" charConfidence="100">h</charParams>
<charParams l="847" t="1047" r="858" b="1069" charConfidence="25">e</charParams>
<charParams l="862" t="1047" r="880" b="1069" charConfidence="24">n</charParams>
<charParams l="881" t="1040" r="903" b="1077"> </charParams>
<charParams l="904" t="1040" r="917" b="1077" charConfidence="56">s</charParams>
<charParams l="915" t="1048" r="929" b="1070" charConfidence="43">o</charParams>
<charParams l="932" t="1040" r="950" b="1070" charConfidence="-1">l</charParams>
<charParams l="932" t="1040" r="950" b="1070" charConfidence="-1">l</charParams>
<charParams l="952" t="1051" r="961" b="1066" charConfidence="22">¬</charParams></formatting></line>
<line baseline="1128" l="185" t="1095" r="959" b="1138"><formatting lang="OldGerman">
<charParams l="185" t="1107" r="198" b="1133" charConfidence="57">t</charParams>
<charParams l="200" t="1110" r="211" b="1133" charConfidence="27">e</charParams>
<charParams l="215" t="1110" r="232" b="1133" charConfidence="25">n</charParams>
<charParams l="241" t="1123" r="250" b="1138" charConfidence="100">,</charParams>
<charParams l="251" t="1101" r="282" b="1138"> </charParams>
<charParams l="283" t="1101" r="292" b="1131" charConfidence="44">i</charParams>
<charParams l="295" t="1108" r="313" b="1131" charConfidence="48">n</charParams>
<charParams l="314" t="1101" r="344" b="1131"> </charParams>
<charParams l="345" t="1101" r="360" b="1129" charConfidence="26">d</charParams>
<charParams l="364" t="1106" r="376" b="1128" charConfidence="40">e</charParams>
<charParams l="379" t="1106" r="391" b="1128" charConfidence="100">r</charParams>
<charParams l="392" t="1095" r="414" b="1128"> </charParams>
<charParams l="415" t="1095" r="440" b="1128" charConfidence="27">E</charParams>
<charParams l="443" t="1105" r="456" b="1128" charConfidence="28">r</charParams>
<charParams l="459" t="1097" r="466" b="1127" charConfidence="69">i</charParams>
<charParams l="470" t="1104" r="487" b="1127" charConfidence="30">n</charParams>
<charParams l="490" t="1104" r="507" b="1127" charConfidence="55">n</charParams>
<charParams l="511" t="1104" r="523" b="1127" charConfidence="38">e</charParams>
<charParams l="526" t="1103" r="539" b="1126" charConfidence="32">r</charParams>
<charParams l="542" t="1103" r="558" b="1127" charConfidence="24">u</charParams>
<charParams l="562" t="1103" r="578" b="1126" charConfidence="99">n</charParams>
<charParams l="581" t="1103" r="598" b="1133" charConfidence="27">g</charParams>
<charParams l="599" t="1102" r="628" b="1135"> </charParams>
<charParams l="629" t="1102" r="641" b="1135" charConfidence="54">z</charParams>
<charParams l="645" t="1103" r="661" b="1126" charConfidence="25">u</charParams>
<charParams l="662" t="1098" r="685" b="1126"> </charParams>
<charParams l="686" t="1098" r="702" b="1126" charConfidence="27">d</charParams>
<charParams l="705" t="1105" r="722" b="1127" charConfidence="71">u</charParams>
<charParams l="725" t="1105" r="738" b="1127" charConfidence="69">r</charParams>
<charParams l="741" t="1097" r="767" b="1133" charConfidence="100">c</charParams>
<charParams l="741" t="1097" r="767" b="1133" charConfidence="100">h</charParams>
<charParams l="770" t="1105" r="783" b="1128" charConfidence="54">r</charParams>
<charParams l="785" t="1105" r="798" b="1127" charConfidence="27">e</charParams>
<charParams l="800" t="1098" r="809" b="1128" charConfidence="57">i</charParams>
<charParams l="812" t="1097" r="825" b="1134" charConfidence="39">s</charParams>
<charParams l="823" t="1105" r="835" b="1127" charConfidence="38">e</charParams>
<charParams l="837" t="1105" r="855" b="1127" charConfidence="100">n</charParams>
<charParams l="858" t="1119" r="865" b="1128" charConfidence="100">.</charParams>
<charParams l="866" t="1096" r="909" b="1134"> </charParams>
<charParams l="910" t="1096" r="938" b="1134" suspicious="1" charConfidence="32">Z</charParams>
<charParams l="941" t="1107" r="959" b="1128" suspicious="1" charConfidence="25">a</charParams></formatting></line>
<line baseline="1187" l="185" t="1154" r="956" b="1197"><formatting lang="OldGerman">
<charParams l="185" t="1165" r="200" b="1194" charConfidence="29">d</charParams>
<charParams l="205" t="1171" r="216" b="1193" charConfidence="29">e</charParams>
<charParams l="219" t="1170" r="233" b="1193" charConfidence="25">r</charParams>
<charParams l="234" t="1159" r="254" b="1193"> </charParams>
<charParams l="255" t="1159" r="283" b="1192" charConfidence="28">A</charParams>
<charParams l="285" t="1168" r="301" b="1191" charConfidence="93">n</charParams>
<charParams l="305" t="1158" r="319" b="1197" charConfidence="100">f</charParams>
<charParams l="317" t="1168" r="332" b="1190" charConfidence="100">a</charParams>
<charParams l="336" t="1167" r="352" b="1189" charConfidence="25">n</charParams>
<charParams l="356" t="1167" r="372" b="1197" charConfidence="57">g</charParams>
<charParams l="373" t="1158" r="396" b="1197"> </charParams>
<charParams l="397" t="1158" r="405" b="1188" charConfidence="76">i</charParams>
<charParams l="409" t="1158" r="428" b="1196" charConfidence="66">s</charParams>
<charParams l="409" t="1158" r="428" b="1196" charConfidence="66">t</charParams>
<charParams l="429" t="1157" r="451" b="1196"> </charParams>
<charParams l="452" t="1157" r="465" b="1193" charConfidence="86">s</charParams>
<charParams l="463" t="1157" r="488" b="1194" charConfidence="100">c</charParams>
<charParams l="463" t="1157" r="488" b="1194" charConfidence="100">h</charParams>
<charParams l="493" t="1165" r="507" b="1187" charConfidence="36">o</charParams>
<charParams l="510" t="1165" r="528" b="1187" charConfidence="34">n</charParams>
<charParams l="529" t="1164" r="550" b="1194"> </charParams>
<charParams l="551" t="1164" r="568" b="1194" charConfidence="41">g</charParams>
<charParams l="571" t="1163" r="583" b="1186" charConfidence="26">e</charParams>
<charParams l="586" t="1162" r="612" b="1185" charConfidence="57">m</charParams>
<charParams l="616" t="1162" r="631" b="1185" charConfidence="31">a</charParams>
<charParams l="634" t="1155" r="661" b="1192" charConfidence="55">c</charParams>
<charParams l="634" t="1155" r="661" b="1192" charConfidence="55">h</charParams>
<charParams l="664" t="1160" r="675" b="1185" charConfidence="31">t</charParams>
<charParams l="676" t="1177" r="685" b="1186" charConfidence="65">.</charParams>
<charParams l="686" t="1172" r="703" b="1186"> </charParams>
<charParams l="704" t="1172" r="709" b="1178" suspicious="1" charConfidence="100">-</charParams>
<charParams l="710" t="1154" r="730" b="1185"> </charParams>
<charParams l="731" t="1154" r="765" b="1185" charConfidence="57">D</charParams>
<charParams l="768" t="1163" r="783" b="1185" charConfidence="100">a</charParams>
<charParams l="787" t="1163" r="803" b="1186" charConfidence="50">n</charParams>
<charParams l="806" t="1163" r="824" b="1186" charConfidence="77">n</charParams>
<charParams l="825" t="1155" r="841" b="1193"> </charParams>
<charParams l="842" t="1155" r="860" b="1193" suspicious="1" charConfidence="41">h</charParams>
<charParams l="863" t="1164" r="878" b="1186" charConfidence="54">a</charParams>
<charParams l="883" t="1157" r="903" b="1193" charConfidence="69">s</charParams>
<charParams l="883" t="1157" r="903" b="1193" suspicious="1" charConfidence="69">t</charParams>
<charParams l="904" t="1157" r="919" b="1193"> </charParams>
<charParams l="920" t="1159" r="935" b="1186" charConfidence="28">d</charParams>
<charParams l="939" t="1165" r="956" b="1186" charConfidence="57">u</charParams></formatting></line>
<line baseline="1248" l="183" t="1215" r="955" b="1254"><formatting lang="OldGerman">
<charParams l="183" t="1226" r="199" b="1253" charConfidence="30">d</charParams>
<charParams l="203" t="1224" r="210" b="1254" charConfidence="100">i</charParams>
<charParams l="214" t="1232" r="226" b="1254" charConfidence="43">e</charParams>
<charParams l="227" t="1221" r="249" b="1254"> </charParams>
<charParams l="250" t="1221" r="278" b="1253" charConfidence="29">A</charParams>
<charParams l="280" t="1221" r="295" b="1252" charConfidence="32">b</charParams>
<charParams l="299" t="1230" r="310" b="1252" charConfidence="26">e</charParams>
<charParams l="313" t="1228" r="329" b="1252" charConfidence="75">n</charParams>
<charParams l="333" t="1223" r="348" b="1250" charConfidence="29">d</charParams>
<charParams l="352" t="1228" r="365" b="1250" charConfidence="26">e</charParams>
<charParams l="366" t="1220" r="386" b="1250"> </charParams>
<charParams l="387" t="1220" r="403" b="1248" charConfidence="29">d</charParams>
<charParams l="407" t="1226" r="418" b="1248" charConfidence="55">e</charParams>
<charParams l="422" t="1218" r="429" b="1248" charConfidence="71">i</charParams>
<charParams l="432" t="1225" r="449" b="1248" charConfidence="28">n</charParams>
<charParams l="452" t="1225" r="466" b="1247" charConfidence="33">e</charParams>
<charParams l="467" t="1215" r="487" b="1253"> </charParams>
<charParams l="488" t="1215" r="512" b="1253" charConfidence="33">F</charParams>
<charParams l="514" t="1218" r="521" b="1247" charConfidence="100">l</charParams>
<charParams l="525" t="1216" r="540" b="1247" charConfidence="31">ö</charParams>
<charParams l="543" t="1221" r="553" b="1246" charConfidence="44">t</charParams>
<charParams l="555" t="1224" r="568" b="1246" charConfidence="59">e</charParams>
<charParams l="569" t="1221" r="589" b="1246"> </charParams>
<charParams l="590" t="1221" r="616" b="1246" charConfidence="27">w</charParams>
<charParams l="620" t="1215" r="627" b="1246" charConfidence="100">i</charParams>
<charParams l="630" t="1223" r="642" b="1245" charConfidence="32">e</charParams>
<charParams l="645" t="1216" r="660" b="1245" charConfidence="29">d</charParams>
<charParams l="664" t="1223" r="676" b="1246" charConfidence="28">e</charParams>
<charParams l="679" t="1222" r="692" b="1246" charConfidence="37">r</charParams>
<charParams l="693" t="1222" r="724" b="1246"> </charParams>
<charParams l="725" t="1223" r="742" b="1246" charConfidence="69">v</charParams>
<charParams l="745" t="1223" r="760" b="1246" charConfidence="55">o</charParams>
<charParams l="763" t="1223" r="776" b="1245" charConfidence="100">r</charParams>
<charParams l="777" t="1223" r="793" b="1253" charConfidence="55">g</charParams>
<charParams l="798" t="1224" r="808" b="1246" charConfidence="25">e</charParams>
<charParams l="812" t="1223" r="829" b="1245" charConfidence="48">n</charParams>
<charParams l="833" t="1223" r="847" b="1245" charConfidence="74">o</charParams>
<charParams l="850" t="1222" r="877" b="1245" charConfidence="72">m</charParams>
<charParams l="881" t="1223" r="907" b="1245" charConfidence="100">m</charParams>
<charParams l="912" t="1225" r="923" b="1246" charConfidence="32">e</charParams>
<charParams l="927" t="1224" r="943" b="1247" charConfidence="25">n</charParams>
<charParams l="944" t="1238" r="955" b="1252" charConfidence="100">,</charParams></formatting></line>
<line baseline="1308" l="181" t="1273" r="955" b="1320"><formatting lang="OldGerman">
<charParams l="181" t="1282" r="196" b="1313" charConfidence="28">b</charParams>
<charParams l="201" t="1292" r="213" b="1313" charConfidence="24">e</charParams>
<charParams l="214" t="1292" r="230" b="1320" charConfidence="26">g</charParams>
<charParams l="234" t="1284" r="243" b="1314" charConfidence="63">l</charParams>
<charParams l="245" t="1291" r="257" b="1313" charConfidence="100">e</charParams>
<charParams l="260" t="1283" r="268" b="1313" charConfidence="58">i</charParams>
<charParams l="271" t="1288" r="281" b="1313" charConfidence="99">t</charParams>
<charParams l="284" t="1290" r="295" b="1312" charConfidence="25">e</charParams>
<charParams l="299" t="1283" r="319" b="1320" charConfidence="68">s</charParams>
<charParams l="299" t="1283" r="319" b="1320" charConfidence="68">t</charParams>
<charParams l="320" t="1283" r="340" b="1320"> </charParams>
<charParams l="341" t="1288" r="368" b="1311" charConfidence="60">m</charParams>
<charParams l="371" t="1280" r="379" b="1310" charConfidence="54">i</charParams>
<charParams l="383" t="1279" r="409" b="1316" charConfidence="56">c</charParams>
<charParams l="383" t="1279" r="409" b="1316" charConfidence="56">h</charParams>
<charParams l="410" t="1279" r="431" b="1316"> </charParams>
<charParams l="432" t="1286" r="448" b="1308" charConfidence="100">a</charParams>
<charParams l="451" t="1285" r="479" b="1307" charConfidence="100">m</charParams>
<charParams l="480" t="1276" r="501" b="1309"> </charParams>
<charParams l="502" t="1276" r="527" b="1309" charConfidence="35">C</charParams>
<charParams l="530" t="1278" r="537" b="1307" suspicious="1" charConfidence="39">l</charParams>
<charParams l="540" t="1284" r="554" b="1307" charConfidence="27">a</charParams>
<charParams l="557" t="1284" r="574" b="1307" charConfidence="30">v</charParams>
<charParams l="578" t="1276" r="586" b="1307" charConfidence="100">i</charParams>
<charParams l="589" t="1284" r="600" b="1307" charConfidence="25">e</charParams>
<charParams l="604" t="1284" r="616" b="1307" charConfidence="32">r</charParams>
<charParams l="627" t="1283" r="637" b="1314" charConfidence="83">;</charParams>
<charParams l="638" t="1283" r="669" b="1314"> </charParams>
<charParams l="670" t="1283" r="688" b="1307" charConfidence="27">u</charParams>
<charParams l="691" t="1283" r="707" b="1306" charConfidence="100">n</charParams>
<charParams l="711" t="1276" r="726" b="1305" charConfidence="32">d</charParams>
<charParams l="727" t="1276" r="750" b="1305"> </charParams>
<charParams l="751" t="1283" r="766" b="1305" charConfidence="46">a</charParams>
<charParams l="769" t="1283" r="787" b="1305" charConfidence="100">n</charParams>
<charParams l="788" t="1273" r="809" b="1306"> </charParams>
<charParams l="810" t="1273" r="842" b="1306" charConfidence="29">B</charParams>
<charParams l="847" t="1284" r="858" b="1306" charConfidence="25">e</charParams>
<charParams l="862" t="1276" r="874" b="1314" charConfidence="26">s</charParams>
<charParams l="872" t="1285" r="888" b="1306" charConfidence="36">u</charParams>
<charParams l="892" t="1277" r="917" b="1314" charConfidence="57">c</charParams>
<charParams l="892" t="1277" r="917" b="1314" charConfidence="57">h</charParams>
<charParams l="921" t="1285" r="933" b="1307" charConfidence="100">e</charParams>
<charParams l="936" t="1284" r="955" b="1307" charConfidence="25">n</charParams></formatting></line>
<line baseline="1368" l="180" t="1334" r="953" b="1377"><formatting lang="OldGerman">
<charParams l="180" t="1350" r="197" b="1372" charConfidence="55">a</charParams>
<charParams l="201" t="1350" r="217" b="1373" suspicious="1" charConfidence="25">u</charParams>
<charParams l="221" t="1346" r="236" b="1372" suspicious="1" charConfidence="100">s</charParams>
<charParams l="237" t="1345" r="268" b="1372"> </charParams>
<charParams l="269" t="1345" r="284" b="1372" charConfidence="30">d</charParams>
<charParams l="288" t="1350" r="299" b="1373" charConfidence="55">e</charParams>
<charParams l="303" t="1349" r="315" b="1372" charConfidence="27">r</charParams>
<charParams l="316" t="1340" r="345" b="1372"> </charParams>
<charParams l="346" t="1340" r="380" b="1372" charConfidence="36">N</charParams>
<charParams l="383" t="1349" r="398" b="1371" charConfidence="26">a</charParams>
<charParams l="402" t="1339" r="427" b="1377" charConfidence="72">c</charParams>
<charParams l="402" t="1339" r="427" b="1377" suspicious="1" charConfidence="72">h</charParams>
<charParams l="431" t="1337" r="446" b="1369" charConfidence="29">b</charParams>
<charParams l="450" t="1346" r="464" b="1367" charConfidence="100">a</charParams>
<charParams l="468" t="1346" r="480" b="1368" charConfidence="100">r</charParams>
<charParams l="484" t="1338" r="495" b="1375" charConfidence="100">s</charParams>
<charParams l="495" t="1337" r="520" b="1375" charConfidence="100">c</charParams>
<charParams l="495" t="1337" r="520" b="1375" suspicious="1" charConfidence="100">h</charParams>
<charParams l="524" t="1346" r="538" b="1367" charConfidence="31">a</charParams>
<charParams l="542" t="1337" r="555" b="1373" charConfidence="28">f</charParams>
<charParams l="556" t="1342" r="566" b="1367" charConfidence="30">t</charParams>
<charParams l="567" t="1342" r="596" b="1368"> </charParams>
<charParams l="597" t="1345" r="614" b="1368" charConfidence="24">u</charParams>
<charParams l="618" t="1345" r="635" b="1367" charConfidence="46">n</charParams>
<charParams l="638" t="1338" r="654" b="1367" charConfidence="28">d</charParams>
<charParams l="655" t="1337" r="685" b="1367"> </charParams>
<charParams l="686" t="1337" r="694" b="1367" charConfidence="61">i</charParams>
<charParams l="697" t="1343" r="715" b="1367" charConfidence="48">n</charParams>
<charParams l="716" t="1337" r="738" b="1367"> </charParams>
<charParams l="739" t="1337" r="753" b="1366" charConfidence="30">d</charParams>
<charParams l="759" t="1336" r="767" b="1366" charConfidence="100">i</charParams>
<charParams l="770" t="1345" r="783" b="1366" charConfidence="27">e</charParams>
<charParams l="784" t="1334" r="805" b="1367"> </charParams>
<charParams l="806" t="1334" r="840" b="1367" charConfidence="36">N</charParams>
<charParams l="844" t="1345" r="858" b="1366" charConfidence="100">a</charParams>
<charParams l="862" t="1337" r="887" b="1373" charConfidence="75">c</charParams>
<charParams l="862" t="1337" r="887" b="1373" charConfidence="75">h</charParams>
<charParams l="892" t="1336" r="906" b="1367" charConfidence="35">b</charParams>
<charParams l="911" t="1344" r="925" b="1366" charConfidence="25">a</charParams>
<charParams l="929" t="1345" r="941" b="1367" charConfidence="100">r</charParams>
<charParams l="943" t="1348" r="953" b="1363" charConfidence="100">¬</charParams></formatting></line>
<line baseline="1430" l="180" t="1395" r="951" b="1441"><formatting lang="OldGerman">
<charParams l="180" t="1402" r="194" b="1436" charConfidence="29">s</charParams>
<charParams l="193" t="1403" r="218" b="1439" charConfidence="55">c</charParams>
<charParams l="193" t="1403" r="218" b="1439" charConfidence="55">h</charParams>
<charParams l="222" t="1409" r="237" b="1432" charConfidence="27">a</charParams>
<charParams l="241" t="1402" r="255" b="1439" charConfidence="45">f</charParams>
<charParams l="253" t="1407" r="264" b="1433" charConfidence="36">t</charParams>
<charParams l="265" t="1401" r="285" b="1439"> </charParams>
<charParams l="286" t="1401" r="300" b="1439" charConfidence="37">f</charParams>
<charParams l="300" t="1411" r="311" b="1432" charConfidence="25">e</charParams>
<charParams l="314" t="1401" r="331" b="1441" charConfidence="68">h</charParams>
<charParams l="335" t="1403" r="342" b="1432" charConfidence="33">l</charParams>
<charParams l="345" t="1406" r="356" b="1433" charConfidence="38">t</charParams>
<charParams l="357" t="1406" r="378" b="1433"> </charParams>
<charParams l="379" t="1410" r="391" b="1432" charConfidence="29">e</charParams>
<charParams l="393" t="1405" r="409" b="1432" charConfidence="-1">s</charParams>
<charParams l="410" t="1405" r="431" b="1432"> </charParams>
<charParams l="432" t="1408" r="449" b="1431" suspicious="1" charConfidence="-1">«</charParams>
<charParams l="453" t="1407" r="469" b="1431" charConfidence="26">n</charParams>
<charParams l="472" t="1402" r="488" b="1431" charConfidence="100">S</charParams>
<charParams l="489" t="1402" r="510" b="1431"> </charParams>
<charParams l="511" t="1406" r="529" b="1430" charConfidence="61">n</charParams>
<charParams l="532" t="1398" r="540" b="1429" charConfidence="40">i</charParams>
<charParams l="543" t="1397" r="569" b="1437" charConfidence="72">c</charParams>
<charParams l="543" t="1397" r="569" b="1437" charConfidence="72">h</charParams>
<charParams l="573" t="1402" r="583" b="1430" charConfidence="46">t</charParams>
<charParams l="585" t="1421" r="594" b="1430" charConfidence="62">.</charParams>
<charParams l="595" t="1395" r="635" b="1436"> </charParams>
<charParams l="636" t="1395" r="666" b="1436" suspicious="1" charConfidence="20">Z</charParams>
<charParams l="668" t="1397" r="696" b="1435" charConfidence="68">c</charParams>
<charParams l="668" t="1397" r="696" b="1435" charConfidence="68">h</charParams>
<charParams l="697" t="1397" r="717" b="1435"> </charParams>
<charParams l="718" t="1404" r="744" b="1429" charConfidence="53">w</charParams>
<charParams l="747" t="1405" r="759" b="1428" charConfidence="31">e</charParams>
<charParams l="763" t="1405" r="779" b="1429" charConfidence="24">n</charParams>
<charParams l="783" t="1400" r="790" b="1428" charConfidence="100">i</charParams>
<charParams l="792" t="1406" r="808" b="1436" charConfidence="28">g</charParams>
<charParams l="813" t="1398" r="831" b="1436" charConfidence="22">s</charParams>
<charParams l="813" t="1398" r="831" b="1436" suspicious="1" charConfidence="22">t</charParams>
<charParams l="834" t="1405" r="846" b="1428" charConfidence="100">e</charParams>
<charParams l="848" t="1405" r="865" b="1428" charConfidence="100">n</charParams>
<charParams l="869" t="1400" r="884" b="1428" charConfidence="100">s</charParams>
<charParams l="885" t="1396" r="902" b="1435"> </charParams>
<charParams l="903" t="1396" r="919" b="1435" suspicious="1" charConfidence="49">h</charParams>
<charParams l="924" t="1404" r="938" b="1426" charConfidence="100">a</charParams>
<charParams l="942" t="1408" r="951" b="1423" charConfidence="100">-</charParams></formatting></line></par>
</text>
</block>
</page>
</document>