﻿<?xml version="1.0" encoding="UTF-8" standalone="yes"?>
<document xmlns="http://www.abbyy.com/FineReader_xml/FineReader10-schema-v1.xml" version="1.0" producer="ABBYY FineReader Engine 11" languages="" xmlns:xsi="http://www.w3.org/2001/XMLSchema-instance" xsi:schemaLocation="http://www.abbyy.com/FineReader_xml/FineReader10-schema-v1.xml http://www.abbyy.com/FineReader_xml/FineReader10-schema-v1.xml">
<page width="1156" height="1782" resolution="300" originalCoords="1">
<block blockType="Text" blockName="">
<text>
<par startIndent="144">
<line baseline="86" l="568" t="59" r="607" b="86"><formatting lang="OldGerman">
<charParams l="568" t="59" r="583" b="81" suspicious="1" charConfidence="-1">1</charParams>
<charParams l="588" t="59" r="607" b="86" suspicious="1" charConfidence="45">7</charParams></formatting></line></par>
</text>
</block>
<block blockType="Text" blockName="">
<text>
<par align="Justified" startIndent="325" lineSpacing="1440">
<line baseline="171" l="201" t="136" r="971" b="182"><formatting lang="OldGerman">
<charParams l="201" t="142" r="216" b="174" charConfidence="30">b</charParams>
<charParams l="220" t="150" r="233" b="173" charConfidence="30">e</charParams>
<charParams l="234" t="147" r="255" b="173"> </charParams>
<charParams l="256" t="147" r="283" b="171" charConfidence="51">m</charParams>
<charParams l="288" t="141" r="294" b="170" charConfidence="-1">i</charParams>
<charParams l="298" t="148" r="311" b="172" charConfidence="25">r</charParams>
<charParams l="312" t="148" r="334" b="173"> </charParams>
<charParams l="335" t="149" r="350" b="173" suspicious="1" charConfidence="24">a</charParams>
<charParams l="354" t="148" r="371" b="172" suspicious="1" charConfidence="64">u</charParams>
<charParams l="375" t="143" r="389" b="171" suspicious="1" charConfidence="100">s</charParams>
<charParams l="390" t="143" r="412" b="171"> </charParams>
<charParams l="413" t="146" r="429" b="170" charConfidence="71">a</charParams>
<charParams l="433" t="138" r="441" b="168" charConfidence="34">l</charParams>
<charParams l="443" t="138" r="450" b="169" charConfidence="42">l</charParams>
<charParams l="453" t="145" r="464" b="168" charConfidence="26">e</charParams>
<charParams l="467" t="144" r="494" b="168" charConfidence="77">m</charParams>
<charParams l="495" t="138" r="517" b="168"> </charParams>
<charParams l="518" t="138" r="533" b="166" charConfidence="26">d</charParams>
<charParams l="538" t="136" r="545" b="166" charConfidence="-1">i</charParams>
<charParams l="548" t="144" r="559" b="165" charConfidence="100">e</charParams>
<charParams l="563" t="136" r="576" b="171" charConfidence="38">s</charParams>
<charParams l="574" t="145" r="585" b="166" charConfidence="25">e</charParams>
<charParams l="589" t="144" r="615" b="166" charConfidence="39">m</charParams>
<charParams l="616" t="140" r="639" b="169"> </charParams>
<charParams l="640" t="140" r="656" b="169" charConfidence="34">d</charParams>
<charParams l="660" t="147" r="671" b="169" charConfidence="26">e</charParams>
<charParams l="674" t="148" r="692" b="172" charConfidence="69">n</charParams>
<charParams l="693" t="148" r="715" b="172"> </charParams>
<charParams l="716" t="149" r="728" b="172" charConfidence="31">e</charParams>
<charParams l="732" t="149" r="744" b="171" charConfidence="31">r</charParams>
<charParams l="748" t="142" r="767" b="180" charConfidence="34">s</charParams>
<charParams l="748" t="142" r="767" b="180" charConfidence="34">t</charParams>
<charParams l="769" t="150" r="782" b="172" charConfidence="45">e</charParams>
<charParams l="785" t="149" r="802" b="173" charConfidence="28">n</charParams>
<charParams l="803" t="149" r="825" b="173"> </charParams>
<charParams l="826" t="149" r="851" b="172" charConfidence="35">w</charParams>
<charParams l="855" t="150" r="870" b="172" charConfidence="24">a</charParams>
<charParams l="875" t="141" r="891" b="182" charConfidence="55">h</charParams>
<charParams l="895" t="150" r="907" b="173" charConfidence="24">r</charParams>
<charParams l="911" t="141" r="927" b="182" charConfidence="33">h</charParams>
<charParams l="932" t="151" r="945" b="172" charConfidence="24">a</charParams>
<charParams l="950" t="142" r="971" b="179" charConfidence="48">f</charParams>
<charParams l="950" t="142" r="971" b="179" charConfidence="48">t</charParams></formatting></line>
<line baseline="231" l="198" t="196" r="970" b="239"><formatting lang="OldGerman">
<charParams l="198" t="201" r="214" b="239" charConfidence="50">f</charParams>
<charParams l="213" t="210" r="225" b="232" charConfidence="29">r</charParams>
<charParams l="228" t="201" r="242" b="231" charConfidence="22">ö</charParams>
<charParams l="244" t="200" r="261" b="238" charConfidence="28">h</charParams>
<charParams l="267" t="203" r="274" b="231" charConfidence="36">l</charParams>
<charParams l="278" t="202" r="284" b="231" charConfidence="100">i</charParams>
<charParams l="287" t="202" r="314" b="233" charConfidence="25">c</charParams>
<charParams l="287" t="202" r="314" b="233" charConfidence="25">h</charParams>
<charParams l="318" t="210" r="329" b="232" charConfidence="24">e</charParams>
<charParams l="333" t="209" r="350" b="231" charConfidence="25">n</charParams>
<charParams l="351" t="198" r="373" b="231"> </charParams>
<charParams l="374" t="198" r="409" b="230" charConfidence="30">S</charParams>
<charParams l="413" t="208" r="427" b="231" charConfidence="36">o</charParams>
<charParams l="431" t="207" r="457" b="230" charConfidence="31">m</charParams>
<charParams l="461" t="205" r="487" b="227" charConfidence="100">m</charParams>
<charParams l="491" t="204" r="503" b="227" charConfidence="55">e</charParams>
<charParams l="505" t="204" r="519" b="226" charConfidence="93">r</charParams>
<charParams l="520" t="203" r="540" b="234"> </charParams>
<charParams l="541" t="203" r="552" b="234" charConfidence="29">z</charParams>
<charParams l="557" t="204" r="573" b="225" charConfidence="34">u</charParams>
<charParams l="577" t="196" r="590" b="229" charConfidence="77">s</charParams>
<charParams l="589" t="206" r="602" b="226" charConfidence="24">a</charParams>
<charParams l="606" t="204" r="633" b="227" charConfidence="36">m</charParams>
<charParams l="638" t="205" r="664" b="228" charConfidence="27">m</charParams>
<charParams l="668" t="208" r="680" b="230" charConfidence="27">e</charParams>
<charParams l="683" t="209" r="699" b="230" charConfidence="24">n</charParams>
<charParams l="702" t="209" r="718" b="238" charConfidence="25">g</charParams>
<charParams l="723" t="210" r="734" b="231" charConfidence="26">e</charParams>
<charParams l="737" t="201" r="753" b="231" charConfidence="31">b</charParams>
<charParams l="756" t="210" r="771" b="231" charConfidence="30">a</charParams>
<charParams l="776" t="211" r="792" b="233" charConfidence="37">u</charParams>
<charParams l="795" t="208" r="807" b="233" charConfidence="25">t</charParams>
<charParams l="813" t="224" r="823" b="238" charConfidence="96">,</charParams>
<charParams l="824" t="205" r="857" b="238"> </charParams>
<charParams l="858" t="205" r="872" b="233" charConfidence="26">d</charParams>
<charParams l="877" t="211" r="888" b="234" charConfidence="26">e</charParams>
<charParams l="892" t="211" r="909" b="234" charConfidence="27">n</charParams>
<charParams l="910" t="204" r="932" b="234"> </charParams>
<charParams l="933" t="204" r="941" b="233" charConfidence="100">i</charParams>
<charParams l="945" t="213" r="954" b="232" charConfidence="48">c</charParams>
<charParams l="955" t="204" r="970" b="239" charConfidence="30">h</charParams></formatting></line>
<line baseline="291" l="197" t="257" r="820" b="299"><formatting lang="OldGerman">
<charParams l="197" t="262" r="206" b="293" charConfidence="31">i</charParams>
<charParams l="209" t="270" r="227" b="294" charConfidence="100">n</charParams>
<charParams l="228" t="269" r="250" b="294"> </charParams>
<charParams l="251" t="269" r="278" b="293" charConfidence="55">m</charParams>
<charParams l="282" t="270" r="294" b="293" charConfidence="26">e</charParams>
<charParams l="298" t="263" r="305" b="294" charConfidence="42">i</charParams>
<charParams l="309" t="268" r="325" b="293" charConfidence="24">n</charParams>
<charParams l="329" t="270" r="341" b="293" charConfidence="46">e</charParams>
<charParams l="344" t="268" r="371" b="293" charConfidence="40">m</charParams>
<charParams l="372" t="258" r="394" b="293"> </charParams>
<charParams l="395" t="258" r="412" b="292" charConfidence="37">L</charParams>
<charParams l="414" t="267" r="427" b="289" charConfidence="33">e</charParams>
<charParams l="429" t="257" r="445" b="289" charConfidence="30">b</charParams>
<charParams l="445" t="265" r="460" b="288" charConfidence="94">e</charParams>
<charParams l="462" t="264" r="481" b="288" suspicious="1" charConfidence="57">n</charParams>
<charParams l="482" t="263" r="502" b="296"> </charParams>
<charParams l="503" t="263" r="516" b="296" charConfidence="98">z</charParams>
<charParams l="520" t="263" r="536" b="287" charConfidence="32">u</charParams>
<charParams l="537" t="263" r="559" b="294"> </charParams>
<charParams l="560" t="263" r="577" b="294" charConfidence="30">g</charParams>
<charParams l="581" t="264" r="592" b="286" charConfidence="25">e</charParams>
<charParams l="595" t="265" r="612" b="288" charConfidence="34">n</charParams>
<charParams l="616" t="258" r="624" b="288" charConfidence="26">i</charParams>
<charParams l="627" t="265" r="639" b="288" charConfidence="26">e</charParams>
<charParams l="641" t="257" r="657" b="295" charConfidence="28">ß</charParams>
<charParams l="660" t="266" r="673" b="289" charConfidence="30">e</charParams>
<charParams l="675" t="266" r="693" b="291" charConfidence="25">n</charParams>
<charParams l="694" t="263" r="716" b="291"> </charParams>
<charParams l="717" t="263" r="733" b="291" charConfidence="26">d</charParams>
<charParams l="737" t="270" r="752" b="293" charConfidence="26">a</charParams>
<charParams l="755" t="262" r="782" b="299" charConfidence="28">c</charParams>
<charParams l="755" t="262" r="782" b="299" charConfidence="28">h</charParams>
<charParams l="785" t="267" r="795" b="294" charConfidence="43">t</charParams>
<charParams l="798" t="270" r="811" b="293" charConfidence="25">e</charParams>
<charParams l="813" t="285" r="820" b="294" charConfidence="100">.</charParams></formatting></line></par>
<par align="Justified" startIndent="1908" lineSpacing="1440">
<line baseline="411" l="259" t="378" r="969" b="420"><formatting lang="OldGerman">
<charParams l="259" t="381" r="299" b="414" charConfidence="25">W</charParams>
<charParams l="302" t="391" r="314" b="413" charConfidence="30">e</charParams>
<charParams l="317" t="390" r="333" b="412" charConfidence="40">n</charParams>
<charParams l="337" t="389" r="355" b="411" charConfidence="28">n</charParams>
<charParams l="356" t="386" r="376" b="411"> </charParams>
<charParams l="377" t="386" r="405" b="409" charConfidence="88">m</charParams>
<charParams l="408" t="379" r="417" b="407" charConfidence="100">i</charParams>
<charParams l="419" t="386" r="432" b="408" charConfidence="98">r</charParams>
<charParams l="433" t="385" r="454" b="408"> </charParams>
<charParams l="455" t="385" r="472" b="407" charConfidence="62">n</charParams>
<charParams l="476" t="386" r="493" b="408" charConfidence="68">u</charParams>
<charParams l="496" t="384" r="510" b="408" charConfidence="46">r</charParams>
<charParams l="511" t="384" r="531" b="408"> </charParams>
<charParams l="532" t="385" r="549" b="408" charConfidence="46">n</charParams>
<charParams l="553" t="379" r="561" b="408" charConfidence="100">i</charParams>
<charParams l="564" t="378" r="590" b="414" charConfidence="68">c</charParams>
<charParams l="564" t="378" r="590" b="414" charConfidence="68">h</charParams>
<charParams l="594" t="382" r="605" b="408" charConfidence="59">t</charParams>
<charParams l="612" t="399" r="622" b="415" charConfidence="100">,</charParams>
<charParams l="623" t="387" r="644" b="415"> </charParams>
<charParams l="645" t="387" r="662" b="410" charConfidence="100">v</charParams>
<charParams l="666" t="388" r="679" b="410" charConfidence="39">e</charParams>
<charParams l="681" t="388" r="694" b="411" charConfidence="24">r</charParams>
<charParams l="697" t="381" r="711" b="417" charConfidence="43">s</charParams>
<charParams l="708" t="390" r="719" b="412" charConfidence="100">e</charParams>
<charParams l="723" t="385" r="741" b="420" charConfidence="37">t</charParams>
<charParams l="723" t="385" r="741" b="420" charConfidence="37">z</charParams>
<charParams l="744" t="388" r="754" b="413" charConfidence="38">t</charParams>
<charParams l="757" t="392" r="770" b="413" charConfidence="26">e</charParams>
<charParams l="771" t="382" r="792" b="414"> </charParams>
<charParams l="793" t="382" r="819" b="414" charConfidence="26">E</charParams>
<charParams l="823" t="385" r="837" b="413" charConfidence="36">d</charParams>
<charParams l="841" t="391" r="857" b="414" charConfidence="47">u</charParams>
<charParams l="861" t="391" r="876" b="414" charConfidence="54">a</charParams>
<charParams l="880" t="392" r="893" b="414" charConfidence="24">r</charParams>
<charParams l="895" t="386" r="911" b="414" charConfidence="28">d</charParams>
<charParams l="912" t="385" r="929" b="415"> </charParams>
<charParams l="930" t="385" r="938" b="415" charConfidence="37">i</charParams>
<charParams l="941" t="392" r="958" b="415" charConfidence="53">n</charParams>
<charParams l="961" t="396" r="969" b="410" charConfidence="22">¬</charParams></formatting></line>
<line baseline="470" l="192" t="435" r="968" b="480"><formatting lang="OldGerman">
<charParams l="192" t="445" r="208" b="473" charConfidence="100">d</charParams>
<charParams l="212" t="449" r="223" b="473" charConfidence="25">e</charParams>
<charParams l="226" t="449" r="253" b="471" charConfidence="83">m</charParams>
<charParams l="254" t="449" r="284" b="471"> </charParams>
<charParams l="285" t="449" r="298" b="471" charConfidence="26">e</charParams>
<charParams l="301" t="448" r="314" b="470" charConfidence="32">r</charParams>
<charParams l="315" t="439" r="343" b="477"> </charParams>
<charParams l="344" t="439" r="363" b="477" charConfidence="81">s</charParams>
<charParams l="344" t="439" r="363" b="477" charConfidence="81">i</charParams>
<charParams l="364" t="438" r="391" b="474" charConfidence="72">c</charParams>
<charParams l="364" t="438" r="391" b="474" charConfidence="72">h</charParams>
<charParams l="392" t="438" r="415" b="474"> </charParams>
<charParams l="416" t="440" r="430" b="468" charConfidence="27">d</charParams>
<charParams l="435" t="439" r="441" b="467" charConfidence="100">i</charParams>
<charParams l="446" t="446" r="458" b="468" charConfidence="33">e</charParams>
<charParams l="459" t="435" r="481" b="468"> </charParams>
<charParams l="482" t="435" r="516" b="468" charConfidence="46">S</charParams>
<charParams l="521" t="443" r="531" b="468" charConfidence="46">t</charParams>
<charParams l="535" t="439" r="541" b="467" charConfidence="100">i</charParams>
<charParams l="545" t="446" r="558" b="468" charConfidence="28">r</charParams>
<charParams l="560" t="446" r="577" b="468" charConfidence="48">n</charParams>
<charParams l="581" t="447" r="594" b="468" charConfidence="51">e</charParams>
<charParams l="595" t="446" r="616" b="468"> </charParams>
<charParams l="617" t="446" r="631" b="468" charConfidence="100">r</charParams>
<charParams l="634" t="441" r="641" b="468" charConfidence="100">i</charParams>
<charParams l="644" t="447" r="657" b="469" charConfidence="25">e</charParams>
<charParams l="660" t="439" r="675" b="469" charConfidence="45">b</charParams>
<charParams l="684" t="462" r="694" b="476" charConfidence="100">,</charParams>
<charParams l="695" t="441" r="726" b="476"> </charParams>
<charParams l="727" t="441" r="743" b="470" charConfidence="31">b</charParams>
<charParams l="747" t="449" r="759" b="470" charConfidence="42">e</charParams>
<charParams l="761" t="449" r="778" b="480" charConfidence="28">y</charParams>
<charParams l="779" t="449" r="810" b="480"> </charParams>
<charParams l="811" t="450" r="826" b="471" charConfidence="62">a</charParams>
<charParams l="830" t="442" r="839" b="471" charConfidence="58">l</charParams>
<charParams l="839" t="443" r="846" b="471" suspicious="1" charConfidence="100">l</charParams>
<charParams l="850" t="450" r="863" b="472" charConfidence="33">e</charParams>
<charParams l="864" t="445" r="895" b="472"> </charParams>
<charParams l="896" t="445" r="911" b="472" charConfidence="29">d</charParams>
<charParams l="915" t="451" r="926" b="473" charConfidence="37">e</charParams>
<charParams l="930" t="451" r="957" b="474" charConfidence="100">m</charParams>
<charParams l="959" t="465" r="968" b="479" charConfidence="78">,</charParams></formatting></line>
<line baseline="530" l="190" t="498" r="968" b="539"><formatting lang="OldGerman">
<charParams l="190" t="508" r="215" b="532" charConfidence="23">w</charParams>
<charParams l="219" t="510" r="234" b="531" charConfidence="42">a</charParams>
<charParams l="239" t="503" r="253" b="530" charConfidence="-1">s</charParams>
<charParams l="254" t="502" r="277" b="530"> </charParams>
<charParams l="278" t="502" r="293" b="529" charConfidence="27">d</charParams>
<charParams l="297" t="508" r="314" b="530" charConfidence="39">u</charParams>
<charParams l="315" t="506" r="337" b="530"> </charParams>
<charParams l="338" t="506" r="365" b="530" charConfidence="69">m</charParams>
<charParams l="370" t="500" r="377" b="529" charConfidence="100">i</charParams>
<charParams l="381" t="507" r="394" b="529" charConfidence="54">r</charParams>
<charParams l="395" t="499" r="417" b="537"> </charParams>
<charParams l="418" t="499" r="430" b="537" charConfidence="32">s</charParams>
<charParams l="429" t="508" r="443" b="529" charConfidence="49">o</charParams>
<charParams l="444" t="500" r="467" b="530"> </charParams>
<charParams l="468" t="500" r="476" b="530" charConfidence="35">l</charParams>
<charParams l="479" t="500" r="486" b="529" charConfidence="100">i</charParams>
<charParams l="490" t="508" r="501" b="530" charConfidence="100">e</charParams>
<charParams l="505" t="498" r="519" b="530" charConfidence="30">b</charParams>
<charParams l="523" t="508" r="535" b="529" charConfidence="100">e</charParams>
<charParams l="538" t="508" r="553" b="529" charConfidence="30">v</charParams>
<charParams l="558" t="508" r="571" b="530" charConfidence="41">o</charParams>
<charParams l="576" t="499" r="584" b="530" charConfidence="100">l</charParams>
<charParams l="585" t="499" r="593" b="530" charConfidence="84">l</charParams>
<charParams l="594" t="499" r="624" b="530"> </charParams>
<charParams l="625" t="508" r="641" b="530" charConfidence="64">u</charParams>
<charParams l="645" t="507" r="662" b="530" charConfidence="65">n</charParams>
<charParams l="666" t="502" r="681" b="530" charConfidence="33">d</charParams>
<charParams l="682" t="502" r="711" b="530"> </charParams>
<charParams l="712" t="508" r="729" b="530" charConfidence="32">v</charParams>
<charParams l="733" t="508" r="745" b="529" charConfidence="26">e</charParams>
<charParams l="748" t="507" r="760" b="530" charConfidence="56">r</charParams>
<charParams l="764" t="500" r="782" b="538" charConfidence="22">s</charParams>
<charParams l="764" t="500" r="782" b="538" suspicious="1" charConfidence="22">t</charParams>
<charParams l="786" t="510" r="800" b="531" suspicious="1" charConfidence="24">ä</charParams>
<charParams l="804" t="509" r="820" b="531" charConfidence="100">n</charParams>
<charParams l="825" t="503" r="840" b="531" charConfidence="29">d</charParams>
<charParams l="845" t="501" r="851" b="530" charConfidence="100">i</charParams>
<charParams l="854" t="509" r="870" b="539" charConfidence="26">g</charParams>
<charParams l="871" t="508" r="903" b="539"> </charParams>
<charParams l="904" t="508" r="930" b="532" charConfidence="55">w</charParams>
<charParams l="933" t="502" r="941" b="531" charConfidence="100">i</charParams>
<charParams l="945" t="511" r="957" b="532" suspicious="1" charConfidence="29">c</charParams>
<charParams l="959" t="514" r="968" b="529" charConfidence="22">-</charParams></formatting></line>
<line baseline="594" l="189" t="561" r="966" b="602"><formatting lang="OldGerman">
<charParams l="189" t="565" r="205" b="593" charConfidence="31">d</charParams>
<charParams l="209" t="570" r="221" b="592" charConfidence="29">e</charParams>
<charParams l="224" t="570" r="237" b="592" charConfidence="24">r</charParams>
<charParams l="239" t="561" r="255" b="601" charConfidence="56">h</charParams>
<charParams l="260" t="570" r="273" b="593" charConfidence="35">o</charParams>
<charParams l="278" t="561" r="294" b="601" charConfidence="62">h</charParams>
<charParams l="299" t="563" r="305" b="593" charConfidence="100">l</charParams>
<charParams l="309" t="562" r="329" b="602" charConfidence="28">s</charParams>
<charParams l="309" t="562" r="329" b="602" charConfidence="28">t</charParams>
<charParams l="337" t="584" r="347" b="600" charConfidence="55">,</charParams>
<charParams l="348" t="562" r="369" b="600"> </charParams>
<charParams l="370" t="562" r="378" b="593" charConfidence="28">i</charParams>
<charParams l="381" t="570" r="408" b="593" charConfidence="29">m</charParams>
<charParams l="413" t="570" r="439" b="594" charConfidence="70">m</charParams>
<charParams l="444" t="570" r="456" b="593" charConfidence="41">e</charParams>
<charParams l="459" t="570" r="472" b="594" charConfidence="49">r</charParams>
<charParams l="473" t="565" r="489" b="594"> </charParams>
<charParams l="490" t="565" r="505" b="594" charConfidence="26">d</charParams>
<charParams l="509" t="571" r="520" b="593" charConfidence="30">e</charParams>
<charParams l="524" t="571" r="536" b="594" charConfidence="24">r</charParams>
<charParams l="537" t="561" r="552" b="595"> </charParams>
<charParams l="553" t="561" r="585" b="595" charConfidence="31">G</charParams>
<charParams l="590" t="572" r="601" b="594" charConfidence="100">e</charParams>
<charParams l="604" t="565" r="618" b="594" charConfidence="25">d</charParams>
<charParams l="623" t="572" r="637" b="593" charConfidence="24">a</charParams>
<charParams l="642" t="572" r="657" b="594" charConfidence="35">n</charParams>
<charParams l="662" t="562" r="674" b="594" charConfidence="66">k</charParams>
<charParams l="677" t="571" r="688" b="594" charConfidence="25">e</charParams>
<charParams l="689" t="562" r="706" b="594"> </charParams>
<charParams l="707" t="562" r="722" b="594" charConfidence="46">b</charParams>
<charParams l="726" t="571" r="737" b="593" charConfidence="36">e</charParams>
<charParams l="740" t="571" r="755" b="601" suspicious="1" charConfidence="17">y</charParams>
<charParams l="759" t="572" r="775" b="602" charConfidence="59">g</charParams>
<charParams l="779" t="563" r="795" b="593" charConfidence="88">ü</charParams>
<charParams l="799" t="571" r="805" b="593" suspicious="1" charConfidence="100">i</charParams>
<charParams l="809" t="571" r="825" b="602" charConfidence="49">g</charParams>
<charParams l="829" t="572" r="841" b="594" suspicious="1" charConfidence="30">c</charParams>
<charParams l="851" t="586" r="860" b="599" charConfidence="93">,</charParams>
<charParams l="861" t="564" r="884" b="599"> </charParams>
<charParams l="885" t="564" r="900" b="593" charConfidence="44">d</charParams>
<charParams l="904" t="571" r="919" b="593" charConfidence="25">u</charParams>
<charParams l="924" t="571" r="937" b="594" charConfidence="90">r</charParams>
<charParams l="940" t="564" r="966" b="601" charConfidence="75">c</charParams>
<charParams l="940" t="564" r="966" b="601" charConfidence="75">h</charParams></formatting></line>
<line baseline="656" l="187" t="623" r="965" b="664"><formatting lang="OldGerman">
<charParams l="187" t="626" r="203" b="655" charConfidence="29">d</charParams>
<charParams l="208" t="625" r="215" b="656" charConfidence="36">i</charParams>
<charParams l="218" t="633" r="231" b="655" charConfidence="35">e</charParams>
<charParams l="232" t="623" r="254" b="656"> </charParams>
<charParams l="255" t="623" r="287" b="656" charConfidence="25">G</charParams>
<charParams l="292" t="633" r="303" b="656" charConfidence="55">e</charParams>
<charParams l="306" t="633" r="321" b="663" charConfidence="96">g</charParams>
<charParams l="326" t="634" r="337" b="656" charConfidence="25">e</charParams>
<charParams l="341" t="633" r="357" b="656" charConfidence="40">n</charParams>
<charParams l="361" t="632" r="386" b="656" charConfidence="24">w</charParams>
<charParams l="389" t="634" r="404" b="656" charConfidence="100">a</charParams>
<charParams l="408" t="634" r="421" b="656" charConfidence="100">r</charParams>
<charParams l="425" t="631" r="435" b="657" charConfidence="27">t</charParams>
<charParams l="436" t="627" r="457" b="657"> </charParams>
<charParams l="458" t="627" r="473" b="656" charConfidence="28">d</charParams>
<charParams l="477" t="634" r="489" b="656" charConfidence="61">e</charParams>
<charParams l="492" t="629" r="507" b="656" charConfidence="100">s</charParams>
<charParams l="508" t="623" r="528" b="663"> </charParams>
<charParams l="529" t="623" r="559" b="663" charConfidence="29">H</charParams>
<charParams l="564" t="635" r="578" b="656" charConfidence="24">a</charParams>
<charParams l="582" t="634" r="598" b="656" charConfidence="25">u</charParams>
<charParams l="603" t="633" r="617" b="664" charConfidence="35">p</charParams>
<charParams l="622" t="630" r="631" b="656" charConfidence="50">t</charParams>
<charParams l="635" t="633" r="661" b="656" charConfidence="60">m</charParams>
<charParams l="666" t="634" r="681" b="656" charConfidence="100">a</charParams>
<charParams l="684" t="634" r="701" b="656" charConfidence="26">n</charParams>
<charParams l="705" t="633" r="721" b="655" charConfidence="30">n</charParams>
<charParams l="725" t="629" r="740" b="656" charConfidence="100">s</charParams>
<charParams l="741" t="629" r="755" b="656"> </charParams>
<charParams l="756" t="633" r="782" b="656" charConfidence="52">w</charParams>
<charParams l="786" t="625" r="802" b="656" charConfidence="33">ü</charParams>
<charParams l="806" t="635" r="818" b="656" charConfidence="100">r</charParams>
<charParams l="823" t="627" r="837" b="655" charConfidence="64">d</charParams>
<charParams l="842" t="634" r="853" b="656" charConfidence="26">e</charParams>
<charParams l="854" t="634" r="875" b="656"> </charParams>
<charParams l="876" t="634" r="893" b="656" charConfidence="45">n</charParams>
<charParams l="897" t="627" r="905" b="656" charConfidence="100">i</charParams>
<charParams l="908" t="626" r="934" b="664" charConfidence="93">c</charParams>
<charParams l="908" t="626" r="934" b="664" charConfidence="93">h</charParams>
<charParams l="938" t="631" r="948" b="656" charConfidence="45">t</charParams>
<charParams l="951" t="629" r="965" b="656" charConfidence="100">s</charParams></formatting></line>
<line baseline="718" l="187" t="686" r="965" b="726"><formatting lang="OldGerman">
<charParams l="187" t="695" r="203" b="725" charConfidence="64">g</charParams>
<charParams l="207" t="696" r="219" b="719" charConfidence="25">e</charParams>
<charParams l="223" t="687" r="242" b="726" charConfidence="32">s</charParams>
<charParams l="223" t="687" r="242" b="726" charConfidence="32">t</charParams>
<charParams l="246" t="688" r="258" b="719" charConfidence="22">ö</charParams>
<charParams l="264" t="696" r="276" b="719" charConfidence="25">r</charParams>
<charParams l="280" t="693" r="289" b="719" charConfidence="42">t</charParams>
<charParams l="298" t="710" r="306" b="724" charConfidence="70">,</charParams>
<charParams l="307" t="689" r="329" b="726"> </charParams>
<charParams l="330" t="689" r="339" b="726" charConfidence="51">j</charParams>
<charParams l="342" t="695" r="358" b="718" charConfidence="31">a</charParams>
<charParams l="359" t="695" r="380" b="718"> </charParams>
<charParams l="381" t="696" r="398" b="718" charConfidence="40">v</charParams>
<charParams l="403" t="689" r="410" b="718" charConfidence="100">i</charParams>
<charParams l="413" t="696" r="425" b="719" charConfidence="28">e</charParams>
<charParams l="429" t="689" r="437" b="719" charConfidence="66">l</charParams>
<charParams l="439" t="695" r="466" b="718" charConfidence="55">m</charParams>
<charParams l="470" t="696" r="482" b="718" charConfidence="39">e</charParams>
<charParams l="485" t="686" r="502" b="724" charConfidence="100">h</charParams>
<charParams l="506" t="695" r="519" b="717" charConfidence="57">r</charParams>
<charParams l="520" t="695" r="542" b="717"> </charParams>
<charParams l="543" t="696" r="558" b="717" charConfidence="24">a</charParams>
<charParams l="562" t="687" r="570" b="718" charConfidence="55">l</charParams>
<charParams l="570" t="688" r="580" b="717" charConfidence="24">l</charParams>
<charParams l="582" t="696" r="593" b="718" charConfidence="56">e</charParams>
<charParams l="597" t="690" r="612" b="718" charConfidence="100">s</charParams>
<charParams l="613" t="686" r="636" b="718"> </charParams>
<charParams l="637" t="686" r="652" b="717" charConfidence="26">b</charParams>
<charParams l="656" t="695" r="668" b="717" charConfidence="25">e</charParams>
<charParams l="672" t="686" r="684" b="723" charConfidence="27">s</charParams>
<charParams l="682" t="688" r="708" b="723" charConfidence="67">c</charParams>
<charParams l="682" t="688" r="708" b="723" charConfidence="67">h</charParams>
<charParams l="712" t="688" r="720" b="718" charConfidence="55">l</charParams>
<charParams l="723" t="695" r="735" b="718" charConfidence="32">e</charParams>
<charParams l="738" t="695" r="754" b="718" charConfidence="100">u</charParams>
<charParams l="758" t="696" r="774" b="718" charConfidence="25">n</charParams>
<charParams l="779" t="688" r="786" b="715" charConfidence="100">i</charParams>
<charParams l="788" t="696" r="804" b="725" charConfidence="55">g</charParams>
<charParams l="809" t="692" r="819" b="718" charConfidence="44">t</charParams>
<charParams l="820" t="692" r="835" b="718"> </charParams>
<charParams l="836" t="695" r="852" b="718" charConfidence="28">u</charParams>
<charParams l="856" t="695" r="872" b="718" charConfidence="42">n</charParams>
<charParams l="877" t="689" r="892" b="718" charConfidence="40">d</charParams>
<charParams l="893" t="689" r="912" b="718"> </charParams>
<charParams l="913" t="695" r="930" b="718" charConfidence="36">n</charParams>
<charParams l="934" t="696" r="945" b="718" charConfidence="24">e</charParams>
<charParams l="948" t="694" r="965" b="718" charConfidence="100">u</charParams></formatting></line>
<line baseline="779" l="187" t="747" r="965" b="788"><formatting lang="OldGerman">
<charParams l="187" t="749" r="203" b="782" charConfidence="25">b</charParams>
<charParams l="208" t="758" r="219" b="780" charConfidence="25">e</charParams>
<charParams l="223" t="750" r="230" b="781" charConfidence="40">l</charParams>
<charParams l="234" t="758" r="245" b="781" charConfidence="100">e</charParams>
<charParams l="249" t="749" r="263" b="782" charConfidence="45">b</charParams>
<charParams l="267" t="755" r="278" b="781" charConfidence="67">t</charParams>
<charParams l="280" t="772" r="288" b="780" charConfidence="100">.</charParams>
<charParams l="289" t="747" r="348" b="781"> </charParams>
<charParams l="349" t="747" r="377" b="781" charConfidence="33">A</charParams>
<charParams l="379" t="758" r="395" b="780" charConfidence="31">u</charParams>
<charParams l="399" t="750" r="425" b="786" charConfidence="62">c</charParams>
<charParams l="399" t="750" r="425" b="786" charConfidence="62">h</charParams>
<charParams l="426" t="750" r="464" b="786"> </charParams>
<charParams l="465" t="758" r="477" b="780" charConfidence="30">e</charParams>
<charParams l="480" t="758" r="493" b="780" charConfidence="100">r</charParams>
<charParams l="494" t="747" r="527" b="788"> </charParams>
<charParams l="528" t="747" r="545" b="788" suspicious="1" charConfidence="34">h</charParams>
<charParams l="549" t="758" r="564" b="779" charConfidence="100">a</charParams>
<charParams l="569" t="754" r="579" b="779" charConfidence="27">t</charParams>
<charParams l="580" t="754" r="617" b="779"> </charParams>
<charParams l="618" t="756" r="630" b="778" charConfidence="27">e</charParams>
<charParams l="634" t="749" r="640" b="778" charConfidence="100">i</charParams>
<charParams l="644" t="756" r="660" b="778" charConfidence="25">n</charParams>
<charParams l="664" t="757" r="675" b="778" charConfidence="100">e</charParams>
<charParams l="679" t="756" r="696" b="778" charConfidence="58">n</charParams>
<charParams l="697" t="747" r="735" b="779"> </charParams>
<charParams l="736" t="747" r="762" b="779" charConfidence="43">T</charParams>
<charParams l="767" t="748" r="782" b="787" charConfidence="40">h</charParams>
<charParams l="787" t="756" r="798" b="779" charConfidence="100">e</charParams>
<charParams l="803" t="750" r="809" b="778" charConfidence="-1">i</charParams>
<charParams l="813" t="750" r="821" b="779" charConfidence="35">l</charParams>
<charParams l="822" t="750" r="859" b="779"> </charParams>
<charParams l="860" t="756" r="886" b="779" charConfidence="35">m</charParams>
<charParams l="891" t="757" r="902" b="780" charConfidence="26">e</charParams>
<charParams l="906" t="749" r="914" b="780" charConfidence="33">i</charParams>
<charParams l="917" t="757" r="934" b="780" charConfidence="28">n</charParams>
<charParams l="937" t="757" r="949" b="779" charConfidence="33">e</charParams>
<charParams l="953" t="756" r="965" b="778" charConfidence="24">r</charParams></formatting></line>
<line baseline="840" l="186" t="808" r="964" b="849"><formatting lang="OldGerman">
<charParams l="186" t="808" r="226" b="841" charConfidence="27">W</charParams>
<charParams l="230" t="819" r="244" b="840" charConfidence="31">a</charParams>
<charParams l="249" t="819" r="265" b="841" charConfidence="27">n</charParams>
<charParams l="270" t="813" r="285" b="841" charConfidence="26">d</charParams>
<charParams l="289" t="819" r="301" b="841" charConfidence="27">e</charParams>
<charParams l="304" t="819" r="317" b="841" charConfidence="24">r</charParams>
<charParams l="320" t="819" r="336" b="841" charConfidence="32">u</charParams>
<charParams l="340" t="819" r="356" b="841" charConfidence="33">n</charParams>
<charParams l="358" t="819" r="375" b="848" charConfidence="26">g</charParams>
<charParams l="379" t="819" r="391" b="841" charConfidence="34">e</charParams>
<charParams l="394" t="819" r="411" b="841" charConfidence="49">n</charParams>
<charParams l="412" t="818" r="435" b="841"> </charParams>
<charParams l="436" t="818" r="463" b="841" charConfidence="54">m</charParams>
<charParams l="468" t="812" r="475" b="841" charConfidence="100">i</charParams>
<charParams l="480" t="819" r="489" b="841" charConfidence="26">t</charParams>
<charParams l="490" t="819" r="507" b="849" charConfidence="55">g</charParams>
<charParams l="511" t="819" r="523" b="841" charConfidence="25">e</charParams>
<charParams l="526" t="818" r="552" b="841" charConfidence="100">m</charParams>
<charParams l="556" t="819" r="571" b="840" charConfidence="38">a</charParams>
<charParams l="575" t="811" r="600" b="847" charConfidence="81">c</charParams>
<charParams l="575" t="811" r="600" b="847" charConfidence="81">h</charParams>
<charParams l="605" t="815" r="615" b="840" charConfidence="72">t</charParams>
<charParams l="625" t="818" r="634" b="847" charConfidence="100">;</charParams>
<charParams l="635" t="817" r="669" b="847"> </charParams>
<charParams l="670" t="817" r="685" b="839" charConfidence="100">a</charParams>
<charParams l="689" t="818" r="706" b="840" charConfidence="90">u</charParams>
<charParams l="710" t="810" r="736" b="847" charConfidence="67">c</charParams>
<charParams l="710" t="810" r="736" b="847" charConfidence="67">h</charParams>
<charParams l="737" t="810" r="759" b="847"> </charParams>
<charParams l="760" t="818" r="772" b="839" charConfidence="27">e</charParams>
<charParams l="776" t="818" r="788" b="840" charConfidence="55">r</charParams>
<charParams l="789" t="809" r="810" b="848"> </charParams>
<charParams l="811" t="809" r="829" b="848" suspicious="1" charConfidence="32">h</charParams>
<charParams l="833" t="817" r="847" b="841" charConfidence="29">a</charParams>
<charParams l="852" t="816" r="862" b="840" charConfidence="56">t</charParams>
<charParams l="863" t="816" r="884" b="840"> </charParams>
<charParams l="885" t="818" r="912" b="839" charConfidence="54">m</charParams>
<charParams l="916" t="818" r="931" b="840" charConfidence="24">a</charParams>
<charParams l="935" t="817" r="952" b="840" charConfidence="62">n</charParams>
<charParams l="955" t="821" r="964" b="835" charConfidence="100">¬</charParams></formatting></line>
<line baseline="898" l="183" t="867" r="962" b="905"><formatting lang="OldGerman">
<charParams l="183" t="870" r="212" b="905" charConfidence="31">c</charParams>
<charParams l="183" t="870" r="212" b="905" charConfidence="31">h</charParams>
<charParams l="215" t="877" r="227" b="899" charConfidence="25">e</charParams>
<charParams l="229" t="872" r="245" b="898" charConfidence="96">s</charParams>
<charParams l="253" t="889" r="263" b="903" charConfidence="59">,</charParams>
<charParams l="264" t="877" r="286" b="903"> </charParams>
<charParams l="287" t="877" r="305" b="897" charConfidence="27">u</charParams>
<charParams l="308" t="877" r="326" b="897" charConfidence="100">n</charParams>
<charParams l="328" t="872" r="345" b="897" charConfidence="28">d</charParams>
<charParams l="346" t="870" r="364" b="898"> </charParams>
<charParams l="365" t="870" r="374" b="898" charConfidence="27">i</charParams>
<charParams l="377" t="877" r="395" b="898" charConfidence="28">n</charParams>
<charParams l="396" t="877" r="417" b="898"> </charParams>
<charParams l="418" t="878" r="437" b="898" charConfidence="45">v</charParams>
<charParams l="440" t="877" r="452" b="899" charConfidence="26">e</charParams>
<charParams l="455" t="877" r="469" b="898" charConfidence="29">r</charParams>
<charParams l="470" t="870" r="484" b="904" charConfidence="38">s</charParams>
<charParams l="480" t="870" r="507" b="903" charConfidence="29">c</charParams>
<charParams l="480" t="870" r="507" b="903" charConfidence="29">h</charParams>
<charParams l="511" t="870" r="519" b="897" charConfidence="100">i</charParams>
<charParams l="522" t="877" r="535" b="898" charConfidence="25">e</charParams>
<charParams l="538" t="872" r="552" b="898" charConfidence="28">d</charParams>
<charParams l="555" t="877" r="568" b="899" charConfidence="100">e</charParams>
<charParams l="571" t="878" r="589" b="899" charConfidence="51">n</charParams>
<charParams l="592" t="878" r="604" b="899" charConfidence="38">e</charParams>
<charParams l="607" t="877" r="635" b="898" charConfidence="49">m</charParams>
<charParams l="636" t="867" r="659" b="898"> </charParams>
<charParams l="660" t="867" r="694" b="898" charConfidence="32">S</charParams>
<charParams l="698" t="870" r="708" b="897" charConfidence="100">i</charParams>
<charParams l="708" t="876" r="727" b="898" charConfidence="98">n</charParams>
<charParams l="729" t="876" r="747" b="897" charConfidence="29">n</charParams>
<charParams l="750" t="876" r="764" b="898" charConfidence="38">e</charParams>
<charParams l="768" t="889" r="778" b="903" suspicious="1" charConfidence="80">,</charParams>
<charParams l="779" t="868" r="807" b="903"> </charParams>
<charParams l="808" t="868" r="828" b="903" charConfidence="54">s</charParams>
<charParams l="808" t="868" r="828" b="903" charConfidence="54">i</charParams>
<charParams l="829" t="867" r="855" b="902" charConfidence="55">c</charParams>
<charParams l="829" t="867" r="855" b="902" charConfidence="55">h</charParams>
<charParams l="856" t="867" r="878" b="902"> </charParams>
<charParams l="879" t="876" r="895" b="897" charConfidence="25">a</charParams>
<charParams l="899" t="875" r="916" b="897" charConfidence="98">n</charParams>
<charParams l="917" t="875" r="935" b="904" charConfidence="25">g</charParams>
<charParams l="938" t="875" r="951" b="897" charConfidence="33">e</charParams>
<charParams l="954" t="880" r="962" b="892" charConfidence="22">¬</charParams></formatting></line>
<line baseline="955" l="183" t="924" r="961" b="962"><formatting lang="OldGerman">
<charParams l="183" t="933" r="212" b="957" charConfidence="79">m</charParams>
<charParams l="216" t="934" r="228" b="956" charConfidence="100">e</charParams>
<charParams l="231" t="934" r="244" b="956" charConfidence="32">r</charParams>
<charParams l="247" t="926" r="258" b="958" charConfidence="61">k</charParams>
<charParams l="261" t="931" r="271" b="958" charConfidence="83">t</charParams>
<charParams l="281" t="935" r="288" b="957" charConfidence="41">:</charParams>
<charParams l="289" t="933" r="310" b="957"> </charParams>
<charParams l="311" t="933" r="336" b="957" charConfidence="25">w</charParams>
<charParams l="340" t="926" r="348" b="956" charConfidence="100">i</charParams>
<charParams l="352" t="932" r="366" b="956" charConfidence="100">r</charParams>
<charParams l="367" t="924" r="386" b="956"> </charParams>
<charParams l="387" t="924" r="404" b="955" charConfidence="27">b</charParams>
<charParams l="408" t="933" r="420" b="955" charConfidence="27">e</charParams>
<charParams l="423" t="932" r="439" b="955" charConfidence="40">n</charParams>
<charParams l="443" t="932" r="459" b="955" charConfidence="37">u</charParams>
<charParams l="463" t="927" r="481" b="962" charConfidence="77">t</charParams>
<charParams l="463" t="927" r="481" b="962" charConfidence="77">z</charParams>
<charParams l="484" t="930" r="494" b="955" charConfidence="38">t</charParams>
<charParams l="497" t="932" r="509" b="954" charConfidence="45">e</charParams>
<charParams l="512" t="932" r="529" b="955" charConfidence="32">n</charParams>
<charParams l="530" t="927" r="552" b="955"> </charParams>
<charParams l="553" t="927" r="569" b="954" charConfidence="36">d</charParams>
<charParams l="572" t="932" r="586" b="954" charConfidence="25">a</charParams>
<charParams l="591" t="928" r="607" b="953" charConfidence="100">s</charParams>
<charParams l="608" t="928" r="623" b="962"> </charParams>
<charParams l="624" t="932" r="636" b="962" charConfidence="25">z</charParams>
<charParams l="639" t="933" r="657" b="954" charConfidence="26">u</charParams>
<charParams l="660" t="924" r="674" b="960" charConfidence="69">s</charParams>
<charParams l="671" t="934" r="685" b="953" charConfidence="24">a</charParams>
<charParams l="690" t="932" r="716" b="954" charConfidence="40">m</charParams>
<charParams l="720" t="932" r="746" b="954" charConfidence="25">m</charParams>
<charParams l="751" t="933" r="763" b="954" charConfidence="34">e</charParams>
<charParams l="766" t="932" r="783" b="955" charConfidence="54">n</charParams>
<charParams l="792" t="947" r="801" b="960" charConfidence="88">,</charParams>
<charParams l="802" t="934" r="825" b="960"> </charParams>
<charParams l="826" t="934" r="843" b="956" charConfidence="100">u</charParams>
<charParams l="846" t="934" r="862" b="955" charConfidence="59">n</charParams>
<charParams l="867" t="927" r="882" b="956" charConfidence="28">d</charParams>
<charParams l="883" t="927" r="903" b="956"> </charParams>
<charParams l="904" t="935" r="919" b="956" charConfidence="54">a</charParams>
<charParams l="924" t="927" r="932" b="957" charConfidence="47">l</charParams>
<charParams l="935" t="930" r="948" b="957" charConfidence="100">s</charParams>
<charParams l="954" t="940" r="961" b="952" charConfidence="72">¬</charParams></formatting></line>
<line baseline="1018" l="183" t="984" r="949" b="1028"><formatting lang="OldGerman">
<charParams l="183" t="989" r="200" b="1018" charConfidence="27">d</charParams>
<charParams l="204" t="996" r="219" b="1018" charConfidence="28">a</charParams>
<charParams l="222" t="995" r="239" b="1019" charConfidence="100">n</charParams>
<charParams l="243" t="997" r="262" b="1020" charConfidence="56">n</charParams>
<charParams l="263" t="996" r="289" b="1021"> </charParams>
<charParams l="290" t="996" r="316" b="1021" charConfidence="25">w</charParams>
<charParams l="320" t="987" r="337" b="1020" charConfidence="39">ü</charParams>
<charParams l="340" t="996" r="352" b="1020" charConfidence="54">r</charParams>
<charParams l="355" t="989" r="370" b="1020" charConfidence="38">d</charParams>
<charParams l="374" t="995" r="387" b="1020" charConfidence="29">e</charParams>
<charParams l="388" t="994" r="415" b="1020"> </charParams>
<charParams l="416" t="994" r="427" b="1018" charConfidence="27">e</charParams>
<charParams l="431" t="989" r="446" b="1018" charConfidence="92">s</charParams>
<charParams l="447" t="989" r="469" b="1018"> </charParams>
<charParams l="470" t="994" r="482" b="1017" charConfidence="100">e</charParams>
<charParams l="486" t="993" r="497" b="1017" charConfidence="26">r</charParams>
<charParams l="501" t="985" r="521" b="1025" charConfidence="32">s</charParams>
<charParams l="501" t="985" r="521" b="1025" charConfidence="32">t</charParams>
<charParams l="522" t="985" r="543" b="1025"> </charParams>
<charParams l="544" t="993" r="556" b="1016" charConfidence="26">e</charParams>
<charParams l="560" t="985" r="567" b="1016" charConfidence="53">i</charParams>
<charParams l="571" t="992" r="587" b="1016" charConfidence="24">n</charParams>
<charParams l="588" t="984" r="610" b="1024"> </charParams>
<charParams l="611" t="984" r="628" b="1024" suspicious="1" charConfidence="88">h</charParams>
<charParams l="632" t="985" r="648" b="1016" charConfidence="54">ü</charParams>
<charParams l="654" t="986" r="668" b="1016" charConfidence="31">b</charParams>
<charParams l="672" t="986" r="684" b="1023" charConfidence="55">s</charParams>
<charParams l="682" t="985" r="708" b="1023" charConfidence="59">c</charParams>
<charParams l="682" t="985" r="708" b="1023" suspicious="1" charConfidence="59">h</charParams>
<charParams l="712" t="993" r="724" b="1016" charConfidence="30">e</charParams>
<charParams l="727" t="992" r="742" b="1016" charConfidence="100">s</charParams>
<charParams l="743" t="985" r="766" b="1018"> </charParams>
<charParams l="767" t="985" r="798" b="1018" charConfidence="23">G</charParams>
<charParams l="804" t="996" r="818" b="1018" charConfidence="100">a</charParams>
<charParams l="822" t="996" r="838" b="1017" charConfidence="25">n</charParams>
<charParams l="842" t="995" r="853" b="1028" charConfidence="25">z</charParams>
<charParams l="857" t="997" r="869" b="1019" charConfidence="26">e</charParams>
<charParams l="870" t="997" r="892" b="1020"> </charParams>
<charParams l="893" t="997" r="917" b="1020" charConfidence="52">w</charParams>
<charParams l="923" t="997" r="933" b="1020" charConfidence="54">e</charParams>
<charParams l="937" t="997" r="949" b="1019" suspicious="1" charConfidence="50">r</charParams></formatting></line>
<line baseline="1081" l="183" t="1050" r="247" b="1082"><formatting lang="OldGerman">
<charParams l="183" t="1050" r="199" b="1079" charConfidence="100">d</charParams>
<charParams l="203" t="1057" r="215" b="1080" charConfidence="25">e</charParams>
<charParams l="218" t="1057" r="234" b="1081" charConfidence="25">n</charParams>
<charParams l="238" t="1072" r="247" b="1082" charConfidence="55">.</charParams></formatting></line></par>
</text>
</block>
<block blockType="Text" blockName="">
<text>
<par startIndent="1908" lineSpacing="1416">
<line baseline="1204" l="248" t="1170" r="953" b="1214"><formatting lang="OldGerman">
<charParams l="248" t="1170" r="284" b="1205" charConfidence="46">S</charParams>
<charParams l="288" t="1181" r="303" b="1204" charConfidence="78">o</charParams>
<charParams l="304" t="1175" r="326" b="1206"> </charParams>
<charParams l="327" t="1175" r="337" b="1206" charConfidence="29">l</charParams>
<charParams l="339" t="1183" r="354" b="1205" charConfidence="28">a</charParams>
<charParams l="357" t="1175" r="374" b="1212" charConfidence="28">ß</charParams>
<charParams l="375" t="1175" r="397" b="1212"> </charParams>
<charParams l="398" t="1183" r="425" b="1207" charConfidence="79">m</charParams>
<charParams l="430" t="1176" r="437" b="1207" charConfidence="100">i</charParams>
<charParams l="440" t="1175" r="466" b="1213" charConfidence="99">c</charParams>
<charParams l="440" t="1175" r="466" b="1213" charConfidence="99">h</charParams>
<charParams l="467" t="1175" r="490" b="1213"> </charParams>
<charParams l="491" t="1176" r="506" b="1206" charConfidence="37">d</charParams>
<charParams l="510" t="1183" r="522" b="1207" charConfidence="25">e</charParams>
<charParams l="525" t="1182" r="541" b="1206" charConfidence="97">n</charParams>
<charParams l="544" t="1182" r="561" b="1206" charConfidence="67">n</charParams>
<charParams l="562" t="1176" r="585" b="1206"> </charParams>
<charParams l="586" t="1176" r="602" b="1204" charConfidence="28">d</charParams>
<charParams l="606" t="1173" r="613" b="1204" charConfidence="100">i</charParams>
<charParams l="616" t="1181" r="629" b="1205" charConfidence="77">r</charParams>
<charParams l="630" t="1180" r="652" b="1205"> </charParams>
<charParams l="653" t="1180" r="668" b="1202" charConfidence="31">a</charParams>
<charParams l="672" t="1180" r="688" b="1203" charConfidence="46">u</charParams>
<charParams l="691" t="1170" r="706" b="1209" charConfidence="72">f</charParams>
<charParams l="706" t="1180" r="717" b="1203" charConfidence="24">r</charParams>
<charParams l="720" t="1172" r="729" b="1202" charConfidence="100">i</charParams>
<charParams l="730" t="1170" r="757" b="1206" charConfidence="59">c</charParams>
<charParams l="730" t="1170" r="757" b="1206" charConfidence="59">h</charParams>
<charParams l="761" t="1176" r="770" b="1201" charConfidence="42">t</charParams>
<charParams l="774" t="1171" r="781" b="1202" charConfidence="100">i</charParams>
<charParams l="784" t="1179" r="799" b="1210" charConfidence="72">g</charParams>
<charParams l="800" t="1179" r="819" b="1210"> </charParams>
<charParams l="820" t="1179" r="837" b="1210" charConfidence="26">g</charParams>
<charParams l="841" t="1180" r="853" b="1203" charConfidence="59">e</charParams>
<charParams l="857" t="1172" r="876" b="1211" charConfidence="31">s</charParams>
<charParams l="857" t="1172" r="876" b="1211" charConfidence="31">t</charParams>
<charParams l="878" t="1181" r="890" b="1204" charConfidence="26">e</charParams>
<charParams l="894" t="1171" r="910" b="1214" charConfidence="63">h</charParams>
<charParams l="914" t="1182" r="926" b="1205" charConfidence="36">e</charParams>
<charParams l="929" t="1182" r="944" b="1205" charConfidence="23">n</charParams>
<charParams l="947" t="1203" r="953" b="1211" suspicious="1" charConfidence="-1">,</charParams></formatting></line>
<line baseline="1266" l="185" t="1234" r="952" b="1274"><formatting lang="OldGerman">
<charParams l="185" t="1243" r="196" b="1266" charConfidence="24">e</charParams>
<charParams l="200" t="1243" r="216" b="1267" suspicious="1" charConfidence="25">n</charParams>
<charParams l="221" t="1239" r="231" b="1266" charConfidence="29">t</charParams>
<charParams l="232" t="1244" r="248" b="1274" charConfidence="27">g</charParams>
<charParams l="252" t="1244" r="263" b="1266" suspicious="1" charConfidence="38">c</charParams>
<charParams l="266" t="1243" r="282" b="1273" suspicious="1" charConfidence="26">g</charParams>
<charParams l="286" t="1243" r="302" b="1266" charConfidence="25">n</charParams>
<charParams l="306" t="1244" r="318" b="1266" suspicious="1" charConfidence="60">c</charParams>
<charParams l="321" t="1241" r="331" b="1267" charConfidence="81">t</charParams>
<charParams l="334" t="1245" r="347" b="1267" charConfidence="45">e</charParams>
<charParams l="348" t="1236" r="385" b="1269"> </charParams>
<charParams l="386" t="1236" r="409" b="1269" charConfidence="32">C</charParams>
<charParams l="413" t="1237" r="429" b="1270" charConfidence="24">h</charParams>
<charParams l="433" t="1247" r="447" b="1268" charConfidence="24">a</charParams>
<charParams l="452" t="1245" r="464" b="1267" charConfidence="68">r</charParams>
<charParams l="467" t="1239" r="474" b="1267" charConfidence="100">l</charParams>
<charParams l="478" t="1246" r="492" b="1267" charConfidence="34">o</charParams>
<charParams l="495" t="1243" r="505" b="1268" charConfidence="40">t</charParams>
<charParams l="508" t="1243" r="518" b="1267" charConfidence="25">t</charParams>
<charParams l="520" t="1245" r="533" b="1264" charConfidence="24">e</charParams>
<charParams l="534" t="1243" r="573" b="1266"> </charParams>
<charParams l="574" t="1243" r="601" b="1266" charConfidence="72">m</charParams>
<charParams l="606" t="1237" r="613" b="1266" charConfidence="54">i</charParams>
<charParams l="617" t="1241" r="628" b="1266" charConfidence="28">t</charParams>
<charParams l="629" t="1241" r="662" b="1266"> </charParams>
<charParams l="663" t="1243" r="675" b="1264" charConfidence="37">e</charParams>
<charParams l="678" t="1235" r="686" b="1264" charConfidence="100">i</charParams>
<charParams l="689" t="1242" r="706" b="1264" charConfidence="33">n</charParams>
<charParams l="710" t="1235" r="717" b="1264" charConfidence="100">i</charParams>
<charParams l="720" t="1242" r="735" b="1271" charConfidence="44">g</charParams>
<charParams l="739" t="1242" r="751" b="1264" charConfidence="27">e</charParams>
<charParams l="755" t="1241" r="767" b="1265" charConfidence="25">r</charParams>
<charParams l="768" t="1234" r="797" b="1266"> </charParams>
<charParams l="798" t="1234" r="822" b="1266" charConfidence="30">U</charParams>
<charParams l="827" t="1243" r="842" b="1266" charConfidence="24">n</charParams>
<charParams l="846" t="1245" r="862" b="1274" charConfidence="56">g</charParams>
<charParams l="866" t="1245" r="878" b="1267" charConfidence="29">e</charParams>
<charParams l="881" t="1238" r="895" b="1266" charConfidence="29">d</charParams>
<charParams l="900" t="1245" r="916" b="1267" charConfidence="26">u</charParams>
<charParams l="921" t="1238" r="928" b="1267" charConfidence="22">l</charParams>
<charParams l="931" t="1239" r="946" b="1268" charConfidence="14">d</charParams>
<charParams l="949" t="1268" r="952" b="1272" suspicious="1" charConfidence="32">,</charParams></formatting></line>
<line baseline="1328" l="183" t="1294" r="944" b="1339"><formatting lang="OldGerman">
<charParams l="183" t="1302" r="198" b="1329" charConfidence="24">d</charParams>
<charParams l="203" t="1307" r="216" b="1329" charConfidence="28">a</charParams>
<charParams l="222" t="1298" r="237" b="1336" charConfidence="25">ß</charParams>
<charParams l="238" t="1298" r="267" b="1336"> </charParams>
<charParams l="268" t="1301" r="283" b="1330" charConfidence="26">d</charParams>
<charParams l="287" t="1299" r="294" b="1329" charConfidence="100">i</charParams>
<charParams l="298" t="1307" r="310" b="1330" charConfidence="24">e</charParams>
<charParams l="313" t="1298" r="326" b="1336" charConfidence="53">s</charParams>
<charParams l="324" t="1307" r="334" b="1330" charConfidence="54">e</charParams>
<charParams l="339" t="1307" r="365" b="1331" charConfidence="55">m</charParams>
<charParams l="366" t="1300" r="401" b="1331"> </charParams>
<charParams l="402" t="1300" r="431" b="1331" charConfidence="30">V</charParams>
<charParams l="433" t="1308" r="449" b="1330" charConfidence="35">o</charParams>
<charParams l="452" t="1308" r="465" b="1330" charConfidence="100">r</charParams>
<charParams l="468" t="1300" r="484" b="1339" charConfidence="80">h</charParams>
<charParams l="489" t="1308" r="504" b="1330" charConfidence="24">a</charParams>
<charParams l="508" t="1300" r="523" b="1329" charConfidence="100">b</charParams>
<charParams l="527" t="1307" r="538" b="1329" charConfidence="100">e</charParams>
<charParams l="541" t="1307" r="557" b="1328" charConfidence="52">n</charParams>
<charParams l="558" t="1305" r="597" b="1328"> </charParams>
<charParams l="598" t="1305" r="625" b="1327" charConfidence="100">m</charParams>
<charParams l="629" t="1304" r="641" b="1327" charConfidence="37">e</charParams>
<charParams l="644" t="1297" r="651" b="1326" charConfidence="100">i</charParams>
<charParams l="655" t="1304" r="672" b="1326" charConfidence="29">n</charParams>
<charParams l="673" t="1294" r="703" b="1327"> </charParams>
<charParams l="704" t="1294" r="736" b="1327" charConfidence="27">G</charParams>
<charParams l="740" t="1305" r="750" b="1326" charConfidence="100">e</charParams>
<charParams l="755" t="1295" r="766" b="1332" charConfidence="28">f</charParams>
<charParams l="768" t="1298" r="783" b="1327" charConfidence="98">ü</charParams>
<charParams l="789" t="1297" r="804" b="1336" charConfidence="77">h</charParams>
<charParams l="809" t="1299" r="817" b="1329" charConfidence="30">l</charParams>
<charParams l="818" t="1299" r="857" b="1329"> </charParams>
<charParams l="858" t="1307" r="883" b="1329" charConfidence="28">w</charParams>
<charParams l="888" t="1299" r="895" b="1328" charConfidence="100">i</charParams>
<charParams l="899" t="1302" r="913" b="1329" charConfidence="28">d</charParams>
<charParams l="918" t="1307" r="928" b="1329" charConfidence="55">e</charParams>
<charParams l="932" t="1307" r="944" b="1329" suspicious="1" charConfidence="42">r</charParams></formatting></line>
<line baseline="1390" l="182" t="1357" r="949" b="1400"><formatting lang="OldGerman">
<charParams l="182" t="1359" r="195" b="1396" charConfidence="30">s</charParams>
<charParams l="194" t="1366" r="209" b="1395" charConfidence="24">p</charParams>
<charParams l="212" t="1368" r="225" b="1390" charConfidence="80">r</charParams>
<charParams l="230" t="1361" r="236" b="1391" charConfidence="100">i</charParams>
<charParams l="240" t="1360" r="265" b="1398" charConfidence="55">c</charParams>
<charParams l="240" t="1360" r="265" b="1398" charConfidence="55">h</charParams>
<charParams l="269" t="1366" r="280" b="1392" charConfidence="74">t</charParams>
<charParams l="288" t="1384" r="297" b="1398" charConfidence="81">,</charParams>
<charParams l="298" t="1364" r="333" b="1398"> </charParams>
<charParams l="334" t="1364" r="349" b="1392" charConfidence="25">d</charParams>
<charParams l="354" t="1369" r="367" b="1392" charConfidence="25">a</charParams>
<charParams l="373" t="1361" r="388" b="1398" charConfidence="24">ß</charParams>
<charParams l="389" t="1361" r="411" b="1398"> </charParams>
<charParams l="412" t="1370" r="424" b="1393" charConfidence="100">e</charParams>
<charParams l="428" t="1362" r="435" b="1392" charConfidence="100">i</charParams>
<charParams l="439" t="1369" r="455" b="1392" charConfidence="24">n</charParams>
<charParams l="459" t="1369" r="472" b="1392" charConfidence="24">e</charParams>
<charParams l="473" t="1358" r="494" b="1392"> </charParams>
<charParams l="495" t="1358" r="519" b="1392" charConfidence="49">A</charParams>
<charParams l="524" t="1360" r="541" b="1400" charConfidence="25">h</charParams>
<charParams l="544" t="1367" r="561" b="1390" charConfidence="53">n</charParams>
<charParams l="564" t="1362" r="579" b="1390" charConfidence="25">d</charParams>
<charParams l="583" t="1366" r="599" b="1389" charConfidence="42">u</charParams>
<charParams l="602" t="1365" r="619" b="1388" charConfidence="35">n</charParams>
<charParams l="621" t="1366" r="637" b="1395" charConfidence="27">g</charParams>
<charParams l="638" t="1365" r="662" b="1395"> </charParams>
<charParams l="663" t="1365" r="689" b="1388" charConfidence="54">m</charParams>
<charParams l="694" t="1357" r="701" b="1388" charConfidence="84">i</charParams>
<charParams l="705" t="1365" r="718" b="1389" charConfidence="60">r</charParams>
<charParams l="719" t="1365" r="739" b="1389"> </charParams>
<charParams l="740" t="1367" r="757" b="1389" charConfidence="36">n</charParams>
<charParams l="762" t="1360" r="768" b="1390" charConfidence="100">i</charParams>
<charParams l="773" t="1360" r="798" b="1397" charConfidence="55">c</charParams>
<charParams l="773" t="1360" r="798" b="1397" charConfidence="55">h</charParams>
<charParams l="803" t="1365" r="812" b="1391" charConfidence="100">t</charParams>
<charParams l="816" t="1365" r="830" b="1390" charConfidence="100">s</charParams>
<charParams l="831" t="1358" r="854" b="1391"> </charParams>
<charParams l="855" t="1358" r="887" b="1391" charConfidence="52">G</charParams>
<charParams l="892" t="1368" r="908" b="1390" charConfidence="83">u</charParams>
<charParams l="912" t="1366" r="922" b="1390" charConfidence="26">t</charParams>
<charParams l="925" t="1367" r="935" b="1389" charConfidence="34">e</charParams>
<charParams l="941" t="1368" r="949" b="1388" suspicious="1" charConfidence="22">:</charParams></formatting></line>
<line baseline="1452" l="180" t="1420" r="317" b="1458"><formatting lang="OldGerman">
<charParams l="180" t="1427" r="204" b="1450" charConfidence="0">w</charParams>
<charParams l="209" t="1427" r="220" b="1450" charConfidence="92">e</charParams>
<charParams l="224" t="1420" r="233" b="1450" charConfidence="98">i</charParams>
<charParams l="236" t="1420" r="260" b="1455" charConfidence="91">s</charParams>
<charParams l="236" t="1420" r="260" b="1455" charConfidence="91">s</charParams>
<charParams l="257" t="1429" r="273" b="1451" charConfidence="35">a</charParams>
<charParams l="275" t="1430" r="291" b="1458" charConfidence="23">g</charParams>
<charParams l="296" t="1427" r="308" b="1453" charConfidence="55">t</charParams>
<charParams l="308" t="1445" r="317" b="1454" suspicious="1" charConfidence="96">,</charParams></formatting></line>
<line baseline="1504" l="224" t="1477" r="243" b="1503"><formatting lang="OldGerman">
<charParams l="224" t="1477" r="237" b="1502" suspicious="1" charConfidence="26">r</charParams>
<charParams l="238" t="1496" r="243" b="1503" charConfidence="100">.</charParams></formatting></line></par>
</text>
</block>
</page>
</document>