﻿<?xml version="1.0" encoding="UTF-8" standalone="yes"?>
<document xmlns="http://www.abbyy.com/FineReader_xml/FineReader10-schema-v1.xml" version="1.0" producer="ABBYY FineReader Engine 11" languages="" xmlns:xsi="http://www.w3.org/2001/XMLSchema-instance" xsi:schemaLocation="http://www.abbyy.com/FineReader_xml/FineReader10-schema-v1.xml http://www.abbyy.com/FineReader_xml/FineReader10-schema-v1.xml">
<page width="1156" height="1782" resolution="300" originalCoords="1">
<block blockType="Text" blockName="">
<text>
<par startIndent="144">
<line baseline="88" l="556" t="59" r="592" b="88"><formatting lang="OldGerman">
<charParams l="556" t="62" r="571" b="85" suspicious="1" charConfidence="26">l</charParams>
<charParams l="576" t="59" r="592" b="88" charConfidence="100">8</charParams></formatting></line></par>
</text>
</block>
<block blockType="Text" blockName="">
<text>
<par align="Justified" startIndent="1680" lineSpacing="1416">
<line baseline="175" l="259" t="138" r="957" b="187"><formatting lang="OldGerman">
<charParams l="259" t="147" r="288" b="180" charConfidence="28">A</charParams>
<charParams l="288" t="156" r="305" b="179" charConfidence="24">u</charParams>
<charParams l="308" t="148" r="320" b="184" charConfidence="36">f</charParams>
<charParams l="321" t="148" r="340" b="184"> </charParams>
<charParams l="341" t="148" r="356" b="177" charConfidence="28">d</charParams>
<charParams l="361" t="148" r="368" b="176" charConfidence="51">i</charParams>
<charParams l="371" t="155" r="383" b="177" charConfidence="36">e</charParams>
<charParams l="386" t="147" r="399" b="183" charConfidence="100">s</charParams>
<charParams l="397" t="155" r="410" b="177" charConfidence="33">e</charParams>
<charParams l="411" t="143" r="431" b="177"> </charParams>
<charParams l="432" t="143" r="471" b="176" charConfidence="27">W</charParams>
<charParams l="473" t="152" r="485" b="175" charConfidence="25">e</charParams>
<charParams l="488" t="145" r="495" b="173" charConfidence="28">i</charParams>
<charParams l="499" t="142" r="512" b="179" charConfidence="39">s</charParams>
<charParams l="509" t="150" r="522" b="172" charConfidence="43">e</charParams>
<charParams l="523" t="147" r="542" b="172"> </charParams>
<charParams l="543" t="147" r="569" b="170" charConfidence="24">w</charParams>
<charParams l="572" t="138" r="587" b="169" charConfidence="22">ä</charParams>
<charParams l="591" t="147" r="603" b="169" charConfidence="73">r</charParams>
<charParams l="606" t="147" r="617" b="168" charConfidence="28">e</charParams>
<charParams l="621" t="143" r="631" b="169" charConfidence="31">t</charParams>
<charParams l="632" t="139" r="651" b="177"> </charParams>
<charParams l="652" t="139" r="680" b="177" suspicious="1" charConfidence="-1">I</charParams>
<charParams l="684" t="141" r="700" b="181" charConfidence="30">h</charParams>
<charParams l="703" t="150" r="716" b="173" suspicious="1" charConfidence="25">r</charParams>
<charParams l="717" t="141" r="738" b="180"> </charParams>
<charParams l="739" t="141" r="763" b="180" charConfidence="39">F</charParams>
<charParams l="764" t="151" r="777" b="175" charConfidence="47">r</charParams>
<charParams l="779" t="152" r="794" b="175" charConfidence="25">a</charParams>
<charParams l="798" t="152" r="814" b="175" charConfidence="100">u</charParams>
<charParams l="818" t="153" r="829" b="175" charConfidence="25">e</charParams>
<charParams l="833" t="153" r="839" b="175" charConfidence="100">i</charParams>
<charParams l="842" t="152" r="850" b="175" charConfidence="-1">»</charParams>
<charParams l="851" t="152" r="881" b="176"> </charParams>
<charParams l="882" t="152" r="907" b="176" charConfidence="25">w</charParams>
<charParams l="911" t="157" r="925" b="178" charConfidence="52">o</charParams>
<charParams l="928" t="149" r="944" b="187" charConfidence="100">h</charParams>
<charParams l="949" t="150" r="957" b="181" charConfidence="33">l</charParams></formatting></line>
<line baseline="234" l="196" t="198" r="958" b="245"><formatting lang="OldGerman">
<charParams l="196" t="219" r="212" b="241" charConfidence="26">u</charParams>
<charParams l="216" t="218" r="232" b="241" charConfidence="58">n</charParams>
<charParams l="236" t="209" r="253" b="240" suspicious="1" charConfidence="22">ü</charParams>
<charParams l="257" t="209" r="272" b="239" charConfidence="34">b</charParams>
<charParams l="275" t="218" r="287" b="240" charConfidence="26">r</charParams>
<charParams l="289" t="216" r="303" b="239" charConfidence="38">r</charParams>
<charParams l="303" t="216" r="329" b="238" charConfidence="54">w</charParams>
<charParams l="333" t="209" r="341" b="238" charConfidence="28">i</charParams>
<charParams l="344" t="216" r="360" b="237" charConfidence="-1">»</charParams>
<charParams l="364" t="210" r="379" b="236" charConfidence="27">d</charParams>
<charParams l="383" t="208" r="391" b="237" charConfidence="67">l</charParams>
<charParams l="394" t="208" r="401" b="236" charConfidence="17">i</charParams>
<charParams l="405" t="207" r="431" b="242" charConfidence="43">c</charParams>
<charParams l="405" t="207" r="431" b="242" charConfidence="43">h</charParams>
<charParams l="439" t="227" r="449" b="242" charConfidence="100">,</charParams>
<charParams l="450" t="212" r="470" b="242"> </charParams>
<charParams l="471" t="212" r="488" b="235" charConfidence="79">v</charParams>
<charParams l="491" t="211" r="502" b="233" charConfidence="28">e</charParams>
<charParams l="505" t="210" r="517" b="231" charConfidence="71">r</charParams>
<charParams l="520" t="201" r="530" b="236" charConfidence="43">s</charParams>
<charParams l="531" t="209" r="542" b="230" charConfidence="100">e</charParams>
<charParams l="545" t="203" r="563" b="237" charConfidence="34">t</charParams>
<charParams l="545" t="203" r="563" b="237" charConfidence="34">z</charParams>
<charParams l="566" t="204" r="576" b="229" charConfidence="81">t</charParams>
<charParams l="579" t="207" r="591" b="229" charConfidence="30">e</charParams>
<charParams l="592" t="198" r="613" b="229"> </charParams>
<charParams l="614" t="198" r="638" b="229" charConfidence="26">E</charParams>
<charParams l="641" t="202" r="656" b="229" charConfidence="29">d</charParams>
<charParams l="659" t="209" r="676" b="230" charConfidence="66">u</charParams>
<charParams l="679" t="210" r="695" b="231" charConfidence="48">a</charParams>
<charParams l="699" t="211" r="711" b="232" charConfidence="27">r</charParams>
<charParams l="714" t="205" r="729" b="233" charConfidence="28">d</charParams>
<charParams l="741" t="214" r="748" b="234" charConfidence="60">:</charParams>
<charParams l="749" t="213" r="770" b="235"> </charParams>
<charParams l="771" t="213" r="782" b="235" charConfidence="100">e</charParams>
<charParams l="786" t="213" r="799" b="235" charConfidence="100">r</charParams>
<charParams l="802" t="206" r="821" b="244" charConfidence="31">s</charParams>
<charParams l="802" t="206" r="821" b="244" charConfidence="31">t</charParams>
<charParams l="822" t="206" r="839" b="244"> </charParams>
<charParams l="840" t="215" r="856" b="236" charConfidence="100">v</charParams>
<charParams l="860" t="215" r="871" b="236" charConfidence="100">e</charParams>
<charParams l="875" t="214" r="887" b="236" charConfidence="33">r</charParams>
<charParams l="890" t="207" r="909" b="245" charConfidence="35">s</charParams>
<charParams l="890" t="207" r="909" b="245" charConfidence="35">t</charParams>
<charParams l="911" t="207" r="925" b="237" charConfidence="56">ä</charParams>
<charParams l="929" t="216" r="947" b="238" charConfidence="100">n</charParams>
<charParams l="949" t="220" r="958" b="235" charConfidence="100">¬</charParams></formatting></line>
<line baseline="296" l="197" t="258" r="957" b="308"><formatting lang="OldGerman">
<charParams l="197" t="274" r="212" b="301" charConfidence="28">d</charParams>
<charParams l="216" t="274" r="223" b="300" charConfidence="-1">i</charParams>
<charParams l="226" t="278" r="242" b="308" charConfidence="40">g</charParams>
<charParams l="251" t="291" r="261" b="306" charConfidence="96">,</charParams>
<charParams l="262" t="270" r="285" b="306"> </charParams>
<charParams l="286" t="270" r="301" b="299" charConfidence="27">d</charParams>
<charParams l="305" t="276" r="319" b="297" charConfidence="24">a</charParams>
<charParams l="323" t="267" r="338" b="303" suspicious="1" charConfidence="26">s</charParams>
<charParams l="332" t="276" r="339" b="298" charConfidence="30">;</charParams>
<charParams l="340" t="273" r="361" b="298"> </charParams>
<charParams l="362" t="273" r="389" b="296" charConfidence="35">m</charParams>
<charParams l="393" t="274" r="408" b="295" charConfidence="100">a</charParams>
<charParams l="412" t="273" r="429" b="296" charConfidence="26">n</charParams>
<charParams l="430" t="271" r="452" b="296"> </charParams>
<charParams l="453" t="271" r="470" b="294" charConfidence="30">n</charParams>
<charParams l="473" t="264" r="480" b="293" charConfidence="28">i</charParams>
<charParams l="484" t="262" r="509" b="297" charConfidence="42">c</charParams>
<charParams l="484" t="262" r="509" b="297" suspicious="1" charConfidence="42">h</charParams>
<charParams l="512" t="265" r="523" b="291" charConfidence="73">t</charParams>
<charParams l="524" t="265" r="541" b="291"> </charParams>
<charParams l="542" t="265" r="567" b="290" charConfidence="55">w</charParams>
<charParams l="571" t="259" r="578" b="289" charConfidence="100">i</charParams>
<charParams l="582" t="260" r="596" b="288" charConfidence="29">d</charParams>
<charParams l="601" t="266" r="611" b="288" charConfidence="30">e</charParams>
<charParams l="615" t="266" r="626" b="288" charConfidence="29">r</charParams>
<charParams l="630" t="258" r="643" b="294" charConfidence="89">s</charParams>
<charParams l="641" t="266" r="656" b="294" charConfidence="91">p</charParams>
<charParams l="660" t="266" r="673" b="289" charConfidence="46">r</charParams>
<charParams l="675" t="267" r="688" b="290" charConfidence="38">e</charParams>
<charParams l="690" t="261" r="716" b="297" charConfidence="90">c</charParams>
<charParams l="690" t="261" r="716" b="297" charConfidence="90">h</charParams>
<charParams l="719" t="269" r="731" b="291" charConfidence="30">e</charParams>
<charParams l="734" t="270" r="751" b="294" charConfidence="31">n</charParams>
<charParams l="752" t="265" r="770" b="295"> </charParams>
<charParams l="771" t="265" r="782" b="295" charConfidence="27">k</charParams>
<charParams l="784" t="273" r="799" b="295" charConfidence="100">a</charParams>
<charParams l="803" t="274" r="819" b="297" charConfidence="27">n</charParams>
<charParams l="823" t="275" r="840" b="297" charConfidence="40">n</charParams>
<charParams l="848" t="289" r="857" b="303" charConfidence="67">,</charParams>
<charParams l="858" t="268" r="879" b="303"> </charParams>
<charParams l="880" t="268" r="888" b="298" charConfidence="100">l</charParams>
<charParams l="892" t="268" r="899" b="297" charConfidence="80">i</charParams>
<charParams l="902" t="276" r="913" b="298" charConfidence="100">e</charParams>
<charParams l="917" t="268" r="931" b="299" charConfidence="30">b</charParams>
<charParams l="935" t="276" r="946" b="299" charConfidence="39">e</charParams>
<charParams l="948" t="280" r="957" b="295" charConfidence="100">¬</charParams></formatting></line>
<line baseline="355" l="195" t="316" r="955" b="365"><formatting lang="OldGerman">
<charParams l="195" t="339" r="212" b="360" charConfidence="40">v</charParams>
<charParams l="216" t="339" r="230" b="359" charConfidence="40">o</charParams>
<charParams l="234" t="329" r="241" b="359" charConfidence="100">l</charParams>
<charParams l="243" t="329" r="251" b="359" charConfidence="72">l</charParams>
<charParams l="259" t="351" r="268" b="365" charConfidence="77">,</charParams>
<charParams l="269" t="330" r="291" b="365"> </charParams>
<charParams l="292" t="330" r="307" b="357" charConfidence="32">d</charParams>
<charParams l="311" t="335" r="326" b="356" charConfidence="51">a</charParams>
<charParams l="330" t="327" r="345" b="362" charConfidence="29">ß</charParams>
<charParams l="346" t="327" r="368" b="362"> </charParams>
<charParams l="369" t="333" r="396" b="355" charConfidence="71">m</charParams>
<charParams l="400" t="334" r="415" b="355" charConfidence="69">a</charParams>
<charParams l="418" t="332" r="435" b="355" charConfidence="29">n</charParams>
<charParams l="436" t="323" r="458" b="360"> </charParams>
<charParams l="459" t="323" r="478" b="360" charConfidence="83">s</charParams>
<charParams l="459" t="323" r="478" b="360" charConfidence="83">i</charParams>
<charParams l="479" t="321" r="505" b="357" charConfidence="55">c</charParams>
<charParams l="479" t="321" r="505" b="357" charConfidence="55">h</charParams>
<charParams l="506" t="321" r="527" b="357"> </charParams>
<charParams l="528" t="327" r="544" b="357" charConfidence="26">g</charParams>
<charParams l="548" t="328" r="559" b="350" charConfidence="25">e</charParams>
<charParams l="563" t="328" r="574" b="350" charConfidence="27">r</charParams>
<charParams l="578" t="327" r="593" b="349" charConfidence="24">n</charParams>
<charParams l="594" t="316" r="626" b="356"> </charParams>
<charParams l="627" t="316" r="643" b="356" suspicious="1" charConfidence="100">h</charParams>
<charParams l="648" t="318" r="655" b="348" charConfidence="43">i</charParams>
<charParams l="658" t="325" r="675" b="347" charConfidence="50">n</charParams>
<charParams l="677" t="326" r="693" b="355" charConfidence="64">g</charParams>
<charParams l="698" t="319" r="705" b="348" charConfidence="48">i</charParams>
<charParams l="709" t="327" r="720" b="349" charConfidence="27">e</charParams>
<charParams l="723" t="320" r="738" b="350" charConfidence="27">b</charParams>
<charParams l="742" t="326" r="753" b="350" charConfidence="74">t</charParams>
<charParams l="761" t="344" r="770" b="358" charConfidence="73">,</charParams>
<charParams l="771" t="334" r="792" b="363"> </charParams>
<charParams l="793" t="334" r="810" b="363" charConfidence="38">g</charParams>
<charParams l="813" t="334" r="824" b="356" charConfidence="26">e</charParams>
<charParams l="828" t="326" r="841" b="362" charConfidence="47">f</charParams>
<charParams l="841" t="326" r="856" b="357" charConfidence="14">ü</charParams>
<charParams l="861" t="327" r="876" b="365" charConfidence="100">h</charParams>
<charParams l="881" t="329" r="889" b="358" charConfidence="31">l</charParams>
<charParams l="891" t="337" r="906" b="358" charConfidence="52">v</charParams>
<charParams l="911" t="337" r="924" b="359" charConfidence="59">o</charParams>
<charParams l="928" t="330" r="936" b="359" charConfidence="50">l</charParams>
<charParams l="936" t="330" r="945" b="359" charConfidence="16">l</charParams>
<charParams l="946" t="352" r="955" b="365" charConfidence="73">,</charParams></formatting></line>
<line baseline="413" l="196" t="376" r="957" b="424"><formatting lang="OldGerman">
<charParams l="196" t="393" r="212" b="420" charConfidence="55">d</charParams>
<charParams l="215" t="397" r="230" b="419" charConfidence="29">a</charParams>
<charParams l="234" t="390" r="250" b="424" charConfidence="28">ß</charParams>
<charParams l="251" t="390" r="265" b="424"> </charParams>
<charParams l="266" t="395" r="293" b="417" charConfidence="100">m</charParams>
<charParams l="296" t="394" r="311" b="417" charConfidence="25">a</charParams>
<charParams l="315" t="394" r="333" b="416" charConfidence="58">n</charParams>
<charParams l="334" t="384" r="350" b="416"> </charParams>
<charParams l="351" t="384" r="376" b="416" charConfidence="27">E</charParams>
<charParams l="380" t="393" r="395" b="414" charConfidence="45">u</charParams>
<charParams l="399" t="385" r="425" b="421" charConfidence="99">c</charParams>
<charParams l="399" t="385" r="425" b="421" charConfidence="99">h</charParams>
<charParams l="426" t="385" r="443" b="421"> </charParams>
<charParams l="444" t="391" r="461" b="413" charConfidence="37">n</charParams>
<charParams l="464" t="383" r="471" b="412" charConfidence="40">i</charParams>
<charParams l="474" t="380" r="500" b="418" charConfidence="57">c</charParams>
<charParams l="474" t="380" r="500" b="418" charConfidence="57">h</charParams>
<charParams l="504" t="387" r="514" b="410" charConfidence="31">t</charParams>
<charParams l="515" t="387" r="530" b="410"> </charParams>
<charParams l="531" t="387" r="539" b="410" charConfidence="100">»</charParams>
<charParams l="540" t="387" r="556" b="410" charConfidence="30">v</charParams>
<charParams l="560" t="388" r="573" b="410" charConfidence="26">e</charParams>
<charParams l="575" t="378" r="591" b="417" charConfidence="100">h</charParams>
<charParams l="592" t="378" r="608" b="417"> </charParams>
<charParams l="609" t="383" r="619" b="408" charConfidence="77">t</charParams>
<charParams l="623" t="376" r="638" b="416" charConfidence="100">h</charParams>
<charParams l="642" t="386" r="658" b="408" charConfidence="-1">u</charParams>
<charParams l="662" t="386" r="679" b="408" charConfidence="36">n</charParams>
<charParams l="680" t="385" r="696" b="408"> </charParams>
<charParams l="697" t="385" r="724" b="408" charConfidence="83">m</charParams>
<charParams l="729" t="387" r="743" b="408" charConfidence="26">a</charParams>
<charParams l="745" t="388" r="762" b="418" charConfidence="25">g</charParams>
<charParams l="764" t="402" r="773" b="416" charConfidence="73">,</charParams>
<charParams l="774" t="390" r="795" b="416"> </charParams>
<charParams l="796" t="390" r="811" b="411" charConfidence="26">a</charParams>
<charParams l="814" t="384" r="830" b="421" charConfidence="46">h</charParams>
<charParams l="834" t="393" r="851" b="415" charConfidence="91">n</charParams>
<charParams l="854" t="388" r="869" b="415" charConfidence="39">d</charParams>
<charParams l="871" t="395" r="889" b="417" suspicious="1" charConfidence="23">n</charParams>
<charParams l="893" t="396" r="909" b="417" charConfidence="28">n</charParams>
<charParams l="912" t="395" r="928" b="424" charConfidence="62">g</charParams>
<charParams l="931" t="392" r="946" b="418" charConfidence="100">s</charParams>
<charParams l="948" t="401" r="957" b="414" charConfidence="22">-</charParams></formatting></line>
<line baseline="472" l="195" t="440" r="602" b="481"><formatting lang="OldGerman">
<charParams l="195" t="457" r="212" b="478" charConfidence="34">v</charParams>
<charParams l="216" t="456" r="230" b="477" charConfidence="49">o</charParams>
<charParams l="234" t="447" r="242" b="476" charConfidence="70">l</charParams>
<charParams l="242" t="447" r="250" b="477" charConfidence="36">l</charParams>
<charParams l="259" t="468" r="268" b="481" charConfidence="59">,</charParams>
<charParams l="269" t="446" r="291" b="481"> </charParams>
<charParams l="292" t="446" r="307" b="474" charConfidence="29">d</charParams>
<charParams l="311" t="453" r="325" b="474" charConfidence="24">a</charParams>
<charParams l="329" t="444" r="345" b="480" charConfidence="62">ß</charParams>
<charParams l="346" t="444" r="368" b="480"> </charParams>
<charParams l="369" t="450" r="396" b="472" charConfidence="87">m</charParams>
<charParams l="399" t="451" r="415" b="472" charConfidence="65">a</charParams>
<charParams l="417" t="449" r="436" b="472" charConfidence="74">n</charParams>
<charParams l="437" t="449" r="458" b="472"> </charParams>
<charParams l="459" t="449" r="471" b="472" charConfidence="29">e</charParams>
<charParams l="474" t="449" r="487" b="471" charConfidence="54">r</charParams>
<charParams l="490" t="440" r="501" b="476" charConfidence="44">s</charParams>
<charParams l="500" t="440" r="526" b="477" charConfidence="63">c</charParams>
<charParams l="500" t="440" r="526" b="477" charConfidence="63">h</charParams>
<charParams l="529" t="447" r="542" b="470" charConfidence="25">r</charParams>
<charParams l="545" t="440" r="552" b="469" charConfidence="-1">i</charParams>
<charParams l="556" t="448" r="566" b="469" charConfidence="55">c</charParams>
<charParams l="567" t="440" r="579" b="469" charConfidence="34">k</charParams>
<charParams l="581" t="445" r="592" b="469" charConfidence="27">t</charParams>
<charParams l="594" t="461" r="602" b="469" charConfidence="55">.</charParams></formatting></line></par>
<par align="Justified" startIndent="1680" lineSpacing="1416">
<line baseline="594" l="258" t="559" r="960" b="604"><formatting lang="OldGerman">
<charParams l="258" t="564" r="285" b="604" suspicious="1" charConfidence="-1">I</charParams>
<charParams l="289" t="564" r="315" b="603" charConfidence="33">c</charParams>
<charParams l="289" t="564" r="315" b="603" charConfidence="33">h</charParams>
<charParams l="316" t="562" r="335" b="603"> </charParams>
<charParams l="336" t="562" r="351" b="595" charConfidence="28">b</charParams>
<charParams l="355" t="565" r="362" b="594" charConfidence="-1">i</charParams>
<charParams l="366" t="571" r="383" b="595" charConfidence="34">n</charParams>
<charParams l="384" t="570" r="398" b="595"> </charParams>
<charParams l="399" t="570" r="414" b="594" charConfidence="25">n</charParams>
<charParams l="419" t="562" r="426" b="594" charConfidence="-1">i</charParams>
<charParams l="430" t="562" r="455" b="601" charConfidence="59">c</charParams>
<charParams l="430" t="562" r="455" b="601" charConfidence="59">h</charParams>
<charParams l="460" t="567" r="470" b="595" charConfidence="34">t</charParams>
<charParams l="471" t="567" r="492" b="595"> </charParams>
<charParams l="493" t="571" r="507" b="593" charConfidence="100">a</charParams>
<charParams l="512" t="561" r="526" b="593" charConfidence="59">b</charParams>
<charParams l="531" t="571" r="541" b="593" charConfidence="100">e</charParams>
<charParams l="545" t="570" r="558" b="594" charConfidence="100">r</charParams>
<charParams l="560" t="571" r="576" b="602" charConfidence="28">g</charParams>
<charParams l="579" t="563" r="586" b="594" charConfidence="63">l</charParams>
<charParams l="589" t="561" r="604" b="593" charConfidence="27">ä</charParams>
<charParams l="608" t="570" r="623" b="594" charConfidence="25">u</charParams>
<charParams l="628" t="562" r="642" b="593" charConfidence="83">b</charParams>
<charParams l="647" t="563" r="654" b="593" charConfidence="100">i</charParams>
<charParams l="658" t="561" r="669" b="600" charConfidence="37">s</charParams>
<charParams l="668" t="561" r="693" b="600" charConfidence="100">c</charParams>
<charParams l="668" t="561" r="693" b="600" suspicious="1" charConfidence="100">h</charParams>
<charParams l="703" t="584" r="713" b="600" charConfidence="88">,</charParams>
<charParams l="714" t="570" r="734" b="600"> </charParams>
<charParams l="735" t="570" r="752" b="594" charConfidence="51">v</charParams>
<charParams l="756" t="570" r="767" b="594" charConfidence="26">e</charParams>
<charParams l="770" t="570" r="782" b="594" charConfidence="100">r</charParams>
<charParams l="786" t="562" r="798" b="600" charConfidence="72">s</charParams>
<charParams l="797" t="570" r="808" b="593" charConfidence="100">e</charParams>
<charParams l="811" t="565" r="827" b="601" charConfidence="98">t</charParams>
<charParams l="811" t="565" r="827" b="601" charConfidence="98">z</charParams>
<charParams l="831" t="566" r="842" b="594" charConfidence="37">t</charParams>
<charParams l="844" t="570" r="856" b="594" charConfidence="40">e</charParams>
<charParams l="857" t="560" r="871" b="594"> </charParams>
<charParams l="872" t="560" r="895" b="594" charConfidence="42">C</charParams>
<charParams l="898" t="559" r="913" b="602" charConfidence="84">h</charParams>
<charParams l="918" t="569" r="932" b="592" charConfidence="32">a</charParams>
<charParams l="936" t="570" r="949" b="592" charConfidence="47">r</charParams>
<charParams l="951" t="574" r="960" b="588" charConfidence="22">¬</charParams></formatting></line>
<line baseline="656" l="197" t="623" r="960" b="664"><formatting lang="OldGerman">
<charParams l="197" t="631" r="205" b="661" charConfidence="25">l</charParams>
<charParams l="209" t="638" r="222" b="660" charConfidence="68">o</charParams>
<charParams l="226" t="634" r="235" b="659" charConfidence="34">t</charParams>
<charParams l="239" t="634" r="248" b="659" charConfidence="100">t</charParams>
<charParams l="251" t="637" r="263" b="658" charConfidence="37">e</charParams>
<charParams l="271" t="650" r="280" b="664" charConfidence="81">,</charParams>
<charParams l="281" t="635" r="313" b="664"> </charParams>
<charParams l="314" t="635" r="331" b="658" charConfidence="79">u</charParams>
<charParams l="334" t="635" r="351" b="657" charConfidence="77">n</charParams>
<charParams l="354" t="629" r="370" b="657" charConfidence="30">d</charParams>
<charParams l="371" t="629" r="400" b="664"> </charParams>
<charParams l="401" t="634" r="417" b="664" charConfidence="28">g</charParams>
<charParams l="421" t="634" r="432" b="654" charConfidence="26">e</charParams>
<charParams l="436" t="625" r="451" b="656" charConfidence="48">b</charParams>
<charParams l="455" t="633" r="467" b="656" charConfidence="27">e</charParams>
<charParams l="468" t="633" r="488" b="656"> </charParams>
<charParams l="489" t="633" r="507" b="655" charConfidence="100">n</charParams>
<charParams l="510" t="626" r="518" b="656" charConfidence="31">i</charParams>
<charParams l="521" t="625" r="547" b="661" charConfidence="55">c</charParams>
<charParams l="521" t="625" r="547" b="661" charConfidence="55">h</charParams>
<charParams l="551" t="630" r="560" b="655" charConfidence="30">t</charParams>
<charParams l="562" t="628" r="577" b="655" charConfidence="-1">s</charParams>
<charParams l="578" t="628" r="601" b="655"> </charParams>
<charParams l="602" t="633" r="616" b="655" charConfidence="100">a</charParams>
<charParams l="620" t="633" r="637" b="656" charConfidence="41">u</charParams>
<charParams l="640" t="624" r="654" b="662" charConfidence="74">f</charParams>
<charParams l="655" t="624" r="673" b="662"> </charParams>
<charParams l="674" t="628" r="688" b="656" charConfidence="28">d</charParams>
<charParams l="692" t="625" r="700" b="656" charConfidence="100">i</charParams>
<charParams l="703" t="634" r="714" b="656" charConfidence="30">e</charParams>
<charParams l="718" t="625" r="730" b="662" charConfidence="54">s</charParams>
<charParams l="729" t="634" r="741" b="656" charConfidence="27">e</charParams>
<charParams l="742" t="627" r="762" b="656"> </charParams>
<charParams l="763" t="627" r="779" b="655" charConfidence="33">d</charParams>
<charParams l="782" t="633" r="798" b="656" charConfidence="-1">u</charParams>
<charParams l="802" t="632" r="818" b="656" charConfidence="100">n</charParams>
<charParams l="822" t="625" r="834" b="656" charConfidence="29">k</charParams>
<charParams l="837" t="626" r="844" b="656" charConfidence="69">l</charParams>
<charParams l="847" t="633" r="859" b="655" charConfidence="46">e</charParams>
<charParams l="862" t="633" r="878" b="655" charConfidence="78">n</charParams>
<charParams l="879" t="623" r="901" b="655"> </charParams>
<charParams l="902" t="623" r="929" b="655" charConfidence="39">A</charParams>
<charParams l="931" t="631" r="947" b="655" charConfidence="65">n</charParams>
<charParams l="950" t="636" r="960" b="651" charConfidence="22">¬</charParams></formatting></line>
<line baseline="717" l="198" t="684" r="960" b="727"><formatting lang="OldGerman">
<charParams l="198" t="698" r="210" b="721" charConfidence="53">r</charParams>
<charParams l="213" t="698" r="225" b="720" charConfidence="41">e</charParams>
<charParams l="227" t="698" r="242" b="727" charConfidence="57">g</charParams>
<charParams l="246" t="697" r="262" b="719" charConfidence="56">u</charParams>
<charParams l="266" t="696" r="282" b="719" charConfidence="68">n</charParams>
<charParams l="286" t="696" r="301" b="726" charConfidence="100">g</charParams>
<charParams l="305" t="696" r="317" b="718" charConfidence="29">e</charParams>
<charParams l="319" t="696" r="337" b="718" charConfidence="100">n</charParams>
<charParams l="345" t="709" r="354" b="724" charConfidence="71">,</charParams>
<charParams l="355" t="687" r="377" b="724"> </charParams>
<charParams l="378" t="687" r="386" b="719" charConfidence="26">i</charParams>
<charParams l="389" t="694" r="405" b="717" charConfidence="63">n</charParams>
<charParams l="410" t="686" r="420" b="722" charConfidence="37">s</charParams>
<charParams l="421" t="695" r="435" b="716" charConfidence="62">o</charParams>
<charParams l="437" t="686" r="453" b="723" charConfidence="99">f</charParams>
<charParams l="451" t="694" r="462" b="716" charConfidence="34">e</charParams>
<charParams l="465" t="694" r="477" b="716" charConfidence="55">r</charParams>
<charParams l="480" t="694" r="497" b="717" charConfidence="44">n</charParams>
<charParams l="498" t="686" r="520" b="725"> </charParams>
<charParams l="521" t="686" r="539" b="725" charConfidence="83">s</charParams>
<charParams l="521" t="686" r="539" b="725" charConfidence="83">i</charParams>
<charParams l="541" t="694" r="554" b="717" charConfidence="27">e</charParams>
<charParams l="555" t="694" r="576" b="717"> </charParams>
<charParams l="577" t="694" r="593" b="716" charConfidence="44">n</charParams>
<charParams l="597" t="695" r="613" b="717" charConfidence="-1">u</charParams>
<charParams l="617" t="694" r="630" b="717" charConfidence="25">r</charParams>
<charParams l="631" t="686" r="651" b="722"> </charParams>
<charParams l="652" t="686" r="665" b="722" charConfidence="100">s</charParams>
<charParams l="664" t="695" r="677" b="716" charConfidence="33">o</charParams>
<charParams l="682" t="687" r="690" b="716" charConfidence="48">l</charParams>
<charParams l="692" t="686" r="717" b="724" charConfidence="100">c</charParams>
<charParams l="692" t="686" r="717" b="724" charConfidence="100">h</charParams>
<charParams l="721" t="695" r="734" b="717" charConfidence="29">e</charParams>
<charParams l="735" t="692" r="755" b="717"> </charParams>
<charParams l="756" t="692" r="781" b="717" charConfidence="58">w</charParams>
<charParams l="785" t="685" r="799" b="717" charConfidence="61">ä</charParams>
<charParams l="803" t="694" r="815" b="716" charConfidence="100">r</charParams>
<charParams l="818" t="694" r="829" b="717" charConfidence="100">e</charParams>
<charParams l="832" t="694" r="849" b="717" charConfidence="100">n</charParams>
<charParams l="862" t="695" r="870" b="724" charConfidence="66">;</charParams>
<charParams l="871" t="694" r="894" b="724"> </charParams>
<charParams l="895" t="694" r="910" b="716" charConfidence="28">a</charParams>
<charParams l="914" t="684" r="928" b="716" charConfidence="45">b</charParams>
<charParams l="933" t="693" r="944" b="716" charConfidence="26">e</charParams>
<charParams l="947" t="693" r="960" b="716" charConfidence="54">r</charParams></formatting></line>
<line baseline="777" l="197" t="745" r="961" b="787"><formatting lang="OldGerman">
<charParams l="197" t="757" r="209" b="780" charConfidence="26">e</charParams>
<charParams l="212" t="752" r="226" b="780" charConfidence="100">s</charParams>
<charParams l="227" t="749" r="250" b="787"> </charParams>
<charParams l="251" t="749" r="268" b="787" charConfidence="100">s</charParams>
<charParams l="251" t="749" r="268" b="787" charConfidence="100">i</charParams>
<charParams l="271" t="756" r="287" b="778" charConfidence="53">n</charParams>
<charParams l="291" t="751" r="306" b="778" charConfidence="26">d</charParams>
<charParams l="307" t="751" r="329" b="778"> </charParams>
<charParams l="330" t="754" r="359" b="778" charConfidence="57">m</charParams>
<charParams l="362" t="754" r="373" b="776" charConfidence="26">e</charParams>
<charParams l="377" t="747" r="384" b="776" suspicious="1" charConfidence="100">i</charParams>
<charParams l="388" t="746" r="406" b="783" charConfidence="39">s</charParams>
<charParams l="388" t="746" r="406" b="783" suspicious="1" charConfidence="39">t</charParams>
<charParams l="410" t="754" r="421" b="776" charConfidence="26">e</charParams>
<charParams l="424" t="754" r="441" b="776" charConfidence="78">n</charParams>
<charParams l="444" t="751" r="454" b="776" charConfidence="42">t</charParams>
<charParams l="457" t="745" r="474" b="780" charConfidence="70">h</charParams>
<charParams l="477" t="753" r="489" b="775" charConfidence="71">e</charParams>
<charParams l="492" t="747" r="500" b="774" suspicious="1" charConfidence="26">i</charParams>
<charParams l="503" t="746" r="511" b="775" charConfidence="45">l</charParams>
<charParams l="513" t="749" r="529" b="776" charConfidence="100">s</charParams>
<charParams l="530" t="749" r="550" b="776"> </charParams>
<charParams l="551" t="754" r="569" b="776" charConfidence="34">u</charParams>
<charParams l="571" t="753" r="588" b="776" charConfidence="35">n</charParams>
<charParams l="592" t="745" r="607" b="776" charConfidence="37">b</charParams>
<charParams l="611" t="754" r="622" b="776" charConfidence="29">e</charParams>
<charParams l="625" t="753" r="649" b="776" charConfidence="54">w</charParams>
<charParams l="653" t="754" r="669" b="776" charConfidence="58">u</charParams>
<charParams l="673" t="746" r="689" b="783" charConfidence="30">ß</charParams>
<charParams l="692" t="753" r="702" b="777" charConfidence="26">t</charParams>
<charParams l="705" t="755" r="717" b="777" charConfidence="48">e</charParams>
<charParams l="718" t="745" r="745" b="777"> </charParams>
<charParams l="746" t="745" r="771" b="777" charConfidence="27">E</charParams>
<charParams l="774" t="754" r="786" b="777" charConfidence="32">r</charParams>
<charParams l="790" t="747" r="797" b="777" charConfidence="59">i</charParams>
<charParams l="801" t="755" r="816" b="777" charConfidence="37">n</charParams>
<charParams l="820" t="754" r="836" b="777" charConfidence="31">n</charParams>
<charParams l="840" t="755" r="851" b="776" charConfidence="26">e</charParams>
<charParams l="855" t="755" r="868" b="777" charConfidence="71">r</charParams>
<charParams l="871" t="755" r="886" b="777" charConfidence="32">u</charParams>
<charParams l="889" t="754" r="906" b="777" charConfidence="43">n</charParams>
<charParams l="909" t="754" r="925" b="785" charConfidence="46">g</charParams>
<charParams l="929" t="755" r="940" b="777" charConfidence="29">e</charParams>
<charParams l="942" t="754" r="961" b="777" charConfidence="50">n</charParams></formatting></line>
<line baseline="836" l="195" t="804" r="960" b="845"><formatting lang="OldGerman">
<charParams l="195" t="816" r="212" b="845" charConfidence="29">g</charParams>
<charParams l="216" t="809" r="223" b="838" charConfidence="45">l</charParams>
<charParams l="226" t="807" r="242" b="837" charConfidence="24">ü</charParams>
<charParams l="246" t="809" r="269" b="838" charConfidence="22">c</charParams>
<charParams l="246" t="809" r="269" b="838" charConfidence="22">k</charParams>
<charParams l="272" t="809" r="280" b="837" charConfidence="37">l</charParams>
<charParams l="283" t="808" r="290" b="837" charConfidence="100">i</charParams>
<charParams l="292" t="807" r="319" b="842" charConfidence="61">c</charParams>
<charParams l="292" t="807" r="319" b="842" charConfidence="61">h</charParams>
<charParams l="322" t="815" r="334" b="837" charConfidence="59">e</charParams>
<charParams l="337" t="814" r="350" b="837" charConfidence="24">r</charParams>
<charParams l="351" t="814" r="371" b="837"> </charParams>
<charParams l="372" t="814" r="389" b="837" charConfidence="31">u</charParams>
<charParams l="393" t="814" r="409" b="836" charConfidence="100">n</charParams>
<charParams l="412" t="808" r="428" b="835" charConfidence="41">d</charParams>
<charParams l="429" t="808" r="451" b="836"> </charParams>
<charParams l="452" t="813" r="469" b="836" charConfidence="42">u</charParams>
<charParams l="472" t="813" r="489" b="835" charConfidence="100">n</charParams>
<charParams l="491" t="813" r="507" b="842" charConfidence="39">g</charParams>
<charParams l="511" t="806" r="519" b="836" charConfidence="53">l</charParams>
<charParams l="522" t="805" r="538" b="835" charConfidence="22">ü</charParams>
<charParams l="541" t="806" r="564" b="835" charConfidence="52">c</charParams>
<charParams l="541" t="806" r="564" b="835" charConfidence="52">k</charParams>
<charParams l="567" t="808" r="575" b="836" charConfidence="48">l</charParams>
<charParams l="579" t="807" r="586" b="835" charConfidence="26">i</charParams>
<charParams l="589" t="806" r="615" b="843" charConfidence="67">c</charParams>
<charParams l="589" t="806" r="615" b="843" charConfidence="67">h</charParams>
<charParams l="618" t="814" r="630" b="838" charConfidence="25">e</charParams>
<charParams l="633" t="813" r="646" b="836" charConfidence="55">r</charParams>
<charParams l="647" t="804" r="674" b="842"> </charParams>
<charParams l="675" t="804" r="698" b="842" charConfidence="44">F</charParams>
<charParams l="701" t="814" r="715" b="836" charConfidence="48">o</charParams>
<charParams l="719" t="807" r="727" b="836" charConfidence="72">l</charParams>
<charParams l="728" t="814" r="743" b="843" charConfidence="31">g</charParams>
<charParams l="747" t="814" r="759" b="836" charConfidence="40">e</charParams>
<charParams l="762" t="814" r="779" b="836" charConfidence="30">n</charParams>
<charParams l="790" t="827" r="799" b="842" charConfidence="100">,</charParams>
<charParams l="800" t="808" r="828" b="842"> </charParams>
<charParams l="829" t="808" r="845" b="836" charConfidence="81">d</charParams>
<charParams l="848" t="807" r="856" b="836" charConfidence="25">i</charParams>
<charParams l="859" t="814" r="872" b="836" charConfidence="49">e</charParams>
<charParams l="873" t="811" r="906" b="836"> </charParams>
<charParams l="907" t="811" r="932" b="834" charConfidence="55">w</charParams>
<charParams l="936" t="805" r="944" b="833" charConfidence="33">i</charParams>
<charParams l="947" t="811" r="960" b="834" charConfidence="29">r</charParams></formatting></line>
<line baseline="892" l="196" t="861" r="961" b="900"><formatting lang="OldGerman">
<charParams l="196" t="873" r="212" b="895" charConfidence="43">a</charParams>
<charParams l="214" t="867" r="233" b="894" suspicious="1" charConfidence="23">N</charParams>
<charParams l="234" t="867" r="262" b="894"> </charParams>
<charParams l="263" t="872" r="276" b="893" charConfidence="41">e</charParams>
<charParams l="279" t="865" r="287" b="892" charConfidence="40">i</charParams>
<charParams l="288" t="872" r="305" b="900" charConfidence="42">g</charParams>
<charParams l="308" t="871" r="320" b="892" charConfidence="27">e</charParams>
<charParams l="323" t="871" r="340" b="892" charConfidence="38">n</charParams>
<charParams l="343" t="871" r="355" b="891" charConfidence="29">e</charParams>
<charParams l="357" t="871" r="376" b="892" charConfidence="40">n</charParams>
<charParams l="377" t="870" r="405" b="892"> </charParams>
<charParams l="406" t="870" r="421" b="890" charConfidence="32">o</charParams>
<charParams l="423" t="865" r="439" b="892" charConfidence="28">d</charParams>
<charParams l="442" t="871" r="454" b="891" charConfidence="26">e</charParams>
<charParams l="456" t="870" r="470" b="891" charConfidence="100">r</charParams>
<charParams l="471" t="863" r="498" b="898"> </charParams>
<charParams l="499" t="863" r="514" b="898" charConfidence="31">f</charParams>
<charParams l="513" t="871" r="526" b="892" charConfidence="52">r</charParams>
<charParams l="528" t="871" r="540" b="893" charConfidence="26">e</charParams>
<charParams l="540" t="870" r="569" b="892" charConfidence="59">m</charParams>
<charParams l="572" t="866" r="587" b="891" charConfidence="39">d</charParams>
<charParams l="590" t="871" r="603" b="892" charConfidence="26">e</charParams>
<charParams l="605" t="870" r="624" b="891" charConfidence="31">n</charParams>
<charParams l="625" t="861" r="652" b="897"> </charParams>
<charParams l="653" t="861" r="684" b="897" charConfidence="29">H</charParams>
<charParams l="687" t="870" r="701" b="890" charConfidence="25">a</charParams>
<charParams l="705" t="870" r="722" b="890" charConfidence="33">n</charParams>
<charParams l="725" t="865" r="740" b="890" charConfidence="28">d</charParams>
<charParams l="744" t="864" r="752" b="891" charConfidence="30">l</charParams>
<charParams l="754" t="870" r="771" b="890" charConfidence="32">u</charParams>
<charParams l="775" t="870" r="791" b="890" charConfidence="100">n</charParams>
<charParams l="793" t="870" r="810" b="896" charConfidence="34">g</charParams>
<charParams l="813" t="870" r="826" b="890" charConfidence="26">e</charParams>
<charParams l="827" t="869" r="848" b="890" charConfidence="24">n</charParams>
<charParams l="849" t="869" r="875" b="891"> </charParams>
<charParams l="876" t="870" r="889" b="891" charConfidence="100">e</charParams>
<charParams l="891" t="869" r="904" b="891" charConfidence="94">r</charParams>
<charParams l="907" t="862" r="915" b="891" charConfidence="57">l</charParams>
<charParams l="917" t="870" r="929" b="891" charConfidence="34">e</charParams>
<charParams l="932" t="861" r="947" b="891" charConfidence="63">b</charParams>
<charParams l="950" t="867" r="961" b="893" charConfidence="49">t</charParams></formatting></line>
<line baseline="949" l="196" t="916" r="960" b="963"><formatting lang="OldGerman">
<charParams l="196" t="923" r="213" b="963" suspicious="1" charConfidence="69">h</charParams>
<charParams l="217" t="931" r="231" b="952" charConfidence="27">a</charParams>
<charParams l="235" t="922" r="250" b="952" charConfidence="83">b</charParams>
<charParams l="254" t="929" r="265" b="951" charConfidence="27">e</charParams>
<charParams l="269" t="928" r="285" b="950" charConfidence="43">n</charParams>
<charParams l="289" t="942" r="296" b="950" charConfidence="100">.</charParams>
<charParams l="297" t="916" r="341" b="950"> </charParams>
<charParams l="342" t="916" r="376" b="949" charConfidence="34">N</charParams>
<charParams l="380" t="919" r="387" b="947" charConfidence="27">i</charParams>
<charParams l="390" t="918" r="416" b="953" charConfidence="62">c</charParams>
<charParams l="390" t="918" r="416" b="953" charConfidence="62">h</charParams>
<charParams l="419" t="923" r="429" b="948" charConfidence="52">t</charParams>
<charParams l="431" t="920" r="447" b="947" charConfidence="100">s</charParams>
<charParams l="448" t="919" r="478" b="947"> </charParams>
<charParams l="479" t="919" r="487" b="946" charConfidence="100">i</charParams>
<charParams l="491" t="918" r="510" b="954" charConfidence="32">s</charParams>
<charParams l="491" t="918" r="510" b="954" charConfidence="32">t</charParams>
<charParams l="511" t="917" r="539" b="954"> </charParams>
<charParams l="540" t="917" r="556" b="946" charConfidence="100">b</charParams>
<charParams l="560" t="925" r="572" b="947" charConfidence="46">e</charParams>
<charParams l="575" t="919" r="589" b="946" charConfidence="30">d</charParams>
<charParams l="593" t="925" r="606" b="947" charConfidence="32">e</charParams>
<charParams l="608" t="924" r="624" b="947" charConfidence="100">u</charParams>
<charParams l="628" t="922" r="638" b="947" charConfidence="28">t</charParams>
<charParams l="640" t="925" r="653" b="947" charConfidence="36">e</charParams>
<charParams l="656" t="925" r="672" b="947" charConfidence="89">n</charParams>
<charParams l="676" t="920" r="691" b="947" charConfidence="30">d</charParams>
<charParams l="694" t="925" r="706" b="947" charConfidence="50">e</charParams>
<charParams l="709" t="925" r="722" b="947" charConfidence="49">r</charParams>
<charParams l="723" t="919" r="745" b="948"> </charParams>
<charParams l="746" t="919" r="753" b="948" charConfidence="42">i</charParams>
<charParams l="757" t="926" r="773" b="950" charConfidence="37">n</charParams>
<charParams l="774" t="920" r="795" b="957"> </charParams>
<charParams l="796" t="920" r="805" b="957" charConfidence="47">j</charParams>
<charParams l="809" t="928" r="819" b="949" charConfidence="32">e</charParams>
<charParams l="823" t="921" r="837" b="950" charConfidence="31">d</charParams>
<charParams l="841" t="928" r="852" b="949" charConfidence="100">e</charParams>
<charParams l="856" t="928" r="884" b="950" charConfidence="100">m</charParams>
<charParams l="885" t="919" r="905" b="956"> </charParams>
<charParams l="906" t="919" r="927" b="956" charConfidence="53">Z</charParams>
<charParams l="931" t="929" r="947" b="951" charConfidence="69">u</charParams>
<charParams l="950" t="932" r="960" b="947" charConfidence="22">¬</charParams></formatting></line>
<line baseline="1009" l="196" t="974" r="958" b="1022"><formatting lang="OldGerman">
<charParams l="196" t="984" r="216" b="1022" charConfidence="34">s</charParams>
<charParams l="196" t="984" r="216" b="1022" charConfidence="34">t</charParams>
<charParams l="219" t="991" r="233" b="1012" charConfidence="54">a</charParams>
<charParams l="237" t="989" r="254" b="1011" charConfidence="100">n</charParams>
<charParams l="257" t="983" r="272" b="1010" charConfidence="30">d</charParams>
<charParams l="276" t="988" r="288" b="1010" charConfidence="32">e</charParams>
<charParams l="297" t="1000" r="306" b="1016" charConfidence="100">,</charParams>
<charParams l="307" t="986" r="328" b="1016"> </charParams>
<charParams l="329" t="986" r="345" b="1007" charConfidence="54">a</charParams>
<charParams l="349" t="979" r="356" b="1008" charConfidence="100">l</charParams>
<charParams l="359" t="980" r="373" b="1008" charConfidence="100">s</charParams>
<charParams l="374" t="979" r="391" b="1008"> </charParams>
<charParams l="392" t="979" r="407" b="1006" charConfidence="29">d</charParams>
<charParams l="411" t="977" r="418" b="1005" charConfidence="33">i</charParams>
<charParams l="421" t="984" r="434" b="1006" charConfidence="27">e</charParams>
<charParams l="435" t="974" r="449" b="1006"> </charParams>
<charParams l="450" t="974" r="484" b="1006" charConfidence="91">D</charParams>
<charParams l="487" t="984" r="502" b="1005" charConfidence="33">a</charParams>
<charParams l="506" t="984" r="518" b="1016" charConfidence="53">z</charParams>
<charParams l="520" t="983" r="545" b="1006" charConfidence="52">w</charParams>
<charParams l="549" t="976" r="557" b="1005" charConfidence="100">i</charParams>
<charParams l="560" t="975" r="573" b="1013" charConfidence="74">s</charParams>
<charParams l="571" t="977" r="596" b="1010" charConfidence="55">c</charParams>
<charParams l="571" t="977" r="596" b="1010" suspicious="1" charConfidence="55">h</charParams>
<charParams l="600" t="985" r="612" b="1006" charConfidence="32">e</charParams>
<charParams l="615" t="984" r="630" b="1006" charConfidence="54">n</charParams>
<charParams l="635" t="975" r="647" b="1007" charConfidence="47">k</charParams>
<charParams l="649" t="985" r="665" b="1007" charConfidence="31">u</charParams>
<charParams l="669" t="985" r="684" b="1007" suspicious="1" charConfidence="53">n</charParams>
<charParams l="689" t="976" r="702" b="1014" suspicious="1" charConfidence="44">f</charParams>
<charParams l="702" t="982" r="712" b="1008" charConfidence="49">t</charParams>
<charParams l="713" t="982" r="733" b="1009"> </charParams>
<charParams l="734" t="987" r="747" b="1009" charConfidence="32">e</charParams>
<charParams l="749" t="978" r="757" b="1008" charConfidence="55">i</charParams>
<charParams l="760" t="987" r="776" b="1009" charConfidence="100">n</charParams>
<charParams l="780" t="988" r="792" b="1010" charConfidence="100">e</charParams>
<charParams l="795" t="983" r="810" b="1010" charConfidence="-1">s</charParams>
<charParams l="811" t="980" r="826" b="1012"> </charParams>
<charParams l="827" t="980" r="860" b="1012" charConfidence="41">D</charParams>
<charParams l="865" t="990" r="877" b="1012" charConfidence="100">r</charParams>
<charParams l="880" t="984" r="887" b="1012" charConfidence="42">i</charParams>
<charParams l="891" t="987" r="900" b="1013" charConfidence="53">t</charParams>
<charParams l="903" t="986" r="913" b="1012" charConfidence="58">t</charParams>
<charParams l="916" t="990" r="927" b="1012" charConfidence="34">e</charParams>
<charParams l="930" t="989" r="947" b="1013" charConfidence="34">n</charParams>
<charParams l="950" t="1005" r="958" b="1013" charConfidence="91">.</charParams></formatting></line>
<line baseline="1069" l="195" t="1035" r="959" b="1078"><formatting lang="OldGerman">
<charParams l="195" t="1041" r="222" b="1078" suspicious="1" charConfidence="-1">I</charParams>
<charParams l="226" t="1041" r="252" b="1074" charConfidence="55">c</charParams>
<charParams l="226" t="1041" r="252" b="1074" charConfidence="55">h</charParams>
<charParams l="253" t="1039" r="275" b="1077"> </charParams>
<charParams l="276" t="1039" r="293" b="1077" suspicious="1" charConfidence="74">h</charParams>
<charParams l="296" t="1047" r="311" b="1067" charConfidence="49">a</charParams>
<charParams l="315" t="1038" r="330" b="1068" charConfidence="42">b</charParams>
<charParams l="334" t="1046" r="346" b="1067" charConfidence="48">e</charParams>
<charParams l="347" t="1035" r="368" b="1071"> </charParams>
<charParams l="369" t="1035" r="392" b="1071" charConfidence="51">F</charParams>
<charParams l="394" t="1045" r="406" b="1065" charConfidence="91">r</charParams>
<charParams l="409" t="1044" r="420" b="1065" charConfidence="26">e</charParams>
<charParams l="423" t="1044" r="440" b="1064" charConfidence="39">u</charParams>
<charParams l="443" t="1043" r="458" b="1065" charConfidence="35">n</charParams>
<charParams l="463" t="1037" r="478" b="1065" charConfidence="90">d</charParams>
<charParams l="482" t="1044" r="494" b="1065" charConfidence="37">e</charParams>
<charParams l="495" t="1044" r="515" b="1073"> </charParams>
<charParams l="516" t="1044" r="532" b="1073" charConfidence="43">g</charParams>
<charParams l="536" t="1044" r="548" b="1066" charConfidence="100">e</charParams>
<charParams l="552" t="1036" r="562" b="1070" charConfidence="26">s</charParams>
<charParams l="561" t="1044" r="573" b="1066" charConfidence="100">e</charParams>
<charParams l="576" t="1036" r="592" b="1073" charConfidence="48">h</charParams>
<charParams l="596" t="1045" r="607" b="1066" charConfidence="28">e</charParams>
<charParams l="611" t="1045" r="628" b="1067" charConfidence="83">n</charParams>
<charParams l="638" t="1061" r="646" b="1074" charConfidence="59">,</charParams>
<charParams l="647" t="1036" r="678" b="1074"> </charParams>
<charParams l="679" t="1036" r="710" b="1069" charConfidence="26">G</charParams>
<charParams l="714" t="1047" r="725" b="1069" charConfidence="27">e</charParams>
<charParams l="729" t="1039" r="741" b="1075" charConfidence="29">s</charParams>
<charParams l="739" t="1041" r="764" b="1074" charConfidence="55">c</charParams>
<charParams l="739" t="1041" r="764" b="1074" charConfidence="55">h</charParams>
<charParams l="768" t="1047" r="792" b="1070" charConfidence="59">w</charParams>
<charParams l="797" t="1042" r="803" b="1070" charConfidence="54">i</charParams>
<charParams l="808" t="1042" r="826" b="1078" charConfidence="30">s</charParams>
<charParams l="808" t="1042" r="826" b="1078" charConfidence="30">t</charParams>
<charParams l="830" t="1050" r="841" b="1072" charConfidence="31">e</charParams>
<charParams l="845" t="1049" r="857" b="1072" charConfidence="27">r</charParams>
<charParams l="864" t="1063" r="873" b="1078" charConfidence="85">,</charParams>
<charParams l="874" t="1042" r="904" b="1078"> </charParams>
<charParams l="905" t="1042" r="922" b="1073" charConfidence="35">L</charParams>
<charParams l="926" t="1044" r="932" b="1071" charConfidence="27">i</charParams>
<charParams l="936" t="1049" r="948" b="1072" charConfidence="26">e</charParams>
<charParams l="950" t="1054" r="959" b="1068" charConfidence="100">¬</charParams></formatting></line>
<line baseline="1129" l="196" t="1094" r="958" b="1138"><formatting lang="OldGerman">
<charParams l="196" t="1101" r="212" b="1132" charConfidence="85">b</charParams>
<charParams l="216" t="1109" r="227" b="1131" charConfidence="26">e</charParams>
<charParams l="230" t="1108" r="247" b="1130" charConfidence="72">n</charParams>
<charParams l="250" t="1102" r="265" b="1129" charConfidence="29">d</charParams>
<charParams l="268" t="1107" r="281" b="1130" charConfidence="27">e</charParams>
<charParams l="288" t="1119" r="297" b="1135" charConfidence="77">,</charParams>
<charParams l="298" t="1094" r="328" b="1135"> </charParams>
<charParams l="329" t="1094" r="360" b="1127" charConfidence="27">G</charParams>
<charParams l="364" t="1104" r="379" b="1125" charConfidence="44">a</charParams>
<charParams l="383" t="1101" r="393" b="1125" charConfidence="33">t</charParams>
<charParams l="396" t="1101" r="405" b="1125" charConfidence="37">t</charParams>
<charParams l="408" t="1103" r="420" b="1124" charConfidence="58">e</charParams>
<charParams l="424" t="1103" r="439" b="1125" charConfidence="62">n</charParams>
<charParams l="448" t="1117" r="457" b="1131" charConfidence="79">,</charParams>
<charParams l="458" t="1099" r="487" b="1131"> </charParams>
<charParams l="488" t="1099" r="502" b="1126" charConfidence="26">d</charParams>
<charParams l="507" t="1105" r="518" b="1126" charConfidence="25">e</charParams>
<charParams l="521" t="1105" r="533" b="1126" charConfidence="53">r</charParams>
<charParams l="537" t="1105" r="548" b="1127" charConfidence="25">e</charParams>
<charParams l="551" t="1106" r="568" b="1128" charConfidence="33">n</charParams>
<charParams l="569" t="1097" r="599" b="1129"> </charParams>
<charParams l="600" t="1097" r="628" b="1129" charConfidence="36">V</charParams>
<charParams l="632" t="1106" r="643" b="1128" charConfidence="26">e</charParams>
<charParams l="647" t="1106" r="658" b="1129" charConfidence="26">r</charParams>
<charParams l="661" t="1098" r="677" b="1138" charConfidence="67">h</charParams>
<charParams l="681" t="1099" r="696" b="1129" charConfidence="26">ä</charParams>
<charParams l="700" t="1102" r="706" b="1129" charConfidence="35">l</charParams>
<charParams l="711" t="1106" r="720" b="1129" charConfidence="37">t</charParams>
<charParams l="723" t="1108" r="739" b="1130" charConfidence="67">n</charParams>
<charParams l="744" t="1103" r="750" b="1129" charConfidence="100">i</charParams>
<charParams l="754" t="1100" r="769" b="1136" charConfidence="26">ß</charParams>
<charParams l="770" t="1100" r="803" b="1136"> </charParams>
<charParams l="804" t="1103" r="818" b="1131" charConfidence="26">d</charParams>
<charParams l="823" t="1110" r="838" b="1132" charConfidence="52">u</charParams>
<charParams l="843" t="1110" r="855" b="1132" charConfidence="23">r</charParams>
<charParams l="857" t="1103" r="883" b="1138" charConfidence="56">c</charParams>
<charParams l="857" t="1103" r="883" b="1138" charConfidence="56">h</charParams>
<charParams l="884" t="1103" r="906" b="1138"> </charParams>
<charParams l="907" t="1104" r="922" b="1131" charConfidence="27">d</charParams>
<charParams l="926" t="1109" r="938" b="1132" charConfidence="27">e</charParams>
<charParams l="940" t="1109" r="958" b="1132" charConfidence="42">n</charParams></formatting></line>
<line baseline="1189" l="196" t="1157" r="959" b="1201"><formatting lang="OldGerman">
<charParams l="196" t="1167" r="209" b="1201" charConfidence="28">z</charParams>
<charParams l="212" t="1169" r="228" b="1191" charConfidence="32">u</charParams>
<charParams l="232" t="1159" r="245" b="1197" charConfidence="47">f</charParams>
<charParams l="244" t="1159" r="259" b="1190" charConfidence="30">ä</charParams>
<charParams l="263" t="1158" r="270" b="1189" charConfidence="100">l</charParams>
<charParams l="270" t="1159" r="278" b="1188" charConfidence="24">l</charParams>
<charParams l="282" t="1159" r="289" b="1188" charConfidence="54">i</charParams>
<charParams l="291" t="1165" r="307" b="1196" charConfidence="57">g</charParams>
<charParams l="311" t="1165" r="322" b="1187" charConfidence="66">e</charParams>
<charParams l="325" t="1164" r="342" b="1187" charConfidence="32">n</charParams>
<charParams l="343" t="1164" r="382" b="1187"> </charParams>
<charParams l="383" t="1164" r="397" b="1186" charConfidence="35">o</charParams>
<charParams l="401" t="1158" r="415" b="1185" charConfidence="26">d</charParams>
<charParams l="419" t="1164" r="431" b="1185" charConfidence="28">e</charParams>
<charParams l="434" t="1163" r="447" b="1186" charConfidence="39">r</charParams>
<charParams l="448" t="1163" r="483" b="1195"> </charParams>
<charParams l="484" t="1165" r="500" b="1195" charConfidence="62">g</charParams>
<charParams l="505" t="1165" r="515" b="1186" charConfidence="26">e</charParams>
<charParams l="519" t="1164" r="543" b="1187" charConfidence="59">w</charParams>
<charParams l="546" t="1157" r="561" b="1187" charConfidence="25">ä</charParams>
<charParams l="566" t="1157" r="582" b="1194" charConfidence="100">h</charParams>
<charParams l="586" t="1160" r="592" b="1188" charConfidence="45">l</charParams>
<charParams l="596" t="1163" r="605" b="1188" charConfidence="40">t</charParams>
<charParams l="609" t="1167" r="620" b="1189" charConfidence="27">e</charParams>
<charParams l="623" t="1166" r="640" b="1189" charConfidence="31">n</charParams>
<charParams l="641" t="1158" r="685" b="1196"> </charParams>
<charParams l="686" t="1158" r="716" b="1196" charConfidence="29">H</charParams>
<charParams l="720" t="1162" r="727" b="1189" charConfidence="38">i</charParams>
<charParams l="730" t="1168" r="746" b="1189" charConfidence="48">n</charParams>
<charParams l="749" t="1167" r="761" b="1199" charConfidence="25">z</charParams>
<charParams l="764" t="1168" r="780" b="1190" charConfidence="34">u</charParams>
<charParams l="784" t="1165" r="793" b="1190" charConfidence="52">t</charParams>
<charParams l="797" t="1167" r="809" b="1190" charConfidence="100">r</charParams>
<charParams l="812" t="1163" r="819" b="1191" charConfidence="61">i</charParams>
<charParams l="823" t="1168" r="832" b="1191" charConfidence="32">t</charParams>
<charParams l="835" t="1166" r="846" b="1191" charConfidence="46">t</charParams>
<charParams l="847" t="1166" r="884" b="1191"> </charParams>
<charParams l="885" t="1170" r="897" b="1191" charConfidence="29">e</charParams>
<charParams l="901" t="1162" r="908" b="1191" charConfidence="42">i</charParams>
<charParams l="911" t="1169" r="926" b="1191" charConfidence="73">n</charParams>
<charParams l="930" t="1169" r="943" b="1192" charConfidence="24">e</charParams>
<charParams l="946" t="1168" r="959" b="1191" charConfidence="25">r</charParams></formatting></line>
<line baseline="1249" l="195" t="1216" r="958" b="1257"><formatting lang="OldGerman">
<charParams l="195" t="1229" r="213" b="1251" charConfidence="84">n</charParams>
<charParams l="217" t="1228" r="229" b="1250" charConfidence="55">e</charParams>
<charParams l="232" t="1228" r="248" b="1250" charConfidence="100">u</charParams>
<charParams l="252" t="1228" r="264" b="1250" charConfidence="44">e</charParams>
<charParams l="267" t="1227" r="284" b="1250" charConfidence="27">n</charParams>
<charParams l="285" t="1216" r="306" b="1256"> </charParams>
<charParams l="307" t="1216" r="338" b="1256" charConfidence="59">P</charParams>
<charParams l="342" t="1224" r="353" b="1247" charConfidence="26">e</charParams>
<charParams l="357" t="1224" r="369" b="1246" charConfidence="68">r</charParams>
<charParams l="372" t="1216" r="384" b="1251" charConfidence="71">s</charParams>
<charParams l="383" t="1224" r="397" b="1245" charConfidence="45">o</charParams>
<charParams l="401" t="1224" r="418" b="1245" suspicious="1" charConfidence="31">n</charParams>
<charParams l="419" t="1224" r="439" b="1253"> </charParams>
<charParams l="440" t="1224" r="456" b="1253" charConfidence="61">g</charParams>
<charParams l="460" t="1224" r="474" b="1246" charConfidence="24">a</charParams>
<charParams l="480" t="1225" r="495" b="1247" charConfidence="24">n</charParams>
<charParams l="499" t="1225" r="511" b="1256" charConfidence="25">z</charParams>
<charParams l="512" t="1225" r="533" b="1256"> </charParams>
<charParams l="534" t="1225" r="551" b="1247" charConfidence="62">u</charParams>
<charParams l="555" t="1226" r="571" b="1248" charConfidence="54">n</charParams>
<charParams l="575" t="1221" r="590" b="1249" charConfidence="27">d</charParams>
<charParams l="591" t="1221" r="612" b="1257"> </charParams>
<charParams l="613" t="1227" r="629" b="1257" charConfidence="45">g</charParams>
<charParams l="633" t="1228" r="647" b="1249" charConfidence="24">a</charParams>
<charParams l="651" t="1226" r="664" b="1249" charConfidence="50">r</charParams>
<charParams l="665" t="1226" r="685" b="1250"> </charParams>
<charParams l="686" t="1227" r="703" b="1250" charConfidence="72">v</charParams>
<charParams l="706" t="1228" r="720" b="1250" charConfidence="100">e</charParams>
<charParams l="720" t="1227" r="733" b="1250" charConfidence="34">r</charParams>
<charParams l="735" t="1221" r="750" b="1250" charConfidence="34">ä</charParams>
<charParams l="754" t="1228" r="771" b="1250" charConfidence="28">n</charParams>
<charParams l="775" t="1223" r="789" b="1249" charConfidence="24">d</charParams>
<charParams l="793" t="1229" r="805" b="1251" charConfidence="27">e</charParams>
<charParams l="808" t="1228" r="820" b="1251" charConfidence="27">r</charParams>
<charParams l="824" t="1226" r="834" b="1251" charConfidence="27">t</charParams>
<charParams l="844" t="1242" r="853" b="1257" charConfidence="91">,</charParams>
<charParams l="854" t="1223" r="876" b="1257"> </charParams>
<charParams l="877" t="1223" r="892" b="1251" charConfidence="30">d</charParams>
<charParams l="896" t="1228" r="907" b="1251" charConfidence="28">e</charParams>
<charParams l="910" t="1229" r="923" b="1252" charConfidence="63">r</charParams>
<charParams l="925" t="1228" r="937" b="1251" charConfidence="26">e</charParams>
<charParams l="940" t="1228" r="958" b="1251" charConfidence="26">n</charParams></formatting></line>
<line baseline="1308" l="196" t="1276" r="699" b="1318"><formatting lang="OldGerman">
<charParams l="196" t="1279" r="213" b="1312" charConfidence="36">L</charParams>
<charParams l="217" t="1288" r="231" b="1310" charConfidence="29">a</charParams>
<charParams l="234" t="1288" r="250" b="1318" charConfidence="27">g</charParams>
<charParams l="254" t="1288" r="266" b="1310" charConfidence="30">e</charParams>
<charParams l="267" t="1287" r="288" b="1310"> </charParams>
<charParams l="289" t="1287" r="305" b="1310" charConfidence="34">v</charParams>
<charParams l="309" t="1278" r="323" b="1308" charConfidence="22">ö</charParams>
<charParams l="328" t="1278" r="343" b="1307" charConfidence="-1">l</charParams>
<charParams l="328" t="1278" r="343" b="1307" charConfidence="-1">l</charParams>
<charParams l="347" t="1278" r="354" b="1307" charConfidence="100">i</charParams>
<charParams l="356" t="1284" r="373" b="1315" charConfidence="98">g</charParams>
<charParams l="374" t="1284" r="396" b="1315"> </charParams>
<charParams l="397" t="1284" r="414" b="1306" charConfidence="100">u</charParams>
<charParams l="417" t="1283" r="443" b="1305" charConfidence="100">m</charParams>
<charParams l="447" t="1284" r="462" b="1314" charConfidence="26">g</charParams>
<charParams l="466" t="1284" r="478" b="1305" charConfidence="32">e</charParams>
<charParams l="481" t="1276" r="492" b="1306" charConfidence="53">k</charParams>
<charParams l="495" t="1285" r="505" b="1306" charConfidence="25">e</charParams>
<charParams l="509" t="1276" r="525" b="1316" charConfidence="100">h</charParams>
<charParams l="529" t="1284" r="541" b="1306" charConfidence="70">r</charParams>
<charParams l="545" t="1282" r="555" b="1308" charConfidence="34">t</charParams>
<charParams l="556" t="1282" r="576" b="1309"> </charParams>
<charParams l="577" t="1286" r="602" b="1309" charConfidence="28">w</charParams>
<charParams l="606" t="1287" r="620" b="1309" charConfidence="82">o</charParams>
<charParams l="623" t="1288" r="635" b="1309" charConfidence="100">r</charParams>
<charParams l="639" t="1282" r="653" b="1309" charConfidence="32">d</charParams>
<charParams l="656" t="1288" r="668" b="1309" charConfidence="27">e</charParams>
<charParams l="671" t="1287" r="688" b="1309" charConfidence="35">n</charParams>
<charParams l="691" t="1301" r="699" b="1310" charConfidence="100">.</charParams></formatting></line></par>
</text>
</block>
<block blockType="Text" blockName="">
<text>
<par align="Justified" startIndent="1680">
<line baseline="1428" l="260" t="1395" r="958" b="1439"><formatting lang="OldGerman">
<charParams l="260" t="1398" r="294" b="1430" charConfidence="63">D</charParams>
<charParams l="298" t="1408" r="313" b="1430" charConfidence="26">a</charParams>
<charParams l="317" t="1402" r="332" b="1429" charConfidence="100">s</charParams>
<charParams l="333" t="1397" r="354" b="1429"> </charParams>
<charParams l="355" t="1397" r="367" b="1429" charConfidence="79">k</charParams>
<charParams l="370" t="1406" r="384" b="1429" charConfidence="26">a</charParams>
<charParams l="388" t="1406" r="404" b="1429" charConfidence="100">n</charParams>
<charParams l="408" t="1405" r="424" b="1428" charConfidence="39">n</charParams>
<charParams l="425" t="1403" r="447" b="1429"> </charParams>
<charParams l="448" t="1403" r="473" b="1429" charConfidence="25">w</charParams>
<charParams l="477" t="1403" r="491" b="1427" charConfidence="69">o</charParams>
<charParams l="495" t="1395" r="511" b="1435" charConfidence="100">h</charParams>
<charParams l="515" t="1396" r="524" b="1427" charConfidence="88">l</charParams>
<charParams l="525" t="1396" r="544" b="1436"> </charParams>
<charParams l="545" t="1406" r="562" b="1436" charConfidence="40">g</charParams>
<charParams l="565" t="1407" r="576" b="1429" charConfidence="26">e</charParams>
<charParams l="580" t="1398" r="592" b="1437" charConfidence="54">s</charParams>
<charParams l="591" t="1399" r="616" b="1437" charConfidence="65">c</charParams>
<charParams l="591" t="1399" r="616" b="1437" charConfidence="65">h</charParams>
<charParams l="620" t="1408" r="632" b="1430" charConfidence="29">e</charParams>
<charParams l="635" t="1398" r="650" b="1439" charConfidence="100">h</charParams>
<charParams l="655" t="1407" r="666" b="1430" charConfidence="55">e</charParams>
<charParams l="669" t="1407" r="686" b="1429" charConfidence="24">n</charParams>
<charParams l="695" t="1420" r="705" b="1436" charConfidence="79">,</charParams>
<charParams l="706" t="1407" r="738" b="1436"> </charParams>
<charParams l="739" t="1407" r="757" b="1430" charConfidence="28">v</charParams>
<charParams l="761" t="1408" r="771" b="1430" charConfidence="50">e</charParams>
<charParams l="775" t="1407" r="787" b="1430" charConfidence="25">r</charParams>
<charParams l="791" t="1399" r="802" b="1437" charConfidence="28">s</charParams>
<charParams l="801" t="1408" r="813" b="1430" charConfidence="24">e</charParams>
<charParams l="815" t="1402" r="832" b="1436" charConfidence="100">t</charParams>
<charParams l="815" t="1402" r="832" b="1436" charConfidence="100">z</charParams>
<charParams l="836" t="1402" r="846" b="1429" charConfidence="100">t</charParams>
<charParams l="849" t="1406" r="862" b="1428" charConfidence="25">e</charParams>
<charParams l="863" t="1395" r="883" b="1428"> </charParams>
<charParams l="884" t="1395" r="909" b="1428" charConfidence="27">E</charParams>
<charParams l="912" t="1397" r="927" b="1426" charConfidence="47">d</charParams>
<charParams l="931" t="1405" r="946" b="1429" charConfidence="26">u</charParams>
<charParams l="949" t="1409" r="958" b="1424" charConfidence="100">-</charParams></formatting></line></par>
</text>
</block>
</page>
</document>