﻿<?xml version="1.0" encoding="UTF-8" standalone="yes"?>
<document xmlns="http://www.abbyy.com/FineReader_xml/FineReader10-schema-v1.xml" version="1.0" producer="ABBYY FineReader Engine 11" languages="" xmlns:xsi="http://www.w3.org/2001/XMLSchema-instance" xsi:schemaLocation="http://www.abbyy.com/FineReader_xml/FineReader10-schema-v1.xml http://www.abbyy.com/FineReader_xml/FineReader10-schema-v1.xml">
<page width="1156" height="1782" resolution="300" originalCoords="1">
<block blockType="Text" blockName="">
<text>
<par align="Center" leftIndent="100">
<line baseline="108" l="568" t="78" r="606" b="108"><formatting lang="OldGerman">
<charParams l="568" t="78" r="582" b="100" suspicious="1" charConfidence="55">r</charParams>
<charParams l="587" t="79" r="606" b="108" suspicious="1" charConfidence="27">y</charParams></formatting></line></par>
<par align="Justified" startIndent="270" lineSpacing="1416">
<line baseline="190" l="195" t="157" r="975" b="201"><formatting lang="OldGerman">
<charParams l="195" t="170" r="211" b="192" charConfidence="24">a</charParams>
<charParams l="216" t="169" r="229" b="192" charConfidence="32">r</charParams>
<charParams l="231" t="163" r="247" b="191" charConfidence="38">d</charParams>
<charParams l="257" t="182" r="264" b="197" charConfidence="60">,</charParams>
<charParams l="265" t="160" r="299" b="197"> </charParams>
<charParams l="300" t="160" r="315" b="192" charConfidence="45">b</charParams>
<charParams l="319" t="170" r="331" b="192" charConfidence="27">e</charParams>
<charParams l="334" t="170" r="349" b="200" charConfidence="38">y</charParams>
<charParams l="350" t="159" r="374" b="200"> </charParams>
<charParams l="375" t="159" r="418" b="193" charConfidence="35">M</charParams>
<charParams l="422" t="169" r="433" b="190" charConfidence="24">e</charParams>
<charParams l="436" t="167" r="453" b="191" charConfidence="38">n</charParams>
<charParams l="457" t="159" r="468" b="196" charConfidence="37">s</charParams>
<charParams l="467" t="159" r="494" b="194" charConfidence="27">c</charParams>
<charParams l="467" t="159" r="494" b="194" charConfidence="27">h</charParams>
<charParams l="498" t="165" r="510" b="188" charConfidence="29">e</charParams>
<charParams l="512" t="165" r="529" b="187" charConfidence="100">n</charParams>
<charParams l="539" t="178" r="547" b="192" charConfidence="55">,</charParams>
<charParams l="548" t="159" r="579" b="194"> </charParams>
<charParams l="580" t="159" r="595" b="194" suspicious="1" charConfidence="24">h</charParams>
<charParams l="599" t="157" r="607" b="186" charConfidence="25">i</charParams>
<charParams l="611" t="165" r="623" b="186" suspicious="1" charConfidence="32">e</charParams>
<charParams l="624" t="165" r="653" b="189"> </charParams>
<charParams l="654" t="167" r="670" b="189" charConfidence="56">n</charParams>
<charParams l="675" t="168" r="691" b="190" charConfidence="50">u</charParams>
<charParams l="695" t="168" r="708" b="190" charConfidence="49">r</charParams>
<charParams l="709" t="162" r="731" b="191"> </charParams>
<charParams l="732" t="162" r="747" b="191" charConfidence="26">d</charParams>
<charParams l="751" t="169" r="768" b="191" charConfidence="37">u</charParams>
<charParams l="772" t="168" r="788" b="191" charConfidence="25">n</charParams>
<charParams l="792" t="160" r="804" b="191" charConfidence="32">k</charParams>
<charParams l="807" t="169" r="819" b="191" charConfidence="80">e</charParams>
<charParams l="822" t="162" r="830" b="192" charConfidence="61">l</charParams>
<charParams l="831" t="162" r="852" b="192"> </charParams>
<charParams l="853" t="170" r="869" b="192" charConfidence="65">v</charParams>
<charParams l="874" t="170" r="888" b="192" charConfidence="46">o</charParams>
<charParams l="891" t="170" r="905" b="193" charConfidence="84">r</charParams>
<charParams l="906" t="162" r="927" b="201"> </charParams>
<charParams l="928" t="162" r="947" b="201" charConfidence="86">s</charParams>
<charParams l="928" t="162" r="947" b="201" charConfidence="86">i</charParams>
<charParams l="949" t="162" r="975" b="201" charConfidence="42">c</charParams>
<charParams l="949" t="162" r="975" b="201" charConfidence="42">h</charParams></formatting></line>
<line baseline="250" l="194" t="216" r="974" b="259"><formatting lang="OldGerman">
<charParams l="194" t="219" r="212" b="258" suspicious="1" charConfidence="42">h</charParams>
<charParams l="217" t="221" r="224" b="250" charConfidence="41">i</charParams>
<charParams l="227" t="228" r="244" b="250" charConfidence="54">n</charParams>
<charParams l="245" t="223" r="267" b="252"> </charParams>
<charParams l="268" t="223" r="277" b="252" charConfidence="25">l</charParams>
<charParams l="280" t="230" r="294" b="252" charConfidence="28">e</charParams>
<charParams l="294" t="221" r="310" b="252" charConfidence="27">b</charParams>
<charParams l="315" t="230" r="326" b="252" charConfidence="100">e</charParams>
<charParams l="329" t="229" r="347" b="252" charConfidence="100">n</charParams>
<charParams l="356" t="243" r="366" b="258" charConfidence="100">,</charParams>
<charParams l="367" t="229" r="397" b="258"> </charParams>
<charParams l="398" t="229" r="417" b="250" charConfidence="46">n</charParams>
<charParams l="418" t="221" r="427" b="251" charConfidence="-1">i</charParams>
<charParams l="431" t="219" r="456" b="254" charConfidence="88">c</charParams>
<charParams l="431" t="219" r="456" b="254" charConfidence="88">h</charParams>
<charParams l="460" t="224" r="471" b="248" charConfidence="32">t</charParams>
<charParams l="472" t="216" r="493" b="248"> </charParams>
<charParams l="494" t="216" r="509" b="247" charConfidence="34">b</charParams>
<charParams l="513" t="224" r="524" b="245" charConfidence="33">e</charParams>
<charParams l="528" t="224" r="543" b="254" charConfidence="26">y</charParams>
<charParams l="544" t="216" r="567" b="254"> </charParams>
<charParams l="568" t="216" r="581" b="252" charConfidence="42">s</charParams>
<charParams l="580" t="225" r="593" b="246" charConfidence="34">o</charParams>
<charParams l="597" t="217" r="605" b="246" charConfidence="52">l</charParams>
<charParams l="608" t="216" r="634" b="253" charConfidence="73">c</charParams>
<charParams l="608" t="216" r="634" b="253" charConfidence="73">h</charParams>
<charParams l="638" t="226" r="650" b="247" charConfidence="37">e</charParams>
<charParams l="653" t="226" r="670" b="248" charConfidence="28">n</charParams>
<charParams l="678" t="242" r="688" b="255" charConfidence="71">,</charParams>
<charParams l="689" t="223" r="724" b="255"> </charParams>
<charParams l="725" t="223" r="740" b="251" charConfidence="26">d</charParams>
<charParams l="745" t="222" r="753" b="251" charConfidence="34">i</charParams>
<charParams l="755" t="230" r="768" b="251" charConfidence="27">e</charParams>
<charParams l="769" t="221" r="791" b="257"> </charParams>
<charParams l="792" t="221" r="805" b="257" charConfidence="100">s</charParams>
<charParams l="803" t="222" r="829" b="258" charConfidence="59">c</charParams>
<charParams l="803" t="222" r="829" b="258" charConfidence="59">h</charParams>
<charParams l="833" t="231" r="848" b="252" charConfidence="58">o</charParams>
<charParams l="851" t="231" r="869" b="252" charConfidence="26">n</charParams>
<charParams l="870" t="225" r="893" b="253"> </charParams>
<charParams l="894" t="225" r="908" b="253" charConfidence="27">d</charParams>
<charParams l="913" t="231" r="929" b="254" charConfidence="45">u</charParams>
<charParams l="933" t="231" r="945" b="253" charConfidence="33">r</charParams>
<charParams l="948" t="222" r="974" b="259" charConfidence="100">c</charParams>
<charParams l="948" t="222" r="974" b="259" charConfidence="100">h</charParams></formatting></line>
<line baseline="310" l="194" t="274" r="952" b="321"><formatting lang="OldGerman">
<charParams l="194" t="278" r="219" b="311" charConfidence="16">E</charParams>
<charParams l="224" t="289" r="235" b="310" charConfidence="14">r</charParams>
<charParams l="239" t="280" r="252" b="318" charConfidence="35">f</charParams>
<charParams l="251" t="290" r="266" b="311" charConfidence="14">a</charParams>
<charParams l="271" t="283" r="286" b="320" charConfidence="44">h</charParams>
<charParams l="292" t="290" r="304" b="312" charConfidence="23">r</charParams>
<charParams l="307" t="290" r="323" b="313" charConfidence="28">u</charParams>
<charParams l="327" t="290" r="343" b="311" charConfidence="25">n</charParams>
<charParams l="346" t="289" r="362" b="318" charConfidence="30">g</charParams>
<charParams l="363" t="287" r="386" b="318"> </charParams>
<charParams l="387" t="287" r="403" b="309" charConfidence="35">a</charParams>
<charParams l="407" t="287" r="424" b="309" charConfidence="77">u</charParams>
<charParams l="427" t="277" r="442" b="314" charConfidence="79">f</charParams>
<charParams l="439" t="285" r="454" b="315" charConfidence="24">g</charParams>
<charParams l="459" t="284" r="470" b="306" charConfidence="29">e</charParams>
<charParams l="474" t="275" r="485" b="306" charConfidence="37">k</charParams>
<charParams l="489" t="276" r="496" b="306" charConfidence="32">l</charParams>
<charParams l="498" t="274" r="513" b="305" charConfidence="33">ä</charParams>
<charParams l="517" t="283" r="530" b="305" charConfidence="59">r</charParams>
<charParams l="533" t="280" r="543" b="305" charConfidence="37">t</charParams>
<charParams l="544" t="275" r="566" b="314"> </charParams>
<charParams l="567" t="275" r="585" b="314" charConfidence="52">s</charParams>
<charParams l="567" t="275" r="585" b="314" charConfidence="52">i</charParams>
<charParams l="587" t="277" r="613" b="313" charConfidence="55">c</charParams>
<charParams l="587" t="277" r="613" b="313" charConfidence="55">h</charParams>
<charParams l="614" t="277" r="637" b="313"> </charParams>
<charParams l="638" t="284" r="665" b="308" charConfidence="26">m</charParams>
<charParams l="670" t="287" r="682" b="308" charConfidence="33">e</charParams>
<charParams l="685" t="278" r="701" b="317" charConfidence="73">h</charParams>
<charParams l="706" t="287" r="719" b="309" charConfidence="26">r</charParams>
<charParams l="720" t="279" r="746" b="311"> </charParams>
<charParams l="747" t="279" r="762" b="311" charConfidence="59">b</charParams>
<charParams l="766" t="289" r="778" b="310" charConfidence="34">e</charParams>
<charParams l="781" t="288" r="805" b="311" charConfidence="25">w</charParams>
<charParams l="809" t="290" r="826" b="312" charConfidence="47">u</charParams>
<charParams l="831" t="281" r="846" b="318" charConfidence="26">ß</charParams>
<charParams l="850" t="287" r="860" b="313" charConfidence="32">t</charParams>
<charParams l="861" t="283" r="882" b="321"> </charParams>
<charParams l="883" t="283" r="902" b="321" charConfidence="52">s</charParams>
<charParams l="883" t="283" r="902" b="321" charConfidence="52">i</charParams>
<charParams l="904" t="291" r="920" b="313" charConfidence="25">n</charParams>
<charParams l="925" t="284" r="940" b="314" charConfidence="29">d</charParams>
<charParams l="943" t="305" r="952" b="314" charConfidence="55">.</charParams></formatting></line></par>
<par align="Justified" startIndent="1816" lineSpacing="1464">
<line baseline="428" l="255" t="394" r="969" b="440"><formatting lang="OldGerman">
<charParams l="255" t="399" r="290" b="430" charConfidence="100">D</charParams>
<charParams l="293" t="408" r="309" b="429" charConfidence="100">a</charParams>
<charParams l="312" t="402" r="328" b="429" suspicious="1" charConfidence="100">S</charParams>
<charParams l="329" t="396" r="351" b="429"> </charParams>
<charParams l="352" t="396" r="384" b="427" charConfidence="28">B</charParams>
<charParams l="388" t="403" r="401" b="426" charConfidence="30">e</charParams>
<charParams l="403" t="402" r="427" b="426" charConfidence="25">w</charParams>
<charParams l="432" t="402" r="448" b="425" charConfidence="94">u</charParams>
<charParams l="452" t="394" r="468" b="431" charConfidence="33">ß</charParams>
<charParams l="472" t="400" r="482" b="425" charConfidence="55">t</charParams>
<charParams l="484" t="394" r="498" b="430" charConfidence="42">s</charParams>
<charParams l="495" t="403" r="508" b="425" charConfidence="25">e</charParams>
<charParams l="510" t="402" r="525" b="433" charConfidence="52">y</charParams>
<charParams l="529" t="402" r="547" b="425" charConfidence="96">n</charParams>
<charParams l="555" t="419" r="564" b="431" charConfidence="57">,</charParams>
<charParams l="565" t="402" r="594" b="431"> </charParams>
<charParams l="595" t="402" r="622" b="426" charConfidence="28">m</charParams>
<charParams l="627" t="404" r="639" b="427" charConfidence="29">e</charParams>
<charParams l="642" t="397" r="649" b="428" charConfidence="30">i</charParams>
<charParams l="653" t="404" r="670" b="427" charConfidence="34">n</charParams>
<charParams l="671" t="398" r="693" b="430"> </charParams>
<charParams l="694" t="398" r="712" b="430" charConfidence="38">L</charParams>
<charParams l="716" t="401" r="723" b="430" charConfidence="30">i</charParams>
<charParams l="727" t="408" r="738" b="430" charConfidence="100">e</charParams>
<charParams l="742" t="399" r="757" b="431" charConfidence="26">b</charParams>
<charParams l="761" t="401" r="781" b="437" charConfidence="38">s</charParams>
<charParams l="761" t="401" r="781" b="437" charConfidence="38">t</charParams>
<charParams l="784" t="409" r="795" b="430" charConfidence="100">e</charParams>
<charParams l="798" t="409" r="812" b="431" charConfidence="29">r</charParams>
<charParams l="818" t="422" r="828" b="436" charConfidence="99">,</charParams>
<charParams l="829" t="410" r="858" b="436"> </charParams>
<charParams l="859" t="410" r="871" b="432" charConfidence="49">e</charParams>
<charParams l="875" t="409" r="892" b="432" charConfidence="29">n</charParams>
<charParams l="895" t="408" r="906" b="432" charConfidence="37">t</charParams>
<charParams l="907" t="411" r="923" b="440" charConfidence="27">g</charParams>
<charParams l="927" t="411" r="940" b="433" charConfidence="24">e</charParams>
<charParams l="940" t="411" r="957" b="440" charConfidence="55">g</charParams>
<charParams l="962" t="414" r="969" b="428" charConfidence="100">¬</charParams></formatting></line>
<line baseline="487" l="188" t="454" r="966" b="498"><formatting lang="OldGerman">
<charParams l="188" t="466" r="206" b="488" charConfidence="38">n</charParams>
<charParams l="210" t="466" r="222" b="488" charConfidence="27">e</charParams>
<charParams l="225" t="462" r="250" b="488" suspicious="1" charConfidence="-1">n</charParams>
<charParams l="251" t="455" r="280" b="488"> </charParams>
<charParams l="281" t="455" r="305" b="487" charConfidence="34">C</charParams>
<charParams l="308" t="456" r="324" b="495" charConfidence="96">h</charParams>
<charParams l="328" t="464" r="343" b="485" charConfidence="54">a</charParams>
<charParams l="346" t="463" r="360" b="486" charConfidence="100">r</charParams>
<charParams l="363" t="456" r="371" b="485" charConfidence="35">l</charParams>
<charParams l="373" t="463" r="388" b="485" charConfidence="41">o</charParams>
<charParams l="391" t="460" r="401" b="485" charConfidence="31">t</charParams>
<charParams l="404" t="458" r="414" b="485" charConfidence="52">t</charParams>
<charParams l="416" t="462" r="429" b="484" charConfidence="56">e</charParams>
<charParams l="438" t="475" r="448" b="491" charConfidence="100">,</charParams>
<charParams l="449" t="455" r="486" b="491"> </charParams>
<charParams l="487" t="455" r="495" b="485" charConfidence="28">i</charParams>
<charParams l="499" t="455" r="519" b="492" charConfidence="67">s</charParams>
<charParams l="499" t="455" r="519" b="492" charConfidence="67">t</charParams>
<charParams l="520" t="454" r="542" b="492"> </charParams>
<charParams l="543" t="454" r="556" b="485" charConfidence="48">k</charParams>
<charParams l="558" t="463" r="570" b="484" charConfidence="30">e</charParams>
<charParams l="574" t="456" r="581" b="485" charConfidence="50">i</charParams>
<charParams l="584" t="463" r="600" b="485" charConfidence="100">n</charParams>
<charParams l="604" t="463" r="617" b="484" charConfidence="45">e</charParams>
<charParams l="618" t="455" r="639" b="494"> </charParams>
<charParams l="640" t="455" r="657" b="494" suspicious="1" charConfidence="67">h</charParams>
<charParams l="662" t="457" r="669" b="487" charConfidence="43">i</charParams>
<charParams l="673" t="465" r="689" b="487" charConfidence="100">n</charParams>
<charParams l="694" t="459" r="702" b="487" charConfidence="77">l</charParams>
<charParams l="704" t="458" r="720" b="488" suspicious="1" charConfidence="56">ä</charParams>
<charParams l="723" t="466" r="740" b="488" charConfidence="37">n</charParams>
<charParams l="741" t="466" r="759" b="495" charConfidence="25">g</charParams>
<charParams l="763" t="460" r="772" b="488" charConfidence="38">l</charParams>
<charParams l="774" t="460" r="781" b="488" charConfidence="26">i</charParams>
<charParams l="785" t="460" r="811" b="495" charConfidence="60">c</charParams>
<charParams l="785" t="460" r="811" b="495" suspicious="1" charConfidence="60">h</charParams>
<charParams l="815" t="467" r="829" b="489" charConfidence="76">e</charParams>
<charParams l="830" t="458" r="858" b="491"> </charParams>
<charParams l="859" t="458" r="899" b="491" charConfidence="40">W</charParams>
<charParams l="902" t="469" r="917" b="490" charConfidence="38">a</charParams>
<charParams l="921" t="461" r="944" b="498" charConfidence="56">f</charParams>
<charParams l="921" t="461" r="944" b="498" charConfidence="56">f</charParams>
<charParams l="943" t="467" r="956" b="490" charConfidence="27">e</charParams>
<charParams l="956" t="483" r="966" b="498" charConfidence="93">,</charParams></formatting></line>
<line baseline="546" l="187" t="514" r="968" b="556"><formatting lang="OldGerman">
<charParams l="187" t="518" r="196" b="555" charConfidence="43">j</charParams>
<charParams l="199" t="524" r="214" b="546" charConfidence="100">a</charParams>
<charParams l="215" t="524" r="239" b="546"> </charParams>
<charParams l="240" t="524" r="267" b="546" charConfidence="54">m</charParams>
<charParams l="271" t="524" r="286" b="545" charConfidence="77">a</charParams>
<charParams l="289" t="524" r="306" b="546" charConfidence="58">n</charParams>
<charParams l="310" t="515" r="336" b="553" charConfidence="62">c</charParams>
<charParams l="310" t="515" r="336" b="553" charConfidence="62">h</charParams>
<charParams l="340" t="522" r="367" b="545" charConfidence="39">m</charParams>
<charParams l="371" t="523" r="385" b="544" charConfidence="100">a</charParams>
<charParams l="390" t="515" r="399" b="545" charConfidence="66">l</charParams>
<charParams l="400" t="515" r="422" b="545"> </charParams>
<charParams l="423" t="522" r="435" b="545" charConfidence="27">e</charParams>
<charParams l="439" t="515" r="446" b="544" charConfidence="100">i</charParams>
<charParams l="450" t="523" r="465" b="545" charConfidence="23">n</charParams>
<charParams l="470" t="523" r="482" b="545" charConfidence="99">e</charParams>
<charParams l="483" t="523" r="499" b="553"> </charParams>
<charParams l="500" t="523" r="516" b="553" charConfidence="60">g</charParams>
<charParams l="520" t="523" r="532" b="545" charConfidence="25">e</charParams>
<charParams l="536" t="514" r="548" b="550" charConfidence="37">f</charParams>
<charParams l="548" t="516" r="562" b="545" charConfidence="22">ä</charParams>
<charParams l="567" t="514" r="582" b="553" charConfidence="63">h</charParams>
<charParams l="587" t="523" r="599" b="545" charConfidence="89">r</charParams>
<charParams l="603" t="516" r="610" b="545" charConfidence="100">l</charParams>
<charParams l="614" t="516" r="620" b="545" charConfidence="48">i</charParams>
<charParams l="624" t="515" r="650" b="551" charConfidence="55">c</charParams>
<charParams l="624" t="515" r="650" b="551" charConfidence="55">h</charParams>
<charParams l="654" t="524" r="667" b="545" charConfidence="26">e</charParams>
<charParams l="673" t="538" r="682" b="552" charConfidence="90">,</charParams>
<charParams l="683" t="515" r="714" b="552"> </charParams>
<charParams l="715" t="515" r="730" b="552" charConfidence="38">f</charParams>
<charParams l="729" t="515" r="745" b="545" charConfidence="24">ü</charParams>
<charParams l="749" t="524" r="762" b="547" charConfidence="25">r</charParams>
<charParams l="763" t="518" r="786" b="547"> </charParams>
<charParams l="787" t="518" r="802" b="546" charConfidence="27">d</charParams>
<charParams l="806" t="524" r="817" b="547" charConfidence="26">e</charParams>
<charParams l="821" t="525" r="837" b="547" charConfidence="58">n</charParams>
<charParams l="838" t="520" r="862" b="547"> </charParams>
<charParams l="863" t="520" r="878" b="547" charConfidence="26">d</charParams>
<charParams l="882" t="526" r="894" b="548" charConfidence="25">e</charParams>
<charParams l="897" t="526" r="910" b="548" charConfidence="49">r</charParams>
<charParams l="911" t="519" r="933" b="556"> </charParams>
<charParams l="934" t="519" r="953" b="556" charConfidence="50">s</charParams>
<charParams l="934" t="519" r="953" b="556" charConfidence="50">i</charParams>
<charParams l="955" t="527" r="968" b="550" charConfidence="26">e</charParams></formatting></line>
<line baseline="609" l="186" t="577" r="964" b="619"><formatting lang="OldGerman">
<charParams l="186" t="577" r="201" b="616" charConfidence="28">f</charParams>
<charParams l="201" t="577" r="217" b="610" charConfidence="34">ü</charParams>
<charParams l="221" t="577" r="237" b="619" charConfidence="100">h</charParams>
<charParams l="242" t="586" r="254" b="609" charConfidence="25">r</charParams>
<charParams l="257" t="583" r="268" b="610" charConfidence="43">t</charParams>
<charParams l="278" t="587" r="286" b="617" charConfidence="33">;</charParams>
<charParams l="287" t="586" r="320" b="617"> </charParams>
<charParams l="321" t="586" r="337" b="610" charConfidence="100">u</charParams>
<charParams l="341" t="585" r="357" b="608" charConfidence="100">n</charParams>
<charParams l="361" t="579" r="377" b="609" charConfidence="30">d</charParams>
<charParams l="378" t="579" r="411" b="609"> </charParams>
<charParams l="412" t="585" r="427" b="609" charConfidence="26">a</charParams>
<charParams l="432" t="585" r="447" b="609" suspicious="1" charConfidence="37">u</charParams>
<charParams l="451" t="580" r="467" b="609" suspicious="1" charConfidence="22">ü</charParams>
<charParams l="468" t="579" r="491" b="609"> </charParams>
<charParams l="492" t="579" r="506" b="609" charConfidence="34">d</charParams>
<charParams l="511" t="579" r="518" b="609" charConfidence="39">i</charParams>
<charParams l="522" t="586" r="533" b="609" charConfidence="26">e</charParams>
<charParams l="537" t="577" r="549" b="615" charConfidence="66">s</charParams>
<charParams l="548" t="586" r="560" b="609" charConfidence="25">e</charParams>
<charParams l="563" t="585" r="590" b="608" charConfidence="41">m</charParams>
<charParams l="591" t="585" r="614" b="608"> </charParams>
<charParams l="615" t="585" r="630" b="608" charConfidence="29">a</charParams>
<charParams l="635" t="577" r="642" b="608" charConfidence="36">l</charParams>
<charParams l="644" t="578" r="650" b="609" charConfidence="100">l</charParams>
<charParams l="655" t="586" r="665" b="609" charConfidence="26">e</charParams>
<charParams l="669" t="586" r="686" b="609" charConfidence="69">n</charParams>
<charParams l="687" t="583" r="710" b="609"> </charParams>
<charParams l="711" t="583" r="720" b="609" charConfidence="35">t</charParams>
<charParams l="725" t="586" r="736" b="609" suspicious="1" charConfidence="24">e</charParams>
<charParams l="740" t="579" r="747" b="609" charConfidence="61">i</charParams>
<charParams l="751" t="584" r="760" b="609" suspicious="1" charConfidence="36">l</charParams>
<charParams l="764" t="583" r="774" b="609" charConfidence="29">t</charParams>
<charParams l="775" t="583" r="795" b="610"> </charParams>
<charParams l="796" t="585" r="821" b="610" charConfidence="52">w</charParams>
<charParams l="826" t="587" r="837" b="610" charConfidence="27">e</charParams>
<charParams l="841" t="586" r="856" b="610" charConfidence="24">n</charParams>
<charParams l="861" t="579" r="868" b="610" charConfidence="100">i</charParams>
<charParams l="870" t="586" r="886" b="618" charConfidence="26">g</charParams>
<charParams l="891" t="579" r="910" b="618" charConfidence="32">s</charParams>
<charParams l="891" t="579" r="910" b="618" charConfidence="32">t</charParams>
<charParams l="913" t="588" r="925" b="610" charConfidence="26">e</charParams>
<charParams l="928" t="587" r="945" b="611" charConfidence="64">n</charParams>
<charParams l="949" t="583" r="964" b="610" charConfidence="-1">s</charParams></formatting></line>
<line baseline="672" l="186" t="640" r="965" b="681"><formatting lang="OldGerman">
<charParams l="186" t="641" r="200" b="679" charConfidence="100">s</charParams>
<charParams l="200" t="650" r="213" b="672" charConfidence="100">o</charParams>
<charParams l="214" t="650" r="236" b="672"> </charParams>
<charParams l="237" t="650" r="254" b="672" charConfidence="89">v</charParams>
<charParams l="258" t="642" r="265" b="671" charConfidence="37">i</charParams>
<charParams l="269" t="649" r="280" b="672" charConfidence="28">e</charParams>
<charParams l="285" t="641" r="292" b="671" charConfidence="100">l</charParams>
<charParams l="293" t="640" r="315" b="681"> </charParams>
<charParams l="316" t="640" r="332" b="681" suspicious="1" charConfidence="93">h</charParams>
<charParams l="337" t="649" r="348" b="672" charConfidence="25">e</charParams>
<charParams l="352" t="649" r="364" b="671" charConfidence="33">r</charParams>
<charParams l="366" t="649" r="382" b="671" charConfidence="99">v</charParams>
<charParams l="386" t="649" r="400" b="671" charConfidence="35">o</charParams>
<charParams l="405" t="648" r="418" b="671" charConfidence="26">r</charParams>
<charParams l="426" t="663" r="434" b="677" charConfidence="68">,</charParams>
<charParams l="435" t="642" r="469" b="677"> </charParams>
<charParams l="470" t="642" r="484" b="671" charConfidence="30">d</charParams>
<charParams l="489" t="649" r="503" b="671" charConfidence="100">a</charParams>
<charParams l="508" t="640" r="523" b="678" charConfidence="29">ß</charParams>
<charParams l="524" t="640" r="554" b="678"> </charParams>
<charParams l="555" t="649" r="581" b="672" charConfidence="29">w</charParams>
<charParams l="585" t="642" r="593" b="671" charConfidence="27">i</charParams>
<charParams l="596" t="649" r="609" b="672" charConfidence="73">r</charParams>
<charParams l="610" t="649" r="631" b="673"> </charParams>
<charParams l="632" t="649" r="649" b="673" charConfidence="91">u</charParams>
<charParams l="653" t="649" r="670" b="672" charConfidence="100">n</charParams>
<charParams l="673" t="645" r="688" b="672" charConfidence="100">s</charParams>
<charParams l="689" t="644" r="710" b="680"> </charParams>
<charParams l="711" t="644" r="720" b="680" charConfidence="34">j</charParams>
<charParams l="724" t="650" r="739" b="672" charConfidence="33">a</charParams>
<charParams l="740" t="649" r="764" b="672"> </charParams>
<charParams l="765" t="649" r="781" b="672" charConfidence="53">n</charParams>
<charParams l="786" t="642" r="793" b="672" charConfidence="45">i</charParams>
<charParams l="797" t="642" r="823" b="678" charConfidence="54">c</charParams>
<charParams l="797" t="642" r="823" b="678" charConfidence="54">h</charParams>
<charParams l="827" t="645" r="837" b="672" charConfidence="47">t</charParams>
<charParams l="838" t="640" r="860" b="672"> </charParams>
<charParams l="861" t="640" r="877" b="672" charConfidence="25">ü</charParams>
<charParams l="882" t="640" r="896" b="673" charConfidence="33">b</charParams>
<charParams l="901" t="650" r="912" b="673" charConfidence="27">e</charParams>
<charParams l="915" t="649" r="927" b="673" charConfidence="66">r</charParams>
<charParams l="931" t="650" r="942" b="673" charConfidence="26">e</charParams>
<charParams l="946" t="643" r="954" b="673" charConfidence="33">i</charParams>
<charParams l="956" t="653" r="965" b="668" charConfidence="22">¬</charParams></formatting></line>
<line baseline="734" l="186" t="702" r="965" b="743"><formatting lang="OldGerman">
<charParams l="186" t="704" r="195" b="734" charConfidence="76">l</charParams>
<charParams l="198" t="711" r="210" b="734" charConfidence="28">e</charParams>
<charParams l="213" t="711" r="230" b="734" charConfidence="-1">»</charParams>
<charParams l="231" t="703" r="253" b="740"> </charParams>
<charParams l="254" t="703" r="267" b="740" charConfidence="100">s</charParams>
<charParams l="266" t="712" r="280" b="734" charConfidence="41">o</charParams>
<charParams l="284" t="704" r="291" b="733" charConfidence="59">l</charParams>
<charParams l="293" t="704" r="300" b="733" charConfidence="72">l</charParams>
<charParams l="304" t="711" r="315" b="734" charConfidence="39">e</charParams>
<charParams l="318" t="711" r="335" b="733" charConfidence="41">n</charParams>
<charParams l="338" t="725" r="346" b="734" charConfidence="100">.</charParams>
<charParams l="347" t="702" r="392" b="734"> </charParams>
<charParams l="393" t="702" r="425" b="734" charConfidence="25">G</charParams>
<charParams l="429" t="703" r="444" b="734" charConfidence="22">ö</charParams>
<charParams l="447" t="711" r="465" b="735" charConfidence="31">n</charParams>
<charParams l="468" t="711" r="484" b="734" charConfidence="38">n</charParams>
<charParams l="488" t="710" r="501" b="734" charConfidence="27">e</charParams>
<charParams l="502" t="710" r="523" b="734"> </charParams>
<charParams l="524" t="711" r="551" b="734" charConfidence="70">m</charParams>
<charParams l="556" t="704" r="563" b="734" charConfidence="49">i</charParams>
<charParams l="567" t="711" r="579" b="734" charConfidence="31">r</charParams>
<charParams l="580" t="711" r="595" b="735"> </charParams>
<charParams l="596" t="711" r="613" b="735" charConfidence="74">n</charParams>
<charParams l="617" t="712" r="631" b="736" charConfidence="41">o</charParams>
<charParams l="635" t="704" r="661" b="743" charConfidence="63">c</charParams>
<charParams l="635" t="704" r="661" b="743" charConfidence="63">h</charParams>
<charParams l="662" t="704" r="679" b="743"> </charParams>
<charParams l="680" t="712" r="692" b="735" charConfidence="29">e</charParams>
<charParams l="695" t="704" r="703" b="735" charConfidence="34">i</charParams>
<charParams l="706" t="712" r="722" b="735" charConfidence="34">n</charParams>
<charParams l="727" t="704" r="735" b="735" charConfidence="26">i</charParams>
<charParams l="736" t="712" r="753" b="742" charConfidence="29">g</charParams>
<charParams l="757" t="712" r="769" b="735" charConfidence="28">e</charParams>
<charParams l="770" t="702" r="786" b="736"> </charParams>
<charParams l="787" t="702" r="814" b="736" charConfidence="44">T</charParams>
<charParams l="817" t="712" r="832" b="734" charConfidence="100">a</charParams>
<charParams l="834" t="712" r="851" b="742" charConfidence="54">g</charParams>
<charParams l="855" t="712" r="867" b="735" charConfidence="31">e</charParams>
<charParams l="874" t="726" r="884" b="740" charConfidence="74">,</charParams>
<charParams l="885" t="712" r="908" b="740"> </charParams>
<charParams l="909" t="712" r="921" b="735" charConfidence="28">e</charParams>
<charParams l="924" t="712" r="940" b="736" charConfidence="27">n</charParams>
<charParams l="944" t="708" r="954" b="735" charConfidence="85">t</charParams>
<charParams l="956" t="716" r="965" b="731" charConfidence="22">¬</charParams></formatting></line>
<line baseline="796" l="186" t="762" r="402" b="802"><formatting lang="OldGerman">
<charParams l="186" t="764" r="202" b="802" charConfidence="100">s</charParams>
<charParams l="199" t="763" r="225" b="802" charConfidence="64">c</charParams>
<charParams l="199" t="763" r="225" b="802" charConfidence="64">h</charParams>
<charParams l="229" t="773" r="240" b="796" charConfidence="37">e</charParams>
<charParams l="244" t="765" r="252" b="796" charConfidence="59">i</charParams>
<charParams l="255" t="767" r="269" b="795" charConfidence="31">d</charParams>
<charParams l="273" t="773" r="286" b="796" charConfidence="29">e</charParams>
<charParams l="287" t="772" r="308" b="796"> </charParams>
<charParams l="309" t="772" r="325" b="795" charConfidence="24">n</charParams>
<charParams l="331" t="765" r="338" b="795" charConfidence="73">i</charParams>
<charParams l="341" t="764" r="367" b="802" charConfidence="74">c</charParams>
<charParams l="341" t="764" r="367" b="802" charConfidence="74">h</charParams>
<charParams l="370" t="769" r="381" b="796" charConfidence="66">t</charParams>
<charParams l="393" t="762" r="402" b="798" charConfidence="22">!</charParams></formatting></line></par>
<par align="Justified" startIndent="1816" lineSpacing="1464">
<line baseline="914" l="250" t="878" r="962" b="922"><formatting lang="OldGerman">
<charParams l="250" t="878" r="290" b="912" charConfidence="23">W</charParams>
<charParams l="293" t="882" r="301" b="911" charConfidence="32">i</charParams>
<charParams l="304" t="889" r="317" b="912" charConfidence="27">e</charParams>
<charParams l="318" t="884" r="340" b="912"> </charParams>
<charParams l="341" t="884" r="356" b="912" charConfidence="27">d</charParams>
<charParams l="360" t="884" r="368" b="912" charConfidence="95">i</charParams>
<charParams l="371" t="891" r="385" b="913" charConfidence="25">e</charParams>
<charParams l="386" t="882" r="406" b="914"> </charParams>
<charParams l="407" t="882" r="443" b="914" charConfidence="30">S</charParams>
<charParams l="446" t="891" r="461" b="913" charConfidence="47">a</charParams>
<charParams l="464" t="884" r="491" b="920" charConfidence="100">c</charParams>
<charParams l="464" t="884" r="491" b="920" charConfidence="100">h</charParams>
<charParams l="494" t="891" r="508" b="914" charConfidence="44">e</charParams>
<charParams l="509" t="884" r="530" b="921"> </charParams>
<charParams l="531" t="884" r="552" b="921" charConfidence="43">s</charParams>
<charParams l="531" t="884" r="552" b="921" charConfidence="43">t</charParams>
<charParams l="554" t="892" r="566" b="914" charConfidence="26">e</charParams>
<charParams l="569" t="883" r="585" b="922" charConfidence="99">h</charParams>
<charParams l="589" t="888" r="600" b="914" charConfidence="85">t</charParams>
<charParams l="606" t="906" r="616" b="920" charConfidence="96">,</charParams>
<charParams l="617" t="892" r="647" b="920"> </charParams>
<charParams l="648" t="892" r="661" b="914" charConfidence="38">e</charParams>
<charParams l="664" t="892" r="677" b="915" charConfidence="24">r</charParams>
<charParams l="677" t="891" r="704" b="915" charConfidence="78">w</charParams>
<charParams l="708" t="886" r="716" b="915" charConfidence="17">i</charParams>
<charParams l="718" t="893" r="731" b="915" charConfidence="33">e</charParams>
<charParams l="733" t="886" r="749" b="915" charConfidence="31">d</charParams>
<charParams l="752" t="893" r="765" b="915" charConfidence="38">e</charParams>
<charParams l="767" t="892" r="781" b="915" charConfidence="30">r</charParams>
<charParams l="783" t="890" r="794" b="915" charConfidence="40">t</charParams>
<charParams l="796" t="893" r="809" b="916" charConfidence="25">e</charParams>
<charParams l="810" t="883" r="831" b="916"> </charParams>
<charParams l="832" t="883" r="859" b="916" charConfidence="30">E</charParams>
<charParams l="862" t="886" r="876" b="914" charConfidence="26">d</charParams>
<charParams l="880" t="892" r="897" b="915" charConfidence="35">u</charParams>
<charParams l="900" t="893" r="915" b="915" charConfidence="29">a</charParams>
<charParams l="919" t="892" r="932" b="915" charConfidence="45">r</charParams>
<charParams l="935" t="886" r="951" b="915" charConfidence="26">d</charParams>
<charParams l="952" t="906" r="962" b="921" charConfidence="81">,</charParams></formatting></line>
<line baseline="972" l="183" t="940" r="961" b="981"><formatting lang="OldGerman">
<charParams l="183" t="947" r="210" b="972" charConfidence="31">w</charParams>
<charParams l="214" t="949" r="226" b="972" charConfidence="29">e</charParams>
<charParams l="229" t="949" r="241" b="972" charConfidence="63">r</charParams>
<charParams l="244" t="943" r="259" b="971" charConfidence="26">d</charParams>
<charParams l="263" t="949" r="274" b="972" charConfidence="26">e</charParams>
<charParams l="278" t="949" r="296" b="972" charConfidence="25">n</charParams>
<charParams l="297" t="947" r="317" b="972"> </charParams>
<charParams l="318" t="947" r="344" b="971" charConfidence="30">w</charParams>
<charParams l="348" t="940" r="355" b="971" charConfidence="60">i</charParams>
<charParams l="358" t="947" r="372" b="970" charConfidence="24">r</charParams>
<charParams l="373" t="947" r="394" b="971"> </charParams>
<charParams l="395" t="948" r="412" b="971" charConfidence="37">u</charParams>
<charParams l="415" t="948" r="432" b="970" charConfidence="26">n</charParams>
<charParams l="435" t="942" r="451" b="970" suspicious="1" charConfidence="22">ü</charParams>
<charParams l="464" t="960" r="474" b="976" charConfidence="63">,</charParams>
<charParams l="475" t="947" r="498" b="976"> </charParams>
<charParams l="499" t="947" r="515" b="970" charConfidence="34">a</charParams>
<charParams l="518" t="949" r="535" b="970" charConfidence="100">u</charParams>
<charParams l="538" t="940" r="565" b="976" charConfidence="68">c</charParams>
<charParams l="538" t="940" r="565" b="976" charConfidence="68">h</charParams>
<charParams l="566" t="940" r="588" b="976"> </charParams>
<charParams l="589" t="948" r="606" b="970" charConfidence="45">n</charParams>
<charParams l="610" t="948" r="625" b="970" charConfidence="37">a</charParams>
<charParams l="629" t="941" r="655" b="976" charConfidence="75">c</charParams>
<charParams l="629" t="941" r="655" b="976" charConfidence="75">h</charParams>
<charParams l="656" t="941" r="679" b="976"> </charParams>
<charParams l="680" t="948" r="707" b="971" charConfidence="100">m</charParams>
<charParams l="711" t="948" r="723" b="970" charConfidence="55">e</charParams>
<charParams l="726" t="940" r="742" b="980" charConfidence="88">h</charParams>
<charParams l="747" t="948" r="759" b="971" charConfidence="34">r</charParams>
<charParams l="762" t="949" r="775" b="971" charConfidence="32">e</charParams>
<charParams l="778" t="948" r="791" b="971" charConfidence="25">r</charParams>
<charParams l="793" t="950" r="805" b="972" charConfidence="41">e</charParams>
<charParams l="808" t="949" r="826" b="973" charConfidence="34">n</charParams>
<charParams l="827" t="941" r="849" b="974"> </charParams>
<charParams l="850" t="941" r="876" b="974" charConfidence="41">T</charParams>
<charParams l="880" t="950" r="894" b="973" charConfidence="100">a</charParams>
<charParams l="897" t="951" r="913" b="981" charConfidence="26">g</charParams>
<charParams l="918" t="952" r="930" b="974" charConfidence="80">e</charParams>
<charParams l="933" t="951" r="950" b="975" charConfidence="27">n</charParams>
<charParams l="951" t="966" r="961" b="981" charConfidence="100">,</charParams></formatting></line>
<line baseline="1033" l="184" t="997" r="964" b="1039"><formatting lang="OldGerman">
<charParams l="184" t="1004" r="193" b="1034" charConfidence="25">i</charParams>
<charParams l="197" t="1011" r="223" b="1035" charConfidence="100">m</charParams>
<charParams l="228" t="1012" r="254" b="1035" charConfidence="27">m</charParams>
<charParams l="259" t="1012" r="270" b="1035" charConfidence="26">e</charParams>
<charParams l="273" t="1013" r="286" b="1035" charConfidence="100">r</charParams>
<charParams l="287" t="1003" r="317" b="1035"> </charParams>
<charParams l="318" t="1003" r="334" b="1034" charConfidence="68">ü</charParams>
<charParams l="339" t="1004" r="353" b="1034" charConfidence="40">b</charParams>
<charParams l="358" t="1010" r="369" b="1033" charConfidence="26">e</charParams>
<charParams l="372" t="1010" r="385" b="1033" charConfidence="56">r</charParams>
<charParams l="388" t="1009" r="399" b="1032" charConfidence="28">e</charParams>
<charParams l="403" t="1002" r="410" b="1031" charConfidence="64">i</charParams>
<charParams l="414" t="1002" r="421" b="1032" charConfidence="37">l</charParams>
<charParams l="424" t="1009" r="435" b="1031" charConfidence="100">e</charParams>
<charParams l="439" t="1009" r="456" b="1031" charConfidence="32">n</charParams>
<charParams l="458" t="1023" r="467" b="1031" charConfidence="72">.</charParams>
<charParams l="468" t="999" r="512" b="1032"> </charParams>
<charParams l="513" t="999" r="548" b="1032" charConfidence="100">D</charParams>
<charParams l="551" t="1001" r="559" b="1031" charConfidence="37">i</charParams>
<charParams l="562" t="1009" r="575" b="1030" charConfidence="56">e</charParams>
<charParams l="576" t="997" r="610" b="1031"> </charParams>
<charParams l="611" t="997" r="643" b="1031" charConfidence="26">G</charParams>
<charParams l="647" t="1009" r="660" b="1031" charConfidence="39">r</charParams>
<charParams l="662" t="1000" r="678" b="1031" charConfidence="65">ü</charParams>
<charParams l="683" t="1008" r="698" b="1031" charConfidence="23">n</charParams>
<charParams l="703" t="1002" r="718" b="1031" charConfidence="27">d</charParams>
<charParams l="722" t="1009" r="734" b="1032" charConfidence="30">e</charParams>
<charParams l="735" t="1001" r="756" b="1039"> </charParams>
<charParams l="757" t="1001" r="771" b="1039" charConfidence="39">f</charParams>
<charParams l="771" t="1002" r="787" b="1033" charConfidence="30">ü</charParams>
<charParams l="791" t="1010" r="804" b="1034" charConfidence="54">r</charParams>
<charParams l="805" t="1010" r="835" b="1035"> </charParams>
<charParams l="836" t="1012" r="853" b="1035" charConfidence="34">u</charParams>
<charParams l="857" t="1011" r="874" b="1034" charConfidence="28">n</charParams>
<charParams l="878" t="1007" r="893" b="1034" charConfidence="30">d</charParams>
<charParams l="894" t="1007" r="917" b="1036"> </charParams>
<charParams l="918" t="1009" r="932" b="1036" charConfidence="100">d</charParams>
<charParams l="937" t="1014" r="953" b="1037" charConfidence="48">a</charParams>
<charParams l="955" t="1016" r="964" b="1033" charConfidence="100">¬</charParams></formatting></line>
<line baseline="1096" l="183" t="1061" r="961" b="1107"><formatting lang="OldGerman">
<charParams l="183" t="1075" r="200" b="1106" charConfidence="26">g</charParams>
<charParams l="204" t="1075" r="216" b="1097" charConfidence="41">e</charParams>
<charParams l="217" t="1074" r="234" b="1105" charConfidence="28">g</charParams>
<charParams l="238" t="1074" r="249" b="1097" charConfidence="34">e</charParams>
<charParams l="252" t="1074" r="269" b="1097" charConfidence="87">n</charParams>
<charParams l="270" t="1065" r="293" b="1107"> </charParams>
<charParams l="294" t="1065" r="311" b="1107" suspicious="1" charConfidence="100">h</charParams>
<charParams l="315" t="1074" r="330" b="1097" charConfidence="100">a</charParams>
<charParams l="334" t="1065" r="349" b="1097" charConfidence="66">b</charParams>
<charParams l="354" t="1074" r="365" b="1096" charConfidence="25">e</charParams>
<charParams l="369" t="1073" r="385" b="1097" charConfidence="100">n</charParams>
<charParams l="386" t="1072" r="408" b="1097"> </charParams>
<charParams l="409" t="1072" r="435" b="1096" charConfidence="57">w</charParams>
<charParams l="439" t="1065" r="447" b="1095" charConfidence="35">i</charParams>
<charParams l="450" t="1072" r="464" b="1095" charConfidence="25">r</charParams>
<charParams l="465" t="1070" r="484" b="1095"> </charParams>
<charParams l="485" t="1070" r="510" b="1095" charConfidence="57">w</charParams>
<charParams l="515" t="1071" r="527" b="1094" charConfidence="31">e</charParams>
<charParams l="530" t="1063" r="555" b="1100" charConfidence="100">c</charParams>
<charParams l="530" t="1063" r="555" b="1100" suspicious="1" charConfidence="100">h</charParams>
<charParams l="560" t="1062" r="572" b="1100" charConfidence="30">s</charParams>
<charParams l="571" t="1071" r="582" b="1093" suspicious="1" charConfidence="27">c</charParams>
<charParams l="586" t="1063" r="594" b="1094" charConfidence="51">l</charParams>
<charParams l="596" t="1069" r="610" b="1093" charConfidence="100">s</charParams>
<charParams l="614" t="1069" r="639" b="1093" charConfidence="54">w</charParams>
<charParams l="643" t="1069" r="654" b="1092" charConfidence="35">e</charParams>
<charParams l="658" t="1062" r="665" b="1092" charConfidence="57">i</charParams>
<charParams l="669" t="1061" r="681" b="1099" charConfidence="31">s</charParams>
<charParams l="679" t="1068" r="692" b="1092" charConfidence="28">e</charParams>
<charParams l="693" t="1068" r="707" b="1092"> </charParams>
<charParams l="708" t="1069" r="725" b="1092" charConfidence="68">v</charParams>
<charParams l="729" t="1070" r="743" b="1093" charConfidence="35">o</charParams>
<charParams l="747" t="1070" r="760" b="1093" charConfidence="72">r</charParams>
<charParams l="760" t="1070" r="777" b="1101" charConfidence="55">g</charParams>
<charParams l="781" t="1071" r="793" b="1093" charConfidence="42">e</charParams>
<charParams l="797" t="1062" r="811" b="1095" charConfidence="39">b</charParams>
<charParams l="815" t="1071" r="828" b="1094" charConfidence="44">r</charParams>
<charParams l="831" t="1073" r="846" b="1094" charConfidence="33">a</charParams>
<charParams l="849" t="1065" r="876" b="1102" charConfidence="77">c</charParams>
<charParams l="849" t="1065" r="876" b="1102" charConfidence="77">h</charParams>
<charParams l="880" t="1071" r="890" b="1097" charConfidence="46">t</charParams>
<charParams l="899" t="1076" r="908" b="1104" charConfidence="100">;</charParams>
<charParams l="909" t="1075" r="929" b="1104"> </charParams>
<charParams l="930" t="1075" r="942" b="1098" charConfidence="27">e</charParams>
<charParams l="945" t="1070" r="961" b="1098" suspicious="1" charConfidence="100">s</charParams></formatting></line>
<line baseline="1157" l="182" t="1124" r="960" b="1164"><formatting lang="OldGerman">
<charParams l="182" t="1128" r="196" b="1159" charConfidence="93">k</charParams>
<charParams l="199" t="1136" r="212" b="1158" charConfidence="78">o</charParams>
<charParams l="216" t="1136" r="242" b="1158" charConfidence="85">m</charParams>
<charParams l="247" t="1136" r="274" b="1158" charConfidence="54">m</charParams>
<charParams l="277" t="1133" r="288" b="1159" charConfidence="100">t</charParams>
<charParams l="289" t="1133" r="310" b="1159"> </charParams>
<charParams l="311" t="1136" r="326" b="1158" charConfidence="28">a</charParams>
<charParams l="330" t="1136" r="347" b="1159" charConfidence="53">u</charParams>
<charParams l="349" t="1127" r="363" b="1164" charConfidence="30">f</charParams>
<charParams l="364" t="1127" r="383" b="1164"> </charParams>
<charParams l="384" t="1129" r="399" b="1158" charConfidence="35">d</charParams>
<charParams l="403" t="1135" r="414" b="1158" charConfidence="97">e</charParams>
<charParams l="418" t="1135" r="435" b="1157" charConfidence="40">n</charParams>
<charParams l="436" t="1125" r="459" b="1158"> </charParams>
<charParams l="460" t="1125" r="485" b="1158" charConfidence="27">E</charParams>
<charParams l="488" t="1134" r="505" b="1157" charConfidence="100">n</charParams>
<charParams l="509" t="1131" r="518" b="1156" charConfidence="100">t</charParams>
<charParams l="522" t="1125" r="534" b="1163" charConfidence="32">s</charParams>
<charParams l="532" t="1125" r="558" b="1161" charConfidence="79">c</charParams>
<charParams l="532" t="1125" r="558" b="1161" charConfidence="79">h</charParams>
<charParams l="562" t="1126" r="569" b="1155" charConfidence="38">l</charParams>
<charParams l="573" t="1133" r="589" b="1156" charConfidence="40">u</charParams>
<charParams l="593" t="1124" r="608" b="1161" charConfidence="27">ß</charParams>
<charParams l="609" t="1124" r="631" b="1161"> </charParams>
<charParams l="632" t="1132" r="646" b="1154" charConfidence="24">a</charParams>
<charParams l="650" t="1131" r="668" b="1154" charConfidence="100">n</charParams>
<charParams l="676" t="1145" r="685" b="1160" charConfidence="77">,</charParams>
<charParams l="686" t="1130" r="709" b="1160"> </charParams>
<charParams l="710" t="1130" r="727" b="1154" charConfidence="32">u</charParams>
<charParams l="731" t="1131" r="747" b="1153" charConfidence="100">n</charParams>
<charParams l="751" t="1126" r="766" b="1153" charConfidence="27">d</charParams>
<charParams l="767" t="1126" r="786" b="1155"> </charParams>
<charParams l="787" t="1126" r="802" b="1155" charConfidence="30">d</charParams>
<charParams l="806" t="1133" r="821" b="1155" charConfidence="42">a</charParams>
<charParams l="822" t="1131" r="838" b="1156"> </charParams>
<charParams l="839" t="1131" r="865" b="1156" charConfidence="100">w</charParams>
<charParams l="868" t="1126" r="883" b="1157" charConfidence="22">ä</charParams>
<charParams l="888" t="1135" r="901" b="1157" charConfidence="35">r</charParams>
<charParams l="902" t="1125" r="910" b="1136" charConfidence="81">&apos;</charParams>
<charParams l="911" t="1125" r="927" b="1159"> </charParams>
<charParams l="928" t="1136" r="941" b="1159" charConfidence="26">e</charParams>
<charParams l="944" t="1132" r="960" b="1159" charConfidence="100">s</charParams></formatting></line>
<line baseline="1219" l="182" t="1183" r="959" b="1228"><formatting lang="OldGerman">
<charParams l="182" t="1196" r="208" b="1220" charConfidence="55">w</charParams>
<charParams l="212" t="1190" r="220" b="1219" charConfidence="55">i</charParams>
<charParams l="224" t="1198" r="235" b="1220" charConfidence="24">r</charParams>
<charParams l="239" t="1190" r="250" b="1220" charConfidence="33">k</charParams>
<charParams l="253" t="1192" r="260" b="1220" charConfidence="33">l</charParams>
<charParams l="264" t="1191" r="272" b="1220" charConfidence="31">i</charParams>
<charParams l="275" t="1190" r="301" b="1228" charConfidence="75">c</charParams>
<charParams l="275" t="1190" r="301" b="1228" charConfidence="75">h</charParams>
<charParams l="302" t="1190" r="325" b="1228"> </charParams>
<charParams l="326" t="1191" r="341" b="1220" charConfidence="32">d</charParams>
<charParams l="345" t="1197" r="360" b="1221" charConfidence="27">a</charParams>
<charParams l="363" t="1192" r="379" b="1220" charConfidence="100">s</charParams>
<charParams l="380" t="1188" r="403" b="1221"> </charParams>
<charParams l="404" t="1188" r="420" b="1221" charConfidence="27">b</charParams>
<charParams l="424" t="1197" r="435" b="1220" charConfidence="28">e</charParams>
<charParams l="439" t="1189" r="458" b="1228" charConfidence="37">s</charParams>
<charParams l="439" t="1189" r="458" b="1228" charConfidence="37">t</charParams>
<charParams l="461" t="1197" r="473" b="1220" charConfidence="36">e</charParams>
<charParams l="479" t="1210" r="490" b="1227" charConfidence="100">,</charParams>
<charParams l="491" t="1195" r="522" b="1227"> </charParams>
<charParams l="523" t="1195" r="549" b="1220" charConfidence="57">w</charParams>
<charParams l="553" t="1188" r="560" b="1219" charConfidence="100">i</charParams>
<charParams l="564" t="1195" r="577" b="1218" charConfidence="54">r</charParams>
<charParams l="578" t="1194" r="603" b="1226"> </charParams>
<charParams l="604" t="1194" r="620" b="1226" charConfidence="27">g</charParams>
<charParams l="623" t="1186" r="638" b="1217" charConfidence="55">ä</charParams>
<charParams l="643" t="1185" r="657" b="1217" charConfidence="41">b</charParams>
<charParams l="661" t="1193" r="673" b="1217" charConfidence="29">e</charParams>
<charParams l="676" t="1193" r="694" b="1217" charConfidence="28">n</charParams>
<charParams l="695" t="1186" r="723" b="1217"> </charParams>
<charParams l="724" t="1186" r="733" b="1217" charConfidence="30">i</charParams>
<charParams l="736" t="1183" r="753" b="1226" charConfidence="55">h</charParams>
<charParams l="757" t="1193" r="774" b="1216" charConfidence="28">n</charParams>
<charParams l="775" t="1187" r="799" b="1216"> </charParams>
<charParams l="800" t="1187" r="815" b="1216" charConfidence="31">d</charParams>
<charParams l="819" t="1194" r="830" b="1217" charConfidence="33">e</charParams>
<charParams l="834" t="1194" r="862" b="1217" charConfidence="100">m</charParams>
<charParams l="863" t="1186" r="885" b="1221"> </charParams>
<charParams l="886" t="1186" r="903" b="1221" charConfidence="38">L</charParams>
<charParams l="907" t="1197" r="921" b="1220" charConfidence="50">o</charParams>
<charParams l="925" t="1196" r="939" b="1220" charConfidence="78">o</charParams>
<charParams l="943" t="1192" r="959" b="1221" charConfidence="100">S</charParams></formatting></line>
<line baseline="1281" l="183" t="1251" r="308" b="1290"><formatting lang="OldGerman">
<charParams l="183" t="1258" r="198" b="1280" charConfidence="25">a</charParams>
<charParams l="202" t="1258" r="219" b="1281" charConfidence="100">n</charParams>
<charParams l="223" t="1251" r="239" b="1290" charConfidence="96">h</charParams>
<charParams l="243" t="1259" r="255" b="1281" charConfidence="39">e</charParams>
<charParams l="259" t="1253" r="266" b="1282" charConfidence="32">i</charParams>
<charParams l="270" t="1258" r="296" b="1281" charConfidence="100">m</charParams>
<charParams l="299" t="1273" r="308" b="1282" charConfidence="100">.</charParams></formatting></line></par>
<par align="Justified" startIndent="1816" lineSpacing="1488">
<line baseline="1403" l="247" t="1368" r="959" b="1411"><formatting lang="OldGerman">
<charParams l="247" t="1372" r="275" b="1411" suspicious="1" charConfidence="-1">I</charParams>
<charParams l="279" t="1373" r="305" b="1410" charConfidence="59">c</charParams>
<charParams l="279" t="1373" r="305" b="1410" charConfidence="59">h</charParams>
<charParams l="306" t="1373" r="328" b="1410"> </charParams>
<charParams l="329" t="1380" r="354" b="1404" charConfidence="27">w</charParams>
<charParams l="359" t="1382" r="370" b="1404" charConfidence="25">e</charParams>
<charParams l="374" t="1374" r="381" b="1404" charConfidence="96">i</charParams>
<charParams l="385" t="1373" r="400" b="1410" charConfidence="27">ß</charParams>
<charParams l="408" t="1396" r="417" b="1411" charConfidence="73">,</charParams>
<charParams l="418" t="1383" r="447" b="1411"> </charParams>
<charParams l="448" t="1383" r="465" b="1405" charConfidence="81">v</charParams>
<charParams l="469" t="1382" r="481" b="1405" charConfidence="26">e</charParams>
<charParams l="484" t="1382" r="497" b="1405" charConfidence="61">r</charParams>
<charParams l="500" t="1373" r="511" b="1410" charConfidence="100">s</charParams>
<charParams l="511" t="1382" r="523" b="1404" charConfidence="100">e</charParams>
<charParams l="526" t="1376" r="544" b="1411" charConfidence="35">t</charParams>
<charParams l="526" t="1376" r="544" b="1411" charConfidence="35">z</charParams>
<charParams l="546" t="1376" r="557" b="1403" charConfidence="50">t</charParams>
<charParams l="558" t="1379" r="571" b="1402" charConfidence="30">e</charParams>
<charParams l="572" t="1368" r="593" b="1402"> </charParams>
<charParams l="594" t="1368" r="619" b="1402" charConfidence="40">C</charParams>
<charParams l="621" t="1368" r="637" b="1410" charConfidence="100">h</charParams>
<charParams l="641" t="1378" r="656" b="1401" charConfidence="34">a</charParams>
<charParams l="660" t="1378" r="673" b="1401" charConfidence="41">r</charParams>
<charParams l="676" t="1370" r="685" b="1401" charConfidence="91">l</charParams>
<charParams l="686" t="1378" r="701" b="1401" charConfidence="46">o</charParams>
<charParams l="705" t="1375" r="715" b="1401" charConfidence="39">t</charParams>
<charParams l="718" t="1375" r="727" b="1402" charConfidence="53">t</charParams>
<charParams l="730" t="1379" r="742" b="1402" charConfidence="27">e</charParams>
<charParams l="749" t="1394" r="759" b="1410" charConfidence="100">,</charParams>
<charParams l="760" t="1374" r="790" b="1410"> </charParams>
<charParams l="791" t="1374" r="806" b="1403" charConfidence="55">d</charParams>
<charParams l="811" t="1381" r="824" b="1404" charConfidence="24">a</charParams>
<charParams l="829" t="1372" r="845" b="1410" charConfidence="28">ß</charParams>
<charParams l="846" t="1372" r="868" b="1410"> </charParams>
<charParams l="869" t="1375" r="884" b="1405" charConfidence="55">d</charParams>
<charParams l="888" t="1381" r="904" b="1404" charConfidence="28">u</charParams>
<charParams l="905" t="1373" r="928" b="1404"> </charParams>
<charParams l="929" t="1373" r="937" b="1403" charConfidence="31">i</charParams>
<charParams l="941" t="1380" r="959" b="1404" charConfidence="24">n</charParams></formatting></line>
<line baseline="1466" l="181" t="1433" r="956" b="1475"><formatting lang="OldGerman">
<charParams l="181" t="1437" r="194" b="1470" charConfidence="28">z</charParams>
<charParams l="198" t="1438" r="222" b="1462" charConfidence="27">w</charParams>
<charParams l="226" t="1441" r="238" b="1462" charConfidence="51">e</charParams>
<charParams l="242" t="1435" r="249" b="1463" charConfidence="30">i</charParams>
<charParams l="253" t="1434" r="266" b="1470" charConfidence="36">f</charParams>
<charParams l="265" t="1444" r="277" b="1465" charConfidence="26">e</charParams>
<charParams l="280" t="1436" r="288" b="1465" charConfidence="95">l</charParams>
<charParams l="291" t="1434" r="307" b="1475" charConfidence="100">h</charParams>
<charParams l="312" t="1444" r="326" b="1466" charConfidence="100">a</charParams>
<charParams l="331" t="1435" r="344" b="1473" charConfidence="51">f</charParams>
<charParams l="344" t="1442" r="353" b="1467" charConfidence="27">t</charParams>
<charParams l="356" t="1444" r="367" b="1467" charConfidence="31">e</charParams>
<charParams l="371" t="1444" r="389" b="1467" charConfidence="29">n</charParams>
<charParams l="390" t="1434" r="420" b="1473"> </charParams>
<charParams l="421" t="1434" r="444" b="1473" charConfidence="28">F</charParams>
<charParams l="445" t="1436" r="460" b="1467" charConfidence="56">ä</charParams>
<charParams l="464" t="1436" r="472" b="1467" charConfidence="75">l</charParams>
<charParams l="472" t="1437" r="480" b="1468" charConfidence="23">l</charParams>
<charParams l="483" t="1444" r="495" b="1467" charConfidence="32">e</charParams>
<charParams l="498" t="1443" r="515" b="1467" charConfidence="43">n</charParams>
<charParams l="516" t="1442" r="546" b="1473"> </charParams>
<charParams l="547" t="1442" r="563" b="1473" charConfidence="29">g</charParams>
<charParams l="567" t="1442" r="578" b="1464" charConfidence="26">e</charParams>
<charParams l="582" t="1441" r="594" b="1463" charConfidence="78">r</charParams>
<charParams l="597" t="1441" r="613" b="1463" charConfidence="54">n</charParams>
<charParams l="617" t="1440" r="630" b="1463" charConfidence="29">e</charParams>
<charParams l="631" t="1439" r="657" b="1464"> </charParams>
<charParams l="658" t="1439" r="684" b="1464" charConfidence="26">w</charParams>
<charParams l="688" t="1441" r="700" b="1464" charConfidence="26">e</charParams>
<charParams l="703" t="1438" r="714" b="1464" charConfidence="42">t</charParams>
<charParams l="717" t="1439" r="727" b="1465" charConfidence="40">t</charParams>
<charParams l="730" t="1442" r="741" b="1465" charConfidence="26">e</charParams>
<charParams l="745" t="1435" r="764" b="1473" charConfidence="100">s</charParams>
<charParams l="745" t="1435" r="764" b="1473" charConfidence="100">t</charParams>
<charParams l="765" t="1435" r="794" b="1473"> </charParams>
<charParams l="795" t="1443" r="810" b="1465" charConfidence="68">o</charParams>
<charParams l="814" t="1437" r="828" b="1465" charConfidence="29">d</charParams>
<charParams l="833" t="1443" r="844" b="1465" charConfidence="100">e</charParams>
<charParams l="848" t="1443" r="861" b="1465" charConfidence="100">r</charParams>
<charParams l="862" t="1441" r="882" b="1465"> </charParams>
<charParams l="883" t="1441" r="909" b="1464" charConfidence="54">w</charParams>
<charParams l="913" t="1433" r="929" b="1464" charConfidence="68">ü</charParams>
<charParams l="934" t="1441" r="946" b="1463" charConfidence="28">r</charParams>
<charParams l="948" t="1444" r="956" b="1458" charConfidence="100">-</charParams></formatting></line></par>
</text>
</block>
<block blockType="Text" blockName="">
<text>
<par startIndent="144">
<line baseline="1525" l="740" t="1502" r="758" b="1525"><formatting lang="OldGerman">
<charParams l="740" t="1502" r="758" b="1525" charConfidence="47">2</charParams></formatting></line></par>
</text>
</block>
</page>
</document>