﻿<?xml version="1.0" encoding="UTF-8" standalone="yes"?>
<document xmlns="http://www.abbyy.com/FineReader_xml/FineReader10-schema-v1.xml" version="1.0" producer="ABBYY FineReader Engine 11" languages="" xmlns:xsi="http://www.w3.org/2001/XMLSchema-instance" xsi:schemaLocation="http://www.abbyy.com/FineReader_xml/FineReader10-schema-v1.xml http://www.abbyy.com/FineReader_xml/FineReader10-schema-v1.xml">
<page width="1156" height="1782" resolution="300" originalCoords="1">
<block blockType="Text" blockName="">
<text>
<par startIndent="144">
<line baseline="88" l="558" t="59" r="598" b="84"><formatting lang="OldGerman">
<charParams l="558" t="60" r="575" b="83" charConfidence="69">2</charParams>
<charParams l="578" t="59" r="598" b="81" suspicious="1" charConfidence="26">0</charParams></formatting></line></par>
</text>
</block>
<block blockType="Text" blockName="">
<text>
<par align="Justified" startIndent="273" lineSpacing="1464">
<line baseline="182" l="189" t="132" r="966" b="194"><formatting lang="OldGerman">
<charParams l="189" t="146" r="203" b="184" charConfidence="29">s</charParams>
<charParams l="204" t="155" r="216" b="177" charConfidence="28">e</charParams>
<charParams l="218" t="147" r="227" b="179" charConfidence="25">i</charParams>
<charParams l="229" t="147" r="250" b="186" charConfidence="38">s</charParams>
<charParams l="229" t="147" r="250" b="186" charConfidence="38">t</charParams>
<charParams l="259" t="155" r="269" b="184" charConfidence="34">;</charParams>
<charParams l="270" t="144" r="303" b="184"> </charParams>
<charParams l="304" t="144" r="319" b="177" suspicious="1" charConfidence="25">b</charParams>
<charParams l="324" t="154" r="336" b="177" suspicious="1" charConfidence="24">e</charParams>
<charParams l="339" t="154" r="355" b="185" suspicious="1" charConfidence="27">y</charParams>
<charParams l="356" t="153" r="385" b="185"> </charParams>
<charParams l="386" t="153" r="400" b="176" charConfidence="28">e</charParams>
<charParams l="403" t="144" r="409" b="176" charConfidence="100">i</charParams>
<charParams l="414" t="152" r="430" b="175" charConfidence="74">n</charParams>
<charParams l="434" t="152" r="445" b="175" charConfidence="25">e</charParams>
<charParams l="449" t="152" r="461" b="175" charConfidence="32">r</charParams>
<charParams l="462" t="140" r="490" b="179"> </charParams>
<charParams l="491" t="140" r="506" b="180" charConfidence="84">s</charParams>
<charParams l="503" t="150" r="517" b="172" charConfidence="33">o</charParams>
<charParams l="518" t="147" r="547" b="172"> </charParams>
<charParams l="548" t="147" r="560" b="169" charConfidence="26">e</charParams>
<charParams l="563" t="147" r="575" b="170" charConfidence="27">r</charParams>
<charParams l="578" t="146" r="594" b="171" charConfidence="25">n</charParams>
<charParams l="599" t="139" r="618" b="176" charConfidence="67">s</charParams>
<charParams l="599" t="139" r="618" b="176" charConfidence="67">t</charParams>
<charParams l="621" t="137" r="639" b="177" charConfidence="37">h</charParams>
<charParams l="642" t="148" r="656" b="170" charConfidence="25">a</charParams>
<charParams l="660" t="139" r="684" b="178" charConfidence="78">f</charParams>
<charParams l="660" t="139" r="684" b="178" charConfidence="78">t</charParams>
<charParams l="686" t="149" r="698" b="172" charConfidence="25">e</charParams>
<charParams l="700" t="149" r="719" b="173" charConfidence="51">n</charParams>
<charParams l="720" t="140" r="747" b="175"> </charParams>
<charParams l="748" t="140" r="784" b="176" charConfidence="33">S</charParams>
<charParams l="788" t="152" r="803" b="176" charConfidence="25">a</charParams>
<charParams l="807" t="144" r="834" b="182" charConfidence="45">c</charParams>
<charParams l="807" t="144" r="834" b="182" charConfidence="45">h</charParams>
<charParams l="836" t="152" r="850" b="177" charConfidence="80">e</charParams>
<charParams l="851" t="143" r="871" b="183"> </charParams>
<charParams l="872" t="143" r="890" b="183" suspicious="1" charConfidence="35">h</charParams>
<charParams l="893" t="145" r="901" b="175" charConfidence="100">i</charParams>
<charParams l="905" t="152" r="919" b="175" charConfidence="32">n</charParams>
<charParams l="922" t="154" r="940" b="186" charConfidence="29">g</charParams>
<charParams l="943" t="156" r="955" b="177" charConfidence="29">e</charParams>
<charParams l="957" t="160" r="966" b="174" charConfidence="22">¬</charParams></formatting></line>
<line baseline="242" l="189" t="194" r="966" b="256"><formatting lang="OldGerman">
<charParams l="189" t="216" r="206" b="247" charConfidence="50">g</charParams>
<charParams l="209" t="217" r="221" b="239" charConfidence="26">e</charParams>
<charParams l="222" t="214" r="242" b="240" charConfidence="26">n</charParams>
<charParams l="242" t="215" r="272" b="240"> </charParams>
<charParams l="272" t="215" r="299" b="239" charConfidence="26">w</charParams>
<charParams l="301" t="206" r="320" b="239" charConfidence="25">ü</charParams>
<charParams l="322" t="216" r="336" b="238" charConfidence="37">r</charParams>
<charParams l="337" t="209" r="354" b="238" charConfidence="26">d</charParams>
<charParams l="357" t="216" r="370" b="238" charConfidence="32">e</charParams>
<charParams l="370" t="205" r="398" b="238"> </charParams>
<charParams l="398" t="205" r="409" b="238" charConfidence="34">i</charParams>
<charParams l="411" t="206" r="438" b="243" charConfidence="100">c</charParams>
<charParams l="411" t="206" r="438" b="243" charConfidence="100">h</charParams>
<charParams l="438" t="206" r="461" b="243"> </charParams>
<charParams l="461" t="207" r="478" b="235" charConfidence="26">d</charParams>
<charParams l="481" t="205" r="489" b="234" charConfidence="93">i</charParams>
<charParams l="491" t="210" r="503" b="234" charConfidence="24">e</charParams>
<charParams l="506" t="201" r="523" b="238" charConfidence="28">ß</charParams>
<charParams l="523" t="199" r="544" b="238"> </charParams>
<charParams l="544" t="199" r="559" b="237" charConfidence="26">f</charParams>
<charParams l="557" t="199" r="576" b="231" charConfidence="25">ü</charParams>
<charParams l="577" t="207" r="592" b="232" charConfidence="29">r</charParams>
<charParams l="592" t="207" r="614" b="232"> </charParams>
<charParams l="614" t="207" r="627" b="229" charConfidence="-1">«</charParams>
<charParams l="630" t="199" r="639" b="229" charConfidence="42">i</charParams>
<charParams l="641" t="207" r="659" b="230" charConfidence="31">n</charParams>
<charParams l="661" t="209" r="674" b="233" charConfidence="27">e</charParams>
<charParams l="675" t="210" r="696" b="233" charConfidence="48">n</charParams>
<charParams l="696" t="201" r="728" b="240"> </charParams>
<charParams l="728" t="201" r="752" b="240" charConfidence="35">F</charParams>
<charParams l="753" t="211" r="766" b="238" charConfidence="29">r</charParams>
<charParams l="768" t="213" r="781" b="235" charConfidence="25">e</charParams>
<charParams l="783" t="214" r="801" b="237" charConfidence="28">v</charParams>
<charParams l="803" t="214" r="816" b="237" charConfidence="33">e</charParams>
<charParams l="818" t="207" r="829" b="237" charConfidence="32">l</charParams>
<charParams l="829" t="203" r="857" b="245"> </charParams>
<charParams l="857" t="204" r="876" b="245" suspicious="1" charConfidence="44">h</charParams>
<charParams l="878" t="214" r="895" b="236" charConfidence="27">a</charParams>
<charParams l="898" t="206" r="906" b="236" charConfidence="28">l</charParams>
<charParams l="908" t="211" r="919" b="236" charConfidence="24">t</charParams>
<charParams l="920" t="214" r="933" b="236" charConfidence="24">e</charParams>
<charParams l="934" t="213" r="954" b="237" charConfidence="48">n</charParams>
<charParams l="956" t="229" r="965" b="238" charConfidence="55">.</charParams></formatting></line></par>
<par align="Justified" startIndent="1854" lineSpacing="1488">
<line baseline="365" l="253" t="314" r="968" b="372"><formatting lang="OldGerman">
<charParams l="253" t="327" r="294" b="360" charConfidence="28">W</charParams>
<charParams l="295" t="337" r="311" b="359" charConfidence="25">a</charParams>
<charParams l="315" t="332" r="331" b="361" charConfidence="-1">s</charParams>
<charParams l="332" t="328" r="354" b="365"> </charParams>
<charParams l="355" t="328" r="369" b="365" charConfidence="26">s</charParams>
<charParams l="366" t="337" r="381" b="359" charConfidence="41">o</charParams>
<charParams l="383" t="328" r="393" b="358" charConfidence="72">l</charParams>
<charParams l="392" t="328" r="403" b="358" charConfidence="25">l</charParams>
<charParams l="404" t="328" r="424" b="359"> </charParams>
<charParams l="425" t="328" r="433" b="357" charConfidence="48">i</charParams>
<charParams l="436" t="327" r="463" b="364" charConfidence="61">c</charParams>
<charParams l="436" t="327" r="463" b="364" charConfidence="61">h</charParams>
<charParams l="464" t="327" r="485" b="364"> </charParams>
<charParams l="486" t="331" r="502" b="355" charConfidence="25">a</charParams>
<charParams l="506" t="321" r="520" b="353" charConfidence="26">b</charParams>
<charParams l="524" t="330" r="536" b="352" charConfidence="100">e</charParams>
<charParams l="539" t="330" r="553" b="353" charConfidence="51">r</charParams>
<charParams l="554" t="322" r="575" b="353"> </charParams>
<charParams l="576" t="322" r="592" b="353" charConfidence="28">d</charParams>
<charParams l="595" t="329" r="608" b="352" charConfidence="29">e</charParams>
<charParams l="610" t="328" r="638" b="352" charConfidence="46">m</charParams>
<charParams l="639" t="318" r="656" b="358"> </charParams>
<charParams l="657" t="318" r="689" b="359" suspicious="1" charConfidence="18">H</charParams>
<charParams l="691" t="330" r="707" b="352" charConfidence="35">a</charParams>
<charParams l="711" t="330" r="728" b="354" charConfidence="34">u</charParams>
<charParams l="731" t="331" r="748" b="360" charConfidence="48">p</charParams>
<charParams l="751" t="329" r="762" b="357" charConfidence="28">t</charParams>
<charParams l="763" t="332" r="772" b="355" suspicious="1" charConfidence="100">i</charParams>
<charParams l="771" t="333" r="791" b="356" charConfidence="27">n</charParams>
<charParams l="793" t="335" r="810" b="359" charConfidence="34">a</charParams>
<charParams l="812" t="335" r="830" b="360" suspicious="1" charConfidence="25">n</charParams>
<charParams l="833" t="335" r="852" b="362" charConfidence="26">n</charParams>
<charParams l="853" t="330" r="874" b="367"> </charParams>
<charParams l="875" t="330" r="889" b="367" charConfidence="45">s</charParams>
<charParams l="886" t="330" r="913" b="367" charConfidence="57">c</charParams>
<charParams l="886" t="330" r="913" b="367" charConfidence="57">h</charParams>
<charParams l="916" t="339" r="929" b="361" charConfidence="43">r</charParams>
<charParams l="931" t="337" r="944" b="362" charConfidence="26">e</charParams>
<charParams l="946" t="331" r="955" b="362" charConfidence="32">i</charParams>
<charParams l="957" t="342" r="968" b="357" charConfidence="22">¬</charParams></formatting></line>
<line baseline="423" l="188" t="377" r="967" b="432"><formatting lang="OldGerman">
<charParams l="188" t="389" r="205" b="421" charConfidence="29">b</charParams>
<charParams l="208" t="399" r="220" b="421" charConfidence="26">e</charParams>
<charParams l="223" t="397" r="241" b="422" charConfidence="34">n</charParams>
<charParams l="249" t="391" r="266" b="421" charConfidence="22">?</charParams>
<charParams l="266" t="391" r="297" b="421"> </charParams>
<charParams l="297" t="398" r="312" b="420" charConfidence="30">r</charParams>
<charParams l="314" t="390" r="322" b="421" charConfidence="53">i</charParams>
<charParams l="324" t="398" r="337" b="420" charConfidence="30">e</charParams>
<charParams l="338" t="388" r="354" b="425" charConfidence="29">f</charParams>
<charParams l="354" t="386" r="372" b="425"> </charParams>
<charParams l="372" t="386" r="400" b="419" charConfidence="27">E</charParams>
<charParams l="402" t="388" r="418" b="419" charConfidence="27">d</charParams>
<charParams l="420" t="395" r="438" b="418" charConfidence="31">u</charParams>
<charParams l="441" t="395" r="458" b="417" charConfidence="39">a</charParams>
<charParams l="459" t="393" r="472" b="416" charConfidence="31">r</charParams>
<charParams l="474" t="387" r="491" b="415" charConfidence="34">d</charParams>
<charParams l="491" t="387" r="514" b="416"> </charParams>
<charParams l="514" t="392" r="531" b="413" charConfidence="27">a</charParams>
<charParams l="533" t="390" r="552" b="413" charConfidence="33">u</charParams>
<charParams l="553" t="386" r="571" b="413" charConfidence="-1">s</charParams>
<charParams l="571" t="386" r="582" b="414"> </charParams>
<charParams l="582" t="392" r="591" b="412" charConfidence="24">:</charParams>
<charParams l="591" t="384" r="622" b="413"> </charParams>
<charParams l="622" t="384" r="639" b="413" charConfidence="27">d</charParams>
<charParams l="641" t="390" r="654" b="413" charConfidence="26">e</charParams>
<charParams l="656" t="389" r="675" b="414" charConfidence="28">n</charParams>
<charParams l="677" t="390" r="696" b="413" charConfidence="27">n</charParams>
<charParams l="696" t="383" r="725" b="414"> </charParams>
<charParams l="725" t="383" r="736" b="414" charConfidence="100">i</charParams>
<charParams l="736" t="383" r="766" b="423" charConfidence="26">c</charParams>
<charParams l="736" t="383" r="766" b="423" charConfidence="26">h</charParams>
<charParams l="766" t="384" r="795" b="423"> </charParams>
<charParams l="795" t="393" r="806" b="416" suspicious="1" charConfidence="-1">&gt;</charParams>
<charParams l="805" t="394" r="826" b="418" charConfidence="35">n</charParams>
<charParams l="827" t="395" r="845" b="419" suspicious="1" charConfidence="25">n</charParams>
<charParams l="847" t="388" r="866" b="425" suspicious="1" charConfidence="28">ß</charParams>
<charParams l="866" t="389" r="896" b="425"> </charParams>
<charParams l="896" t="398" r="925" b="422" charConfidence="33">m</charParams>
<charParams l="929" t="392" r="937" b="423" charConfidence="32">i</charParams>
<charParams l="939" t="391" r="967" b="429" charConfidence="59">c</charParams>
<charParams l="939" t="391" r="967" b="429" charConfidence="59">h</charParams></formatting></line>
<line baseline="488" l="187" t="446" r="445" b="491"><formatting lang="OldGerman">
<charParams l="187" t="459" r="203" b="488" charConfidence="30">g</charParams>
<charParams l="208" t="451" r="215" b="481" charConfidence="31">l</charParams>
<charParams l="218" t="456" r="230" b="481" charConfidence="26">e</charParams>
<charParams l="233" t="452" r="241" b="481" charConfidence="26">i</charParams>
<charParams l="243" t="450" r="270" b="487" charConfidence="59">c</charParams>
<charParams l="243" t="450" r="270" b="487" charConfidence="59">h</charParams>
<charParams l="271" t="447" r="301" b="487"> </charParams>
<charParams l="302" t="447" r="319" b="487" suspicious="1" charConfidence="90">h</charParams>
<charParams l="322" t="450" r="331" b="478" charConfidence="27">i</charParams>
<charParams l="334" t="456" r="351" b="478" charConfidence="36">n</charParams>
<charParams l="355" t="448" r="367" b="484" charConfidence="25">s</charParams>
<charParams l="364" t="455" r="377" b="478" charConfidence="25">e</charParams>
<charParams l="380" t="450" r="397" b="484" charConfidence="31">h</charParams>
<charParams l="401" t="454" r="413" b="478" charConfidence="27">e</charParams>
<charParams l="415" t="454" r="433" b="477" charConfidence="29">n</charParams>
<charParams l="435" t="467" r="445" b="476" charConfidence="71">.</charParams></formatting></line></par>
<par align="Justified" startIndent="1854" lineSpacing="1560">
<line baseline="607" l="255" t="560" r="969" b="615"><formatting lang="OldGerman">
<charParams l="255" t="568" r="281" b="602" charConfidence="25">E</charParams>
<charParams l="284" t="570" r="292" b="600" charConfidence="58">i</charParams>
<charParams l="295" t="577" r="312" b="601" charConfidence="85">n</charParams>
<charParams l="315" t="578" r="328" b="601" charConfidence="39">e</charParams>
<charParams l="330" t="577" r="349" b="601" charConfidence="31">n</charParams>
<charParams l="349" t="577" r="384" b="601"> </charParams>
<charParams l="384" t="578" r="397" b="600" charConfidence="83">r</charParams>
<charParams l="400" t="575" r="418" b="600" charConfidence="48">u</charParams>
<charParams l="420" t="567" r="438" b="609" charConfidence="38">h</charParams>
<charParams l="442" t="568" r="450" b="599" charConfidence="59">i</charParams>
<charParams l="453" t="576" r="469" b="607" charConfidence="25">g</charParams>
<charParams l="472" t="577" r="483" b="599" charConfidence="100">e</charParams>
<charParams l="486" t="576" r="504" b="600" charConfidence="29">n</charParams>
<charParams l="512" t="591" r="521" b="605" charConfidence="80">,</charParams>
<charParams l="522" t="576" r="558" b="605"> </charParams>
<charParams l="558" t="576" r="576" b="599" charConfidence="28">v</charParams>
<charParams l="580" t="576" r="592" b="599" charConfidence="24">e</charParams>
<charParams l="594" t="575" r="608" b="600" charConfidence="31">r</charParams>
<charParams l="610" t="575" r="628" b="600" charConfidence="41">n</charParams>
<charParams l="630" t="566" r="649" b="599" charConfidence="22">ü</charParams>
<charParams l="651" t="574" r="668" b="600" charConfidence="34">n</charParams>
<charParams l="671" t="566" r="686" b="607" charConfidence="81">f</charParams>
<charParams l="684" t="573" r="694" b="600" charConfidence="62">t</charParams>
<charParams l="696" t="568" r="705" b="600" charConfidence="100">i</charParams>
<charParams l="707" t="576" r="724" b="608" charConfidence="48">g</charParams>
<charParams l="727" t="577" r="739" b="600" charConfidence="26">e</charParams>
<charParams l="741" t="575" r="760" b="603" charConfidence="40">n</charParams>
<charParams l="766" t="591" r="777" b="607" charConfidence="100">,</charParams>
<charParams l="778" t="573" r="814" b="607"> </charParams>
<charParams l="814" t="573" r="826" b="601" charConfidence="63">t</charParams>
<charParams l="828" t="576" r="842" b="601" charConfidence="32">r</charParams>
<charParams l="844" t="566" r="859" b="601" charConfidence="26">ö</charParams>
<charParams l="860" t="569" r="882" b="610" charConfidence="42">s</charParams>
<charParams l="860" t="569" r="882" b="610" charConfidence="42">t</charParams>
<charParams l="884" t="570" r="893" b="602" charConfidence="56">l</charParams>
<charParams l="895" t="570" r="904" b="602" charConfidence="62">i</charParams>
<charParams l="906" t="567" r="933" b="609" charConfidence="48">c</charParams>
<charParams l="906" t="567" r="933" b="609" charConfidence="48">h</charParams>
<charParams l="936" t="577" r="948" b="601" charConfidence="29">e</charParams>
<charParams l="949" t="577" r="969" b="601" charConfidence="31">n</charParams></formatting></line>
<line baseline="672" l="190" t="627" r="582" b="676"><formatting lang="OldGerman">
<charParams l="191" t="632" r="223" b="665" charConfidence="33">B</charParams>
<charParams l="228" t="642" r="240" b="665" charConfidence="39">r</charParams>
<charParams l="244" t="634" r="251" b="665" charConfidence="92">i</charParams>
<charParams l="254" t="642" r="266" b="665" charConfidence="30">e</charParams>
<charParams l="268" t="633" r="282" b="671" charConfidence="26">f</charParams>
<charParams l="291" t="656" r="300" b="672" charConfidence="66">,</charParams>
<charParams l="300" t="632" r="324" b="673"> </charParams>
<charParams l="324" t="633" r="338" b="672" charConfidence="85">s</charParams>
<charParams l="337" t="642" r="352" b="664" charConfidence="24">a</charParams>
<charParams l="354" t="641" r="371" b="672" charConfidence="52">g</charParams>
<charParams l="374" t="638" r="384" b="664" charConfidence="26">t</charParams>
<charParams l="388" t="641" r="400" b="664" charConfidence="46">e</charParams>
<charParams l="401" t="629" r="423" b="665"> </charParams>
<charParams l="424" t="630" r="448" b="664" charConfidence="32">C</charParams>
<charParams l="450" t="631" r="467" b="673" charConfidence="66">h</charParams>
<charParams l="471" t="640" r="486" b="663" charConfidence="54">a</charParams>
<charParams l="489" t="639" r="502" b="664" charConfidence="53">r</charParams>
<charParams l="506" t="633" r="513" b="664" charConfidence="71">l</charParams>
<charParams l="516" t="640" r="530" b="663" charConfidence="51">o</charParams>
<charParams l="535" t="636" r="543" b="662" charConfidence="34">t</charParams>
<charParams l="547" t="636" r="557" b="663" charConfidence="40">t</charParams>
<charParams l="560" t="640" r="572" b="663" charConfidence="30">e</charParams>
<charParams l="574" t="653" r="582" b="664" charConfidence="100">.</charParams></formatting></line></par>
<par align="Justified" startIndent="1854" lineSpacing="1584">
<line baseline="792" l="256" t="749" r="969" b="801"><formatting lang="OldGerman">
<charParams l="256" t="756" r="290" b="787" charConfidence="41">D</charParams>
<charParams l="294" t="765" r="309" b="786" charConfidence="62">a</charParams>
<charParams l="313" t="760" r="328" b="788" charConfidence="100">s</charParams>
<charParams l="329" t="754" r="365" b="794"> </charParams>
<charParams l="365" t="754" r="384" b="794" suspicious="1" charConfidence="42">h</charParams>
<charParams l="387" t="765" r="397" b="787" charConfidence="33">e</charParams>
<charParams l="402" t="756" r="409" b="786" charConfidence="-1">i</charParams>
<charParams l="412" t="756" r="430" b="793" charConfidence="27">ß</charParams>
<charParams l="431" t="760" r="443" b="787" charConfidence="68">t</charParams>
<charParams l="444" t="754" r="480" b="793"> </charParams>
<charParams l="480" t="754" r="496" b="794" charConfidence="100">s</charParams>
<charParams l="492" t="764" r="506" b="786" charConfidence="37">o</charParams>
<charParams l="509" t="764" r="526" b="787" charConfidence="42">v</charParams>
<charParams l="530" t="756" r="538" b="787" charConfidence="96">i</charParams>
<charParams l="541" t="763" r="553" b="787" charConfidence="24">e</charParams>
<charParams l="556" t="756" r="566" b="786" charConfidence="34">l</charParams>
<charParams l="566" t="756" r="603" b="787"> </charParams>
<charParams l="603" t="761" r="629" b="786" charConfidence="29">w</charParams>
<charParams l="633" t="755" r="642" b="786" charConfidence="35">i</charParams>
<charParams l="644" t="763" r="657" b="786" charConfidence="26">e</charParams>
<charParams l="658" t="753" r="694" b="787"> </charParams>
<charParams l="694" t="754" r="708" b="786" charConfidence="38">k</charParams>
<charParams l="710" t="764" r="721" b="787" charConfidence="27">e</charParams>
<charParams l="725" t="755" r="733" b="787" charConfidence="100">i</charParams>
<charParams l="735" t="762" r="753" b="787" charConfidence="25">n</charParams>
<charParams l="755" t="762" r="768" b="786" charConfidence="87">e</charParams>
<charParams l="770" t="763" r="788" b="786" charConfidence="100">n</charParams>
<charParams l="797" t="777" r="808" b="792" charConfidence="100">,</charParams>
<charParams l="809" t="763" r="844" b="792"> </charParams>
<charParams l="845" t="763" r="862" b="786" charConfidence="36">v</charParams>
<charParams l="866" t="764" r="878" b="787" charConfidence="27">e</charParams>
<charParams l="881" t="764" r="893" b="786" charConfidence="27">r</charParams>
<charParams l="897" t="756" r="911" b="792" charConfidence="34">s</charParams>
<charParams l="908" t="764" r="919" b="786" charConfidence="26">e</charParams>
<charParams l="922" t="758" r="942" b="795" charConfidence="46">t</charParams>
<charParams l="922" t="758" r="942" b="795" charConfidence="46">z</charParams>
<charParams l="942" t="760" r="953" b="786" charConfidence="61">t</charParams>
<charParams l="955" t="764" r="968" b="785" charConfidence="27">e</charParams></formatting></line>
<line baseline="857" l="191" t="815" r="322" b="850"><formatting lang="OldGerman">
<charParams l="191" t="815" r="217" b="848" charConfidence="47">E</charParams>
<charParams l="220" t="817" r="235" b="848" charConfidence="33">d</charParams>
<charParams l="238" t="826" r="257" b="848" charConfidence="38">u</charParams>
<charParams l="259" t="825" r="275" b="846" charConfidence="25">a</charParams>
<charParams l="277" t="826" r="291" b="848" charConfidence="73">r</charParams>
<charParams l="293" t="819" r="309" b="847" charConfidence="26">d</charParams>
<charParams l="312" t="839" r="322" b="849" charConfidence="100">.</charParams></formatting></line></par>
<par align="Justified" startIndent="1854" lineSpacing="1464">
<line baseline="967" l="254" t="923" r="968" b="973"><formatting lang="OldGerman">
<charParams l="254" t="933" r="269" b="962" suspicious="1" charConfidence="-1">l</charParams>
<charParams l="269" t="932" r="279" b="963" suspicious="1" charConfidence="100">i</charParams>
<charParams l="283" t="940" r="299" b="962" charConfidence="85">n</charParams>
<charParams l="303" t="933" r="320" b="963" charConfidence="27">d</charParams>
<charParams l="320" t="933" r="342" b="963"> </charParams>
<charParams l="342" t="933" r="359" b="961" charConfidence="35">d</charParams>
<charParams l="362" t="938" r="376" b="960" charConfidence="42">o</charParams>
<charParams l="380" t="929" r="409" b="966" charConfidence="61">c</charParams>
<charParams l="380" t="929" r="409" b="966" charConfidence="61">h</charParams>
<charParams l="409" t="930" r="431" b="966"> </charParams>
<charParams l="431" t="931" r="442" b="960" charConfidence="26">i</charParams>
<charParams l="443" t="931" r="466" b="967" charConfidence="40">s</charParams>
<charParams l="443" t="931" r="466" b="967" charConfidence="40">t</charParams>
<charParams l="466" t="931" r="486" b="967"> </charParams>
<charParams l="486" t="938" r="499" b="962" charConfidence="29">e</charParams>
<charParams l="501" t="933" r="518" b="960" suspicious="1" charConfidence="100">S</charParams>
<charParams l="518" t="931" r="540" b="961"> </charParams>
<charParams l="540" t="931" r="551" b="961" charConfidence="33">i</charParams>
<charParams l="552" t="938" r="570" b="960" charConfidence="28">n</charParams>
<charParams l="571" t="936" r="599" b="961"> </charParams>
<charParams l="600" t="937" r="628" b="960" charConfidence="47">m</charParams>
<charParams l="631" t="938" r="647" b="960" charConfidence="25">a</charParams>
<charParams l="650" t="937" r="668" b="962" charConfidence="54">n</charParams>
<charParams l="670" t="930" r="699" b="967" charConfidence="63">c</charParams>
<charParams l="670" t="930" r="699" b="967" charConfidence="63">h</charParams>
<charParams l="701" t="939" r="712" b="961" charConfidence="29">e</charParams>
<charParams l="715" t="938" r="734" b="961" charConfidence="35">n</charParams>
<charParams l="735" t="928" r="761" b="967"> </charParams>
<charParams l="761" t="929" r="787" b="967" charConfidence="25">F</charParams>
<charParams l="788" t="929" r="804" b="961" charConfidence="29">ä</charParams>
<charParams l="807" t="931" r="816" b="960" charConfidence="70">l</charParams>
<charParams l="816" t="931" r="825" b="961" charConfidence="34">l</charParams>
<charParams l="827" t="939" r="839" b="961" charConfidence="52">e</charParams>
<charParams l="842" t="938" r="860" b="962" charConfidence="100">n</charParams>
<charParams l="866" t="955" r="878" b="969" charConfidence="65">,</charParams>
<charParams l="879" t="941" r="907" b="969"> </charParams>
<charParams l="908" t="941" r="925" b="963" charConfidence="38">v</charParams>
<charParams l="929" t="941" r="940" b="964" charConfidence="26">e</charParams>
<charParams l="943" t="942" r="956" b="963" charConfidence="23">r</charParams>
<charParams l="956" t="944" r="967" b="958" charConfidence="22">¬</charParams></formatting></line>
<line baseline="1029" l="188" t="983" r="965" b="1044"><formatting lang="OldGerman">
<charParams l="188" t="995" r="202" b="1035" charConfidence="29">s</charParams>
<charParams l="200" t="1004" r="212" b="1026" charConfidence="100">e</charParams>
<charParams l="214" t="996" r="232" b="1034" charConfidence="80">t</charParams>
<charParams l="214" t="996" r="232" b="1034" charConfidence="80">z</charParams>
<charParams l="235" t="1000" r="246" b="1025" charConfidence="31">t</charParams>
<charParams l="248" t="1002" r="261" b="1025" charConfidence="30">e</charParams>
<charParams l="261" t="991" r="275" b="1025"> </charParams>
<charParams l="275" t="991" r="300" b="1025" charConfidence="35">C</charParams>
<charParams l="302" t="990" r="319" b="1031" charConfidence="33">h</charParams>
<charParams l="324" t="1000" r="337" b="1020" charConfidence="0">a</charParams>
<charParams l="341" t="999" r="354" b="1023" charConfidence="100">r</charParams>
<charParams l="358" t="992" r="366" b="1022" charConfidence="51">l</charParams>
<charParams l="368" t="999" r="382" b="1022" charConfidence="49">o</charParams>
<charParams l="387" t="996" r="395" b="1021" charConfidence="31">t</charParams>
<charParams l="399" t="994" r="409" b="1021" charConfidence="62">t</charParams>
<charParams l="412" t="998" r="424" b="1021" charConfidence="75">e</charParams>
<charParams l="429" t="1012" r="440" b="1026" charConfidence="85">,</charParams>
<charParams l="440" t="997" r="464" b="1026"> </charParams>
<charParams l="465" t="997" r="482" b="1020" charConfidence="34">n</charParams>
<charParams l="486" t="997" r="500" b="1021" charConfidence="44">o</charParams>
<charParams l="504" t="994" r="514" b="1019" charConfidence="46">t</charParams>
<charParams l="515" t="988" r="533" b="1029" charConfidence="63">h</charParams>
<charParams l="537" t="997" r="562" b="1020" charConfidence="24">w</charParams>
<charParams l="566" t="997" r="577" b="1020" charConfidence="35">e</charParams>
<charParams l="581" t="998" r="597" b="1020" charConfidence="100">n</charParams>
<charParams l="601" t="991" r="616" b="1020" charConfidence="26">d</charParams>
<charParams l="621" t="991" r="628" b="1021" charConfidence="29">i</charParams>
<charParams l="629" t="999" r="647" b="1028" charConfidence="82">g</charParams>
<charParams l="647" t="998" r="671" b="1029"> </charParams>
<charParams l="672" t="999" r="689" b="1022" charConfidence="43">u</charParams>
<charParams l="692" t="998" r="708" b="1022" charConfidence="50">n</charParams>
<charParams l="713" t="993" r="728" b="1022" charConfidence="39">d</charParams>
<charParams l="728" t="989" r="749" b="1030"> </charParams>
<charParams l="749" t="989" r="762" b="1031" charConfidence="27">f</charParams>
<charParams l="764" t="1000" r="776" b="1023" charConfidence="39">r</charParams>
<charParams l="779" t="1000" r="791" b="1023" charConfidence="28">e</charParams>
<charParams l="794" t="1001" r="810" b="1023" charConfidence="-1">u</charParams>
<charParams l="814" t="1000" r="831" b="1024" charConfidence="88">n</charParams>
<charParams l="835" t="994" r="849" b="1026" charConfidence="46">d</charParams>
<charParams l="854" t="995" r="860" b="1024" charConfidence="100">l</charParams>
<charParams l="864" t="994" r="872" b="1024" charConfidence="35">i</charParams>
<charParams l="874" t="994" r="901" b="1030" charConfidence="55">c</charParams>
<charParams l="874" t="994" r="901" b="1030" charConfidence="55">h</charParams>
<charParams l="901" t="993" r="918" b="1030"> </charParams>
<charParams l="919" t="993" r="927" b="1025" charConfidence="47">l</charParams>
<charParams l="930" t="993" r="938" b="1025" charConfidence="44">i</charParams>
<charParams l="941" t="1002" r="953" b="1025" charConfidence="100">e</charParams>
<charParams l="955" t="1006" r="965" b="1021" charConfidence="22">¬</charParams></formatting></line>
<line baseline="1090" l="191" t="1046" r="963" b="1097"><formatting lang="OldGerman">
<charParams l="191" t="1055" r="206" b="1086" charConfidence="29">b</charParams>
<charParams l="210" t="1064" r="222" b="1087" charConfidence="37">e</charParams>
<charParams l="225" t="1063" r="238" b="1088" charConfidence="25">r</charParams>
<charParams l="239" t="1053" r="252" b="1088"> </charParams>
<charParams l="253" t="1053" r="287" b="1085" charConfidence="34">N</charParams>
<charParams l="291" t="1062" r="298" b="1084" charConfidence="100">i</charParams>
<charParams l="300" t="1053" r="327" b="1089" charConfidence="35">c</charParams>
<charParams l="300" t="1053" r="327" b="1089" charConfidence="35">h</charParams>
<charParams l="331" t="1059" r="340" b="1083" charConfidence="100">t</charParams>
<charParams l="344" t="1056" r="359" b="1082" charConfidence="98">s</charParams>
<charParams l="360" t="1056" r="381" b="1090"> </charParams>
<charParams l="382" t="1059" r="394" b="1090" charConfidence="35">z</charParams>
<charParams l="397" t="1057" r="415" b="1082" charConfidence="100">u</charParams>
<charParams l="416" t="1050" r="437" b="1088"> </charParams>
<charParams l="438" t="1050" r="453" b="1088" charConfidence="100">s</charParams>
<charParams l="450" t="1051" r="477" b="1088" charConfidence="100">c</charParams>
<charParams l="450" t="1051" r="477" b="1088" charConfidence="100">h</charParams>
<charParams l="479" t="1057" r="493" b="1082" charConfidence="100">r</charParams>
<charParams l="496" t="1059" r="508" b="1081" charConfidence="28">e</charParams>
<charParams l="511" t="1052" r="518" b="1081" charConfidence="-1">i</charParams>
<charParams l="522" t="1050" r="537" b="1082" charConfidence="46">b</charParams>
<charParams l="541" t="1058" r="553" b="1082" charConfidence="34">e</charParams>
<charParams l="556" t="1059" r="574" b="1082" charConfidence="31">n</charParams>
<charParams l="575" t="1058" r="596" b="1083"> </charParams>
<charParams l="597" t="1059" r="613" b="1082" charConfidence="28">a</charParams>
<charParams l="617" t="1051" r="626" b="1083" charConfidence="59">l</charParams>
<charParams l="627" t="1055" r="643" b="1083" charConfidence="100">s</charParams>
<charParams l="644" t="1055" r="666" b="1083"> </charParams>
<charParams l="667" t="1061" r="684" b="1084" charConfidence="66">n</charParams>
<charParams l="687" t="1053" r="695" b="1084" charConfidence="76">i</charParams>
<charParams l="698" t="1053" r="725" b="1093" charConfidence="78">c</charParams>
<charParams l="698" t="1053" r="725" b="1093" charConfidence="78">h</charParams>
<charParams l="728" t="1058" r="740" b="1085" charConfidence="100">t</charParams>
<charParams l="741" t="1058" r="760" b="1094"> </charParams>
<charParams l="761" t="1062" r="773" b="1094" charConfidence="38">z</charParams>
<charParams l="777" t="1062" r="794" b="1086" charConfidence="32">u</charParams>
<charParams l="795" t="1054" r="817" b="1092"> </charParams>
<charParams l="818" t="1054" r="832" b="1092" charConfidence="44">s</charParams>
<charParams l="830" t="1053" r="855" b="1094" charConfidence="78">c</charParams>
<charParams l="830" t="1053" r="855" b="1094" charConfidence="78">h</charParams>
<charParams l="860" t="1063" r="872" b="1086" charConfidence="35">r</charParams>
<charParams l="875" t="1063" r="886" b="1086" charConfidence="25">e</charParams>
<charParams l="890" t="1055" r="897" b="1086" charConfidence="34">i</charParams>
<charParams l="900" t="1054" r="916" b="1086" charConfidence="41">b</charParams>
<charParams l="920" t="1063" r="932" b="1085" charConfidence="48">e</charParams>
<charParams l="935" t="1063" r="951" b="1085" charConfidence="26">n</charParams>
<charParams l="956" t="1078" r="963" b="1085" charConfidence="100">.</charParams></formatting></line></par>
</text>
</block>
</page>
</document>