﻿<?xml version="1.0" encoding="UTF-8" standalone="yes"?>
<document xmlns="http://www.abbyy.com/FineReader_xml/FineReader10-schema-v1.xml" version="1.0" producer="ABBYY FineReader Engine 11" languages="" xmlns:xsi="http://www.w3.org/2001/XMLSchema-instance" xsi:schemaLocation="http://www.abbyy.com/FineReader_xml/FineReader10-schema-v1.xml http://www.abbyy.com/FineReader_xml/FineReader10-schema-v1.xml">
<page width="1156" height="1782" resolution="300" originalCoords="1">
<block blockType="Text" blockName="">
<text>
<par align="Center" rightIndent="100">
<line baseline="98" l="376" t="59" r="803" b="106"><formatting lang="OldGerman">
<charParams l="376" t="60" r="405" b="106" charConfidence="32">Z</charParams>
<charParams l="417" t="69" r="445" b="96" charConfidence="26">w</charParams>
<charParams l="456" t="71" r="470" b="95" charConfidence="26">e</charParams>
<charParams l="482" t="71" r="499" b="104" charConfidence="37">y</charParams>
<charParams l="513" t="64" r="525" b="96" charConfidence="46">t</charParams>
<charParams l="534" t="71" r="548" b="96" charConfidence="56">e</charParams>
<charParams l="557" t="65" r="576" b="96" charConfidence="-1">s</charParams>
<charParams l="577" t="59" r="607" b="98"> </charParams>
<charParams l="608" t="59" r="643" b="98" charConfidence="39">K</charParams>
<charParams l="653" t="71" r="672" b="97" charConfidence="54">a</charParams>
<charParams l="681" t="73" r="701" b="104" charConfidence="100">p</charParams>
<charParams l="713" t="64" r="722" b="99" charConfidence="50">i</charParams>
<charParams l="731" t="73" r="744" b="100" charConfidence="28">t</charParams>
<charParams l="754" t="76" r="768" b="100" charConfidence="32">e</charParams>
<charParams l="779" t="65" r="790" b="100" charConfidence="66">l</charParams>
<charParams l="793" t="89" r="803" b="102" charConfidence="99">.</charParams></formatting></line></par>
</text>
</block>
<block blockType="Text" blockName="">
<text>
<par align="Justified" startIndent="2160" lineSpacing="1464">
<line baseline="323" l="261" t="290" r="979" b="332"><formatting lang="OldGerman">
<charParams l="261" t="290" r="287" b="324" charConfidence="29">E</charParams>
<charParams l="291" t="294" r="306" b="323" charConfidence="27">d</charParams>
<charParams l="309" t="300" r="326" b="324" charConfidence="48">u</charParams>
<charParams l="330" t="300" r="345" b="324" charConfidence="25">a</charParams>
<charParams l="349" t="300" r="361" b="323" charConfidence="89">r</charParams>
<charParams l="365" t="294" r="380" b="323" charConfidence="29">d</charParams>
<charParams l="381" t="291" r="412" b="330"> </charParams>
<charParams l="413" t="291" r="428" b="330" charConfidence="100">f</charParams>
<charParams l="427" t="301" r="441" b="323" charConfidence="26">a</charParams>
<charParams l="445" t="300" r="462" b="323" charConfidence="30">n</charParams>
<charParams l="466" t="294" r="481" b="323" charConfidence="72">d</charParams>
<charParams l="482" t="292" r="512" b="332"> </charParams>
<charParams l="513" t="292" r="531" b="332" charConfidence="84">s</charParams>
<charParams l="513" t="292" r="531" b="332" charConfidence="84">i</charParams>
<charParams l="534" t="293" r="560" b="331" charConfidence="26">c</charParams>
<charParams l="534" t="293" r="560" b="331" charConfidence="26">h</charParams>
<charParams l="561" t="293" r="596" b="331"> </charParams>
<charParams l="597" t="300" r="612" b="323" charConfidence="27">a</charParams>
<charParams l="617" t="291" r="625" b="322" charConfidence="46">l</charParams>
<charParams l="627" t="292" r="634" b="323" charConfidence="27">l</charParams>
<charParams l="637" t="301" r="648" b="322" charConfidence="25">e</charParams>
<charParams l="652" t="292" r="659" b="322" charConfidence="49">i</charParams>
<charParams l="663" t="299" r="680" b="323" charConfidence="28">n</charParams>
<charParams l="681" t="299" r="704" b="323"> </charParams>
<charParams l="705" t="299" r="720" b="322" charConfidence="24">a</charParams>
<charParams l="725" t="300" r="741" b="322" charConfidence="40">u</charParams>
<charParams l="744" t="291" r="759" b="329" charConfidence="69">f</charParams>
<charParams l="760" t="291" r="778" b="329"> </charParams>
<charParams l="779" t="292" r="791" b="328" charConfidence="100">s</charParams>
<charParams l="791" t="301" r="802" b="323" charConfidence="26">e</charParams>
<charParams l="806" t="292" r="813" b="323" charConfidence="59">i</charParams>
<charParams l="817" t="300" r="833" b="323" charConfidence="25">n</charParams>
<charParams l="838" t="301" r="849" b="323" charConfidence="27">e</charParams>
<charParams l="852" t="301" r="880" b="324" charConfidence="28">m</charParams>
<charParams l="881" t="292" r="904" b="330"> </charParams>
<charParams l="905" t="292" r="925" b="330" charConfidence="60">Z</charParams>
<charParams l="930" t="294" r="937" b="324" charConfidence="27">i</charParams>
<charParams l="941" t="301" r="967" b="325" charConfidence="26">m</charParams>
<charParams l="972" t="306" r="979" b="320" charConfidence="22">¬</charParams></formatting></line>
<line baseline="387" l="193" t="353" r="976" b="398"><formatting lang="OldGerman">
<charParams l="193" t="363" r="221" b="388" charConfidence="45">m</charParams>
<charParams l="226" t="364" r="237" b="388" charConfidence="26">e</charParams>
<charParams l="240" t="363" r="253" b="387" charConfidence="85">r</charParams>
<charParams l="261" t="377" r="271" b="396" charConfidence="59">,</charParams>
<charParams l="272" t="364" r="310" b="396"> </charParams>
<charParams l="311" t="364" r="328" b="387" charConfidence="42">u</charParams>
<charParams l="331" t="362" r="347" b="387" charConfidence="54">n</charParams>
<charParams l="352" t="357" r="368" b="387" charConfidence="30">d</charParams>
<charParams l="369" t="357" r="399" b="387"> </charParams>
<charParams l="400" t="362" r="425" b="387" charConfidence="24">w</charParams>
<charParams l="430" t="356" r="437" b="388" charConfidence="27">i</charParams>
<charParams l="441" t="363" r="454" b="387" charConfidence="100">r</charParams>
<charParams l="457" t="355" r="469" b="387" charConfidence="53">k</charParams>
<charParams l="472" t="355" r="479" b="387" charConfidence="44">l</charParams>
<charParams l="483" t="356" r="490" b="387" charConfidence="68">i</charParams>
<charParams l="493" t="355" r="519" b="394" charConfidence="57">c</charParams>
<charParams l="493" t="355" r="519" b="394" charConfidence="57">h</charParams>
<charParams l="520" t="354" r="552" b="396"> </charParams>
<charParams l="553" t="354" r="570" b="396" suspicious="1" charConfidence="45">h</charParams>
<charParams l="574" t="363" r="589" b="386" charConfidence="54">a</charParams>
<charParams l="593" t="359" r="603" b="387" charConfidence="33">t</charParams>
<charParams l="607" t="360" r="617" b="386" charConfidence="29">t</charParams>
<charParams l="619" t="363" r="631" b="386" charConfidence="41">e</charParams>
<charParams l="632" t="356" r="662" b="386"> </charParams>
<charParams l="663" t="356" r="678" b="386" charConfidence="29">d</charParams>
<charParams l="683" t="355" r="690" b="386" charConfidence="94">i</charParams>
<charParams l="694" t="363" r="707" b="386" charConfidence="32">e</charParams>
<charParams l="708" t="353" r="729" b="387"> </charParams>
<charParams l="730" t="353" r="770" b="387" charConfidence="45">W</charParams>
<charParams l="774" t="356" r="781" b="386" charConfidence="30">i</charParams>
<charParams l="784" t="363" r="796" b="387" charConfidence="30">e</charParams>
<charParams l="800" t="357" r="814" b="386" charConfidence="28">d</charParams>
<charParams l="818" t="364" r="830" b="387" charConfidence="25">e</charParams>
<charParams l="833" t="363" r="846" b="386" charConfidence="13">r</charParams>
<charParams l="849" t="354" r="865" b="395" charConfidence="100">h</charParams>
<charParams l="870" t="364" r="884" b="387" charConfidence="32">o</charParams>
<charParams l="888" t="355" r="916" b="398" suspicious="1" charConfidence="-1">l</charParams>
<charParams l="920" t="364" r="935" b="388" charConfidence="25">u</charParams>
<charParams l="940" t="364" r="956" b="387" charConfidence="52">n</charParams>
<charParams l="958" t="364" r="976" b="396" charConfidence="17">g</charParams></formatting></line>
<line baseline="449" l="192" t="416" r="978" b="457"><formatting lang="OldGerman">
<charParams l="192" t="418" r="208" b="456" charConfidence="50">s</charParams>
<charParams l="206" t="426" r="218" b="449" charConfidence="28">e</charParams>
<charParams l="221" t="418" r="228" b="448" charConfidence="-1">i</charParams>
<charParams l="232" t="426" r="248" b="449" charConfidence="54">n</charParams>
<charParams l="253" t="426" r="264" b="449" charConfidence="26">e</charParams>
<charParams l="268" t="426" r="281" b="449" charConfidence="28">r</charParams>
<charParams l="282" t="416" r="303" b="450"> </charParams>
<charParams l="304" t="416" r="321" b="450" charConfidence="35">L</charParams>
<charParams l="325" t="426" r="336" b="449" suspicious="1" charConfidence="35">c</charParams>
<charParams l="340" t="417" r="355" b="449" charConfidence="29">b</charParams>
<charParams l="360" t="426" r="371" b="448" suspicious="1" charConfidence="31">c</charParams>
<charParams l="375" t="425" r="391" b="449" charConfidence="28">n</charParams>
<charParams l="395" t="422" r="410" b="448" suspicious="1" charConfidence="22">ö</charParams>
<charParams l="414" t="419" r="424" b="455" charConfidence="40">s</charParams>
<charParams l="426" t="418" r="453" b="455" charConfidence="85">c</charParams>
<charParams l="426" t="418" r="453" b="455" suspicious="1" charConfidence="85">h</charParams>
<charParams l="457" t="418" r="464" b="448" suspicious="1" charConfidence="100">i</charParams>
<charParams l="468" t="419" r="492" b="449" charConfidence="52">c</charParams>
<charParams l="468" t="419" r="492" b="449" suspicious="1" charConfidence="52">k</charParams>
<charParams l="496" t="418" r="508" b="455" charConfidence="34">f</charParams>
<charParams l="506" t="426" r="521" b="448" charConfidence="100">a</charParams>
<charParams l="526" t="418" r="535" b="449" charConfidence="100">l</charParams>
<charParams l="537" t="426" r="550" b="448" charConfidence="60">e</charParams>
<charParams l="551" t="426" r="575" b="448"> </charParams>
<charParams l="576" t="426" r="592" b="448" charConfidence="33">a</charParams>
<charParams l="595" t="426" r="612" b="448" charConfidence="25">n</charParams>
<charParams l="616" t="421" r="631" b="448" suspicious="1" charConfidence="22">ö</charParams>
<charParams l="632" t="419" r="655" b="448"> </charParams>
<charParams l="656" t="419" r="671" b="448" charConfidence="32">d</charParams>
<charParams l="676" t="426" r="687" b="448" charConfidence="27">e</charParams>
<charParams l="690" t="426" r="717" b="449" charConfidence="78">m</charParams>
<charParams l="718" t="416" r="742" b="449"> </charParams>
<charParams l="743" t="416" r="787" b="449" charConfidence="38">M</charParams>
<charParams l="790" t="426" r="807" b="448" charConfidence="62">u</charParams>
<charParams l="810" t="426" r="827" b="448" charConfidence="100">n</charParams>
<charParams l="831" t="420" r="846" b="449" charConfidence="38">d</charParams>
<charParams l="850" t="426" r="863" b="449" charConfidence="26">e</charParams>
<charParams l="864" t="417" r="885" b="450"> </charParams>
<charParams l="886" t="417" r="911" b="450" charConfidence="34">C</charParams>
<charParams l="913" t="417" r="930" b="457" charConfidence="100">h</charParams>
<charParams l="934" t="427" r="949" b="449" charConfidence="26">a</charParams>
<charParams l="953" t="426" r="967" b="449" charConfidence="28">r</charParams>
<charParams l="969" t="430" r="978" b="446" charConfidence="22">¬</charParams></formatting></line>
<line baseline="510" l="189" t="477" r="979" b="519"><formatting lang="OldGerman">
<charParams l="189" t="478" r="202" b="510" charConfidence="27">l</charParams>
<charParams l="204" t="486" r="218" b="509" charConfidence="42">o</charParams>
<charParams l="222" t="483" r="232" b="510" charConfidence="91">t</charParams>
<charParams l="235" t="483" r="246" b="509" charConfidence="32">t</charParams>
<charParams l="248" t="488" r="260" b="510" charConfidence="25">e</charParams>
<charParams l="262" t="487" r="279" b="510" charConfidence="74">n</charParams>
<charParams l="283" t="482" r="298" b="510" charConfidence="100">s</charParams>
<charParams l="307" t="502" r="316" b="517" charConfidence="90">,</charParams>
<charParams l="317" t="481" r="357" b="517"> </charParams>
<charParams l="358" t="481" r="373" b="510" charConfidence="27">d</charParams>
<charParams l="377" t="480" r="385" b="510" suspicious="1" charConfidence="24">l</charParams>
<charParams l="389" t="487" r="402" b="510" charConfidence="29">e</charParams>
<charParams l="403" t="479" r="421" b="511"> </charParams>
<charParams l="422" t="479" r="452" b="511" charConfidence="30">V</charParams>
<charParams l="456" t="488" r="468" b="510" charConfidence="46">e</charParams>
<charParams l="471" t="487" r="484" b="510" charConfidence="91">r</charParams>
<charParams l="485" t="487" r="502" b="517" charConfidence="55">g</charParams>
<charParams l="506" t="486" r="518" b="509" charConfidence="25">e</charParams>
<charParams l="519" t="487" r="536" b="517" charConfidence="29">g</charParams>
<charParams l="540" t="487" r="552" b="509" suspicious="1" charConfidence="35">c</charParams>
<charParams l="555" t="486" r="571" b="509" charConfidence="53">n</charParams>
<charParams l="575" t="485" r="600" b="509" charConfidence="49">w</charParams>
<charParams l="604" t="477" r="619" b="509" suspicious="1" charConfidence="22">ä</charParams>
<charParams l="624" t="486" r="636" b="509" charConfidence="25">r</charParams>
<charParams l="639" t="483" r="648" b="509" charConfidence="42">t</charParams>
<charParams l="652" t="479" r="659" b="508" suspicious="1" charConfidence="27">i</charParams>
<charParams l="661" t="487" r="678" b="516" charConfidence="55">g</charParams>
<charParams l="681" t="487" r="698" b="509" charConfidence="64">u</charParams>
<charParams l="702" t="486" r="719" b="509" charConfidence="77">n</charParams>
<charParams l="721" t="486" r="738" b="517" charConfidence="32">g</charParams>
<charParams l="739" t="479" r="761" b="517"> </charParams>
<charParams l="762" t="479" r="772" b="511" charConfidence="24">i</charParams>
<charParams l="775" t="477" r="792" b="519" charConfidence="63">h</charParams>
<charParams l="795" t="486" r="809" b="509" charConfidence="35">r</charParams>
<charParams l="811" t="486" r="824" b="510" charConfidence="49">e</charParams>
<charParams l="826" t="482" r="842" b="510" charConfidence="96">s</charParams>
<charParams l="843" t="478" r="866" b="511"> </charParams>
<charParams l="867" t="478" r="883" b="511" charConfidence="47">b</charParams>
<charParams l="887" t="488" r="898" b="510" charConfidence="100">e</charParams>
<charParams l="901" t="487" r="916" b="518" suspicious="1" charConfidence="-1">i</charParams>
<charParams l="920" t="481" r="935" b="510" charConfidence="27">d</charParams>
<charParams l="940" t="487" r="951" b="510" charConfidence="36">e</charParams>
<charParams l="955" t="486" r="967" b="510" charConfidence="25">r</charParams>
<charParams l="969" t="491" r="979" b="506" charConfidence="22">¬</charParams></formatting></line>
<line baseline="570" l="188" t="537" r="979" b="578"><formatting lang="OldGerman">
<charParams l="188" t="537" r="204" b="574" charConfidence="60">s</charParams>
<charParams l="201" t="545" r="214" b="568" charConfidence="27">e</charParams>
<charParams l="217" t="538" r="225" b="567" charConfidence="34">i</charParams>
<charParams l="228" t="543" r="238" b="567" charConfidence="97">t</charParams>
<charParams l="241" t="538" r="248" b="567" charConfidence="27">i</charParams>
<charParams l="251" t="546" r="268" b="575" charConfidence="32">g</charParams>
<charParams l="271" t="546" r="283" b="568" charConfidence="27">e</charParams>
<charParams l="286" t="546" r="305" b="568" charConfidence="37">n</charParams>
<charParams l="306" t="537" r="334" b="573"> </charParams>
<charParams l="335" t="537" r="357" b="573" charConfidence="68">Z</charParams>
<charParams l="361" t="546" r="377" b="569" charConfidence="29">u</charParams>
<charParams l="381" t="540" r="401" b="577" charConfidence="31">s</charParams>
<charParams l="381" t="540" r="401" b="577" charConfidence="31">t</charParams>
<charParams l="403" t="548" r="419" b="569" charConfidence="49">a</charParams>
<charParams l="421" t="546" r="439" b="570" charConfidence="25">n</charParams>
<charParams l="444" t="541" r="459" b="569" charConfidence="32">d</charParams>
<charParams l="462" t="548" r="475" b="570" charConfidence="25">e</charParams>
<charParams l="477" t="543" r="493" b="570" charConfidence="-1">s</charParams>
<charParams l="501" t="561" r="512" b="576" charConfidence="68">,</charParams>
<charParams l="513" t="540" r="547" b="576"> </charParams>
<charParams l="548" t="540" r="556" b="569" charConfidence="83">i</charParams>
<charParams l="560" t="538" r="576" b="577" charConfidence="100">h</charParams>
<charParams l="580" t="547" r="593" b="569" charConfidence="100">r</charParams>
<charParams l="596" t="547" r="607" b="569" charConfidence="100">e</charParams>
<charParams l="610" t="546" r="625" b="569" charConfidence="25">r</charParams>
<charParams l="626" t="538" r="653" b="570"> </charParams>
<charParams l="654" t="538" r="684" b="570" charConfidence="29">V</charParams>
<charParams l="688" t="548" r="702" b="569" charConfidence="49">o</charParams>
<charParams l="705" t="547" r="719" b="569" charConfidence="87">r</charParams>
<charParams l="722" t="540" r="735" b="577" charConfidence="53">s</charParams>
<charParams l="732" t="539" r="748" b="569" charConfidence="58">ä</charParams>
<charParams l="751" t="542" r="770" b="578" charConfidence="36">t</charParams>
<charParams l="751" t="542" r="770" b="578" charConfidence="36">z</charParams>
<charParams l="773" t="547" r="785" b="570" charConfidence="27">e</charParams>
<charParams l="793" t="561" r="804" b="577" charConfidence="79">,</charParams>
<charParams l="805" t="539" r="841" b="577"> </charParams>
<charParams l="842" t="539" r="857" b="577" charConfidence="100">s</charParams>
<charParams l="854" t="548" r="867" b="570" charConfidence="100">e</charParams>
<charParams l="870" t="540" r="877" b="569" charConfidence="38">i</charParams>
<charParams l="881" t="547" r="897" b="569" charConfidence="43">n</charParams>
<charParams l="905" t="567" r="912" b="578" suspicious="1" charConfidence="24">,</charParams>
<charParams l="913" t="540" r="922" b="578"> </charParams>
<charParams l="923" t="540" r="931" b="570" charConfidence="25">l</charParams>
<charParams l="934" t="548" r="946" b="569" charConfidence="41">e</charParams>
<charParams l="949" t="539" r="964" b="570" charConfidence="38">b</charParams>
<charParams l="969" t="552" r="979" b="567" charConfidence="12">¬</charParams></formatting></line>
<line baseline="626" l="187" t="592" r="975" b="635"><formatting lang="OldGerman">
<charParams l="187" t="594" r="208" b="634" charConfidence="15">h</charParams>
<charParams l="211" t="602" r="226" b="623" charConfidence="54">a</charParams>
<charParams l="230" t="594" r="245" b="630" charConfidence="50">f</charParams>
<charParams l="243" t="599" r="253" b="623" charConfidence="57">t</charParams>
<charParams l="256" t="602" r="268" b="624" charConfidence="25">e</charParams>
<charParams l="271" t="599" r="292" b="624" suspicious="1" charConfidence="-1">s</charParams>
<charParams l="293" t="592" r="304" b="625"> </charParams>
<charParams l="305" t="592" r="338" b="625" charConfidence="24">G</charParams>
<charParams l="341" t="603" r="354" b="624" charConfidence="28">e</charParams>
<charParams l="356" t="602" r="384" b="624" charConfidence="34">m</charParams>
<charParams l="388" t="596" r="404" b="625" charConfidence="22">ü</charParams>
<charParams l="408" t="601" r="419" b="625" charConfidence="50">t</charParams>
<charParams l="421" t="596" r="439" b="633" charConfidence="29">h</charParams>
<charParams l="440" t="596" r="454" b="633"> </charParams>
<charParams l="455" t="604" r="471" b="626" charConfidence="55">a</charParams>
<charParams l="475" t="604" r="493" b="625" charConfidence="38">n</charParams>
<charParams l="494" t="604" r="512" b="633" charConfidence="25">g</charParams>
<charParams l="515" t="605" r="527" b="626" charConfidence="34">e</charParams>
<charParams l="530" t="605" r="547" b="626" charConfidence="100">n</charParams>
<charParams l="552" t="605" r="564" b="626" charConfidence="35">e</charParams>
<charParams l="567" t="597" r="583" b="635" charConfidence="55">h</charParams>
<charParams l="587" t="605" r="615" b="627" charConfidence="100">m</charParams>
<charParams l="616" t="605" r="630" b="627"> </charParams>
<charParams l="631" t="606" r="647" b="626" charConfidence="38">a</charParams>
<charParams l="651" t="605" r="667" b="626" charConfidence="35">u</charParams>
<charParams l="671" t="597" r="686" b="632" charConfidence="37">f</charParams>
<charParams l="682" t="605" r="699" b="633" charConfidence="25">g</charParams>
<charParams l="703" t="606" r="715" b="627" charConfidence="27">e</charParams>
<charParams l="718" t="606" r="732" b="628" charConfidence="26">r</charParams>
<charParams l="734" t="606" r="746" b="626" charConfidence="27">e</charParams>
<charParams l="747" t="606" r="764" b="634" charConfidence="27">g</charParams>
<charParams l="768" t="602" r="780" b="626" charConfidence="55">t</charParams>
<charParams l="779" t="619" r="790" b="627" charConfidence="85">.</charParams>
<charParams l="791" t="596" r="835" b="628"> </charParams>
<charParams l="836" t="596" r="862" b="628" charConfidence="25">E</charParams>
<charParams l="866" t="606" r="879" b="627" charConfidence="27">r</charParams>
<charParams l="880" t="597" r="894" b="635"> </charParams>
<charParams l="895" t="597" r="912" b="635" suspicious="1" charConfidence="90">h</charParams>
<charParams l="916" t="606" r="931" b="627" charConfidence="100">a</charParams>
<charParams l="936" t="602" r="945" b="627" charConfidence="43">t</charParams>
<charParams l="949" t="603" r="959" b="628" charConfidence="27">t</charParams>
<charParams l="961" t="606" r="975" b="628" charConfidence="36">e</charParams></formatting></line>
<line baseline="686" l="186" t="651" r="972" b="696"><formatting lang="OldGerman">
<charParams l="186" t="654" r="208" b="695" charConfidence="52">s</charParams>
<charParams l="186" t="654" r="208" b="695" charConfidence="52">i</charParams>
<charParams l="209" t="654" r="235" b="692" charConfidence="55">c</charParams>
<charParams l="209" t="654" r="235" b="692" charConfidence="55">h</charParams>
<charParams l="236" t="654" r="267" b="692"> </charParams>
<charParams l="268" t="655" r="276" b="686" charConfidence="80">i</charParams>
<charParams l="280" t="663" r="297" b="686" charConfidence="23">n</charParams>
<charParams l="298" t="654" r="328" b="686"> </charParams>
<charParams l="329" t="654" r="337" b="686" charConfidence="56">i</charParams>
<charParams l="342" t="653" r="357" b="696" charConfidence="33">h</charParams>
<charParams l="360" t="662" r="374" b="685" charConfidence="100">r</charParams>
<charParams l="376" t="662" r="388" b="684" charConfidence="30">e</charParams>
<charParams l="391" t="661" r="405" b="685" suspicious="1" charConfidence="26">r</charParams>
<charParams l="406" t="652" r="427" b="685"> </charParams>
<charParams l="428" t="652" r="463" b="685" charConfidence="35">N</charParams>
<charParams l="465" t="653" r="481" b="684" charConfidence="30">ä</charParams>
<charParams l="485" t="652" r="501" b="693" charConfidence="100">h</charParams>
<charParams l="505" t="661" r="519" b="684" charConfidence="27">e</charParams>
<charParams l="527" t="675" r="537" b="690" charConfidence="100">,</charParams>
<charParams l="538" t="654" r="578" b="690"> </charParams>
<charParams l="579" t="654" r="587" b="684" charConfidence="27">i</charParams>
<charParams l="590" t="661" r="608" b="684" charConfidence="31">n</charParams>
<charParams l="609" t="654" r="638" b="684"> </charParams>
<charParams l="639" t="654" r="649" b="684" charConfidence="31">i</charParams>
<charParams l="652" t="653" r="669" b="693" charConfidence="55">h</charParams>
<charParams l="673" t="661" r="685" b="684" charConfidence="24">r</charParams>
<charParams l="687" t="662" r="700" b="684" charConfidence="31">e</charParams>
<charParams l="702" t="661" r="716" b="685" charConfidence="51">r</charParams>
<charParams l="717" t="651" r="739" b="685"> </charParams>
<charParams l="740" t="651" r="772" b="685" charConfidence="25">G</charParams>
<charParams l="777" t="663" r="788" b="685" charConfidence="26">e</charParams>
<charParams l="792" t="655" r="805" b="692" charConfidence="27">s</charParams>
<charParams l="802" t="663" r="815" b="686" charConfidence="50">e</charParams>
<charParams l="818" t="655" r="827" b="686" charConfidence="53">l</charParams>
<charParams l="827" t="655" r="835" b="686" charConfidence="32">l</charParams>
<charParams l="838" t="655" r="851" b="692" charConfidence="74">s</charParams>
<charParams l="849" t="655" r="875" b="692" charConfidence="58">c</charParams>
<charParams l="849" t="655" r="875" b="692" charConfidence="58">h</charParams>
<charParams l="879" t="664" r="894" b="686" charConfidence="37">a</charParams>
<charParams l="897" t="656" r="912" b="693" charConfidence="36">f</charParams>
<charParams l="911" t="662" r="921" b="688" charConfidence="100">t</charParams>
<charParams l="922" t="657" r="944" b="695"> </charParams>
<charParams l="945" t="657" r="959" b="695" charConfidence="25">s</charParams>
<charParams l="957" t="666" r="972" b="689" charConfidence="30">o</charParams></formatting></line>
<line baseline="748" l="185" t="714" r="971" b="757"><formatting lang="OldGerman">
<charParams l="185" t="725" r="203" b="755" charConfidence="86">g</charParams>
<charParams l="207" t="717" r="216" b="748" charConfidence="72">l</charParams>
<charParams l="219" t="716" r="235" b="748" charConfidence="22">ü</charParams>
<charParams l="239" t="719" r="263" b="749" charConfidence="22">c</charParams>
<charParams l="239" t="719" r="263" b="749" charConfidence="22">k</charParams>
<charParams l="266" t="719" r="272" b="749" charConfidence="48">l</charParams>
<charParams l="277" t="718" r="283" b="748" charConfidence="30">i</charParams>
<charParams l="287" t="717" r="313" b="756" charConfidence="55">c</charParams>
<charParams l="287" t="717" r="313" b="756" suspicious="1" charConfidence="55">h</charParams>
<charParams l="314" t="717" r="351" b="756"> </charParams>
<charParams l="352" t="725" r="368" b="756" charConfidence="29">g</charParams>
<charParams l="373" t="725" r="385" b="748" charConfidence="45">e</charParams>
<charParams l="388" t="715" r="401" b="754" charConfidence="35">f</charParams>
<charParams l="401" t="715" r="417" b="747" charConfidence="52">ü</charParams>
<charParams l="422" t="714" r="438" b="757" charConfidence="62">h</charParams>
<charParams l="443" t="716" r="450" b="747" charConfidence="35">l</charParams>
<charParams l="453" t="720" r="464" b="747" charConfidence="77">t</charParams>
<charParams l="473" t="738" r="482" b="751" charConfidence="67">,</charParams>
<charParams l="483" t="716" r="525" b="751"> </charParams>
<charParams l="526" t="716" r="541" b="745" charConfidence="39">d</charParams>
<charParams l="546" t="722" r="560" b="745" charConfidence="100">a</charParams>
<charParams l="565" t="714" r="580" b="751" suspicious="1" charConfidence="22">s</charParams>
<charParams l="565" t="714" r="580" b="751" suspicious="1" charConfidence="22">i</charParams>
<charParams l="581" t="714" r="610" b="751"> </charParams>
<charParams l="611" t="722" r="623" b="746" charConfidence="30">e</charParams>
<charParams l="626" t="722" r="639" b="746" charConfidence="24">r</charParams>
<charParams l="640" t="715" r="667" b="753"> </charParams>
<charParams l="668" t="715" r="687" b="753" charConfidence="81">s</charParams>
<charParams l="668" t="715" r="687" b="753" charConfidence="81">i</charParams>
<charParams l="689" t="715" r="715" b="753" charConfidence="100">c</charParams>
<charParams l="689" t="715" r="715" b="753" charConfidence="100">h</charParams>
<charParams l="716" t="715" r="747" b="753"> </charParams>
<charParams l="748" t="724" r="760" b="746" charConfidence="56">e</charParams>
<charParams l="763" t="716" r="771" b="747" charConfidence="81">i</charParams>
<charParams l="774" t="724" r="790" b="747" charConfidence="43">n</charParams>
<charParams l="795" t="724" r="807" b="748" charConfidence="37">e</charParams>
<charParams l="810" t="725" r="827" b="748" charConfidence="34">n</charParams>
<charParams l="828" t="716" r="856" b="754"> </charParams>
<charParams l="857" t="716" r="872" b="754" charConfidence="27">f</charParams>
<charParams l="872" t="725" r="884" b="748" charConfidence="92">r</charParams>
<charParams l="888" t="726" r="899" b="749" charConfidence="30">e</charParams>
<charParams l="903" t="726" r="919" b="749" charConfidence="100">u</charParams>
<charParams l="923" t="727" r="939" b="749" charConfidence="25">n</charParams>
<charParams l="944" t="722" r="959" b="750" charConfidence="27">d</charParams>
<charParams l="963" t="731" r="971" b="746" charConfidence="22">¬</charParams></formatting></line>
<line baseline="809" l="187" t="775" r="973" b="820"><formatting lang="OldGerman">
<charParams l="187" t="780" r="198" b="811" charConfidence="29">l</charParams>
<charParams l="201" t="779" r="209" b="810" charConfidence="100">i</charParams>
<charParams l="212" t="779" r="238" b="817" charConfidence="55">c</charParams>
<charParams l="212" t="779" r="238" b="817" charConfidence="55">h</charParams>
<charParams l="242" t="788" r="254" b="810" charConfidence="40">e</charParams>
<charParams l="258" t="787" r="274" b="811" charConfidence="100">n</charParams>
<charParams l="284" t="802" r="293" b="817" charConfidence="64">,</charParams>
<charParams l="294" t="785" r="317" b="817"> </charParams>
<charParams l="318" t="785" r="329" b="811" charConfidence="68">t</charParams>
<charParams l="332" t="779" r="349" b="820" charConfidence="62">h</charParams>
<charParams l="352" t="787" r="364" b="810" charConfidence="27">e</charParams>
<charParams l="368" t="780" r="376" b="810" charConfidence="52">i</charParams>
<charParams l="380" t="780" r="387" b="810" suspicious="1" charConfidence="100">l</charParams>
<charParams l="390" t="787" r="407" b="810" charConfidence="98">n</charParams>
<charParams l="412" t="787" r="424" b="810" charConfidence="32">e</charParams>
<charParams l="426" t="777" r="443" b="820" charConfidence="79">h</charParams>
<charParams l="447" t="785" r="474" b="809" charConfidence="54">m</charParams>
<charParams l="478" t="786" r="490" b="809" suspicious="1" charConfidence="35">c</charParams>
<charParams l="493" t="785" r="509" b="809" charConfidence="62">n</charParams>
<charParams l="513" t="777" r="529" b="807" charConfidence="40">d</charParams>
<charParams l="533" t="785" r="545" b="809" charConfidence="25">e</charParams>
<charParams l="548" t="784" r="565" b="808" charConfidence="55">n</charParams>
<charParams l="573" t="799" r="582" b="814" charConfidence="63">,</charParams>
<charParams l="583" t="784" r="606" b="814"> </charParams>
<charParams l="607" t="784" r="623" b="806" charConfidence="54">a</charParams>
<charParams l="626" t="775" r="642" b="807" charConfidence="56">b</charParams>
<charParams l="646" t="784" r="657" b="807" charConfidence="25">e</charParams>
<charParams l="660" t="783" r="674" b="807" charConfidence="89">r</charParams>
<charParams l="675" t="783" r="696" b="807"> </charParams>
<charParams l="697" t="783" r="710" b="806" charConfidence="100">r</charParams>
<charParams l="713" t="784" r="730" b="807" charConfidence="37">u</charParams>
<charParams l="734" t="775" r="750" b="816" charConfidence="100">h</charParams>
<charParams l="754" t="776" r="762" b="806" charConfidence="100">i</charParams>
<charParams l="764" t="785" r="781" b="816" charConfidence="29">g</charParams>
<charParams l="784" t="785" r="796" b="807" charConfidence="67">e</charParams>
<charParams l="799" t="785" r="817" b="808" charConfidence="72">n</charParams>
<charParams l="818" t="785" r="840" b="808"> </charParams>
<charParams l="841" t="785" r="858" b="808" charConfidence="39">u</charParams>
<charParams l="862" t="786" r="879" b="808" charConfidence="97">n</charParams>
<charParams l="883" t="781" r="899" b="809" charConfidence="27">d</charParams>
<charParams l="900" t="781" r="919" b="810"> </charParams>
<charParams l="920" t="788" r="936" b="810" charConfidence="100">a</charParams>
<charParams l="940" t="789" r="956" b="811" charConfidence="32">u</charParams>
<charParams l="959" t="780" r="973" b="818" charConfidence="32">f</charParams></formatting></line>
<line baseline="871" l="185" t="835" r="971" b="881"><formatting lang="OldGerman">
<charParams l="185" t="847" r="206" b="872" charConfidence="33">n</charParams>
<charParams l="209" t="841" r="217" b="872" charConfidence="100">i</charParams>
<charParams l="220" t="841" r="247" b="877" charConfidence="59">c</charParams>
<charParams l="220" t="841" r="247" b="877" charConfidence="59">h</charParams>
<charParams l="251" t="845" r="261" b="872" charConfidence="31">t</charParams>
<charParams l="263" t="844" r="279" b="872" charConfidence="100">s</charParams>
<charParams l="280" t="841" r="303" b="881"> </charParams>
<charParams l="304" t="841" r="320" b="881" suspicious="1" charConfidence="78">h</charParams>
<charParams l="325" t="842" r="332" b="873" charConfidence="100">i</charParams>
<charParams l="336" t="849" r="353" b="873" charConfidence="100">n</charParams>
<charParams l="357" t="843" r="372" b="873" charConfidence="27">d</charParams>
<charParams l="376" t="849" r="389" b="872" charConfidence="28">e</charParams>
<charParams l="392" t="849" r="408" b="873" charConfidence="69">u</charParams>
<charParams l="413" t="845" r="423" b="872" charConfidence="68">t</charParams>
<charParams l="425" t="849" r="438" b="873" charConfidence="29">e</charParams>
<charParams l="441" t="848" r="457" b="872" charConfidence="35">n</charParams>
<charParams l="461" t="842" r="476" b="871" charConfidence="48">d</charParams>
<charParams l="480" t="849" r="491" b="872" charConfidence="26">e</charParams>
<charParams l="495" t="848" r="512" b="871" charConfidence="100">n</charParams>
<charParams l="513" t="837" r="537" b="871"> </charParams>
<charParams l="538" t="837" r="570" b="871" charConfidence="30">B</charParams>
<charParams l="574" t="847" r="586" b="870" charConfidence="23">r</charParams>
<charParams l="590" t="839" r="597" b="871" charConfidence="47">i</charParams>
<charParams l="601" t="847" r="612" b="870" charConfidence="26">e</charParams>
<charParams l="614" t="837" r="629" b="877" charConfidence="40">f</charParams>
<charParams l="630" t="837" r="649" b="877"> </charParams>
<charParams l="650" t="846" r="666" b="869" charConfidence="100">a</charParams>
<charParams l="669" t="845" r="687" b="869" charConfidence="37">n</charParams>
<charParams l="688" t="840" r="705" b="869"> </charParams>
<charParams l="706" t="840" r="721" b="868" charConfidence="26">d</charParams>
<charParams l="725" t="846" r="737" b="868" charConfidence="45">e</charParams>
<charParams l="739" t="844" r="756" b="868" charConfidence="49">n</charParams>
<charParams l="757" t="835" r="774" b="875"> </charParams>
<charParams l="775" t="835" r="806" b="875" charConfidence="28">H</charParams>
<charParams l="810" t="847" r="825" b="869" charConfidence="51">a</charParams>
<charParams l="828" t="847" r="846" b="869" charConfidence="45">u</charParams>
<charParams l="849" t="846" r="865" b="876" charConfidence="66">p</charParams>
<charParams l="869" t="844" r="879" b="870" charConfidence="56">t</charParams>
<charParams l="882" t="846" r="909" b="870" charConfidence="74">m</charParams>
<charParams l="913" t="848" r="928" b="870" charConfidence="54">a</charParams>
<charParams l="932" t="848" r="948" b="872" charConfidence="25">n</charParams>
<charParams l="953" t="849" r="971" b="872" charConfidence="47">n</charParams></formatting></line>
<line baseline="933" l="177" t="898" r="967" b="943"><formatting lang="OldGerman">
<charParams l="177" t="921" r="184" b="925" charConfidence="100">-</charParams>
<charParams l="184" t="910" r="202" b="933" charConfidence="28">a</charParams>
<charParams l="205" t="910" r="222" b="934" charConfidence="83">u</charParams>
<charParams l="226" t="905" r="241" b="934" suspicious="1" charConfidence="98">s</charParams>
<charParams l="245" t="905" r="259" b="935" charConfidence="27">d</charParams>
<charParams l="263" t="911" r="278" b="935" charConfidence="28">a</charParams>
<charParams l="282" t="904" r="309" b="943" charConfidence="56">c</charParams>
<charParams l="282" t="904" r="309" b="943" charConfidence="56">h</charParams>
<charParams l="313" t="908" r="323" b="935" charConfidence="31">t</charParams>
<charParams l="325" t="911" r="337" b="935" charConfidence="34">e</charParams>
<charParams l="340" t="926" r="348" b="935" charConfidence="100">.</charParams>
<charParams l="349" t="902" r="394" b="935"> </charParams>
<charParams l="395" t="902" r="424" b="935" charConfidence="28">A</charParams>
<charParams l="426" t="905" r="433" b="935" charConfidence="100">l</charParams>
<charParams l="436" t="906" r="451" b="935" charConfidence="96">s</charParams>
<charParams l="452" t="906" r="475" b="935"> </charParams>
<charParams l="476" t="911" r="488" b="935" charConfidence="31">e</charParams>
<charParams l="491" t="910" r="504" b="934" charConfidence="58">r</charParams>
<charParams l="505" t="910" r="526" b="934"> </charParams>
<charParams l="527" t="911" r="544" b="934" charConfidence="55">a</charParams>
<charParams l="547" t="901" r="562" b="933" charConfidence="62">b</charParams>
<charParams l="566" t="910" r="578" b="933" charConfidence="28">e</charParams>
<charParams l="581" t="909" r="594" b="933" charConfidence="57">r</charParams>
<charParams l="595" t="908" r="611" b="942"> </charParams>
<charParams l="612" t="908" r="623" b="942" charConfidence="25">z</charParams>
<charParams l="628" t="909" r="643" b="932" charConfidence="41">u</charParams>
<charParams l="647" t="908" r="675" b="932" charConfidence="68">m</charParams>
<charParams l="676" t="898" r="690" b="932"> </charParams>
<charParams l="691" t="898" r="726" b="932" charConfidence="33">S</charParams>
<charParams l="729" t="898" r="756" b="938" charConfidence="31">c</charParams>
<charParams l="729" t="898" r="756" b="938" charConfidence="31">h</charParams>
<charParams l="760" t="908" r="773" b="931" charConfidence="34">r</charParams>
<charParams l="775" t="908" r="787" b="931" charConfidence="43">e</charParams>
<charParams l="791" t="900" r="799" b="930" charConfidence="28">i</charParams>
<charParams l="802" t="898" r="818" b="931" charConfidence="55">b</charParams>
<charParams l="821" t="905" r="831" b="931" charConfidence="88">t</charParams>
<charParams l="834" t="901" r="842" b="932" charConfidence="44">i</charParams>
<charParams l="846" t="900" r="860" b="940" charConfidence="27">s</charParams>
<charParams l="857" t="901" r="884" b="940" charConfidence="61">c</charParams>
<charParams l="857" t="901" r="884" b="940" charConfidence="61">h</charParams>
<charParams l="885" t="901" r="899" b="941"> </charParams>
<charParams l="900" t="910" r="916" b="941" charConfidence="59">g</charParams>
<charParams l="921" t="903" r="927" b="934" charConfidence="40">i</charParams>
<charParams l="931" t="911" r="947" b="932" charConfidence="54">n</charParams>
<charParams l="950" t="911" r="967" b="941" charConfidence="62">g</charParams></formatting></line>
<line baseline="995" l="183" t="961" r="967" b="1004"><formatting lang="OldGerman">
<charParams l="183" t="971" r="201" b="996" charConfidence="22">u</charParams>
<charParams l="205" t="971" r="222" b="995" charConfidence="44">n</charParams>
<charParams l="225" t="966" r="241" b="995" charConfidence="27">d</charParams>
<charParams l="242" t="966" r="274" b="996"> </charParams>
<charParams l="275" t="966" r="290" b="996" charConfidence="28">d</charParams>
<charParams l="295" t="973" r="306" b="996" charConfidence="27">e</charParams>
<charParams l="309" t="972" r="327" b="996" charConfidence="92">n</charParams>
<charParams l="328" t="963" r="351" b="996"> </charParams>
<charParams l="352" t="963" r="385" b="996" charConfidence="100">B</charParams>
<charParams l="389" t="973" r="402" b="997" charConfidence="100">r</charParams>
<charParams l="405" t="965" r="412" b="996" charConfidence="-1">i</charParams>
<charParams l="416" t="974" r="428" b="996" charConfidence="30">e</charParams>
<charParams l="431" t="964" r="444" b="1002" charConfidence="79">f</charParams>
<charParams l="445" t="964" r="465" b="1002"> </charParams>
<charParams l="466" t="966" r="481" b="996" charConfidence="42">d</charParams>
<charParams l="485" t="973" r="497" b="996" charConfidence="100">e</charParams>
<charParams l="500" t="968" r="516" b="996" charConfidence="100">s</charParams>
<charParams l="517" t="962" r="538" b="1001"> </charParams>
<charParams l="539" t="962" r="563" b="1001" charConfidence="46">F</charParams>
<charParams l="565" t="971" r="577" b="995" charConfidence="29">r</charParams>
<charParams l="580" t="971" r="592" b="995" charConfidence="30">e</charParams>
<charParams l="595" t="972" r="611" b="995" charConfidence="100">u</charParams>
<charParams l="615" t="971" r="632" b="994" charConfidence="60">n</charParams>
<charParams l="635" t="964" r="650" b="994" charConfidence="34">d</charParams>
<charParams l="655" t="971" r="666" b="994" charConfidence="25">e</charParams>
<charParams l="669" t="965" r="686" b="994" charConfidence="100">s</charParams>
<charParams l="687" t="965" r="716" b="994"> </charParams>
<charParams l="717" t="969" r="734" b="992" charConfidence="83">a</charParams>
<charParams l="737" t="969" r="754" b="993" charConfidence="79">u</charParams>
<charParams l="757" t="961" r="772" b="999" charConfidence="80">f</charParams>
<charParams l="771" t="970" r="787" b="993" charConfidence="80">n</charParams>
<charParams l="791" t="970" r="807" b="993" charConfidence="100">a</charParams>
<charParams l="811" t="961" r="827" b="1004" charConfidence="88">h</charParams>
<charParams l="831" t="971" r="859" b="995" suspicious="1" charConfidence="100">m</charParams>
<charParams l="873" t="987" r="881" b="1002" charConfidence="67">,</charParams>
<charParams l="882" t="972" r="917" b="1002"> </charParams>
<charParams l="918" t="972" r="936" b="995" suspicious="1" charConfidence="100">u</charParams>
<charParams l="940" t="971" r="967" b="995" charConfidence="26">m</charParams></formatting></line>
<line baseline="1057" l="181" t="1023" r="966" b="1067"><formatting lang="OldGerman">
<charParams l="181" t="1024" r="191" b="1054" charConfidence="24">i</charParams>
<charParams l="195" t="1023" r="211" b="1062" charConfidence="100">h</charParams>
<charParams l="215" t="1033" r="233" b="1056" charConfidence="82">n</charParams>
<charParams l="234" t="1033" r="265" b="1057"> </charParams>
<charParams l="266" t="1034" r="283" b="1057" charConfidence="44">n</charParams>
<charParams l="288" t="1034" r="302" b="1057" charConfidence="38">o</charParams>
<charParams l="305" t="1025" r="331" b="1063" charConfidence="57">c</charParams>
<charParams l="305" t="1025" r="331" b="1063" charConfidence="57">h</charParams>
<charParams l="335" t="1033" r="363" b="1057" charConfidence="100">m</charParams>
<charParams l="367" t="1035" r="382" b="1058" charConfidence="27">a</charParams>
<charParams l="386" t="1027" r="394" b="1058" charConfidence="94">l</charParams>
<charParams l="397" t="1029" r="412" b="1058" charConfidence="100">s</charParams>
<charParams l="413" t="1029" r="436" b="1058"> </charParams>
<charParams l="437" t="1029" r="453" b="1058" suspicious="1" charConfidence="28">b</charParams>
<charParams l="457" t="1035" r="473" b="1058" charConfidence="25">u</charParams>
<charParams l="477" t="1035" r="491" b="1058" charConfidence="51">r</charParams>
<charParams l="494" t="1027" r="519" b="1066" charConfidence="80">c</charParams>
<charParams l="494" t="1027" r="519" b="1066" suspicious="1" charConfidence="80">h</charParams>
<charParams l="523" t="1034" r="534" b="1067" charConfidence="26">j</charParams>
<charParams l="538" t="1034" r="555" b="1057" charConfidence="71">u</charParams>
<charParams l="560" t="1027" r="567" b="1057" charConfidence="53">l</charParams>
<charParams l="570" t="1034" r="581" b="1056" suspicious="1" charConfidence="28">c</charParams>
<charParams l="586" t="1025" r="598" b="1063" charConfidence="26">s</charParams>
<charParams l="596" t="1033" r="608" b="1055" suspicious="1" charConfidence="40">c</charParams>
<charParams l="611" t="1032" r="628" b="1056" charConfidence="65">n</charParams>
<charParams l="636" t="1046" r="646" b="1062" charConfidence="100">,</charParams>
<charParams l="647" t="1028" r="684" b="1062"> </charParams>
<charParams l="685" t="1028" r="696" b="1054" charConfidence="39">t</charParams>
<charParams l="699" t="1031" r="712" b="1054" charConfidence="80">r</charParams>
<charParams l="715" t="1031" r="729" b="1055" charConfidence="55">a</charParams>
<charParams l="733" t="1028" r="744" b="1056" charConfidence="60">t</charParams>
<charParams l="745" t="1025" r="766" b="1056"> </charParams>
<charParams l="767" t="1025" r="775" b="1055" charConfidence="46">i</charParams>
<charParams l="780" t="1023" r="795" b="1065" charConfidence="100">h</charParams>
<charParams l="800" t="1033" r="828" b="1058" charConfidence="65">m</charParams>
<charParams l="829" t="1025" r="852" b="1064"> </charParams>
<charParams l="853" t="1025" r="866" b="1064" charConfidence="100">s</charParams>
<charParams l="865" t="1035" r="879" b="1057" charConfidence="38">o</charParams>
<charParams l="882" t="1034" r="898" b="1065" charConfidence="27">g</charParams>
<charParams l="902" t="1027" r="911" b="1057" charConfidence="60">l</charParams>
<charParams l="913" t="1035" r="925" b="1056" charConfidence="100">e</charParams>
<charParams l="929" t="1027" r="936" b="1057" charConfidence="45">i</charParams>
<charParams l="940" t="1027" r="966" b="1063" charConfidence="78">c</charParams>
<charParams l="940" t="1027" r="966" b="1063" charConfidence="78">h</charParams></formatting></line>
<line baseline="1118" l="182" t="1083" r="965" b="1127"><formatting lang="OldGerman">
<charParams l="182" t="1089" r="209" b="1114" charConfidence="25">w</charParams>
<charParams l="213" t="1083" r="221" b="1113" charConfidence="28">i</charParams>
<charParams l="225" t="1093" r="236" b="1115" charConfidence="54">e</charParams>
<charParams l="239" t="1088" r="255" b="1116" charConfidence="36">d</charParams>
<charParams l="258" t="1094" r="270" b="1117" charConfidence="49">e</charParams>
<charParams l="273" t="1095" r="287" b="1120" charConfidence="25">r</charParams>
<charParams l="288" t="1089" r="326" b="1120"> </charParams>
<charParams l="327" t="1089" r="343" b="1119" charConfidence="33">d</charParams>
<charParams l="347" t="1095" r="358" b="1119" charConfidence="26">e</charParams>
<charParams l="362" t="1094" r="375" b="1118" charConfidence="28">r</charParams>
<charParams l="376" t="1093" r="413" b="1120"> </charParams>
<charParams l="414" t="1093" r="425" b="1120" charConfidence="79">t</charParams>
<charParams l="427" t="1096" r="439" b="1119" charConfidence="65">r</charParams>
<charParams l="443" t="1096" r="459" b="1119" charConfidence="25">a</charParams>
<charParams l="463" t="1096" r="479" b="1120" charConfidence="29">u</charParams>
<charParams l="483" t="1096" r="495" b="1119" charConfidence="68">r</charParams>
<charParams l="499" t="1088" r="506" b="1118" charConfidence="38">i</charParams>
<charParams l="510" t="1096" r="525" b="1127" charConfidence="47">g</charParams>
<charParams l="529" t="1095" r="541" b="1118" charConfidence="26">e</charParams>
<charParams l="542" t="1084" r="573" b="1122"> </charParams>
<charParams l="574" t="1084" r="595" b="1122" charConfidence="56">Z</charParams>
<charParams l="599" t="1093" r="616" b="1117" charConfidence="29">u</charParams>
<charParams l="619" t="1084" r="639" b="1125" charConfidence="22">s</charParams>
<charParams l="619" t="1084" r="639" b="1125" suspicious="1" charConfidence="22">t</charParams>
<charParams l="640" t="1092" r="657" b="1116" charConfidence="37">a</charParams>
<charParams l="660" t="1092" r="677" b="1117" charConfidence="32">n</charParams>
<charParams l="680" t="1086" r="696" b="1116" charConfidence="26">d</charParams>
<charParams l="697" t="1086" r="728" b="1118"> </charParams>
<charParams l="729" t="1086" r="745" b="1118" charConfidence="52">d</charParams>
<charParams l="749" t="1094" r="761" b="1118" charConfidence="37">e</charParams>
<charParams l="764" t="1089" r="779" b="1119" charConfidence="100">s</charParams>
<charParams l="780" t="1089" r="810" b="1119"> </charParams>
<charParams l="811" t="1091" r="823" b="1119" charConfidence="45">t</charParams>
<charParams l="826" t="1095" r="838" b="1119" charConfidence="78">r</charParams>
<charParams l="842" t="1095" r="853" b="1119" charConfidence="31">e</charParams>
<charParams l="856" t="1086" r="870" b="1124" charConfidence="41">f</charParams>
<charParams l="870" t="1087" r="887" b="1125" charConfidence="22">f</charParams>
<charParams l="870" t="1087" r="887" b="1125" charConfidence="22">l</charParams>
<charParams l="891" t="1087" r="899" b="1117" charConfidence="29">i</charParams>
<charParams l="902" t="1086" r="928" b="1124" charConfidence="55">c</charParams>
<charParams l="902" t="1086" r="928" b="1124" charConfidence="55">h</charParams>
<charParams l="933" t="1094" r="944" b="1117" charConfidence="54">e</charParams>
<charParams l="947" t="1093" r="965" b="1117" charConfidence="27">n</charParams></formatting></line>
<line baseline="1180" l="183" t="1142" r="965" b="1189"><formatting lang="OldGerman">
<charParams l="183" t="1142" r="226" b="1176" charConfidence="36">M</charParams>
<charParams l="231" t="1152" r="246" b="1174" charConfidence="25">a</charParams>
<charParams l="250" t="1154" r="266" b="1176" charConfidence="100">n</charParams>
<charParams l="271" t="1155" r="287" b="1178" charConfidence="53">n</charParams>
<charParams l="291" t="1157" r="302" b="1178" charConfidence="100">e</charParams>
<charParams l="306" t="1152" r="322" b="1179" charConfidence="100">s</charParams>
<charParams l="323" t="1152" r="342" b="1181"> </charParams>
<charParams l="343" t="1158" r="357" b="1181" charConfidence="24">e</charParams>
<charParams l="360" t="1158" r="376" b="1181" charConfidence="56">n</charParams>
<charParams l="381" t="1154" r="391" b="1181" charConfidence="26">t</charParams>
<charParams l="392" t="1158" r="408" b="1189" charConfidence="59">g</charParams>
<charParams l="412" t="1159" r="424" b="1181" charConfidence="46">e</charParams>
<charParams l="426" t="1159" r="442" b="1189" charConfidence="57">g</charParams>
<charParams l="446" t="1159" r="458" b="1181" charConfidence="27">e</charParams>
<charParams l="461" t="1159" r="479" b="1182" charConfidence="100">n</charParams>
<charParams l="489" t="1159" r="499" b="1189" charConfidence="61">;</charParams>
<charParams l="500" t="1158" r="524" b="1189"> </charParams>
<charParams l="525" t="1158" r="540" b="1181" charConfidence="26">a</charParams>
<charParams l="545" t="1150" r="553" b="1180" charConfidence="31">l</charParams>
<charParams l="553" t="1149" r="562" b="1180" charConfidence="50">l</charParams>
<charParams l="564" t="1157" r="576" b="1180" charConfidence="25">e</charParams>
<charParams l="577" t="1145" r="590" b="1180"> </charParams>
<charParams l="591" t="1145" r="616" b="1179" charConfidence="25">E</charParams>
<charParams l="619" t="1154" r="646" b="1179" charConfidence="100">m</charParams>
<charParams l="649" t="1155" r="665" b="1185" charConfidence="47">p</charParams>
<charParams l="669" t="1147" r="688" b="1185" charConfidence="100">f</charParams>
<charParams l="669" t="1147" r="688" b="1185" charConfidence="100">i</charParams>
<charParams l="691" t="1156" r="706" b="1181" charConfidence="42">n</charParams>
<charParams l="711" t="1149" r="726" b="1181" charConfidence="26">d</charParams>
<charParams l="730" t="1156" r="747" b="1182" charConfidence="100">u</charParams>
<charParams l="750" t="1156" r="767" b="1181" charConfidence="52">n</charParams>
<charParams l="769" t="1158" r="786" b="1189" charConfidence="26">g</charParams>
<charParams l="790" t="1157" r="802" b="1180" charConfidence="35">e</charParams>
<charParams l="805" t="1157" r="822" b="1181" charConfidence="73">n</charParams>
<charParams l="825" t="1171" r="834" b="1186" charConfidence="61">,</charParams>
<charParams l="835" t="1150" r="858" b="1186"> </charParams>
<charParams l="859" t="1150" r="875" b="1179" charConfidence="25">d</charParams>
<charParams l="879" t="1149" r="886" b="1178" charConfidence="100">i</charParams>
<charParams l="890" t="1156" r="902" b="1179" charConfidence="35">e</charParams>
<charParams l="903" t="1149" r="914" b="1179" suspicious="1"> </charParams>
<charParams l="915" t="1149" r="923" b="1178" charConfidence="43">i</charParams>
<charParams l="928" t="1146" r="943" b="1186" charConfidence="55">h</charParams>
<charParams l="947" t="1154" r="965" b="1177" charConfidence="28">n</charParams></formatting></line></par>
</text>
</block>
<block blockType="Separator" blockName="">
<separator type="Black" thickness="3"><start x="539" y="193"/><end x="636" y="193"/>
</separator>
</block>
</page>
</document>