﻿<?xml version="1.0" encoding="UTF-8" standalone="yes"?>
<document xmlns="http://www.abbyy.com/FineReader_xml/FineReader10-schema-v1.xml" version="1.0" producer="ABBYY FineReader Engine 11" languages="" xmlns:xsi="http://www.w3.org/2001/XMLSchema-instance" xsi:schemaLocation="http://www.abbyy.com/FineReader_xml/FineReader10-schema-v1.xml http://www.abbyy.com/FineReader_xml/FineReader10-schema-v1.xml">
<page width="1156" height="1782" resolution="300" originalCoords="1">
<block blockType="Text" blockName="">
<text>
<par startIndent="144">
<line baseline="81" l="561" t="59" r="612" b="82"><formatting lang="OldGerman">
<charParams l="561" t="60" r="578" b="82" charConfidence="44">2</charParams>
<charParams l="582" t="59" r="599" b="81" charConfidence="68">2</charParams>
<charParams l="607" t="71" r="612" b="78" suspicious="1" charConfidence="-1">&gt;</charParams></formatting></line></par>
</text>
</block>
<block blockType="Text" blockName="">
<text>
<par align="Justified" startIndent="333" lineSpacing="1464">
<line baseline="171" l="195" t="136" r="973" b="181"><formatting lang="OldGerman">
<charParams l="195" t="145" r="210" b="173" charConfidence="26">d</charParams>
<charParams l="215" t="144" r="222" b="174" charConfidence="100">i</charParams>
<charParams l="226" t="152" r="237" b="175" charConfidence="27">e</charParams>
<charParams l="241" t="144" r="254" b="181" charConfidence="82">s</charParams>
<charParams l="252" t="153" r="265" b="175" charConfidence="26">e</charParams>
<charParams l="266" t="143" r="294" b="176"> </charParams>
<charParams l="295" t="143" r="321" b="176" charConfidence="38">T</charParams>
<charParams l="325" t="152" r="339" b="173" charConfidence="25">a</charParams>
<charParams l="343" t="151" r="359" b="181" charConfidence="26">g</charParams>
<charParams l="363" t="152" r="375" b="173" charConfidence="70">e</charParams>
<charParams l="376" t="152" r="403" b="181"> </charParams>
<charParams l="404" t="152" r="420" b="181" charConfidence="29">g</charParams>
<charParams l="425" t="151" r="435" b="173" charConfidence="26">e</charParams>
<charParams l="439" t="151" r="454" b="180" charConfidence="39">p</charParams>
<charParams l="458" t="151" r="470" b="172" charConfidence="43">e</charParams>
<charParams l="474" t="140" r="481" b="173" charConfidence="29">i</charParams>
<charParams l="486" t="148" r="501" b="171" charConfidence="-1">n</charParams>
<charParams l="506" t="141" r="513" b="169" charConfidence="30">i</charParams>
<charParams l="516" t="146" r="530" b="177" charConfidence="55">g</charParams>
<charParams l="536" t="143" r="546" b="168" charConfidence="31">t</charParams>
<charParams l="547" t="136" r="568" b="175"> </charParams>
<charParams l="569" t="136" r="585" b="175" suspicious="1" charConfidence="59">h</charParams>
<charParams l="589" t="145" r="603" b="166" charConfidence="27">a</charParams>
<charParams l="609" t="140" r="618" b="166" charConfidence="26">t</charParams>
<charParams l="622" t="141" r="631" b="166" charConfidence="45">t</charParams>
<charParams l="635" t="144" r="647" b="167" charConfidence="57">e</charParams>
<charParams l="649" t="144" r="666" b="168" charConfidence="65">n</charParams>
<charParams l="675" t="161" r="684" b="175" charConfidence="80">,</charParams>
<charParams l="685" t="146" r="722" b="175"> </charParams>
<charParams l="723" t="146" r="749" b="170" charConfidence="40">w</charParams>
<charParams l="752" t="149" r="767" b="171" charConfidence="100">a</charParams>
<charParams l="772" t="138" r="798" b="177" charConfidence="26">c</charParams>
<charParams l="772" t="138" r="798" b="177" charConfidence="26">h</charParams>
<charParams l="801" t="147" r="812" b="172" charConfidence="34">t</charParams>
<charParams l="815" t="150" r="826" b="172" charConfidence="28">e</charParams>
<charParams l="828" t="149" r="847" b="172" charConfidence="44">n</charParams>
<charParams l="848" t="147" r="869" b="172"> </charParams>
<charParams l="870" t="147" r="896" b="172" charConfidence="28">w</charParams>
<charParams l="900" t="142" r="908" b="171" charConfidence="49">i</charParams>
<charParams l="911" t="150" r="923" b="172" charConfidence="25">e</charParams>
<charParams l="926" t="144" r="941" b="173" charConfidence="29">d</charParams>
<charParams l="945" t="152" r="957" b="174" charConfidence="26">e</charParams>
<charParams l="960" t="152" r="973" b="175" charConfidence="27">r</charParams></formatting></line>
<line baseline="232" l="196" t="197" r="974" b="241"><formatting lang="OldGerman">
<charParams l="196" t="214" r="210" b="235" charConfidence="24">a</charParams>
<charParams l="214" t="213" r="231" b="235" suspicious="1" charConfidence="24">u</charParams>
<charParams l="234" t="205" r="249" b="241" charConfidence="47">f</charParams>
<charParams l="253" t="228" r="261" b="241" charConfidence="59">,</charParams>
<charParams l="262" t="213" r="308" b="241"> </charParams>
<charParams l="309" t="213" r="326" b="235" charConfidence="31">u</charParams>
<charParams l="330" t="213" r="346" b="235" charConfidence="100">n</charParams>
<charParams l="350" t="206" r="366" b="234" charConfidence="29">d</charParams>
<charParams l="367" t="206" r="397" b="234"> </charParams>
<charParams l="398" t="212" r="410" b="234" charConfidence="72">e</charParams>
<charParams l="413" t="207" r="428" b="233" suspicious="1" charConfidence="100">s</charParams>
<charParams l="429" t="203" r="457" b="237"> </charParams>
<charParams l="458" t="203" r="471" b="237" charConfidence="77">s</charParams>
<charParams l="469" t="202" r="494" b="238" charConfidence="55">c</charParams>
<charParams l="469" t="202" r="494" b="238" charConfidence="55">h</charParams>
<charParams l="499" t="203" r="506" b="230" charConfidence="29">i</charParams>
<charParams l="509" t="208" r="521" b="230" charConfidence="55">e</charParams>
<charParams l="525" t="207" r="541" b="229" charConfidence="24">n</charParams>
<charParams l="542" t="199" r="572" b="229"> </charParams>
<charParams l="573" t="199" r="580" b="226" charConfidence="26">i</charParams>
<charParams l="584" t="197" r="600" b="236" charConfidence="34">h</charParams>
<charParams l="605" t="204" r="632" b="226" charConfidence="100">m</charParams>
<charParams l="633" t="204" r="662" b="229"> </charParams>
<charParams l="663" t="206" r="680" b="229" charConfidence="29">u</charParams>
<charParams l="684" t="206" r="700" b="228" charConfidence="28">n</charParams>
<charParams l="705" t="207" r="731" b="229" charConfidence="28">m</charParams>
<charParams l="736" t="202" r="750" b="230" charConfidence="22">ö</charParams>
<charParams l="754" t="210" r="769" b="238" charConfidence="25">g</charParams>
<charParams l="774" t="204" r="781" b="231" charConfidence="27">l</charParams>
<charParams l="785" t="203" r="792" b="232" charConfidence="37">i</charParams>
<charParams l="795" t="203" r="822" b="238" charConfidence="56">c</charParams>
<charParams l="795" t="203" r="822" b="238" charConfidence="56">h</charParams>
<charParams l="834" t="226" r="843" b="240" charConfidence="71">,</charParams>
<charParams l="844" t="202" r="881" b="240"> </charParams>
<charParams l="882" t="202" r="895" b="240" charConfidence="57">s</charParams>
<charParams l="893" t="210" r="904" b="233" charConfidence="25">e</charParams>
<charParams l="908" t="203" r="916" b="232" charConfidence="41">i</charParams>
<charParams l="919" t="210" r="936" b="233" charConfidence="72">n</charParams>
<charParams l="940" t="211" r="951" b="232" charConfidence="56">e</charParams>
<charParams l="955" t="211" r="974" b="235" charConfidence="27">n</charParams></formatting></line>
<line baseline="291" l="198" t="255" r="974" b="302"><formatting lang="OldGerman">
<charParams l="198" t="264" r="221" b="302" charConfidence="27">F</charParams>
<charParams l="223" t="275" r="236" b="297" charConfidence="45">r</charParams>
<charParams l="239" t="275" r="250" b="296" charConfidence="100">e</charParams>
<charParams l="253" t="274" r="270" b="297" charConfidence="25">u</charParams>
<charParams l="274" t="273" r="291" b="296" charConfidence="39">n</charParams>
<charParams l="295" t="267" r="310" b="296" charConfidence="26">d</charParams>
<charParams l="311" t="267" r="334" b="296"> </charParams>
<charParams l="335" t="273" r="348" b="295" charConfidence="28">e</charParams>
<charParams l="352" t="266" r="359" b="295" charConfidence="-1">i</charParams>
<charParams l="363" t="272" r="378" b="294" charConfidence="33">n</charParams>
<charParams l="383" t="273" r="395" b="295" charConfidence="33">e</charParams>
<charParams l="398" t="271" r="411" b="294" charConfidence="29">r</charParams>
<charParams l="412" t="264" r="434" b="301"> </charParams>
<charParams l="435" t="264" r="448" b="301" charConfidence="100">s</charParams>
<charParams l="447" t="271" r="461" b="293" charConfidence="46">o</charParams>
<charParams l="462" t="261" r="484" b="293"> </charParams>
<charParams l="485" t="261" r="500" b="291" charConfidence="25">ä</charParams>
<charParams l="505" t="268" r="520" b="290" charConfidence="38">n</charParams>
<charParams l="523" t="267" r="538" b="297" charConfidence="54">g</charParams>
<charParams l="544" t="259" r="562" b="297" charConfidence="31">s</charParams>
<charParams l="544" t="259" r="562" b="297" charConfidence="31">t</charParams>
<charParams l="566" t="260" r="573" b="289" charConfidence="35">l</charParams>
<charParams l="578" t="258" r="584" b="288" charConfidence="-1">i</charParams>
<charParams l="588" t="258" r="614" b="295" charConfidence="55">c</charParams>
<charParams l="588" t="258" r="614" b="295" charConfidence="55">h</charParams>
<charParams l="618" t="264" r="630" b="287" charConfidence="37">e</charParams>
<charParams l="633" t="264" r="650" b="287" charConfidence="43">n</charParams>
<charParams l="651" t="255" r="668" b="289"> </charParams>
<charParams l="669" t="255" r="687" b="289" charConfidence="41">L</charParams>
<charParams l="690" t="265" r="705" b="287" charConfidence="54">a</charParams>
<charParams l="707" t="267" r="724" b="297" charConfidence="25">g</charParams>
<charParams l="728" t="268" r="740" b="290" charConfidence="26">e</charParams>
<charParams l="741" t="268" r="756" b="301"> </charParams>
<charParams l="757" t="269" r="770" b="301" suspicious="1" charConfidence="32">z</charParams>
<charParams l="773" t="270" r="790" b="293" suspicious="1" charConfidence="27">u</charParams>
<charParams l="791" t="262" r="807" b="294"> </charParams>
<charParams l="808" t="262" r="825" b="294" charConfidence="22">ü</charParams>
<charParams l="829" t="262" r="844" b="295" charConfidence="26">b</charParams>
<charParams l="848" t="272" r="860" b="295" charConfidence="27">e</charParams>
<charParams l="863" t="272" r="875" b="295" charConfidence="33">r</charParams>
<charParams l="878" t="264" r="887" b="295" charConfidence="68">l</charParams>
<charParams l="888" t="271" r="903" b="294" charConfidence="24">a</charParams>
<charParams l="908" t="263" r="932" b="300" charConfidence="97">s</charParams>
<charParams l="908" t="263" r="932" b="300" charConfidence="97">s</charParams>
<charParams l="930" t="272" r="942" b="296" charConfidence="30">e</charParams>
<charParams l="945" t="272" r="962" b="295" charConfidence="37">n</charParams>
<charParams l="965" t="288" r="974" b="296" charConfidence="91">.</charParams></formatting></line></par>
<par align="Justified" startIndent="1860" lineSpacing="1440">
<line baseline="413" l="258" t="379" r="971" b="422"><formatting lang="OldGerman">
<charParams l="258" t="384" r="293" b="418" charConfidence="30">S</charParams>
<charParams l="297" t="387" r="305" b="416" charConfidence="28">i</charParams>
<charParams l="308" t="385" r="335" b="422" charConfidence="77">c</charParams>
<charParams l="308" t="385" r="335" b="422" suspicious="1" charConfidence="77">h</charParams>
<charParams l="336" t="385" r="372" b="422"> </charParams>
<charParams l="373" t="393" r="386" b="415" charConfidence="26">e</charParams>
<charParams l="389" t="389" r="399" b="415" charConfidence="68">t</charParams>
<charParams l="401" t="391" r="426" b="415" charConfidence="31">w</charParams>
<charParams l="430" t="392" r="445" b="415" charConfidence="32">a</charParams>
<charParams l="449" t="387" r="464" b="413" charConfidence="100">s</charParams>
<charParams l="465" t="387" r="496" b="420"> </charParams>
<charParams l="497" t="389" r="507" b="420" suspicious="1" charConfidence="23">z</charParams>
<charParams l="512" t="388" r="529" b="411" suspicious="1" charConfidence="29">u</charParams>
<charParams l="530" t="388" r="558" b="411"> </charParams>
<charParams l="559" t="388" r="576" b="410" charConfidence="36">v</charParams>
<charParams l="581" t="387" r="592" b="409" charConfidence="55">e</charParams>
<charParams l="596" t="387" r="608" b="409" charConfidence="44">r</charParams>
<charParams l="612" t="379" r="625" b="415" charConfidence="31">s</charParams>
<charParams l="623" t="386" r="637" b="408" charConfidence="100">a</charParams>
<charParams l="641" t="386" r="656" b="417" charConfidence="36">g</charParams>
<charParams l="661" t="386" r="673" b="409" charConfidence="56">e</charParams>
<charParams l="675" t="386" r="693" b="409" charConfidence="100">n</charParams>
<charParams l="704" t="400" r="713" b="416" charConfidence="84">,</charParams>
<charParams l="714" t="386" r="757" b="416"> </charParams>
<charParams l="758" t="386" r="785" b="412" charConfidence="62">w</charParams>
<charParams l="788" t="390" r="803" b="412" charConfidence="38">a</charParams>
<charParams l="807" t="390" r="821" b="413" charConfidence="31">r</charParams>
<charParams l="822" t="384" r="852" b="417"> </charParams>
<charParams l="853" t="384" r="879" b="417" charConfidence="30">E</charParams>
<charParams l="882" t="387" r="897" b="416" charConfidence="42">d</charParams>
<charParams l="901" t="394" r="917" b="418" charConfidence="25">u</charParams>
<charParams l="921" t="395" r="936" b="417" charConfidence="29">a</charParams>
<charParams l="940" t="395" r="952" b="418" charConfidence="38">r</charParams>
<charParams l="955" t="389" r="971" b="418" charConfidence="29">d</charParams></formatting></line>
<line baseline="473" l="192" t="439" r="972" b="483"><formatting lang="OldGerman">
<charParams l="192" t="454" r="209" b="477" charConfidence="59">n</charParams>
<charParams l="213" t="448" r="221" b="477" charConfidence="39">i</charParams>
<charParams l="224" t="443" r="250" b="482" charConfidence="41">c</charParams>
<charParams l="224" t="443" r="250" b="482" charConfidence="41">h</charParams>
<charParams l="255" t="451" r="265" b="476" charConfidence="27">t</charParams>
<charParams l="266" t="451" r="285" b="482"> </charParams>
<charParams l="286" t="453" r="303" b="482" charConfidence="30">g</charParams>
<charParams l="307" t="453" r="319" b="475" charConfidence="26">e</charParams>
<charParams l="321" t="451" r="346" b="474" charConfidence="54">w</charParams>
<charParams l="350" t="452" r="364" b="474" charConfidence="57">o</charParams>
<charParams l="368" t="442" r="385" b="482" charConfidence="63">h</charParams>
<charParams l="389" t="451" r="405" b="473" charConfidence="23">n</charParams>
<charParams l="410" t="448" r="420" b="474" charConfidence="47">t</charParams>
<charParams l="422" t="465" r="430" b="473" charConfidence="71">.</charParams>
<charParams l="431" t="442" r="475" b="473"> </charParams>
<charParams l="476" t="442" r="505" b="473" charConfidence="25">D</charParams>
<charParams l="510" t="450" r="523" b="472" charConfidence="100">o</charParams>
<charParams l="527" t="449" r="544" b="472" charConfidence="41">n</charParams>
<charParams l="545" t="439" r="566" b="477"> </charParams>
<charParams l="567" t="439" r="596" b="477" suspicious="1" charConfidence="-1">J</charParams>
<charParams l="600" t="448" r="615" b="471" charConfidence="27">u</charParams>
<charParams l="618" t="448" r="634" b="479" charConfidence="55">g</charParams>
<charParams l="639" t="448" r="650" b="470" charConfidence="29">e</charParams>
<charParams l="654" t="448" r="670" b="472" charConfidence="53">n</charParams>
<charParams l="674" t="442" r="690" b="470" charConfidence="29">d</charParams>
<charParams l="691" t="442" r="713" b="470"> </charParams>
<charParams l="714" t="447" r="729" b="470" charConfidence="55">a</charParams>
<charParams l="734" t="448" r="750" b="471" charConfidence="31">u</charParams>
<charParams l="753" t="440" r="769" b="477" charConfidence="50">f</charParams>
<charParams l="770" t="440" r="784" b="477"> </charParams>
<charParams l="785" t="443" r="800" b="472" charConfidence="32">d</charParams>
<charParams l="804" t="450" r="819" b="472" charConfidence="100">a</charParams>
<charParams l="823" t="445" r="839" b="472" charConfidence="100">s</charParams>
<charParams l="840" t="445" r="856" b="473"> </charParams>
<charParams l="857" t="451" r="870" b="473" charConfidence="50">e</charParams>
<charParams l="874" t="444" r="881" b="473" charConfidence="100">i</charParams>
<charParams l="884" t="452" r="901" b="474" charConfidence="60">n</charParams>
<charParams l="904" t="451" r="915" b="483" charConfidence="30">z</charParams>
<charParams l="919" t="445" r="927" b="474" charConfidence="42">i</charParams>
<charParams l="929" t="453" r="945" b="482" charConfidence="39">g</charParams>
<charParams l="950" t="454" r="962" b="476" charConfidence="27">e</charParams>
<charParams l="963" t="468" r="972" b="481" charConfidence="61">,</charParams></formatting></line>
<line baseline="534" l="191" t="501" r="973" b="545"><formatting lang="OldGerman">
<charParams l="191" t="513" r="208" b="537" charConfidence="100">v</charParams>
<charParams l="211" t="513" r="223" b="535" charConfidence="36">e</charParams>
<charParams l="226" t="513" r="239" b="535" charConfidence="61">r</charParams>
<charParams l="242" t="512" r="253" b="545" charConfidence="54">z</charParams>
<charParams l="257" t="513" r="271" b="534" charConfidence="57">o</charParams>
<charParams l="274" t="512" r="289" b="542" charConfidence="58">g</charParams>
<charParams l="294" t="512" r="305" b="534" charConfidence="26">e</charParams>
<charParams l="309" t="512" r="325" b="534" charConfidence="42">n</charParams>
<charParams l="329" t="512" r="342" b="533" charConfidence="48">e</charParams>
<charParams l="343" t="502" r="373" b="534"> </charParams>
<charParams l="374" t="502" r="404" b="534" charConfidence="52">K</charParams>
<charParams l="407" t="504" r="414" b="533" charConfidence="60">i</charParams>
<charParams l="418" t="510" r="434" b="534" charConfidence="25">n</charParams>
<charParams l="438" t="505" r="454" b="534" charConfidence="31">d</charParams>
<charParams l="455" t="505" r="485" b="534"> </charParams>
<charParams l="486" t="511" r="497" b="534" charConfidence="100">r</charParams>
<charParams l="501" t="511" r="513" b="535" charConfidence="26">e</charParams>
<charParams l="517" t="503" r="524" b="533" charConfidence="50">i</charParams>
<charParams l="528" t="503" r="553" b="540" charConfidence="55">c</charParams>
<charParams l="528" t="503" r="553" b="540" charConfidence="55">h</charParams>
<charParams l="558" t="511" r="569" b="533" charConfidence="55">e</charParams>
<charParams l="573" t="512" r="586" b="534" charConfidence="62">r</charParams>
<charParams l="587" t="501" r="616" b="534"> </charParams>
<charParams l="617" t="501" r="646" b="534" suspicious="1" charConfidence="15">A</charParams>
<charParams l="648" t="511" r="658" b="533" charConfidence="30">c</charParams>
<charParams l="663" t="503" r="684" b="533" charConfidence="-1">k</charParams>
<charParams l="687" t="511" r="699" b="534" charConfidence="46">e</charParams>
<charParams l="702" t="510" r="714" b="533" charConfidence="100">r</charParams>
<charParams l="718" t="510" r="735" b="534" suspicious="1" charConfidence="24">n</charParams>
<charParams l="745" t="525" r="754" b="538" charConfidence="83">,</charParams>
<charParams l="755" t="504" r="792" b="538"> </charParams>
<charParams l="793" t="504" r="807" b="533" charConfidence="28">d</charParams>
<charParams l="813" t="504" r="819" b="532" charConfidence="-1">i</charParams>
<charParams l="823" t="511" r="836" b="533" charConfidence="46">e</charParams>
<charParams l="837" t="503" r="866" b="533"> </charParams>
<charParams l="867" t="503" r="874" b="532" charConfidence="100">i</charParams>
<charParams l="878" t="502" r="894" b="542" charConfidence="42">h</charParams>
<charParams l="899" t="512" r="916" b="533" charConfidence="27">n</charParams>
<charParams l="917" t="512" r="938" b="544"> </charParams>
<charParams l="939" t="512" r="951" b="544" charConfidence="54">z</charParams>
<charParams l="955" t="513" r="973" b="536" charConfidence="23">u</charParams></formatting></line>
<line baseline="598" l="192" t="564" r="973" b="607"><formatting lang="OldGerman">
<charParams l="192" t="575" r="204" b="598" charConfidence="59">e</charParams>
<charParams l="207" t="567" r="215" b="598" charConfidence="48">i</charParams>
<charParams l="218" t="575" r="234" b="598" charConfidence="24">n</charParams>
<charParams l="239" t="575" r="250" b="598" charConfidence="100">e</charParams>
<charParams l="254" t="576" r="267" b="598" charConfidence="35">r</charParams>
<charParams l="268" t="566" r="289" b="604"> </charParams>
<charParams l="290" t="566" r="302" b="604" charConfidence="100">s</charParams>
<charParams l="302" t="575" r="313" b="598" charConfidence="25">e</charParams>
<charParams l="318" t="566" r="325" b="598" charConfidence="44">l</charParams>
<charParams l="329" t="571" r="339" b="598" charConfidence="33">t</charParams>
<charParams l="342" t="565" r="353" b="605" charConfidence="41">s</charParams>
<charParams l="352" t="574" r="367" b="597" charConfidence="54">a</charParams>
<charParams l="371" t="574" r="398" b="597" charConfidence="56">m</charParams>
<charParams l="403" t="575" r="414" b="598" charConfidence="25">e</charParams>
<charParams l="418" t="575" r="435" b="598" charConfidence="25">n</charParams>
<charParams l="436" t="575" r="458" b="598"> </charParams>
<charParams l="459" t="575" r="475" b="598" charConfidence="54">a</charParams>
<charParams l="479" t="565" r="494" b="598" charConfidence="42">b</charParams>
<charParams l="498" t="576" r="509" b="598" charConfidence="100">e</charParams>
<charParams l="514" t="575" r="526" b="598" charConfidence="35">r</charParams>
<charParams l="527" t="565" r="549" b="606"> </charParams>
<charParams l="550" t="565" r="566" b="606" charConfidence="66">h</charParams>
<charParams l="572" t="566" r="585" b="598" charConfidence="25">ö</charParams>
<charParams l="590" t="577" r="599" b="598" charConfidence="63">c</charParams>
<charParams l="600" t="567" r="615" b="604" charConfidence="45">h</charParams>
<charParams l="620" t="566" r="639" b="605" charConfidence="40">s</charParams>
<charParams l="620" t="566" r="639" b="605" charConfidence="40">t</charParams>
<charParams l="640" t="566" r="660" b="605"> </charParams>
<charParams l="661" t="575" r="678" b="597" suspicious="1" charConfidence="100">v</charParams>
<charParams l="683" t="574" r="697" b="598" charConfidence="58">o</charParams>
<charParams l="701" t="573" r="714" b="598" charConfidence="27">r</charParams>
<charParams l="717" t="572" r="726" b="597" charConfidence="33">t</charParams>
<charParams l="730" t="565" r="746" b="606" charConfidence="77">h</charParams>
<charParams l="750" t="575" r="762" b="598" charConfidence="64">e</charParams>
<charParams l="766" t="566" r="772" b="597" charConfidence="88">i</charParams>
<charParams l="777" t="568" r="783" b="598" suspicious="1" charConfidence="100">i</charParams>
<charParams l="787" t="565" r="804" b="607" charConfidence="63">h</charParams>
<charParams l="808" t="575" r="823" b="598" charConfidence="100">a</charParams>
<charParams l="827" t="565" r="842" b="604" charConfidence="85">f</charParams>
<charParams l="840" t="571" r="850" b="598" charConfidence="100">t</charParams>
<charParams l="852" t="574" r="865" b="598" charConfidence="39">e</charParams>
<charParams l="867" t="574" r="885" b="599" charConfidence="27">n</charParams>
<charParams l="886" t="564" r="901" b="604"> </charParams>
<charParams l="902" t="564" r="933" b="604" charConfidence="28">H</charParams>
<charParams l="937" t="574" r="949" b="597" charConfidence="29">e</charParams>
<charParams l="952" t="567" r="960" b="597" charConfidence="100">i</charParams>
<charParams l="963" t="574" r="973" b="597" charConfidence="-1">¬</charParams></formatting></line>
<line baseline="661" l="192" t="628" r="973" b="671"><formatting lang="OldGerman">
<charParams l="192" t="638" r="204" b="661" charConfidence="32">r</charParams>
<charParams l="208" t="639" r="223" b="660" charConfidence="52">a</charParams>
<charParams l="228" t="635" r="237" b="660" charConfidence="33">t</charParams>
<charParams l="238" t="635" r="269" b="661"> </charParams>
<charParams l="270" t="638" r="298" b="661" charConfidence="46">m</charParams>
<charParams l="303" t="631" r="310" b="661" charConfidence="39">i</charParams>
<charParams l="314" t="635" r="324" b="661" charConfidence="58">t</charParams>
<charParams l="325" t="635" r="355" b="661"> </charParams>
<charParams l="356" t="639" r="368" b="661" charConfidence="43">e</charParams>
<charParams l="371" t="638" r="379" b="661" charConfidence="22">i</charParams>
<charParams l="383" t="638" r="399" b="661" charConfidence="83">n</charParams>
<charParams l="403" t="638" r="415" b="661" charConfidence="25">e</charParams>
<charParams l="419" t="638" r="432" b="660" charConfidence="100">r</charParams>
<charParams l="433" t="638" r="462" b="661"> </charParams>
<charParams l="463" t="639" r="481" b="661" charConfidence="100">v</charParams>
<charParams l="486" t="631" r="492" b="661" charConfidence="60">i</charParams>
<charParams l="496" t="639" r="508" b="661" charConfidence="28">e</charParams>
<charParams l="512" t="632" r="519" b="661" charConfidence="44">l</charParams>
<charParams l="520" t="631" r="559" b="661"> </charParams>
<charParams l="560" t="631" r="575" b="661" charConfidence="25">ä</charParams>
<charParams l="580" t="633" r="587" b="662" charConfidence="57">l</charParams>
<charParams l="591" t="637" r="600" b="661" charConfidence="35">t</charParams>
<charParams l="603" t="639" r="615" b="661" charConfidence="31">e</charParams>
<charParams l="618" t="637" r="630" b="661" charConfidence="32">r</charParams>
<charParams l="634" t="639" r="651" b="661" charConfidence="60">n</charParams>
<charParams l="652" t="628" r="681" b="668"> </charParams>
<charParams l="682" t="628" r="704" b="668" charConfidence="40">F</charParams>
<charParams l="706" t="639" r="719" b="661" charConfidence="54">r</charParams>
<charParams l="722" t="638" r="737" b="660" charConfidence="31">a</charParams>
<charParams l="741" t="638" r="759" b="661" charConfidence="34">u</charParams>
<charParams l="760" t="637" r="790" b="671"> </charParams>
<charParams l="791" t="637" r="803" b="671" charConfidence="25">z</charParams>
<charParams l="805" t="638" r="823" b="661" charConfidence="28">u</charParams>
<charParams l="824" t="628" r="855" b="661"> </charParams>
<charParams l="856" t="628" r="871" b="660" charConfidence="38">b</charParams>
<charParams l="875" t="638" r="886" b="660" charConfidence="84">e</charParams>
<charParams l="890" t="638" r="902" b="661" charConfidence="36">r</charParams>
<charParams l="906" t="637" r="916" b="660" charConfidence="26">e</charParams>
<charParams l="920" t="632" r="935" b="660" charConfidence="30">d</charParams>
<charParams l="940" t="637" r="950" b="659" charConfidence="31">e</charParams>
<charParams l="954" t="635" r="973" b="660" charConfidence="25">n</charParams></formatting></line>
<line baseline="723" l="193" t="689" r="972" b="730"><formatting lang="OldGerman">
<charParams l="193" t="700" r="218" b="723" charConfidence="25">w</charParams>
<charParams l="222" t="701" r="238" b="724" charConfidence="62">u</charParams>
<charParams l="243" t="692" r="258" b="728" suspicious="1" charConfidence="22">s</charParams>
<charParams l="243" t="692" r="258" b="728" suspicious="1" charConfidence="22">t</charParams>
<charParams l="262" t="698" r="272" b="723" charConfidence="67">t</charParams>
<charParams l="275" t="701" r="287" b="723" charConfidence="31">e</charParams>
<charParams l="290" t="701" r="309" b="723" charConfidence="26">n</charParams>
<charParams l="316" t="714" r="325" b="729" charConfidence="71">,</charParams>
<charParams l="326" t="702" r="361" b="729"> </charParams>
<charParams l="362" t="702" r="379" b="723" charConfidence="43">v</charParams>
<charParams l="383" t="701" r="397" b="723" charConfidence="52">o</charParams>
<charParams l="401" t="700" r="418" b="723" charConfidence="26">n</charParams>
<charParams l="419" t="695" r="449" b="723"> </charParams>
<charParams l="450" t="695" r="465" b="723" charConfidence="29">d</charParams>
<charParams l="469" t="694" r="476" b="723" charConfidence="44">i</charParams>
<charParams l="480" t="701" r="492" b="723" charConfidence="40">e</charParams>
<charParams l="495" t="693" r="508" b="730" charConfidence="41">s</charParams>
<charParams l="507" t="701" r="518" b="723" charConfidence="34">e</charParams>
<charParams l="521" t="702" r="535" b="724" charConfidence="40">r</charParams>
<charParams l="536" t="701" r="557" b="724"> </charParams>
<charParams l="558" t="701" r="573" b="723" charConfidence="100">a</charParams>
<charParams l="576" t="701" r="593" b="723" charConfidence="40">u</charParams>
<charParams l="597" t="692" r="624" b="729" charConfidence="59">c</charParams>
<charParams l="597" t="692" r="624" b="729" charConfidence="59">h</charParams>
<charParams l="625" t="692" r="647" b="729"> </charParams>
<charParams l="648" t="699" r="663" b="722" charConfidence="38">a</charParams>
<charParams l="667" t="700" r="683" b="723" charConfidence="31">u</charParams>
<charParams l="687" t="691" r="702" b="729" charConfidence="100">f</charParams>
<charParams l="703" t="691" r="720" b="729"> </charParams>
<charParams l="721" t="700" r="737" b="723" charConfidence="100">a</charParams>
<charParams l="742" t="691" r="750" b="722" charConfidence="38">l</charParams>
<charParams l="751" t="692" r="759" b="723" charConfidence="66">l</charParams>
<charParams l="761" t="700" r="775" b="722" charConfidence="75">e</charParams>
<charParams l="776" t="689" r="797" b="724"> </charParams>
<charParams l="798" t="689" r="837" b="724" charConfidence="33">W</charParams>
<charParams l="841" t="701" r="852" b="723" charConfidence="100">e</charParams>
<charParams l="857" t="693" r="863" b="722" charConfidence="100">i</charParams>
<charParams l="867" t="692" r="880" b="730" charConfidence="41">s</charParams>
<charParams l="879" t="701" r="891" b="723" charConfidence="30">e</charParams>
<charParams l="892" t="700" r="912" b="723"> </charParams>
<charParams l="913" t="700" r="930" b="722" charConfidence="25">v</charParams>
<charParams l="935" t="699" r="946" b="723" charConfidence="25">e</charParams>
<charParams l="949" t="699" r="962" b="722" charConfidence="26">r</charParams>
<charParams l="963" t="702" r="972" b="717" charConfidence="100">¬</charParams></formatting></line>
<line baseline="784" l="193" t="752" r="974" b="793"><formatting lang="OldGerman">
<charParams l="193" t="761" r="204" b="793" charConfidence="31">z</charParams>
<charParams l="208" t="753" r="223" b="784" charConfidence="59">ä</charParams>
<charParams l="227" t="761" r="240" b="785" charConfidence="100">r</charParams>
<charParams l="243" t="758" r="253" b="784" charConfidence="62">t</charParams>
<charParams l="255" t="763" r="267" b="784" charConfidence="100">e</charParams>
<charParams l="271" t="756" r="278" b="784" charConfidence="34">l</charParams>
<charParams l="282" t="758" r="292" b="785" charConfidence="83">t</charParams>
<charParams l="300" t="775" r="309" b="790" charConfidence="80">,</charParams>
<charParams l="310" t="753" r="347" b="790"> </charParams>
<charParams l="348" t="753" r="357" b="783" charConfidence="33">i</charParams>
<charParams l="360" t="761" r="377" b="783" charConfidence="38">n</charParams>
<charParams l="382" t="755" r="397" b="783" charConfidence="26">d</charParams>
<charParams l="401" t="761" r="414" b="783" charConfidence="44">e</charParams>
<charParams l="416" t="760" r="443" b="784" charConfidence="27">m</charParams>
<charParams l="444" t="754" r="467" b="792"> </charParams>
<charParams l="468" t="754" r="487" b="792" charConfidence="22">s</charParams>
<charParams l="468" t="754" r="487" b="792" charConfidence="22">t</charParams>
<charParams l="489" t="760" r="504" b="783" charConfidence="27">e</charParams>
<charParams l="505" t="754" r="525" b="789"> </charParams>
<charParams l="526" t="754" r="540" b="789" charConfidence="94">s</charParams>
<charParams l="538" t="762" r="550" b="783" charConfidence="30">e</charParams>
<charParams l="553" t="755" r="560" b="782" charConfidence="100">i</charParams>
<charParams l="564" t="762" r="582" b="784" charConfidence="25">n</charParams>
<charParams l="583" t="762" r="603" b="792"> </charParams>
<charParams l="604" t="762" r="621" b="792" charConfidence="32">g</charParams>
<charParams l="625" t="762" r="641" b="784" charConfidence="100">u</charParams>
<charParams l="645" t="759" r="655" b="784" charConfidence="51">t</charParams>
<charParams l="658" t="762" r="670" b="784" charConfidence="30">e</charParams>
<charParams l="674" t="757" r="688" b="784" charConfidence="100">s</charParams>
<charParams l="689" t="752" r="712" b="784"> </charParams>
<charParams l="713" t="752" r="745" b="784" charConfidence="28">B</charParams>
<charParams l="750" t="761" r="762" b="784" charConfidence="56">e</charParams>
<charParams l="765" t="759" r="774" b="783" charConfidence="28">t</charParams>
<charParams l="778" t="760" r="790" b="783" charConfidence="33">r</charParams>
<charParams l="793" t="760" r="808" b="782" charConfidence="54">a</charParams>
<charParams l="811" t="762" r="827" b="792" charConfidence="29">g</charParams>
<charParams l="831" t="761" r="843" b="783" charConfidence="40">e</charParams>
<charParams l="846" t="761" r="863" b="783" charConfidence="28">n</charParams>
<charParams l="864" t="761" r="885" b="791"> </charParams>
<charParams l="886" t="761" r="903" b="791" charConfidence="47">g</charParams>
<charParams l="907" t="761" r="919" b="783" charConfidence="25">e</charParams>
<charParams l="920" t="761" r="936" b="790" charConfidence="68">g</charParams>
<charParams l="940" t="760" r="952" b="783" charConfidence="25">e</charParams>
<charParams l="955" t="759" r="974" b="783" charConfidence="100">n</charParams></formatting></line>
<line baseline="844" l="191" t="813" r="972" b="853"><formatting lang="OldGerman">
<charParams l="191" t="814" r="210" b="851" charConfidence="84">s</charParams>
<charParams l="191" t="814" r="210" b="851" charConfidence="84">i</charParams>
<charParams l="212" t="822" r="225" b="843" charConfidence="45">e</charParams>
<charParams l="226" t="816" r="248" b="844"> </charParams>
<charParams l="249" t="816" r="264" b="844" charConfidence="26">d</charParams>
<charParams l="268" t="822" r="284" b="843" charConfidence="46">u</charParams>
<charParams l="289" t="822" r="301" b="844" charConfidence="57">r</charParams>
<charParams l="303" t="814" r="330" b="850" charConfidence="64">c</charParams>
<charParams l="303" t="814" r="330" b="850" charConfidence="64">h</charParams>
<charParams l="331" t="814" r="355" b="850"> </charParams>
<charParams l="356" t="816" r="371" b="844" charConfidence="28">d</charParams>
<charParams l="375" t="815" r="383" b="845" charConfidence="72">i</charParams>
<charParams l="386" t="823" r="399" b="844" charConfidence="26">e</charParams>
<charParams l="400" t="823" r="420" b="852"> </charParams>
<charParams l="421" t="823" r="438" b="852" charConfidence="57">g</charParams>
<charParams l="442" t="823" r="455" b="845" charConfidence="66">r</charParams>
<charParams l="458" t="814" r="472" b="844" charConfidence="24">ü</charParams>
<charParams l="476" t="814" r="492" b="850" charConfidence="29">ß</charParams>
<charParams l="495" t="818" r="505" b="844" charConfidence="67">t</charParams>
<charParams l="508" t="823" r="520" b="844" charConfidence="43">e</charParams>
<charParams l="521" t="813" r="531" b="849"> </charParams>
<charParams l="532" t="813" r="555" b="849" charConfidence="25">F</charParams>
<charParams l="557" t="822" r="570" b="845" charConfidence="65">r</charParams>
<charParams l="572" t="823" r="584" b="844" charConfidence="26">e</charParams>
<charParams l="587" t="822" r="603" b="852" charConfidence="29">y</charParams>
<charParams l="604" t="822" r="621" b="851" charConfidence="55">g</charParams>
<charParams l="625" t="822" r="637" b="844" charConfidence="32">e</charParams>
<charParams l="641" t="814" r="656" b="844" charConfidence="37">b</charParams>
<charParams l="660" t="815" r="668" b="844" charConfidence="30">i</charParams>
<charParams l="669" t="823" r="686" b="852" charConfidence="55">g</charParams>
<charParams l="688" t="815" r="702" b="843" charConfidence="33">k</charParams>
<charParams l="704" t="821" r="716" b="843" charConfidence="31">e</charParams>
<charParams l="720" t="814" r="727" b="843" charConfidence="32">i</charParams>
<charParams l="731" t="818" r="742" b="844" charConfidence="43">t</charParams>
<charParams l="743" t="818" r="762" b="853"> </charParams>
<charParams l="763" t="820" r="777" b="853" charConfidence="54">z</charParams>
<charParams l="780" t="822" r="797" b="844" charConfidence="40">u</charParams>
<charParams l="798" t="821" r="818" b="844"> </charParams>
<charParams l="819" t="821" r="831" b="843" charConfidence="27">e</charParams>
<charParams l="835" t="820" r="847" b="843" charConfidence="32">r</charParams>
<charParams l="850" t="819" r="875" b="843" charConfidence="85">w</charParams>
<charParams l="879" t="814" r="887" b="844" charConfidence="26">i</charParams>
<charParams l="890" t="822" r="902" b="843" charConfidence="30">e</charParams>
<charParams l="905" t="816" r="919" b="842" charConfidence="27">d</charParams>
<charParams l="924" t="821" r="935" b="842" charConfidence="27">e</charParams>
<charParams l="938" t="820" r="951" b="843" charConfidence="32">r</charParams>
<charParams l="954" t="819" r="972" b="843" charConfidence="100">n</charParams></formatting></line>
<line baseline="901" l="189" t="868" r="972" b="909"><formatting lang="OldGerman">
<charParams l="189" t="868" r="205" b="907" charConfidence="25">s</charParams>
<charParams l="202" t="879" r="218" b="901" charConfidence="24">u</charParams>
<charParams l="221" t="872" r="248" b="907" charConfidence="62">c</charParams>
<charParams l="221" t="872" r="248" b="907" charConfidence="62">h</charParams>
<charParams l="252" t="876" r="262" b="900" charConfidence="36">t</charParams>
<charParams l="265" t="879" r="278" b="901" charConfidence="27">e</charParams>
<charParams l="284" t="893" r="294" b="906" charConfidence="71">,</charParams>
<charParams l="295" t="880" r="317" b="906"> </charParams>
<charParams l="318" t="880" r="336" b="901" charConfidence="77">n</charParams>
<charParams l="339" t="880" r="355" b="900" charConfidence="29">a</charParams>
<charParams l="359" t="873" r="386" b="906" charConfidence="59">c</charParams>
<charParams l="359" t="873" r="386" b="906" charConfidence="59">h</charParams>
<charParams l="387" t="873" r="409" b="906"> </charParams>
<charParams l="410" t="874" r="419" b="901" charConfidence="35">i</charParams>
<charParams l="422" t="872" r="438" b="909" charConfidence="93">h</charParams>
<charParams l="442" t="880" r="456" b="901" charConfidence="36">r</charParams>
<charParams l="458" t="881" r="470" b="902" charConfidence="36">e</charParams>
<charParams l="473" t="880" r="501" b="901" charConfidence="60">m</charParams>
<charParams l="502" t="872" r="525" b="901"> </charParams>
<charParams l="526" t="872" r="541" b="901" charConfidence="36">b</charParams>
<charParams l="545" t="881" r="560" b="902" charConfidence="59">a</charParams>
<charParams l="564" t="874" r="573" b="902" charConfidence="42">l</charParams>
<charParams l="575" t="875" r="590" b="902" charConfidence="28">d</charParams>
<charParams l="594" t="874" r="602" b="901" charConfidence="27">i</charParams>
<charParams l="604" t="880" r="621" b="908" charConfidence="28">g</charParams>
<charParams l="624" t="880" r="637" b="901" charConfidence="37">e</charParams>
<charParams l="639" t="879" r="656" b="901" charConfidence="30">n</charParams>
<charParams l="657" t="871" r="681" b="905"> </charParams>
<charParams l="682" t="871" r="708" b="905" charConfidence="64">T</charParams>
<charParams l="712" t="879" r="727" b="901" charConfidence="29">o</charParams>
<charParams l="730" t="873" r="745" b="900" suspicious="1" charConfidence="25">b</charParams>
<charParams l="749" t="878" r="763" b="901" charConfidence="26">e</charParams>
<charParams l="764" t="871" r="783" b="905"> </charParams>
<charParams l="784" t="871" r="799" b="905" charConfidence="80">s</charParams>
<charParams l="797" t="879" r="809" b="899" charConfidence="26">e</charParams>
<charParams l="812" t="872" r="820" b="899" charConfidence="27">i</charParams>
<charParams l="822" t="877" r="841" b="900" charConfidence="54">n</charParams>
<charParams l="842" t="877" r="859" b="900"> </charParams>
<charParams l="860" t="879" r="873" b="899" charConfidence="25">e</charParams>
<charParams l="875" t="871" r="883" b="899" charConfidence="28">i</charParams>
<charParams l="885" t="878" r="902" b="907" charConfidence="27">g</charParams>
<charParams l="906" t="878" r="918" b="900" charConfidence="26">e</charParams>
<charParams l="920" t="879" r="938" b="901" charConfidence="100">n</charParams>
<charParams l="942" t="878" r="954" b="901" charConfidence="27">e</charParams>
<charParams l="957" t="878" r="972" b="902" charConfidence="26">r</charParams></formatting></line>
<line baseline="959" l="189" t="926" r="970" b="969"><formatting lang="OldGerman">
<charParams l="189" t="928" r="219" b="968" charConfidence="24">H</charParams>
<charParams l="224" t="938" r="235" b="960" charConfidence="55">e</charParams>
<charParams l="239" t="937" r="251" b="960" charConfidence="25">r</charParams>
<charParams l="254" t="937" r="267" b="959" charConfidence="57">r</charParams>
<charParams l="274" t="952" r="282" b="965" charConfidence="59">,</charParams>
<charParams l="283" t="937" r="306" b="965"> </charParams>
<charParams l="307" t="937" r="323" b="958" charConfidence="30">a</charParams>
<charParams l="328" t="937" r="343" b="959" charConfidence="24">u</charParams>
<charParams l="347" t="928" r="360" b="964" charConfidence="37">f</charParams>
<charParams l="361" t="926" r="381" b="964"> </charParams>
<charParams l="382" t="926" r="414" b="958" charConfidence="28">R</charParams>
<charParams l="417" t="937" r="429" b="959" charConfidence="41">e</charParams>
<charParams l="433" t="930" r="440" b="958" charConfidence="25">i</charParams>
<charParams l="443" t="930" r="457" b="965" charConfidence="32">s</charParams>
<charParams l="454" t="937" r="467" b="959" charConfidence="46">e</charParams>
<charParams l="469" t="937" r="487" b="959" charConfidence="36">n</charParams>
<charParams l="488" t="937" r="510" b="960"> </charParams>
<charParams l="511" t="937" r="528" b="960" charConfidence="24">u</charParams>
<charParams l="532" t="937" r="549" b="959" charConfidence="76">n</charParams>
<charParams l="553" t="937" r="568" b="958" charConfidence="83">a</charParams>
<charParams l="572" t="929" r="587" b="959" charConfidence="29">b</charParams>
<charParams l="591" t="928" r="607" b="965" charConfidence="65">h</charParams>
<charParams l="611" t="928" r="626" b="959" charConfidence="57">ä</charParams>
<charParams l="631" t="936" r="647" b="958" charConfidence="68">n</charParams>
<charParams l="649" t="937" r="666" b="967" charConfidence="54">g</charParams>
<charParams l="671" t="930" r="678" b="959" charConfidence="41">i</charParams>
<charParams l="680" t="937" r="697" b="967" charConfidence="55">g</charParams>
<charParams l="707" t="951" r="716" b="965" charConfidence="73">,</charParams>
<charParams l="717" t="931" r="738" b="966"> </charParams>
<charParams l="739" t="931" r="748" b="966" charConfidence="33">j</charParams>
<charParams l="752" t="937" r="764" b="959" charConfidence="26">e</charParams>
<charParams l="767" t="931" r="783" b="959" charConfidence="27">d</charParams>
<charParams l="786" t="936" r="798" b="960" charConfidence="27">e</charParams>
<charParams l="801" t="937" r="815" b="961" charConfidence="55">r</charParams>
<charParams l="816" t="929" r="837" b="962"> </charParams>
<charParams l="838" t="929" r="866" b="962" charConfidence="27">A</charParams>
<charParams l="868" t="930" r="883" b="961" charConfidence="33">b</charParams>
<charParams l="886" t="938" r="912" b="962" charConfidence="58">w</charParams>
<charParams l="916" t="939" r="928" b="961" charConfidence="54">e</charParams>
<charParams l="930" t="931" r="956" b="969" charConfidence="62">c</charParams>
<charParams l="930" t="931" r="956" b="969" charConfidence="62">h</charParams>
<charParams l="960" t="943" r="970" b="958" charConfidence="22">¬</charParams></formatting></line>
<line baseline="1021" l="195" t="988" r="971" b="1030"><formatting lang="OldGerman">
<charParams l="195" t="992" r="207" b="1029" charConfidence="39">s</charParams>
<charParams l="206" t="1000" r="217" b="1022" charConfidence="24">e</charParams>
<charParams l="221" t="993" r="228" b="1022" charConfidence="59">l</charParams>
<charParams l="232" t="1000" r="247" b="1022" charConfidence="24">u</charParams>
<charParams l="252" t="999" r="268" b="1021" charConfidence="25">n</charParams>
<charParams l="271" t="998" r="288" b="1028" charConfidence="55">g</charParams>
<charParams l="289" t="992" r="317" b="1028"> </charParams>
<charParams l="318" t="992" r="326" b="1028" charConfidence="62">j</charParams>
<charParams l="330" t="999" r="342" b="1020" charConfidence="32">e</charParams>
<charParams l="346" t="993" r="360" b="1020" charConfidence="28">d</charParams>
<charParams l="364" t="998" r="376" b="1020" charConfidence="40">e</charParams>
<charParams l="379" t="997" r="392" b="1020" charConfidence="46">r</charParams>
<charParams l="393" t="988" r="415" b="1020"> </charParams>
<charParams l="416" t="988" r="446" b="1020" charConfidence="35">V</charParams>
<charParams l="449" t="997" r="461" b="1019" charConfidence="30">e</charParams>
<charParams l="464" t="996" r="478" b="1019" charConfidence="100">r</charParams>
<charParams l="479" t="989" r="494" b="1019" charConfidence="52">ä</charParams>
<charParams l="499" t="997" r="515" b="1019" charConfidence="54">n</charParams>
<charParams l="520" t="990" r="535" b="1019" charConfidence="31">d</charParams>
<charParams l="539" t="998" r="550" b="1020" charConfidence="25">e</charParams>
<charParams l="554" t="997" r="566" b="1019" charConfidence="65">r</charParams>
<charParams l="569" t="997" r="585" b="1020" charConfidence="28">u</charParams>
<charParams l="590" t="997" r="606" b="1020" charConfidence="68">n</charParams>
<charParams l="609" t="997" r="625" b="1027" charConfidence="32">g</charParams>
<charParams l="626" t="997" r="650" b="1027"> </charParams>
<charParams l="651" t="997" r="678" b="1020" charConfidence="39">m</charParams>
<charParams l="682" t="990" r="697" b="1021" charConfidence="52">ä</charParams>
<charParams l="701" t="990" r="727" b="1026" charConfidence="55">c</charParams>
<charParams l="701" t="990" r="727" b="1026" charConfidence="55">h</charParams>
<charParams l="732" t="995" r="741" b="1021" charConfidence="32">t</charParams>
<charParams l="745" t="991" r="751" b="1022" charConfidence="88">i</charParams>
<charParams l="754" t="999" r="771" b="1030" charConfidence="55">g</charParams>
<charParams l="772" t="1014" r="782" b="1028" charConfidence="90">,</charParams>
<charParams l="783" t="1000" r="806" b="1028"> </charParams>
<charParams l="807" t="1000" r="826" b="1024" charConfidence="44">n</charParams>
<charParams l="830" t="993" r="837" b="1023" charConfidence="64">i</charParams>
<charParams l="841" t="993" r="866" b="1030" charConfidence="84">c</charParams>
<charParams l="841" t="993" r="866" b="1030" charConfidence="84">h</charParams>
<charParams l="871" t="997" r="881" b="1023" charConfidence="27">t</charParams>
<charParams l="884" t="996" r="899" b="1024" charConfidence="-1">s</charParams>
<charParams l="900" t="992" r="918" b="1024"> </charParams>
<charParams l="919" t="992" r="943" b="1024" charConfidence="83">U</charParams>
<charParams l="947" t="1001" r="960" b="1024" charConfidence="46">e</charParams>
<charParams l="961" t="1004" r="971" b="1020" charConfidence="22">-</charParams></formatting></line>
<line baseline="1082" l="190" t="1049" r="968" b="1093"><formatting lang="OldGerman">
<charParams l="190" t="1051" r="205" b="1084" charConfidence="25">b</charParams>
<charParams l="209" t="1060" r="219" b="1082" charConfidence="26">e</charParams>
<charParams l="224" t="1060" r="236" b="1082" charConfidence="24">r</charParams>
<charParams l="239" t="1057" r="248" b="1083" charConfidence="52">t</charParams>
<charParams l="252" t="1060" r="264" b="1082" charConfidence="32">r</charParams>
<charParams l="267" t="1051" r="275" b="1080" charConfidence="31">i</charParams>
<charParams l="278" t="1059" r="289" b="1081" charConfidence="36">e</charParams>
<charParams l="293" t="1049" r="308" b="1080" charConfidence="55">b</charParams>
<charParams l="311" t="1058" r="323" b="1080" charConfidence="51">e</charParams>
<charParams l="327" t="1058" r="343" b="1080" charConfidence="80">n</charParams>
<charParams l="347" t="1058" r="360" b="1080" suspicious="1" charConfidence="25">e</charParams>
<charParams l="362" t="1053" r="378" b="1080" charConfidence="81">S</charParams>
<charParams l="379" t="1053" r="401" b="1080"> </charParams>
<charParams l="402" t="1057" r="428" b="1080" charConfidence="68">w</charParams>
<charParams l="432" t="1057" r="446" b="1080" charConfidence="38">o</charParams>
<charParams l="450" t="1050" r="459" b="1079" charConfidence="48">l</charParams>
<charParams l="459" t="1051" r="468" b="1079" charConfidence="28">l</charParams>
<charParams l="470" t="1058" r="481" b="1080" charConfidence="25">e</charParams>
<charParams l="485" t="1058" r="501" b="1080" charConfidence="31">n</charParams>
<charParams l="506" t="1052" r="521" b="1081" charConfidence="25">d</charParams>
<charParams l="531" t="1073" r="540" b="1087" charConfidence="63">,</charParams>
<charParams l="541" t="1059" r="581" b="1087"> </charParams>
<charParams l="582" t="1059" r="596" b="1081" charConfidence="25">a</charParams>
<charParams l="602" t="1050" r="616" b="1083" charConfidence="51">b</charParams>
<charParams l="620" t="1060" r="631" b="1082" charConfidence="27">e</charParams>
<charParams l="635" t="1060" r="648" b="1083" charConfidence="58">r</charParams>
<charParams l="649" t="1060" r="677" b="1083"> </charParams>
<charParams l="678" t="1062" r="694" b="1083" charConfidence="73">v</charParams>
<charParams l="698" t="1054" r="705" b="1083" charConfidence="42">i</charParams>
<charParams l="709" t="1061" r="721" b="1084" charConfidence="25">e</charParams>
<charParams l="724" t="1054" r="732" b="1084" charConfidence="59">l</charParams>
<charParams l="733" t="1054" r="755" b="1085"> </charParams>
<charParams l="756" t="1061" r="772" b="1085" charConfidence="24">u</charParams>
<charParams l="776" t="1061" r="793" b="1085" charConfidence="71">n</charParams>
<charParams l="797" t="1055" r="813" b="1085" charConfidence="26">d</charParams>
<charParams l="814" t="1055" r="836" b="1085"> </charParams>
<charParams l="837" t="1064" r="854" b="1085" charConfidence="31">v</charParams>
<charParams l="859" t="1056" r="866" b="1085" charConfidence="40">i</charParams>
<charParams l="870" t="1063" r="881" b="1084" charConfidence="100">e</charParams>
<charParams l="884" t="1055" r="893" b="1085" charConfidence="42">l</charParams>
<charParams l="895" t="1063" r="907" b="1084" charConfidence="57">e</charParams>
<charParams l="910" t="1062" r="923" b="1084" charConfidence="100">r</charParams>
<charParams l="926" t="1056" r="933" b="1084" charConfidence="26">l</charParams>
<charParams l="937" t="1061" r="948" b="1084" charConfidence="26">e</charParams>
<charParams l="952" t="1061" r="958" b="1084" charConfidence="100">i</charParams>
<charParams l="955" t="1062" r="968" b="1093" charConfidence="86">-</charParams></formatting></line>
<line baseline="1145" l="187" t="1109" r="968" b="1155"><formatting lang="OldGerman">
<charParams l="187" t="1120" r="212" b="1143" charConfidence="62">w</charParams>
<charParams l="217" t="1121" r="231" b="1143" charConfidence="48">o</charParams>
<charParams l="235" t="1114" r="242" b="1142" charConfidence="27">l</charParams>
<charParams l="243" t="1114" r="250" b="1142" charConfidence="25">l</charParams>
<charParams l="254" t="1120" r="266" b="1142" charConfidence="31">e</charParams>
<charParams l="270" t="1120" r="285" b="1141" charConfidence="24">n</charParams>
<charParams l="290" t="1114" r="305" b="1142" charConfidence="27">d</charParams>
<charParams l="314" t="1133" r="323" b="1148" charConfidence="60">,</charParams>
<charParams l="324" t="1109" r="360" b="1148"> </charParams>
<charParams l="361" t="1109" r="376" b="1146" charConfidence="42">f</charParams>
<charParams l="375" t="1118" r="388" b="1141" charConfidence="66">r</charParams>
<charParams l="392" t="1119" r="402" b="1140" charConfidence="27">e</charParams>
<charParams l="405" t="1119" r="420" b="1151" suspicious="1" charConfidence="27">y</charParams>
<charParams l="426" t="1118" r="452" b="1141" charConfidence="66">m</charParams>
<charParams l="457" t="1111" r="473" b="1142" charConfidence="22">ü</charParams>
<charParams l="478" t="1118" r="488" b="1142" charConfidence="28">t</charParams>
<charParams l="491" t="1112" r="506" b="1151" charConfidence="100">h</charParams>
<charParams l="511" t="1114" r="518" b="1143" charConfidence="47">i</charParams>
<charParams l="521" t="1121" r="537" b="1152" charConfidence="27">g</charParams>
<charParams l="547" t="1136" r="556" b="1151" charConfidence="75">,</charParams>
<charParams l="557" t="1121" r="595" b="1151"> </charParams>
<charParams l="596" t="1121" r="621" b="1145" charConfidence="54">w</charParams>
<charParams l="626" t="1123" r="640" b="1146" charConfidence="48">o</charParams>
<charParams l="644" t="1114" r="660" b="1154" charConfidence="100">h</charParams>
<charParams l="665" t="1118" r="672" b="1146" charConfidence="28">l</charParams>
<charParams l="676" t="1120" r="686" b="1146" charConfidence="88">t</charParams>
<charParams l="689" t="1115" r="705" b="1153" charConfidence="100">h</charParams>
<charParams l="709" t="1116" r="723" b="1146" charConfidence="59">ä</charParams>
<charParams l="728" t="1120" r="738" b="1147" charConfidence="86">t</charParams>
<charParams l="741" t="1116" r="748" b="1147" charConfidence="100">i</charParams>
<charParams l="751" t="1124" r="768" b="1155" charConfidence="63">g</charParams>
<charParams l="778" t="1139" r="787" b="1153" charConfidence="62">,</charParams>
<charParams l="788" t="1115" r="820" b="1153"> </charParams>
<charParams l="821" t="1115" r="836" b="1147" charConfidence="35">b</charParams>
<charParams l="841" t="1124" r="853" b="1147" charConfidence="25">r</charParams>
<charParams l="856" t="1126" r="870" b="1146" charConfidence="24">a</charParams>
<charParams l="874" t="1125" r="890" b="1147" charConfidence="61">v</charParams>
<charParams l="899" t="1138" r="908" b="1153" charConfidence="84">,</charParams>
<charParams l="909" t="1117" r="938" b="1153"> </charParams>
<charParams l="939" t="1117" r="948" b="1153" charConfidence="67">j</charParams>
<charParams l="951" t="1123" r="968" b="1145" charConfidence="43">a</charParams></formatting></line>
<line baseline="1206" l="185" t="1170" r="970" b="1211"><formatting lang="OldGerman">
<charParams l="185" t="1178" r="198" b="1205" charConfidence="25">t</charParams>
<charParams l="200" t="1182" r="214" b="1204" charConfidence="100">a</charParams>
<charParams l="219" t="1181" r="234" b="1211" charConfidence="100">p</charParams>
<charParams l="237" t="1173" r="250" b="1209" charConfidence="29">f</charParams>
<charParams l="251" t="1181" r="261" b="1204" charConfidence="26">e</charParams>
<charParams l="265" t="1181" r="278" b="1203" charConfidence="100">r</charParams>
<charParams l="279" t="1173" r="308" b="1203"> </charParams>
<charParams l="309" t="1173" r="317" b="1202" charConfidence="38">i</charParams>
<charParams l="321" t="1179" r="348" b="1202" charConfidence="78">m</charParams>
<charParams l="349" t="1170" r="380" b="1209"> </charParams>
<charParams l="381" t="1170" r="403" b="1209" charConfidence="39">F</charParams>
<charParams l="406" t="1181" r="420" b="1202" charConfidence="27">a</charParams>
<charParams l="425" t="1173" r="433" b="1203" charConfidence="40">l</charParams>
<charParams l="433" t="1172" r="442" b="1204" charConfidence="41">l</charParams>
<charParams l="443" t="1172" r="462" b="1204"> </charParams>
<charParams l="463" t="1189" r="507" b="1194" suspicious="1" charConfidence="-1">—</charParams>
<charParams l="508" t="1183" r="529" b="1206"> </charParams>
<charParams l="530" t="1183" r="556" b="1206" charConfidence="30">w</charParams>
<charParams l="560" t="1184" r="574" b="1205" charConfidence="100">a</charParams>
<charParams l="579" t="1179" r="594" b="1206" charConfidence="100">s</charParams>
<charParams l="595" t="1175" r="627" b="1206"> </charParams>
<charParams l="628" t="1175" r="641" b="1206" charConfidence="29">k</charParams>
<charParams l="643" t="1185" r="657" b="1207" charConfidence="49">o</charParams>
<charParams l="661" t="1185" r="677" b="1206" charConfidence="45">n</charParams>
<charParams l="681" t="1185" r="698" b="1207" charConfidence="100">n</charParams>
<charParams l="702" t="1182" r="712" b="1208" charConfidence="61">t</charParams>
<charParams l="715" t="1185" r="727" b="1207" charConfidence="57">e</charParams>
<charParams l="728" t="1178" r="757" b="1208"> </charParams>
<charParams l="758" t="1178" r="767" b="1208" charConfidence="100">i</charParams>
<charParams l="770" t="1185" r="788" b="1209" charConfidence="25">n</charParams>
<charParams l="789" t="1179" r="817" b="1209"> </charParams>
<charParams l="818" t="1179" r="834" b="1208" charConfidence="34">d</charParams>
<charParams l="838" t="1185" r="849" b="1210" charConfidence="26">e</charParams>
<charParams l="852" t="1186" r="865" b="1210" charConfidence="100">r</charParams>
<charParams l="866" t="1175" r="888" b="1210"> </charParams>
<charParams l="889" t="1175" r="929" b="1209" charConfidence="40">W</charParams>
<charParams l="931" t="1184" r="943" b="1208" charConfidence="26">e</charParams>
<charParams l="946" t="1176" r="955" b="1208" charConfidence="100">l</charParams>
<charParams l="956" t="1180" r="970" b="1208" charConfidence="31">t</charParams></formatting></line>
<line baseline="1267" l="185" t="1232" r="730" b="1276"><formatting lang="OldGerman">
<charParams l="185" t="1235" r="199" b="1268" charConfidence="44">s</charParams>
<charParams l="198" t="1243" r="210" b="1265" charConfidence="33">e</charParams>
<charParams l="213" t="1236" r="220" b="1265" charConfidence="39">i</charParams>
<charParams l="223" t="1243" r="239" b="1266" charConfidence="69">n</charParams>
<charParams l="244" t="1243" r="256" b="1266" charConfidence="31">e</charParams>
<charParams l="259" t="1243" r="276" b="1267" charConfidence="27">n</charParams>
<charParams l="277" t="1232" r="300" b="1267"> </charParams>
<charParams l="301" t="1232" r="340" b="1266" charConfidence="43">W</charParams>
<charParams l="343" t="1233" r="360" b="1265" charConfidence="22">ü</charParams>
<charParams l="364" t="1242" r="380" b="1265" charConfidence="53">n</charParams>
<charParams l="384" t="1234" r="397" b="1272" charConfidence="42">s</charParams>
<charParams l="395" t="1235" r="421" b="1273" charConfidence="81">c</charParams>
<charParams l="395" t="1235" r="421" b="1273" suspicious="1" charConfidence="81">h</charParams>
<charParams l="425" t="1242" r="437" b="1265" charConfidence="25">e</charParams>
<charParams l="441" t="1242" r="458" b="1265" charConfidence="24">n</charParams>
<charParams l="459" t="1242" r="483" b="1266"> </charParams>
<charParams l="484" t="1244" r="495" b="1266" charConfidence="29">e</charParams>
<charParams l="499" t="1243" r="515" b="1266" charConfidence="51">n</charParams>
<charParams l="519" t="1241" r="529" b="1267" charConfidence="62">t</charParams>
<charParams l="531" t="1245" r="547" b="1275" charConfidence="45">g</charParams>
<charParams l="551" t="1245" r="563" b="1267" charConfidence="33">e</charParams>
<charParams l="565" t="1245" r="581" b="1276" charConfidence="37">g</charParams>
<charParams l="585" t="1245" r="597" b="1268" charConfidence="28">e</charParams>
<charParams l="600" t="1245" r="616" b="1268" charConfidence="51">n</charParams>
<charParams l="621" t="1238" r="640" b="1276" charConfidence="100">s</charParams>
<charParams l="621" t="1238" r="640" b="1276" charConfidence="100">t</charParams>
<charParams l="644" t="1246" r="656" b="1269" charConfidence="27">e</charParams>
<charParams l="659" t="1236" r="675" b="1276" charConfidence="100">h</charParams>
<charParams l="679" t="1246" r="691" b="1269" charConfidence="54">e</charParams>
<charParams l="694" t="1246" r="712" b="1268" charConfidence="100">n</charParams>
<charParams l="722" t="1239" r="730" b="1270" suspicious="1" charConfidence="22">!</charParams></formatting></line></par>
<par align="Justified" startIndent="1860" lineSpacing="1512">
<line baseline="1390" l="251" t="1356" r="966" b="1398"><formatting lang="OldGerman">
<charParams l="251" t="1356" r="283" b="1388" charConfidence="27">B</charParams>
<charParams l="288" t="1358" r="295" b="1387" charConfidence="30">i</charParams>
<charParams l="299" t="1362" r="313" b="1389" charConfidence="100">s</charParams>
<charParams l="317" t="1357" r="333" b="1395" charConfidence="83">h</charParams>
<charParams l="337" t="1367" r="348" b="1388" charConfidence="100">e</charParams>
<charParams l="352" t="1366" r="365" b="1389" suspicious="1" charConfidence="40">r</charParams>
<charParams l="366" t="1363" r="395" b="1389"> </charParams>
<charParams l="396" t="1363" r="422" b="1387" charConfidence="28">w</charParams>
<charParams l="426" t="1365" r="440" b="1387" charConfidence="100">a</charParams>
<charParams l="444" t="1365" r="458" b="1388" charConfidence="42">r</charParams>
<charParams l="459" t="1365" r="480" b="1388"> </charParams>
<charParams l="481" t="1365" r="496" b="1387" charConfidence="100">a</charParams>
<charParams l="501" t="1357" r="510" b="1387" charConfidence="79">l</charParams>
<charParams l="510" t="1357" r="519" b="1388" charConfidence="100">l</charParams>
<charParams l="520" t="1366" r="532" b="1388" charConfidence="25">e</charParams>
<charParams l="536" t="1361" r="551" b="1390" charConfidence="100">s</charParams>
<charParams l="552" t="1361" r="575" b="1390"> </charParams>
<charParams l="576" t="1367" r="592" b="1389" charConfidence="57">n</charParams>
<charParams l="597" t="1368" r="611" b="1389" charConfidence="27">a</charParams>
<charParams l="615" t="1361" r="642" b="1395" charConfidence="55">c</charParams>
<charParams l="615" t="1361" r="642" b="1395" charConfidence="55">h</charParams>
<charParams l="643" t="1361" r="665" b="1395"> </charParams>
<charParams l="666" t="1361" r="681" b="1392" charConfidence="28">s</charParams>
<charParams l="678" t="1370" r="689" b="1390" charConfidence="28">e</charParams>
<charParams l="693" t="1362" r="700" b="1391" charConfidence="100">i</charParams>
<charParams l="704" t="1369" r="720" b="1391" charConfidence="60">n</charParams>
<charParams l="725" t="1369" r="736" b="1391" charConfidence="34">e</charParams>
<charParams l="740" t="1368" r="768" b="1391" suspicious="1" charConfidence="58">m</charParams>
<charParams l="769" t="1358" r="792" b="1392"> </charParams>
<charParams l="793" t="1358" r="827" b="1392" charConfidence="31">S</charParams>
<charParams l="833" t="1361" r="840" b="1391" charConfidence="51">i</charParams>
<charParams l="844" t="1368" r="861" b="1391" charConfidence="32">n</charParams>
<charParams l="865" t="1369" r="881" b="1391" charConfidence="100">n</charParams>
<charParams l="885" t="1369" r="898" b="1391" charConfidence="63">e</charParams>
<charParams l="899" t="1368" r="920" b="1398"> </charParams>
<charParams l="921" t="1368" r="937" b="1398" charConfidence="55">g</charParams>
<charParams l="941" t="1368" r="954" b="1390" charConfidence="30">e</charParams>
<charParams l="956" t="1372" r="966" b="1387" charConfidence="22">¬</charParams></formatting></line>
<line baseline="1451" l="183" t="1417" r="966" b="1461"><formatting lang="OldGerman">
<charParams l="183" t="1424" r="200" b="1454" charConfidence="45">g</charParams>
<charParams l="204" t="1425" r="218" b="1447" charConfidence="100">a</charParams>
<charParams l="222" t="1426" r="238" b="1448" charConfidence="53">n</charParams>
<charParams l="241" t="1427" r="257" b="1457" charConfidence="55">g</charParams>
<charParams l="262" t="1428" r="274" b="1449" charConfidence="40">e</charParams>
<charParams l="277" t="1428" r="294" b="1450" charConfidence="27">n</charParams>
<charParams l="304" t="1441" r="314" b="1456" charConfidence="96">,</charParams>
<charParams l="315" t="1428" r="348" b="1456"> </charParams>
<charParams l="349" t="1428" r="365" b="1451" charConfidence="39">a</charParams>
<charParams l="369" t="1429" r="385" b="1451" charConfidence="87">u</charParams>
<charParams l="388" t="1420" r="415" b="1458" charConfidence="73">c</charParams>
<charParams l="388" t="1420" r="415" b="1458" charConfidence="73">h</charParams>
<charParams l="416" t="1420" r="438" b="1460"> </charParams>
<charParams l="439" t="1427" r="450" b="1460" charConfidence="54">z</charParams>
<charParams l="455" t="1427" r="471" b="1451" charConfidence="28">u</charParams>
<charParams l="474" t="1426" r="502" b="1450" charConfidence="100">m</charParams>
<charParams l="503" t="1417" r="526" b="1451"> </charParams>
<charParams l="527" t="1417" r="559" b="1451" charConfidence="100">B</charParams>
<charParams l="564" t="1430" r="576" b="1452" charConfidence="54">e</charParams>
<charParams l="579" t="1422" r="596" b="1460" charConfidence="84">s</charParams>
<charParams l="579" t="1422" r="596" b="1460" charConfidence="84">i</charParams>
<charParams l="599" t="1425" r="617" b="1460" charConfidence="38">t</charParams>
<charParams l="599" t="1425" r="617" b="1460" charConfidence="38">z</charParams>
<charParams l="618" t="1421" r="641" b="1460"> </charParams>
<charParams l="642" t="1421" r="666" b="1455" charConfidence="40">C</charParams>
<charParams l="668" t="1422" r="684" b="1461" charConfidence="82">h</charParams>
<charParams l="688" t="1431" r="704" b="1453" charConfidence="100">a</charParams>
<charParams l="707" t="1431" r="720" b="1454" charConfidence="84">r</charParams>
<charParams l="724" t="1424" r="730" b="1453" charConfidence="43">l</charParams>
<charParams l="734" t="1431" r="749" b="1454" charConfidence="45">o</charParams>
<charParams l="753" t="1428" r="763" b="1454" charConfidence="30">t</charParams>
<charParams l="765" t="1428" r="776" b="1454" charConfidence="28">t</charParams>
<charParams l="778" t="1431" r="790" b="1454" charConfidence="26">e</charParams>
<charParams l="793" t="1431" r="809" b="1453" charConfidence="25">n</charParams>
<charParams l="814" t="1426" r="829" b="1453" charConfidence="100">s</charParams>
<charParams l="830" t="1426" r="850" b="1453"> </charParams>
<charParams l="851" t="1429" r="877" b="1453" charConfidence="36">w</charParams>
<charParams l="880" t="1429" r="895" b="1451" charConfidence="100">a</charParams>
<charParams l="899" t="1428" r="913" b="1451" charConfidence="100">r</charParams>
<charParams l="914" t="1428" r="936" b="1452"> </charParams>
<charParams l="937" t="1429" r="950" b="1452" charConfidence="28">e</charParams>
<charParams l="952" t="1429" r="966" b="1451" charConfidence="26">r</charParams></formatting></line></par>
</text>
</block>
</page>
</document>