﻿<?xml version="1.0" encoding="UTF-8" standalone="yes"?>
<document xmlns="http://www.abbyy.com/FineReader_xml/FineReader10-schema-v1.xml" version="1.0" producer="ABBYY FineReader Engine 11" languages="" xmlns:xsi="http://www.w3.org/2001/XMLSchema-instance" xsi:schemaLocation="http://www.abbyy.com/FineReader_xml/FineReader10-schema-v1.xml http://www.abbyy.com/FineReader_xml/FineReader10-schema-v1.xml">
<page width="1156" height="1782" resolution="300" originalCoords="1">
<block blockType="Text" blockName="">
<text>
<par align="Center" rightIndent="500">
<line baseline="86" l="566" t="59" r="608" b="86"><formatting lang="OldGerman">
<charParams l="566" t="60" r="585" b="82" suspicious="1" charConfidence="-1">»</charParams>
<charParams l="589" t="59" r="608" b="86" suspicious="1" charConfidence="69">5</charParams></formatting></line></par>
</text>
<text>
<par align="Justified" startIndent="235" lineSpacing="1440">
<line baseline="172" l="195" t="138" r="972" b="182"><formatting lang="OldGerman">
<charParams l="195" t="149" r="213" b="179" charConfidence="26">g</charParams>
<charParams l="216" t="149" r="228" b="172" charConfidence="34">e</charParams>
<charParams l="231" t="141" r="239" b="172" charConfidence="60">l</charParams>
<charParams l="242" t="148" r="257" b="171" charConfidence="33">a</charParams>
<charParams l="261" t="147" r="277" b="171" charConfidence="39">n</charParams>
<charParams l="280" t="148" r="297" b="179" charConfidence="34">g</charParams>
<charParams l="300" t="146" r="312" b="173" charConfidence="49">t</charParams>
<charParams l="319" t="163" r="328" b="177" charConfidence="73">,</charParams>
<charParams l="329" t="142" r="351" b="177"> </charParams>
<charParams l="352" t="142" r="368" b="173" charConfidence="35">d</charParams>
<charParams l="372" t="150" r="384" b="172" charConfidence="34">e</charParams>
<charParams l="387" t="149" r="405" b="172" charConfidence="49">n</charParams>
<charParams l="406" t="149" r="428" b="172"> </charParams>
<charParams l="429" t="149" r="441" b="171" charConfidence="91">e</charParams>
<charParams l="445" t="148" r="457" b="171" charConfidence="25">r</charParams>
<charParams l="458" t="139" r="480" b="177"> </charParams>
<charParams l="481" t="139" r="500" b="177" charConfidence="82">s</charParams>
<charParams l="481" t="139" r="500" b="177" charConfidence="82">i</charParams>
<charParams l="501" t="138" r="528" b="175" charConfidence="35">c</charParams>
<charParams l="501" t="138" r="528" b="175" suspicious="1" charConfidence="35">h</charParams>
<charParams l="529" t="138" r="546" b="175"> </charParams>
<charParams l="547" t="139" r="563" b="168" charConfidence="52">d</charParams>
<charParams l="567" t="145" r="583" b="169" charConfidence="94">u</charParams>
<charParams l="587" t="145" r="600" b="169" charConfidence="26">r</charParams>
<charParams l="602" t="139" r="629" b="175" charConfidence="62">c</charParams>
<charParams l="602" t="139" r="629" b="175" charConfidence="62">h</charParams>
<charParams l="630" t="139" r="647" b="175"> </charParams>
<charParams l="648" t="148" r="661" b="170" charConfidence="34">e</charParams>
<charParams l="664" t="141" r="672" b="171" charConfidence="27">i</charParams>
<charParams l="675" t="148" r="691" b="172" charConfidence="59">n</charParams>
<charParams l="695" t="150" r="708" b="173" charConfidence="38">e</charParams>
<charParams l="709" t="141" r="725" b="181"> </charParams>
<charParams l="726" t="141" r="743" b="181" suspicious="1" charConfidence="49">h</charParams>
<charParams l="747" t="150" r="761" b="173" charConfidence="27">a</charParams>
<charParams l="766" t="150" r="779" b="174" charConfidence="39">r</charParams>
<charParams l="782" t="146" r="792" b="174" charConfidence="41">t</charParams>
<charParams l="795" t="150" r="811" b="173" charConfidence="53">n</charParams>
<charParams l="814" t="142" r="829" b="174" charConfidence="12">ä</charParams>
<charParams l="834" t="152" r="845" b="174" charConfidence="16">c</charParams>
<charParams l="845" t="143" r="858" b="174" charConfidence="47">k</charParams>
<charParams l="861" t="144" r="869" b="174" charConfidence="20">i</charParams>
<charParams l="870" t="151" r="887" b="182" charConfidence="26">g</charParams>
<charParams l="890" t="152" r="903" b="174" charConfidence="25">e</charParams>
<charParams l="911" t="165" r="920" b="180" charConfidence="63">,</charParams>
<charParams l="921" t="145" r="943" b="181"> </charParams>
<charParams l="944" t="145" r="953" b="181" charConfidence="46">j</charParams>
<charParams l="956" t="151" r="972" b="174" charConfidence="38">a</charParams></formatting></line>
<line baseline="231" l="195" t="198" r="972" b="242"><formatting lang="OldGerman">
<charParams l="195" t="208" r="210" b="231" charConfidence="50">r</charParams>
<charParams l="211" t="208" r="227" b="230" charConfidence="39">o</charParams>
<charParams l="230" t="207" r="257" b="230" charConfidence="87">m</charParams>
<charParams l="261" t="209" r="276" b="231" charConfidence="25">a</charParams>
<charParams l="280" t="209" r="296" b="231" charConfidence="62">n</charParams>
<charParams l="300" t="210" r="312" b="232" charConfidence="38">e</charParams>
<charParams l="315" t="210" r="331" b="232" charConfidence="25">n</charParams>
<charParams l="336" t="201" r="353" b="242" charConfidence="28">h</charParams>
<charParams l="355" t="210" r="371" b="232" charConfidence="100">a</charParams>
<charParams l="375" t="201" r="398" b="237" suspicious="1" charConfidence="41">s</charParams>
<charParams l="375" t="201" r="398" b="237" suspicious="1" charConfidence="41">t</charParams>
<charParams l="400" t="209" r="413" b="231" charConfidence="27">e</charParams>
<charParams l="414" t="198" r="459" b="231"> </charParams>
<charParams l="460" t="198" r="486" b="231" charConfidence="47">T</charParams>
<charParams l="490" t="206" r="501" b="228" charConfidence="23">r</charParams>
<charParams l="504" t="205" r="516" b="228" charConfidence="26">e</charParams>
<charParams l="519" t="206" r="536" b="227" charConfidence="33">u</charParams>
<charParams l="539" t="205" r="552" b="227" charConfidence="31">e</charParams>
<charParams l="553" t="200" r="590" b="227"> </charParams>
<charParams l="591" t="200" r="607" b="227" charConfidence="30">d</charParams>
<charParams l="610" t="206" r="625" b="228" charConfidence="55">o</charParams>
<charParams l="628" t="202" r="655" b="235" charConfidence="36">c</charParams>
<charParams l="628" t="202" r="655" b="235" charConfidence="36">h</charParams>
<charParams l="656" t="202" r="693" b="241"> </charParams>
<charParams l="694" t="209" r="706" b="241" charConfidence="25">z</charParams>
<charParams l="710" t="212" r="726" b="233" charConfidence="26">u</charParams>
<charParams l="731" t="205" r="737" b="233" charConfidence="100">l</charParams>
<charParams l="741" t="212" r="753" b="233" charConfidence="100">e</charParams>
<charParams l="756" t="207" r="774" b="240" charConfidence="22">t</charParams>
<charParams l="756" t="207" r="774" b="240" charConfidence="22">z</charParams>
<charParams l="777" t="209" r="787" b="233" charConfidence="36">t</charParams>
<charParams l="788" t="209" r="826" b="234"> </charParams>
<charParams l="827" t="212" r="840" b="234" charConfidence="27">e</charParams>
<charParams l="843" t="212" r="855" b="235" charConfidence="28">r</charParams>
<charParams l="858" t="212" r="882" b="235" charConfidence="27">w</charParams>
<charParams l="887" t="213" r="901" b="235" charConfidence="48">o</charParams>
<charParams l="905" t="213" r="917" b="235" charConfidence="24">r</charParams>
<charParams l="921" t="204" r="935" b="234" charConfidence="100">b</charParams>
<charParams l="940" t="212" r="951" b="234" charConfidence="26">e</charParams>
<charParams l="954" t="212" r="972" b="235" charConfidence="32">n</charParams></formatting></line>
<line baseline="291" l="194" t="256" r="972" b="302"><formatting lang="OldGerman">
<charParams l="194" t="259" r="211" b="300" suspicious="1" charConfidence="51">h</charParams>
<charParams l="216" t="269" r="231" b="291" charConfidence="54">a</charParams>
<charParams l="235" t="265" r="244" b="292" charConfidence="34">t</charParams>
<charParams l="248" t="266" r="258" b="292" charConfidence="56">t</charParams>
<charParams l="260" t="270" r="273" b="292" charConfidence="54">e</charParams>
<charParams l="283" t="271" r="292" b="299" suspicious="1" charConfidence="32">;</charParams>
<charParams l="293" t="269" r="330" b="299"> </charParams>
<charParams l="331" t="269" r="348" b="293" charConfidence="25">u</charParams>
<charParams l="352" t="269" r="368" b="291" charConfidence="50">n</charParams>
<charParams l="373" t="263" r="388" b="291" charConfidence="26">d</charParams>
<charParams l="389" t="263" r="412" b="291"> </charParams>
<charParams l="413" t="267" r="430" b="291" charConfidence="50">n</charParams>
<charParams l="434" t="266" r="450" b="289" charConfidence="41">u</charParams>
<charParams l="454" t="265" r="471" b="288" charConfidence="27">n</charParams>
<charParams l="472" t="257" r="494" b="294"> </charParams>
<charParams l="495" t="257" r="509" b="294" charConfidence="31">f</charParams>
<charParams l="509" t="256" r="525" b="287" charConfidence="12">ü</charParams>
<charParams l="530" t="256" r="546" b="295" charConfidence="99">h</charParams>
<charParams l="550" t="257" r="558" b="287" charConfidence="67">l</charParams>
<charParams l="561" t="262" r="571" b="287" charConfidence="39">t</charParams>
<charParams l="574" t="265" r="587" b="288" charConfidence="28">e</charParams>
<charParams l="588" t="265" r="608" b="289"> </charParams>
<charParams l="609" t="266" r="622" b="289" charConfidence="25">e</charParams>
<charParams l="625" t="265" r="638" b="288" charConfidence="31">r</charParams>
<charParams l="639" t="260" r="662" b="297"> </charParams>
<charParams l="663" t="260" r="681" b="297" charConfidence="52">s</charParams>
<charParams l="663" t="260" r="681" b="297" charConfidence="52">i</charParams>
<charParams l="683" t="262" r="710" b="298" charConfidence="62">c</charParams>
<charParams l="683" t="262" r="710" b="298" charConfidence="62">h</charParams>
<charParams l="711" t="262" r="733" b="302"> </charParams>
<charParams l="734" t="270" r="746" b="302" charConfidence="24">z</charParams>
<charParams l="750" t="271" r="766" b="294" suspicious="1" charConfidence="29">u</charParams>
<charParams l="770" t="271" r="787" b="294" suspicious="1" charConfidence="49">n</charParams>
<charParams l="788" t="271" r="798" b="293" charConfidence="78">,</charParams>
<charParams l="799" t="271" r="822" b="294"> </charParams>
<charParams l="823" t="272" r="835" b="294" charConfidence="34">e</charParams>
<charParams l="839" t="272" r="851" b="294" charConfidence="27">r</charParams>
<charParams l="855" t="265" r="874" b="301" charConfidence="29">s</charParams>
<charParams l="855" t="265" r="874" b="301" charConfidence="29">t</charParams>
<charParams l="877" t="273" r="889" b="295" charConfidence="24">e</charParams>
<charParams l="892" t="272" r="910" b="295" charConfidence="25">n</charParams>
<charParams l="913" t="272" r="939" b="295" charConfidence="41">m</charParams>
<charParams l="943" t="272" r="958" b="294" charConfidence="55">a</charParams>
<charParams l="961" t="265" r="972" b="295" charConfidence="50">l</charParams></formatting></line>
<line baseline="352" l="191" t="318" r="972" b="360"><formatting lang="OldGerman">
<charParams l="191" t="326" r="217" b="351" charConfidence="15">w</charParams>
<charParams l="222" t="321" r="229" b="350" charConfidence="100">i</charParams>
<charParams l="234" t="323" r="248" b="350" charConfidence="55">d</charParams>
<charParams l="252" t="329" r="264" b="351" charConfidence="31">e</charParams>
<charParams l="268" t="329" r="280" b="351" charConfidence="28">r</charParams>
<charParams l="283" t="321" r="296" b="358" charConfidence="44">s</charParams>
<charParams l="294" t="330" r="309" b="357" charConfidence="58">p</charParams>
<charParams l="313" t="329" r="326" b="351" charConfidence="100">r</charParams>
<charParams l="328" t="329" r="343" b="350" charConfidence="40">o</charParams>
<charParams l="346" t="319" r="372" b="355" charConfidence="74">c</charParams>
<charParams l="346" t="319" r="372" b="355" charConfidence="74">h</charParams>
<charParams l="376" t="328" r="388" b="348" charConfidence="25">e</charParams>
<charParams l="391" t="326" r="408" b="348" charConfidence="32">n</charParams>
<charParams l="416" t="339" r="425" b="354" charConfidence="84">,</charParams>
<charParams l="426" t="324" r="456" b="356"> </charParams>
<charParams l="457" t="324" r="469" b="356" charConfidence="54">z</charParams>
<charParams l="472" t="325" r="489" b="346" charConfidence="83">u</charParams>
<charParams l="493" t="324" r="519" b="351" charConfidence="24">m</charParams>
<charParams l="520" t="324" r="544" b="351"> </charParams>
<charParams l="545" t="325" r="557" b="347" charConfidence="58">e</charParams>
<charParams l="560" t="325" r="573" b="348" charConfidence="39">r</charParams>
<charParams l="576" t="318" r="593" b="355" charConfidence="52">s</charParams>
<charParams l="576" t="318" r="593" b="355" charConfidence="52">t</charParams>
<charParams l="598" t="326" r="610" b="348" charConfidence="100">e</charParams>
<charParams l="613" t="326" r="629" b="348" charConfidence="55">n</charParams>
<charParams l="633" t="325" r="660" b="350" charConfidence="37">m</charParams>
<charParams l="664" t="329" r="679" b="351" charConfidence="31">a</charParams>
<charParams l="683" t="321" r="692" b="352" charConfidence="48">l</charParams>
<charParams l="693" t="321" r="713" b="359"> </charParams>
<charParams l="714" t="330" r="731" b="359" charConfidence="27">g</charParams>
<charParams l="735" t="331" r="746" b="353" charConfidence="38">e</charParams>
<charParams l="751" t="323" r="766" b="360" charConfidence="90">h</charParams>
<charParams l="770" t="324" r="778" b="353" charConfidence="33">i</charParams>
<charParams l="781" t="332" r="798" b="354" charConfidence="31">n</charParams>
<charParams l="802" t="326" r="817" b="354" charConfidence="29">d</charParams>
<charParams l="821" t="332" r="833" b="354" charConfidence="33">e</charParams>
<charParams l="836" t="332" r="848" b="355" charConfidence="54">r</charParams>
<charParams l="852" t="329" r="862" b="354" charConfidence="69">t</charParams>
<charParams l="871" t="347" r="879" b="359" charConfidence="55">,</charParams>
<charParams l="880" t="333" r="904" b="359"> </charParams>
<charParams l="905" t="333" r="917" b="355" charConfidence="100">e</charParams>
<charParams l="921" t="324" r="935" b="355" charConfidence="100">b</charParams>
<charParams l="940" t="333" r="951" b="355" charConfidence="100">e</charParams>
<charParams l="955" t="332" r="972" b="355" charConfidence="25">n</charParams></formatting></line>
<line baseline="410" l="188" t="374" r="970" b="423"><formatting lang="OldGerman">
<charParams l="188" t="382" r="208" b="410" charConfidence="98">d</charParams>
<charParams l="211" t="389" r="226" b="410" charConfidence="24">a</charParams>
<charParams l="227" t="388" r="250" b="410"> </charParams>
<charParams l="251" t="388" r="263" b="410" charConfidence="30">e</charParams>
<charParams l="267" t="387" r="280" b="409" charConfidence="48">r</charParams>
<charParams l="281" t="380" r="302" b="416"> </charParams>
<charParams l="303" t="380" r="316" b="416" suspicious="1" charConfidence="66">s</charParams>
<charParams l="314" t="388" r="326" b="408" charConfidence="25">e</charParams>
<charParams l="330" t="380" r="337" b="408" charConfidence="100">i</charParams>
<charParams l="341" t="387" r="357" b="408" charConfidence="74">n</charParams>
<charParams l="361" t="386" r="373" b="408" charConfidence="29">e</charParams>
<charParams l="376" t="385" r="394" b="407" suspicious="1" charConfidence="-1">»</charParams>
<charParams l="395" t="374" r="407" b="412"> </charParams>
<charParams l="408" t="374" r="438" b="412" charConfidence="26">J</charParams>
<charParams l="442" t="385" r="457" b="406" charConfidence="73">u</charParams>
<charParams l="460" t="385" r="476" b="413" charConfidence="26">g</charParams>
<charParams l="480" t="385" r="492" b="407" charConfidence="43">e</charParams>
<charParams l="496" t="385" r="511" b="406" charConfidence="24">n</charParams>
<charParams l="517" t="379" r="531" b="406" charConfidence="27">d</charParams>
<charParams l="534" t="376" r="549" b="412" charConfidence="56">f</charParams>
<charParams l="548" t="386" r="560" b="407" charConfidence="24">r</charParams>
<charParams l="563" t="386" r="575" b="408" charConfidence="100">e</charParams>
<charParams l="578" t="386" r="595" b="408" charConfidence="53">u</charParams>
<charParams l="598" t="386" r="615" b="407" charConfidence="77">n</charParams>
<charParams l="619" t="380" r="634" b="408" charConfidence="26">d</charParams>
<charParams l="635" t="380" r="652" b="409"> </charParams>
<charParams l="653" t="388" r="669" b="409" charConfidence="27">a</charParams>
<charParams l="673" t="388" r="690" b="410" charConfidence="52">n</charParams>
<charParams l="691" t="382" r="707" b="419"> </charParams>
<charParams l="708" t="382" r="727" b="419" charConfidence="83">s</charParams>
<charParams l="708" t="382" r="727" b="419" charConfidence="83">i</charParams>
<charParams l="729" t="383" r="755" b="419" charConfidence="96">c</charParams>
<charParams l="729" t="383" r="755" b="419" charConfidence="96">h</charParams>
<charParams l="756" t="382" r="772" b="419"> </charParams>
<charParams l="773" t="382" r="790" b="419" charConfidence="74">h</charParams>
<charParams l="794" t="392" r="806" b="412" charConfidence="27">e</charParams>
<charParams l="809" t="391" r="822" b="413" charConfidence="28">r</charParams>
<charParams l="825" t="392" r="840" b="413" charConfidence="31">a</charParams>
<charParams l="844" t="392" r="860" b="414" charConfidence="69">n</charParams>
<charParams l="864" t="392" r="875" b="423" charConfidence="25">z</charParams>
<charParams l="880" t="385" r="887" b="413" charConfidence="40">i</charParams>
<charParams l="891" t="393" r="902" b="414" charConfidence="100">e</charParams>
<charParams l="905" t="384" r="922" b="423" charConfidence="66">h</charParams>
<charParams l="926" t="393" r="938" b="414" charConfidence="33">e</charParams>
<charParams l="941" t="392" r="958" b="414" charConfidence="42">n</charParams>
<charParams l="960" t="406" r="970" b="420" charConfidence="90">,</charParams></formatting></line>
<line baseline="469" l="190" t="435" r="970" b="477"><formatting lang="OldGerman">
<charParams l="190" t="440" r="206" b="468" charConfidence="100">d</charParams>
<charParams l="209" t="446" r="226" b="468" charConfidence="50">a</charParams>
<charParams l="226" t="452" r="232" b="469" charConfidence="25">,</charParams>
<charParams l="233" t="445" r="257" b="469"> </charParams>
<charParams l="258" t="445" r="272" b="468" charConfidence="40">e</charParams>
<charParams l="272" t="445" r="289" b="469" suspicious="1" charConfidence="24">r</charParams>
<charParams l="304" t="448" r="313" b="470" charConfidence="65">,</charParams>
<charParams l="317" t="436" r="335" b="472" suspicious="1" charConfidence="22">f</charParams>
<charParams l="334" t="444" r="346" b="467" charConfidence="26">e</charParams>
<charParams l="348" t="436" r="357" b="467" charConfidence="26">i</charParams>
<charParams l="360" t="443" r="377" b="468" suspicious="1" charConfidence="-1">»</charParams>
<charParams l="378" t="443" r="399" b="473"> </charParams>
<charParams l="400" t="444" r="417" b="473" charConfidence="28">g</charParams>
<charParams l="420" t="444" r="436" b="466" charConfidence="46">a</charParams>
<charParams l="439" t="443" r="456" b="465" charConfidence="38">n</charParams>
<charParams l="460" t="442" r="471" b="475" charConfidence="100">z</charParams>
<charParams l="475" t="443" r="488" b="466" charConfidence="41">e</charParams>
<charParams l="490" t="439" r="506" b="466" charConfidence="100">s</charParams>
<charParams l="507" t="435" r="529" b="467"> </charParams>
<charParams l="530" t="435" r="564" b="467" charConfidence="82">D</charParams>
<charParams l="568" t="445" r="583" b="466" charConfidence="38">a</charParams>
<charParams l="588" t="437" r="601" b="474" charConfidence="25">s</charParams>
<charParams l="599" t="445" r="611" b="467" charConfidence="25">e</charParams>
<charParams l="613" t="445" r="628" b="475" charConfidence="15">y</charParams>
<charParams l="632" t="446" r="650" b="467" charConfidence="53">n</charParams>
<charParams l="651" t="446" r="672" b="477"> </charParams>
<charParams l="673" t="448" r="690" b="477" charConfidence="30">g</charParams>
<charParams l="694" t="440" r="702" b="470" charConfidence="33">l</charParams>
<charParams l="704" t="448" r="717" b="470" charConfidence="26">e</charParams>
<charParams l="720" t="441" r="728" b="470" charConfidence="100">i</charParams>
<charParams l="731" t="440" r="757" b="475" charConfidence="74">c</charParams>
<charParams l="731" t="440" r="757" b="475" charConfidence="74">h</charParams>
<charParams l="762" t="441" r="774" b="476" charConfidence="31">s</charParams>
<charParams l="772" t="449" r="788" b="471" charConfidence="93">a</charParams>
<charParams l="791" t="448" r="819" b="471" charConfidence="44">m</charParams>
<charParams l="820" t="448" r="843" b="471"> </charParams>
<charParams l="844" t="450" r="860" b="470" charConfidence="35">a</charParams>
<charParams l="864" t="442" r="880" b="471" charConfidence="32">b</charParams>
<charParams l="883" t="442" r="896" b="477" charConfidence="100">s</charParams>
<charParams l="894" t="444" r="920" b="475" charConfidence="26">c</charParams>
<charParams l="894" t="444" r="920" b="475" charConfidence="26">h</charParams>
<charParams l="925" t="444" r="932" b="472" charConfidence="85">l</charParams>
<charParams l="936" t="444" r="944" b="472" charConfidence="35">i</charParams>
<charParams l="947" t="451" r="958" b="473" charConfidence="33">e</charParams>
<charParams l="961" t="453" r="970" b="468" charConfidence="100">¬</charParams></formatting></line>
<line baseline="528" l="189" t="494" r="968" b="537"><formatting lang="OldGerman">
<charParams l="189" t="496" r="206" b="533" charConfidence="28">ß</charParams>
<charParams l="209" t="504" r="221" b="527" charConfidence="26">e</charParams>
<charParams l="224" t="504" r="241" b="527" charConfidence="32">n</charParams>
<charParams l="242" t="502" r="263" b="527"> </charParams>
<charParams l="264" t="502" r="290" b="527" charConfidence="25">w</charParams>
<charParams l="295" t="505" r="308" b="526" charConfidence="28">o</charParams>
<charParams l="313" t="496" r="322" b="527" charConfidence="68">l</charParams>
<charParams l="322" t="496" r="329" b="527" charConfidence="48">l</charParams>
<charParams l="333" t="501" r="342" b="527" charConfidence="42">t</charParams>
<charParams l="346" t="504" r="358" b="527" charConfidence="48">e</charParams>
<charParams l="360" t="519" r="368" b="527" charConfidence="77">.</charParams>
<charParams l="369" t="494" r="414" b="528"> </charParams>
<charParams l="415" t="494" r="440" b="528" charConfidence="26">E</charParams>
<charParams l="444" t="504" r="456" b="527" charConfidence="39">r</charParams>
<charParams l="457" t="503" r="479" b="527"> </charParams>
<charParams l="480" t="503" r="505" b="527" charConfidence="26">w</charParams>
<charParams l="510" t="505" r="524" b="527" charConfidence="26">a</charParams>
<charParams l="528" t="504" r="541" b="527" charConfidence="29">r</charParams>
<charParams l="542" t="504" r="558" b="528"> </charParams>
<charParams l="559" t="505" r="575" b="528" charConfidence="100">v</charParams>
<charParams l="580" t="505" r="592" b="527" charConfidence="41">e</charParams>
<charParams l="595" t="505" r="608" b="527" charConfidence="36">r</charParams>
<charParams l="611" t="499" r="626" b="528" charConfidence="58">d</charParams>
<charParams l="630" t="506" r="642" b="529" charConfidence="100">r</charParams>
<charParams l="646" t="499" r="652" b="528" charConfidence="-1">i</charParams>
<charParams l="657" t="505" r="668" b="528" charConfidence="27">e</charParams>
<charParams l="672" t="498" r="687" b="534" charConfidence="24">ß</charParams>
<charParams l="692" t="499" r="699" b="529" charConfidence="65">l</charParams>
<charParams l="703" t="499" r="710" b="528" charConfidence="41">i</charParams>
<charParams l="714" t="499" r="740" b="535" charConfidence="58">c</charParams>
<charParams l="714" t="499" r="740" b="535" charConfidence="58">h</charParams>
<charParams l="749" t="520" r="758" b="534" charConfidence="83">,</charParams>
<charParams l="759" t="508" r="782" b="534"> </charParams>
<charParams l="783" t="508" r="800" b="529" charConfidence="25">u</charParams>
<charParams l="804" t="508" r="820" b="529" charConfidence="37">n</charParams>
<charParams l="824" t="505" r="840" b="537" charConfidence="30">g</charParams>
<charParams l="844" t="508" r="856" b="529" charConfidence="47">e</charParams>
<charParams l="859" t="502" r="874" b="530" charConfidence="26">d</charParams>
<charParams l="879" t="509" r="895" b="530" charConfidence="36">u</charParams>
<charParams l="900" t="502" r="907" b="530" charConfidence="37">l</charParams>
<charParams l="910" t="503" r="925" b="530" charConfidence="32">d</charParams>
<charParams l="930" t="502" r="936" b="530" charConfidence="-1">i</charParams>
<charParams l="939" t="509" r="955" b="537" charConfidence="54">g</charParams>
<charParams l="958" t="521" r="968" b="535" charConfidence="71">,</charParams></formatting></line>
<line baseline="591" l="188" t="557" r="967" b="600"><formatting lang="OldGerman">
<charParams l="188" t="568" r="206" b="591" charConfidence="28">n</charParams>
<charParams l="210" t="567" r="225" b="591" charConfidence="62">a</charParams>
<charParams l="229" t="558" r="245" b="600" charConfidence="95">h</charParams>
<charParams l="250" t="567" r="276" b="591" charConfidence="54">m</charParams>
<charParams l="277" t="567" r="308" b="591"> </charParams>
<charParams l="309" t="568" r="322" b="591" charConfidence="26">e</charParams>
<charParams l="326" t="559" r="333" b="590" charConfidence="94">i</charParams>
<charParams l="336" t="567" r="354" b="591" charConfidence="33">n</charParams>
<charParams l="358" t="559" r="364" b="590" charConfidence="49">i</charParams>
<charParams l="368" t="567" r="384" b="598" charConfidence="53">g</charParams>
<charParams l="388" t="567" r="400" b="590" charConfidence="100">e</charParams>
<charParams l="402" t="566" r="429" b="590" charConfidence="50">m</charParams>
<charParams l="433" t="568" r="448" b="590" charConfidence="100">a</charParams>
<charParams l="453" t="560" r="460" b="591" charConfidence="100">l</charParams>
<charParams l="461" t="560" r="492" b="591"> </charParams>
<charParams l="493" t="561" r="507" b="591" charConfidence="30">d</charParams>
<charParams l="512" t="560" r="519" b="591" charConfidence="-1">i</charParams>
<charParams l="523" t="568" r="535" b="591" charConfidence="100">e</charParams>
<charParams l="536" t="557" r="566" b="597"> </charParams>
<charParams l="567" t="557" r="591" b="597" charConfidence="40">F</charParams>
<charParams l="593" t="568" r="604" b="591" charConfidence="100">e</charParams>
<charParams l="608" t="562" r="622" b="591" charConfidence="30">d</charParams>
<charParams l="627" t="568" r="638" b="592" charConfidence="33">e</charParams>
<charParams l="642" t="568" r="655" b="592" charConfidence="54">r</charParams>
<charParams l="656" t="568" r="677" b="592"> </charParams>
<charParams l="678" t="569" r="694" b="591" charConfidence="31">u</charParams>
<charParams l="698" t="568" r="715" b="591" charConfidence="57">n</charParams>
<charParams l="720" t="561" r="735" b="591" charConfidence="37">d</charParams>
<charParams l="736" t="561" r="760" b="592"> </charParams>
<charParams l="761" t="561" r="768" b="592" charConfidence="100">l</charParams>
<charParams l="771" t="569" r="783" b="592" charConfidence="28">e</charParams>
<charParams l="785" t="569" r="801" b="599" charConfidence="83">g</charParams>
<charParams l="805" t="566" r="814" b="591" charConfidence="37">t</charParams>
<charParams l="818" t="568" r="831" b="591" charConfidence="26">e</charParams>
<charParams l="832" t="560" r="853" b="599"> </charParams>
<charParams l="854" t="560" r="872" b="599" charConfidence="83">s</charParams>
<charParams l="854" t="560" r="872" b="599" charConfidence="83">i</charParams>
<charParams l="875" t="569" r="887" b="591" charConfidence="100">e</charParams>
<charParams l="888" t="568" r="910" b="591"> </charParams>
<charParams l="911" t="568" r="928" b="590" charConfidence="67">n</charParams>
<charParams l="933" t="561" r="940" b="590" charConfidence="100">i</charParams>
<charParams l="944" t="569" r="955" b="591" charConfidence="24">e</charParams>
<charParams l="957" t="571" r="967" b="586" charConfidence="22">¬</charParams></formatting></line>
<line baseline="654" l="188" t="622" r="966" b="662"><formatting lang="OldGerman">
<charParams l="188" t="625" r="203" b="655" charConfidence="40">d</charParams>
<charParams l="208" t="631" r="220" b="655" charConfidence="31">e</charParams>
<charParams l="223" t="631" r="236" b="655" charConfidence="100">r</charParams>
<charParams l="244" t="645" r="254" b="660" charConfidence="72">,</charParams>
<charParams l="255" t="630" r="276" b="660"> </charParams>
<charParams l="277" t="630" r="303" b="654" charConfidence="66">w</charParams>
<charParams l="307" t="631" r="319" b="653" charConfidence="94">e</charParams>
<charParams l="322" t="623" r="330" b="654" charConfidence="70">i</charParams>
<charParams l="334" t="623" r="341" b="654" charConfidence="100">l</charParams>
<charParams l="342" t="623" r="359" b="654"> </charParams>
<charParams l="360" t="631" r="372" b="654" charConfidence="30">e</charParams>
<charParams l="376" t="630" r="389" b="654" charConfidence="50">r</charParams>
<charParams l="390" t="630" r="405" b="654"> </charParams>
<charParams l="406" t="630" r="423" b="653" charConfidence="100">n</charParams>
<charParams l="427" t="622" r="434" b="653" charConfidence="55">i</charParams>
<charParams l="438" t="622" r="464" b="661" charConfidence="68">c</charParams>
<charParams l="438" t="622" r="464" b="661" charConfidence="68">h</charParams>
<charParams l="468" t="627" r="478" b="654" charConfidence="100">t</charParams>
<charParams l="479" t="627" r="495" b="654"> </charParams>
<charParams l="496" t="631" r="508" b="654" charConfidence="30">e</charParams>
<charParams l="511" t="623" r="519" b="653" charConfidence="39">i</charParams>
<charParams l="522" t="630" r="538" b="654" charConfidence="27">n</charParams>
<charParams l="543" t="623" r="550" b="654" charConfidence="100">i</charParams>
<charParams l="551" t="631" r="568" b="662" charConfidence="54">g</charParams>
<charParams l="569" t="631" r="587" b="662"> </charParams>
<charParams l="588" t="631" r="615" b="654" charConfidence="88">m</charParams>
<charParams l="620" t="624" r="627" b="654" charConfidence="81">i</charParams>
<charParams l="631" t="628" r="641" b="655" charConfidence="63">t</charParams>
<charParams l="642" t="624" r="658" b="662"> </charParams>
<charParams l="659" t="624" r="676" b="662" charConfidence="100">s</charParams>
<charParams l="659" t="624" r="676" b="662" charConfidence="100">i</charParams>
<charParams l="679" t="624" r="705" b="662" charConfidence="45">c</charParams>
<charParams l="679" t="624" r="705" b="662" charConfidence="45">h</charParams>
<charParams l="706" t="624" r="725" b="662"> </charParams>
<charParams l="726" t="630" r="751" b="655" charConfidence="61">w</charParams>
<charParams l="756" t="632" r="767" b="655" charConfidence="27">e</charParams>
<charParams l="770" t="632" r="782" b="654" charConfidence="54">r</charParams>
<charParams l="786" t="626" r="801" b="654" charConfidence="29">d</charParams>
<charParams l="805" t="632" r="816" b="654" charConfidence="100">e</charParams>
<charParams l="819" t="632" r="837" b="654" charConfidence="43">n</charParams>
<charParams l="838" t="623" r="856" b="654"> </charParams>
<charParams l="857" t="623" r="869" b="654" charConfidence="33">k</charParams>
<charParams l="871" t="632" r="885" b="654" charConfidence="48">o</charParams>
<charParams l="890" t="632" r="905" b="653" charConfidence="23">u</charParams>
<charParams l="910" t="631" r="926" b="653" suspicious="1" charConfidence="25">u</charParams>
<charParams l="931" t="628" r="940" b="653" suspicious="1" charConfidence="27">l</charParams>
<charParams l="943" t="631" r="956" b="653" charConfidence="30">e</charParams>
<charParams l="956" t="644" r="966" b="659" charConfidence="100">,</charParams></formatting></line>
<line baseline="717" l="185" t="684" r="966" b="725"><formatting lang="OldGerman">
<charParams l="185" t="692" r="212" b="718" charConfidence="28">w</charParams>
<charParams l="216" t="694" r="231" b="717" charConfidence="42">a</charParams>
<charParams l="234" t="689" r="250" b="717" charConfidence="-1">s</charParams>
<charParams l="251" t="689" r="282" b="717"> </charParams>
<charParams l="283" t="694" r="295" b="716" charConfidence="34">e</charParams>
<charParams l="298" t="693" r="311" b="716" charConfidence="49">r</charParams>
<charParams l="312" t="685" r="340" b="722"> </charParams>
<charParams l="341" t="685" r="355" b="722" charConfidence="100">s</charParams>
<charParams l="353" t="686" r="379" b="723" charConfidence="100">c</charParams>
<charParams l="353" t="686" r="379" b="723" charConfidence="100">h</charParams>
<charParams l="382" t="693" r="395" b="716" charConfidence="96">r</charParams>
<charParams l="399" t="694" r="410" b="716" charConfidence="31">e</charParams>
<charParams l="414" t="686" r="422" b="716" charConfidence="54">i</charParams>
<charParams l="425" t="685" r="440" b="717" charConfidence="34">b</charParams>
<charParams l="444" t="694" r="456" b="717" charConfidence="26">e</charParams>
<charParams l="459" t="693" r="477" b="716" charConfidence="49">n</charParams>
<charParams l="478" t="685" r="500" b="722"> </charParams>
<charParams l="501" t="685" r="515" b="722" charConfidence="100">s</charParams>
<charParams l="514" t="694" r="528" b="717" charConfidence="33">o</charParams>
<charParams l="532" t="686" r="540" b="716" charConfidence="37">l</charParams>
<charParams l="540" t="687" r="548" b="717" charConfidence="27">l</charParams>
<charParams l="552" t="691" r="561" b="717" charConfidence="39">t</charParams>
<charParams l="565" t="695" r="577" b="717" charConfidence="77">e</charParams>
<charParams l="580" t="709" r="587" b="717" charConfidence="100">.</charParams>
<charParams l="588" t="684" r="633" b="718"> </charParams>
<charParams l="634" t="684" r="666" b="718" charConfidence="26">G</charParams>
<charParams l="671" t="695" r="683" b="717" charConfidence="49">e</charParams>
<charParams l="684" t="694" r="701" b="725" charConfidence="57">g</charParams>
<charParams l="704" t="695" r="716" b="717" charConfidence="28">e</charParams>
<charParams l="720" t="694" r="737" b="718" charConfidence="26">n</charParams>
<charParams l="738" t="689" r="761" b="718"> </charParams>
<charParams l="762" t="689" r="777" b="717" charConfidence="26">d</charParams>
<charParams l="782" t="687" r="789" b="717" charConfidence="100">i</charParams>
<charParams l="793" t="695" r="805" b="717" charConfidence="34">e</charParams>
<charParams l="806" t="684" r="828" b="718"> </charParams>
<charParams l="829" t="684" r="868" b="718" charConfidence="36">W</charParams>
<charParams l="872" t="686" r="888" b="716" charConfidence="22">ü</charParams>
<charParams l="892" t="694" r="909" b="716" charConfidence="53">n</charParams>
<charParams l="913" t="685" r="925" b="721" charConfidence="37">s</charParams>
<charParams l="924" t="685" r="949" b="721" charConfidence="26">c</charParams>
<charParams l="924" t="685" r="949" b="721" suspicious="1" charConfidence="26">h</charParams>
<charParams l="953" t="692" r="966" b="716" charConfidence="29">e</charParams></formatting></line>
<line baseline="778" l="185" t="745" r="965" b="790"><formatting lang="OldGerman">
<charParams l="185" t="748" r="199" b="785" charConfidence="52">s</charParams>
<charParams l="198" t="756" r="210" b="779" charConfidence="26">e</charParams>
<charParams l="213" t="748" r="221" b="779" charConfidence="90">i</charParams>
<charParams l="224" t="756" r="241" b="779" charConfidence="70">n</charParams>
<charParams l="245" t="756" r="257" b="779" charConfidence="100">e</charParams>
<charParams l="258" t="755" r="273" b="779" charConfidence="81">r</charParams>
<charParams l="274" t="745" r="295" b="784"> </charParams>
<charParams l="296" t="745" r="320" b="784" charConfidence="34">F</charParams>
<charParams l="322" t="755" r="335" b="779" charConfidence="31">r</charParams>
<charParams l="337" t="755" r="352" b="777" charConfidence="31">a</charParams>
<charParams l="356" t="755" r="374" b="778" charConfidence="100">n</charParams>
<charParams l="375" t="753" r="395" b="778"> </charParams>
<charParams l="396" t="753" r="423" b="778" charConfidence="48">w</charParams>
<charParams l="427" t="756" r="441" b="779" charConfidence="35">o</charParams>
<charParams l="445" t="747" r="463" b="778" charConfidence="-1">l</charParams>
<charParams l="445" t="747" r="463" b="778" charConfidence="-1">l</charParams>
<charParams l="465" t="751" r="475" b="778" charConfidence="62">t</charParams>
<charParams l="478" t="755" r="490" b="778" suspicious="1" charConfidence="57">e</charParams>
<charParams l="491" t="755" r="513" b="778"> </charParams>
<charParams l="514" t="755" r="526" b="778" charConfidence="27">e</charParams>
<charParams l="529" t="755" r="542" b="778" charConfidence="100">r</charParams>
<charParams l="543" t="755" r="565" b="778"> </charParams>
<charParams l="566" t="755" r="583" b="778" charConfidence="100">n</charParams>
<charParams l="588" t="748" r="595" b="778" charConfidence="100">i</charParams>
<charParams l="598" t="746" r="624" b="784" charConfidence="100">c</charParams>
<charParams l="598" t="746" r="624" b="784" charConfidence="100">h</charParams>
<charParams l="628" t="752" r="638" b="777" charConfidence="100">t</charParams>
<charParams l="648" t="769" r="657" b="785" charConfidence="100">,</charParams>
<charParams l="658" t="756" r="681" b="785"> </charParams>
<charParams l="682" t="756" r="699" b="778" charConfidence="54">n</charParams>
<charParams l="702" t="756" r="718" b="778" charConfidence="34">a</charParams>
<charParams l="722" t="748" r="749" b="784" charConfidence="100">c</charParams>
<charParams l="722" t="748" r="749" b="784" charConfidence="100">h</charParams>
<charParams l="750" t="748" r="779" b="784"> </charParams>
<charParams l="780" t="749" r="789" b="778" charConfidence="28">i</charParams>
<charParams l="793" t="748" r="808" b="790" charConfidence="41">h</charParams>
<charParams l="813" t="755" r="826" b="778" charConfidence="64">r</charParams>
<charParams l="828" t="756" r="840" b="779" charConfidence="37">e</charParams>
<charParams l="844" t="755" r="871" b="778" charConfidence="88">m</charParams>
<charParams l="872" t="746" r="893" b="778"> </charParams>
<charParams l="894" t="746" r="923" b="778" charConfidence="42">V</charParams>
<charParams l="927" t="755" r="939" b="776" charConfidence="64">e</charParams>
<charParams l="942" t="754" r="954" b="777" charConfidence="51">r</charParams>
<charParams l="956" t="756" r="965" b="772" charConfidence="100">¬</charParams></formatting></line>
<line baseline="839" l="185" t="807" r="964" b="847"><formatting lang="OldGerman">
<charParams l="185" t="808" r="194" b="838" charConfidence="81">l</charParams>
<charParams l="197" t="816" r="211" b="837" charConfidence="24">a</charParams>
<charParams l="215" t="815" r="232" b="837" charConfidence="29">n</charParams>
<charParams l="234" t="816" r="251" b="845" charConfidence="49">g</charParams>
<charParams l="255" t="815" r="267" b="838" charConfidence="29">e</charParams>
<charParams l="270" t="815" r="287" b="838" charConfidence="38">n</charParams>
<charParams l="288" t="807" r="309" b="838"> </charParams>
<charParams l="310" t="807" r="324" b="838" charConfidence="27">k</charParams>
<charParams l="326" t="816" r="341" b="838" charConfidence="37">o</charParams>
<charParams l="345" t="816" r="361" b="838" charConfidence="100">n</charParams>
<charParams l="365" t="816" r="382" b="838" charConfidence="93">n</charParams>
<charParams l="386" t="812" r="397" b="839" charConfidence="52">t</charParams>
<charParams l="399" t="816" r="412" b="839" charConfidence="33">e</charParams>
<charParams l="413" t="816" r="434" b="839"> </charParams>
<charParams l="435" t="816" r="447" b="838" charConfidence="39">e</charParams>
<charParams l="450" t="816" r="463" b="838" charConfidence="29">r</charParams>
<charParams l="464" t="815" r="484" b="839"> </charParams>
<charParams l="485" t="815" r="503" b="839" charConfidence="31">n</charParams>
<charParams l="508" t="809" r="516" b="840" charConfidence="41">i</charParams>
<charParams l="519" t="817" r="529" b="838" charConfidence="52">c</charParams>
<charParams l="530" t="808" r="544" b="845" charConfidence="61">h</charParams>
<charParams l="549" t="813" r="559" b="839" charConfidence="39">t</charParams>
<charParams l="568" t="817" r="577" b="845" charConfidence="34">;</charParams>
<charParams l="578" t="816" r="622" b="845"> </charParams>
<charParams l="623" t="816" r="640" b="839" charConfidence="75">u</charParams>
<charParams l="645" t="816" r="661" b="839" charConfidence="25">n</charParams>
<charParams l="665" t="816" r="678" b="839" charConfidence="35">r</charParams>
<charParams l="681" t="817" r="697" b="840" charConfidence="33">u</charParams>
<charParams l="702" t="808" r="718" b="845" charConfidence="44">h</charParams>
<charParams l="722" t="810" r="730" b="838" charConfidence="52">i</charParams>
<charParams l="732" t="817" r="749" b="847" charConfidence="56">g</charParams>
<charParams l="750" t="817" r="773" b="847"> </charParams>
<charParams l="774" t="817" r="799" b="839" charConfidence="57">w</charParams>
<charParams l="804" t="810" r="811" b="838" charConfidence="32">i</charParams>
<charParams l="814" t="817" r="827" b="839" charConfidence="32">e</charParams>
<charParams l="828" t="817" r="849" b="839"> </charParams>
<charParams l="850" t="818" r="862" b="839" charConfidence="26">e</charParams>
<charParams l="866" t="817" r="879" b="839" charConfidence="85">r</charParams>
<charParams l="880" t="816" r="902" b="839"> </charParams>
<charParams l="903" t="816" r="928" b="838" charConfidence="54">w</charParams>
<charParams l="932" t="817" r="946" b="841" suspicious="1" charConfidence="25">o</charParams>
<charParams l="951" t="815" r="964" b="838" charConfidence="59">r</charParams></formatting></line>
<line baseline="897" l="183" t="865" r="963" b="905"><formatting lang="OldGerman">
<charParams l="183" t="866" r="198" b="902" charConfidence="72">s</charParams>
<charParams l="197" t="874" r="211" b="895" charConfidence="70">o</charParams>
<charParams l="215" t="865" r="231" b="895" charConfidence="100">l</charParams>
<charParams l="215" t="865" r="231" b="895" charConfidence="100">l</charParams>
<charParams l="233" t="870" r="244" b="894" charConfidence="46">t</charParams>
<charParams l="247" t="873" r="259" b="894" charConfidence="35">e</charParams>
<charParams l="267" t="887" r="272" b="893" suspicious="1" charConfidence="100">,</charParams>
<charParams l="273" t="873" r="290" b="895"> </charParams>
<charParams l="291" t="873" r="304" b="895" charConfidence="28">e</charParams>
<charParams l="306" t="873" r="321" b="895" suspicious="1" charConfidence="27">r</charParams>
<charParams l="322" t="873" r="350" b="896"> </charParams>
<charParams l="351" t="875" r="367" b="896" charConfidence="-1">»</charParams>
<charParams l="367" t="867" r="376" b="896" charConfidence="32">i</charParams>
<charParams l="379" t="874" r="395" b="895" charConfidence="73">n</charParams>
<charParams l="399" t="874" r="411" b="895" charConfidence="42">e</charParams>
<charParams l="414" t="874" r="432" b="896" charConfidence="28">n</charParams>
<charParams l="433" t="874" r="462" b="897"> </charParams>
<charParams l="463" t="875" r="477" b="897" charConfidence="31">r</charParams>
<charParams l="479" t="876" r="495" b="898" charConfidence="26">u</charParams>
<charParams l="499" t="866" r="516" b="905" charConfidence="100">h</charParams>
<charParams l="520" t="868" r="529" b="896" charConfidence="31">i</charParams>
<charParams l="530" t="876" r="547" b="905" charConfidence="50">g</charParams>
<charParams l="550" t="876" r="562" b="897" charConfidence="38">e</charParams>
<charParams l="565" t="876" r="583" b="899" charConfidence="27">n</charParams>
<charParams l="584" t="867" r="614" b="899"> </charParams>
<charParams l="615" t="867" r="647" b="899" charConfidence="25">B</charParams>
<charParams l="651" t="876" r="664" b="898" charConfidence="30">r</charParams>
<charParams l="668" t="870" r="675" b="898" charConfidence="31">i</charParams>
<charParams l="678" t="877" r="690" b="899" charConfidence="28">e</charParams>
<charParams l="693" t="868" r="706" b="904" charConfidence="34">f</charParams>
<charParams l="707" t="868" r="730" b="905"> </charParams>
<charParams l="731" t="869" r="747" b="905" charConfidence="71">s</charParams>
<charParams l="744" t="869" r="771" b="904" charConfidence="68">c</charParams>
<charParams l="744" t="869" r="771" b="904" charConfidence="68">h</charParams>
<charParams l="774" t="876" r="787" b="898" charConfidence="61">r</charParams>
<charParams l="790" t="877" r="802" b="899" charConfidence="28">e</charParams>
<charParams l="805" t="870" r="813" b="899" charConfidence="27">i</charParams>
<charParams l="816" t="868" r="832" b="899" charConfidence="27">b</charParams>
<charParams l="835" t="876" r="848" b="898" charConfidence="30">e</charParams>
<charParams l="850" t="876" r="867" b="898" suspicious="1" charConfidence="73">n</charParams>
<charParams l="877" t="888" r="887" b="904" charConfidence="84">,</charParams>
<charParams l="888" t="875" r="931" b="904"> </charParams>
<charParams l="932" t="875" r="945" b="897" charConfidence="33">e</charParams>
<charParams l="945" t="870" r="963" b="896" suspicious="1" charConfidence="31">s</charParams></formatting></line>
<line baseline="955" l="184" t="922" r="963" b="963"><formatting lang="OldGerman">
<charParams l="184" t="929" r="211" b="957" suspicious="1" charConfidence="24">w</charParams>
<charParams l="214" t="925" r="230" b="956" charConfidence="56">ä</charParams>
<charParams l="234" t="933" r="246" b="956" charConfidence="23">r</charParams>
<charParams l="249" t="933" r="261" b="956" charConfidence="34">e</charParams>
<charParams l="262" t="924" r="283" b="956"> </charParams>
<charParams l="284" t="924" r="293" b="955" charConfidence="25">i</charParams>
<charParams l="297" t="922" r="314" b="962" charConfidence="90">h</charParams>
<charParams l="316" t="930" r="345" b="954" charConfidence="100">m</charParams>
<charParams l="346" t="930" r="368" b="960"> </charParams>
<charParams l="369" t="930" r="385" b="960" charConfidence="37">g</charParams>
<charParams l="389" t="931" r="404" b="952" charConfidence="62">a</charParams>
<charParams l="407" t="930" r="425" b="953" charConfidence="35">n</charParams>
<charParams l="428" t="929" r="441" b="963" charConfidence="28">z</charParams>
<charParams l="442" t="929" r="463" b="963"> </charParams>
<charParams l="464" t="931" r="481" b="953" charConfidence="36">u</charParams>
<charParams l="486" t="931" r="502" b="954" charConfidence="55">n</charParams>
<charParams l="506" t="931" r="532" b="953" charConfidence="56">m</charParams>
<charParams l="537" t="924" r="552" b="953" charConfidence="24">ö</charParams>
<charParams l="554" t="932" r="570" b="961" charConfidence="52">g</charParams>
<charParams l="574" t="925" r="582" b="954" charConfidence="38">l</charParams>
<charParams l="585" t="925" r="593" b="954" charConfidence="29">i</charParams>
<charParams l="595" t="925" r="622" b="960" charConfidence="68">c</charParams>
<charParams l="595" t="925" r="622" b="960" charConfidence="68">h</charParams>
<charParams l="623" t="925" r="640" b="962"> </charParams>
<charParams l="641" t="933" r="658" b="962" charConfidence="48">g</charParams>
<charParams l="662" t="932" r="674" b="954" charConfidence="28">e</charParams>
<charParams l="677" t="931" r="702" b="955" charConfidence="31">w</charParams>
<charParams l="705" t="933" r="718" b="955" charConfidence="26">e</charParams>
<charParams l="721" t="925" r="735" b="960" charConfidence="26">s</charParams>
<charParams l="732" t="934" r="744" b="955" charConfidence="30">e</charParams>
<charParams l="747" t="933" r="764" b="955" charConfidence="28">n</charParams>
<charParams l="766" t="946" r="775" b="955" charConfidence="100">.</charParams>
<charParams l="776" t="925" r="821" b="956"> </charParams>
<charParams l="822" t="925" r="856" b="956" charConfidence="100">D</charParams>
<charParams l="861" t="935" r="875" b="955" charConfidence="24">a</charParams>
<charParams l="880" t="929" r="895" b="956" charConfidence="100">s</charParams>
<charParams l="896" t="929" r="913" b="956"> </charParams>
<charParams l="914" t="935" r="931" b="956" charConfidence="100">n</charParams>
<charParams l="935" t="934" r="950" b="957" charConfidence="100">a</charParams>
<charParams l="954" t="938" r="963" b="952" charConfidence="100">¬</charParams></formatting></line>
<line baseline="1016" l="183" t="981" r="963" b="1025"><formatting lang="OldGerman">
<charParams l="183" t="992" r="193" b="1018" charConfidence="100">t</charParams>
<charParams l="197" t="986" r="214" b="1018" charConfidence="30">ü</charParams>
<charParams l="217" t="995" r="231" b="1019" charConfidence="25">r</charParams>
<charParams l="234" t="990" r="241" b="1018" charConfidence="28">l</charParams>
<charParams l="245" t="988" r="252" b="1018" charConfidence="75">i</charParams>
<charParams l="256" t="996" r="265" b="1018" charConfidence="27">c</charParams>
<charParams l="267" t="987" r="282" b="1024" charConfidence="51">h</charParams>
<charParams l="286" t="987" r="305" b="1025" charConfidence="100">s</charParams>
<charParams l="286" t="987" r="305" b="1025" suspicious="1" charConfidence="100">t</charParams>
<charParams l="309" t="995" r="321" b="1017" charConfidence="100">e</charParams>
<charParams l="322" t="991" r="342" b="1017"> </charParams>
<charParams l="343" t="991" r="369" b="1017" charConfidence="24">w</charParams>
<charParams l="373" t="992" r="388" b="1016" charConfidence="25">a</charParams>
<charParams l="392" t="991" r="405" b="1016" charConfidence="50">r</charParams>
<charParams l="413" t="1006" r="423" b="1022" charConfidence="79">,</charParams>
<charParams l="424" t="986" r="454" b="1022"> </charParams>
<charParams l="455" t="986" r="470" b="1014" charConfidence="26">d</charParams>
<charParams l="475" t="992" r="488" b="1014" charConfidence="24">a</charParams>
<charParams l="493" t="983" r="509" b="1021" charConfidence="28">ß</charParams>
<charParams l="510" t="983" r="532" b="1021"> </charParams>
<charParams l="533" t="992" r="545" b="1014" charConfidence="43">e</charParams>
<charParams l="549" t="992" r="562" b="1015" charConfidence="26">r</charParams>
<charParams l="563" t="982" r="583" b="1015"> </charParams>
<charParams l="584" t="982" r="613" b="1015" charConfidence="28">A</charParams>
<charParams l="614" t="992" r="631" b="1014" charConfidence="100">u</charParams>
<charParams l="634" t="983" r="648" b="1020" charConfidence="41">f</charParams>
<charParams l="648" t="984" r="658" b="1020" charConfidence="53">s</charParams>
<charParams l="658" t="981" r="684" b="1018" charConfidence="58">c</charParams>
<charParams l="658" t="981" r="684" b="1018" charConfidence="58">h</charParams>
<charParams l="689" t="992" r="705" b="1016" charConfidence="43">u</charParams>
<charParams l="709" t="983" r="724" b="1014" charConfidence="62">b</charParams>
<charParams l="725" t="983" r="748" b="1022"> </charParams>
<charParams l="749" t="984" r="762" b="1022" charConfidence="100">s</charParams>
<charParams l="762" t="993" r="778" b="1016" charConfidence="26">u</charParams>
<charParams l="781" t="986" r="807" b="1023" charConfidence="100">c</charParams>
<charParams l="781" t="986" r="807" b="1023" charConfidence="100">h</charParams>
<charParams l="811" t="992" r="820" b="1017" charConfidence="100">t</charParams>
<charParams l="824" t="994" r="837" b="1017" charConfidence="32">e</charParams>
<charParams l="838" t="1008" r="847" b="1017" charConfidence="99">.</charParams>
<charParams l="848" t="985" r="894" b="1019"> </charParams>
<charParams l="895" t="985" r="937" b="1019" charConfidence="31">M</charParams>
<charParams l="942" t="988" r="949" b="1018" charConfidence="67">i</charParams>
<charParams l="953" t="992" r="963" b="1018" charConfidence="39">t</charParams></formatting></line>
<line baseline="1078" l="184" t="1043" r="962" b="1089"><formatting lang="OldGerman">
<charParams l="184" t="1057" r="209" b="1080" charConfidence="100">w</charParams>
<charParams l="214" t="1058" r="225" b="1080" charConfidence="100">e</charParams>
<charParams l="229" t="1058" r="245" b="1080" charConfidence="100">n</charParams>
<charParams l="250" t="1050" r="256" b="1080" charConfidence="100">i</charParams>
<charParams l="259" t="1058" r="276" b="1089" charConfidence="30">g</charParams>
<charParams l="277" t="1046" r="299" b="1089"> </charParams>
<charParams l="300" t="1046" r="339" b="1080" charConfidence="31">W</charParams>
<charParams l="344" t="1057" r="357" b="1079" charConfidence="100">o</charParams>
<charParams l="361" t="1056" r="373" b="1079" charConfidence="39">r</charParams>
<charParams l="377" t="1053" r="386" b="1079" charConfidence="27">t</charParams>
<charParams l="389" t="1056" r="401" b="1079" charConfidence="31">e</charParams>
<charParams l="404" t="1055" r="420" b="1078" charConfidence="100">n</charParams>
<charParams l="421" t="1045" r="444" b="1078"> </charParams>
<charParams l="445" t="1045" r="460" b="1078" charConfidence="68">b</charParams>
<charParams l="466" t="1054" r="480" b="1077" charConfidence="36">a</charParams>
<charParams l="485" t="1051" r="494" b="1078" charConfidence="71">t</charParams>
<charParams l="495" t="1051" r="517" b="1078"> </charParams>
<charParams l="518" t="1054" r="529" b="1077" charConfidence="100">e</charParams>
<charParams l="533" t="1054" r="546" b="1077" charConfidence="79">r</charParams>
<charParams l="547" t="1045" r="568" b="1083"> </charParams>
<charParams l="569" t="1045" r="582" b="1083" charConfidence="100">s</charParams>
<charParams l="581" t="1054" r="593" b="1078" charConfidence="25">e</charParams>
<charParams l="596" t="1045" r="604" b="1076" charConfidence="100">i</charParams>
<charParams l="607" t="1054" r="623" b="1076" charConfidence="28">n</charParams>
<charParams l="627" t="1054" r="639" b="1076" charConfidence="31">e</charParams>
<charParams l="642" t="1053" r="659" b="1077" charConfidence="91">n</charParams>
<charParams l="660" t="1043" r="683" b="1083"> </charParams>
<charParams l="684" t="1043" r="707" b="1083" charConfidence="44">F</charParams>
<charParams l="710" t="1054" r="722" b="1076" charConfidence="23">r</charParams>
<charParams l="725" t="1054" r="736" b="1078" charConfidence="39">e</charParams>
<charParams l="740" t="1055" r="757" b="1079" charConfidence="42">u</charParams>
<charParams l="760" t="1054" r="776" b="1077" charConfidence="54">n</charParams>
<charParams l="781" t="1049" r="797" b="1078" charConfidence="34">d</charParams>
<charParams l="798" t="1049" r="821" b="1078"> </charParams>
<charParams l="822" t="1055" r="839" b="1078" charConfidence="40">u</charParams>
<charParams l="842" t="1055" r="870" b="1078" charConfidence="100">m</charParams>
<charParams l="871" t="1048" r="889" b="1080"> </charParams>
<charParams l="890" t="1048" r="919" b="1080" charConfidence="100">V</charParams>
<charParams l="923" t="1057" r="934" b="1080" charConfidence="27">e</charParams>
<charParams l="938" t="1056" r="950" b="1080" charConfidence="100">r</charParams>
<charParams l="953" t="1060" r="962" b="1075" charConfidence="22">¬</charParams></formatting></line>
<line baseline="1140" l="183" t="1107" r="960" b="1152"><formatting lang="OldGerman">
<charParams l="183" t="1120" r="196" b="1152" charConfidence="33">z</charParams>
<charParams l="200" t="1120" r="211" b="1142" charConfidence="100">e</charParams>
<charParams l="214" t="1112" r="222" b="1141" charConfidence="100">i</charParams>
<charParams l="227" t="1111" r="242" b="1152" charConfidence="39">h</charParams>
<charParams l="247" t="1120" r="263" b="1142" charConfidence="100">u</charParams>
<charParams l="267" t="1119" r="283" b="1142" charConfidence="29">n</charParams>
<charParams l="286" t="1119" r="302" b="1150" charConfidence="55">g</charParams>
<charParams l="313" t="1134" r="322" b="1148" charConfidence="91">,</charParams>
<charParams l="323" t="1113" r="359" b="1148"> </charParams>
<charParams l="360" t="1113" r="376" b="1142" charConfidence="31">d</charParams>
<charParams l="380" t="1119" r="395" b="1142" charConfidence="37">a</charParams>
<charParams l="399" t="1110" r="414" b="1148" charConfidence="28">ß</charParams>
<charParams l="415" t="1110" r="437" b="1148"> </charParams>
<charParams l="438" t="1119" r="450" b="1142" charConfidence="25">e</charParams>
<charParams l="454" t="1119" r="467" b="1142" charConfidence="30">r</charParams>
<charParams l="468" t="1112" r="489" b="1142"> </charParams>
<charParams l="490" t="1112" r="505" b="1141" charConfidence="52">d</charParams>
<charParams l="510" t="1111" r="517" b="1140" charConfidence="39">i</charParams>
<charParams l="521" t="1118" r="532" b="1141" charConfidence="37">e</charParams>
<charParams l="536" t="1109" r="548" b="1147" charConfidence="31">s</charParams>
<charParams l="546" t="1118" r="558" b="1140" charConfidence="100">e</charParams>
<charParams l="559" t="1107" r="582" b="1141"> </charParams>
<charParams l="583" t="1107" r="608" b="1141" charConfidence="39">T</charParams>
<charParams l="613" t="1116" r="627" b="1138" charConfidence="0">a</charParams>
<charParams l="629" t="1117" r="646" b="1147" charConfidence="26">g</charParams>
<charParams l="650" t="1116" r="662" b="1139" charConfidence="99">e</charParams>
<charParams l="663" t="1116" r="684" b="1139"> </charParams>
<charParams l="685" t="1116" r="702" b="1139" charConfidence="53">n</charParams>
<charParams l="706" t="1108" r="714" b="1138" charConfidence="61">i</charParams>
<charParams l="718" t="1109" r="744" b="1145" charConfidence="100">c</charParams>
<charParams l="718" t="1109" r="744" b="1145" charConfidence="100">h</charParams>
<charParams l="748" t="1114" r="758" b="1138" charConfidence="25">t</charParams>
<charParams l="759" t="1114" r="779" b="1148"> </charParams>
<charParams l="780" t="1118" r="797" b="1148" charConfidence="36">g</charParams>
<charParams l="801" t="1118" r="813" b="1139" charConfidence="27">e</charParams>
<charParams l="816" t="1108" r="828" b="1144" charConfidence="80">s</charParams>
<charParams l="827" t="1108" r="853" b="1145" charConfidence="83">c</charParams>
<charParams l="827" t="1108" r="853" b="1145" charConfidence="83">h</charParams>
<charParams l="857" t="1117" r="869" b="1139" charConfidence="37">r</charParams>
<charParams l="873" t="1110" r="879" b="1138" charConfidence="51">i</charParams>
<charParams l="884" t="1117" r="895" b="1139" charConfidence="28">e</charParams>
<charParams l="899" t="1109" r="913" b="1139" charConfidence="52">b</charParams>
<charParams l="917" t="1118" r="929" b="1140" charConfidence="40">e</charParams>
<charParams l="932" t="1118" r="949" b="1140" charConfidence="39">n</charParams>
<charParams l="952" t="1132" r="960" b="1146" charConfidence="74">,</charParams></formatting></line>
<line baseline="1203" l="184" t="1169" r="960" b="1213"><formatting lang="OldGerman">
<charParams l="184" t="1176" r="200" b="1204" charConfidence="37">d</charParams>
<charParams l="203" t="1183" r="218" b="1205" charConfidence="25">a</charParams>
<charParams l="223" t="1174" r="238" b="1212" charConfidence="28">ß</charParams>
<charParams l="239" t="1174" r="269" b="1212"> </charParams>
<charParams l="270" t="1183" r="282" b="1206" charConfidence="26">e</charParams>
<charParams l="286" t="1183" r="299" b="1206" charConfidence="30">r</charParams>
<charParams l="300" t="1172" r="328" b="1213"> </charParams>
<charParams l="329" t="1172" r="348" b="1213" suspicious="1" charConfidence="33">h</charParams>
<charParams l="352" t="1182" r="363" b="1205" charConfidence="26">e</charParams>
<charParams l="367" t="1181" r="384" b="1205" charConfidence="32">u</charParams>
<charParams l="387" t="1178" r="398" b="1204" suspicious="1" charConfidence="84">t</charParams>
<charParams l="399" t="1178" r="427" b="1206"> </charParams>
<charParams l="428" t="1182" r="446" b="1206" charConfidence="100">n</charParams>
<charParams l="450" t="1175" r="457" b="1205" charConfidence="27">i</charParams>
<charParams l="461" t="1174" r="487" b="1212" charConfidence="63">c</charParams>
<charParams l="461" t="1174" r="487" b="1212" charConfidence="63">h</charParams>
<charParams l="491" t="1178" r="502" b="1204" charConfidence="56">t</charParams>
<charParams l="503" t="1178" r="524" b="1204"> </charParams>
<charParams l="525" t="1181" r="541" b="1204" charConfidence="27">u</charParams>
<charParams l="546" t="1180" r="572" b="1203" charConfidence="100">m</charParams>
<charParams l="577" t="1172" r="596" b="1210" charConfidence="68">s</charParams>
<charParams l="577" t="1172" r="596" b="1210" charConfidence="68">t</charParams>
<charParams l="598" t="1171" r="613" b="1201" charConfidence="22">ä</charParams>
<charParams l="617" t="1179" r="633" b="1202" charConfidence="28">n</charParams>
<charParams l="637" t="1173" r="652" b="1201" charConfidence="27">d</charParams>
<charParams l="657" t="1171" r="664" b="1202" charConfidence="73">l</charParams>
<charParams l="668" t="1171" r="675" b="1202" charConfidence="63">i</charParams>
<charParams l="678" t="1169" r="704" b="1207" charConfidence="93">c</charParams>
<charParams l="678" t="1169" r="704" b="1207" charConfidence="93">h</charParams>
<charParams l="705" t="1169" r="728" b="1209"> </charParams>
<charParams l="729" t="1169" r="742" b="1209" charConfidence="100">s</charParams>
<charParams l="741" t="1170" r="767" b="1206" charConfidence="58">c</charParams>
<charParams l="741" t="1170" r="767" b="1206" charConfidence="58">h</charParams>
<charParams l="770" t="1178" r="783" b="1201" charConfidence="58">r</charParams>
<charParams l="786" t="1179" r="799" b="1202" charConfidence="28">e</charParams>
<charParams l="799" t="1171" r="808" b="1201" charConfidence="23">i</charParams>
<charParams l="813" t="1169" r="828" b="1202" charConfidence="31">b</charParams>
<charParams l="832" t="1179" r="844" b="1201" charConfidence="100">e</charParams>
<charParams l="854" t="1194" r="863" b="1209" charConfidence="83">,</charParams>
<charParams l="864" t="1179" r="902" b="1209"> </charParams>
<charParams l="903" t="1179" r="920" b="1202" charConfidence="42">u</charParams>
<charParams l="924" t="1179" r="941" b="1202" charConfidence="49">n</charParams>
<charParams l="945" t="1174" r="960" b="1202" charConfidence="31">d</charParams></formatting></line>
<line baseline="1266" l="183" t="1232" r="961" b="1276"><formatting lang="OldGerman">
<charParams l="183" t="1244" r="201" b="1266" charConfidence="28">v</charParams>
<charParams l="205" t="1244" r="217" b="1267" charConfidence="26">e</charParams>
<charParams l="220" t="1245" r="232" b="1268" charConfidence="53">r</charParams>
<charParams l="235" t="1236" r="248" b="1274" charConfidence="100">s</charParams>
<charParams l="245" t="1245" r="263" b="1274" charConfidence="26">p</charParams>
<charParams l="266" t="1244" r="279" b="1268" charConfidence="70">r</charParams>
<charParams l="281" t="1243" r="297" b="1266" charConfidence="35">a</charParams>
<charParams l="301" t="1236" r="328" b="1274" charConfidence="59">c</charParams>
<charParams l="301" t="1236" r="328" b="1274" charConfidence="59">h</charParams>
<charParams l="329" t="1235" r="350" b="1274"> </charParams>
<charParams l="351" t="1235" r="366" b="1274" charConfidence="32">f</charParams>
<charParams l="365" t="1234" r="381" b="1268" charConfidence="31">ü</charParams>
<charParams l="385" t="1243" r="399" b="1269" charConfidence="26">r</charParams>
<charParams l="400" t="1243" r="421" b="1269"> </charParams>
<charParams l="422" t="1244" r="439" b="1267" charConfidence="36">n</charParams>
<charParams l="443" t="1235" r="458" b="1267" charConfidence="22">ä</charParams>
<charParams l="462" t="1236" r="488" b="1274" charConfidence="65">c</charParams>
<charParams l="462" t="1236" r="488" b="1274" charConfidence="65">h</charParams>
<charParams l="493" t="1235" r="512" b="1276" charConfidence="22">s</charParams>
<charParams l="493" t="1235" r="512" b="1276" charConfidence="22">t</charParams>
<charParams l="515" t="1243" r="526" b="1267" charConfidence="26">e</charParams>
<charParams l="529" t="1243" r="546" b="1266" charConfidence="100">n</charParams>
<charParams l="550" t="1238" r="564" b="1265" charConfidence="100">s</charParams>
<charParams l="565" t="1238" r="588" b="1265"> </charParams>
<charParams l="589" t="1242" r="601" b="1265" charConfidence="30">e</charParams>
<charParams l="604" t="1235" r="612" b="1265" charConfidence="34">i</charParams>
<charParams l="615" t="1241" r="632" b="1266" charConfidence="36">n</charParams>
<charParams l="633" t="1232" r="655" b="1266"> </charParams>
<charParams l="656" t="1232" r="671" b="1264" charConfidence="94">b</charParams>
<charParams l="676" t="1241" r="687" b="1264" charConfidence="26">e</charParams>
<charParams l="691" t="1234" r="705" b="1263" charConfidence="34">d</charParams>
<charParams l="709" t="1240" r="721" b="1264" charConfidence="26">e</charParams>
<charParams l="724" t="1240" r="740" b="1263" charConfidence="45">u</charParams>
<charParams l="745" t="1237" r="755" b="1263" charConfidence="45">t</charParams>
<charParams l="758" t="1241" r="769" b="1264" charConfidence="26">e</charParams>
<charParams l="773" t="1241" r="789" b="1264" charConfidence="84">n</charParams>
<charParams l="793" t="1236" r="808" b="1264" charConfidence="34">d</charParams>
<charParams l="813" t="1243" r="824" b="1264" charConfidence="100">e</charParams>
<charParams l="828" t="1242" r="840" b="1265" charConfidence="23">r</charParams>
<charParams l="843" t="1243" r="854" b="1265" charConfidence="24">e</charParams>
<charParams l="858" t="1237" r="873" b="1265" charConfidence="100">s</charParams>
<charParams l="883" t="1257" r="891" b="1270" charConfidence="57">,</charParams>
<charParams l="892" t="1243" r="915" b="1270"> </charParams>
<charParams l="916" t="1243" r="928" b="1265" charConfidence="42">e</charParams>
<charParams l="932" t="1235" r="940" b="1265" charConfidence="35">i</charParams>
<charParams l="943" t="1243" r="961" b="1265" charConfidence="25">n</charParams></formatting></line>
<line baseline="1330" l="183" t="1296" r="513" b="1337"><formatting lang="OldGerman">
<charParams l="183" t="1296" r="198" b="1328" charConfidence="75">b</charParams>
<charParams l="203" t="1306" r="214" b="1329" charConfidence="100">e</charParams>
<charParams l="217" t="1306" r="230" b="1329" charConfidence="85">r</charParams>
<charParams l="233" t="1306" r="249" b="1329" charConfidence="100">u</charParams>
<charParams l="253" t="1296" r="270" b="1337" charConfidence="78">h</charParams>
<charParams l="274" t="1298" r="281" b="1328" charConfidence="94">i</charParams>
<charParams l="283" t="1306" r="300" b="1336" charConfidence="44">g</charParams>
<charParams l="304" t="1306" r="316" b="1328" charConfidence="54">e</charParams>
<charParams l="319" t="1306" r="335" b="1328" charConfidence="25">n</charParams>
<charParams l="339" t="1300" r="354" b="1329" charConfidence="27">d</charParams>
<charParams l="358" t="1306" r="371" b="1329" charConfidence="28">e</charParams>
<charParams l="373" t="1302" r="389" b="1330" charConfidence="100">s</charParams>
<charParams l="390" t="1297" r="413" b="1330"> </charParams>
<charParams l="414" t="1297" r="446" b="1330" charConfidence="34">B</charParams>
<charParams l="451" t="1299" r="458" b="1330" charConfidence="62">l</charParams>
<charParams l="461" t="1307" r="475" b="1329" charConfidence="25">a</charParams>
<charParams l="480" t="1303" r="490" b="1329" charConfidence="83">t</charParams>
<charParams l="493" t="1303" r="503" b="1329" charConfidence="60">t</charParams>
<charParams l="505" t="1321" r="513" b="1330" charConfidence="88">.</charParams></formatting></line></par>
<par align="Right" lineSpacing="1440">
<line baseline="1390" l="247" t="1357" r="964" b="1400"><formatting lang="OldGerman">
<charParams l="247" t="1358" r="272" b="1392" charConfidence="31">C</charParams>
<charParams l="275" t="1359" r="291" b="1400" charConfidence="46">h</charParams>
<charParams l="296" t="1369" r="310" b="1391" charConfidence="30">a</charParams>
<charParams l="314" t="1367" r="327" b="1391" charConfidence="88">r</charParams>
<charParams l="330" t="1361" r="338" b="1391" charConfidence="63">l</charParams>
<charParams l="341" t="1368" r="355" b="1391" charConfidence="37">o</charParams>
<charParams l="358" t="1366" r="369" b="1391" charConfidence="29">t</charParams>
<charParams l="372" t="1366" r="382" b="1391" charConfidence="32">t</charParams>
<charParams l="384" t="1369" r="397" b="1391" suspicious="1" charConfidence="31">e</charParams>
<charParams l="398" t="1361" r="428" b="1391"> </charParams>
<charParams l="429" t="1361" r="444" b="1391" charConfidence="30">b</charParams>
<charParams l="448" t="1369" r="460" b="1391" charConfidence="55">e</charParams>
<charParams l="463" t="1369" r="480" b="1392" charConfidence="100">n</charParams>
<charParams l="484" t="1370" r="500" b="1393" charConfidence="31">u</charParams>
<charParams l="504" t="1363" r="521" b="1398" charConfidence="46">t</charParams>
<charParams l="504" t="1363" r="521" b="1398" charConfidence="46">z</charParams>
<charParams l="526" t="1365" r="534" b="1391" charConfidence="28">t</charParams>
<charParams l="537" t="1367" r="549" b="1390" charConfidence="26">e</charParams>
<charParams l="550" t="1360" r="579" b="1390"> </charParams>
<charParams l="580" t="1360" r="596" b="1388" suspicious="1" charConfidence="33">d</charParams>
<charParams l="600" t="1366" r="611" b="1388" charConfidence="29">e</charParams>
<charParams l="615" t="1360" r="630" b="1388" suspicious="1" charConfidence="100">s</charParams>
<charParams l="631" t="1360" r="663" b="1388"> </charParams>
<charParams l="664" t="1366" r="679" b="1388" charConfidence="28">a</charParams>
<charParams l="683" t="1365" r="700" b="1388" charConfidence="53">n</charParams>
<charParams l="704" t="1358" r="719" b="1388" charConfidence="64">d</charParams>
<charParams l="724" t="1366" r="735" b="1389" charConfidence="26">e</charParams>
<charParams l="738" t="1367" r="750" b="1390" charConfidence="44">r</charParams>
<charParams l="754" t="1367" r="770" b="1390" charConfidence="36">n</charParams>
<charParams l="771" t="1358" r="803" b="1392"> </charParams>
<charParams l="804" t="1358" r="830" b="1392" charConfidence="75">T</charParams>
<charParams l="834" t="1367" r="848" b="1389" charConfidence="100">a</charParams>
<charParams l="852" t="1368" r="867" b="1397" charConfidence="42">g</charParams>
<charParams l="872" t="1362" r="886" b="1390" charConfidence="-1">s</charParams>
<charParams l="887" t="1362" r="910" b="1390"> </charParams>
<charParams l="911" t="1366" r="926" b="1388" charConfidence="25">a</charParams>
<charParams l="930" t="1366" r="947" b="1389" charConfidence="26">u</charParams>
<charParams l="949" t="1357" r="964" b="1394" charConfidence="31">f</charParams></formatting></line>
<line baseline="1453" l="183" t="1419" r="961" b="1463"><formatting lang="OldGerman">
<charParams l="183" t="1426" r="195" b="1449" charConfidence="27">e</charParams>
<charParams l="199" t="1419" r="206" b="1449" charConfidence="93">i</charParams>
<charParams l="210" t="1427" r="225" b="1451" charConfidence="23">n</charParams>
<charParams l="230" t="1429" r="242" b="1450" charConfidence="44">e</charParams>
<charParams l="245" t="1429" r="273" b="1452" charConfidence="33">m</charParams>
<charParams l="274" t="1421" r="304" b="1455"> </charParams>
<charParams l="305" t="1421" r="340" b="1455" charConfidence="54">S</charParams>
<charParams l="344" t="1431" r="360" b="1460" charConfidence="38">p</charParams>
<charParams l="364" t="1431" r="379" b="1454" charConfidence="38">a</charParams>
<charParams l="382" t="1431" r="394" b="1463" charConfidence="54">z</charParams>
<charParams l="398" t="1425" r="405" b="1455" charConfidence="35">i</charParams>
<charParams l="409" t="1431" r="421" b="1456" charConfidence="26">e</charParams>
<charParams l="424" t="1432" r="437" b="1454" charConfidence="56">r</charParams>
<charParams l="438" t="1431" r="454" b="1463" charConfidence="28">g</charParams>
<charParams l="459" t="1432" r="473" b="1455" charConfidence="25">a</charParams>
<charParams l="478" t="1432" r="494" b="1454" charConfidence="25">n</charParams>
<charParams l="497" t="1432" r="513" b="1462" charConfidence="58">g</charParams>
<charParams l="514" t="1430" r="542" b="1462"> </charParams>
<charParams l="543" t="1430" r="559" b="1453" charConfidence="26">n</charParams>
<charParams l="563" t="1430" r="578" b="1452" charConfidence="30">a</charParams>
<charParams l="582" t="1420" r="608" b="1459" charConfidence="65">c</charParams>
<charParams l="582" t="1420" r="608" b="1459" charConfidence="65">h</charParams>
<charParams l="609" t="1420" r="632" b="1459"> </charParams>
<charParams l="633" t="1421" r="648" b="1451" charConfidence="40">d</charParams>
<charParams l="652" t="1428" r="663" b="1451" charConfidence="26">e</charParams>
<charParams l="667" t="1428" r="679" b="1452" charConfidence="31">r</charParams>
<charParams l="682" t="1420" r="695" b="1458" charConfidence="100">s</charParams>
<charParams l="694" t="1429" r="706" b="1453" charConfidence="26">e</charParams>
<charParams l="709" t="1422" r="717" b="1452" charConfidence="40">l</charParams>
<charParams l="721" t="1420" r="736" b="1452" charConfidence="36">b</charParams>
<charParams l="740" t="1430" r="752" b="1454" charConfidence="27">e</charParams>
<charParams l="754" t="1430" r="772" b="1453" charConfidence="58">n</charParams>
<charParams l="773" t="1420" r="794" b="1454"> </charParams>
<charParams l="795" t="1420" r="831" b="1454" charConfidence="35">S</charParams>
<charParams l="835" t="1428" r="845" b="1453" charConfidence="34">t</charParams>
<charParams l="848" t="1430" r="860" b="1452" charConfidence="100">e</charParams>
<charParams l="863" t="1422" r="878" b="1452" charConfidence="-1">l</charParams>
<charParams l="863" t="1422" r="878" b="1452" charConfidence="-1">l</charParams>
<charParams l="883" t="1429" r="895" b="1451" charConfidence="44">e</charParams>
<charParams l="896" t="1422" r="917" b="1451"> </charParams>
<charParams l="918" t="1422" r="933" b="1450" charConfidence="30">d</charParams>
<charParams l="938" t="1420" r="945" b="1450" charConfidence="99">i</charParams>
<charParams l="949" t="1428" r="961" b="1451" charConfidence="25">e</charParams></formatting></line></par>
</text>
</block>
</page>
</document>