﻿<?xml version="1.0" encoding="UTF-8" standalone="yes"?>
<document xmlns="http://www.abbyy.com/FineReader_xml/FineReader10-schema-v1.xml" version="1.0" producer="ABBYY FineReader Engine 11" languages="" xmlns:xsi="http://www.w3.org/2001/XMLSchema-instance" xsi:schemaLocation="http://www.abbyy.com/FineReader_xml/FineReader10-schema-v1.xml http://www.abbyy.com/FineReader_xml/FineReader10-schema-v1.xml">
<page width="1156" height="1782" resolution="300" originalCoords="1">
<block blockType="Text" blockName="">
<text>
<par align="Center">
<line baseline="84" l="558" t="60" r="597" b="86"><formatting lang="OldGerman">
<charParams l="558" t="61" r="575" b="83" charConfidence="74">2</charParams>
<charParams l="579" t="60" r="597" b="86" suspicious="1" charConfidence="27">Z</charParams></formatting></line></par>
<par align="Justified" startIndent="194" lineSpacing="1488">
<line baseline="171" l="190" t="138" r="968" b="181"><formatting lang="OldGerman">
<charParams l="190" t="145" r="198" b="174" charConfidence="-1">i</charParams>
<charParams l="202" t="145" r="233" b="180" charConfidence="24">c</charParams>
<charParams l="202" t="145" r="233" b="180" charConfidence="24">h</charParams>
<charParams l="234" t="144" r="251" b="180"> </charParams>
<charParams l="252" t="144" r="268" b="172" charConfidence="38">d</charParams>
<charParams l="272" t="151" r="284" b="173" charConfidence="34">e</charParams>
<charParams l="287" t="150" r="314" b="173" suspicious="1" charConfidence="28">m</charParams>
<charParams l="315" t="142" r="338" b="175"> </charParams>
<charParams l="339" t="142" r="365" b="175" charConfidence="32">E</charParams>
<charParams l="368" t="142" r="385" b="181" charConfidence="71">h</charParams>
<charParams l="388" t="150" r="415" b="173" charConfidence="43">m</charParams>
<charParams l="419" t="151" r="435" b="172" charConfidence="25">a</charParams>
<charParams l="438" t="150" r="454" b="172" charConfidence="71">n</charParams>
<charParams l="458" t="149" r="476" b="172" charConfidence="65">n</charParams>
<charParams l="477" t="148" r="498" b="172"> </charParams>
<charParams l="499" t="148" r="517" b="170" charConfidence="32">v</charParams>
<charParams l="520" t="147" r="532" b="169" charConfidence="33">e</charParams>
<charParams l="535" t="146" r="547" b="169" charConfidence="47">r</charParams>
<charParams l="551" t="138" r="564" b="175" charConfidence="26">s</charParams>
<charParams l="561" t="147" r="576" b="168" charConfidence="25">a</charParams>
<charParams l="580" t="147" r="595" b="175" charConfidence="26">g</charParams>
<charParams l="600" t="142" r="609" b="168" charConfidence="41">t</charParams>
<charParams l="612" t="145" r="624" b="167" charConfidence="28">e</charParams>
<charParams l="633" t="160" r="641" b="175" charConfidence="59">,</charParams>
<charParams l="642" t="141" r="665" b="175"> </charParams>
<charParams l="666" t="141" r="681" b="170" charConfidence="30">d</charParams>
<charParams l="686" t="148" r="698" b="170" charConfidence="35">e</charParams>
<charParams l="700" t="147" r="728" b="171" charConfidence="51">m</charParams>
<charParams l="729" t="140" r="752" b="172"> </charParams>
<charParams l="753" t="140" r="770" b="172" charConfidence="36">L</charParams>
<charParams l="774" t="141" r="781" b="172" charConfidence="-1">i</charParams>
<charParams l="785" t="149" r="797" b="171" charConfidence="96">e</charParams>
<charParams l="800" t="140" r="815" b="171" charConfidence="26">b</charParams>
<charParams l="818" t="140" r="835" b="181" charConfidence="30">h</charParams>
<charParams l="840" t="149" r="855" b="172" charConfidence="25">a</charParams>
<charParams l="859" t="139" r="874" b="172" charConfidence="25">b</charParams>
<charParams l="878" t="150" r="890" b="172" charConfidence="100">e</charParams>
<charParams l="893" t="150" r="906" b="172" charConfidence="25">r</charParams>
<charParams l="907" t="148" r="923" b="181"> </charParams>
<charParams l="924" t="148" r="936" b="181" charConfidence="26">z</charParams>
<charParams l="939" t="148" r="955" b="171" charConfidence="24">u</charParams>
<charParams l="959" t="152" r="968" b="168" charConfidence="100">¬</charParams></formatting></line>
<line baseline="233" l="191" t="201" r="398" b="241"><formatting lang="OldGerman">
<charParams l="191" t="211" r="207" b="241" charConfidence="32">g</charParams>
<charParams l="211" t="210" r="223" b="233" charConfidence="69">e</charParams>
<charParams l="226" t="203" r="246" b="241" charConfidence="32">s</charParams>
<charParams l="226" t="203" r="246" b="241" charConfidence="32">t</charParams>
<charParams l="248" t="210" r="261" b="233" charConfidence="36">e</charParams>
<charParams l="263" t="201" r="280" b="241" charConfidence="46">h</charParams>
<charParams l="284" t="211" r="295" b="233" charConfidence="33">e</charParams>
<charParams l="299" t="211" r="317" b="234" charConfidence="25">n</charParams>
<charParams l="318" t="202" r="339" b="241"> </charParams>
<charParams l="340" t="202" r="353" b="241" charConfidence="73">s</charParams>
<charParams l="352" t="211" r="366" b="233" charConfidence="36">o</charParams>
<charParams l="370" t="202" r="379" b="233" charConfidence="35">l</charParams>
<charParams l="379" t="202" r="387" b="233" charConfidence="60">l</charParams>
<charParams l="389" t="223" r="398" b="234" charConfidence="79">.</charParams></formatting></line></par>
<par align="Justified" startIndent="1776" lineSpacing="1440">
<line baseline="350" l="253" t="316" r="968" b="360"><formatting lang="OldGerman">
<charParams l="253" t="322" r="293" b="355" charConfidence="31">W</charParams>
<charParams l="296" t="332" r="308" b="354" charConfidence="33">e</charParams>
<charParams l="311" t="330" r="327" b="354" charConfidence="52">n</charParams>
<charParams l="331" t="323" r="339" b="354" charConfidence="26">i</charParams>
<charParams l="340" t="330" r="357" b="360" charConfidence="25">g</charParams>
<charParams l="361" t="322" r="381" b="359" charConfidence="80">s</charParams>
<charParams l="361" t="322" r="381" b="359" charConfidence="80">t</charParams>
<charParams l="382" t="326" r="395" b="352" charConfidence="24">e</charParams>
<charParams l="397" t="327" r="415" b="350" charConfidence="37">n</charParams>
<charParams l="418" t="322" r="434" b="349" charConfidence="100">s</charParams>
<charParams l="443" t="339" r="454" b="354" charConfidence="91">,</charParams>
<charParams l="455" t="324" r="491" b="354"> </charParams>
<charParams l="492" t="324" r="520" b="348" charConfidence="100">m</charParams>
<charParams l="524" t="325" r="536" b="347" charConfidence="45">e</charParams>
<charParams l="539" t="317" r="546" b="347" charConfidence="29">i</charParams>
<charParams l="549" t="325" r="567" b="347" charConfidence="30">n</charParams>
<charParams l="568" t="316" r="596" b="350"> </charParams>
<charParams l="597" t="316" r="615" b="350" charConfidence="36">L</charParams>
<charParams l="618" t="317" r="627" b="348" charConfidence="73">i</charParams>
<charParams l="630" t="326" r="641" b="347" charConfidence="26">e</charParams>
<charParams l="644" t="316" r="660" b="348" charConfidence="32">b</charParams>
<charParams l="663" t="326" r="676" b="348" charConfidence="41">e</charParams>
<charParams l="677" t="325" r="692" b="349" charConfidence="28">r</charParams>
<charParams l="700" t="341" r="710" b="356" charConfidence="100">,</charParams>
<charParams l="711" t="321" r="747" b="357"> </charParams>
<charParams l="748" t="321" r="764" b="357" charConfidence="28">f</charParams>
<charParams l="764" t="329" r="780" b="353" charConfidence="26">u</charParams>
<charParams l="783" t="321" r="800" b="359" charConfidence="100">h</charParams>
<charParams l="804" t="330" r="818" b="352" charConfidence="40">r</charParams>
<charParams l="819" t="322" r="840" b="359"> </charParams>
<charParams l="841" t="322" r="860" b="359" charConfidence="83">s</charParams>
<charParams l="841" t="322" r="860" b="359" suspicious="1" charConfidence="83">i</charParams>
<charParams l="863" t="330" r="875" b="352" charConfidence="56">e</charParams>
<charParams l="876" t="321" r="897" b="355"> </charParams>
<charParams l="898" t="321" r="912" b="355" charConfidence="46">f</charParams>
<charParams l="913" t="330" r="927" b="352" charConfidence="44">o</charParams>
<charParams l="931" t="330" r="944" b="353" charConfidence="24">r</charParams>
<charParams l="947" t="327" r="958" b="354" charConfidence="26">t</charParams>
<charParams l="958" t="344" r="968" b="359" charConfidence="100">,</charParams></formatting></line>
<line baseline="409" l="186" t="377" r="967" b="419"><formatting lang="OldGerman">
<charParams l="186" t="382" r="202" b="419" charConfidence="86">s</charParams>
<charParams l="200" t="392" r="214" b="413" charConfidence="40">o</charParams>
<charParams l="217" t="383" r="235" b="412" charConfidence="-1">l</charParams>
<charParams l="217" t="383" r="235" b="412" charConfidence="-1">l</charParams>
<charParams l="237" t="382" r="258" b="419" charConfidence="52">s</charParams>
<charParams l="237" t="382" r="258" b="419" charConfidence="52">t</charParams>
<charParams l="259" t="382" r="279" b="419"> </charParams>
<charParams l="280" t="384" r="295" b="411" charConfidence="26">d</charParams>
<charParams l="299" t="390" r="316" b="412" charConfidence="45">u</charParams>
<charParams l="317" t="389" r="338" b="417"> </charParams>
<charParams l="339" t="389" r="355" b="417" charConfidence="92">g</charParams>
<charParams l="359" t="388" r="371" b="409" charConfidence="34">e</charParams>
<charParams l="373" t="385" r="398" b="409" charConfidence="26">w</charParams>
<charParams l="401" t="386" r="416" b="407" charConfidence="25">a</charParams>
<charParams l="420" t="377" r="437" b="415" charConfidence="66">h</charParams>
<charParams l="441" t="385" r="454" b="407" charConfidence="52">r</charParams>
<charParams l="455" t="383" r="476" b="407"> </charParams>
<charParams l="477" t="383" r="503" b="406" charConfidence="54">w</charParams>
<charParams l="507" t="385" r="518" b="407" charConfidence="55">e</charParams>
<charParams l="522" t="385" r="534" b="406" charConfidence="61">r</charParams>
<charParams l="537" t="379" r="552" b="406" charConfidence="26">d</charParams>
<charParams l="556" t="385" r="567" b="406" charConfidence="100">e</charParams>
<charParams l="570" t="385" r="587" b="406" charConfidence="33">n</charParams>
<charParams l="595" t="398" r="605" b="413" charConfidence="90">,</charParams>
<charParams l="606" t="379" r="635" b="413"> </charParams>
<charParams l="636" t="379" r="652" b="406" charConfidence="40">d</charParams>
<charParams l="655" t="385" r="671" b="407" charConfidence="48">a</charParams>
<charParams l="675" t="378" r="691" b="413" charConfidence="28">ß</charParams>
<charParams l="692" t="378" r="714" b="413"> </charParams>
<charParams l="715" t="382" r="731" b="409" charConfidence="32">d</charParams>
<charParams l="734" t="387" r="749" b="409" charConfidence="26">e</charParams>
<charParams l="749" t="381" r="759" b="409" charConfidence="94">i</charParams>
<charParams l="759" t="388" r="777" b="409" charConfidence="28">n</charParams>
<charParams l="782" t="388" r="794" b="410" charConfidence="29">e</charParams>
<charParams l="795" t="379" r="817" b="411"> </charParams>
<charParams l="818" t="379" r="858" b="411" charConfidence="29">W</charParams>
<charParams l="861" t="380" r="877" b="410" charConfidence="22">ü</charParams>
<charParams l="881" t="389" r="898" b="411" charConfidence="42">n</charParams>
<charParams l="903" t="382" r="915" b="416" charConfidence="26">s</charParams>
<charParams l="913" t="383" r="940" b="417" charConfidence="33">c</charParams>
<charParams l="913" t="383" r="940" b="417" suspicious="1" charConfidence="33">h</charParams>
<charParams l="944" t="389" r="957" b="411" charConfidence="55">e</charParams>
<charParams l="957" t="402" r="967" b="416" charConfidence="100">,</charParams></formatting></line>
<line baseline="466" l="186" t="435" r="968" b="475"><formatting lang="OldGerman">
<charParams l="186" t="442" r="202" b="469" charConfidence="26">d</charParams>
<charParams l="206" t="440" r="214" b="469" charConfidence="74">i</charParams>
<charParams l="217" t="447" r="230" b="469" suspicious="1" charConfidence="26">e</charParams>
<charParams l="231" t="439" r="252" b="475"> </charParams>
<charParams l="253" t="439" r="268" b="475" charConfidence="64">f</charParams>
<charParams l="266" t="446" r="280" b="469" charConfidence="26">r</charParams>
<charParams l="282" t="447" r="293" b="469" charConfidence="28">e</charParams>
<charParams l="296" t="445" r="313" b="468" charConfidence="61">u</charParams>
<charParams l="316" t="445" r="333" b="468" charConfidence="28">n</charParams>
<charParams l="337" t="440" r="353" b="468" charConfidence="27">d</charParams>
<charParams l="356" t="438" r="365" b="467" charConfidence="100">l</charParams>
<charParams l="367" t="439" r="375" b="466" charConfidence="100">i</charParams>
<charParams l="378" t="438" r="404" b="474" charConfidence="100">c</charParams>
<charParams l="378" t="438" r="404" b="474" charConfidence="100">h</charParams>
<charParams l="407" t="444" r="420" b="466" charConfidence="38">e</charParams>
<charParams l="421" t="435" r="435" b="468"> </charParams>
<charParams l="436" t="435" r="453" b="468" charConfidence="62">L</charParams>
<charParams l="457" t="444" r="468" b="466" charConfidence="25">e</charParams>
<charParams l="473" t="436" r="487" b="466" charConfidence="100">b</charParams>
<charParams l="491" t="435" r="509" b="475" charConfidence="26">h</charParams>
<charParams l="511" t="444" r="526" b="465" charConfidence="54">a</charParams>
<charParams l="530" t="436" r="553" b="471" charConfidence="80">f</charParams>
<charParams l="530" t="436" r="553" b="471" charConfidence="80">t</charParams>
<charParams l="557" t="437" r="563" b="465" charConfidence="58">i</charParams>
<charParams l="566" t="445" r="581" b="474" charConfidence="29">g</charParams>
<charParams l="585" t="436" r="598" b="465" charConfidence="35">k</charParams>
<charParams l="600" t="444" r="612" b="466" charConfidence="52">e</charParams>
<charParams l="616" t="437" r="623" b="465" charConfidence="100">i</charParams>
<charParams l="626" t="440" r="637" b="465" charConfidence="34">t</charParams>
<charParams l="638" t="440" r="658" b="466"> </charParams>
<charParams l="659" t="443" r="686" b="466" charConfidence="30">w</charParams>
<charParams l="689" t="443" r="704" b="466" charConfidence="30">o</charParams>
<charParams l="707" t="443" r="735" b="466" charConfidence="28">m</charParams>
<charParams l="738" t="438" r="747" b="465" charConfidence="30">i</charParams>
<charParams l="750" t="443" r="761" b="467" suspicious="1" charConfidence="39">t</charParams>
<charParams l="762" t="439" r="784" b="467"> </charParams>
<charParams l="785" t="439" r="801" b="466" charConfidence="27">d</charParams>
<charParams l="803" t="444" r="822" b="467" suspicious="1" charConfidence="-1">«</charParams>
<charParams l="823" t="439" r="846" b="475"> </charParams>
<charParams l="847" t="439" r="866" b="475" charConfidence="22">s</charParams>
<charParams l="847" t="439" r="866" b="475" charConfidence="22">t</charParams>
<charParams l="869" t="447" r="881" b="468" charConfidence="31">e</charParams>
<charParams l="882" t="447" r="899" b="468"> </charParams>
<charParams l="900" t="447" r="915" b="468" charConfidence="30">a</charParams>
<charParams l="920" t="447" r="936" b="469" charConfidence="37">u</charParams>
<charParams l="940" t="443" r="955" b="468" charConfidence="100">s</charParams>
<charParams l="958" t="450" r="968" b="465" charConfidence="22">¬</charParams></formatting></line>
<line baseline="527" l="186" t="495" r="968" b="536"><formatting lang="OldGerman">
<charParams l="186" t="500" r="202" b="529" charConfidence="28">d</charParams>
<charParams l="206" t="506" r="218" b="529" charConfidence="54">r</charParams>
<charParams l="222" t="497" r="238" b="528" charConfidence="68">ü</charParams>
<charParams l="242" t="507" r="251" b="528" charConfidence="44">c</charParams>
<charParams l="251" t="498" r="266" b="528" charConfidence="64">k</charParams>
<charParams l="268" t="498" r="288" b="536" charConfidence="65">s</charParams>
<charParams l="268" t="498" r="288" b="536" charConfidence="65">t</charParams>
<charParams l="296" t="520" r="305" b="535" charConfidence="84">,</charParams>
<charParams l="306" t="505" r="336" b="535"> </charParams>
<charParams l="337" t="505" r="365" b="528" charConfidence="43">m</charParams>
<charParams l="370" t="497" r="376" b="527" charConfidence="-1">i</charParams>
<charParams l="380" t="497" r="406" b="533" charConfidence="100">c</charParams>
<charParams l="380" t="497" r="406" b="533" charConfidence="100">h</charParams>
<charParams l="407" t="497" r="430" b="533"> </charParams>
<charParams l="431" t="505" r="448" b="527" charConfidence="100">n</charParams>
<charParams l="453" t="497" r="460" b="527" charConfidence="100">i</charParams>
<charParams l="463" t="496" r="489" b="533" charConfidence="55">c</charParams>
<charParams l="463" t="496" r="489" b="533" charConfidence="55">h</charParams>
<charParams l="494" t="502" r="504" b="527" charConfidence="26">t</charParams>
<charParams l="505" t="502" r="526" b="527"> </charParams>
<charParams l="527" t="503" r="543" b="527" charConfidence="83">u</charParams>
<charParams l="547" t="504" r="563" b="526" charConfidence="53">n</charParams>
<charParams l="567" t="504" r="583" b="534" charConfidence="29">g</charParams>
<charParams l="587" t="505" r="598" b="527" charConfidence="100">e</charParams>
<charParams l="602" t="504" r="615" b="527" charConfidence="100">r</charParams>
<charParams l="617" t="495" r="633" b="526" charConfidence="52">ü</charParams>
<charParams l="638" t="495" r="653" b="535" charConfidence="100">h</charParams>
<charParams l="657" t="503" r="670" b="526" charConfidence="53">r</charParams>
<charParams l="673" t="501" r="684" b="526" charConfidence="35">t</charParams>
<charParams l="692" t="517" r="701" b="532" charConfidence="68">,</charParams>
<charParams l="702" t="503" r="725" b="532"> </charParams>
<charParams l="726" t="503" r="754" b="526" charConfidence="63">m</charParams>
<charParams l="758" t="496" r="765" b="525" charConfidence="100">i</charParams>
<charParams l="769" t="496" r="795" b="533" charConfidence="78">c</charParams>
<charParams l="769" t="496" r="795" b="533" charConfidence="78">h</charParams>
<charParams l="796" t="496" r="819" b="533"> </charParams>
<charParams l="820" t="504" r="837" b="526" charConfidence="48">n</charParams>
<charParams l="842" t="497" r="849" b="526" charConfidence="100">i</charParams>
<charParams l="853" t="497" r="879" b="533" charConfidence="54">c</charParams>
<charParams l="853" t="497" r="879" b="533" charConfidence="54">h</charParams>
<charParams l="884" t="502" r="893" b="527" charConfidence="26">t</charParams>
<charParams l="894" t="502" r="917" b="527"> </charParams>
<charParams l="918" t="506" r="934" b="527" charConfidence="27">u</charParams>
<charParams l="938" t="505" r="955" b="529" charConfidence="37">n</charParams>
<charParams l="958" t="510" r="968" b="524" charConfidence="22">¬</charParams></formatting></line>
<line baseline="591" l="186" t="558" r="967" b="600"><formatting lang="OldGerman">
<charParams l="186" t="560" r="202" b="592" charConfidence="25">b</charParams>
<charParams l="206" t="569" r="218" b="593" charConfidence="26">e</charParams>
<charParams l="221" t="569" r="246" b="592" charConfidence="52">w</charParams>
<charParams l="250" t="570" r="261" b="591" charConfidence="100">e</charParams>
<charParams l="264" t="569" r="280" b="600" charConfidence="52">g</charParams>
<charParams l="283" t="566" r="294" b="592" charConfidence="69">t</charParams>
<charParams l="295" t="562" r="324" b="594"> </charParams>
<charParams l="325" t="562" r="333" b="594" charConfidence="28">l</charParams>
<charParams l="336" t="570" r="351" b="591" charConfidence="68">a</charParams>
<charParams l="355" t="560" r="379" b="597" charConfidence="96">s</charParams>
<charParams l="355" t="560" r="379" b="597" charConfidence="96">s</charParams>
<charParams l="377" t="570" r="389" b="592" charConfidence="30">e</charParams>
<charParams l="392" t="569" r="409" b="591" charConfidence="68">n</charParams>
<charParams l="412" t="584" r="421" b="592" charConfidence="58">.</charParams>
<charParams l="422" t="558" r="466" b="592"> </charParams>
<charParams l="467" t="558" r="501" b="592" charConfidence="48">S</charParams>
<charParams l="506" t="561" r="513" b="591" charConfidence="60">i</charParams>
<charParams l="517" t="569" r="529" b="591" charConfidence="64">e</charParams>
<charParams l="530" t="568" r="559" b="591"> </charParams>
<charParams l="560" t="568" r="577" b="590" charConfidence="33">n</charParams>
<charParams l="582" t="558" r="596" b="590" charConfidence="37">ö</charParams>
<charParams l="599" t="564" r="609" b="590" charConfidence="52">t</charParams>
<charParams l="612" t="558" r="628" b="598" charConfidence="100">h</charParams>
<charParams l="632" t="559" r="640" b="589" charConfidence="35">i</charParams>
<charParams l="643" t="567" r="659" b="598" charConfidence="41">g</charParams>
<charParams l="663" t="567" r="675" b="591" charConfidence="92">e</charParams>
<charParams l="677" t="567" r="695" b="590" charConfidence="100">n</charParams>
<charParams l="696" t="566" r="726" b="590"> </charParams>
<charParams l="727" t="566" r="754" b="590" charConfidence="83">m</charParams>
<charParams l="758" t="559" r="766" b="590" charConfidence="75">i</charParams>
<charParams l="770" t="558" r="795" b="595" charConfidence="73">c</charParams>
<charParams l="770" t="558" r="795" b="595" charConfidence="73">h</charParams>
<charParams l="796" t="558" r="819" b="599"> </charParams>
<charParams l="820" t="567" r="831" b="599" charConfidence="26">z</charParams>
<charParams l="835" t="568" r="852" b="590" charConfidence="100">u</charParams>
<charParams l="853" t="568" r="876" b="590"> </charParams>
<charParams l="877" t="568" r="889" b="590" charConfidence="31">e</charParams>
<charParams l="893" t="559" r="900" b="589" charConfidence="69">i</charParams>
<charParams l="903" t="568" r="920" b="590" charConfidence="40">n</charParams>
<charParams l="924" t="568" r="935" b="590" charConfidence="26">e</charParams>
<charParams l="939" t="567" r="967" b="590" charConfidence="100">m</charParams></formatting></line>
<line baseline="654" l="188" t="621" r="969" b="664"><formatting lang="OldGerman">
<charParams l="188" t="621" r="221" b="655" suspicious="1" charConfidence="25">G</charParams>
<charParams l="226" t="632" r="237" b="655" charConfidence="26">e</charParams>
<charParams l="241" t="624" r="260" b="662" charConfidence="22">s</charParams>
<charParams l="241" t="624" r="260" b="662" charConfidence="22">t</charParams>
<charParams l="263" t="622" r="277" b="654" suspicious="1" charConfidence="56">ä</charParams>
<charParams l="281" t="632" r="298" b="655" charConfidence="100">n</charParams>
<charParams l="302" t="625" r="317" b="655" charConfidence="27">d</charParams>
<charParams l="321" t="631" r="337" b="655" charConfidence="100">n</charParams>
<charParams l="341" t="624" r="350" b="655" charConfidence="100">i</charParams>
<charParams l="353" t="623" r="368" b="661" charConfidence="28">ß</charParams>
<charParams l="371" t="646" r="380" b="655" charConfidence="96">.</charParams>
<charParams l="381" t="621" r="424" b="662"> </charParams>
<charParams l="425" t="621" r="454" b="662" suspicious="1" charConfidence="27">Z</charParams>
<charParams l="458" t="624" r="483" b="661" charConfidence="73">c</charParams>
<charParams l="458" t="624" r="483" b="661" suspicious="1" charConfidence="73">h</charParams>
<charParams l="484" t="621" r="507" b="664"> </charParams>
<charParams l="508" t="621" r="526" b="664" suspicious="1" charConfidence="41">h</charParams>
<charParams l="530" t="631" r="545" b="654" charConfidence="54">a</charParams>
<charParams l="549" t="621" r="565" b="654" charConfidence="26">b</charParams>
<charParams l="568" t="630" r="581" b="654" charConfidence="33">e</charParams>
<charParams l="582" t="623" r="603" b="654"> </charParams>
<charParams l="604" t="623" r="620" b="653" charConfidence="57">d</charParams>
<charParams l="624" t="622" r="631" b="653" charConfidence="100">i</charParams>
<charParams l="635" t="630" r="647" b="653" charConfidence="31">r</charParams>
<charParams l="648" t="621" r="671" b="653"> </charParams>
<charParams l="672" t="621" r="688" b="653" charConfidence="43">b</charParams>
<charParams l="691" t="623" r="699" b="653" charConfidence="57">i</charParams>
<charParams l="702" t="625" r="717" b="653" charConfidence="100">s</charParams>
<charParams l="721" t="621" r="737" b="657" charConfidence="28">h</charParams>
<charParams l="741" t="630" r="753" b="653" charConfidence="28">e</charParams>
<charParams l="756" t="630" r="769" b="653" charConfidence="51">r</charParams>
<charParams l="770" t="630" r="792" b="653"> </charParams>
<charParams l="793" t="630" r="808" b="653" charConfidence="30">a</charParams>
<charParams l="813" t="631" r="829" b="653" charConfidence="25">u</charParams>
<charParams l="832" t="623" r="859" b="660" charConfidence="62">c</charParams>
<charParams l="832" t="623" r="859" b="660" charConfidence="62">h</charParams>
<charParams l="860" t="623" r="875" b="660"> </charParams>
<charParams l="876" t="631" r="889" b="653" charConfidence="49">e</charParams>
<charParams l="892" t="627" r="901" b="653" charConfidence="36">t</charParams>
<charParams l="904" t="630" r="929" b="653" charConfidence="48">w</charParams>
<charParams l="933" t="631" r="948" b="653" charConfidence="81">a</charParams>
<charParams l="952" t="624" r="969" b="652" charConfidence="100">s</charParams></formatting></line>
<line baseline="715" l="186" t="683" r="969" b="724"><formatting lang="OldGerman">
<charParams l="186" t="694" r="204" b="716" charConfidence="26">v</charParams>
<charParams l="208" t="693" r="220" b="715" charConfidence="30">e</charParams>
<charParams l="223" t="693" r="236" b="716" charConfidence="77">r</charParams>
<charParams l="239" t="685" r="253" b="716" charConfidence="62">b</charParams>
<charParams l="258" t="694" r="272" b="716" charConfidence="39">o</charParams>
<charParams l="275" t="693" r="288" b="716" charConfidence="55">r</charParams>
<charParams l="290" t="694" r="306" b="724" charConfidence="48">g</charParams>
<charParams l="310" t="694" r="322" b="716" charConfidence="80">e</charParams>
<charParams l="324" t="693" r="341" b="716" charConfidence="89">n</charParams>
<charParams l="345" t="708" r="353" b="717" charConfidence="79">.</charParams>
<charParams l="354" t="683" r="396" b="723"> </charParams>
<charParams l="397" t="683" r="426" b="723" suspicious="1" charConfidence="17">Z</charParams>
<charParams l="430" t="685" r="456" b="722" charConfidence="100">c</charParams>
<charParams l="430" t="685" r="456" b="722" charConfidence="100">h</charParams>
<charParams l="457" t="684" r="489" b="722"> </charParams>
<charParams l="490" t="684" r="506" b="716" charConfidence="57">b</charParams>
<charParams l="510" t="693" r="522" b="715" charConfidence="58">e</charParams>
<charParams l="525" t="685" r="542" b="722" charConfidence="22">f</charParams>
<charParams l="525" t="685" r="542" b="722" charConfidence="22">i</charParams>
<charParams l="546" t="693" r="561" b="715" charConfidence="77">n</charParams>
<charParams l="565" t="686" r="581" b="715" charConfidence="66">d</charParams>
<charParams l="584" t="693" r="597" b="715" charConfidence="27">e</charParams>
<charParams l="598" t="692" r="631" b="715"> </charParams>
<charParams l="632" t="692" r="660" b="715" charConfidence="100">m</charParams>
<charParams l="664" t="685" r="672" b="715" charConfidence="54">i</charParams>
<charParams l="675" t="685" r="701" b="721" charConfidence="100">c</charParams>
<charParams l="675" t="685" r="701" b="721" charConfidence="100">h</charParams>
<charParams l="702" t="685" r="725" b="721"> </charParams>
<charParams l="726" t="685" r="734" b="716" charConfidence="46">i</charParams>
<charParams l="737" t="692" r="755" b="715" charConfidence="31">n</charParams>
<charParams l="756" t="692" r="778" b="715"> </charParams>
<charParams l="779" t="692" r="791" b="714" charConfidence="28">e</charParams>
<charParams l="795" t="685" r="802" b="714" charConfidence="100">i</charParams>
<charParams l="804" t="692" r="822" b="715" charConfidence="94">n</charParams>
<charParams l="826" t="693" r="837" b="715" charConfidence="31">e</charParams>
<charParams l="841" t="693" r="854" b="714" charConfidence="29">r</charParams>
<charParams l="855" t="683" r="876" b="714"> </charParams>
<charParams l="877" t="683" r="893" b="714" charConfidence="31">ä</charParams>
<charParams l="897" t="683" r="912" b="723" charConfidence="100">h</charParams>
<charParams l="917" t="692" r="933" b="714" charConfidence="31">n</charParams>
<charParams l="938" t="685" r="946" b="714" charConfidence="40">l</charParams>
<charParams l="949" t="685" r="957" b="715" charConfidence="40">i</charParams>
<charParams l="960" t="695" r="969" b="711" charConfidence="100">¬</charParams></formatting></line>
<line baseline="777" l="187" t="744" r="968" b="784"><formatting lang="OldGerman">
<charParams l="187" t="754" r="199" b="775" charConfidence="30">c</charParams>
<charParams l="200" t="746" r="215" b="783" charConfidence="73">h</charParams>
<charParams l="219" t="754" r="230" b="776" charConfidence="29">e</charParams>
<charParams l="233" t="754" r="251" b="776" charConfidence="31">n</charParams>
<charParams l="252" t="745" r="274" b="778"> </charParams>
<charParams l="275" t="745" r="292" b="778" charConfidence="62">L</charParams>
<charParams l="295" t="755" r="310" b="777" suspicious="1" charConfidence="25">a</charParams>
<charParams l="313" t="754" r="332" b="784" charConfidence="26">g</charParams>
<charParams l="333" t="755" r="346" b="777" charConfidence="37">e</charParams>
<charParams l="347" t="753" r="368" b="778"> </charParams>
<charParams l="369" t="753" r="395" b="778" charConfidence="26">w</charParams>
<charParams l="399" t="748" r="406" b="777" charConfidence="43">i</charParams>
<charParams l="410" t="754" r="422" b="778" charConfidence="24">e</charParams>
<charParams l="423" t="749" r="445" b="778"> </charParams>
<charParams l="446" t="749" r="461" b="777" charConfidence="27">d</charParams>
<charParams l="465" t="754" r="482" b="777" charConfidence="44">u</charParams>
<charParams l="491" t="768" r="500" b="783" charConfidence="93">,</charParams>
<charParams l="501" t="754" r="541" b="783"> </charParams>
<charParams l="542" t="754" r="560" b="777" charConfidence="57">u</charParams>
<charParams l="563" t="753" r="579" b="776" charConfidence="100">n</charParams>
<charParams l="583" t="746" r="600" b="776" charConfidence="79">d</charParams>
<charParams l="601" t="745" r="623" b="784"> </charParams>
<charParams l="624" t="745" r="642" b="784" suspicious="1" charConfidence="38">h</charParams>
<charParams l="645" t="753" r="661" b="775" charConfidence="86">a</charParams>
<charParams l="665" t="745" r="680" b="776" charConfidence="47">b</charParams>
<charParams l="684" t="753" r="696" b="776" charConfidence="27">e</charParams>
<charParams l="697" t="752" r="719" b="776"> </charParams>
<charParams l="720" t="752" r="747" b="775" charConfidence="60">m</charParams>
<charParams l="752" t="746" r="760" b="775" charConfidence="26">i</charParams>
<charParams l="763" t="753" r="776" b="775" charConfidence="25">r</charParams>
<charParams l="777" t="745" r="799" b="782"> </charParams>
<charParams l="800" t="745" r="813" b="782" charConfidence="41">s</charParams>
<charParams l="811" t="745" r="837" b="782" charConfidence="100">c</charParams>
<charParams l="811" t="745" r="837" b="782" charConfidence="100">h</charParams>
<charParams l="840" t="753" r="855" b="776" charConfidence="35">o</charParams>
<charParams l="860" t="753" r="878" b="776" charConfidence="26">n</charParams>
<charParams l="879" t="753" r="900" b="777"> </charParams>
<charParams l="901" t="754" r="913" b="777" charConfidence="100">e</charParams>
<charParams l="917" t="744" r="932" b="775" charConfidence="32">b</charParams>
<charParams l="936" t="754" r="948" b="776" charConfidence="31">e</charParams>
<charParams l="951" t="752" r="968" b="776" charConfidence="30">n</charParams></formatting></line>
<line baseline="837" l="187" t="804" r="968" b="845"><formatting lang="OldGerman">
<charParams l="187" t="807" r="203" b="834" charConfidence="27">d</charParams>
<charParams l="207" t="806" r="215" b="835" charConfidence="28">i</charParams>
<charParams l="218" t="813" r="230" b="834" charConfidence="56">e</charParams>
<charParams l="231" t="804" r="261" b="835"> </charParams>
<charParams l="262" t="804" r="295" b="835" charConfidence="16">G</charParams>
<charParams l="298" t="813" r="311" b="835" charConfidence="49">e</charParams>
<charParams l="313" t="812" r="338" b="836" charConfidence="70">w</charParams>
<charParams l="342" t="814" r="357" b="836" charConfidence="28">a</charParams>
<charParams l="360" t="807" r="370" b="837" charConfidence="39">l</charParams>
<charParams l="372" t="811" r="382" b="837" suspicious="1" charConfidence="34">t</charParams>
<charParams l="383" t="811" r="411" b="837"> </charParams>
<charParams l="412" t="814" r="428" b="837" charConfidence="53">a</charParams>
<charParams l="431" t="814" r="448" b="837" charConfidence="54">n</charParams>
<charParams l="451" t="814" r="468" b="843" charConfidence="30">g</charParams>
<charParams l="471" t="814" r="484" b="836" charConfidence="33">e</charParams>
<charParams l="487" t="810" r="497" b="838" charConfidence="49">t</charParams>
<charParams l="500" t="805" r="516" b="844" charConfidence="100">h</charParams>
<charParams l="520" t="814" r="535" b="836" charConfidence="29">a</charParams>
<charParams l="538" t="813" r="556" b="837" charConfidence="100">n</charParams>
<charParams l="564" t="826" r="575" b="843" charConfidence="100">,</charParams>
<charParams l="576" t="807" r="612" b="843"> </charParams>
<charParams l="613" t="807" r="630" b="837" charConfidence="55">d</charParams>
<charParams l="633" t="806" r="641" b="837" charConfidence="66">i</charParams>
<charParams l="644" t="814" r="658" b="837" charConfidence="27">e</charParams>
<charParams l="659" t="806" r="686" b="837"> </charParams>
<charParams l="687" t="806" r="696" b="836" charConfidence="75">i</charParams>
<charParams l="698" t="806" r="725" b="845" charConfidence="64">c</charParams>
<charParams l="698" t="806" r="725" b="845" charConfidence="64">h</charParams>
<charParams l="726" t="806" r="748" b="845"> </charParams>
<charParams l="749" t="808" r="765" b="836" charConfidence="26">d</charParams>
<charParams l="769" t="806" r="777" b="837" charConfidence="62">i</charParams>
<charParams l="780" t="814" r="794" b="837" charConfidence="28">r</charParams>
<charParams l="795" t="814" r="815" b="837"> </charParams>
<charParams l="816" t="814" r="834" b="837" charConfidence="94">n</charParams>
<charParams l="838" t="814" r="855" b="837" charConfidence="27">u</charParams>
<charParams l="858" t="814" r="876" b="837" charConfidence="24">n</charParams>
<charParams l="877" t="805" r="898" b="837"> </charParams>
<charParams l="899" t="805" r="917" b="836" charConfidence="52">ü</charParams>
<charParams l="921" t="805" r="936" b="836" charConfidence="29">b</charParams>
<charParams l="940" t="813" r="952" b="837" charConfidence="64">e</charParams>
<charParams l="955" t="813" r="968" b="835" charConfidence="27">r</charParams></formatting></line>
<line baseline="893" l="188" t="861" r="668" b="901"><formatting lang="OldGerman">
<charParams l="188" t="866" r="204" b="894" charConfidence="46">d</charParams>
<charParams l="208" t="863" r="216" b="894" charConfidence="27">i</charParams>
<charParams l="218" t="863" r="245" b="900" charConfidence="88">c</charParams>
<charParams l="218" t="863" r="245" b="900" suspicious="1" charConfidence="88">h</charParams>
<charParams l="246" t="863" r="267" b="900"> </charParams>
<charParams l="268" t="863" r="278" b="898" charConfidence="26">s</charParams>
<charParams l="280" t="870" r="293" b="892" charConfidence="31">e</charParams>
<charParams l="296" t="863" r="304" b="892" charConfidence="40">l</charParams>
<charParams l="307" t="862" r="322" b="892" charConfidence="24">b</charParams>
<charParams l="325" t="862" r="347" b="899" charConfidence="58">s</charParams>
<charParams l="325" t="862" r="347" b="899" charConfidence="58">t</charParams>
<charParams l="348" t="862" r="368" b="901"> </charParams>
<charParams l="369" t="870" r="382" b="901" suspicious="1" charConfidence="92">z</charParams>
<charParams l="385" t="871" r="402" b="893" charConfidence="89">u</charParams>
<charParams l="405" t="870" r="423" b="892" charConfidence="29">n</charParams>
<charParams l="423" t="871" r="453" b="893" suspicious="1" charConfidence="25">m</charParams>
<charParams l="456" t="869" r="467" b="893" charConfidence="39">t</charParams>
<charParams l="469" t="863" r="486" b="901" charConfidence="54">h</charParams>
<charParams l="490" t="871" r="503" b="893" charConfidence="27">e</charParams>
<charParams l="504" t="884" r="514" b="895" suspicious="1" charConfidence="60">.</charParams>
<charParams l="515" t="861" r="647" b="895"> </charParams>
<charParams l="648" t="861" r="668" b="890" suspicious="1" charConfidence="-1">^</charParams></formatting></line></par>
<par align="Justified" startIndent="1776" lineSpacing="1512">
<line baseline="1014" l="254" t="980" r="967" b="1025"><formatting lang="OldGerman">
<charParams l="254" t="986" r="288" b="1019" charConfidence="39">D</charParams>
<charParams l="292" t="995" r="307" b="1018" charConfidence="33">a</charParams>
<charParams l="311" t="988" r="327" b="1018" charConfidence="-1">s</charParams>
<charParams l="328" t="984" r="358" b="1025"> </charParams>
<charParams l="359" t="984" r="376" b="1025" suspicious="1" charConfidence="56">h</charParams>
<charParams l="380" t="983" r="394" b="1015" charConfidence="98">ö</charParams>
<charParams l="398" t="992" r="410" b="1016" charConfidence="72">r</charParams>
<charParams l="412" t="982" r="420" b="997" charConfidence="100">&apos;</charParams>
<charParams l="421" t="982" r="442" b="1013"> </charParams>
<charParams l="443" t="983" r="452" b="1013" charConfidence="43">i</charParams>
<charParams l="455" t="982" r="482" b="1022" charConfidence="56">c</charParams>
<charParams l="455" t="982" r="482" b="1022" charConfidence="56">h</charParams>
<charParams l="483" t="982" r="512" b="1022"> </charParams>
<charParams l="513" t="989" r="530" b="1020" charConfidence="25">g</charParams>
<charParams l="534" t="990" r="545" b="1013" charConfidence="25">e</charParams>
<charParams l="548" t="990" r="560" b="1013" charConfidence="100">r</charParams>
<charParams l="564" t="989" r="581" b="1012" charConfidence="27">n</charParams>
<charParams l="592" t="1003" r="602" b="1019" charConfidence="100">,</charParams>
<charParams l="603" t="981" r="637" b="1019"> </charParams>
<charParams l="638" t="981" r="653" b="1019" charConfidence="44">s</charParams>
<charParams l="650" t="989" r="666" b="1011" charConfidence="28">a</charParams>
<charParams l="669" t="989" r="685" b="1019" charConfidence="37">g</charParams>
<charParams l="689" t="986" r="698" b="1013" charConfidence="32">t</charParams>
<charParams l="702" t="989" r="714" b="1012" charConfidence="27">e</charParams>
<charParams l="715" t="980" r="745" b="1014"> </charParams>
<charParams l="746" t="980" r="772" b="1014" charConfidence="28">E</charParams>
<charParams l="776" t="984" r="790" b="1013" charConfidence="24">d</charParams>
<charParams l="794" t="991" r="811" b="1016" charConfidence="26">u</charParams>
<charParams l="815" t="991" r="830" b="1013" charConfidence="0">a</charParams>
<charParams l="834" t="991" r="847" b="1014" charConfidence="100">r</charParams>
<charParams l="850" t="985" r="865" b="1013" charConfidence="37">d</charParams>
<charParams l="873" t="994" r="883" b="1022" charConfidence="35">;</charParams>
<charParams l="884" t="987" r="928" b="1022"> </charParams>
<charParams l="929" t="987" r="937" b="1016" charConfidence="27">i</charParams>
<charParams l="941" t="986" r="967" b="1024" charConfidence="85">c</charParams>
<charParams l="941" t="986" r="967" b="1024" charConfidence="85">h</charParams></formatting></line>
<line baseline="1077" l="190" t="1042" r="966" b="1089"><formatting lang="OldGerman">
<charParams l="190" t="1057" r="216" b="1081" charConfidence="38">m</charParams>
<charParams l="221" t="1059" r="232" b="1082" charConfidence="26">e</charParams>
<charParams l="236" t="1058" r="248" b="1082" charConfidence="58">r</charParams>
<charParams l="251" t="1049" r="263" b="1081" charConfidence="72">k</charParams>
<charParams l="265" t="1058" r="278" b="1081" charConfidence="35">e</charParams>
<charParams l="279" t="1056" r="314" b="1082"> </charParams>
<charParams l="315" t="1056" r="341" b="1082" charConfidence="37">w</charParams>
<charParams l="345" t="1057" r="359" b="1080" charConfidence="43">o</charParams>
<charParams l="363" t="1047" r="379" b="1089" charConfidence="96">h</charParams>
<charParams l="383" t="1049" r="391" b="1080" charConfidence="100">l</charParams>
<charParams l="400" t="1070" r="409" b="1086" charConfidence="100">,</charParams>
<charParams l="410" t="1046" r="453" b="1086"> </charParams>
<charParams l="454" t="1046" r="464" b="1078" charConfidence="49">i</charParams>
<charParams l="466" t="1053" r="494" b="1078" charConfidence="100">m</charParams>
<charParams l="495" t="1042" r="533" b="1078"> </charParams>
<charParams l="534" t="1042" r="559" b="1077" charConfidence="31">E</charParams>
<charParams l="563" t="1043" r="579" b="1085" charConfidence="77">h</charParams>
<charParams l="583" t="1044" r="603" b="1084" charConfidence="52">s</charParams>
<charParams l="583" t="1044" r="603" b="1084" charConfidence="52">t</charParams>
<charParams l="605" t="1052" r="620" b="1076" charConfidence="33">a</charParams>
<charParams l="624" t="1052" r="641" b="1076" charConfidence="100">n</charParams>
<charParams l="644" t="1045" r="659" b="1075" charConfidence="26">d</charParams>
<charParams l="663" t="1051" r="677" b="1075" charConfidence="72">e</charParams>
<charParams l="678" t="1050" r="713" b="1075"> </charParams>
<charParams l="714" t="1050" r="742" b="1074" charConfidence="67">m</charParams>
<charParams l="746" t="1051" r="762" b="1074" charConfidence="38">u</charParams>
<charParams l="767" t="1043" r="782" b="1080" charConfidence="25">ß</charParams>
<charParams l="783" t="1043" r="814" b="1080"> </charParams>
<charParams l="815" t="1052" r="843" b="1075" charConfidence="100">m</charParams>
<charParams l="847" t="1052" r="862" b="1075" charConfidence="36">a</charParams>
<charParams l="865" t="1052" r="883" b="1076" charConfidence="62">n</charParams>
<charParams l="884" t="1047" r="917" b="1086"> </charParams>
<charParams l="918" t="1047" r="938" b="1086" charConfidence="84">s</charParams>
<charParams l="918" t="1047" r="938" b="1086" charConfidence="84">i</charParams>
<charParams l="939" t="1048" r="966" b="1086" charConfidence="57">c</charParams>
<charParams l="939" t="1048" r="966" b="1086" charConfidence="57">h</charParams></formatting></line>
<line baseline="1140" l="189" t="1104" r="967" b="1151"><formatting lang="OldGerman">
<charParams l="189" t="1120" r="217" b="1143" charConfidence="55">m</charParams>
<charParams l="221" t="1121" r="235" b="1143" charConfidence="56">a</charParams>
<charParams l="240" t="1121" r="256" b="1143" charConfidence="44">n</charParams>
<charParams l="261" t="1113" r="286" b="1150" charConfidence="100">c</charParams>
<charParams l="261" t="1113" r="286" b="1150" charConfidence="100">h</charParams>
<charParams l="290" t="1119" r="317" b="1143" charConfidence="58">m</charParams>
<charParams l="321" t="1120" r="336" b="1143" charConfidence="92">a</charParams>
<charParams l="340" t="1112" r="348" b="1143" charConfidence="56">l</charParams>
<charParams l="349" t="1112" r="371" b="1151"> </charParams>
<charParams l="372" t="1112" r="392" b="1151" charConfidence="100">s</charParams>
<charParams l="372" t="1112" r="392" b="1151" charConfidence="100">t</charParams>
<charParams l="395" t="1119" r="408" b="1142" charConfidence="45">r</charParams>
<charParams l="411" t="1119" r="422" b="1142" charConfidence="51">e</charParams>
<charParams l="425" t="1110" r="433" b="1141" charConfidence="100">i</charParams>
<charParams l="436" t="1114" r="447" b="1142" charConfidence="53">t</charParams>
<charParams l="450" t="1118" r="461" b="1140" charConfidence="26">e</charParams>
<charParams l="464" t="1117" r="481" b="1141" charConfidence="100">n</charParams>
<charParams l="493" t="1131" r="501" b="1147" charConfidence="84">,</charParams>
<charParams l="502" t="1110" r="525" b="1147"> </charParams>
<charParams l="526" t="1110" r="541" b="1139" charConfidence="27">d</charParams>
<charParams l="546" t="1117" r="557" b="1140" charConfidence="100">e</charParams>
<charParams l="560" t="1115" r="577" b="1139" charConfidence="61">n</charParams>
<charParams l="580" t="1115" r="599" b="1139" charConfidence="68">n</charParams>
<charParams l="600" t="1108" r="622" b="1139"> </charParams>
<charParams l="623" t="1108" r="639" b="1138" charConfidence="33">d</charParams>
<charParams l="642" t="1115" r="658" b="1139" charConfidence="38">a</charParams>
<charParams l="661" t="1108" r="676" b="1140" charConfidence="26">d</charParams>
<charParams l="680" t="1114" r="696" b="1138" charConfidence="53">u</charParams>
<charParams l="700" t="1114" r="713" b="1138" charConfidence="62">r</charParams>
<charParams l="715" t="1104" r="741" b="1146" charConfidence="27">c</charParams>
<charParams l="715" t="1104" r="741" b="1146" charConfidence="27">h</charParams>
<charParams l="742" t="1104" r="765" b="1146"> </charParams>
<charParams l="766" t="1113" r="778" b="1137" charConfidence="26">e</charParams>
<charParams l="782" t="1114" r="794" b="1137" charConfidence="49">r</charParams>
<charParams l="797" t="1105" r="810" b="1144" charConfidence="39">f</charParams>
<charParams l="809" t="1105" r="824" b="1137" charConfidence="27">ä</charParams>
<charParams l="828" t="1105" r="845" b="1148" charConfidence="75">h</charParams>
<charParams l="848" t="1114" r="861" b="1138" charConfidence="100">r</charParams>
<charParams l="864" t="1112" r="875" b="1139" charConfidence="29">t</charParams>
<charParams l="876" t="1112" r="897" b="1139"> </charParams>
<charParams l="898" t="1115" r="925" b="1139" charConfidence="69">m</charParams>
<charParams l="929" t="1116" r="944" b="1140" charConfidence="26">a</charParams>
<charParams l="948" t="1116" r="967" b="1140" charConfidence="24">n</charParams></formatting></line>
<line baseline="1206" l="188" t="1174" r="500" b="1207"><formatting lang="OldGerman">
<charParams l="188" t="1182" r="215" b="1205" charConfidence="23">w</charParams>
<charParams l="218" t="1182" r="233" b="1205" charConfidence="28">a</charParams>
<charParams l="237" t="1178" r="253" b="1206" charConfidence="-1">s</charParams>
<charParams l="254" t="1178" r="275" b="1207"> </charParams>
<charParams l="276" t="1184" r="293" b="1207" charConfidence="34">v</charParams>
<charParams l="296" t="1183" r="311" b="1207" charConfidence="43">o</charParams>
<charParams l="314" t="1183" r="332" b="1207" charConfidence="100">n</charParams>
<charParams l="333" t="1182" r="355" b="1207"> </charParams>
<charParams l="356" t="1182" r="369" b="1206" charConfidence="26">e</charParams>
<charParams l="371" t="1174" r="379" b="1205" charConfidence="29">i</charParams>
<charParams l="383" t="1181" r="399" b="1205" charConfidence="27">n</charParams>
<charParams l="403" t="1182" r="419" b="1205" charConfidence="38">a</charParams>
<charParams l="421" t="1181" r="440" b="1204" charConfidence="32">n</charParams>
<charParams l="443" t="1175" r="457" b="1204" charConfidence="27">d</charParams>
<charParams l="462" t="1181" r="472" b="1205" charConfidence="28">e</charParams>
<charParams l="476" t="1181" r="489" b="1205" charConfidence="44">r</charParams>
<charParams l="490" t="1195" r="500" b="1205" charConfidence="83">.</charParams></formatting></line></par>
<par align="Justified" startIndent="1776" lineSpacing="1464">
<line baseline="1329" l="255" t="1293" r="965" b="1338"><formatting lang="OldGerman">
<charParams l="255" t="1298" r="290" b="1332" charConfidence="41">N</charParams>
<charParams l="294" t="1308" r="310" b="1331" charConfidence="53">u</charParams>
<charParams l="313" t="1307" r="331" b="1330" charConfidence="40">n</charParams>
<charParams l="332" t="1298" r="354" b="1337"> </charParams>
<charParams l="355" t="1298" r="369" b="1337" charConfidence="60">s</charParams>
<charParams l="367" t="1307" r="381" b="1330" charConfidence="45">o</charParams>
<charParams l="385" t="1298" r="403" b="1330" charConfidence="94">l</charParams>
<charParams l="385" t="1298" r="403" b="1330" charConfidence="94">l</charParams>
<charParams l="405" t="1299" r="425" b="1338" charConfidence="31">s</charParams>
<charParams l="405" t="1299" r="425" b="1338" charConfidence="31">t</charParams>
<charParams l="426" t="1299" r="448" b="1338"> </charParams>
<charParams l="449" t="1299" r="464" b="1329" charConfidence="100">d</charParams>
<charParams l="469" t="1305" r="486" b="1330" charConfidence="31">u</charParams>
<charParams l="487" t="1305" r="508" b="1330"> </charParams>
<charParams l="509" t="1306" r="525" b="1329" charConfidence="100">a</charParams>
<charParams l="529" t="1299" r="537" b="1331" charConfidence="66">l</charParams>
<charParams l="540" t="1298" r="553" b="1337" charConfidence="57">s</charParams>
<charParams l="551" t="1306" r="566" b="1330" charConfidence="31">o</charParams>
<charParams l="567" t="1305" r="589" b="1330"> </charParams>
<charParams l="590" t="1305" r="602" b="1328" charConfidence="51">e</charParams>
<charParams l="605" t="1304" r="618" b="1327" charConfidence="41">r</charParams>
<charParams l="620" t="1294" r="635" b="1333" charConfidence="100">f</charParams>
<charParams l="633" t="1302" r="647" b="1326" charConfidence="30">a</charParams>
<charParams l="651" t="1293" r="668" b="1335" charConfidence="62">h</charParams>
<charParams l="672" t="1302" r="684" b="1326" charConfidence="33">r</charParams>
<charParams l="687" t="1303" r="699" b="1325" charConfidence="33">e</charParams>
<charParams l="702" t="1302" r="719" b="1326" charConfidence="32">n</charParams>
<charParams l="728" t="1318" r="738" b="1333" charConfidence="80">,</charParams>
<charParams l="739" t="1295" r="773" b="1334"> </charParams>
<charParams l="774" t="1295" r="787" b="1334" charConfidence="54">s</charParams>
<charParams l="786" t="1305" r="801" b="1327" charConfidence="100">a</charParams>
<charParams l="804" t="1305" r="820" b="1335" charConfidence="26">g</charParams>
<charParams l="824" t="1301" r="834" b="1329" charConfidence="64">t</charParams>
<charParams l="837" t="1306" r="850" b="1329" charConfidence="27">e</charParams>
<charParams l="851" t="1296" r="873" b="1330"> </charParams>
<charParams l="874" t="1296" r="899" b="1330" charConfidence="33">C</charParams>
<charParams l="901" t="1297" r="917" b="1338" charConfidence="83">h</charParams>
<charParams l="921" t="1306" r="936" b="1328" charConfidence="42">a</charParams>
<charParams l="940" t="1306" r="953" b="1329" charConfidence="85">r</charParams>
<charParams l="956" t="1310" r="965" b="1325" charConfidence="22">¬</charParams></formatting></line>
<line baseline="1391" l="190" t="1357" r="964" b="1399"><formatting lang="OldGerman">
<charParams l="190" t="1359" r="199" b="1389" charConfidence="35">l</charParams>
<charParams l="202" t="1366" r="215" b="1389" charConfidence="31">o</charParams>
<charParams l="220" t="1363" r="229" b="1389" charConfidence="31">t</charParams>
<charParams l="232" t="1363" r="242" b="1390" charConfidence="100">t</charParams>
<charParams l="245" t="1367" r="257" b="1390" charConfidence="34">e</charParams>
<charParams l="267" t="1384" r="276" b="1399" charConfidence="78">,</charParams>
<charParams l="277" t="1364" r="299" b="1399"> </charParams>
<charParams l="300" t="1364" r="315" b="1393" charConfidence="26">d</charParams>
<charParams l="319" t="1370" r="334" b="1393" charConfidence="100">a</charParams>
<charParams l="337" t="1362" r="354" b="1399" charConfidence="28">ß</charParams>
<charParams l="355" t="1362" r="377" b="1399"> </charParams>
<charParams l="378" t="1369" r="390" b="1393" charConfidence="100">e</charParams>
<charParams l="393" t="1364" r="408" b="1392" charConfidence="100">s</charParams>
<charParams l="409" t="1364" r="431" b="1392"> </charParams>
<charParams l="432" t="1368" r="459" b="1392" charConfidence="99">m</charParams>
<charParams l="463" t="1362" r="471" b="1393" charConfidence="100">i</charParams>
<charParams l="474" t="1369" r="488" b="1393" charConfidence="53">r</charParams>
<charParams l="489" t="1369" r="510" b="1393"> </charParams>
<charParams l="511" t="1369" r="539" b="1392" charConfidence="100">m</charParams>
<charParams l="542" t="1361" r="549" b="1392" charConfidence="31">i</charParams>
<charParams l="553" t="1365" r="564" b="1391" charConfidence="51">t</charParams>
<charParams l="565" t="1357" r="585" b="1391"> </charParams>
<charParams l="586" t="1357" r="613" b="1390" charConfidence="68">O</charParams>
<charParams l="617" t="1363" r="627" b="1389" charConfidence="36">t</charParams>
<charParams l="629" t="1363" r="640" b="1389" charConfidence="36">t</charParams>
<charParams l="642" t="1358" r="649" b="1388" charConfidence="60">i</charParams>
<charParams l="653" t="1359" r="661" b="1388" charConfidence="40">l</charParams>
<charParams l="663" t="1359" r="672" b="1389" charConfidence="27">i</charParams>
<charParams l="675" t="1365" r="687" b="1388" charConfidence="30">e</charParams>
<charParams l="689" t="1365" r="707" b="1388" charConfidence="100">n</charParams>
<charParams l="708" t="1365" r="729" b="1397"> </charParams>
<charParams l="730" t="1366" r="746" b="1397" charConfidence="56">g</charParams>
<charParams l="751" t="1367" r="762" b="1390" charConfidence="100">e</charParams>
<charParams l="765" t="1358" r="782" b="1398" charConfidence="91">h</charParams>
<charParams l="786" t="1365" r="797" b="1392" charConfidence="61">t</charParams>
<charParams l="805" t="1383" r="813" b="1398" charConfidence="71">,</charParams>
<charParams l="814" t="1367" r="844" b="1398"> </charParams>
<charParams l="845" t="1367" r="871" b="1392" charConfidence="49">w</charParams>
<charParams l="875" t="1360" r="882" b="1390" charConfidence="100">i</charParams>
<charParams l="886" t="1368" r="898" b="1391" charConfidence="51">e</charParams>
<charParams l="899" t="1362" r="921" b="1391"> </charParams>
<charParams l="922" t="1362" r="937" b="1391" charConfidence="27">d</charParams>
<charParams l="941" t="1359" r="948" b="1390" charConfidence="41">i</charParams>
<charParams l="951" t="1367" r="964" b="1390" charConfidence="100">r</charParams></formatting></line>
<line baseline="1452" l="191" t="1418" r="965" b="1460"><formatting lang="OldGerman">
<charParams l="191" t="1427" r="218" b="1449" charConfidence="35">m</charParams>
<charParams l="224" t="1420" r="230" b="1450" charConfidence="100">i</charParams>
<charParams l="235" t="1425" r="245" b="1450" charConfidence="28">t</charParams>
<charParams l="246" t="1424" r="268" b="1451"> </charParams>
<charParams l="269" t="1424" r="284" b="1451" charConfidence="24">d</charParams>
<charParams l="288" t="1431" r="299" b="1452" charConfidence="100">e</charParams>
<charParams l="303" t="1430" r="330" b="1453" charConfidence="65">m</charParams>
<charParams l="331" t="1421" r="345" b="1460"> </charParams>
<charParams l="346" t="1421" r="377" b="1460" charConfidence="28">H</charParams>
<charParams l="381" t="1432" r="396" b="1455" charConfidence="24">a</charParams>
<charParams l="400" t="1432" r="416" b="1455" suspicious="1" charConfidence="25">n</charParams>
<charParams l="420" t="1431" r="436" b="1460" charConfidence="38">p</charParams>
<charParams l="440" t="1429" r="450" b="1455" charConfidence="26">t</charParams>
<charParams l="452" t="1431" r="479" b="1454" suspicious="1" charConfidence="59">m</charParams>
<charParams l="482" t="1431" r="497" b="1454" charConfidence="25">a</charParams>
<charParams l="502" t="1431" r="517" b="1454" charConfidence="24">n</charParams>
<charParams l="522" t="1431" r="539" b="1454" charConfidence="100">n</charParams>
<charParams l="542" t="1446" r="549" b="1453" charConfidence="100">.</charParams>
<charParams l="550" t="1418" r="595" b="1456"> </charParams>
<charParams l="596" t="1418" r="626" b="1456" charConfidence="29">H</charParams>
<charParams l="630" t="1420" r="645" b="1450" charConfidence="25">ö</charParams>
<charParams l="648" t="1419" r="674" b="1458" charConfidence="57">c</charParams>
<charParams l="648" t="1419" r="674" b="1458" charConfidence="57">h</charParams>
<charParams l="677" t="1420" r="698" b="1457" charConfidence="70">s</charParams>
<charParams l="677" t="1420" r="698" b="1457" charConfidence="70">t</charParams>
<charParams l="699" t="1420" r="712" b="1457"> </charParams>
<charParams l="713" t="1428" r="730" b="1451" charConfidence="28">u</charParams>
<charParams l="734" t="1429" r="750" b="1452" charConfidence="49">n</charParams>
<charParams l="753" t="1430" r="769" b="1460" charConfidence="31">g</charParams>
<charParams l="774" t="1430" r="785" b="1453" charConfidence="26">e</charParams>
<charParams l="788" t="1430" r="801" b="1453" charConfidence="50">r</charParams>
<charParams l="804" t="1430" r="821" b="1453" charConfidence="43">n</charParams>
<charParams l="822" t="1429" r="838" b="1453"> </charParams>
<charParams l="839" t="1429" r="865" b="1453" charConfidence="31">w</charParams>
<charParams l="868" t="1430" r="880" b="1452" charConfidence="100">e</charParams>
<charParams l="884" t="1423" r="891" b="1453" charConfidence="100">i</charParams>
<charParams l="894" t="1421" r="911" b="1458" suspicious="1" charConfidence="23">ß</charParams>
<charParams l="912" t="1421" r="926" b="1458"> </charParams>
<charParams l="927" t="1421" r="935" b="1450" charConfidence="29">i</charParams>
<charParams l="939" t="1420" r="965" b="1451" charConfidence="100">c</charParams>
<charParams l="939" t="1420" r="965" b="1451" charConfidence="100">h</charParams></formatting></line></par>
</text>
</block>
</page>
</document>