﻿<?xml version="1.0" encoding="UTF-8" standalone="yes"?>
<document xmlns="http://www.abbyy.com/FineReader_xml/FineReader10-schema-v1.xml" version="1.0" producer="ABBYY FineReader Engine 11" languages="" xmlns:xsi="http://www.w3.org/2001/XMLSchema-instance" xsi:schemaLocation="http://www.abbyy.com/FineReader_xml/FineReader10-schema-v1.xml http://www.abbyy.com/FineReader_xml/FineReader10-schema-v1.xml">
<page width="1156" height="1782" resolution="300" originalCoords="1">
<block blockType="Text" blockName="">
<text>
<par startIndent="144">
<line baseline="86" l="570" t="59" r="610" b="86"><formatting lang="OldGerman">
<charParams l="570" t="64" r="587" b="86" charConfidence="21">2</charParams>
<charParams l="591" t="59" r="610" b="86" charConfidence="54">6</charParams></formatting></line></par>
</text>
</block>
<block blockType="Text" blockName="">
<text>
<par align="Justified" startIndent="352" lineSpacing="1440">
<line baseline="178" l="200" t="141" r="977" b="187"><formatting lang="OldGerman">
<charParams l="200" t="150" r="216" b="178" charConfidence="28">d</charParams>
<charParams l="220" t="156" r="234" b="178" charConfidence="26">a</charParams>
<charParams l="239" t="151" r="253" b="179" charConfidence="-1">s</charParams>
<charParams l="254" t="149" r="277" b="180"> </charParams>
<charParams l="278" t="149" r="286" b="180" charConfidence="32">l</charParams>
<charParams l="289" t="150" r="297" b="179" charConfidence="43">i</charParams>
<charParams l="300" t="156" r="312" b="179" charConfidence="26">e</charParams>
<charParams l="316" t="147" r="330" b="179" charConfidence="64">b</charParams>
<charParams l="334" t="156" r="347" b="179" charConfidence="35">e</charParams>
<charParams l="348" t="147" r="369" b="179"> </charParams>
<charParams l="370" t="147" r="400" b="179" charConfidence="42">K</charParams>
<charParams l="402" t="148" r="410" b="179" charConfidence="61">i</charParams>
<charParams l="413" t="155" r="429" b="178" charConfidence="53">n</charParams>
<charParams l="434" t="150" r="449" b="178" charConfidence="28">d</charParams>
<charParams l="450" t="147" r="473" b="178"> </charParams>
<charParams l="474" t="147" r="482" b="177" charConfidence="28">i</charParams>
<charParams l="485" t="153" r="503" b="177" charConfidence="31">n</charParams>
<charParams l="504" t="145" r="525" b="177"> </charParams>
<charParams l="526" t="145" r="541" b="174" charConfidence="100">d</charParams>
<charParams l="545" t="151" r="557" b="173" charConfidence="38">e</charParams>
<charParams l="560" t="150" r="573" b="173" charConfidence="26">r</charParams>
<charParams l="574" t="141" r="590" b="181"> </charParams>
<charParams l="591" t="141" r="623" b="181" charConfidence="46">P</charParams>
<charParams l="627" t="151" r="639" b="173" charConfidence="42">e</charParams>
<charParams l="642" t="151" r="659" b="174" charConfidence="36">n</charParams>
<charParams l="662" t="145" r="681" b="183" charConfidence="85">s</charParams>
<charParams l="662" t="145" r="681" b="183" charConfidence="85">i</charParams>
<charParams l="684" t="153" r="697" b="176" charConfidence="30">o</charParams>
<charParams l="701" t="153" r="718" b="176" charConfidence="56">n</charParams>
<charParams l="720" t="168" r="729" b="183" charConfidence="71">,</charParams>
<charParams l="730" t="154" r="752" b="183"> </charParams>
<charParams l="753" t="154" r="779" b="178" charConfidence="27">w</charParams>
<charParams l="784" t="156" r="798" b="179" charConfidence="35">o</charParams>
<charParams l="799" t="148" r="822" b="187"> </charParams>
<charParams l="823" t="148" r="841" b="187" charConfidence="82">s</charParams>
<charParams l="823" t="148" r="841" b="187" charConfidence="82">i</charParams>
<charParams l="844" t="156" r="856" b="179" charConfidence="55">e</charParams>
<charParams l="857" t="148" r="879" b="186"> </charParams>
<charParams l="880" t="148" r="897" b="186" charConfidence="100">s</charParams>
<charParams l="880" t="148" r="897" b="186" charConfidence="100">i</charParams>
<charParams l="900" t="151" r="926" b="180" charConfidence="25">c</charParams>
<charParams l="900" t="151" r="926" b="180" charConfidence="25">h</charParams>
<charParams l="927" t="151" r="947" b="181"> </charParams>
<charParams l="948" t="151" r="955" b="181" charConfidence="27">i</charParams>
<charParams l="959" t="158" r="977" b="182" charConfidence="98">n</charParams></formatting></line>
<line baseline="239" l="198" t="203" r="977" b="248"><formatting lang="OldGerman">
<charParams l="198" t="210" r="213" b="247" charConfidence="89">s</charParams>
<charParams l="211" t="217" r="223" b="240" charConfidence="29">e</charParams>
<charParams l="226" t="209" r="241" b="248" charConfidence="100">h</charParams>
<charParams l="246" t="218" r="259" b="240" charConfidence="51">r</charParams>
<charParams l="260" t="213" r="282" b="240"> </charParams>
<charParams l="283" t="213" r="299" b="240" charConfidence="39">d</charParams>
<charParams l="302" t="218" r="315" b="240" charConfidence="100">r</charParams>
<charParams l="318" t="209" r="334" b="240" charConfidence="22">ü</charParams>
<charParams l="339" t="220" r="350" b="240" charConfidence="25">c</charParams>
<charParams l="350" t="210" r="362" b="240" charConfidence="42">k</charParams>
<charParams l="365" t="218" r="376" b="239" charConfidence="31">e</charParams>
<charParams l="379" t="217" r="396" b="239" charConfidence="98">n</charParams>
<charParams l="400" t="212" r="415" b="240" charConfidence="26">d</charParams>
<charParams l="419" t="217" r="430" b="239" charConfidence="100">e</charParams>
<charParams l="433" t="216" r="451" b="239" charConfidence="61">n</charParams>
<charParams l="452" t="206" r="474" b="239"> </charParams>
<charParams l="475" t="206" r="504" b="237" charConfidence="31">V</charParams>
<charParams l="508" t="213" r="519" b="235" charConfidence="26">e</charParams>
<charParams l="522" t="212" r="535" b="234" charConfidence="47">r</charParams>
<charParams l="538" t="203" r="554" b="244" charConfidence="33">h</charParams>
<charParams l="557" t="203" r="572" b="234" charConfidence="28">ä</charParams>
<charParams l="577" t="204" r="585" b="234" charConfidence="34">l</charParams>
<charParams l="587" t="208" r="598" b="234" charConfidence="45">t</charParams>
<charParams l="600" t="212" r="617" b="234" charConfidence="78">n</charParams>
<charParams l="621" t="205" r="628" b="233" charConfidence="49">i</charParams>
<charParams l="632" t="203" r="656" b="239" charConfidence="94">s</charParams>
<charParams l="632" t="203" r="656" b="239" charConfidence="94">s</charParams>
<charParams l="654" t="214" r="666" b="235" charConfidence="40">e</charParams>
<charParams l="669" t="214" r="686" b="236" charConfidence="33">n</charParams>
<charParams l="687" t="206" r="702" b="237"> </charParams>
<charParams l="703" t="206" r="719" b="237" charConfidence="43">b</charParams>
<charParams l="723" t="216" r="735" b="239" charConfidence="25">e</charParams>
<charParams l="737" t="208" r="755" b="244" charConfidence="22">f</charParams>
<charParams l="737" t="208" r="755" b="244" charConfidence="22">i</charParams>
<charParams l="758" t="217" r="775" b="240" charConfidence="72">n</charParams>
<charParams l="779" t="211" r="794" b="240" charConfidence="39">d</charParams>
<charParams l="798" t="218" r="810" b="240" charConfidence="42">e</charParams>
<charParams l="814" t="213" r="824" b="240" charConfidence="27">t</charParams>
<charParams l="826" t="233" r="834" b="240" charConfidence="100">.</charParams>
<charParams l="835" t="207" r="880" b="241"> </charParams>
<charParams l="881" t="207" r="920" b="241" charConfidence="46">W</charParams>
<charParams l="924" t="218" r="935" b="240" charConfidence="28">e</charParams>
<charParams l="938" t="218" r="955" b="240" charConfidence="100">n</charParams>
<charParams l="959" t="219" r="977" b="242" charConfidence="24">n</charParams></formatting></line>
<line baseline="299" l="198" t="265" r="976" b="310"><formatting lang="OldGerman">
<charParams l="198" t="270" r="215" b="304" charConfidence="36">L</charParams>
<charParams l="219" t="281" r="225" b="301" suspicious="1" charConfidence="100">i</charParams>
<charParams l="228" t="280" r="234" b="301" suspicious="1" charConfidence="100">i</charParams>
<charParams l="239" t="279" r="250" b="301" suspicious="1" charConfidence="42">c</charParams>
<charParams l="253" t="272" r="260" b="300" suspicious="1" charConfidence="-1">i</charParams>
<charParams l="263" t="280" r="278" b="301" charConfidence="25">a</charParams>
<charParams l="283" t="279" r="299" b="301" charConfidence="28">n</charParams>
<charParams l="303" t="278" r="315" b="301" charConfidence="55">e</charParams>
<charParams l="316" t="293" r="326" b="307" charConfidence="90">,</charParams>
<charParams l="327" t="277" r="349" b="307"> </charParams>
<charParams l="350" t="277" r="378" b="300" charConfidence="96">m</charParams>
<charParams l="382" t="278" r="394" b="300" charConfidence="42">e</charParams>
<charParams l="397" t="270" r="404" b="299" charConfidence="29">i</charParams>
<charParams l="408" t="277" r="425" b="299" charConfidence="33">n</charParams>
<charParams l="428" t="277" r="441" b="299" charConfidence="28">e</charParams>
<charParams l="442" t="266" r="463" b="299"> </charParams>
<charParams l="464" t="266" r="491" b="299" charConfidence="37">T</charParams>
<charParams l="495" t="272" r="509" b="294" charConfidence="28">o</charParams>
<charParams l="514" t="265" r="540" b="302" charConfidence="43">c</charParams>
<charParams l="514" t="265" r="540" b="302" charConfidence="43">h</charParams>
<charParams l="544" t="269" r="554" b="295" charConfidence="50">t</charParams>
<charParams l="556" t="272" r="568" b="295" charConfidence="29">e</charParams>
<charParams l="571" t="272" r="584" b="295" charConfidence="26">r</charParams>
<charParams l="585" t="286" r="593" b="300" charConfidence="73">,</charParams>
<charParams l="594" t="266" r="625" b="300"> </charParams>
<charParams l="626" t="266" r="642" b="294" charConfidence="35">d</charParams>
<charParams l="646" t="265" r="654" b="295" charConfidence="64">i</charParams>
<charParams l="657" t="273" r="670" b="295" charConfidence="42">e</charParams>
<charParams l="671" t="265" r="691" b="302"> </charParams>
<charParams l="692" t="265" r="706" b="302" charConfidence="29">f</charParams>
<charParams l="706" t="266" r="723" b="297" charConfidence="66">ü</charParams>
<charParams l="727" t="275" r="740" b="298" charConfidence="26">r</charParams>
<charParams l="741" t="272" r="763" b="300"> </charParams>
<charParams l="764" t="272" r="778" b="300" charConfidence="26">d</charParams>
<charParams l="783" t="270" r="790" b="300" charConfidence="51">i</charParams>
<charParams l="794" t="279" r="807" b="301" charConfidence="30">e</charParams>
<charParams l="808" t="269" r="829" b="303"> </charParams>
<charParams l="830" t="269" r="870" b="303" charConfidence="29">W</charParams>
<charParams l="873" t="279" r="885" b="302" charConfidence="33">e</charParams>
<charParams l="889" t="272" r="897" b="303" charConfidence="34">l</charParams>
<charParams l="899" t="276" r="910" b="303" charConfidence="42">t</charParams>
<charParams l="911" t="276" r="931" b="310"> </charParams>
<charParams l="932" t="279" r="948" b="310" charConfidence="30">g</charParams>
<charParams l="953" t="279" r="963" b="302" charConfidence="98">e</charParams>
<charParams l="966" t="284" r="976" b="300" charConfidence="22">¬</charParams></formatting></line>
<line baseline="361" l="197" t="323" r="975" b="370"><formatting lang="OldGerman">
<charParams l="197" t="331" r="212" b="364" charConfidence="47">b</charParams>
<charParams l="216" t="341" r="230" b="362" charConfidence="71">o</charParams>
<charParams l="234" t="340" r="247" b="362" charConfidence="24">r</charParams>
<charParams l="250" t="339" r="262" b="362" charConfidence="37">e</charParams>
<charParams l="265" t="340" r="282" b="361" charConfidence="62">n</charParams>
<charParams l="283" t="333" r="306" b="361"> </charParams>
<charParams l="307" t="333" r="315" b="361" charConfidence="55">i</charParams>
<charParams l="319" t="332" r="339" b="370" charConfidence="30">s</charParams>
<charParams l="319" t="332" r="339" b="370" charConfidence="30">t</charParams>
<charParams l="346" t="345" r="357" b="367" charConfidence="-1">-</charParams>
<charParams l="358" t="331" r="379" b="370"> </charParams>
<charParams l="380" t="331" r="399" b="370" charConfidence="81">s</charParams>
<charParams l="380" t="331" r="399" b="370" charConfidence="81">i</charParams>
<charParams l="401" t="330" r="427" b="366" charConfidence="65">c</charParams>
<charParams l="401" t="330" r="427" b="366" charConfidence="65">h</charParams>
<charParams l="428" t="330" r="451" b="366"> </charParams>
<charParams l="452" t="331" r="467" b="358" charConfidence="26">d</charParams>
<charParams l="471" t="335" r="485" b="358" charConfidence="29">o</charParams>
<charParams l="489" t="333" r="501" b="358" charConfidence="25">r</charParams>
<charParams l="504" t="329" r="514" b="358" charConfidence="26">t</charParams>
<charParams l="515" t="324" r="535" b="362"> </charParams>
<charParams l="536" t="324" r="552" b="362" charConfidence="49">f</charParams>
<charParams l="551" t="323" r="567" b="355" charConfidence="22">ü</charParams>
<charParams l="571" t="334" r="584" b="356" charConfidence="85">r</charParams>
<charParams l="585" t="327" r="605" b="356"> </charParams>
<charParams l="606" t="327" r="620" b="355" charConfidence="26">d</charParams>
<charParams l="625" t="326" r="632" b="355" charConfidence="29">i</charParams>
<charParams l="636" t="333" r="648" b="356" charConfidence="29">e</charParams>
<charParams l="649" t="325" r="663" b="357"> </charParams>
<charParams l="664" t="325" r="706" b="357" charConfidence="28">W</charParams>
<charParams l="709" t="335" r="722" b="357" charConfidence="26">e</charParams>
<charParams l="724" t="328" r="733" b="357" charConfidence="93">l</charParams>
<charParams l="735" t="332" r="746" b="358" charConfidence="81">t</charParams>
<charParams l="747" t="330" r="761" b="359"> </charParams>
<charParams l="762" t="330" r="780" b="359" charConfidence="22">b</charParams>
<charParams l="784" t="332" r="791" b="362" charConfidence="30">i</charParams>
<charParams l="795" t="334" r="803" b="362" charConfidence="40">l</charParams>
<charParams l="806" t="334" r="821" b="362" charConfidence="27">d</charParams>
<charParams l="825" t="341" r="837" b="362" charConfidence="32">e</charParams>
<charParams l="839" t="338" r="850" b="363" charConfidence="38">t</charParams>
<charParams l="858" t="354" r="867" b="369" charConfidence="96">,</charParams>
<charParams l="868" t="340" r="890" b="369"> </charParams>
<charParams l="891" t="340" r="917" b="365" charConfidence="41">w</charParams>
<charParams l="921" t="342" r="932" b="364" charConfidence="25">e</charParams>
<charParams l="936" t="342" r="951" b="364" charConfidence="24">n</charParams>
<charParams l="956" t="342" r="975" b="365" charConfidence="0">n</charParams></formatting></line>
<line baseline="420" l="195" t="383" r="976" b="432"><formatting lang="OldGerman">
<charParams l="195" t="393" r="214" b="432" charConfidence="81">s</charParams>
<charParams l="195" t="393" r="214" b="432" charConfidence="81">i</charParams>
<charParams l="216" t="401" r="229" b="423" charConfidence="26">e</charParams>
<charParams l="230" t="390" r="258" b="423"> </charParams>
<charParams l="259" t="390" r="294" b="423" charConfidence="46">S</charParams>
<charParams l="297" t="399" r="314" b="428" charConfidence="65">p</charParams>
<charParams l="318" t="400" r="331" b="421" charConfidence="66">r</charParams>
<charParams l="333" t="399" r="349" b="421" charConfidence="100">a</charParams>
<charParams l="353" t="391" r="379" b="427" charConfidence="73">c</charParams>
<charParams l="353" t="391" r="379" b="427" charConfidence="73">h</charParams>
<charParams l="383" t="398" r="396" b="421" charConfidence="30">e</charParams>
<charParams l="398" t="397" r="415" b="420" charConfidence="41">n</charParams>
<charParams l="424" t="411" r="434" b="426" suspicious="1" charConfidence="91">,</charParams>
<charParams l="435" t="383" r="473" b="426"> </charParams>
<charParams l="474" t="383" r="506" b="418" charConfidence="23">G</charParams>
<charParams l="510" t="393" r="522" b="417" charConfidence="27">e</charParams>
<charParams l="526" t="386" r="538" b="422" charConfidence="26">s</charParams>
<charParams l="536" t="387" r="562" b="420" charConfidence="55">c</charParams>
<charParams l="536" t="387" r="562" b="420" charConfidence="55">h</charParams>
<charParams l="567" t="387" r="574" b="416" charConfidence="61">i</charParams>
<charParams l="577" t="386" r="603" b="423" charConfidence="74">c</charParams>
<charParams l="577" t="386" r="603" b="423" charConfidence="74">h</charParams>
<charParams l="607" t="391" r="617" b="417" charConfidence="100">t</charParams>
<charParams l="620" t="387" r="628" b="417" charConfidence="37">l</charParams>
<charParams l="631" t="387" r="638" b="417" charConfidence="45">i</charParams>
<charParams l="642" t="387" r="668" b="422" charConfidence="77">c</charParams>
<charParams l="642" t="387" r="668" b="422" charConfidence="77">h</charParams>
<charParams l="672" t="395" r="683" b="417" charConfidence="28">e</charParams>
<charParams l="687" t="390" r="702" b="418" charConfidence="-1">s</charParams>
<charParams l="703" t="390" r="733" b="419"> </charParams>
<charParams l="734" t="396" r="751" b="419" charConfidence="45">u</charParams>
<charParams l="755" t="396" r="774" b="418" charConfidence="24">n</charParams>
<charParams l="775" t="391" r="791" b="420" charConfidence="29">d</charParams>
<charParams l="792" t="391" r="815" b="422"> </charParams>
<charParams l="816" t="398" r="842" b="422" charConfidence="63">w</charParams>
<charParams l="846" t="401" r="861" b="424" charConfidence="25">a</charParams>
<charParams l="865" t="396" r="881" b="423" charConfidence="98">s</charParams>
<charParams l="882" t="394" r="903" b="430"> </charParams>
<charParams l="904" t="394" r="918" b="430" charConfidence="100">s</charParams>
<charParams l="916" t="402" r="930" b="424" charConfidence="43">o</charParams>
<charParams l="934" t="402" r="950" b="424" charConfidence="34">n</charParams>
<charParams l="955" t="395" r="976" b="432" charConfidence="29">s</charParams>
<charParams l="955" t="395" r="976" b="432" charConfidence="29">t</charParams></formatting></line>
<line baseline="479" l="192" t="446" r="975" b="490"><formatting lang="OldGerman">
<charParams l="192" t="461" r="210" b="482" charConfidence="43">v</charParams>
<charParams l="214" t="461" r="228" b="482" charConfidence="46">o</charParams>
<charParams l="231" t="460" r="249" b="482" charConfidence="30">n</charParams>
<charParams l="250" t="450" r="273" b="482"> </charParams>
<charParams l="274" t="450" r="304" b="482" charConfidence="55">K</charParams>
<charParams l="306" t="459" r="317" b="480" charConfidence="25">e</charParams>
<charParams l="320" t="458" r="337" b="480" charConfidence="100">n</charParams>
<charParams l="341" t="458" r="358" b="480" charConfidence="26">n</charParams>
<charParams l="362" t="455" r="371" b="480" charConfidence="47">t</charParams>
<charParams l="375" t="457" r="391" b="479" charConfidence="100">n</charParams>
<charParams l="396" t="450" r="404" b="478" charConfidence="34">i</charParams>
<charParams l="407" t="448" r="432" b="483" charConfidence="100">s</charParams>
<charParams l="407" t="448" r="432" b="483" charConfidence="100">s</charParams>
<charParams l="429" t="457" r="441" b="479" charConfidence="27">e</charParams>
<charParams l="444" t="456" r="461" b="479" charConfidence="36">n</charParams>
<charParams l="462" t="450" r="484" b="479"> </charParams>
<charParams l="485" t="450" r="493" b="477" charConfidence="41">i</charParams>
<charParams l="497" t="446" r="513" b="486" charConfidence="91">h</charParams>
<charParams l="518" t="455" r="531" b="476" charConfidence="31">r</charParams>
<charParams l="532" t="452" r="552" b="477"> </charParams>
<charParams l="553" t="452" r="581" b="477" suspicious="1" charConfidence="55">m</charParams>
<charParams l="585" t="448" r="592" b="476" suspicious="1" charConfidence="16">i</charParams>
<charParams l="596" t="453" r="605" b="478" charConfidence="26">t</charParams>
<charParams l="607" t="456" r="623" b="486" charConfidence="44">g</charParams>
<charParams l="627" t="456" r="639" b="478" charConfidence="94">e</charParams>
<charParams l="642" t="453" r="649" b="477" suspicious="1" charConfidence="100">i</charParams>
<charParams l="649" t="447" r="671" b="490" suspicious="1" charConfidence="-1">K</charParams>
<charParams l="676" t="456" r="687" b="478" charConfidence="35">e</charParams>
<charParams l="691" t="448" r="698" b="479" suspicious="1" charConfidence="46">i</charParams>
<charParams l="702" t="448" r="710" b="478" charConfidence="20">l</charParams>
<charParams l="713" t="453" r="724" b="478" charConfidence="27">t</charParams>
<charParams l="725" t="453" r="744" b="479"> </charParams>
<charParams l="745" t="455" r="772" b="479" charConfidence="62">w</charParams>
<charParams l="776" t="450" r="783" b="479" charConfidence="55">i</charParams>
<charParams l="787" t="457" r="800" b="479" charConfidence="35">r</charParams>
<charParams l="803" t="451" r="818" b="479" charConfidence="27">d</charParams>
<charParams l="827" t="472" r="836" b="486" charConfidence="71">,</charParams>
<charParams l="837" t="451" r="869" b="488"> </charParams>
<charParams l="870" t="451" r="899" b="488" charConfidence="29">s</charParams>
<charParams l="870" t="451" r="899" b="488" suspicious="1" charConfidence="29">t</charParams>
<charParams l="900" t="451" r="920" b="488"> </charParams>
<charParams l="921" t="460" r="947" b="483" charConfidence="53">w</charParams>
<charParams l="950" t="454" r="958" b="483" charConfidence="33">i</charParams>
<charParams l="961" t="461" r="975" b="483" charConfidence="30">e</charParams></formatting></line>
<line baseline="541" l="191" t="508" r="975" b="551"><formatting lang="OldGerman">
<charParams l="191" t="513" r="200" b="542" charConfidence="24">i</charParams>
<charParams l="204" t="512" r="220" b="551" charConfidence="78">h</charParams>
<charParams l="225" t="520" r="237" b="542" charConfidence="28">r</charParams>
<charParams l="240" t="519" r="252" b="541" charConfidence="29">e</charParams>
<charParams l="253" t="508" r="275" b="541"> </charParams>
<charParams l="276" t="508" r="310" b="541" charConfidence="36">N</charParams>
<charParams l="314" t="519" r="328" b="541" charConfidence="53">o</charParams>
<charParams l="332" t="514" r="342" b="540" charConfidence="94">t</charParams>
<charParams l="345" t="518" r="357" b="540" charConfidence="34">e</charParams>
<charParams l="360" t="516" r="377" b="541" charConfidence="41">n</charParams>
<charParams l="378" t="516" r="400" b="541"> </charParams>
<charParams l="401" t="517" r="419" b="540" charConfidence="32">u</charParams>
<charParams l="422" t="516" r="439" b="540" charConfidence="100">n</charParams>
<charParams l="444" t="511" r="459" b="539" charConfidence="25">d</charParams>
<charParams l="460" t="508" r="484" b="540"> </charParams>
<charParams l="485" t="508" r="514" b="540" charConfidence="30">V</charParams>
<charParams l="518" t="517" r="532" b="539" charConfidence="25">a</charParams>
<charParams l="537" t="517" r="550" b="540" charConfidence="46">r</charParams>
<charParams l="553" t="510" r="560" b="539" charConfidence="27">i</charParams>
<charParams l="564" t="518" r="579" b="540" charConfidence="0">a</charParams>
<charParams l="584" t="514" r="592" b="539" charConfidence="28">t</charParams>
<charParams l="597" t="509" r="604" b="539" charConfidence="80">i</charParams>
<charParams l="608" t="518" r="621" b="540" charConfidence="100">o</charParams>
<charParams l="625" t="517" r="642" b="540" charConfidence="100">n</charParams>
<charParams l="646" t="517" r="657" b="540" charConfidence="26">e</charParams>
<charParams l="661" t="517" r="678" b="540" charConfidence="30">n</charParams>
<charParams l="679" t="517" r="696" b="540"> </charParams>
<charParams l="697" t="518" r="714" b="540" charConfidence="87">v</charParams>
<charParams l="718" t="518" r="731" b="540" charConfidence="32">o</charParams>
<charParams l="736" t="518" r="763" b="541" charConfidence="57">m</charParams>
<charParams l="764" t="509" r="779" b="542"> </charParams>
<charParams l="780" t="509" r="813" b="542" charConfidence="31">B</charParams>
<charParams l="817" t="511" r="825" b="541" charConfidence="61">l</charParams>
<charParams l="829" t="518" r="843" b="541" charConfidence="24">a</charParams>
<charParams l="847" t="516" r="857" b="542" charConfidence="45">t</charParams>
<charParams l="860" t="516" r="870" b="542" charConfidence="31">t</charParams>
<charParams l="873" t="520" r="885" b="542" charConfidence="39">e</charParams>
<charParams l="886" t="518" r="901" b="542"> </charParams>
<charParams l="902" t="518" r="928" b="542" charConfidence="54">w</charParams>
<charParams l="932" t="520" r="945" b="542" charConfidence="29">e</charParams>
<charParams l="946" t="520" r="962" b="551" charConfidence="39">g</charParams>
<charParams l="966" t="524" r="975" b="540" charConfidence="63">,</charParams></formatting></line>
<line baseline="605" l="192" t="572" r="973" b="613"><formatting lang="OldGerman">
<charParams l="192" t="574" r="205" b="612" charConfidence="34">s</charParams>
<charParams l="203" t="582" r="219" b="612" charConfidence="30">p</charParams>
<charParams l="223" t="574" r="230" b="605" charConfidence="65">i</charParams>
<charParams l="234" t="582" r="246" b="605" charConfidence="33">e</charParams>
<charParams l="250" t="574" r="256" b="605" charConfidence="74">l</charParams>
<charParams l="260" t="578" r="270" b="605" charConfidence="54">t</charParams>
<charParams l="280" t="583" r="289" b="612" charConfidence="41">;</charParams>
<charParams l="290" t="578" r="329" b="612"> </charParams>
<charParams l="330" t="578" r="356" b="605" charConfidence="29">w</charParams>
<charParams l="360" t="581" r="372" b="604" charConfidence="29">e</charParams>
<charParams l="375" t="581" r="392" b="605" charConfidence="86">n</charParams>
<charParams l="395" t="581" r="413" b="605" charConfidence="100">n</charParams>
<charParams l="414" t="573" r="444" b="605"> </charParams>
<charParams l="445" t="573" r="459" b="604" charConfidence="100">b</charParams>
<charParams l="463" t="581" r="475" b="605" charConfidence="37">e</charParams>
<charParams l="478" t="581" r="493" b="613" charConfidence="36">y</charParams>
<charParams l="494" t="581" r="518" b="613"> </charParams>
<charParams l="519" t="581" r="530" b="605" charConfidence="25">e</charParams>
<charParams l="535" t="573" r="542" b="605" charConfidence="100">i</charParams>
<charParams l="545" t="581" r="561" b="604" charConfidence="59">n</charParams>
<charParams l="566" t="581" r="577" b="605" charConfidence="38">e</charParams>
<charParams l="581" t="580" r="594" b="604" charConfidence="32">r</charParams>
<charParams l="595" t="573" r="618" b="605"> </charParams>
<charParams l="619" t="573" r="626" b="605" charConfidence="100">l</charParams>
<charParams l="630" t="582" r="640" b="605" charConfidence="100">e</charParams>
<charParams l="645" t="572" r="659" b="604" charConfidence="29">b</charParams>
<charParams l="664" t="572" r="680" b="613" charConfidence="66">h</charParams>
<charParams l="684" t="582" r="699" b="604" charConfidence="25">a</charParams>
<charParams l="703" t="572" r="717" b="612" charConfidence="91">f</charParams>
<charParams l="718" t="580" r="726" b="605" charConfidence="26">t</charParams>
<charParams l="730" t="582" r="741" b="605" charConfidence="39">e</charParams>
<charParams l="745" t="582" r="762" b="606" charConfidence="26">n</charParams>
<charParams l="763" t="573" r="786" b="608"> </charParams>
<charParams l="787" t="573" r="822" b="608" charConfidence="41">N</charParams>
<charParams l="825" t="583" r="840" b="606" charConfidence="100">a</charParams>
<charParams l="846" t="580" r="855" b="607" charConfidence="30">t</charParams>
<charParams l="858" t="583" r="874" b="607" charConfidence="33">u</charParams>
<charParams l="878" t="583" r="891" b="607" charConfidence="100">r</charParams>
<charParams l="892" t="583" r="914" b="607"> </charParams>
<charParams l="915" t="583" r="932" b="607" charConfidence="67">u</charParams>
<charParams l="936" t="583" r="952" b="607" charConfidence="31">n</charParams>
<charParams l="956" t="577" r="973" b="606" charConfidence="55">d</charParams></formatting></line>
<line baseline="668" l="190" t="634" r="972" b="677"><formatting lang="OldGerman">
<charParams l="190" t="636" r="205" b="668" charConfidence="27">b</charParams>
<charParams l="210" t="646" r="221" b="667" charConfidence="27">e</charParams>
<charParams l="225" t="646" r="240" b="677" charConfidence="22">y</charParams>
<charParams l="241" t="645" r="273" b="677"> </charParams>
<charParams l="274" t="645" r="286" b="668" charConfidence="26">e</charParams>
<charParams l="290" t="637" r="297" b="667" charConfidence="73">i</charParams>
<charParams l="300" t="645" r="317" b="668" charConfidence="54">n</charParams>
<charParams l="321" t="646" r="333" b="668" charConfidence="26">e</charParams>
<charParams l="337" t="644" r="364" b="668" charConfidence="45">m</charParams>
<charParams l="365" t="644" r="396" b="676"> </charParams>
<charParams l="397" t="645" r="415" b="676" charConfidence="55">g</charParams>
<charParams l="419" t="638" r="426" b="668" charConfidence="100">l</charParams>
<charParams l="430" t="636" r="446" b="668" charConfidence="65">ü</charParams>
<charParams l="450" t="638" r="473" b="668" charConfidence="22">c</charParams>
<charParams l="450" t="638" r="473" b="668" charConfidence="22">k</charParams>
<charParams l="477" t="638" r="485" b="669" charConfidence="48">l</charParams>
<charParams l="489" t="636" r="496" b="668" charConfidence="35">i</charParams>
<charParams l="499" t="637" r="525" b="674" charConfidence="62">c</charParams>
<charParams l="499" t="637" r="525" b="674" charConfidence="62">h</charParams>
<charParams l="529" t="646" r="542" b="668" charConfidence="34">e</charParams>
<charParams l="544" t="644" r="562" b="668" charConfidence="63">n</charParams>
<charParams l="563" t="634" r="585" b="668"> </charParams>
<charParams l="586" t="634" r="619" b="668" charConfidence="24">G</charParams>
<charParams l="623" t="646" r="635" b="668" charConfidence="58">e</charParams>
<charParams l="638" t="639" r="653" b="667" charConfidence="30">d</charParams>
<charParams l="656" t="636" r="671" b="667" charConfidence="22">ä</charParams>
<charParams l="675" t="637" r="701" b="675" charConfidence="100">c</charParams>
<charParams l="675" t="637" r="701" b="675" charConfidence="100">h</charParams>
<charParams l="705" t="642" r="716" b="668" charConfidence="89">t</charParams>
<charParams l="719" t="645" r="735" b="668" charConfidence="73">n</charParams>
<charParams l="740" t="639" r="746" b="668" charConfidence="-1">i</charParams>
<charParams l="751" t="637" r="766" b="674" suspicious="1" charConfidence="28">ß</charParams>
<charParams l="767" t="637" r="804" b="677"> </charParams>
<charParams l="805" t="638" r="824" b="677" charConfidence="82">s</charParams>
<charParams l="805" t="638" r="824" b="677" charConfidence="82">i</charParams>
<charParams l="826" t="647" r="839" b="669" charConfidence="30">e</charParams>
<charParams l="848" t="660" r="857" b="676" charConfidence="100">,</charParams>
<charParams l="858" t="646" r="902" b="676"> </charParams>
<charParams l="903" t="646" r="931" b="669" charConfidence="100">m</charParams>
<charParams l="935" t="646" r="950" b="668" charConfidence="43">a</charParams>
<charParams l="953" t="646" r="972" b="669" charConfidence="31">n</charParams></formatting></line>
<line baseline="730" l="190" t="698" r="972" b="739"><formatting lang="OldGerman">
<charParams l="190" t="706" r="217" b="730" charConfidence="27">m</charParams>
<charParams l="222" t="699" r="236" b="730" charConfidence="22">ö</charParams>
<charParams l="240" t="700" r="266" b="737" charConfidence="62">c</charParams>
<charParams l="240" t="700" r="266" b="737" charConfidence="62">h</charParams>
<charParams l="271" t="704" r="281" b="731" charConfidence="66">t</charParams>
<charParams l="284" t="709" r="296" b="730" charConfidence="63">e</charParams>
<charParams l="297" t="706" r="319" b="731"> </charParams>
<charParams l="320" t="706" r="345" b="731" charConfidence="29">w</charParams>
<charParams l="349" t="708" r="364" b="730" charConfidence="42">o</charParams>
<charParams l="368" t="698" r="384" b="739" charConfidence="99">h</charParams>
<charParams l="389" t="700" r="397" b="731" charConfidence="43">l</charParams>
<charParams l="398" t="700" r="420" b="738"> </charParams>
<charParams l="421" t="700" r="434" b="738" charConfidence="48">s</charParams>
<charParams l="432" t="708" r="447" b="730" charConfidence="24">a</charParams>
<charParams l="450" t="708" r="466" b="738" charConfidence="65">g</charParams>
<charParams l="470" t="708" r="482" b="731" charConfidence="29">e</charParams>
<charParams l="485" t="707" r="502" b="731" charConfidence="34">n</charParams>
<charParams l="504" t="721" r="513" b="737" suspicious="1" charConfidence="100">,</charParams>
<charParams l="514" t="708" r="538" b="737"> </charParams>
<charParams l="539" t="708" r="554" b="730" charConfidence="42">a</charParams>
<charParams l="559" t="699" r="567" b="730" charConfidence="33">l</charParams>
<charParams l="567" t="699" r="576" b="730" charConfidence="54">l</charParams>
<charParams l="578" t="706" r="590" b="731" charConfidence="26">e</charParams>
<charParams l="593" t="702" r="608" b="730" charConfidence="100">s</charParams>
<charParams l="609" t="702" r="631" b="730"> </charParams>
<charParams l="632" t="708" r="649" b="730" charConfidence="33">v</charParams>
<charParams l="653" t="707" r="665" b="730" charConfidence="31">e</charParams>
<charParams l="668" t="708" r="681" b="731" charConfidence="27">r</charParams>
<charParams l="683" t="708" r="699" b="738" charConfidence="67">g</charParams>
<charParams l="702" t="701" r="710" b="731" charConfidence="26">i</charParams>
<charParams l="714" t="700" r="730" b="737" charConfidence="28">ß</charParams>
<charParams l="733" t="704" r="744" b="730" charConfidence="96">t</charParams>
<charParams l="745" t="704" r="766" b="731"> </charParams>
<charParams l="767" t="708" r="784" b="731" charConfidence="46">u</charParams>
<charParams l="788" t="708" r="804" b="731" charConfidence="84">n</charParams>
<charParams l="809" t="702" r="823" b="731" charConfidence="38">d</charParams>
<charParams l="824" t="701" r="847" b="732"> </charParams>
<charParams l="848" t="701" r="856" b="732" charConfidence="27">i</charParams>
<charParams l="860" t="707" r="888" b="731" charConfidence="93">m</charParams>
<charParams l="889" t="698" r="911" b="731"> </charParams>
<charParams l="912" t="698" r="940" b="731" charConfidence="36">A</charParams>
<charParams l="942" t="707" r="959" b="730" charConfidence="100">u</charParams>
<charParams l="962" t="710" r="972" b="726" charConfidence="22">¬</charParams></formatting></line>
<line baseline="792" l="186" t="760" r="972" b="800"><formatting lang="OldGerman">
<charParams l="186" t="769" r="205" b="799" charConfidence="26">g</charParams>
<charParams l="208" t="770" r="220" b="792" charConfidence="29">e</charParams>
<charParams l="224" t="769" r="240" b="792" charConfidence="54">n</charParams>
<charParams l="245" t="760" r="260" b="792" charConfidence="47">b</charParams>
<charParams l="264" t="762" r="272" b="792" charConfidence="53">l</charParams>
<charParams l="275" t="762" r="283" b="792" charConfidence="63">i</charParams>
<charParams l="286" t="761" r="310" b="792" charConfidence="22">c</charParams>
<charParams l="286" t="761" r="310" b="792" charConfidence="22">k</charParams>
<charParams l="312" t="769" r="326" b="792" charConfidence="85">e</charParams>
<charParams l="327" t="761" r="356" b="799"> </charParams>
<charParams l="357" t="761" r="376" b="799" charConfidence="83">s</charParams>
<charParams l="357" t="761" r="376" b="799" charConfidence="83">i</charParams>
<charParams l="377" t="761" r="404" b="798" charConfidence="96">c</charParams>
<charParams l="377" t="761" r="404" b="798" charConfidence="96">h</charParams>
<charParams l="405" t="761" r="443" b="798"> </charParams>
<charParams l="444" t="769" r="460" b="791" charConfidence="29">a</charParams>
<charParams l="462" t="768" r="481" b="791" charConfidence="28">n</charParams>
<charParams l="482" t="768" r="520" b="791"> </charParams>
<charParams l="521" t="768" r="536" b="791" charConfidence="25">a</charParams>
<charParams l="541" t="760" r="549" b="790" charConfidence="50">l</charParams>
<charParams l="549" t="760" r="559" b="791" charConfidence="100">l</charParams>
<charParams l="560" t="767" r="572" b="791" charConfidence="28">e</charParams>
<charParams l="576" t="763" r="591" b="791" charConfidence="100">s</charParams>
<charParams l="592" t="763" r="631" b="791"> </charParams>
<charParams l="632" t="768" r="644" b="791" charConfidence="28">e</charParams>
<charParams l="648" t="768" r="660" b="791" charConfidence="24">r</charParams>
<charParams l="663" t="761" r="670" b="791" charConfidence="27">i</charParams>
<charParams l="674" t="769" r="690" b="792" charConfidence="47">n</charParams>
<charParams l="694" t="769" r="711" b="791" charConfidence="31">n</charParams>
<charParams l="715" t="769" r="727" b="791" charConfidence="29">e</charParams>
<charParams l="730" t="769" r="743" b="791" charConfidence="100">r</charParams>
<charParams l="746" t="766" r="756" b="792" charConfidence="64">t</charParams>
<charParams l="764" t="770" r="774" b="799" suspicious="1" charConfidence="100">;</charParams>
<charParams l="775" t="769" r="821" b="799"> </charParams>
<charParams l="822" t="769" r="849" b="792" charConfidence="31">w</charParams>
<charParams l="852" t="769" r="864" b="792" charConfidence="27">e</charParams>
<charParams l="866" t="769" r="883" b="793" charConfidence="34">n</charParams>
<charParams l="887" t="769" r="905" b="791" suspicious="1" charConfidence="31">n</charParams>
<charParams l="906" t="761" r="937" b="800"> </charParams>
<charParams l="938" t="761" r="956" b="800" charConfidence="100">s</charParams>
<charParams l="938" t="761" r="956" b="800" charConfidence="100">i</charParams>
<charParams l="959" t="769" r="972" b="791" charConfidence="28">e</charParams></formatting></line>
<line baseline="851" l="187" t="819" r="969" b="859"><formatting lang="OldGerman">
<charParams l="187" t="823" r="203" b="851" charConfidence="100">d</charParams>
<charParams l="206" t="829" r="223" b="851" charConfidence="41">u</charParams>
<charParams l="226" t="829" r="240" b="851" charConfidence="37">r</charParams>
<charParams l="242" t="821" r="269" b="858" charConfidence="75">c</charParams>
<charParams l="242" t="821" r="269" b="858" charConfidence="75">h</charParams>
<charParams l="270" t="820" r="301" b="858"> </charParams>
<charParams l="302" t="820" r="326" b="857" charConfidence="55">F</charParams>
<charParams l="327" t="830" r="340" b="851" charConfidence="53">r</charParams>
<charParams l="343" t="829" r="355" b="851" charConfidence="56">e</charParams>
<charParams l="359" t="830" r="374" b="859" charConfidence="26">y</charParams>
<charParams l="378" t="821" r="395" b="859" charConfidence="48">h</charParams>
<charParams l="398" t="830" r="411" b="851" charConfidence="72">e</charParams>
<charParams l="414" t="823" r="421" b="851" charConfidence="26">i</charParams>
<charParams l="426" t="827" r="436" b="852" charConfidence="26">t</charParams>
<charParams l="437" t="822" r="467" b="852"> </charParams>
<charParams l="468" t="822" r="484" b="850" charConfidence="27">d</charParams>
<charParams l="488" t="829" r="499" b="852" charConfidence="27">e</charParams>
<charParams l="502" t="825" r="518" b="853" charConfidence="96">s</charParams>
<charParams l="519" t="819" r="542" b="853"> </charParams>
<charParams l="543" t="819" r="576" b="852" charConfidence="100">B</charParams>
<charParams l="579" t="830" r="592" b="852" charConfidence="28">e</charParams>
<charParams l="595" t="825" r="604" b="851" charConfidence="39">t</charParams>
<charParams l="607" t="828" r="620" b="851" charConfidence="29">r</charParams>
<charParams l="622" t="829" r="638" b="851" charConfidence="26">a</charParams>
<charParams l="640" t="828" r="657" b="858" charConfidence="27">g</charParams>
<charParams l="661" t="829" r="674" b="851" charConfidence="28">e</charParams>
<charParams l="676" t="828" r="693" b="851" charConfidence="29">n</charParams>
<charParams l="696" t="825" r="712" b="851" charConfidence="100">s</charParams>
<charParams l="721" t="843" r="730" b="858" charConfidence="65">,</charParams>
<charParams l="731" t="820" r="771" b="858"> </charParams>
<charParams l="772" t="820" r="801" b="852" charConfidence="39">A</charParams>
<charParams l="803" t="829" r="820" b="851" charConfidence="50">n</charParams>
<charParams l="824" t="828" r="850" b="852" charConfidence="33">m</charParams>
<charParams l="854" t="829" r="871" b="852" charConfidence="53">u</charParams>
<charParams l="875" t="826" r="885" b="851" charConfidence="86">t</charParams>
<charParams l="887" t="821" r="905" b="858" charConfidence="40">h</charParams>
<charParams l="906" t="821" r="928" b="858"> </charParams>
<charParams l="929" t="821" r="937" b="850" charConfidence="36">i</charParams>
<charParams l="941" t="827" r="969" b="850" charConfidence="65">m</charParams></formatting></line>
<line baseline="908" l="186" t="876" r="968" b="916"><formatting lang="OldGerman">
<charParams l="186" t="878" r="214" b="909" charConfidence="40">T</charParams>
<charParams l="216" t="887" r="232" b="908" charConfidence="24">a</charParams>
<charParams l="236" t="886" r="252" b="908" charConfidence="40">n</charParams>
<charParams l="255" t="886" r="267" b="916" charConfidence="25">z</charParams>
<charParams l="271" t="886" r="285" b="907" charConfidence="25">e</charParams>
<charParams l="284" t="899" r="293" b="913" charConfidence="74">,</charParams>
<charParams l="294" t="880" r="319" b="914"> </charParams>
<charParams l="320" t="880" r="334" b="914" charConfidence="48">s</charParams>
<charParams l="332" t="879" r="359" b="913" charConfidence="71">c</charParams>
<charParams l="332" t="879" r="359" b="913" charConfidence="71">h</charParams>
<charParams l="362" t="880" r="371" b="908" charConfidence="31">i</charParams>
<charParams l="373" t="880" r="398" b="908" charConfidence="22">c</charParams>
<charParams l="373" t="880" r="398" b="908" charConfidence="22">k</charParams>
<charParams l="400" t="880" r="408" b="908" charConfidence="86">l</charParams>
<charParams l="412" t="880" r="418" b="908" charConfidence="38">i</charParams>
<charParams l="422" t="879" r="449" b="914" charConfidence="67">c</charParams>
<charParams l="422" t="879" r="449" b="914" charConfidence="67">h</charParams>
<charParams l="452" t="887" r="466" b="909" charConfidence="56">e</charParams>
<charParams l="467" t="878" r="478" b="909"> </charParams>
<charParams l="479" t="878" r="511" b="908" charConfidence="100">B</charParams>
<charParams l="515" t="887" r="528" b="908" charConfidence="55">e</charParams>
<charParams l="530" t="888" r="544" b="915" charConfidence="100">q</charParams>
<charParams l="549" t="887" r="566" b="908" charConfidence="28">u</charParams>
<charParams l="569" t="887" r="581" b="908" charConfidence="25">e</charParams>
<charParams l="584" t="885" r="611" b="907" charConfidence="100">m</charParams>
<charParams l="615" t="879" r="623" b="908" charConfidence="66">l</charParams>
<charParams l="626" t="879" r="634" b="907" charConfidence="27">i</charParams>
<charParams l="636" t="879" r="663" b="913" charConfidence="35">c</charParams>
<charParams l="636" t="879" r="663" b="913" charConfidence="35">h</charParams>
<charParams l="667" t="879" r="680" b="908" charConfidence="54">k</charParams>
<charParams l="682" t="887" r="694" b="908" charConfidence="30">e</charParams>
<charParams l="697" t="880" r="705" b="907" charConfidence="25">i</charParams>
<charParams l="708" t="883" r="720" b="907" charConfidence="51">t</charParams>
<charParams l="721" t="880" r="736" b="909"> </charParams>
<charParams l="737" t="880" r="753" b="909" charConfidence="28">d</charParams>
<charParams l="756" t="885" r="769" b="907" charConfidence="30">e</charParams>
<charParams l="770" t="882" r="787" b="909" charConfidence="95">s</charParams>
<charParams l="788" t="876" r="805" b="909"> </charParams>
<charParams l="806" t="876" r="839" b="908" charConfidence="26">G</charParams>
<charParams l="841" t="885" r="854" b="907" charConfidence="100">e</charParams>
<charParams l="857" t="879" r="872" b="913" charConfidence="33">s</charParams>
<charParams l="868" t="886" r="884" b="914" charConfidence="72">p</charParams>
<charParams l="888" t="886" r="901" b="908" charConfidence="31">r</charParams>
<charParams l="902" t="878" r="919" b="908" charConfidence="56">ä</charParams>
<charParams l="922" t="879" r="948" b="916" charConfidence="100">c</charParams>
<charParams l="922" t="879" r="948" b="916" charConfidence="100">h</charParams>
<charParams l="951" t="882" r="968" b="909" charConfidence="100">s</charParams></formatting></line>
<line baseline="966" l="185" t="935" r="967" b="978"><formatting lang="OldGerman">
<charParams l="185" t="939" r="204" b="978" charConfidence="100">s</charParams>
<charParams l="185" t="939" r="204" b="978" charConfidence="100">i</charParams>
<charParams l="206" t="938" r="232" b="974" charConfidence="91">c</charParams>
<charParams l="206" t="938" r="232" b="974" charConfidence="91">h</charParams>
<charParams l="233" t="938" r="256" b="974"> </charParams>
<charParams l="257" t="946" r="273" b="967" charConfidence="88">v</charParams>
<charParams l="277" t="944" r="292" b="966" charConfidence="41">o</charParams>
<charParams l="295" t="944" r="309" b="966" charConfidence="66">r</charParams>
<charParams l="310" t="944" r="332" b="966"> </charParams>
<charParams l="333" t="944" r="348" b="965" charConfidence="54">a</charParams>
<charParams l="353" t="936" r="361" b="966" charConfidence="41">l</charParams>
<charParams l="361" t="936" r="370" b="966" charConfidence="100">l</charParams>
<charParams l="373" t="944" r="384" b="965" charConfidence="30">e</charParams>
<charParams l="387" t="943" r="405" b="965" charConfidence="100">n</charParams>
<charParams l="406" t="943" r="429" b="965"> </charParams>
<charParams l="430" t="944" r="445" b="965" charConfidence="36">a</charParams>
<charParams l="449" t="944" r="466" b="966" charConfidence="52">u</charParams>
<charParams l="470" t="939" r="485" b="965" charConfidence="100">s</charParams>
<charParams l="487" t="943" r="499" b="974" charConfidence="29">z</charParams>
<charParams l="503" t="943" r="515" b="965" charConfidence="30">e</charParams>
<charParams l="519" t="936" r="527" b="964" charConfidence="100">i</charParams>
<charParams l="530" t="936" r="556" b="971" charConfidence="100">c</charParams>
<charParams l="530" t="936" r="556" b="971" charConfidence="100">h</charParams>
<charParams l="560" t="943" r="577" b="965" charConfidence="45">n</charParams>
<charParams l="581" t="943" r="593" b="965" charConfidence="32">e</charParams>
<charParams l="596" t="940" r="607" b="966" charConfidence="100">t</charParams>
<charParams l="613" t="935" r="637" b="971" charConfidence="0">/</charParams>
<charParams l="638" t="935" r="661" b="971"> </charParams>
<charParams l="662" t="943" r="679" b="965" charConfidence="35">u</charParams>
<charParams l="683" t="942" r="700" b="966" charConfidence="78">n</charParams>
<charParams l="704" t="937" r="719" b="965" charConfidence="32">d</charParams>
<charParams l="720" t="937" r="743" b="966"> </charParams>
<charParams l="744" t="938" r="759" b="966" charConfidence="27">d</charParams>
<charParams l="763" t="944" r="779" b="967" charConfidence="42">u</charParams>
<charParams l="783" t="944" r="797" b="967" charConfidence="34">r</charParams>
<charParams l="799" t="937" r="825" b="974" charConfidence="65">c</charParams>
<charParams l="799" t="937" r="825" b="974" charConfidence="65">h</charParams>
<charParams l="826" t="937" r="850" b="974"> </charParams>
<charParams l="851" t="946" r="863" b="969" charConfidence="52">e</charParams>
<charParams l="867" t="939" r="874" b="969" charConfidence="100">i</charParams>
<charParams l="877" t="946" r="895" b="969" charConfidence="95">n</charParams>
<charParams l="896" t="946" r="918" b="969"> </charParams>
<charParams l="919" t="947" r="934" b="969" charConfidence="27">a</charParams>
<charParams l="939" t="947" r="955" b="970" charConfidence="25">n</charParams>
<charParams l="958" t="951" r="967" b="966" charConfidence="100">-</charParams></formatting></line>
<line baseline="1029" l="182" t="993" r="965" b="1040"><formatting lang="OldGerman">
<charParams l="182" t="1007" r="198" b="1038" charConfidence="33">g</charParams>
<charParams l="202" t="1007" r="214" b="1030" charConfidence="31">e</charParams>
<charParams l="218" t="999" r="232" b="1029" charConfidence="100">b</charParams>
<charParams l="237" t="1006" r="250" b="1029" charConfidence="43">o</charParams>
<charParams l="254" t="1006" r="266" b="1029" charConfidence="100">r</charParams>
<charParams l="270" t="1005" r="286" b="1027" charConfidence="54">n</charParams>
<charParams l="290" t="1005" r="302" b="1027" charConfidence="77">e</charParams>
<charParams l="305" t="1000" r="321" b="1028" suspicious="1" charConfidence="100">s</charParams>
<charParams l="322" t="996" r="345" b="1035"> </charParams>
<charParams l="346" t="996" r="362" b="1035" suspicious="1" charConfidence="100">h</charParams>
<charParams l="367" t="1004" r="378" b="1026" charConfidence="28">e</charParams>
<charParams l="381" t="1003" r="394" b="1026" charConfidence="100">r</charParams>
<charParams l="397" t="1003" r="409" b="1026" charConfidence="25">r</charParams>
<charParams l="413" t="995" r="425" b="1033" charConfidence="61">s</charParams>
<charParams l="424" t="994" r="450" b="1032" charConfidence="100">c</charParams>
<charParams l="424" t="994" r="450" b="1032" suspicious="1" charConfidence="100">h</charParams>
<charParams l="453" t="1003" r="465" b="1026" charConfidence="26">e</charParams>
<charParams l="468" t="1002" r="485" b="1025" charConfidence="75">n</charParams>
<charParams l="490" t="996" r="506" b="1025" charConfidence="27">d</charParams>
<charParams l="510" t="1004" r="521" b="1027" charConfidence="37">e</charParams>
<charParams l="525" t="999" r="540" b="1028" suspicious="1" charConfidence="100">s</charParams>
<charParams l="541" t="993" r="559" b="1028"> </charParams>
<charParams l="560" t="993" r="599" b="1027" charConfidence="33">W</charParams>
<charParams l="602" t="1003" r="614" b="1027" charConfidence="28">e</charParams>
<charParams l="617" t="995" r="630" b="1033" charConfidence="100">s</charParams>
<charParams l="629" t="1004" r="641" b="1026" charConfidence="44">e</charParams>
<charParams l="644" t="1003" r="661" b="1027" charConfidence="82">n</charParams>
<charParams l="662" t="996" r="677" b="1035"> </charParams>
<charParams l="678" t="996" r="698" b="1035" charConfidence="83">s</charParams>
<charParams l="678" t="996" r="698" b="1035" charConfidence="83">i</charParams>
<charParams l="701" t="997" r="728" b="1036" charConfidence="67">c</charParams>
<charParams l="701" t="997" r="728" b="1036" charConfidence="67">h</charParams>
<charParams l="729" t="997" r="745" b="1038"> </charParams>
<charParams l="746" t="1004" r="758" b="1038" charConfidence="23">z</charParams>
<charParams l="762" t="1006" r="778" b="1030" charConfidence="28">u</charParams>
<charParams l="782" t="1005" r="795" b="1031" charConfidence="26">r</charParams>
<charParams l="796" t="999" r="813" b="1032"> </charParams>
<charParams l="814" t="999" r="843" b="1032" charConfidence="71">K</charParams>
<charParams l="846" t="1000" r="860" b="1032" charConfidence="22">ö</charParams>
<charParams l="864" t="1008" r="880" b="1032" charConfidence="44">n</charParams>
<charParams l="885" t="1001" r="893" b="1031" charConfidence="26">i</charParams>
<charParams l="894" t="1009" r="911" b="1040" charConfidence="55">g</charParams>
<charParams l="915" t="1001" r="923" b="1031" charConfidence="39">i</charParams>
<charParams l="926" t="1008" r="942" b="1031" charConfidence="46">n</charParams>
<charParams l="947" t="1009" r="965" b="1032" charConfidence="28">n</charParams></formatting></line>
<line baseline="1090" l="182" t="1054" r="964" b="1101"><formatting lang="OldGerman">
<charParams l="182" t="1063" r="198" b="1092" charConfidence="25">d</charParams>
<charParams l="202" t="1069" r="213" b="1091" charConfidence="33">e</charParams>
<charParams l="217" t="1064" r="232" b="1091" charConfidence="100">s</charParams>
<charParams l="233" t="1058" r="256" b="1091"> </charParams>
<charParams l="257" t="1058" r="269" b="1090" charConfidence="46">k</charParams>
<charParams l="272" t="1059" r="280" b="1089" charConfidence="45">l</charParams>
<charParams l="283" t="1066" r="294" b="1088" charConfidence="55">e</charParams>
<charParams l="298" t="1059" r="306" b="1088" charConfidence="30">i</charParams>
<charParams l="310" t="1066" r="326" b="1088" charConfidence="100">n</charParams>
<charParams l="331" t="1066" r="342" b="1088" charConfidence="38">e</charParams>
<charParams l="346" t="1065" r="363" b="1087" charConfidence="31">n</charParams>
<charParams l="364" t="1054" r="387" b="1087"> </charParams>
<charParams l="388" t="1054" r="418" b="1087" charConfidence="62">K</charParams>
<charParams l="420" t="1063" r="433" b="1087" charConfidence="100">r</charParams>
<charParams l="436" t="1064" r="448" b="1086" charConfidence="100">e</charParams>
<charParams l="451" t="1056" r="459" b="1086" charConfidence="74">i</charParams>
<charParams l="462" t="1056" r="475" b="1093" charConfidence="100">s</charParams>
<charParams l="475" t="1065" r="486" b="1087" charConfidence="26">e</charParams>
<charParams l="489" t="1059" r="504" b="1088" suspicious="1" charConfidence="100">s</charParams>
<charParams l="505" t="1059" r="528" b="1088"> </charParams>
<charParams l="529" t="1064" r="558" b="1088" charConfidence="75">m</charParams>
<charParams l="561" t="1065" r="576" b="1088" charConfidence="38">a</charParams>
<charParams l="579" t="1058" r="606" b="1097" charConfidence="73">c</charParams>
<charParams l="579" t="1058" r="606" b="1097" charConfidence="73">h</charParams>
<charParams l="609" t="1063" r="620" b="1089" suspicious="1" charConfidence="49">t</charParams>
<charParams l="630" t="1067" r="639" b="1096" charConfidence="59">;</charParams>
<charParams l="640" t="1066" r="677" b="1096"> </charParams>
<charParams l="678" t="1066" r="704" b="1090" charConfidence="29">w</charParams>
<charParams l="709" t="1069" r="720" b="1091" charConfidence="100">e</charParams>
<charParams l="724" t="1069" r="740" b="1091" charConfidence="53">n</charParams>
<charParams l="744" t="1069" r="762" b="1094" charConfidence="40">n</charParams>
<charParams l="763" t="1064" r="786" b="1094"> </charParams>
<charParams l="787" t="1064" r="802" b="1093" charConfidence="30">d</charParams>
<charParams l="806" t="1063" r="813" b="1093" charConfidence="27">i</charParams>
<charParams l="817" t="1071" r="831" b="1094" charConfidence="40">e</charParams>
<charParams l="832" t="1062" r="852" b="1094"> </charParams>
<charParams l="853" t="1062" r="882" b="1093" charConfidence="100">V</charParams>
<charParams l="886" t="1071" r="900" b="1093" charConfidence="100">o</charParams>
<charParams l="904" t="1071" r="916" b="1094" charConfidence="32">r</charParams>
<charParams l="920" t="1062" r="939" b="1101" charConfidence="36">s</charParams>
<charParams l="920" t="1062" r="939" b="1101" suspicious="1" charConfidence="36">t</charParams>
<charParams l="942" t="1070" r="954" b="1093" charConfidence="26">e</charParams>
<charParams l="956" t="1074" r="964" b="1088" charConfidence="100">¬</charParams></formatting></line>
<line baseline="1152" l="180" t="1116" r="962" b="1160"><formatting lang="OldGerman">
<charParams l="180" t="1121" r="198" b="1160" charConfidence="32">h</charParams>
<charParams l="202" t="1130" r="213" b="1152" charConfidence="31">e</charParams>
<charParams l="217" t="1129" r="230" b="1151" charConfidence="100">r</charParams>
<charParams l="233" t="1122" r="240" b="1151" charConfidence="42">i</charParams>
<charParams l="244" t="1129" r="260" b="1151" charConfidence="37">n</charParams>
<charParams l="265" t="1127" r="281" b="1149" charConfidence="30">n</charParams>
<charParams l="282" t="1121" r="305" b="1149"> </charParams>
<charParams l="306" t="1121" r="322" b="1149" charConfidence="34">d</charParams>
<charParams l="326" t="1119" r="333" b="1149" charConfidence="100">i</charParams>
<charParams l="337" t="1127" r="348" b="1149" charConfidence="49">e</charParams>
<charParams l="352" t="1118" r="364" b="1154" charConfidence="33">s</charParams>
<charParams l="363" t="1126" r="374" b="1147" charConfidence="55">e</charParams>
<charParams l="377" t="1126" r="391" b="1148" charConfidence="57">r</charParams>
<charParams l="392" t="1116" r="414" b="1149"> </charParams>
<charParams l="415" t="1116" r="444" b="1149" charConfidence="54">A</charParams>
<charParams l="445" t="1126" r="462" b="1149" charConfidence="100">n</charParams>
<charParams l="466" t="1118" r="486" b="1157" charConfidence="68">s</charParams>
<charParams l="466" t="1118" r="486" b="1157" charConfidence="68">t</charParams>
<charParams l="488" t="1128" r="503" b="1149" charConfidence="24">a</charParams>
<charParams l="508" t="1119" r="516" b="1150" charConfidence="32">l</charParams>
<charParams l="518" t="1124" r="528" b="1150" charConfidence="49">t</charParams>
<charParams l="529" t="1120" r="552" b="1159"> </charParams>
<charParams l="553" t="1120" r="571" b="1159" charConfidence="84">s</charParams>
<charParams l="553" t="1120" r="571" b="1159" charConfidence="84">i</charParams>
<charParams l="574" t="1128" r="586" b="1150" charConfidence="27">e</charParams>
<charParams l="587" t="1128" r="610" b="1151"> </charParams>
<charParams l="611" t="1128" r="625" b="1151" charConfidence="24">a</charParams>
<charParams l="630" t="1121" r="638" b="1152" charConfidence="61">l</charParams>
<charParams l="641" t="1125" r="656" b="1153" charConfidence="100">s</charParams>
<charParams l="657" t="1125" r="679" b="1153"> </charParams>
<charParams l="680" t="1131" r="692" b="1153" charConfidence="29">e</charParams>
<charParams l="696" t="1124" r="703" b="1153" charConfidence="33">i</charParams>
<charParams l="707" t="1131" r="723" b="1153" charConfidence="53">n</charParams>
<charParams l="727" t="1132" r="741" b="1154" charConfidence="32">e</charParams>
<charParams l="742" t="1124" r="762" b="1155"> </charParams>
<charParams l="763" t="1124" r="776" b="1155" charConfidence="28">k</charParams>
<charParams l="780" t="1124" r="787" b="1155" charConfidence="61">l</charParams>
<charParams l="790" t="1133" r="802" b="1155" charConfidence="92">e</charParams>
<charParams l="805" t="1125" r="813" b="1155" charConfidence="29">i</charParams>
<charParams l="816" t="1133" r="833" b="1155" charConfidence="81">n</charParams>
<charParams l="837" t="1133" r="850" b="1156" charConfidence="26">e</charParams>
<charParams l="851" t="1122" r="872" b="1156"> </charParams>
<charParams l="873" t="1122" r="905" b="1156" charConfidence="52">G</charParams>
<charParams l="909" t="1132" r="923" b="1154" charConfidence="43">o</charParams>
<charParams l="927" t="1128" r="937" b="1154" charConfidence="50">t</charParams>
<charParams l="940" t="1128" r="951" b="1155" charConfidence="100">t</charParams>
<charParams l="953" t="1136" r="962" b="1150" charConfidence="22">¬</charParams></formatting></line>
<line baseline="1213" l="181" t="1178" r="961" b="1224"><formatting lang="OldGerman">
<charParams l="181" t="1184" r="197" b="1224" charConfidence="40">h</charParams>
<charParams l="202" t="1192" r="213" b="1214" charConfidence="55">e</charParams>
<charParams l="217" t="1184" r="225" b="1214" charConfidence="31">i</charParams>
<charParams l="229" t="1188" r="239" b="1214" charConfidence="100">t</charParams>
<charParams l="240" t="1188" r="261" b="1214"> </charParams>
<charParams l="262" t="1188" r="277" b="1211" charConfidence="26">a</charParams>
<charParams l="281" t="1189" r="297" b="1211" charConfidence="25">n</charParams>
<charParams l="302" t="1180" r="319" b="1219" charConfidence="100">s</charParams>
<charParams l="302" t="1180" r="319" b="1219" charConfidence="100">i</charParams>
<charParams l="322" t="1188" r="333" b="1209" charConfidence="100">e</charParams>
<charParams l="337" t="1178" r="353" b="1218" charConfidence="100">h</charParams>
<charParams l="358" t="1185" r="367" b="1209" suspicious="1" charConfidence="27">t</charParams>
<charParams l="377" t="1201" r="386" b="1216" charConfidence="70">,</charParams>
<charParams l="387" t="1182" r="410" b="1216"> </charParams>
<charParams l="411" t="1182" r="426" b="1210" charConfidence="29">d</charParams>
<charParams l="431" t="1179" r="439" b="1209" charConfidence="49">i</charParams>
<charParams l="442" t="1188" r="455" b="1210" charConfidence="26">e</charParams>
<charParams l="456" t="1188" r="475" b="1210"> </charParams>
<charParams l="476" t="1188" r="493" b="1210" charConfidence="100">n</charParams>
<charParams l="497" t="1188" r="513" b="1211" charConfidence="49">u</charParams>
<charParams l="517" t="1188" r="535" b="1211" charConfidence="42">n</charParams>
<charParams l="536" t="1188" r="559" b="1212"> </charParams>
<charParams l="560" t="1189" r="572" b="1212" charConfidence="27">e</charParams>
<charParams l="575" t="1189" r="587" b="1212" charConfidence="39">r</charParams>
<charParams l="591" t="1182" r="611" b="1219" charConfidence="22">s</charParams>
<charParams l="591" t="1182" r="611" b="1219" charConfidence="22">t</charParams>
<charParams l="612" t="1182" r="633" b="1219"> </charParams>
<charParams l="634" t="1191" r="651" b="1214" charConfidence="38">u</charParams>
<charParams l="655" t="1191" r="671" b="1214" charConfidence="64">n</charParams>
<charParams l="675" t="1188" r="685" b="1213" charConfidence="62">t</charParams>
<charParams l="688" t="1192" r="700" b="1214" charConfidence="69">e</charParams>
<charParams l="702" t="1193" r="716" b="1215" charConfidence="45">r</charParams>
<charParams l="717" t="1186" r="737" b="1215"> </charParams>
<charParams l="738" t="1186" r="746" b="1215" charConfidence="26">i</charParams>
<charParams l="748" t="1184" r="766" b="1224" charConfidence="24">h</charParams>
<charParams l="768" t="1192" r="785" b="1217" charConfidence="25">r</charParams>
<charParams l="785" t="1194" r="797" b="1216" charConfidence="38">e</charParams>
<charParams l="801" t="1193" r="818" b="1216" charConfidence="28">n</charParams>
<charParams l="819" t="1184" r="834" b="1223"> </charParams>
<charParams l="835" t="1184" r="867" b="1223" charConfidence="29">H</charParams>
<charParams l="869" t="1185" r="884" b="1216" charConfidence="56">ä</charParams>
<charParams l="889" t="1193" r="905" b="1216" charConfidence="63">n</charParams>
<charParams l="909" t="1188" r="923" b="1216" charConfidence="27">d</charParams>
<charParams l="928" t="1193" r="940" b="1215" charConfidence="34">e</charParams>
<charParams l="943" t="1192" r="961" b="1215" charConfidence="100">n</charParams></formatting></line>
<line baseline="1274" l="180" t="1239" r="959" b="1282"><formatting lang="OldGerman">
<charParams l="180" t="1253" r="192" b="1276" charConfidence="33">r</charParams>
<charParams l="196" t="1254" r="207" b="1276" charConfidence="100">e</charParams>
<charParams l="211" t="1245" r="236" b="1282" charConfidence="100">c</charParams>
<charParams l="211" t="1245" r="236" b="1282" charConfidence="100">h</charParams>
<charParams l="241" t="1250" r="251" b="1275" charConfidence="50">t</charParams>
<charParams l="252" t="1250" r="273" b="1282"> </charParams>
<charParams l="274" t="1252" r="290" b="1282" charConfidence="54">g</charParams>
<charParams l="294" t="1251" r="305" b="1274" charConfidence="25">e</charParams>
<charParams l="308" t="1245" r="323" b="1273" charConfidence="28">d</charParams>
<charParams l="327" t="1250" r="339" b="1272" charConfidence="38">e</charParams>
<charParams l="342" t="1242" r="349" b="1271" charConfidence="30">i</charParams>
<charParams l="353" t="1239" r="369" b="1279" charConfidence="100">h</charParams>
<charParams l="374" t="1245" r="384" b="1270" charConfidence="27">t</charParams>
<charParams l="393" t="1263" r="402" b="1277" charConfidence="75">,</charParams>
<charParams l="403" t="1242" r="427" b="1277"> </charParams>
<charParams l="428" t="1242" r="443" b="1271" charConfidence="27">d</charParams>
<charParams l="447" t="1241" r="455" b="1271" charConfidence="33">i</charParams>
<charParams l="459" t="1248" r="473" b="1270" charConfidence="37">e</charParams>
<charParams l="474" t="1242" r="494" b="1271"> </charParams>
<charParams l="495" t="1242" r="503" b="1271" charConfidence="32">i</charParams>
<charParams l="507" t="1240" r="524" b="1280" charConfidence="60">h</charParams>
<charParams l="528" t="1249" r="541" b="1272" charConfidence="29">r</charParams>
<charParams l="542" t="1241" r="561" b="1272"> </charParams>
<charParams l="562" t="1241" r="587" b="1272" charConfidence="26">E</charParams>
<charParams l="592" t="1242" r="607" b="1280" charConfidence="99">h</charParams>
<charParams l="612" t="1250" r="624" b="1273" charConfidence="35">r</charParams>
<charParams l="627" t="1252" r="640" b="1274" charConfidence="92">e</charParams>
<charParams l="641" t="1250" r="658" b="1274"> </charParams>
<charParams l="659" t="1250" r="687" b="1274" charConfidence="70">m</charParams>
<charParams l="690" t="1252" r="705" b="1275" charConfidence="100">a</charParams>
<charParams l="709" t="1245" r="735" b="1282" charConfidence="100">c</charParams>
<charParams l="709" t="1245" r="735" b="1282" charConfidence="100">h</charParams>
<charParams l="740" t="1253" r="752" b="1275" charConfidence="35">e</charParams>
<charParams l="755" t="1253" r="772" b="1276" charConfidence="28">n</charParams>
<charParams l="779" t="1267" r="788" b="1282" charConfidence="72">,</charParams>
<charParams l="789" t="1245" r="812" b="1282"> </charParams>
<charParams l="813" t="1245" r="834" b="1282" charConfidence="87">Z</charParams>
<charParams l="838" t="1255" r="854" b="1278" charConfidence="41">u</charParams>
<charParams l="858" t="1251" r="868" b="1278" charConfidence="83">t</charParams>
<charParams l="871" t="1255" r="884" b="1279" charConfidence="57">r</charParams>
<charParams l="886" t="1255" r="901" b="1277" charConfidence="29">a</charParams>
<charParams l="906" t="1254" r="922" b="1278" charConfidence="37">u</charParams>
<charParams l="927" t="1254" r="937" b="1277" charConfidence="25">e</charParams>
<charParams l="941" t="1254" r="959" b="1277" charConfidence="65">n</charParams></formatting></line>
<line baseline="1334" l="179" t="1300" r="960" b="1346"><formatting lang="OldGerman">
<charParams l="179" t="1316" r="191" b="1337" charConfidence="26">e</charParams>
<charParams l="195" t="1315" r="207" b="1338" charConfidence="27">r</charParams>
<charParams l="210" t="1314" r="236" b="1337" charConfidence="37">w</charParams>
<charParams l="240" t="1314" r="252" b="1336" charConfidence="100">e</charParams>
<charParams l="254" t="1314" r="267" b="1335" charConfidence="100">r</charParams>
<charParams l="271" t="1304" r="286" b="1336" charConfidence="27">b</charParams>
<charParams l="290" t="1313" r="301" b="1336" charConfidence="55">e</charParams>
<charParams l="305" t="1312" r="322" b="1335" charConfidence="25">n</charParams>
<charParams l="323" t="1310" r="345" b="1335"> </charParams>
<charParams l="346" t="1310" r="362" b="1334" charConfidence="42">u</charParams>
<charParams l="366" t="1310" r="382" b="1332" charConfidence="34">n</charParams>
<charParams l="386" t="1303" r="402" b="1332" charConfidence="30">d</charParams>
<charParams l="403" t="1303" r="425" b="1332"> </charParams>
<charParams l="426" t="1309" r="438" b="1331" charConfidence="24">e</charParams>
<charParams l="442" t="1302" r="449" b="1331" charConfidence="36">i</charParams>
<charParams l="453" t="1309" r="470" b="1331" charConfidence="86">n</charParams>
<charParams l="474" t="1308" r="486" b="1332" charConfidence="34">e</charParams>
<charParams l="489" t="1309" r="506" b="1332" charConfidence="32">n</charParams>
<charParams l="507" t="1300" r="529" b="1338"> </charParams>
<charParams l="530" t="1300" r="552" b="1338" charConfidence="47">Z</charParams>
<charParams l="556" t="1310" r="572" b="1332" charConfidence="28">u</charParams>
<charParams l="577" t="1302" r="596" b="1341" charConfidence="22">f</charParams>
<charParams l="577" t="1302" r="596" b="1341" suspicious="1" charConfidence="22">l</charParams>
<charParams l="598" t="1307" r="614" b="1333" charConfidence="24">u</charParams>
<charParams l="619" t="1303" r="634" b="1338" charConfidence="26">ß</charParams>
<charParams l="635" t="1303" r="657" b="1338"> </charParams>
<charParams l="658" t="1312" r="675" b="1335" charConfidence="52">v</charParams>
<charParams l="679" t="1311" r="694" b="1334" charConfidence="31">o</charParams>
<charParams l="697" t="1312" r="714" b="1334" charConfidence="100">n</charParams>
<charParams l="715" t="1312" r="731" b="1335"> </charParams>
<charParams l="732" t="1314" r="747" b="1335" charConfidence="31">a</charParams>
<charParams l="751" t="1312" r="768" b="1335" charConfidence="88">n</charParams>
<charParams l="772" t="1308" r="788" b="1335" charConfidence="25">d</charParams>
<charParams l="791" t="1314" r="803" b="1336" charConfidence="38">e</charParams>
<charParams l="806" t="1313" r="819" b="1336" charConfidence="41">r</charParams>
<charParams l="822" t="1314" r="839" b="1337" charConfidence="32">n</charParams>
<charParams l="840" t="1309" r="853" b="1346"> </charParams>
<charParams l="854" t="1309" r="862" b="1346" charConfidence="41">j</charParams>
<charParams l="867" t="1316" r="883" b="1339" charConfidence="58">u</charParams>
<charParams l="886" t="1315" r="903" b="1337" charConfidence="100">n</charParams>
<charParams l="906" t="1314" r="922" b="1344" charConfidence="55">g</charParams>
<charParams l="926" t="1314" r="937" b="1336" charConfidence="25">e</charParams>
<charParams l="941" t="1314" r="960" b="1336" charConfidence="25">n</charParams></formatting></line>
<line baseline="1395" l="179" t="1362" r="958" b="1405"><formatting lang="OldGerman">
<charParams l="179" t="1366" r="210" b="1405" charConfidence="84">P</charParams>
<charParams l="214" t="1376" r="226" b="1398" charConfidence="68">e</charParams>
<charParams l="229" t="1376" r="241" b="1398" charConfidence="100">r</charParams>
<charParams l="245" t="1368" r="258" b="1404" charConfidence="72">s</charParams>
<charParams l="256" t="1376" r="271" b="1398" charConfidence="41">o</charParams>
<charParams l="274" t="1375" r="291" b="1398" charConfidence="92">n</charParams>
<charParams l="295" t="1375" r="307" b="1398" charConfidence="31">e</charParams>
<charParams l="310" t="1374" r="328" b="1398" charConfidence="27">n</charParams>
<charParams l="329" t="1373" r="357" b="1398"> </charParams>
<charParams l="358" t="1373" r="375" b="1396" charConfidence="56">v</charParams>
<charParams l="379" t="1372" r="392" b="1394" charConfidence="25">e</charParams>
<charParams l="394" t="1371" r="407" b="1394" charConfidence="65">r</charParams>
<charParams l="410" t="1362" r="422" b="1399" charConfidence="67">s</charParams>
<charParams l="421" t="1362" r="447" b="1398" charConfidence="59">c</charParams>
<charParams l="421" t="1362" r="447" b="1398" charConfidence="59">h</charParams>
<charParams l="451" t="1371" r="465" b="1392" charConfidence="25">a</charParams>
<charParams l="469" t="1362" r="492" b="1398" charConfidence="59">f</charParams>
<charParams l="469" t="1362" r="492" b="1398" charConfidence="59">f</charParams>
<charParams l="492" t="1370" r="504" b="1392" charConfidence="70">e</charParams>
<charParams l="507" t="1370" r="524" b="1393" charConfidence="28">n</charParams>
<charParams l="525" t="1370" r="556" b="1393"> </charParams>
<charParams l="557" t="1370" r="583" b="1393" charConfidence="62">w</charParams>
<charParams l="587" t="1364" r="595" b="1393" charConfidence="100">i</charParams>
<charParams l="599" t="1371" r="611" b="1394" charConfidence="56">r</charParams>
<charParams l="614" t="1366" r="628" b="1393" charConfidence="28">d</charParams>
<charParams l="640" t="1372" r="648" b="1401" charConfidence="93">;</charParams>
<charParams l="649" t="1371" r="682" b="1401"> </charParams>
<charParams l="683" t="1371" r="709" b="1394" charConfidence="74">w</charParams>
<charParams l="713" t="1373" r="724" b="1395" charConfidence="25">e</charParams>
<charParams l="727" t="1372" r="744" b="1396" charConfidence="46">n</charParams>
<charParams l="748" t="1373" r="766" b="1395" charConfidence="100">n</charParams>
<charParams l="767" t="1369" r="798" b="1397"> </charParams>
<charParams l="799" t="1369" r="814" b="1397" charConfidence="27">d</charParams>
<charParams l="819" t="1368" r="825" b="1397" charConfidence="-1">i</charParams>
<charParams l="829" t="1375" r="841" b="1398" charConfidence="26">e</charParams>
<charParams l="842" t="1375" r="871" b="1398"> </charParams>
<charParams l="872" t="1375" r="884" b="1397" charConfidence="27">e</charParams>
<charParams l="888" t="1375" r="900" b="1397" charConfidence="44">r</charParams>
<charParams l="903" t="1367" r="921" b="1404" charConfidence="28">s</charParams>
<charParams l="903" t="1367" r="921" b="1404" charConfidence="28">t</charParams>
<charParams l="926" t="1374" r="937" b="1396" charConfidence="52">e</charParams>
<charParams l="940" t="1373" r="958" b="1397" charConfidence="41">n</charParams></formatting></line>
<line baseline="1456" l="179" t="1423" r="957" b="1467"><formatting lang="OldGerman">
<charParams l="179" t="1426" r="213" b="1459" charConfidence="33">S</charParams>
<charParams l="218" t="1437" r="230" b="1458" charConfidence="48">e</charParams>
<charParams l="233" t="1430" r="241" b="1458" charConfidence="100">i</charParams>
<charParams l="245" t="1435" r="254" b="1458" charConfidence="26">t</charParams>
<charParams l="258" t="1437" r="269" b="1458" charConfidence="100">e</charParams>
<charParams l="273" t="1437" r="291" b="1459" charConfidence="25">n</charParams>
<charParams l="292" t="1430" r="322" b="1459"> </charParams>
<charParams l="323" t="1430" r="331" b="1459" charConfidence="26">i</charParams>
<charParams l="336" t="1427" r="351" b="1467" charConfidence="100">h</charParams>
<charParams l="356" t="1436" r="367" b="1459" charConfidence="28">r</charParams>
<charParams l="370" t="1436" r="382" b="1458" charConfidence="81">e</charParams>
<charParams l="385" t="1435" r="398" b="1458" charConfidence="56">r</charParams>
<charParams l="399" t="1423" r="421" b="1458"> </charParams>
<charParams l="422" t="1423" r="454" b="1456" charConfidence="100">B</charParams>
<charParams l="458" t="1433" r="470" b="1456" charConfidence="48">r</charParams>
<charParams l="474" t="1426" r="481" b="1455" charConfidence="27">i</charParams>
<charParams l="485" t="1432" r="496" b="1454" charConfidence="100">e</charParams>
<charParams l="499" t="1423" r="513" b="1460" charConfidence="38">f</charParams>
<charParams l="513" t="1432" r="525" b="1454" suspicious="1" charConfidence="48">e</charParams>
<charParams l="526" t="1432" r="548" b="1455"> </charParams>
<charParams l="549" t="1433" r="565" b="1455" charConfidence="25">u</charParams>
<charParams l="569" t="1433" r="586" b="1456" charConfidence="50">n</charParams>
<charParams l="590" t="1428" r="606" b="1456" charConfidence="27">d</charParams>
<charParams l="607" t="1423" r="630" b="1456"> </charParams>
<charParams l="631" t="1423" r="674" b="1456" charConfidence="47">M</charParams>
<charParams l="678" t="1434" r="692" b="1455" charConfidence="59">o</charParams>
<charParams l="696" t="1434" r="712" b="1455" charConfidence="74">n</charParams>
<charParams l="716" t="1434" r="731" b="1456" charConfidence="100">a</charParams>
<charParams l="736" t="1431" r="746" b="1456" charConfidence="57">t</charParams>
<charParams l="748" t="1431" r="762" b="1457" charConfidence="82">s</charParams>
<charParams l="767" t="1427" r="782" b="1458" charConfidence="76">b</charParams>
<charParams l="786" t="1436" r="797" b="1457" charConfidence="100">e</charParams>
<charParams l="801" t="1436" r="813" b="1458" charConfidence="49">r</charParams>
<charParams l="817" t="1429" r="824" b="1457" charConfidence="28">i</charParams>
<charParams l="828" t="1428" r="854" b="1460" charConfidence="54">c</charParams>
<charParams l="828" t="1428" r="854" b="1460" charConfidence="54">h</charParams>
<charParams l="858" t="1433" r="868" b="1457" charConfidence="24">t</charParams>
<charParams l="870" t="1435" r="883" b="1456" charConfidence="34">e</charParams>
<charParams l="884" t="1427" r="905" b="1456"> </charParams>
<charParams l="906" t="1427" r="915" b="1456" charConfidence="100">i</charParams>
<charParams l="919" t="1434" r="945" b="1456" charConfidence="37">m</charParams>
<charParams l="949" t="1440" r="957" b="1455" charConfidence="100">-</charParams></formatting></line></par>
</text>
</block>
</page>
</document>