﻿<?xml version="1.0" encoding="UTF-8" standalone="yes"?>
<document xmlns="http://www.abbyy.com/FineReader_xml/FineReader10-schema-v1.xml" version="1.0" producer="ABBYY FineReader Engine 11" languages="" xmlns:xsi="http://www.w3.org/2001/XMLSchema-instance" xsi:schemaLocation="http://www.abbyy.com/FineReader_xml/FineReader10-schema-v1.xml http://www.abbyy.com/FineReader_xml/FineReader10-schema-v1.xml">
<page width="1156" height="1782" resolution="300" originalCoords="1">
<block blockType="Text" blockName="">
<text>
<par startIndent="144">
<line baseline="86" l="559" t="59" r="600" b="86"><formatting lang="OldGerman">
<charParams l="559" t="59" r="578" b="84" suspicious="1" charConfidence="22">2</charParams>
<charParams l="582" t="59" r="600" b="86" charConfidence="47">7</charParams></formatting></line></par>
</text>
</block>
<block blockType="Text" blockName="">
<text>
<par align="Justified" startIndent="194" lineSpacing="1440">
<line baseline="170" l="194" t="135" r="967" b="180"><formatting lang="OldGerman">
<charParams l="194" t="149" r="220" b="171" suspicious="1" charConfidence="53">m</charParams>
<charParams l="225" t="150" r="237" b="171" charConfidence="33">e</charParams>
<charParams l="240" t="149" r="253" b="171" charConfidence="46">r</charParams>
<charParams l="254" t="148" r="274" b="171"> </charParams>
<charParams l="275" t="148" r="292" b="171" charConfidence="34">n</charParams>
<charParams l="296" t="149" r="314" b="172" charConfidence="100">u</charParams>
<charParams l="317" t="149" r="330" b="172" charConfidence="33">r</charParams>
<charParams l="331" t="139" r="343" b="178"> </charParams>
<charParams l="344" t="139" r="374" b="178" charConfidence="29">H</charParams>
<charParams l="378" t="149" r="393" b="180" charConfidence="28">y</charParams>
<charParams l="397" t="148" r="424" b="171" charConfidence="80">m</charParams>
<charParams l="427" t="148" r="444" b="170" charConfidence="100">n</charParams>
<charParams l="448" t="148" r="460" b="170" charConfidence="27">e</charParams>
<charParams l="463" t="146" r="481" b="169" charConfidence="25">n</charParams>
<charParams l="482" t="138" r="503" b="176"> </charParams>
<charParams l="504" t="138" r="523" b="176" charConfidence="51">s</charParams>
<charParams l="504" t="138" r="523" b="176" charConfidence="51">i</charParams>
<charParams l="524" t="145" r="541" b="167" charConfidence="46">n</charParams>
<charParams l="545" t="139" r="561" b="167" charConfidence="26">d</charParams>
<charParams l="562" t="135" r="584" b="167"> </charParams>
<charParams l="585" t="135" r="603" b="167" charConfidence="47">ü</charParams>
<charParams l="607" t="135" r="622" b="167" charConfidence="32">b</charParams>
<charParams l="626" t="145" r="638" b="168" charConfidence="26">e</charParams>
<charParams l="641" t="146" r="654" b="168" charConfidence="34">r</charParams>
<charParams l="655" t="140" r="672" b="170"> </charParams>
<charParams l="673" t="140" r="688" b="170" charConfidence="34">d</charParams>
<charParams l="692" t="140" r="700" b="170" charConfidence="35">i</charParams>
<charParams l="703" t="149" r="716" b="170" charConfidence="42">e</charParams>
<charParams l="717" t="140" r="732" b="171"> </charParams>
<charParams l="733" t="140" r="762" b="171" charConfidence="22">V</charParams>
<charParams l="766" t="149" r="780" b="171" charConfidence="60">o</charParams>
<charParams l="784" t="149" r="797" b="171" charConfidence="44">r</charParams>
<charParams l="800" t="146" r="809" b="171" charConfidence="44">t</charParams>
<charParams l="813" t="149" r="825" b="170" charConfidence="24">r</charParams>
<charParams l="828" t="150" r="839" b="170" charConfidence="33">c</charParams>
<charParams l="843" t="141" r="865" b="177" charConfidence="100">f</charParams>
<charParams l="843" t="141" r="865" b="177" charConfidence="100">f</charParams>
<charParams l="866" t="142" r="873" b="171" charConfidence="26">l</charParams>
<charParams l="876" t="140" r="884" b="170" charConfidence="57">i</charParams>
<charParams l="887" t="140" r="913" b="176" charConfidence="44">c</charParams>
<charParams l="887" t="140" r="913" b="176" charConfidence="44">h</charParams>
<charParams l="916" t="139" r="929" b="170" charConfidence="52">k</charParams>
<charParams l="931" t="148" r="943" b="170" charConfidence="32">e</charParams>
<charParams l="946" t="139" r="954" b="170" charConfidence="46">i</charParams>
<charParams l="957" t="144" r="967" b="170" charConfidence="70">t</charParams></formatting></line>
<line baseline="229" l="193" t="197" r="968" b="238"><formatting lang="OldGerman">
<charParams l="193" t="208" r="205" b="231" charConfidence="48">e</charParams>
<charParams l="209" t="201" r="216" b="230" charConfidence="30">i</charParams>
<charParams l="220" t="208" r="236" b="230" charConfidence="24">n</charParams>
<charParams l="240" t="208" r="252" b="230" charConfidence="35">e</charParams>
<charParams l="254" t="203" r="270" b="230" charConfidence="-1">s</charParams>
<charParams l="271" t="201" r="299" b="237"> </charParams>
<charParams l="300" t="201" r="314" b="237" charConfidence="77">s</charParams>
<charParams l="313" t="210" r="327" b="232" charConfidence="36">o</charParams>
<charParams l="331" t="203" r="338" b="232" charConfidence="81">l</charParams>
<charParams l="342" t="202" r="368" b="234" charConfidence="29">c</charParams>
<charParams l="342" t="202" r="368" b="234" charConfidence="29">h</charParams>
<charParams l="371" t="211" r="383" b="231" charConfidence="27">e</charParams>
<charParams l="386" t="208" r="403" b="229" charConfidence="48">n</charParams>
<charParams l="404" t="197" r="426" b="229"> </charParams>
<charParams l="427" t="197" r="457" b="229" charConfidence="38">K</charParams>
<charParams l="460" t="199" r="467" b="228" charConfidence="43">i</charParams>
<charParams l="470" t="205" r="486" b="228" charConfidence="77">n</charParams>
<charParams l="490" t="200" r="505" b="227" charConfidence="33">d</charParams>
<charParams l="509" t="204" r="520" b="226" charConfidence="28">e</charParams>
<charParams l="523" t="199" r="539" b="226" charConfidence="100">s</charParams>
<charParams l="547" t="216" r="556" b="231" charConfidence="80">,</charParams>
<charParams l="557" t="198" r="594" b="231"> </charParams>
<charParams l="595" t="198" r="611" b="226" charConfidence="41">d</charParams>
<charParams l="615" t="197" r="623" b="226" charConfidence="83">i</charParams>
<charParams l="626" t="204" r="639" b="226" charConfidence="31">e</charParams>
<charParams l="640" t="198" r="661" b="228"> </charParams>
<charParams l="662" t="198" r="670" b="228" charConfidence="27">i</charParams>
<charParams l="673" t="200" r="699" b="235" charConfidence="75">c</charParams>
<charParams l="673" t="200" r="699" b="235" charConfidence="75">h</charParams>
<charParams l="700" t="200" r="724" b="235"> </charParams>
<charParams l="725" t="202" r="740" b="230" charConfidence="30">d</charParams>
<charParams l="744" t="208" r="756" b="230" charConfidence="57">e</charParams>
<charParams l="759" t="208" r="776" b="230" charConfidence="29">n</charParams>
<charParams l="779" t="208" r="797" b="230" charConfidence="49">n</charParams>
<charParams l="798" t="208" r="820" b="230"> </charParams>
<charParams l="821" t="208" r="834" b="230" charConfidence="51">r</charParams>
<charParams l="837" t="209" r="848" b="230" charConfidence="25">e</charParams>
<charParams l="852" t="201" r="878" b="238" charConfidence="69">c</charParams>
<charParams l="852" t="201" r="878" b="238" charConfidence="69">h</charParams>
<charParams l="881" t="206" r="892" b="231" charConfidence="82">t</charParams>
<charParams l="893" t="206" r="915" b="238"> </charParams>
<charParams l="916" t="209" r="934" b="238" charConfidence="27">g</charParams>
<charParams l="937" t="208" r="954" b="231" charConfidence="25">u</charParams>
<charParams l="957" t="205" r="968" b="231" charConfidence="100">t</charParams></formatting></line>
<line baseline="290" l="193" t="253" r="967" b="299"><formatting lang="OldGerman">
<charParams l="193" t="260" r="201" b="290" charConfidence="30">i</charParams>
<charParams l="205" t="267" r="221" b="290" charConfidence="41">n</charParams>
<charParams l="222" t="267" r="245" b="291"> </charParams>
<charParams l="246" t="268" r="272" b="291" charConfidence="55">m</charParams>
<charParams l="277" t="269" r="288" b="290" charConfidence="100">e</charParams>
<charParams l="293" t="261" r="299" b="291" charConfidence="-1">i</charParams>
<charParams l="303" t="267" r="320" b="291" charConfidence="26">n</charParams>
<charParams l="323" t="269" r="336" b="291" charConfidence="26">e</charParams>
<charParams l="337" t="258" r="358" b="296"> </charParams>
<charParams l="359" t="258" r="391" b="296" charConfidence="42">P</charParams>
<charParams l="395" t="266" r="407" b="289" charConfidence="28">r</charParams>
<charParams l="409" t="265" r="424" b="288" charConfidence="45">o</charParams>
<charParams l="427" t="257" r="440" b="293" charConfidence="100">s</charParams>
<charParams l="438" t="264" r="451" b="289" charConfidence="25">e</charParams>
<charParams l="452" t="262" r="472" b="295"> </charParams>
<charParams l="473" t="262" r="485" b="295" suspicious="1" charConfidence="25">j</charParams>
<charParams l="489" t="263" r="505" b="286" suspicious="1" charConfidence="-1">»</charParams>
<charParams l="506" t="253" r="528" b="286"> </charParams>
<charParams l="529" t="253" r="546" b="285" charConfidence="26">ü</charParams>
<charParams l="551" t="255" r="566" b="285" charConfidence="71">b</charParams>
<charParams l="569" t="263" r="581" b="284" charConfidence="30">e</charParams>
<charParams l="584" t="263" r="596" b="285" charConfidence="49">r</charParams>
<charParams l="599" t="256" r="612" b="291" charConfidence="100">s</charParams>
<charParams l="610" t="263" r="622" b="285" charConfidence="27">e</charParams>
<charParams l="625" t="258" r="643" b="292" charConfidence="24">h</charParams>
<charParams l="646" t="264" r="658" b="286" charConfidence="33">e</charParams>
<charParams l="661" t="264" r="679" b="288" charConfidence="43">n</charParams>
<charParams l="680" t="264" r="701" b="289"> </charParams>
<charParams l="702" t="265" r="729" b="289" charConfidence="27">w</charParams>
<charParams l="732" t="268" r="744" b="289" charConfidence="30">e</charParams>
<charParams l="748" t="261" r="756" b="290" charConfidence="27">i</charParams>
<charParams l="759" t="261" r="774" b="297" suspicious="1" charConfidence="28">ß</charParams>
<charParams l="785" t="270" r="792" b="290" charConfidence="53">:</charParams>
<charParams l="793" t="261" r="816" b="296"> </charParams>
<charParams l="817" t="261" r="829" b="296" charConfidence="100">s</charParams>
<charParams l="829" t="269" r="844" b="291" charConfidence="49">o</charParams>
<charParams l="845" t="262" r="867" b="291"> </charParams>
<charParams l="868" t="262" r="877" b="291" charConfidence="29">i</charParams>
<charParams l="880" t="262" r="901" b="299" charConfidence="29">s</charParams>
<charParams l="880" t="262" r="901" b="299" charConfidence="29">t</charParams>
<charParams l="902" t="262" r="918" b="299"> </charParams>
<charParams l="919" t="264" r="935" b="291" charConfidence="34">d</charParams>
<charParams l="939" t="269" r="954" b="292" charConfidence="25">a</charParams>
<charParams l="958" t="272" r="967" b="288" charConfidence="22">¬</charParams></formatting></line>
<line baseline="348" l="191" t="313" r="967" b="358"><formatting lang="OldGerman">
<charParams l="191" t="328" r="208" b="358" charConfidence="24">g</charParams>
<charParams l="211" t="328" r="223" b="350" charConfidence="30">e</charParams>
<charParams l="225" t="328" r="241" b="358" charConfidence="33">g</charParams>
<charParams l="245" t="328" r="257" b="350" charConfidence="54">e</charParams>
<charParams l="259" t="328" r="276" b="350" charConfidence="72">n</charParams>
<charParams l="285" t="341" r="294" b="354" charConfidence="67">,</charParams>
<charParams l="295" t="325" r="340" b="354"> </charParams>
<charParams l="341" t="325" r="367" b="349" suspicious="1" charConfidence="41">w</charParams>
<charParams l="368" t="325" r="385" b="348" suspicious="1" charConfidence="24">a</charParams>
<charParams l="389" t="314" r="404" b="346" suspicious="1" charConfidence="22">ö</charParams>
<charParams l="405" t="314" r="442" b="352"> </charParams>
<charParams l="443" t="315" r="461" b="352" charConfidence="53">s</charParams>
<charParams l="443" t="315" r="461" b="352" charConfidence="53">i</charParams>
<charParams l="463" t="321" r="476" b="345" charConfidence="25">e</charParams>
<charParams l="477" t="313" r="505" b="347"> </charParams>
<charParams l="506" t="313" r="520" b="347" charConfidence="100">s</charParams>
<charParams l="518" t="314" r="544" b="350" charConfidence="100">c</charParams>
<charParams l="518" t="314" r="544" b="350" charConfidence="100">h</charParams>
<charParams l="547" t="315" r="556" b="344" charConfidence="74">l</charParams>
<charParams l="559" t="315" r="566" b="343" charConfidence="-1">i</charParams>
<charParams l="570" t="323" r="582" b="344" charConfidence="27">e</charParams>
<charParams l="585" t="314" r="600" b="350" charConfidence="26">ß</charParams>
<charParams l="604" t="315" r="612" b="345" charConfidence="69">l</charParams>
<charParams l="614" t="316" r="623" b="344" charConfidence="32">i</charParams>
<charParams l="625" t="315" r="653" b="351" charConfidence="59">c</charParams>
<charParams l="625" t="315" r="653" b="351" charConfidence="59">h</charParams>
<charParams l="654" t="315" r="682" b="351"> </charParams>
<charParams l="683" t="325" r="700" b="348" charConfidence="38">v</charParams>
<charParams l="704" t="326" r="718" b="348" charConfidence="39">o</charParams>
<charParams l="722" t="326" r="740" b="349" charConfidence="62">n</charParams>
<charParams l="741" t="319" r="770" b="351"> </charParams>
<charParams l="771" t="319" r="799" b="351" charConfidence="67">O</charParams>
<charParams l="803" t="326" r="813" b="351" charConfidence="30">t</charParams>
<charParams l="816" t="326" r="826" b="351" charConfidence="32">t</charParams>
<charParams l="829" t="321" r="836" b="351" charConfidence="80">i</charParams>
<charParams l="840" t="322" r="847" b="351" charConfidence="48">l</charParams>
<charParams l="851" t="321" r="858" b="350" charConfidence="100">i</charParams>
<charParams l="862" t="328" r="873" b="351" charConfidence="27">e</charParams>
<charParams l="877" t="328" r="894" b="351" charConfidence="-1">»</charParams>
<charParams l="895" t="328" r="926" b="351"> </charParams>
<charParams l="927" t="329" r="940" b="351" charConfidence="38">e</charParams>
<charParams l="943" t="328" r="955" b="351" charConfidence="36">r</charParams>
<charParams l="957" t="331" r="967" b="347" charConfidence="22">¬</charParams></formatting></line>
<line baseline="407" l="190" t="372" r="968" b="416"><formatting lang="OldGerman">
<charParams l="190" t="385" r="216" b="408" charConfidence="25">w</charParams>
<charParams l="220" t="379" r="235" b="407" charConfidence="22">ä</charParams>
<charParams l="239" t="379" r="254" b="414" charConfidence="51">h</charParams>
<charParams l="259" t="386" r="275" b="407" charConfidence="29">n</charParams>
<charParams l="280" t="382" r="290" b="407" charConfidence="45">t</charParams>
<charParams l="298" t="398" r="308" b="413" charConfidence="100">,</charParams>
<charParams l="309" t="384" r="345" b="413"> </charParams>
<charParams l="346" t="384" r="364" b="405" charConfidence="69">n</charParams>
<charParams l="367" t="383" r="384" b="404" charConfidence="70">u</charParams>
<charParams l="387" t="383" r="401" b="404" charConfidence="44">r</charParams>
<charParams l="402" t="374" r="430" b="404"> </charParams>
<charParams l="431" t="374" r="439" b="403" charConfidence="42">i</charParams>
<charParams l="442" t="381" r="469" b="402" charConfidence="74">m</charParams>
<charParams l="474" t="380" r="500" b="403" charConfidence="68">m</charParams>
<charParams l="505" t="382" r="517" b="402" charConfidence="32">e</charParams>
<charParams l="520" t="381" r="533" b="403" charConfidence="61">r</charParams>
<charParams l="534" t="372" r="557" b="404"> </charParams>
<charParams l="558" t="372" r="583" b="404" charConfidence="31">E</charParams>
<charParams l="587" t="382" r="603" b="405" charConfidence="40">n</charParams>
<charParams l="607" t="379" r="617" b="404" charConfidence="82">t</charParams>
<charParams l="621" t="374" r="634" b="410" charConfidence="26">s</charParams>
<charParams l="631" t="375" r="657" b="411" charConfidence="100">c</charParams>
<charParams l="631" t="375" r="657" b="411" charConfidence="100">h</charParams>
<charParams l="663" t="384" r="679" b="405" charConfidence="30">u</charParams>
<charParams l="683" t="377" r="691" b="406" charConfidence="59">l</charParams>
<charParams l="694" t="379" r="709" b="407" charConfidence="29">d</charParams>
<charParams l="713" t="378" r="721" b="406" charConfidence="27">i</charParams>
<charParams l="723" t="387" r="740" b="415" charConfidence="28">g</charParams>
<charParams l="743" t="386" r="760" b="408" charConfidence="53">u</charParams>
<charParams l="764" t="387" r="780" b="407" charConfidence="25">n</charParams>
<charParams l="783" t="387" r="799" b="416" charConfidence="46">g</charParams>
<charParams l="800" t="387" r="822" b="416"> </charParams>
<charParams l="823" t="388" r="840" b="409" charConfidence="42">a</charParams>
<charParams l="844" t="388" r="860" b="410" charConfidence="24">u</charParams>
<charParams l="863" t="379" r="877" b="414" suspicious="1" charConfidence="71">f</charParams>
<charParams l="878" t="379" r="896" b="414"> </charParams>
<charParams l="897" t="379" r="925" b="410" charConfidence="25">E</charParams>
<charParams l="925" t="389" r="943" b="410" charConfidence="35">n</charParams>
<charParams l="946" t="386" r="957" b="411" charConfidence="30">t</charParams>
<charParams l="958" t="391" r="968" b="408" charConfidence="22">¬</charParams></formatting></line>
<line baseline="465" l="190" t="432" r="968" b="477"><formatting lang="OldGerman">
<charParams l="190" t="436" r="204" b="471" charConfidence="51">s</charParams>
<charParams l="202" t="436" r="228" b="466" charConfidence="100">c</charParams>
<charParams l="202" t="436" r="228" b="466" charConfidence="100">h</charParams>
<charParams l="232" t="443" r="247" b="465" charConfidence="24">u</charParams>
<charParams l="252" t="437" r="259" b="464" charConfidence="27">l</charParams>
<charParams l="263" t="437" r="278" b="464" charConfidence="30">d</charParams>
<charParams l="282" t="436" r="289" b="465" charConfidence="57">i</charParams>
<charParams l="292" t="442" r="307" b="471" charConfidence="63">g</charParams>
<charParams l="312" t="441" r="328" b="464" charConfidence="100">u</charParams>
<charParams l="331" t="441" r="348" b="464" charConfidence="92">n</charParams>
<charParams l="351" t="441" r="367" b="471" charConfidence="40">g</charParams>
<charParams l="377" t="455" r="386" b="469" charConfidence="88">,</charParams>
<charParams l="387" t="435" r="409" b="469"> </charParams>
<charParams l="410" t="435" r="426" b="463" charConfidence="42">d</charParams>
<charParams l="430" t="440" r="444" b="462" charConfidence="28">a</charParams>
<charParams l="449" t="433" r="465" b="469" charConfidence="29">ß</charParams>
<charParams l="466" t="433" r="486" b="469"> </charParams>
<charParams l="487" t="441" r="499" b="464" charConfidence="25">e</charParams>
<charParams l="503" t="434" r="510" b="463" charConfidence="68">i</charParams>
<charParams l="513" t="440" r="531" b="463" charConfidence="55">n</charParams>
<charParams l="532" t="432" r="554" b="463"> </charParams>
<charParams l="555" t="432" r="572" b="463" charConfidence="54">ü</charParams>
<charParams l="576" t="433" r="591" b="463" charConfidence="33">b</charParams>
<charParams l="595" t="441" r="607" b="464" charConfidence="26">r</charParams>
<charParams l="611" t="434" r="618" b="463" charConfidence="44">i</charParams>
<charParams l="619" t="442" r="636" b="471" charConfidence="28">g</charParams>
<charParams l="640" t="441" r="652" b="463" charConfidence="46">e</charParams>
<charParams l="655" t="442" r="671" b="463" charConfidence="100">n</charParams>
<charParams l="676" t="438" r="691" b="464" charConfidence="100">s</charParams>
<charParams l="692" t="436" r="715" b="470"> </charParams>
<charParams l="716" t="436" r="728" b="470" charConfidence="30">s</charParams>
<charParams l="727" t="444" r="742" b="465" charConfidence="43">o</charParams>
<charParams l="743" t="436" r="766" b="470"> </charParams>
<charParams l="767" t="436" r="780" b="470" charConfidence="95">s</charParams>
<charParams l="778" t="437" r="803" b="471" charConfidence="73">c</charParams>
<charParams l="778" t="437" r="803" b="471" charConfidence="73">h</charParams>
<charParams l="808" t="437" r="823" b="466" charConfidence="27">ö</charParams>
<charParams l="826" t="445" r="844" b="466" charConfidence="37">n</charParams>
<charParams l="845" t="438" r="867" b="477"> </charParams>
<charParams l="868" t="438" r="885" b="477" suspicious="1" charConfidence="33">h</charParams>
<charParams l="889" t="446" r="901" b="467" charConfidence="55">e</charParams>
<charParams l="904" t="447" r="917" b="468" charConfidence="39">r</charParams>
<charParams l="919" t="448" r="934" b="467" charConfidence="29">a</charParams>
<charParams l="938" t="447" r="956" b="468" charConfidence="25">n</charParams>
<charParams l="958" t="449" r="968" b="464" charConfidence="22">¬</charParams></formatting></line>
<line baseline="525" l="189" t="490" r="968" b="533"><formatting lang="OldGerman">
<charParams l="189" t="501" r="215" b="525" charConfidence="25">w</charParams>
<charParams l="219" t="502" r="234" b="524" charConfidence="100">a</charParams>
<charParams l="237" t="493" r="263" b="530" charConfidence="67">c</charParams>
<charParams l="237" t="493" r="263" b="530" charConfidence="67">h</charParams>
<charParams l="267" t="493" r="281" b="529" charConfidence="30">s</charParams>
<charParams l="278" t="502" r="290" b="524" charConfidence="27">e</charParams>
<charParams l="293" t="501" r="310" b="525" charConfidence="66">n</charParams>
<charParams l="314" t="496" r="328" b="524" charConfidence="27">d</charParams>
<charParams l="332" t="501" r="345" b="524" charConfidence="26">e</charParams>
<charParams l="345" t="496" r="362" b="524" charConfidence="100">s</charParams>
<charParams l="363" t="490" r="378" b="525"> </charParams>
<charParams l="379" t="490" r="422" b="525" charConfidence="35">M</charParams>
<charParams l="425" t="493" r="439" b="524" charConfidence="27">ä</charParams>
<charParams l="444" t="496" r="458" b="524" charConfidence="27">d</charParams>
<charParams l="462" t="493" r="488" b="530" charConfidence="55">c</charParams>
<charParams l="462" t="493" r="488" b="530" charConfidence="55">h</charParams>
<charParams l="492" t="502" r="503" b="525" charConfidence="28">e</charParams>
<charParams l="507" t="501" r="523" b="524" charConfidence="68">n</charParams>
<charParams l="524" t="494" r="539" b="533"> </charParams>
<charParams l="540" t="494" r="558" b="533" charConfidence="84">s</charParams>
<charParams l="540" t="494" r="558" b="533" charConfidence="84">i</charParams>
<charParams l="561" t="493" r="587" b="530" charConfidence="65">c</charParams>
<charParams l="561" t="493" r="587" b="530" charConfidence="65">h</charParams>
<charParams l="588" t="493" r="602" b="530"> </charParams>
<charParams l="603" t="501" r="620" b="524" charConfidence="100">n</charParams>
<charParams l="622" t="494" r="631" b="524" charConfidence="23">i</charParams>
<charParams l="635" t="493" r="661" b="530" charConfidence="75">c</charParams>
<charParams l="635" t="493" r="661" b="530" charConfidence="75">h</charParams>
<charParams l="665" t="499" r="675" b="524" charConfidence="29">t</charParams>
<charParams l="676" t="499" r="691" b="525"> </charParams>
<charParams l="692" t="502" r="705" b="525" charConfidence="43">e</charParams>
<charParams l="708" t="502" r="724" b="524" charConfidence="25">n</charParams>
<charParams l="729" t="498" r="738" b="524" charConfidence="55">t</charParams>
<charParams l="741" t="501" r="766" b="525" charConfidence="25">w</charParams>
<charParams l="771" t="495" r="778" b="524" charConfidence="33">i</charParams>
<charParams l="781" t="494" r="805" b="524" charConfidence="22">c</charParams>
<charParams l="781" t="494" r="805" b="524" charConfidence="22">k</charParams>
<charParams l="808" t="502" r="820" b="524" charConfidence="48">e</charParams>
<charParams l="823" t="496" r="830" b="526" charConfidence="56">l</charParams>
<charParams l="835" t="503" r="852" b="524" charConfidence="23">n</charParams>
<charParams l="860" t="517" r="868" b="531" charConfidence="69">,</charParams>
<charParams l="869" t="496" r="892" b="531"> </charParams>
<charParams l="893" t="496" r="906" b="526" charConfidence="73">k</charParams>
<charParams l="908" t="504" r="919" b="525" charConfidence="30">e</charParams>
<charParams l="923" t="498" r="931" b="525" charConfidence="100">i</charParams>
<charParams l="935" t="504" r="951" b="527" charConfidence="25">n</charParams>
<charParams l="955" t="505" r="968" b="528" charConfidence="24">e</charParams></formatting></line>
<line baseline="588" l="190" t="554" r="963" b="599"><formatting lang="OldGerman">
<charParams l="190" t="554" r="213" b="593" charConfidence="54">F</charParams>
<charParams l="215" t="557" r="229" b="587" charConfidence="0">ä</charParams>
<charParams l="234" t="555" r="249" b="597" charConfidence="40">h</charParams>
<charParams l="255" t="556" r="261" b="586" charConfidence="-1">i</charParams>
<charParams l="264" t="565" r="279" b="596" charConfidence="28">g</charParams>
<charParams l="284" t="555" r="295" b="588" charConfidence="45">k</charParams>
<charParams l="298" t="565" r="310" b="588" charConfidence="27">e</charParams>
<charParams l="313" t="557" r="321" b="587" charConfidence="30">i</charParams>
<charParams l="325" t="562" r="335" b="588" charConfidence="26">t</charParams>
<charParams l="337" t="564" r="348" b="587" charConfidence="26">e</charParams>
<charParams l="352" t="565" r="369" b="588" charConfidence="76">n</charParams>
<charParams l="370" t="564" r="392" b="589"> </charParams>
<charParams l="393" t="564" r="410" b="589" charConfidence="28">u</charParams>
<charParams l="414" t="565" r="432" b="588" charConfidence="30">n</charParams>
<charParams l="435" t="559" r="450" b="588" charConfidence="32">d</charParams>
<charParams l="451" t="555" r="475" b="588"> </charParams>
<charParams l="476" t="555" r="488" b="588" charConfidence="48">k</charParams>
<charParams l="490" t="565" r="502" b="588" charConfidence="100">e</charParams>
<charParams l="505" t="557" r="512" b="587" charConfidence="-1">i</charParams>
<charParams l="517" t="565" r="533" b="588" charConfidence="28">n</charParams>
<charParams l="538" t="566" r="550" b="588" charConfidence="99">e</charParams>
<charParams l="551" t="555" r="561" b="595"> </charParams>
<charParams l="562" t="555" r="585" b="595" charConfidence="49">F</charParams>
<charParams l="587" t="565" r="599" b="589" charConfidence="34">e</charParams>
<charParams l="602" t="564" r="614" b="588" charConfidence="100">r</charParams>
<charParams l="617" t="562" r="627" b="588" charConfidence="43">t</charParams>
<charParams l="630" t="557" r="637" b="587" charConfidence="100">i</charParams>
<charParams l="640" t="565" r="656" b="596" charConfidence="55">g</charParams>
<charParams l="660" t="556" r="672" b="588" charConfidence="35">k</charParams>
<charParams l="675" t="566" r="685" b="587" charConfidence="92">e</charParams>
<charParams l="690" t="558" r="697" b="588" charConfidence="100">i</charParams>
<charParams l="701" t="562" r="710" b="589" charConfidence="48">t</charParams>
<charParams l="714" t="565" r="725" b="588" charConfidence="25">e</charParams>
<charParams l="728" t="565" r="745" b="588" charConfidence="25">n</charParams>
<charParams l="746" t="564" r="763" b="599"> </charParams>
<charParams l="764" t="564" r="775" b="599" charConfidence="26">z</charParams>
<charParams l="780" t="566" r="791" b="589" charConfidence="26">e</charParams>
<charParams l="796" t="557" r="802" b="588" charConfidence="100">i</charParams>
<charParams l="805" t="565" r="821" b="596" charConfidence="36">g</charParams>
<charParams l="825" t="566" r="837" b="589" charConfidence="59">e</charParams>
<charParams l="840" t="565" r="857" b="589" charConfidence="54">n</charParams>
<charParams l="858" t="565" r="872" b="589"> </charParams>
<charParams l="873" t="565" r="899" b="588" charConfidence="24">w</charParams>
<charParams l="903" t="565" r="917" b="588" charConfidence="62">o</charParams>
<charParams l="921" t="558" r="928" b="588" charConfidence="28">l</charParams>
<charParams l="930" t="557" r="938" b="588" charConfidence="100">l</charParams>
<charParams l="941" t="565" r="954" b="589" charConfidence="27">e</charParams>
<charParams l="955" t="580" r="963" b="588" charConfidence="100">.</charParams></formatting></line>
<line baseline="651" l="191" t="617" r="966" b="661"><formatting lang="OldGerman">
<charParams l="191" t="617" r="225" b="650" charConfidence="72">D</charParams>
<charParams l="229" t="627" r="243" b="649" charConfidence="25">a</charParams>
<charParams l="247" t="622" r="262" b="650" charConfidence="100">s</charParams>
<charParams l="263" t="622" r="292" b="650"> </charParams>
<charParams l="293" t="626" r="319" b="650" charConfidence="24">w</charParams>
<charParams l="323" t="627" r="336" b="650" charConfidence="26">e</charParams>
<charParams l="338" t="627" r="355" b="651" charConfidence="63">n</charParams>
<charParams l="359" t="619" r="366" b="650" charConfidence="68">i</charParams>
<charParams l="369" t="627" r="386" b="658" charConfidence="32">g</charParams>
<charParams l="390" t="627" r="403" b="651" charConfidence="43">e</charParams>
<charParams l="404" t="626" r="424" b="651"> </charParams>
<charParams l="425" t="626" r="451" b="651" charConfidence="27">w</charParams>
<charParams l="455" t="628" r="470" b="650" charConfidence="54">a</charParams>
<charParams l="474" t="623" r="489" b="650" charConfidence="100">s</charParams>
<charParams l="490" t="620" r="513" b="659"> </charParams>
<charParams l="514" t="620" r="532" b="659" charConfidence="84">s</charParams>
<charParams l="514" t="620" r="532" b="659" charConfidence="84">i</charParams>
<charParams l="534" t="628" r="547" b="651" charConfidence="33">e</charParams>
<charParams l="548" t="619" r="575" b="657"> </charParams>
<charParams l="576" t="619" r="589" b="657" charConfidence="100">s</charParams>
<charParams l="588" t="628" r="603" b="651" charConfidence="40">o</charParams>
<charParams l="606" t="627" r="623" b="650" charConfidence="56">n</charParams>
<charParams l="627" t="620" r="647" b="659" charConfidence="31">s</charParams>
<charParams l="627" t="620" r="647" b="659" charConfidence="31">t</charParams>
<charParams l="648" t="620" r="668" b="659"> </charParams>
<charParams l="669" t="627" r="687" b="650" charConfidence="29">n</charParams>
<charParams l="691" t="628" r="705" b="650" charConfidence="48">o</charParams>
<charParams l="709" t="619" r="735" b="657" charConfidence="99">c</charParams>
<charParams l="709" t="619" r="735" b="657" charConfidence="99">h</charParams>
<charParams l="736" t="619" r="759" b="660"> </charParams>
<charParams l="760" t="619" r="777" b="660" suspicious="1" charConfidence="67">h</charParams>
<charParams l="781" t="620" r="788" b="651" charConfidence="100">i</charParams>
<charParams l="792" t="628" r="809" b="650" charConfidence="100">n</charParams>
<charParams l="812" t="628" r="824" b="661" charConfidence="24">z</charParams>
<charParams l="827" t="629" r="844" b="651" charConfidence="53">u</charParams>
<charParams l="847" t="619" r="860" b="658" charConfidence="55">f</charParams>
<charParams l="861" t="619" r="877" b="651" charConfidence="26">ü</charParams>
<charParams l="880" t="628" r="897" b="660" charConfidence="55">g</charParams>
<charParams l="900" t="626" r="910" b="652" charConfidence="45">t</charParams>
<charParams l="911" t="620" r="933" b="652"> </charParams>
<charParams l="934" t="620" r="943" b="652" charConfidence="33">i</charParams>
<charParams l="946" t="620" r="966" b="658" charConfidence="42">s</charParams>
<charParams l="946" t="620" r="966" b="658" charConfidence="42">t</charParams></formatting></line>
<line baseline="713" l="188" t="680" r="967" b="721"><formatting lang="OldGerman">
<charParams l="188" t="688" r="205" b="719" charConfidence="54">g</charParams>
<charParams l="211" t="682" r="218" b="711" charConfidence="45">l</charParams>
<charParams l="221" t="689" r="233" b="711" charConfidence="25">e</charParams>
<charParams l="236" t="681" r="243" b="711" charConfidence="100">i</charParams>
<charParams l="247" t="681" r="273" b="717" charConfidence="91">c</charParams>
<charParams l="247" t="681" r="273" b="717" charConfidence="91">h</charParams>
<charParams l="277" t="680" r="291" b="718" charConfidence="87">f</charParams>
<charParams l="290" t="689" r="304" b="711" charConfidence="36">a</charParams>
<charParams l="309" t="681" r="317" b="712" charConfidence="70">l</charParams>
<charParams l="317" t="681" r="327" b="712" charConfidence="30">l</charParams>
<charParams l="328" t="684" r="344" b="712" charConfidence="100">s</charParams>
<charParams l="345" t="681" r="366" b="719"> </charParams>
<charParams l="367" t="681" r="382" b="719" charConfidence="52">f</charParams>
<charParams l="381" t="680" r="397" b="712" charConfidence="22">ü</charParams>
<charParams l="401" t="690" r="414" b="713" charConfidence="35">r</charParams>
<charParams l="415" t="689" r="437" b="713"> </charParams>
<charParams l="438" t="689" r="466" b="713" charConfidence="69">m</charParams>
<charParams l="471" t="683" r="477" b="712" charConfidence="100">i</charParams>
<charParams l="482" t="682" r="508" b="718" charConfidence="74">c</charParams>
<charParams l="482" t="682" r="508" b="718" charConfidence="74">h</charParams>
<charParams l="509" t="681" r="530" b="718"> </charParams>
<charParams l="531" t="681" r="545" b="713" charConfidence="55">k</charParams>
<charParams l="548" t="690" r="559" b="712" charConfidence="34">e</charParams>
<charParams l="563" t="682" r="570" b="712" charConfidence="100">i</charParams>
<charParams l="574" t="689" r="590" b="713" charConfidence="57">n</charParams>
<charParams l="591" t="680" r="615" b="713"> </charParams>
<charParams l="616" t="680" r="647" b="713" charConfidence="30">R</charParams>
<charParams l="650" t="681" r="666" b="712" charConfidence="45">ä</charParams>
<charParams l="670" t="688" r="680" b="713" charConfidence="34">t</charParams>
<charParams l="683" t="681" r="699" b="721" charConfidence="80">h</charParams>
<charParams l="703" t="683" r="716" b="719" charConfidence="100">s</charParams>
<charParams l="714" t="691" r="726" b="714" charConfidence="26">e</charParams>
<charParams l="730" t="683" r="737" b="713" charConfidence="100">l</charParams>
<charParams l="745" t="704" r="754" b="719" charConfidence="84">,</charParams>
<charParams l="755" t="689" r="788" b="719"> </charParams>
<charParams l="789" t="689" r="815" b="713" charConfidence="25">w</charParams>
<charParams l="818" t="690" r="830" b="712" charConfidence="25">e</charParams>
<charParams l="835" t="683" r="841" b="712" charConfidence="100">i</charParams>
<charParams l="845" t="683" r="853" b="713" charConfidence="28">l</charParams>
<charParams l="854" t="683" r="875" b="713"> </charParams>
<charParams l="876" t="683" r="884" b="712" charConfidence="70">i</charParams>
<charParams l="887" t="682" r="914" b="719" charConfidence="74">c</charParams>
<charParams l="887" t="682" r="914" b="719" charConfidence="74">h</charParams>
<charParams l="915" t="682" r="936" b="719"> </charParams>
<charParams l="937" t="682" r="946" b="711" charConfidence="55">i</charParams>
<charParams l="949" t="689" r="967" b="712" charConfidence="29">n</charParams></formatting></line>
<line baseline="774" l="191" t="741" r="968" b="784"><formatting lang="OldGerman">
<charParams l="191" t="743" r="207" b="771" charConfidence="27">d</charParams>
<charParams l="212" t="742" r="219" b="771" charConfidence="41">i</charParams>
<charParams l="222" t="750" r="233" b="772" charConfidence="26">e</charParams>
<charParams l="237" t="742" r="250" b="778" charConfidence="100">s</charParams>
<charParams l="248" t="750" r="260" b="773" charConfidence="26">e</charParams>
<charParams l="263" t="750" r="290" b="773" suspicious="1" charConfidence="100">m</charParams>
<charParams l="291" t="744" r="314" b="773"> </charParams>
<charParams l="315" t="744" r="323" b="773" charConfidence="32">l</charParams>
<charParams l="326" t="744" r="334" b="773" charConfidence="61">i</charParams>
<charParams l="337" t="751" r="349" b="773" charConfidence="30">e</charParams>
<charParams l="352" t="742" r="368" b="773" charConfidence="46">b</charParams>
<charParams l="371" t="751" r="384" b="774" charConfidence="26">e</charParams>
<charParams l="387" t="750" r="404" b="774" charConfidence="30">n</charParams>
<charParams l="405" t="742" r="423" b="775"> </charParams>
<charParams l="424" t="742" r="454" b="775" charConfidence="82">K</charParams>
<charParams l="456" t="744" r="464" b="775" charConfidence="29">i</charParams>
<charParams l="467" t="751" r="483" b="774" charConfidence="76">n</charParams>
<charParams l="487" t="745" r="502" b="774" charConfidence="36">d</charParams>
<charParams l="506" t="751" r="519" b="774" charConfidence="28">e</charParams>
<charParams l="520" t="745" r="542" b="774"> </charParams>
<charParams l="543" t="745" r="558" b="773" charConfidence="28">d</charParams>
<charParams l="562" t="750" r="574" b="773" charConfidence="34">e</charParams>
<charParams l="577" t="751" r="594" b="774" charConfidence="38">n</charParams>
<charParams l="595" t="751" r="616" b="781"> </charParams>
<charParams l="617" t="751" r="635" b="781" charConfidence="26">g</charParams>
<charParams l="638" t="751" r="654" b="773" charConfidence="100">a</charParams>
<charParams l="657" t="751" r="674" b="774" charConfidence="29">n</charParams>
<charParams l="677" t="751" r="689" b="784" charConfidence="54">z</charParams>
<charParams l="692" t="752" r="704" b="773" charConfidence="26">e</charParams>
<charParams l="707" t="752" r="724" b="774" charConfidence="76">n</charParams>
<charParams l="725" t="741" r="748" b="774"> </charParams>
<charParams l="749" t="741" r="773" b="774" suspicious="1" charConfidence="33">C</charParams>
<charParams l="777" t="742" r="792" b="782" charConfidence="66">h</charParams>
<charParams l="796" t="750" r="811" b="772" charConfidence="60">a</charParams>
<charParams l="815" t="751" r="828" b="773" charConfidence="100">r</charParams>
<charParams l="831" t="751" r="845" b="773" charConfidence="100">a</charParams>
<charParams l="849" t="751" r="861" b="774" suspicious="1" charConfidence="29">c</charParams>
<charParams l="864" t="748" r="874" b="774" charConfidence="28">t</charParams>
<charParams l="876" t="751" r="888" b="774" charConfidence="48">e</charParams>
<charParams l="891" t="752" r="904" b="774" charConfidence="78">r</charParams>
<charParams l="905" t="744" r="927" b="774"> </charParams>
<charParams l="928" t="744" r="937" b="773" charConfidence="28">i</charParams>
<charParams l="937" t="742" r="956" b="782" charConfidence="26">h</charParams>
<charParams l="959" t="753" r="968" b="769" charConfidence="22">¬</charParams></formatting></line>
<line baseline="833" l="188" t="800" r="967" b="841"><formatting lang="OldGerman">
<charParams l="188" t="807" r="202" b="831" charConfidence="39">r</charParams>
<charParams l="205" t="809" r="216" b="832" charConfidence="26">e</charParams>
<charParams l="219" t="808" r="233" b="831" charConfidence="37">r</charParams>
<charParams l="234" t="800" r="270" b="833"> </charParams>
<charParams l="271" t="800" r="314" b="833" charConfidence="63">M</charParams>
<charParams l="318" t="809" r="334" b="832" charConfidence="33">u</charParams>
<charParams l="338" t="807" r="348" b="832" charConfidence="79">t</charParams>
<charParams l="350" t="806" r="361" b="832" charConfidence="63">t</charParams>
<charParams l="363" t="810" r="376" b="832" charConfidence="43">e</charParams>
<charParams l="378" t="810" r="391" b="833" charConfidence="47">r</charParams>
<charParams l="399" t="824" r="409" b="838" charConfidence="100">,</charParams>
<charParams l="410" t="810" r="453" b="838"> </charParams>
<charParams l="454" t="810" r="482" b="834" charConfidence="69">m</charParams>
<charParams l="486" t="811" r="498" b="833" charConfidence="39">e</charParams>
<charParams l="501" t="804" r="510" b="833" charConfidence="63">i</charParams>
<charParams l="513" t="810" r="530" b="833" charConfidence="28">n</charParams>
<charParams l="532" t="811" r="546" b="834" charConfidence="30">e</charParams>
<charParams l="547" t="811" r="562" b="834" suspicious="1" charConfidence="28">r</charParams>
<charParams l="563" t="810" r="593" b="834"> </charParams>
<charParams l="594" t="810" r="620" b="834" charConfidence="26">w</charParams>
<charParams l="623" t="811" r="635" b="834" charConfidence="34">e</charParams>
<charParams l="638" t="811" r="651" b="834" charConfidence="52">r</charParams>
<charParams l="653" t="809" r="664" b="833" charConfidence="41">t</charParams>
<charParams l="666" t="803" r="683" b="841" charConfidence="83">h</charParams>
<charParams l="688" t="812" r="699" b="833" charConfidence="100">e</charParams>
<charParams l="702" t="804" r="722" b="841" charConfidence="71">s</charParams>
<charParams l="702" t="804" r="722" b="841" charConfidence="71">t</charParams>
<charParams l="725" t="812" r="736" b="834" charConfidence="26">e</charParams>
<charParams l="739" t="811" r="757" b="834" charConfidence="100">n</charParams>
<charParams l="758" t="802" r="789" b="840"> </charParams>
<charParams l="790" t="802" r="814" b="840" charConfidence="25">F</charParams>
<charParams l="815" t="811" r="828" b="833" charConfidence="100">r</charParams>
<charParams l="831" t="811" r="843" b="833" charConfidence="30">e</charParams>
<charParams l="846" t="811" r="863" b="834" charConfidence="38">u</charParams>
<charParams l="866" t="812" r="883" b="833" charConfidence="31">n</charParams>
<charParams l="887" t="805" r="902" b="832" charConfidence="31">d</charParams>
<charParams l="907" t="804" r="914" b="834" charConfidence="66">i</charParams>
<charParams l="918" t="810" r="934" b="833" charConfidence="24">n</charParams>
<charParams l="938" t="810" r="956" b="833" charConfidence="25">n</charParams>
<charParams l="957" t="824" r="967" b="839" charConfidence="57">,</charParams></formatting></line>
<line baseline="890" l="188" t="858" r="967" b="898"><formatting lang="OldGerman">
<charParams l="188" t="867" r="207" b="896" charConfidence="25">g</charParams>
<charParams l="210" t="867" r="221" b="888" charConfidence="100">e</charParams>
<charParams l="224" t="865" r="250" b="887" charConfidence="32">w</charParams>
<charParams l="252" t="866" r="268" b="887" suspicious="1" charConfidence="99">a</charParams>
<charParams l="271" t="858" r="288" b="895" charConfidence="83">h</charParams>
<charParams l="291" t="866" r="305" b="888" charConfidence="51">r</charParams>
<charParams l="306" t="866" r="333" b="888"> </charParams>
<charParams l="334" t="866" r="361" b="888" charConfidence="28">w</charParams>
<charParams l="364" t="867" r="376" b="888" charConfidence="37">e</charParams>
<charParams l="379" t="867" r="392" b="888" charConfidence="63">r</charParams>
<charParams l="394" t="862" r="410" b="889" charConfidence="26">d</charParams>
<charParams l="413" t="868" r="426" b="889" charConfidence="26">e</charParams>
<charParams l="433" t="880" r="443" b="895" charConfidence="65">,</charParams>
<charParams l="444" t="862" r="484" b="895"> </charParams>
<charParams l="485" t="862" r="502" b="890" charConfidence="68">d</charParams>
<charParams l="505" t="862" r="514" b="894" charConfidence="24">i</charParams>
<charParams l="516" t="869" r="529" b="890" charConfidence="27">e</charParams>
<charParams l="530" t="862" r="551" b="898"> </charParams>
<charParams l="552" t="862" r="571" b="898" charConfidence="84">s</charParams>
<charParams l="552" t="862" r="571" b="898" charConfidence="84">i</charParams>
<charParams l="573" t="861" r="600" b="897" charConfidence="100">c</charParams>
<charParams l="573" t="861" r="600" b="897" charConfidence="100">h</charParams>
<charParams l="601" t="861" r="623" b="897"> </charParams>
<charParams l="624" t="869" r="642" b="892" charConfidence="50">n</charParams>
<charParams l="645" t="870" r="658" b="891" charConfidence="63">e</charParams>
<charParams l="660" t="861" r="676" b="891" charConfidence="30">b</charParams>
<charParams l="679" t="870" r="692" b="891" charConfidence="35">e</charParams>
<charParams l="694" t="870" r="711" b="891" suspicious="1" charConfidence="64">n</charParams>
<charParams l="728" t="884" r="732" b="890" suspicious="1" charConfidence="54">.</charParams>
<charParams l="736" t="869" r="764" b="891" charConfidence="100">m</charParams>
<charParams l="768" t="862" r="775" b="890" charConfidence="27">i</charParams>
<charParams l="779" t="870" r="792" b="891" charConfidence="41">r</charParams>
<charParams l="793" t="869" r="813" b="891"> </charParams>
<charParams l="814" t="869" r="828" b="891" charConfidence="30">e</charParams>
<charParams l="830" t="869" r="847" b="891" charConfidence="35">n</charParams>
<charParams l="850" t="866" r="861" b="890" charConfidence="53">t</charParams>
<charParams l="863" t="868" r="888" b="890" charConfidence="33">w</charParams>
<charParams l="892" t="862" r="900" b="890" charConfidence="81">i</charParams>
<charParams l="903" t="862" r="928" b="892" charConfidence="22">c</charParams>
<charParams l="903" t="862" r="928" b="892" charConfidence="22">k</charParams>
<charParams l="930" t="869" r="942" b="892" charConfidence="55">e</charParams>
<charParams l="945" t="861" r="954" b="890" charConfidence="50">l</charParams>
<charParams l="955" t="865" r="967" b="890" charConfidence="90">t</charParams></formatting></line>
<line baseline="948" l="188" t="916" r="966" b="959"><formatting lang="OldGerman">
<charParams l="188" t="916" r="206" b="956" suspicious="1" charConfidence="29">h</charParams>
<charParams l="210" t="925" r="225" b="948" charConfidence="34">a</charParams>
<charParams l="229" t="923" r="239" b="948" charConfidence="37">t</charParams>
<charParams l="240" t="923" r="269" b="950"> </charParams>
<charParams l="270" t="926" r="287" b="950" charConfidence="34">u</charParams>
<charParams l="290" t="926" r="307" b="949" charConfidence="100">n</charParams>
<charParams l="311" t="920" r="326" b="950" charConfidence="27">d</charParams>
<charParams l="327" t="919" r="356" b="950"> </charParams>
<charParams l="357" t="919" r="373" b="948" charConfidence="30">d</charParams>
<charParams l="377" t="926" r="389" b="948" charConfidence="32">e</charParams>
<charParams l="392" t="924" r="404" b="948" charConfidence="52">r</charParams>
<charParams l="407" t="924" r="419" b="947" charConfidence="25">e</charParams>
<charParams l="422" t="924" r="439" b="947" charConfidence="25">n</charParams>
<charParams l="440" t="916" r="470" b="950"> </charParams>
<charParams l="471" t="916" r="498" b="950" charConfidence="35">T</charParams>
<charParams l="502" t="926" r="516" b="947" charConfidence="31">o</charParams>
<charParams l="519" t="918" r="545" b="953" charConfidence="74">c</charParams>
<charParams l="519" t="918" r="545" b="953" charConfidence="74">h</charParams>
<charParams l="549" t="922" r="560" b="948" charConfidence="64">t</charParams>
<charParams l="562" t="926" r="574" b="948" charConfidence="32">e</charParams>
<charParams l="576" t="926" r="590" b="948" charConfidence="43">r</charParams>
<charParams l="591" t="918" r="611" b="948"> </charParams>
<charParams l="612" t="918" r="621" b="948" charConfidence="55">i</charParams>
<charParams l="624" t="918" r="651" b="955" charConfidence="75">c</charParams>
<charParams l="624" t="918" r="651" b="955" charConfidence="75">h</charParams>
<charParams l="652" t="918" r="670" b="955"> </charParams>
<charParams l="671" t="926" r="688" b="955" charConfidence="48">g</charParams>
<charParams l="691" t="927" r="704" b="949" charConfidence="25">e</charParams>
<charParams l="707" t="925" r="731" b="948" charConfidence="35">w</charParams>
<charParams l="736" t="920" r="743" b="948" charConfidence="100">i</charParams>
<charParams l="746" t="918" r="762" b="954" charConfidence="28">ß</charParams>
<charParams l="771" t="939" r="780" b="954" charConfidence="80">,</charParams>
<charParams l="781" t="925" r="819" b="954"> </charParams>
<charParams l="820" t="925" r="846" b="950" charConfidence="30">w</charParams>
<charParams l="849" t="925" r="861" b="949" charConfidence="26">e</charParams>
<charParams l="864" t="927" r="880" b="949" charConfidence="24">n</charParams>
<charParams l="884" t="926" r="902" b="950" charConfidence="100">n</charParams>
<charParams l="903" t="921" r="926" b="950"> </charParams>
<charParams l="927" t="921" r="935" b="950" charConfidence="54">i</charParams>
<charParams l="939" t="920" r="966" b="959" charConfidence="73">c</charParams>
<charParams l="939" t="920" r="966" b="959" charConfidence="73">h</charParams></formatting></line>
<line baseline="1011" l="191" t="977" r="965" b="1022"><formatting lang="OldGerman">
<charParams l="191" t="978" r="216" b="1012" charConfidence="37">E</charParams>
<charParams l="220" t="989" r="232" b="1011" charConfidence="24">r</charParams>
<charParams l="235" t="989" r="246" b="1021" charConfidence="29">z</charParams>
<charParams l="251" t="982" r="258" b="1010" charConfidence="100">i</charParams>
<charParams l="262" t="990" r="274" b="1012" charConfidence="25">e</charParams>
<charParams l="276" t="980" r="293" b="1020" charConfidence="52">h</charParams>
<charParams l="297" t="990" r="308" b="1012" charConfidence="34">e</charParams>
<charParams l="312" t="988" r="325" b="1013" charConfidence="27">r</charParams>
<charParams l="328" t="981" r="335" b="1012" charConfidence="100">i</charParams>
<charParams l="338" t="989" r="355" b="1011" charConfidence="88">n</charParams>
<charParams l="358" t="988" r="375" b="1012" charConfidence="97">n</charParams>
<charParams l="376" t="987" r="399" b="1012"> </charParams>
<charParams l="400" t="987" r="414" b="1010" charConfidence="33">o</charParams>
<charParams l="418" t="980" r="433" b="1009" charConfidence="31">d</charParams>
<charParams l="437" t="986" r="448" b="1009" charConfidence="26">e</charParams>
<charParams l="451" t="986" r="464" b="1010" charConfidence="100">r</charParams>
<charParams l="465" t="977" r="487" b="1010"> </charParams>
<charParams l="488" t="977" r="517" b="1010" charConfidence="28">A</charParams>
<charParams l="518" t="986" r="535" b="1009" charConfidence="100">u</charParams>
<charParams l="538" t="977" r="551" b="1013" charConfidence="53">f</charParams>
<charParams l="551" t="978" r="563" b="1015" charConfidence="100">s</charParams>
<charParams l="563" t="986" r="574" b="1009" charConfidence="32">e</charParams>
<charParams l="576" t="977" r="593" b="1018" charConfidence="50">h</charParams>
<charParams l="597" t="987" r="609" b="1009" charConfidence="29">e</charParams>
<charParams l="613" t="985" r="625" b="1010" charConfidence="38">r</charParams>
<charParams l="629" t="979" r="636" b="1009" charConfidence="33">i</charParams>
<charParams l="639" t="986" r="656" b="1009" charConfidence="100">n</charParams>
<charParams l="659" t="986" r="677" b="1009" charConfidence="100">n</charParams>
<charParams l="678" t="978" r="700" b="1015"> </charParams>
<charParams l="701" t="978" r="714" b="1015" charConfidence="100">s</charParams>
<charParams l="713" t="987" r="725" b="1010" charConfidence="26">e</charParams>
<charParams l="727" t="987" r="743" b="1016" charConfidence="37">y</charParams>
<charParams l="746" t="987" r="763" b="1010" charConfidence="49">n</charParams>
<charParams l="764" t="979" r="786" b="1010"> </charParams>
<charParams l="787" t="979" r="801" b="1009" charConfidence="27">k</charParams>
<charParams l="803" t="980" r="818" b="1010" charConfidence="32">ö</charParams>
<charParams l="821" t="988" r="837" b="1011" charConfidence="52">n</charParams>
<charParams l="841" t="988" r="858" b="1012" charConfidence="54">n</charParams>
<charParams l="862" t="985" r="871" b="1011" charConfidence="40">t</charParams>
<charParams l="875" t="988" r="888" b="1012" charConfidence="33">e</charParams>
<charParams l="895" t="1003" r="904" b="1017" charConfidence="62">,</charParams>
<charParams l="905" t="989" r="931" b="1022"> </charParams>
<charParams l="932" t="989" r="944" b="1022" charConfidence="52">z</charParams>
<charParams l="947" t="991" r="965" b="1014" charConfidence="34">u</charParams></formatting></line>
<line baseline="1073" l="188" t="1038" r="962" b="1083"><formatting lang="OldGerman">
<charParams l="188" t="1051" r="201" b="1076" charConfidence="26">e</charParams>
<charParams l="204" t="1043" r="210" b="1074" charConfidence="100">i</charParams>
<charParams l="215" t="1051" r="231" b="1075" charConfidence="54">n</charParams>
<charParams l="235" t="1052" r="247" b="1075" charConfidence="25">e</charParams>
<charParams l="250" t="1051" r="277" b="1075" charConfidence="27">m</charParams>
<charParams l="278" t="1042" r="300" b="1083"> </charParams>
<charParams l="301" t="1042" r="318" b="1083" suspicious="1" charConfidence="50">h</charParams>
<charParams l="322" t="1052" r="334" b="1076" charConfidence="36">e</charParams>
<charParams l="337" t="1051" r="350" b="1075" charConfidence="83">r</charParams>
<charParams l="352" t="1051" r="366" b="1075" charConfidence="100">r</charParams>
<charParams l="368" t="1045" r="376" b="1075" charConfidence="34">l</charParams>
<charParams l="379" t="1043" r="387" b="1075" charConfidence="100">i</charParams>
<charParams l="389" t="1042" r="415" b="1082" charConfidence="48">c</charParams>
<charParams l="389" t="1042" r="415" b="1082" suspicious="1" charConfidence="48">h</charParams>
<charParams l="419" t="1050" r="431" b="1074" charConfidence="31">e</charParams>
<charParams l="434" t="1049" r="452" b="1073" charConfidence="26">n</charParams>
<charParams l="453" t="1039" r="474" b="1074"> </charParams>
<charParams l="475" t="1039" r="507" b="1074" charConfidence="29">G</charParams>
<charParams l="511" t="1049" r="523" b="1072" charConfidence="33">e</charParams>
<charParams l="526" t="1040" r="538" b="1079" charConfidence="44">s</charParams>
<charParams l="537" t="1040" r="562" b="1080" charConfidence="100">c</charParams>
<charParams l="537" t="1040" r="562" b="1080" charConfidence="100">h</charParams>
<charParams l="566" t="1039" r="581" b="1071" charConfidence="25">ö</charParams>
<charParams l="584" t="1047" r="599" b="1079" charConfidence="35">p</charParams>
<charParams l="602" t="1039" r="617" b="1078" charConfidence="45">f</charParams>
<charParams l="618" t="1038" r="636" b="1082"> </charParams>
<charParams l="637" t="1038" r="654" b="1082" suspicious="1" charConfidence="68">h</charParams>
<charParams l="657" t="1048" r="670" b="1071" charConfidence="30">e</charParams>
<charParams l="673" t="1049" r="685" b="1072" charConfidence="28">r</charParams>
<charParams l="687" t="1048" r="703" b="1071" charConfidence="38">a</charParams>
<charParams l="707" t="1048" r="723" b="1071" charConfidence="26">u</charParams>
<charParams l="727" t="1039" r="740" b="1078" charConfidence="48">s</charParams>
<charParams l="740" t="1039" r="755" b="1071" charConfidence="36">b</charParams>
<charParams l="760" t="1041" r="767" b="1072" charConfidence="53">i</charParams>
<charParams l="770" t="1042" r="778" b="1072" charConfidence="57">l</charParams>
<charParams l="782" t="1042" r="796" b="1072" charConfidence="36">d</charParams>
<charParams l="800" t="1049" r="812" b="1072" charConfidence="31">e</charParams>
<charParams l="815" t="1049" r="833" b="1072" charConfidence="26">n</charParams>
<charParams l="834" t="1048" r="857" b="1073"> </charParams>
<charParams l="858" t="1048" r="884" b="1073" charConfidence="25">w</charParams>
<charParams l="888" t="1051" r="902" b="1074" charConfidence="31">o</charParams>
<charParams l="907" t="1043" r="915" b="1073" charConfidence="36">l</charParams>
<charParams l="915" t="1043" r="924" b="1075" charConfidence="30">l</charParams>
<charParams l="927" t="1048" r="937" b="1075" charConfidence="31">t</charParams>
<charParams l="939" t="1052" r="952" b="1075" charConfidence="26">e</charParams>
<charParams l="953" t="1065" r="962" b="1077" charConfidence="55">.</charParams></formatting></line></par>
<par align="Justified" startIndent="1776" lineSpacing="1464">
<line baseline="1198" l="256" t="1165" r="964" b="1205"><formatting lang="OldGerman">
<charParams l="256" t="1168" r="289" b="1201" charConfidence="100">D</charParams>
<charParams l="293" t="1177" r="309" b="1200" charConfidence="70">a</charParams>
<charParams l="310" t="1177" r="332" b="1200"> </charParams>
<charParams l="333" t="1177" r="345" b="1199" charConfidence="31">e</charParams>
<charParams l="348" t="1171" r="364" b="1200" charConfidence="100">S</charParams>
<charParams l="370" t="1173" r="385" b="1185" charConfidence="21">-</charParams>
<charParams l="388" t="1177" r="403" b="1200" charConfidence="75">a</charParams>
<charParams l="408" t="1168" r="422" b="1200" charConfidence="56">b</charParams>
<charParams l="426" t="1177" r="438" b="1200" charConfidence="37">e</charParams>
<charParams l="441" t="1177" r="455" b="1200" charConfidence="31">r</charParams>
<charParams l="456" t="1177" r="476" b="1200"> </charParams>
<charParams l="477" t="1178" r="490" b="1200" charConfidence="27">e</charParams>
<charParams l="493" t="1169" r="500" b="1199" charConfidence="78">i</charParams>
<charParams l="504" t="1177" r="520" b="1199" charConfidence="53">n</charParams>
<charParams l="524" t="1176" r="551" b="1199" charConfidence="41">m</charParams>
<charParams l="555" t="1176" r="570" b="1199" charConfidence="54">a</charParams>
<charParams l="574" t="1168" r="583" b="1198" charConfidence="100">l</charParams>
<charParams l="584" t="1168" r="606" b="1198"> </charParams>
<charParams l="607" t="1176" r="624" b="1198" charConfidence="63">n</charParams>
<charParams l="627" t="1167" r="635" b="1197" charConfidence="56">i</charParams>
<charParams l="638" t="1166" r="663" b="1198" charConfidence="25">c</charParams>
<charParams l="638" t="1166" r="663" b="1198" charConfidence="25">h</charParams>
<charParams l="668" t="1171" r="678" b="1196" charConfidence="46">t</charParams>
<charParams l="679" t="1166" r="702" b="1196"> </charParams>
<charParams l="703" t="1166" r="711" b="1195" charConfidence="30">i</charParams>
<charParams l="715" t="1173" r="732" b="1194" charConfidence="30">n</charParams>
<charParams l="733" t="1173" r="755" b="1195"> </charParams>
<charParams l="756" t="1173" r="772" b="1195" charConfidence="37">u</charParams>
<charParams l="777" t="1173" r="793" b="1195" charConfidence="24">n</charParams>
<charParams l="797" t="1165" r="810" b="1200" charConfidence="26">s</charParams>
<charParams l="808" t="1174" r="819" b="1196" charConfidence="29">e</charParams>
<charParams l="823" t="1173" r="835" b="1195" charConfidence="23">r</charParams>
<charParams l="838" t="1173" r="855" b="1196" charConfidence="30">n</charParams>
<charParams l="856" t="1165" r="879" b="1205"> </charParams>
<charParams l="880" t="1165" r="912" b="1205" charConfidence="54">P</charParams>
<charParams l="917" t="1168" r="925" b="1198" charConfidence="27">l</charParams>
<charParams l="927" t="1176" r="942" b="1197" charConfidence="55">a</charParams>
<charParams l="946" t="1175" r="964" b="1199" charConfidence="24">n</charParams></formatting></line>
<line baseline="1260" l="189" t="1226" r="964" b="1269"><formatting lang="OldGerman">
<charParams l="189" t="1237" r="206" b="1268" charConfidence="26">g</charParams>
<charParams l="210" t="1238" r="221" b="1262" charConfidence="26">e</charParams>
<charParams l="224" t="1229" r="240" b="1269" charConfidence="51">h</charParams>
<charParams l="244" t="1235" r="255" b="1261" charConfidence="59">t</charParams>
<charParams l="264" t="1253" r="273" b="1268" charConfidence="100">,</charParams>
<charParams l="274" t="1238" r="305" b="1268"> </charParams>
<charParams l="306" t="1238" r="323" b="1261" charConfidence="36">u</charParams>
<charParams l="326" t="1238" r="344" b="1262" charConfidence="100">n</charParams>
<charParams l="347" t="1232" r="362" b="1261" suspicious="1" charConfidence="26">d</charParams>
<charParams l="363" t="1232" r="386" b="1262"> </charParams>
<charParams l="387" t="1237" r="415" b="1262" charConfidence="100">m</charParams>
<charParams l="418" t="1239" r="433" b="1261" charConfidence="45">a</charParams>
<charParams l="437" t="1239" r="456" b="1262" charConfidence="43">n</charParams>
<charParams l="457" t="1239" r="478" b="1262"> </charParams>
<charParams l="479" t="1239" r="495" b="1261" charConfidence="55">a</charParams>
<charParams l="499" t="1239" r="516" b="1262" charConfidence="54">n</charParams>
<charParams l="517" t="1229" r="540" b="1267"> </charParams>
<charParams l="541" t="1229" r="553" b="1267" charConfidence="43">s</charParams>
<charParams l="552" t="1238" r="564" b="1261" charConfidence="30">e</charParams>
<charParams l="566" t="1230" r="574" b="1260" charConfidence="26">i</charParams>
<charParams l="578" t="1237" r="594" b="1259" charConfidence="78">n</charParams>
<charParams l="598" t="1237" r="611" b="1260" charConfidence="32">e</charParams>
<charParams l="613" t="1237" r="630" b="1259" charConfidence="36">n</charParams>
<charParams l="631" t="1226" r="653" b="1259"> </charParams>
<charParams l="654" t="1226" r="671" b="1259" suspicious="1" charConfidence="32">L</charParams>
<charParams l="675" t="1236" r="686" b="1257" suspicious="1" charConfidence="31">c</charParams>
<charParams l="690" t="1226" r="704" b="1258" charConfidence="58">b</charParams>
<charParams l="709" t="1235" r="720" b="1258" charConfidence="26">e</charParams>
<charParams l="724" t="1234" r="740" b="1256" charConfidence="25">n</charParams>
<charParams l="745" t="1229" r="758" b="1257" suspicious="1" charConfidence="92">s</charParams>
<charParams l="761" t="1235" r="778" b="1257" charConfidence="37">v</charParams>
<charParams l="783" t="1235" r="795" b="1258" charConfidence="30">e</charParams>
<charParams l="797" t="1235" r="810" b="1258" charConfidence="53">r</charParams>
<charParams l="813" t="1226" r="829" b="1267" charConfidence="72">h</charParams>
<charParams l="833" t="1228" r="848" b="1259" charConfidence="25">ä</charParams>
<charParams l="853" t="1230" r="860" b="1259" charConfidence="48">l</charParams>
<charParams l="864" t="1233" r="873" b="1259" charConfidence="65">t</charParams>
<charParams l="877" t="1236" r="893" b="1259" charConfidence="27">n</charParams>
<charParams l="898" t="1229" r="905" b="1259" charConfidence="100">i</charParams>
<charParams l="909" t="1228" r="933" b="1264" suspicious="1" charConfidence="99">s</charParams>
<charParams l="909" t="1228" r="933" b="1264" suspicious="1" charConfidence="99">s</charParams>
<charParams l="931" t="1237" r="943" b="1260" charConfidence="35">e</charParams>
<charParams l="946" t="1237" r="964" b="1260" charConfidence="25">n</charParams></formatting></line>
<line baseline="1322" l="190" t="1290" r="965" b="1332"><formatting lang="OldGerman">
<charParams l="190" t="1298" r="208" b="1321" charConfidence="33">n</charParams>
<charParams l="212" t="1292" r="220" b="1321" charConfidence="30">i</charParams>
<charParams l="224" t="1292" r="249" b="1329" charConfidence="100">c</charParams>
<charParams l="224" t="1292" r="249" b="1329" charConfidence="100">h</charParams>
<charParams l="253" t="1298" r="264" b="1323" charConfidence="86">t</charParams>
<charParams l="265" t="1292" r="286" b="1329"> </charParams>
<charParams l="287" t="1292" r="300" b="1329" charConfidence="100">s</charParams>
<charParams l="299" t="1300" r="313" b="1322" charConfidence="45">o</charParams>
<charParams l="314" t="1300" r="335" b="1323"> </charParams>
<charParams l="336" t="1301" r="353" b="1323" charConfidence="25">v</charParams>
<charParams l="357" t="1292" r="365" b="1323" charConfidence="100">i</charParams>
<charParams l="369" t="1301" r="380" b="1323" charConfidence="34">e</charParams>
<charParams l="384" t="1293" r="392" b="1323" charConfidence="45">l</charParams>
<charParams l="393" t="1293" r="413" b="1332"> </charParams>
<charParams l="414" t="1300" r="427" b="1332" charConfidence="55">z</charParams>
<charParams l="429" t="1300" r="446" b="1323" charConfidence="46">u</charParams>
<charParams l="450" t="1301" r="465" b="1330" charConfidence="100">p</charParams>
<charParams l="469" t="1292" r="483" b="1329" charConfidence="100">f</charParams>
<charParams l="482" t="1302" r="494" b="1323" charConfidence="63">e</charParams>
<charParams l="497" t="1301" r="514" b="1324" charConfidence="100">n</charParams>
<charParams l="515" t="1300" r="538" b="1324"> </charParams>
<charParams l="539" t="1300" r="555" b="1323" charConfidence="65">u</charParams>
<charParams l="559" t="1299" r="575" b="1322" charConfidence="87">n</charParams>
<charParams l="578" t="1295" r="594" b="1322" charConfidence="100">d</charParams>
<charParams l="595" t="1295" r="616" b="1330"> </charParams>
<charParams l="617" t="1296" r="629" b="1330" charConfidence="54">z</charParams>
<charParams l="633" t="1298" r="645" b="1320" charConfidence="27">e</charParams>
<charParams l="648" t="1297" r="660" b="1319" charConfidence="42">r</charParams>
<charParams l="663" t="1297" r="676" b="1319" charConfidence="46">r</charParams>
<charParams l="676" t="1297" r="690" b="1319" charConfidence="100">e</charParams>
<charParams l="693" t="1296" r="709" b="1318" suspicious="1" charConfidence="-1">»</charParams>
<charParams l="720" t="1310" r="728" b="1325" charConfidence="59">,</charParams>
<charParams l="729" t="1296" r="765" b="1325"> </charParams>
<charParams l="766" t="1296" r="783" b="1320" charConfidence="37">n</charParams>
<charParams l="788" t="1290" r="795" b="1320" charConfidence="100">i</charParams>
<charParams l="799" t="1290" r="824" b="1328" charConfidence="62">c</charParams>
<charParams l="799" t="1290" r="824" b="1328" charConfidence="62">h</charParams>
<charParams l="829" t="1296" r="840" b="1322" charConfidence="32">t</charParams>
<charParams l="841" t="1292" r="861" b="1322"> </charParams>
<charParams l="862" t="1292" r="870" b="1321" charConfidence="33">i</charParams>
<charParams l="874" t="1298" r="901" b="1321" charConfidence="85">m</charParams>
<charParams l="905" t="1298" r="931" b="1321" charConfidence="100">m</charParams>
<charParams l="936" t="1299" r="947" b="1322" charConfidence="54">e</charParams>
<charParams l="951" t="1299" r="965" b="1322" charConfidence="25">r</charParams></formatting></line>
<line baseline="1384" l="189" t="1349" r="961" b="1395"><formatting lang="OldGerman">
<charParams l="189" t="1357" r="216" b="1382" charConfidence="59">w</charParams>
<charParams l="219" t="1360" r="234" b="1381" charConfidence="54">a</charParams>
<charParams l="238" t="1356" r="253" b="1383" charConfidence="100">s</charParams>
<charParams l="254" t="1356" r="276" b="1385"> </charParams>
<charParams l="277" t="1363" r="294" b="1385" charConfidence="46">n</charParams>
<charParams l="299" t="1363" r="310" b="1386" charConfidence="25">e</charParams>
<charParams l="313" t="1362" r="329" b="1385" charConfidence="25">u</charParams>
<charParams l="334" t="1362" r="345" b="1385" charConfidence="29">e</charParams>
<charParams l="348" t="1357" r="363" b="1385" charConfidence="100">s</charParams>
<charParams l="364" t="1357" r="386" b="1385"> </charParams>
<charParams l="387" t="1363" r="401" b="1385" charConfidence="27">a</charParams>
<charParams l="407" t="1363" r="424" b="1386" charConfidence="28">n</charParams>
<charParams l="425" t="1355" r="447" b="1393"> </charParams>
<charParams l="448" t="1355" r="466" b="1393" charConfidence="53">s</charParams>
<charParams l="448" t="1355" r="466" b="1393" charConfidence="53">i</charParams>
<charParams l="469" t="1363" r="481" b="1386" charConfidence="53">e</charParams>
<charParams l="482" t="1354" r="504" b="1395"> </charParams>
<charParams l="505" t="1354" r="522" b="1395" charConfidence="67">h</charParams>
<charParams l="526" t="1364" r="537" b="1386" charConfidence="29">e</charParams>
<charParams l="540" t="1362" r="553" b="1385" charConfidence="100">r</charParams>
<charParams l="556" t="1362" r="570" b="1383" charConfidence="27">a</charParams>
<charParams l="573" t="1360" r="591" b="1383" charConfidence="100">n</charParams>
<charParams l="593" t="1358" r="605" b="1392" charConfidence="27">z</charParams>
<charParams l="609" t="1351" r="617" b="1382" charConfidence="43">i</charParams>
<charParams l="620" t="1359" r="632" b="1382" charConfidence="26">e</charParams>
<charParams l="635" t="1349" r="651" b="1390" charConfidence="83">h</charParams>
<charParams l="655" t="1358" r="667" b="1381" charConfidence="25">e</charParams>
<charParams l="670" t="1358" r="686" b="1382" charConfidence="49">n</charParams>
<charParams l="687" t="1350" r="702" b="1387"> </charParams>
<charParams l="703" t="1350" r="716" b="1387" charConfidence="100">s</charParams>
<charParams l="715" t="1359" r="729" b="1382" charConfidence="41">o</charParams>
<charParams l="733" t="1350" r="741" b="1382" charConfidence="100">l</charParams>
<charParams l="742" t="1351" r="750" b="1382" charConfidence="33">l</charParams>
<charParams l="761" t="1360" r="770" b="1390" charConfidence="32">;</charParams>
<charParams l="771" t="1352" r="794" b="1390"> </charParams>
<charParams l="795" t="1352" r="807" b="1389" charConfidence="41">s</charParams>
<charParams l="807" t="1361" r="821" b="1383" charConfidence="33">o</charParams>
<charParams l="822" t="1358" r="840" b="1384"> </charParams>
<charParams l="841" t="1358" r="851" b="1384" charConfidence="52">t</charParams>
<charParams l="854" t="1360" r="866" b="1384" charConfidence="32">r</charParams>
<charParams l="869" t="1361" r="883" b="1384" charConfidence="100">a</charParams>
<charParams l="887" t="1361" r="903" b="1391" charConfidence="58">g</charParams>
<charParams l="904" t="1353" r="921" b="1391"> </charParams>
<charParams l="922" t="1353" r="931" b="1383" charConfidence="67">i</charParams>
<charParams l="934" t="1352" r="961" b="1389" charConfidence="63">c</charParams>
<charParams l="934" t="1352" r="961" b="1389" charConfidence="63">h</charParams></formatting></line>
<line baseline="1444" l="191" t="1413" r="963" b="1455"><formatting lang="OldGerman">
<charParams l="191" t="1414" r="206" b="1442" charConfidence="30">d</charParams>
<charParams l="210" t="1420" r="224" b="1442" charConfidence="58">a</charParams>
<charParams l="229" t="1416" r="244" b="1443" charConfidence="100">s</charParams>
<charParams l="245" t="1415" r="267" b="1445"> </charParams>
<charParams l="268" t="1415" r="276" b="1445" charConfidence="33">l</charParams>
<charParams l="279" t="1417" r="287" b="1446" charConfidence="38">i</charParams>
<charParams l="291" t="1424" r="302" b="1446" charConfidence="25">e</charParams>
<charParams l="306" t="1415" r="321" b="1447" charConfidence="52">b</charParams>
<charParams l="325" t="1425" r="336" b="1446" charConfidence="100">e</charParams>
<charParams l="340" t="1424" r="352" b="1447" suspicious="1" charConfidence="45">r</charParams>
<charParams l="362" t="1439" r="370" b="1453" charConfidence="79">,</charParams>
<charParams l="371" t="1418" r="393" b="1454"> </charParams>
<charParams l="394" t="1418" r="402" b="1454" charConfidence="37">j</charParams>
<charParams l="406" t="1425" r="422" b="1447" charConfidence="54">a</charParams>
<charParams l="423" t="1418" r="442" b="1447"> </charParams>
<charParams l="443" t="1418" r="451" b="1447" charConfidence="31">i</charParams>
<charParams l="455" t="1417" r="481" b="1455" charConfidence="59">c</charParams>
<charParams l="455" t="1417" r="481" b="1455" charConfidence="59">h</charParams>
<charParams l="482" t="1416" r="505" b="1455"> </charParams>
<charParams l="506" t="1416" r="523" b="1447" charConfidence="22">ü</charParams>
<charParams l="528" t="1415" r="542" b="1447" charConfidence="100">b</charParams>
<charParams l="546" t="1423" r="558" b="1447" charConfidence="72">e</charParams>
<charParams l="561" t="1423" r="572" b="1446" charConfidence="52">r</charParams>
<charParams l="575" t="1421" r="600" b="1445" charConfidence="68">w</charParams>
<charParams l="604" t="1414" r="610" b="1444" charConfidence="100">i</charParams>
<charParams l="614" t="1421" r="631" b="1444" charConfidence="67">n</charParams>
<charParams l="635" t="1414" r="649" b="1443" charConfidence="31">d</charParams>
<charParams l="654" t="1421" r="666" b="1443" charConfidence="100">e</charParams>
<charParams l="667" t="1415" r="689" b="1443"> </charParams>
<charParams l="690" t="1415" r="705" b="1443" charConfidence="38">d</charParams>
<charParams l="709" t="1414" r="716" b="1444" charConfidence="100">i</charParams>
<charParams l="720" t="1422" r="732" b="1444" charConfidence="31">e</charParams>
<charParams l="733" t="1422" r="747" b="1445"> </charParams>
<charParams l="748" t="1423" r="765" b="1445" charConfidence="25">u</charParams>
<charParams l="769" t="1423" r="785" b="1446" charConfidence="42">n</charParams>
<charParams l="790" t="1423" r="805" b="1445" charConfidence="26">a</charParams>
<charParams l="809" t="1422" r="826" b="1445" charConfidence="26">n</charParams>
<charParams l="828" t="1423" r="845" b="1452" charConfidence="55">g</charParams>
<charParams l="849" t="1422" r="860" b="1445" charConfidence="25">e</charParams>
<charParams l="863" t="1422" r="880" b="1444" charConfidence="93">n</charParams>
<charParams l="884" t="1423" r="896" b="1444" charConfidence="43">e</charParams>
<charParams l="898" t="1413" r="915" b="1452" charConfidence="48">h</charParams>
<charParams l="919" t="1420" r="946" b="1442" charConfidence="25">m</charParams>
<charParams l="949" t="1420" r="963" b="1442" charConfidence="25">e</charParams></formatting></line></par>
</text>
</block>
</page>
</document>