﻿<?xml version="1.0" encoding="UTF-8" standalone="yes"?>
<document xmlns="http://www.abbyy.com/FineReader_xml/FineReader10-schema-v1.xml" version="1.0" producer="ABBYY FineReader Engine 11" languages="" xmlns:xsi="http://www.w3.org/2001/XMLSchema-instance" xsi:schemaLocation="http://www.abbyy.com/FineReader_xml/FineReader10-schema-v1.xml http://www.abbyy.com/FineReader_xml/FineReader10-schema-v1.xml">
<page width="1156" height="1782" resolution="300" originalCoords="1">
<block blockType="Text" blockName="">
<text>
<par startIndent="144">
<line baseline="86" l="569" t="59" r="612" b="88"><formatting lang="OldGerman">
<charParams l="569" t="59" r="588" b="88" charConfidence="22">3</charParams>
<charParams l="591" t="62" r="612" b="84" suspicious="1" charConfidence="22">2</charParams></formatting></line></par>
</text>
</block>
<block blockType="Text" blockName="">
<text>
<par align="Justified" startIndent="409" lineSpacing="1464">
<line baseline="176" l="201" t="138" r="980" b="188"><formatting lang="OldGerman">
<charParams l="201" t="144" r="216" b="184" charConfidence="71">f</charParams>
<charParams l="215" t="154" r="230" b="177" charConfidence="27">a</charParams>
<charParams l="234" t="144" r="251" b="188" charConfidence="31">h</charParams>
<charParams l="255" t="154" r="269" b="179" charConfidence="26">r</charParams>
<charParams l="270" t="154" r="287" b="179"> </charParams>
<charParams l="288" t="154" r="304" b="176" charConfidence="15">a</charParams>
<charParams l="308" t="155" r="325" b="178" charConfidence="25">u</charParams>
<charParams l="329" t="149" r="344" b="177" charConfidence="100">s</charParams>
<charParams l="347" t="150" r="358" b="187" charConfidence="16">z</charParams>
<charParams l="362" t="153" r="378" b="177" charConfidence="27">u</charParams>
<charParams l="383" t="146" r="396" b="184" charConfidence="34">s</charParams>
<charParams l="394" t="155" r="405" b="177" charConfidence="28">e</charParams>
<charParams l="408" t="148" r="426" b="185" charConfidence="30">h</charParams>
<charParams l="429" t="153" r="441" b="177" charConfidence="30">e</charParams>
<charParams l="444" t="152" r="461" b="177" charConfidence="25">n</charParams>
<charParams l="464" t="167" r="473" b="175" charConfidence="99">.</charParams>
<charParams l="474" t="138" r="518" b="175"> </charParams>
<charParams l="519" t="138" r="559" b="173" charConfidence="28">W</charParams>
<charParams l="562" t="149" r="574" b="171" charConfidence="47">e</charParams>
<charParams l="577" t="148" r="593" b="171" charConfidence="100">n</charParams>
<charParams l="597" t="148" r="615" b="171" charConfidence="86">n</charParams>
<charParams l="616" t="142" r="630" b="172"> </charParams>
<charParams l="631" t="142" r="646" b="172" charConfidence="29">d</charParams>
<charParams l="650" t="143" r="658" b="173" charConfidence="-1">i</charParams>
<charParams l="662" t="150" r="673" b="172" charConfidence="26">e</charParams>
<charParams l="677" t="142" r="693" b="179" charConfidence="29">ß</charParams>
<charParams l="694" t="142" r="708" b="179"> </charParams>
<charParams l="709" t="150" r="727" b="175" charConfidence="73">n</charParams>
<charParams l="731" t="144" r="738" b="175" charConfidence="100">i</charParams>
<charParams l="741" t="144" r="767" b="183" charConfidence="27">c</charParams>
<charParams l="741" t="144" r="767" b="183" charConfidence="27">h</charParams>
<charParams l="771" t="150" r="782" b="177" charConfidence="50">t</charParams>
<charParams l="783" t="145" r="799" b="183"> </charParams>
<charParams l="800" t="145" r="813" b="183" charConfidence="46">s</charParams>
<charParams l="811" t="153" r="825" b="176" charConfidence="76">e</charParams>
<charParams l="827" t="146" r="835" b="177" charConfidence="46">l</charParams>
<charParams l="839" t="144" r="853" b="176" charConfidence="27">b</charParams>
<charParams l="858" t="145" r="877" b="184" charConfidence="31">s</charParams>
<charParams l="858" t="145" r="877" b="184" charConfidence="31">t</charParams>
<charParams l="880" t="145" r="892" b="183" charConfidence="80">s</charParams>
<charParams l="891" t="145" r="907" b="176" charConfidence="22">ü</charParams>
<charParams l="911" t="148" r="937" b="184" charConfidence="79">c</charParams>
<charParams l="911" t="148" r="937" b="184" charConfidence="79">h</charParams>
<charParams l="941" t="153" r="951" b="179" charConfidence="97">t</charParams>
<charParams l="954" t="150" r="961" b="179" charConfidence="-1">i</charParams>
<charParams l="963" t="158" r="980" b="188" charConfidence="27">g</charParams></formatting></line>
<line baseline="237" l="197" t="202" r="980" b="248"><formatting lang="OldGerman">
<charParams l="197" t="217" r="214" b="248" charConfidence="34">g</charParams>
<charParams l="218" t="218" r="230" b="241" charConfidence="41">e</charParams>
<charParams l="233" t="218" r="250" b="240" charConfidence="46">n</charParams>
<charParams l="254" t="218" r="268" b="239" charConfidence="100">a</charParams>
<charParams l="272" t="217" r="290" b="240" charConfidence="47">n</charParams>
<charParams l="293" t="217" r="310" b="240" charConfidence="61">n</charParams>
<charParams l="314" t="215" r="325" b="240" charConfidence="52">t</charParams>
<charParams l="326" t="215" r="353" b="240"> </charParams>
<charParams l="354" t="215" r="380" b="239" charConfidence="29">w</charParams>
<charParams l="384" t="217" r="396" b="238" charConfidence="60">e</charParams>
<charParams l="399" t="216" r="413" b="238" charConfidence="27">r</charParams>
<charParams l="415" t="209" r="429" b="238" charConfidence="32">d</charParams>
<charParams l="433" t="215" r="446" b="237" charConfidence="26">e</charParams>
<charParams l="448" t="214" r="466" b="236" charConfidence="67">n</charParams>
<charParams l="467" t="202" r="495" b="240"> </charParams>
<charParams l="496" t="202" r="510" b="240" charConfidence="75">s</charParams>
<charParams l="509" t="210" r="523" b="233" charConfidence="63">o</charParams>
<charParams l="527" t="203" r="535" b="233" charConfidence="76">l</charParams>
<charParams l="536" t="202" r="545" b="233" charConfidence="99">l</charParams>
<charParams l="551" t="224" r="561" b="239" charConfidence="83">,</charParams>
<charParams l="562" t="208" r="600" b="239"> </charParams>
<charParams l="601" t="208" r="628" b="233" charConfidence="25">w</charParams>
<charParams l="632" t="210" r="646" b="233" charConfidence="26">a</charParams>
<charParams l="650" t="206" r="666" b="233" charConfidence="-1">s</charParams>
<charParams l="667" t="206" r="690" b="235"> </charParams>
<charParams l="691" t="212" r="716" b="235" charConfidence="37">w</charParams>
<charParams l="720" t="206" r="728" b="235" charConfidence="100">i</charParams>
<charParams l="732" t="205" r="740" b="236" charConfidence="43">l</charParams>
<charParams l="741" t="207" r="749" b="237" charConfidence="51">l</charParams>
<charParams l="750" t="207" r="772" b="238"> </charParams>
<charParams l="773" t="215" r="800" b="238" charConfidence="40">m</charParams>
<charParams l="804" t="216" r="820" b="239" charConfidence="32">a</charParams>
<charParams l="823" t="216" r="841" b="239" charConfidence="100">n</charParams>
<charParams l="842" t="207" r="864" b="246"> </charParams>
<charParams l="865" t="207" r="878" b="246" charConfidence="79">s</charParams>
<charParams l="877" t="215" r="892" b="239" charConfidence="45">o</charParams>
<charParams l="893" t="215" r="914" b="239"> </charParams>
<charParams l="915" t="217" r="933" b="239" charConfidence="34">n</charParams>
<charParams l="937" t="216" r="949" b="239" charConfidence="27">e</charParams>
<charParams l="952" t="217" r="969" b="241" charConfidence="27">n</charParams>
<charParams l="971" t="222" r="980" b="237" charConfidence="100">¬</charParams></formatting></line>
<line baseline="298" l="197" t="263" r="980" b="309"><formatting lang="OldGerman">
<charParams l="197" t="279" r="215" b="302" charConfidence="97">n</charParams>
<charParams l="218" t="279" r="230" b="301" charConfidence="56">e</charParams>
<charParams l="233" t="279" r="251" b="302" charConfidence="100">n</charParams>
<charParams l="261" t="272" r="269" b="302" charConfidence="22">!</charParams>
<charParams l="270" t="268" r="306" b="302"> </charParams>
<charParams l="307" t="268" r="343" b="302" charConfidence="46">N</charParams>
<charParams l="347" t="271" r="354" b="300" charConfidence="100">i</charParams>
<charParams l="357" t="277" r="384" b="300" charConfidence="56">m</charParams>
<charParams l="389" t="276" r="416" b="300" charConfidence="35">m</charParams>
<charParams l="417" t="265" r="446" b="300"> </charParams>
<charParams l="447" t="265" r="476" b="297" charConfidence="42">O</charParams>
<charParams l="479" t="269" r="490" b="296" charConfidence="69">t</charParams>
<charParams l="492" t="269" r="503" b="294" charConfidence="39">t</charParams>
<charParams l="505" t="264" r="513" b="294" charConfidence="100">i</charParams>
<charParams l="516" t="264" r="524" b="294" charConfidence="68">l</charParams>
<charParams l="528" t="264" r="535" b="293" charConfidence="100">i</charParams>
<charParams l="538" t="271" r="551" b="293" charConfidence="81">e</charParams>
<charParams l="553" t="270" r="571" b="294" charConfidence="40">n</charParams>
<charParams l="579" t="285" r="589" b="300" charConfidence="90">,</charParams>
<charParams l="590" t="263" r="631" b="300"> </charParams>
<charParams l="632" t="263" r="640" b="293" charConfidence="77">l</charParams>
<charParams l="643" t="272" r="658" b="293" charConfidence="79">a</charParams>
<charParams l="662" t="263" r="679" b="300" charConfidence="29">ß</charParams>
<charParams l="680" t="263" r="708" b="300"> </charParams>
<charParams l="709" t="271" r="738" b="296" charConfidence="26">m</charParams>
<charParams l="742" t="267" r="749" b="297" charConfidence="100">i</charParams>
<charParams l="753" t="275" r="766" b="299" charConfidence="35">r</charParams>
<charParams l="767" t="271" r="789" b="300"> </charParams>
<charParams l="790" t="271" r="805" b="300" charConfidence="27">d</charParams>
<charParams l="809" t="278" r="822" b="301" charConfidence="41">e</charParams>
<charParams l="824" t="277" r="842" b="301" charConfidence="70">n</charParams>
<charParams l="843" t="267" r="865" b="307"> </charParams>
<charParams l="866" t="267" r="897" b="307" charConfidence="29">H</charParams>
<charParams l="900" t="277" r="915" b="299" charConfidence="25">a</charParams>
<charParams l="920" t="278" r="936" b="301" charConfidence="65">u</charParams>
<charParams l="940" t="278" r="955" b="309" charConfidence="90">p</charParams>
<charParams l="960" t="274" r="970" b="300" charConfidence="29">t</charParams>
<charParams l="971" t="281" r="980" b="297" suspicious="1" charConfidence="100">¬</charParams></formatting></line>
<line baseline="359" l="196" t="321" r="980" b="369"><formatting lang="OldGerman">
<charParams l="196" t="339" r="224" b="363" charConfidence="39">m</charParams>
<charParams l="228" t="340" r="243" b="362" charConfidence="39">a</charParams>
<charParams l="247" t="339" r="264" b="361" charConfidence="72">n</charParams>
<charParams l="268" t="338" r="285" b="361" charConfidence="33">n</charParams>
<charParams l="294" t="353" r="303" b="367" charConfidence="65">,</charParams>
<charParams l="304" t="337" r="334" b="367"> </charParams>
<charParams l="335" t="337" r="353" b="362" charConfidence="31">u</charParams>
<charParams l="356" t="338" r="373" b="360" charConfidence="48">n</charParams>
<charParams l="377" t="331" r="393" b="360" charConfidence="34">d</charParams>
<charParams l="394" t="329" r="425" b="360"> </charParams>
<charParams l="426" t="329" r="435" b="359" charConfidence="43">i</charParams>
<charParams l="437" t="335" r="456" b="358" charConfidence="34">n</charParams>
<charParams l="457" t="322" r="486" b="358"> </charParams>
<charParams l="487" t="322" r="519" b="355" charConfidence="52">G</charParams>
<charParams l="523" t="332" r="537" b="355" charConfidence="38">o</charParams>
<charParams l="542" t="329" r="552" b="355" charConfidence="56">t</charParams>
<charParams l="556" t="329" r="565" b="355" charConfidence="29">t</charParams>
<charParams l="567" t="332" r="580" b="355" charConfidence="61">e</charParams>
<charParams l="582" t="327" r="598" b="355" suspicious="1" charConfidence="100">s</charParams>
<charParams l="599" t="321" r="623" b="356"> </charParams>
<charParams l="624" t="321" r="659" b="356" charConfidence="36">N</charParams>
<charParams l="662" t="332" r="677" b="354" charConfidence="40">a</charParams>
<charParams l="681" t="331" r="708" b="355" charConfidence="68">m</charParams>
<charParams l="712" t="333" r="724" b="356" charConfidence="26">e</charParams>
<charParams l="726" t="334" r="745" b="358" charConfidence="65">n</charParams>
<charParams l="746" t="328" r="768" b="366"> </charParams>
<charParams l="769" t="328" r="783" b="366" charConfidence="50">s</charParams>
<charParams l="781" t="337" r="793" b="360" charConfidence="26">e</charParams>
<charParams l="796" t="338" r="812" b="369" charConfidence="15">y</charParams>
<charParams l="813" t="333" r="835" b="369"> </charParams>
<charParams l="836" t="333" r="852" b="362" charConfidence="32">d</charParams>
<charParams l="856" t="340" r="867" b="363" charConfidence="41">e</charParams>
<charParams l="870" t="339" r="884" b="363" charConfidence="49">r</charParams>
<charParams l="885" t="331" r="906" b="363"> </charParams>
<charParams l="907" t="331" r="937" b="363" charConfidence="41">V</charParams>
<charParams l="940" t="340" r="952" b="363" charConfidence="26">e</charParams>
<charParams l="955" t="340" r="968" b="363" charConfidence="77">r</charParams>
<charParams l="970" t="343" r="980" b="359" charConfidence="100">¬</charParams></formatting></line>
<line baseline="422" l="193" t="390" r="428" b="430"><formatting lang="OldGerman">
<charParams l="193" t="392" r="208" b="430" charConfidence="100">s</charParams>
<charParams l="206" t="400" r="223" b="424" charConfidence="56">u</charParams>
<charParams l="226" t="392" r="254" b="430" charConfidence="36">c</charParams>
<charParams l="226" t="392" r="254" b="430" charConfidence="36">h</charParams>
<charParams l="255" t="392" r="275" b="430"> </charParams>
<charParams l="276" t="400" r="294" b="429" charConfidence="26">g</charParams>
<charParams l="298" t="399" r="310" b="423" charConfidence="26">e</charParams>
<charParams l="313" t="399" r="339" b="422" charConfidence="96">m</charParams>
<charParams l="343" t="398" r="359" b="421" charConfidence="35">a</charParams>
<charParams l="362" t="390" r="389" b="428" charConfidence="65">c</charParams>
<charParams l="362" t="390" r="389" b="428" charConfidence="65">h</charParams>
<charParams l="392" t="394" r="403" b="420" suspicious="1" charConfidence="57">t</charParams>
<charParams l="420" t="390" r="428" b="420" charConfidence="22">!</charParams></formatting></line></par>
<par align="Justified" startIndent="1920" lineSpacing="1464">
<line baseline="542" l="257" t="509" r="977" b="552"><formatting lang="OldGerman">
<charParams l="257" t="509" r="284" b="543" charConfidence="-1">E</charParams>
<charParams l="287" t="514" r="303" b="542" suspicious="1" charConfidence="100">s</charParams>
<charParams l="304" t="514" r="320" b="542"> </charParams>
<charParams l="321" t="518" r="348" b="541" charConfidence="73">m</charParams>
<charParams l="353" t="510" r="367" b="541" charConfidence="22">ö</charParams>
<charParams l="371" t="511" r="397" b="549" charConfidence="71">c</charParams>
<charParams l="371" t="511" r="397" b="549" charConfidence="71">h</charParams>
<charParams l="400" t="513" r="412" b="541" charConfidence="100">t</charParams>
<charParams l="414" t="518" r="427" b="541" charConfidence="26">e</charParams>
<charParams l="428" t="517" r="443" b="541"> </charParams>
<charParams l="444" t="517" r="462" b="541" charConfidence="100">n</charParams>
<charParams l="466" t="518" r="480" b="542" charConfidence="81">o</charParams>
<charParams l="484" t="510" r="510" b="548" charConfidence="65">c</charParams>
<charParams l="484" t="510" r="510" b="548" charConfidence="65">h</charParams>
<charParams l="511" t="510" r="527" b="551"> </charParams>
<charParams l="528" t="518" r="540" b="551" charConfidence="45">z</charParams>
<charParams l="544" t="519" r="561" b="542" charConfidence="50">u</charParams>
<charParams l="562" t="517" r="575" b="542"> </charParams>
<charParams l="576" t="517" r="603" b="542" charConfidence="55">w</charParams>
<charParams l="607" t="520" r="622" b="542" charConfidence="53">a</charParams>
<charParams l="625" t="519" r="641" b="550" charConfidence="54">g</charParams>
<charParams l="645" t="520" r="657" b="542" charConfidence="35">e</charParams>
<charParams l="660" t="519" r="678" b="542" charConfidence="51">n</charParams>
<charParams l="679" t="512" r="694" b="549"> </charParams>
<charParams l="695" t="512" r="709" b="549" charConfidence="100">s</charParams>
<charParams l="707" t="519" r="719" b="542" charConfidence="55">e</charParams>
<charParams l="721" t="519" r="737" b="551" charConfidence="25">y</charParams>
<charParams l="740" t="519" r="758" b="543" charConfidence="38">n</charParams>
<charParams l="759" t="534" r="769" b="549" charConfidence="100">,</charParams>
<charParams l="770" t="512" r="793" b="549"> </charParams>
<charParams l="794" t="512" r="808" b="549" charConfidence="54">s</charParams>
<charParams l="806" t="519" r="821" b="541" charConfidence="0">a</charParams>
<charParams l="824" t="519" r="840" b="550" charConfidence="93">g</charParams>
<charParams l="844" t="516" r="854" b="543" charConfidence="36">t</charParams>
<charParams l="857" t="516" r="870" b="542" charConfidence="26">e</charParams>
<charParams l="871" t="511" r="885" b="544"> </charParams>
<charParams l="886" t="511" r="911" b="544" charConfidence="32">C</charParams>
<charParams l="914" t="512" r="930" b="552" charConfidence="51">h</charParams>
<charParams l="934" t="520" r="949" b="542" charConfidence="43">a</charParams>
<charParams l="953" t="520" r="966" b="543" charConfidence="39">r</charParams>
<charParams l="967" t="524" r="977" b="539" charConfidence="100">¬</charParams></formatting></line>
<line baseline="606" l="189" t="573" r="975" b="616"><formatting lang="OldGerman">
<charParams l="189" t="575" r="201" b="608" charConfidence="49">l</charParams>
<charParams l="202" t="583" r="216" b="608" charConfidence="49">o</charParams>
<charParams l="220" t="579" r="243" b="607" charConfidence="100">t</charParams>
<charParams l="220" t="579" r="243" b="607" charConfidence="100">t</charParams>
<charParams l="247" t="583" r="259" b="606" charConfidence="35">e</charParams>
<charParams l="260" t="573" r="289" b="606"> </charParams>
<charParams l="290" t="573" r="305" b="606" charConfidence="52">b</charParams>
<charParams l="309" t="582" r="321" b="605" charConfidence="35">e</charParams>
<charParams l="324" t="576" r="339" b="607" charConfidence="33">d</charParams>
<charParams l="343" t="583" r="355" b="606" charConfidence="36">e</charParams>
<charParams l="358" t="582" r="374" b="605" charConfidence="64">n</charParams>
<charParams l="378" t="573" r="390" b="606" charConfidence="34">k</charParams>
<charParams l="394" t="575" r="401" b="606" charConfidence="76">l</charParams>
<charParams l="406" t="576" r="412" b="605" charConfidence="94">i</charParams>
<charParams l="415" t="574" r="442" b="612" charConfidence="62">c</charParams>
<charParams l="415" t="574" r="442" b="612" charConfidence="62">h</charParams>
<charParams l="450" t="598" r="459" b="612" charConfidence="72">,</charParams>
<charParams l="460" t="582" r="500" b="612"> </charParams>
<charParams l="501" t="582" r="526" b="607" charConfidence="30">w</charParams>
<charParams l="530" t="583" r="542" b="608" charConfidence="66">e</charParams>
<charParams l="545" t="583" r="561" b="607" charConfidence="24">n</charParams>
<charParams l="566" t="584" r="584" b="607" charConfidence="24">n</charParams>
<charParams l="585" t="577" r="615" b="607"> </charParams>
<charParams l="616" t="577" r="631" b="606" charConfidence="27">d</charParams>
<charParams l="635" t="576" r="642" b="606" charConfidence="-1">i</charParams>
<charParams l="647" t="583" r="660" b="607" charConfidence="32">e</charParams>
<charParams l="661" t="573" r="690" b="608"> </charParams>
<charParams l="691" t="573" r="723" b="608" charConfidence="26">G</charParams>
<charParams l="727" t="584" r="739" b="608" charConfidence="38">e</charParams>
<charParams l="742" t="574" r="756" b="613" charConfidence="99">f</charParams>
<charParams l="755" t="584" r="770" b="606" charConfidence="54">a</charParams>
<charParams l="774" t="574" r="790" b="616" charConfidence="94">h</charParams>
<charParams l="794" t="583" r="807" b="607" charConfidence="98">r</charParams>
<charParams l="808" t="576" r="838" b="614"> </charParams>
<charParams l="839" t="576" r="853" b="614" charConfidence="27">f</charParams>
<charParams l="854" t="574" r="870" b="607" charConfidence="24">ü</charParams>
<charParams l="874" t="584" r="887" b="607" charConfidence="29">r</charParams>
<charParams l="888" t="584" r="916" b="607"> </charParams>
<charParams l="917" t="584" r="935" b="607" charConfidence="48">u</charParams>
<charParams l="939" t="583" r="955" b="606" charConfidence="28">n</charParams>
<charParams l="960" t="577" r="975" b="606" charConfidence="94">s</charParams></formatting></line>
<line baseline="670" l="189" t="636" r="975" b="678"><formatting lang="OldGerman">
<charParams l="189" t="647" r="205" b="671" charConfidence="29">a</charParams>
<charParams l="209" t="639" r="218" b="670" charConfidence="94">l</charParams>
<charParams l="218" t="640" r="226" b="671" charConfidence="25">l</charParams>
<charParams l="230" t="648" r="242" b="670" charConfidence="43">e</charParams>
<charParams l="245" t="640" r="253" b="670" charConfidence="100">i</charParams>
<charParams l="256" t="647" r="274" b="671" charConfidence="99">n</charParams>
<charParams l="275" t="646" r="296" b="671"> </charParams>
<charParams l="297" t="646" r="323" b="670" charConfidence="56">w</charParams>
<charParams l="327" t="638" r="342" b="670" charConfidence="58">ä</charParams>
<charParams l="346" t="647" r="359" b="670" charConfidence="25">r</charParams>
<charParams l="362" t="647" r="374" b="671" charConfidence="48">e</charParams>
<charParams l="376" t="661" r="385" b="670" charConfidence="100">.</charParams>
<charParams l="386" t="636" r="431" b="670"> </charParams>
<charParams l="432" t="636" r="464" b="670" charConfidence="28">G</charParams>
<charParams l="468" t="638" r="476" b="670" charConfidence="73">l</charParams>
<charParams l="479" t="647" r="494" b="670" charConfidence="100">a</charParams>
<charParams l="499" t="647" r="515" b="671" charConfidence="46">u</charParams>
<charParams l="519" t="638" r="534" b="671" charConfidence="43">b</charParams>
<charParams l="539" t="640" r="559" b="678" charConfidence="68">s</charParams>
<charParams l="539" t="640" r="559" b="678" charConfidence="68">t</charParams>
<charParams l="560" t="640" r="583" b="678"> </charParams>
<charParams l="584" t="641" r="599" b="671" charConfidence="29">d</charParams>
<charParams l="603" t="648" r="621" b="671" charConfidence="100">u</charParams>
<charParams l="622" t="642" r="644" b="671"> </charParams>
<charParams l="645" t="642" r="661" b="670" charConfidence="32">d</charParams>
<charParams l="665" t="648" r="677" b="671" charConfidence="26">e</charParams>
<charParams l="680" t="647" r="696" b="670" charConfidence="36">n</charParams>
<charParams l="701" t="647" r="719" b="670" charConfidence="73">n</charParams>
<charParams l="720" t="647" r="742" b="670"> </charParams>
<charParams l="743" t="647" r="759" b="670" charConfidence="35">a</charParams>
<charParams l="763" t="638" r="778" b="670" charConfidence="75">b</charParams>
<charParams l="782" t="647" r="793" b="670" charConfidence="25">e</charParams>
<charParams l="797" t="647" r="810" b="670" charConfidence="25">r</charParams>
<charParams l="819" t="662" r="829" b="676" charConfidence="100">,</charParams>
<charParams l="830" t="641" r="864" b="676"> </charParams>
<charParams l="865" t="641" r="881" b="669" charConfidence="35">d</charParams>
<charParams l="885" t="646" r="899" b="669" charConfidence="25">a</charParams>
<charParams l="904" t="638" r="919" b="675" charConfidence="60">ß</charParams>
<charParams l="920" t="638" r="943" b="675"> </charParams>
<charParams l="944" t="645" r="956" b="668" charConfidence="26">e</charParams>
<charParams l="959" t="640" r="975" b="668" suspicious="1" charConfidence="81">s</charParams></formatting></line>
<line baseline="732" l="189" t="698" r="974" b="741"><formatting lang="OldGerman">
<charParams l="189" t="710" r="204" b="733" charConfidence="72">r</charParams>
<charParams l="205" t="701" r="220" b="733" suspicious="1" charConfidence="22">ä</charParams>
<charParams l="225" t="706" r="235" b="733" charConfidence="40">t</charParams>
<charParams l="237" t="701" r="254" b="741" charConfidence="100">h</charParams>
<charParams l="258" t="702" r="266" b="733" charConfidence="79">l</charParams>
<charParams l="269" t="703" r="277" b="732" charConfidence="100">i</charParams>
<charParams l="280" t="702" r="307" b="740" charConfidence="62">c</charParams>
<charParams l="280" t="702" r="307" b="740" charConfidence="62">h</charParams>
<charParams l="308" t="702" r="331" b="740"> </charParams>
<charParams l="332" t="702" r="345" b="739" charConfidence="52">s</charParams>
<charParams l="343" t="710" r="354" b="733" charConfidence="25">e</charParams>
<charParams l="358" t="710" r="374" b="741" charConfidence="52">y</charParams>
<charParams l="381" t="723" r="390" b="738" charConfidence="73">,</charParams>
<charParams l="391" t="703" r="416" b="738"> </charParams>
<charParams l="417" t="703" r="432" b="732" charConfidence="27">d</charParams>
<charParams l="436" t="709" r="448" b="733" charConfidence="29">e</charParams>
<charParams l="452" t="710" r="470" b="733" charConfidence="25">n</charParams>
<charParams l="471" t="698" r="484" b="739"> </charParams>
<charParams l="485" t="698" r="517" b="739" charConfidence="25">H</charParams>
<charParams l="520" t="710" r="536" b="732" charConfidence="54">a</charParams>
<charParams l="540" t="710" r="556" b="733" charConfidence="41">u</charParams>
<charParams l="559" t="710" r="576" b="740" charConfidence="95">p</charParams>
<charParams l="579" t="707" r="591" b="733" charConfidence="42">t</charParams>
<charParams l="591" t="710" r="620" b="733" charConfidence="62">m</charParams>
<charParams l="623" t="710" r="638" b="732" charConfidence="49">a</charParams>
<charParams l="642" t="709" r="659" b="733" charConfidence="100">n</charParams>
<charParams l="663" t="710" r="681" b="733" charConfidence="89">n</charParams>
<charParams l="682" t="709" r="704" b="733"> </charParams>
<charParams l="705" t="709" r="733" b="733" charConfidence="100">m</charParams>
<charParams l="737" t="702" r="744" b="732" charConfidence="100">i</charParams>
<charParams l="747" t="707" r="759" b="733" charConfidence="54">t</charParams>
<charParams l="760" t="699" r="778" b="733"> </charParams>
<charParams l="779" t="699" r="808" b="732" charConfidence="45">O</charParams>
<charParams l="811" t="706" r="821" b="732" charConfidence="51">t</charParams>
<charParams l="824" t="706" r="834" b="732" charConfidence="100">t</charParams>
<charParams l="838" t="702" r="845" b="732" charConfidence="100">i</charParams>
<charParams l="848" t="702" r="856" b="731" charConfidence="45">l</charParams>
<charParams l="859" t="700" r="868" b="731" charConfidence="100">i</charParams>
<charParams l="870" t="708" r="882" b="731" charConfidence="30">e</charParams>
<charParams l="885" t="708" r="904" b="731" charConfidence="100">n</charParams>
<charParams l="905" t="707" r="927" b="731"> </charParams>
<charParams l="928" t="707" r="943" b="729" charConfidence="28">a</charParams>
<charParams l="948" t="699" r="955" b="729" charConfidence="100">l</charParams>
<charParams l="959" t="701" r="974" b="729" charConfidence="100">s</charParams></formatting></line>
<line baseline="793" l="187" t="760" r="974" b="802"><formatting lang="OldGerman">
<charParams l="187" t="761" r="220" b="800" charConfidence="52">H</charParams>
<charParams l="223" t="772" r="238" b="793" charConfidence="54">a</charParams>
<charParams l="243" t="771" r="259" b="794" charConfidence="44">u</charParams>
<charParams l="263" t="766" r="278" b="794" charConfidence="100">s</charParams>
<charParams l="280" t="770" r="297" b="801" charConfidence="55">g</charParams>
<charParams l="301" t="771" r="314" b="794" charConfidence="50">e</charParams>
<charParams l="316" t="771" r="333" b="794" charConfidence="100">n</charParams>
<charParams l="337" t="771" r="351" b="794" charConfidence="34">o</charParams>
<charParams l="356" t="763" r="380" b="799" charConfidence="91">s</charParams>
<charParams l="356" t="763" r="380" b="799" charConfidence="91">s</charParams>
<charParams l="377" t="771" r="389" b="794" charConfidence="51">e</charParams>
<charParams l="392" t="770" r="410" b="793" suspicious="1" charConfidence="95">n</charParams>
<charParams l="411" t="770" r="441" b="802"> </charParams>
<charParams l="442" t="770" r="455" b="802" charConfidence="48">z</charParams>
<charParams l="458" t="770" r="476" b="793" charConfidence="83">u</charParams>
<charParams l="477" t="762" r="498" b="799"> </charParams>
<charParams l="499" t="762" r="513" b="799" charConfidence="100">s</charParams>
<charParams l="511" t="771" r="523" b="792" charConfidence="27">e</charParams>
<charParams l="526" t="762" r="542" b="800" charConfidence="100">h</charParams>
<charParams l="546" t="771" r="559" b="792" charConfidence="24">e</charParams>
<charParams l="562" t="770" r="580" b="793" charConfidence="25">n</charParams>
<charParams l="588" t="785" r="599" b="799" charConfidence="83">,</charParams>
<charParams l="600" t="771" r="637" b="799"> </charParams>
<charParams l="638" t="771" r="652" b="793" charConfidence="45">e</charParams>
<charParams l="655" t="764" r="662" b="793" charConfidence="100">i</charParams>
<charParams l="665" t="771" r="682" b="793" charConfidence="54">n</charParams>
<charParams l="685" t="772" r="697" b="794" charConfidence="72">e</charParams>
<charParams l="700" t="771" r="718" b="794" charConfidence="74">n</charParams>
<charParams l="719" t="761" r="742" b="794"> </charParams>
<charParams l="743" t="761" r="787" b="794" charConfidence="89">M</charParams>
<charParams l="790" t="771" r="805" b="792" charConfidence="28">a</charParams>
<charParams l="808" t="770" r="826" b="793" charConfidence="78">n</charParams>
<charParams l="829" t="770" r="848" b="793" charConfidence="33">n</charParams>
<charParams l="849" t="770" r="871" b="793"> </charParams>
<charParams l="872" t="770" r="887" b="793" charConfidence="29">o</charParams>
<charParams l="891" t="760" r="907" b="800" charConfidence="48">h</charParams>
<charParams l="911" t="768" r="928" b="792" charConfidence="37">n</charParams>
<charParams l="930" t="769" r="946" b="799" charConfidence="31">g</charParams>
<charParams l="951" t="768" r="962" b="791" charConfidence="34">e</charParams>
<charParams l="965" t="771" r="974" b="786" charConfidence="52">-</charParams></formatting></line>
<line baseline="853" l="185" t="820" r="972" b="862"><formatting lang="OldGerman">
<charParams l="185" t="822" r="201" b="859" charConfidence="49">f</charParams>
<charParams l="200" t="822" r="215" b="853" suspicious="1" charConfidence="32">ä</charParams>
<charParams l="219" t="822" r="235" b="862" charConfidence="88">h</charParams>
<charParams l="239" t="831" r="253" b="853" charConfidence="28">r</charParams>
<charParams l="254" t="824" r="275" b="853"> </charParams>
<charParams l="276" t="824" r="285" b="853" charConfidence="100">i</charParams>
<charParams l="287" t="831" r="305" b="853" charConfidence="35">n</charParams>
<charParams l="306" t="824" r="328" b="853"> </charParams>
<charParams l="329" t="824" r="344" b="853" charConfidence="26">d</charParams>
<charParams l="349" t="831" r="361" b="854" charConfidence="29">e</charParams>
<charParams l="364" t="823" r="372" b="853" charConfidence="100">i</charParams>
<charParams l="375" t="831" r="392" b="854" charConfidence="41">n</charParams>
<charParams l="395" t="831" r="407" b="853" charConfidence="34">e</charParams>
<charParams l="410" t="830" r="428" b="853" charConfidence="82">n</charParams>
<charParams l="429" t="820" r="440" b="858"> </charParams>
<charParams l="441" t="820" r="472" b="858" charConfidence="27">Z</charParams>
<charParams l="474" t="831" r="490" b="853" suspicious="1" charConfidence="55">ä</charParams>
<charParams l="496" t="822" r="512" b="861" charConfidence="100">h</charParams>
<charParams l="517" t="831" r="529" b="853" charConfidence="100">r</charParams>
<charParams l="532" t="831" r="544" b="853" charConfidence="28">e</charParams>
<charParams l="546" t="830" r="565" b="853" charConfidence="33">n</charParams>
<charParams l="566" t="844" r="575" b="859" charConfidence="77">,</charParams>
<charParams l="576" t="824" r="599" b="859"> </charParams>
<charParams l="600" t="824" r="609" b="853" charConfidence="32">i</charParams>
<charParams l="613" t="831" r="630" b="853" charConfidence="31">n</charParams>
<charParams l="631" t="825" r="653" b="853"> </charParams>
<charParams l="654" t="825" r="670" b="853" charConfidence="39">d</charParams>
<charParams l="674" t="831" r="686" b="854" charConfidence="100">e</charParams>
<charParams l="689" t="831" r="706" b="853" charConfidence="74">n</charParams>
<charParams l="714" t="821" r="744" b="859" suspicious="1" charConfidence="31">Z</charParams>
<charParams l="747" t="831" r="762" b="852" charConfidence="75">a</charParams>
<charParams l="766" t="822" r="783" b="861" charConfidence="74">h</charParams>
<charParams l="787" t="830" r="800" b="853" charConfidence="27">r</charParams>
<charParams l="803" t="831" r="816" b="852" charConfidence="39">e</charParams>
<charParams l="818" t="830" r="836" b="852" charConfidence="25">n</charParams>
<charParams l="837" t="830" r="857" b="852"> </charParams>
<charParams l="858" t="836" r="902" b="843" suspicious="1" charConfidence="-1">—</charParams>
<charParams l="917" t="823" r="932" b="851" charConfidence="26">d</charParams>
<charParams l="936" t="828" r="951" b="851" charConfidence="50">a</charParams>
<charParams l="955" t="820" r="972" b="857" charConfidence="29">ß</charParams></formatting></line>
<line baseline="910" l="183" t="879" r="972" b="917"><formatting lang="OldGerman">
<charParams l="183" t="881" r="194" b="910" charConfidence="24">i</charParams>
<charParams l="196" t="879" r="224" b="916" charConfidence="83">c</charParams>
<charParams l="196" t="879" r="224" b="916" charConfidence="83">h</charParams>
<charParams l="225" t="879" r="248" b="916"> </charParams>
<charParams l="249" t="883" r="265" b="910" charConfidence="27">d</charParams>
<charParams l="269" t="881" r="276" b="910" charConfidence="49">i</charParams>
<charParams l="280" t="888" r="293" b="909" charConfidence="68">r</charParams>
<charParams l="294" t="883" r="316" b="910"> </charParams>
<charParams l="317" t="883" r="332" b="910" charConfidence="27">d</charParams>
<charParams l="336" t="882" r="344" b="909" charConfidence="26">i</charParams>
<charParams l="347" t="889" r="360" b="910" charConfidence="37">e</charParams>
<charParams l="362" t="881" r="377" b="916" charConfidence="34">s</charParams>
<charParams l="374" t="890" r="386" b="910" charConfidence="29">e</charParams>
<charParams l="389" t="885" r="405" b="910" charConfidence="98">s</charParams>
<charParams l="406" t="879" r="419" b="911"> </charParams>
<charParams l="420" t="879" r="457" b="911" charConfidence="27">S</charParams>
<charParams l="460" t="882" r="488" b="917" charConfidence="60">c</charParams>
<charParams l="460" t="882" r="488" b="917" charConfidence="60">h</charParams>
<charParams l="490" t="888" r="519" b="911" charConfidence="45">m</charParams>
<charParams l="521" t="889" r="535" b="911" charConfidence="26">e</charParams>
<charParams l="537" t="882" r="545" b="910" charConfidence="31">i</charParams>
<charParams l="548" t="881" r="575" b="916" charConfidence="30">c</charParams>
<charParams l="548" t="881" r="575" b="916" charConfidence="30">h</charParams>
<charParams l="578" t="888" r="592" b="910" charConfidence="26">e</charParams>
<charParams l="594" t="882" r="603" b="910" charConfidence="54">l</charParams>
<charParams l="605" t="880" r="621" b="916" charConfidence="78">h</charParams>
<charParams l="625" t="888" r="641" b="909" charConfidence="47">a</charParams>
<charParams l="643" t="880" r="660" b="916" charConfidence="42">f</charParams>
<charParams l="658" t="885" r="668" b="910" charConfidence="72">t</charParams>
<charParams l="670" t="888" r="684" b="910" charConfidence="32">e</charParams>
<charParams l="685" t="888" r="697" b="910"> </charParams>
<charParams l="698" t="888" r="716" b="910" charConfidence="33">n</charParams>
<charParams l="719" t="888" r="736" b="910" charConfidence="37">u</charParams>
<charParams l="739" t="888" r="754" b="910" charConfidence="26">r</charParams>
<charParams l="755" t="888" r="766" b="916"> </charParams>
<charParams l="767" t="888" r="785" b="916" charConfidence="26">g</charParams>
<charParams l="788" t="888" r="801" b="909" charConfidence="28">e</charParams>
<charParams l="803" t="886" r="817" b="909" charConfidence="32">r</charParams>
<charParams l="819" t="887" r="834" b="908" charConfidence="39">a</charParams>
<charParams l="839" t="881" r="854" b="909" charConfidence="28">d</charParams>
<charParams l="858" t="888" r="871" b="909" charConfidence="30">e</charParams>
<charParams l="872" t="888" r="888" b="910"> </charParams>
<charParams l="889" t="888" r="907" b="910" charConfidence="57">u</charParams>
<charParams l="910" t="888" r="927" b="910" charConfidence="83">n</charParams>
<charParams l="931" t="885" r="941" b="911" charConfidence="40">t</charParams>
<charParams l="944" t="889" r="955" b="911" charConfidence="27">e</charParams>
<charParams l="959" t="888" r="972" b="911" charConfidence="31">r</charParams></formatting></line>
<line baseline="969" l="184" t="936" r="967" b="978"><formatting lang="OldGerman">
<charParams l="184" t="943" r="199" b="971" charConfidence="26">d</charParams>
<charParams l="204" t="941" r="211" b="971" charConfidence="100">i</charParams>
<charParams l="215" t="948" r="227" b="970" charConfidence="37">e</charParams>
<charParams l="228" t="937" r="262" b="970"> </charParams>
<charParams l="263" t="937" r="290" b="970" charConfidence="29">A</charParams>
<charParams l="292" t="946" r="308" b="969" charConfidence="24">u</charParams>
<charParams l="311" t="947" r="327" b="976" charConfidence="62">g</charParams>
<charParams l="332" t="946" r="344" b="969" charConfidence="31">e</charParams>
<charParams l="347" t="945" r="365" b="968" charConfidence="89">n</charParams>
<charParams l="366" t="938" r="388" b="974"> </charParams>
<charParams l="389" t="938" r="403" b="974" charConfidence="53">s</charParams>
<charParams l="401" t="946" r="415" b="967" charConfidence="32">a</charParams>
<charParams l="418" t="945" r="435" b="975" charConfidence="32">g</charParams>
<charParams l="439" t="946" r="452" b="967" charConfidence="61">e</charParams>
<charParams l="453" t="946" r="471" b="967"> </charParams>
<charParams l="472" t="953" r="517" b="959" suspicious="1" charConfidence="-1">—</charParams>
<charParams l="518" t="945" r="537" b="968"> </charParams>
<charParams l="538" t="945" r="565" b="968" charConfidence="28">w</charParams>
<charParams l="569" t="945" r="585" b="969" charConfidence="63">o</charParams>
<charParams l="586" t="940" r="608" b="969"> </charParams>
<charParams l="609" t="940" r="625" b="968" charConfidence="32">d</charParams>
<charParams l="628" t="946" r="640" b="970" charConfidence="25">e</charParams>
<charParams l="643" t="945" r="657" b="968" charConfidence="38">r</charParams>
<charParams l="658" t="936" r="680" b="969"> </charParams>
<charParams l="681" t="936" r="724" b="969" charConfidence="34">M</charParams>
<charParams l="727" t="946" r="742" b="968" charConfidence="41">a</charParams>
<charParams l="747" t="945" r="763" b="968" charConfidence="59">n</charParams>
<charParams l="767" t="945" r="786" b="969" charConfidence="28">n</charParams>
<charParams l="787" t="945" r="809" b="970"> </charParams>
<charParams l="810" t="947" r="822" b="970" charConfidence="31">e</charParams>
<charParams l="825" t="947" r="838" b="970" charConfidence="62">r</charParams>
<charParams l="841" t="940" r="861" b="978" charConfidence="32">s</charParams>
<charParams l="841" t="940" r="861" b="978" charConfidence="32">t</charParams>
<charParams l="862" t="940" r="885" b="978"> </charParams>
<charParams l="886" t="942" r="894" b="971" charConfidence="57">l</charParams>
<charParams l="898" t="941" r="905" b="971" charConfidence="100">i</charParams>
<charParams l="908" t="949" r="920" b="971" charConfidence="25">e</charParams>
<charParams l="924" t="940" r="939" b="971" charConfidence="51">b</charParams>
<charParams l="943" t="950" r="955" b="972" charConfidence="37">e</charParams>
<charParams l="958" t="953" r="967" b="969" charConfidence="100">-</charParams></formatting></line>
<line baseline="1031" l="182" t="997" r="965" b="1040"><formatting lang="OldGerman">
<charParams l="182" t="1001" r="197" b="1038" charConfidence="36">f</charParams>
<charParams l="196" t="1001" r="211" b="1032" suspicious="1" charConfidence="22">ä</charParams>
<charParams l="215" t="1000" r="231" b="1040" charConfidence="100">h</charParams>
<charParams l="236" t="1002" r="243" b="1031" charConfidence="100">i</charParams>
<charParams l="245" t="1009" r="262" b="1039" charConfidence="27">g</charParams>
<charParams l="263" t="1009" r="285" b="1039"> </charParams>
<charParams l="286" t="1009" r="304" b="1031" charConfidence="100">u</charParams>
<charParams l="307" t="1007" r="324" b="1030" charConfidence="36">n</charParams>
<charParams l="329" t="1001" r="344" b="1030" charConfidence="34">d</charParams>
<charParams l="345" t="1001" r="368" b="1030"> </charParams>
<charParams l="369" t="1006" r="381" b="1030" charConfidence="27">e</charParams>
<charParams l="385" t="1007" r="397" b="1029" charConfidence="29">r</charParams>
<charParams l="401" t="998" r="420" b="1037" charConfidence="68">s</charParams>
<charParams l="401" t="998" r="420" b="1037" charConfidence="68">t</charParams>
<charParams l="421" t="998" r="443" b="1037"> </charParams>
<charParams l="444" t="1000" r="459" b="1029" charConfidence="26">d</charParams>
<charParams l="463" t="1007" r="475" b="1029" charConfidence="100">e</charParams>
<charParams l="478" t="1007" r="491" b="1029" charConfidence="85">r</charParams>
<charParams l="492" t="997" r="514" b="1031"> </charParams>
<charParams l="515" t="997" r="533" b="1031" charConfidence="36">L</charParams>
<charParams l="536" t="999" r="544" b="1029" charConfidence="100">i</charParams>
<charParams l="547" t="1007" r="559" b="1029" charConfidence="32">e</charParams>
<charParams l="563" t="998" r="577" b="1030" charConfidence="90">b</charParams>
<charParams l="581" t="1007" r="595" b="1030" charConfidence="46">e</charParams>
<charParams l="596" t="1006" r="616" b="1030"> </charParams>
<charParams l="617" t="1006" r="643" b="1030" suspicious="1" charConfidence="53">w</charParams>
<charParams l="647" t="1007" r="659" b="1031" charConfidence="31">e</charParams>
<charParams l="663" t="1007" r="676" b="1031" charConfidence="39">r</charParams>
<charParams l="679" t="1003" r="688" b="1031" charConfidence="35">t</charParams>
<charParams l="691" t="999" r="708" b="1039" charConfidence="91">h</charParams>
<charParams l="709" t="999" r="731" b="1039"> </charParams>
<charParams l="732" t="1006" r="759" b="1031" charConfidence="54">w</charParams>
<charParams l="763" t="1000" r="770" b="1031" suspicious="1" charConfidence="100">i</charParams>
<charParams l="774" t="1007" r="787" b="1031" charConfidence="100">r</charParams>
<charParams l="789" t="1000" r="805" b="1030" charConfidence="27">d</charParams>
<charParams l="806" t="1021" r="817" b="1037" charConfidence="100">,</charParams>
<charParams l="818" t="1008" r="841" b="1037"> </charParams>
<charParams l="842" t="1008" r="859" b="1032" charConfidence="45">u</charParams>
<charParams l="862" t="1008" r="879" b="1032" charConfidence="25">n</charParams>
<charParams l="884" t="1003" r="899" b="1033" charConfidence="26">d</charParams>
<charParams l="900" t="1003" r="921" b="1033"> </charParams>
<charParams l="922" t="1010" r="933" b="1033" charConfidence="100">e</charParams>
<charParams l="938" t="1003" r="945" b="1034" charConfidence="43">i</charParams>
<charParams l="949" t="1011" r="965" b="1035" charConfidence="24">n</charParams></formatting></line>
<line baseline="1092" l="184" t="1058" r="850" b="1102"><formatting lang="OldGerman">
<charParams l="184" t="1061" r="227" b="1094" charConfidence="100">M</charParams>
<charParams l="230" t="1062" r="246" b="1093" charConfidence="27">ä</charParams>
<charParams l="249" t="1065" r="264" b="1092" charConfidence="26">d</charParams>
<charParams l="268" t="1062" r="294" b="1100" charConfidence="59">c</charParams>
<charParams l="268" t="1062" r="294" b="1100" charConfidence="59">h</charParams>
<charParams l="298" t="1069" r="310" b="1092" charConfidence="34">e</charParams>
<charParams l="314" t="1068" r="331" b="1092" charConfidence="26">n</charParams>
<charParams l="332" t="1068" r="353" b="1092"> </charParams>
<charParams l="354" t="1068" r="371" b="1091" charConfidence="100">v</charParams>
<charParams l="375" t="1068" r="390" b="1090" charConfidence="44">o</charParams>
<charParams l="393" t="1068" r="411" b="1091" charConfidence="53">n</charParams>
<charParams l="412" t="1058" r="434" b="1091"> </charParams>
<charParams l="435" t="1058" r="463" b="1091" charConfidence="60">O</charParams>
<charParams l="467" t="1065" r="477" b="1091" charConfidence="54">t</charParams>
<charParams l="480" t="1064" r="490" b="1092" charConfidence="64">t</charParams>
<charParams l="493" t="1060" r="501" b="1091" charConfidence="100">i</charParams>
<charParams l="505" t="1061" r="513" b="1092" charConfidence="32">l</charParams>
<charParams l="516" t="1061" r="524" b="1092" charConfidence="100">i</charParams>
<charParams l="527" t="1069" r="539" b="1092" charConfidence="26">e</charParams>
<charParams l="542" t="1068" r="558" b="1092" charConfidence="37">n</charParams>
<charParams l="563" t="1065" r="579" b="1092" charConfidence="100">s</charParams>
<charParams l="580" t="1061" r="603" b="1093"> </charParams>
<charParams l="604" t="1061" r="633" b="1093" charConfidence="96">V</charParams>
<charParams l="636" t="1071" r="651" b="1093" charConfidence="47">o</charParams>
<charParams l="656" t="1070" r="668" b="1093" charConfidence="31">r</charParams>
<charParams l="669" t="1069" r="681" b="1102" charConfidence="100">z</charParams>
<charParams l="685" t="1060" r="702" b="1093" charConfidence="50">ü</charParams>
<charParams l="704" t="1070" r="721" b="1101" charConfidence="37">g</charParams>
<charParams l="725" t="1070" r="737" b="1093" charConfidence="29">e</charParams>
<charParams l="739" t="1069" r="758" b="1093" charConfidence="84">n</charParams>
<charParams l="767" t="1061" r="782" b="1093" charConfidence="0">?</charParams>
<charParams l="783" t="1061" r="804" b="1093"> </charParams>
<charParams l="805" t="1074" r="850" b="1082" suspicious="1" charConfidence="-1">—</charParams></formatting></line></par>
<par align="Justified" startIndent="1920" lineSpacing="1464">
<line baseline="1217" l="243" t="1183" r="963" b="1225"><formatting lang="OldGerman">
<charParams l="243" t="1183" r="271" b="1223" suspicious="1" charConfidence="32">Z</charParams>
<charParams l="275" t="1183" r="302" b="1222" charConfidence="66">c</charParams>
<charParams l="275" t="1183" r="302" b="1222" charConfidence="66">h</charParams>
<charParams l="303" t="1183" r="351" b="1222"> </charParams>
<charParams l="352" t="1190" r="378" b="1215" charConfidence="75">w</charParams>
<charParams l="382" t="1193" r="394" b="1215" charConfidence="30">e</charParams>
<charParams l="398" t="1185" r="406" b="1215" charConfidence="100">i</charParams>
<charParams l="409" t="1185" r="425" b="1222" charConfidence="59">ß</charParams>
<charParams l="426" t="1185" r="474" b="1222"> </charParams>
<charParams l="475" t="1187" r="490" b="1217" charConfidence="27">d</charParams>
<charParams l="494" t="1194" r="508" b="1217" charConfidence="35">o</charParams>
<charParams l="512" t="1187" r="539" b="1225" charConfidence="58">c</charParams>
<charParams l="512" t="1187" r="539" b="1225" charConfidence="58">h</charParams>
<charParams l="540" t="1187" r="578" b="1225"> </charParams>
<charParams l="579" t="1193" r="594" b="1217" charConfidence="53">a</charParams>
<charParams l="599" t="1195" r="615" b="1219" charConfidence="28">u</charParams>
<charParams l="619" t="1186" r="646" b="1225" charConfidence="55">c</charParams>
<charParams l="619" t="1186" r="646" b="1225" charConfidence="55">h</charParams>
<charParams l="647" t="1186" r="688" b="1225"> </charParams>
<charParams l="689" t="1195" r="707" b="1219" charConfidence="35">n</charParams>
<charParams l="711" t="1188" r="718" b="1218" charConfidence="100">i</charParams>
<charParams l="722" t="1187" r="748" b="1224" charConfidence="75">c</charParams>
<charParams l="722" t="1187" r="748" b="1224" charConfidence="75">h</charParams>
<charParams l="752" t="1192" r="763" b="1219" charConfidence="50">t</charParams>
<charParams l="771" t="1210" r="780" b="1225" charConfidence="99">,</charParams>
<charParams l="781" t="1196" r="836" b="1225"> </charParams>
<charParams l="837" t="1196" r="854" b="1219" charConfidence="0">v</charParams>
<charParams l="859" t="1194" r="870" b="1218" charConfidence="25">e</charParams>
<charParams l="874" t="1194" r="886" b="1218" charConfidence="24">r</charParams>
<charParams l="890" t="1186" r="902" b="1224" charConfidence="36">s</charParams>
<charParams l="901" t="1194" r="913" b="1217" charConfidence="27">e</charParams>
<charParams l="916" t="1190" r="933" b="1225" charConfidence="36">t</charParams>
<charParams l="916" t="1190" r="933" b="1225" charConfidence="36">z</charParams>
<charParams l="938" t="1191" r="947" b="1217" charConfidence="36">t</charParams>
<charParams l="950" t="1195" r="963" b="1218" charConfidence="26">e</charParams></formatting></line>
<line baseline="1279" l="179" t="1246" r="959" b="1289"><formatting lang="OldGerman">
<charParams l="179" t="1247" r="206" b="1280" charConfidence="30">E</charParams>
<charParams l="210" t="1250" r="224" b="1278" charConfidence="29">d</charParams>
<charParams l="230" t="1257" r="246" b="1280" suspicious="1" charConfidence="24">n</charParams>
<charParams l="250" t="1257" r="265" b="1279" charConfidence="59">a</charParams>
<charParams l="269" t="1256" r="281" b="1279" charConfidence="39">r</charParams>
<charParams l="284" t="1250" r="300" b="1278" charConfidence="26">d</charParams>
<charParams l="301" t="1270" r="310" b="1283" charConfidence="75">,</charParams>
<charParams l="311" t="1252" r="333" b="1283"> </charParams>
<charParams l="334" t="1252" r="360" b="1276" charConfidence="55">w</charParams>
<charParams l="364" t="1246" r="372" b="1275" charConfidence="100">i</charParams>
<charParams l="376" t="1254" r="388" b="1276" charConfidence="86">e</charParams>
<charParams l="389" t="1248" r="411" b="1277"> </charParams>
<charParams l="412" t="1248" r="428" b="1277" charConfidence="29">d</charParams>
<charParams l="432" t="1254" r="449" b="1277" charConfidence="40">u</charParams>
<charParams l="450" t="1246" r="464" b="1278"> </charParams>
<charParams l="465" t="1246" r="493" b="1278" charConfidence="42">O</charParams>
<charParams l="497" t="1253" r="507" b="1279" charConfidence="48">t</charParams>
<charParams l="510" t="1253" r="520" b="1279" charConfidence="59">t</charParams>
<charParams l="523" t="1249" r="531" b="1278" charConfidence="100">i</charParams>
<charParams l="534" t="1249" r="542" b="1279" charConfidence="71">l</charParams>
<charParams l="546" t="1250" r="553" b="1278" charConfidence="100">i</charParams>
<charParams l="557" t="1257" r="569" b="1279" charConfidence="33">e</charParams>
<charParams l="572" t="1257" r="589" b="1280" charConfidence="33">n</charParams>
<charParams l="590" t="1249" r="607" b="1287"> </charParams>
<charParams l="608" t="1249" r="621" b="1287" charConfidence="28">s</charParams>
<charParams l="618" t="1257" r="634" b="1279" charConfidence="100">o</charParams>
<charParams l="635" t="1248" r="648" b="1289"> </charParams>
<charParams l="649" t="1248" r="665" b="1289" suspicious="1" charConfidence="100">h</charParams>
<charParams l="670" t="1258" r="685" b="1280" charConfidence="45">o</charParams>
<charParams l="688" t="1249" r="715" b="1287" charConfidence="81">c</charParams>
<charParams l="688" t="1249" r="715" b="1287" suspicious="1" charConfidence="81">h</charParams>
<charParams l="716" t="1249" r="736" b="1287"> </charParams>
<charParams l="737" t="1249" r="757" b="1287" charConfidence="100">s</charParams>
<charParams l="737" t="1249" r="757" b="1287" charConfidence="100">t</charParams>
<charParams l="760" t="1258" r="772" b="1279" charConfidence="77">e</charParams>
<charParams l="775" t="1249" r="784" b="1279" charConfidence="67">l</charParams>
<charParams l="784" t="1249" r="793" b="1280" charConfidence="37">l</charParams>
<charParams l="795" t="1258" r="806" b="1280" charConfidence="43">e</charParams>
<charParams l="810" t="1257" r="828" b="1280" charConfidence="28">n</charParams>
<charParams l="829" t="1249" r="843" b="1280"> </charParams>
<charParams l="844" t="1249" r="858" b="1280" charConfidence="31">k</charParams>
<charParams l="860" t="1258" r="875" b="1280" charConfidence="25">a</charParams>
<charParams l="880" t="1257" r="895" b="1279" charConfidence="52">n</charParams>
<charParams l="901" t="1257" r="917" b="1279" charConfidence="24">n</charParams>
<charParams l="922" t="1249" r="942" b="1287" charConfidence="52">s</charParams>
<charParams l="922" t="1249" r="942" b="1287" charConfidence="52">t</charParams>
<charParams l="951" t="1250" r="959" b="1279" charConfidence="22">!</charParams></formatting></line>
<line baseline="1340" l="179" t="1307" r="960" b="1350"><formatting lang="OldGerman">
<charParams l="179" t="1309" r="213" b="1342" charConfidence="39">N</charParams>
<charParams l="218" t="1319" r="234" b="1341" charConfidence="99">u</charParams>
<charParams l="238" t="1319" r="251" b="1341" charConfidence="100">r</charParams>
<charParams l="252" t="1312" r="274" b="1341"> </charParams>
<charParams l="275" t="1312" r="290" b="1340" charConfidence="33">d</charParams>
<charParams l="294" t="1317" r="309" b="1340" charConfidence="100">a</charParams>
<charParams l="314" t="1311" r="328" b="1340" charConfidence="30">d</charParams>
<charParams l="332" t="1316" r="348" b="1339" charConfidence="28">u</charParams>
<charParams l="353" t="1316" r="365" b="1338" charConfidence="83">r</charParams>
<charParams l="367" t="1307" r="394" b="1343" charConfidence="77">c</charParams>
<charParams l="367" t="1307" r="394" b="1343" charConfidence="77">h</charParams>
<charParams l="395" t="1307" r="418" b="1343"> </charParams>
<charParams l="419" t="1316" r="432" b="1338" charConfidence="37">e</charParams>
<charParams l="436" t="1315" r="448" b="1338" charConfidence="25">r</charParams>
<charParams l="451" t="1307" r="463" b="1338" charConfidence="38">k</charParams>
<charParams l="465" t="1309" r="473" b="1338" charConfidence="67">l</charParams>
<charParams l="475" t="1308" r="490" b="1338" charConfidence="27">ä</charParams>
<charParams l="494" t="1317" r="508" b="1339" charConfidence="53">r</charParams>
<charParams l="510" t="1317" r="523" b="1340" charConfidence="29">e</charParams>
<charParams l="524" t="1311" r="546" b="1341"> </charParams>
<charParams l="547" t="1311" r="555" b="1341" charConfidence="26">i</charParams>
<charParams l="558" t="1312" r="584" b="1348" charConfidence="57">c</charParams>
<charParams l="558" t="1312" r="584" b="1348" charConfidence="57">h</charParams>
<charParams l="585" t="1312" r="608" b="1348"> </charParams>
<charParams l="609" t="1318" r="636" b="1341" charConfidence="43">m</charParams>
<charParams l="641" t="1311" r="649" b="1341" charConfidence="100">i</charParams>
<charParams l="652" t="1319" r="665" b="1341" charConfidence="100">r</charParams>
<charParams l="667" t="1310" r="675" b="1323" charConfidence="90">&apos;</charParams>
<charParams l="678" t="1314" r="694" b="1340" charConfidence="100">S</charParams>
<charParams l="702" t="1332" r="713" b="1347" charConfidence="78">,</charParams>
<charParams l="714" t="1312" r="744" b="1347"> </charParams>
<charParams l="745" t="1312" r="761" b="1341" charConfidence="71">d</charParams>
<charParams l="764" t="1318" r="779" b="1340" charConfidence="27">a</charParams>
<charParams l="783" t="1310" r="799" b="1347" charConfidence="57">ß</charParams>
<charParams l="800" t="1310" r="823" b="1350"> </charParams>
<charParams l="824" t="1311" r="843" b="1350" charConfidence="52">s</charParams>
<charParams l="824" t="1311" r="843" b="1350" charConfidence="52">i</charParams>
<charParams l="845" t="1319" r="857" b="1341" charConfidence="72">e</charParams>
<charParams l="858" t="1312" r="881" b="1341"> </charParams>
<charParams l="882" t="1312" r="896" b="1340" charConfidence="25">d</charParams>
<charParams l="901" t="1318" r="912" b="1340" charConfidence="31">e</charParams>
<charParams l="916" t="1310" r="923" b="1340" charConfidence="100">i</charParams>
<charParams l="926" t="1317" r="944" b="1340" charConfidence="100">n</charParams>
<charParams l="947" t="1318" r="960" b="1340" charConfidence="30">e</charParams></formatting></line>
<line baseline="1402" l="177" t="1367" r="958" b="1411"><formatting lang="OldGerman">
<charParams l="177" t="1370" r="213" b="1403" charConfidence="50">N</charParams>
<charParams l="216" t="1381" r="228" b="1402" charConfidence="34">e</charParams>
<charParams l="232" t="1373" r="239" b="1402" charConfidence="100">i</charParams>
<charParams l="241" t="1380" r="258" b="1410" charConfidence="30">g</charParams>
<charParams l="262" t="1380" r="278" b="1403" charConfidence="37">u</charParams>
<charParams l="282" t="1380" r="298" b="1403" charConfidence="53">n</charParams>
<charParams l="301" t="1380" r="318" b="1410" charConfidence="31">g</charParams>
<charParams l="319" t="1378" r="341" b="1411"> </charParams>
<charParams l="342" t="1378" r="354" b="1411" charConfidence="57">z</charParams>
<charParams l="358" t="1378" r="374" b="1401" charConfidence="31">u</charParams>
<charParams l="375" t="1370" r="393" b="1401"> </charParams>
<charParams l="394" t="1370" r="402" b="1400" charConfidence="100">i</charParams>
<charParams l="405" t="1368" r="421" b="1408" charConfidence="100">h</charParams>
<charParams l="425" t="1376" r="438" b="1399" charConfidence="42">r</charParams>
<charParams l="441" t="1376" r="453" b="1399" charConfidence="62">e</charParams>
<charParams l="456" t="1376" r="469" b="1399" charConfidence="43">r</charParams>
<charParams l="470" t="1367" r="487" b="1401"> </charParams>
<charParams l="488" t="1367" r="532" b="1401" charConfidence="63">M</charParams>
<charParams l="535" t="1379" r="551" b="1402" charConfidence="-1">u</charParams>
<charParams l="555" t="1376" r="565" b="1402" charConfidence="40">t</charParams>
<charParams l="568" t="1377" r="578" b="1403" charConfidence="74">t</charParams>
<charParams l="581" t="1380" r="593" b="1403" charConfidence="48">e</charParams>
<charParams l="596" t="1380" r="610" b="1404" charConfidence="29">r</charParams>
<charParams l="611" t="1380" r="624" b="1411"> </charParams>
<charParams l="625" t="1380" r="642" b="1411" charConfidence="32">g</charParams>
<charParams l="646" t="1379" r="658" b="1403" charConfidence="50">e</charParams>
<charParams l="660" t="1379" r="673" b="1403" charConfidence="69">e</charParams>
<charParams l="675" t="1379" r="688" b="1402" charConfidence="29">r</charParams>
<charParams l="692" t="1371" r="706" b="1403" charConfidence="36">b</charParams>
<charParams l="711" t="1376" r="721" b="1402" charConfidence="62">t</charParams>
<charParams l="722" t="1370" r="738" b="1407"> </charParams>
<charParams l="739" t="1370" r="756" b="1407" suspicious="1" charConfidence="44">h</charParams>
<charParams l="760" t="1380" r="775" b="1401" charConfidence="74">a</charParams>
<charParams l="779" t="1376" r="790" b="1402" charConfidence="100">t</charParams>
<charParams l="792" t="1394" r="800" b="1402" charConfidence="100">.</charParams>
<charParams l="801" t="1369" r="844" b="1408"> </charParams>
<charParams l="845" t="1369" r="876" b="1408" charConfidence="52">H</charParams>
<charParams l="880" t="1370" r="897" b="1399" charConfidence="26">ü</charParams>
<charParams l="901" t="1370" r="916" b="1400" charConfidence="37">b</charParams>
<charParams l="920" t="1370" r="933" b="1407" charConfidence="32">s</charParams>
<charParams l="931" t="1370" r="958" b="1408" charConfidence="56">c</charParams>
<charParams l="931" t="1370" r="958" b="1408" charConfidence="56">h</charParams></formatting></line>
<line baseline="1463" l="176" t="1431" r="956" b="1471"><formatting lang="OldGerman">
<charParams l="176" t="1433" r="183" b="1460" charConfidence="24">i</charParams>
<charParams l="188" t="1433" r="208" b="1470" charConfidence="70">s</charParams>
<charParams l="188" t="1433" r="208" b="1470" charConfidence="70">t</charParams>
<charParams l="209" t="1433" r="232" b="1471"> </charParams>
<charParams l="233" t="1433" r="251" b="1471" charConfidence="83">s</charParams>
<charParams l="233" t="1433" r="251" b="1471" charConfidence="83">i</charParams>
<charParams l="254" t="1442" r="266" b="1464" charConfidence="28">e</charParams>
<charParams l="276" t="1455" r="287" b="1470" charConfidence="69">,</charParams>
<charParams l="288" t="1436" r="327" b="1470"> </charParams>
<charParams l="328" t="1436" r="343" b="1463" charConfidence="27">d</charParams>
<charParams l="347" t="1441" r="361" b="1463" charConfidence="24">a</charParams>
<charParams l="366" t="1436" r="381" b="1463" charConfidence="100">s</charParams>
<charParams l="382" t="1433" r="404" b="1463"> </charParams>
<charParams l="405" t="1433" r="413" b="1463" charConfidence="24">i</charParams>
<charParams l="417" t="1431" r="437" b="1470" charConfidence="36">s</charParams>
<charParams l="417" t="1431" r="437" b="1470" charConfidence="36">t</charParams>
<charParams l="438" t="1431" r="459" b="1470"> </charParams>
<charParams l="460" t="1437" r="486" b="1461" charConfidence="36">w</charParams>
<charParams l="489" t="1438" r="505" b="1461" charConfidence="61">a</charParams>
<charParams l="508" t="1431" r="525" b="1471" charConfidence="62">h</charParams>
<charParams l="529" t="1440" r="542" b="1462" charConfidence="81">r</charParams>
<charParams l="549" t="1455" r="558" b="1470" charConfidence="60">,</charParams>
<charParams l="559" t="1441" r="596" b="1470"> </charParams>
<charParams l="597" t="1441" r="615" b="1465" charConfidence="31">u</charParams>
<charParams l="619" t="1441" r="635" b="1464" charConfidence="50">n</charParams>
<charParams l="640" t="1436" r="655" b="1464" charConfidence="29">d</charParams>
<charParams l="656" t="1434" r="679" b="1464"> </charParams>
<charParams l="680" t="1434" r="688" b="1464" charConfidence="32">i</charParams>
<charParams l="691" t="1433" r="718" b="1471" charConfidence="77">c</charParams>
<charParams l="691" t="1433" r="718" b="1471" charConfidence="77">h</charParams>
<charParams l="719" t="1433" r="741" b="1471"> </charParams>
<charParams l="742" t="1441" r="754" b="1464" charConfidence="26">e</charParams>
<charParams l="757" t="1441" r="770" b="1464" charConfidence="63">r</charParams>
<charParams l="773" t="1434" r="780" b="1464" charConfidence="-1">i</charParams>
<charParams l="784" t="1441" r="800" b="1463" charConfidence="27">n</charParams>
<charParams l="804" t="1441" r="821" b="1462" charConfidence="59">n</charParams>
<charParams l="825" t="1440" r="838" b="1462" charConfidence="33">r</charParams>
<charParams l="841" t="1439" r="853" b="1462" charConfidence="29">e</charParams>
<charParams l="854" t="1439" r="875" b="1462"> </charParams>
<charParams l="876" t="1439" r="904" b="1461" charConfidence="100">m</charParams>
<charParams l="908" t="1431" r="915" b="1461" charConfidence="73">i</charParams>
<charParams l="918" t="1432" r="945" b="1471" charConfidence="55">c</charParams>
<charParams l="918" t="1432" r="945" b="1471" charConfidence="55">h</charParams>
<charParams l="946" t="1456" r="956" b="1469" suspicious="1" charConfidence="85">.</charParams></formatting></line></par>
</text>
</block>
</page>
</document>