﻿<?xml version="1.0" encoding="UTF-8" standalone="yes"?>
<document xmlns="http://www.abbyy.com/FineReader_xml/FineReader10-schema-v1.xml" version="1.0" producer="ABBYY FineReader Engine 11" languages="" xmlns:xsi="http://www.w3.org/2001/XMLSchema-instance" xsi:schemaLocation="http://www.abbyy.com/FineReader_xml/FineReader10-schema-v1.xml http://www.abbyy.com/FineReader_xml/FineReader10-schema-v1.xml">
<page width="1156" height="1782" resolution="300" originalCoords="1">
<block blockType="Text" blockName="">
<text>
<par startIndent="144">
<line baseline="87" l="562" t="60" r="602" b="87"><formatting lang="OldGerman">
<charParams l="562" t="60" r="580" b="87" suspicious="1" charConfidence="37">2</charParams>
<charParams l="586" t="60" r="602" b="83" suspicious="1" charConfidence="22">1</charParams></formatting></line></par>
</text>
</block>
<block blockType="Text" blockName="">
<text>
<par align="Justified" startIndent="413" lineSpacing="1416">
<line baseline="172" l="196" t="139" r="971" b="180"><formatting lang="OldGerman">
<charParams l="196" t="145" r="212" b="174" charConfidence="28">d</charParams>
<charParams l="216" t="152" r="230" b="174" charConfidence="25">a</charParams>
<charParams l="234" t="143" r="251" b="180" charConfidence="28">ß</charParams>
<charParams l="252" t="143" r="273" b="180"> </charParams>
<charParams l="274" t="145" r="289" b="173" charConfidence="28">d</charParams>
<charParams l="293" t="150" r="304" b="174" charConfidence="27">e</charParams>
<charParams l="308" t="151" r="321" b="173" charConfidence="42">r</charParams>
<charParams l="322" t="140" r="344" b="180"> </charParams>
<charParams l="345" t="140" r="376" b="180" charConfidence="30">H</charParams>
<charParams l="380" t="152" r="395" b="174" charConfidence="26">a</charParams>
<charParams l="399" t="151" r="415" b="174" suspicious="1" charConfidence="41">u</charParams>
<charParams l="419" t="150" r="435" b="180" charConfidence="47">p</charParams>
<charParams l="439" t="146" r="448" b="172" charConfidence="42">t</charParams>
<charParams l="452" t="149" r="458" b="171" suspicious="1" charConfidence="100">i</charParams>
<charParams l="460" t="149" r="478" b="171" charConfidence="40">n</charParams>
<charParams l="482" t="149" r="497" b="171" charConfidence="24">a</charParams>
<charParams l="501" t="148" r="518" b="171" charConfidence="36">n</charParams>
<charParams l="522" t="147" r="539" b="171" charConfidence="37">n</charParams>
<charParams l="540" t="146" r="562" b="171"> </charParams>
<charParams l="563" t="146" r="590" b="169" charConfidence="75">m</charParams>
<charParams l="595" t="140" r="602" b="169" charConfidence="42">i</charParams>
<charParams l="605" t="139" r="632" b="175" charConfidence="45">c</charParams>
<charParams l="605" t="139" r="632" b="175" charConfidence="45">h</charParams>
<charParams l="633" t="139" r="655" b="175"> </charParams>
<charParams l="656" t="147" r="672" b="170" charConfidence="38">a</charParams>
<charParams l="677" t="148" r="693" b="172" charConfidence="30">u</charParams>
<charParams l="696" t="140" r="711" b="178" charConfidence="100">f</charParams>
<charParams l="712" t="140" r="730" b="180"> </charParams>
<charParams l="731" t="142" r="750" b="180" charConfidence="83">s</charParams>
<charParams l="731" t="142" r="750" b="180" charConfidence="83">i</charParams>
<charParams l="751" t="151" r="765" b="174" charConfidence="28">e</charParams>
<charParams l="766" t="151" r="783" b="174"> </charParams>
<charParams l="784" t="151" r="799" b="173" charConfidence="35">a</charParams>
<charParams l="804" t="151" r="820" b="174" charConfidence="30">u</charParams>
<charParams l="823" t="142" r="838" b="179" charConfidence="83">f</charParams>
<charParams l="837" t="151" r="864" b="174" charConfidence="46">m</charParams>
<charParams l="868" t="152" r="880" b="174" charConfidence="62">e</charParams>
<charParams l="883" t="151" r="895" b="174" charConfidence="42">r</charParams>
<charParams l="898" t="142" r="910" b="174" charConfidence="41">k</charParams>
<charParams l="914" t="143" r="926" b="180" charConfidence="30">s</charParams>
<charParams l="924" t="152" r="939" b="173" charConfidence="25">a</charParams>
<charParams l="944" t="150" r="971" b="174" charConfidence="47">m</charParams></formatting></line>
<line baseline="234" l="195" t="197" r="972" b="242"><formatting lang="OldGerman">
<charParams l="195" t="210" r="222" b="233" charConfidence="54">m</charParams>
<charParams l="227" t="211" r="241" b="233" charConfidence="24">a</charParams>
<charParams l="245" t="203" r="271" b="239" charConfidence="68">c</charParams>
<charParams l="245" t="203" r="271" b="239" charConfidence="68">h</charParams>
<charParams l="276" t="207" r="286" b="233" charConfidence="77">t</charParams>
<charParams l="289" t="210" r="301" b="233" charConfidence="31">e</charParams>
<charParams l="309" t="225" r="318" b="239" charConfidence="75">,</charParams>
<charParams l="319" t="212" r="341" b="239"> </charParams>
<charParams l="342" t="212" r="359" b="234" charConfidence="82">a</charParams>
<charParams l="362" t="204" r="370" b="233" charConfidence="100">l</charParams>
<charParams l="372" t="206" r="389" b="233" charConfidence="88">s</charParams>
<charParams l="390" t="206" r="411" b="233"> </charParams>
<charParams l="412" t="209" r="438" b="232" suspicious="1" charConfidence="24">w</charParams>
<charParams l="441" t="202" r="449" b="231" charConfidence="59">i</charParams>
<charParams l="452" t="209" r="466" b="232" charConfidence="30">r</charParams>
<charParams l="467" t="209" r="486" b="232"> </charParams>
<charParams l="487" t="209" r="504" b="231" charConfidence="28">v</charParams>
<charParams l="508" t="208" r="522" b="230" charConfidence="71">o</charParams>
<charParams l="526" t="207" r="539" b="229" charConfidence="61">r</charParams>
<charParams l="540" t="205" r="554" b="229"> </charParams>
<charParams l="555" t="205" r="568" b="227" charConfidence="58">e</charParams>
<charParams l="571" t="198" r="578" b="227" charConfidence="43">i</charParams>
<charParams l="581" t="206" r="598" b="228" charConfidence="78">n</charParams>
<charParams l="603" t="206" r="615" b="227" charConfidence="26">e</charParams>
<charParams l="617" t="205" r="644" b="228" charConfidence="70">m</charParams>
<charParams l="645" t="197" r="658" b="236"> </charParams>
<charParams l="659" t="197" r="689" b="236" suspicious="1" charConfidence="28">Z</charParams>
<charParams l="692" t="209" r="707" b="231" suspicious="1" charConfidence="53">a</charParams>
<charParams l="712" t="200" r="728" b="238" charConfidence="100">h</charParams>
<charParams l="732" t="210" r="745" b="234" charConfidence="48">r</charParams>
<charParams l="747" t="210" r="761" b="233" charConfidence="35">e</charParams>
<charParams l="762" t="210" r="774" b="242"> </charParams>
<charParams l="775" t="210" r="787" b="242" charConfidence="55">z</charParams>
<charParams l="792" t="212" r="808" b="234" charConfidence="28">u</charParams>
<charParams l="812" t="211" r="825" b="234" charConfidence="36">r</charParams>
<charParams l="827" t="204" r="844" b="234" charConfidence="22">ü</charParams>
<charParams l="848" t="204" r="871" b="234" charConfidence="52">c</charParams>
<charParams l="848" t="204" r="871" b="234" charConfidence="52">k</charParams>
<charParams l="874" t="204" r="887" b="234" charConfidence="58">k</charParams>
<charParams l="889" t="213" r="904" b="234" charConfidence="73">a</charParams>
<charParams l="908" t="212" r="935" b="234" charConfidence="55">m</charParams>
<charParams l="940" t="212" r="950" b="235" charConfidence="26">e</charParams>
<charParams l="953" t="212" r="972" b="235" charConfidence="27">n</charParams></formatting></line>
<line baseline="293" l="195" t="256" r="970" b="301"><formatting lang="OldGerman">
<charParams l="195" t="271" r="212" b="293" charConfidence="25">u</charParams>
<charParams l="216" t="271" r="233" b="293" charConfidence="28">n</charParams>
<charParams l="236" t="266" r="252" b="293" charConfidence="28">d</charParams>
<charParams l="253" t="263" r="290" b="301"> </charParams>
<charParams l="291" t="263" r="310" b="301" charConfidence="52">s</charParams>
<charParams l="291" t="263" r="310" b="301" charConfidence="52">i</charParams>
<charParams l="311" t="271" r="324" b="294" charConfidence="26">e</charParams>
<charParams l="325" t="270" r="360" b="294"> </charParams>
<charParams l="361" t="270" r="389" b="293" charConfidence="91">m</charParams>
<charParams l="393" t="263" r="401" b="292" charConfidence="35">i</charParams>
<charParams l="405" t="267" r="415" b="292" charConfidence="32">t</charParams>
<charParams l="416" t="262" r="449" b="292"> </charParams>
<charParams l="450" t="262" r="465" b="290" charConfidence="27">d</charParams>
<charParams l="470" t="260" r="477" b="289" charConfidence="41">i</charParams>
<charParams l="480" t="267" r="493" b="288" charConfidence="100">r</charParams>
<charParams l="494" t="256" r="530" b="288"> </charParams>
<charParams l="531" t="256" r="547" b="288" charConfidence="42">b</charParams>
<charParams l="551" t="266" r="562" b="287" charConfidence="30">e</charParams>
<charParams l="565" t="265" r="581" b="296" charConfidence="28">y</charParams>
<charParams l="582" t="259" r="613" b="296"> </charParams>
<charParams l="614" t="259" r="629" b="287" charConfidence="26">d</charParams>
<charParams l="634" t="266" r="645" b="288" charConfidence="26">e</charParams>
<charParams l="648" t="258" r="657" b="288" charConfidence="68">i</charParams>
<charParams l="659" t="266" r="677" b="288" charConfidence="100">n</charParams>
<charParams l="680" t="268" r="692" b="290" charConfidence="25">e</charParams>
<charParams l="695" t="268" r="709" b="290" charConfidence="100">r</charParams>
<charParams l="710" t="261" r="738" b="294"> </charParams>
<charParams l="739" t="261" r="767" b="294" charConfidence="39">T</charParams>
<charParams l="770" t="270" r="785" b="292" charConfidence="28">a</charParams>
<charParams l="789" t="271" r="807" b="293" suspicious="1" charConfidence="37">n</charParams>
<charParams l="809" t="268" r="820" b="293" charConfidence="39">t</charParams>
<charParams l="823" t="271" r="835" b="294" charConfidence="28">e</charParams>
<charParams l="836" t="270" r="866" b="294"> </charParams>
<charParams l="867" t="270" r="878" b="294" charConfidence="27">t</charParams>
<charParams l="880" t="273" r="894" b="294" charConfidence="100">r</charParams>
<charParams l="897" t="273" r="911" b="294" charConfidence="30">a</charParams>
<charParams l="914" t="264" r="929" b="301" charConfidence="75">f</charParams>
<charParams l="927" t="273" r="939" b="295" charConfidence="26">e</charParams>
<charParams l="943" t="273" r="959" b="295" charConfidence="71">n</charParams>
<charParams l="962" t="287" r="970" b="295" charConfidence="91">.</charParams></formatting></line>
<line baseline="351" l="194" t="315" r="971" b="362"><formatting lang="OldGerman">
<charParams l="194" t="321" r="225" b="360" charConfidence="28">H</charParams>
<charParams l="229" t="323" r="246" b="354" charConfidence="22">ü</charParams>
<charParams l="250" t="323" r="265" b="354" charConfidence="97">b</charParams>
<charParams l="268" t="323" r="282" b="362" charConfidence="100">s</charParams>
<charParams l="279" t="324" r="306" b="361" charConfidence="100">c</charParams>
<charParams l="279" t="324" r="306" b="361" charConfidence="100">h</charParams>
<charParams l="307" t="324" r="329" b="361"> </charParams>
<charParams l="330" t="324" r="340" b="353" charConfidence="100">i</charParams>
<charParams l="342" t="323" r="362" b="361" charConfidence="33">s</charParams>
<charParams l="342" t="323" r="362" b="361" charConfidence="33">t</charParams>
<charParams l="363" t="321" r="378" b="361"> </charParams>
<charParams l="379" t="321" r="397" b="359" charConfidence="50">s</charParams>
<charParams l="379" t="321" r="397" b="359" charConfidence="50">i</charParams>
<charParams l="399" t="327" r="412" b="350" charConfidence="36">e</charParams>
<charParams l="420" t="341" r="428" b="355" charConfidence="67">,</charParams>
<charParams l="429" t="318" r="450" b="355"> </charParams>
<charParams l="451" t="318" r="467" b="349" charConfidence="59">b</charParams>
<charParams l="470" t="325" r="482" b="347" charConfidence="27">e</charParams>
<charParams l="485" t="317" r="498" b="354" charConfidence="100">s</charParams>
<charParams l="496" t="325" r="511" b="347" charConfidence="65">o</charParams>
<charParams l="514" t="324" r="531" b="347" charConfidence="36">n</charParams>
<charParams l="535" t="319" r="550" b="347" charConfidence="26">d</charParams>
<charParams l="553" t="325" r="565" b="347" charConfidence="25">e</charParams>
<charParams l="568" t="324" r="581" b="348" charConfidence="100">r</charParams>
<charParams l="584" t="320" r="604" b="348" charConfidence="55">s</charParams>
<charParams l="605" t="315" r="616" b="355" suspicious="1"> </charParams>
<charParams l="617" t="315" r="634" b="355" suspicious="1" charConfidence="95">h</charParams>
<charParams l="638" t="325" r="653" b="347" charConfidence="24">a</charParams>
<charParams l="657" t="321" r="668" b="348" charConfidence="53">t</charParams>
<charParams l="669" t="318" r="684" b="356"> </charParams>
<charParams l="685" t="318" r="704" b="356" charConfidence="81">s</charParams>
<charParams l="685" t="318" r="704" b="356" charConfidence="81">i</charParams>
<charParams l="706" t="328" r="719" b="351" charConfidence="26">e</charParams>
<charParams l="720" t="321" r="735" b="358"> </charParams>
<charParams l="736" t="321" r="750" b="358" charConfidence="100">s</charParams>
<charParams l="748" t="321" r="775" b="359" charConfidence="66">c</charParams>
<charParams l="748" t="321" r="775" b="359" charConfidence="66">h</charParams>
<charParams l="778" t="321" r="793" b="353" charConfidence="22">ö</charParams>
<charParams l="797" t="331" r="814" b="353" charConfidence="27">n</charParams>
<charParams l="818" t="331" r="831" b="354" charConfidence="26">e</charParams>
<charParams l="832" t="321" r="847" b="354"> </charParams>
<charParams l="848" t="321" r="875" b="354" charConfidence="30">A</charParams>
<charParams l="878" t="331" r="894" b="354" charConfidence="58">u</charParams>
<charParams l="897" t="331" r="913" b="361" charConfidence="27">g</charParams>
<charParams l="917" t="332" r="929" b="354" charConfidence="35">e</charParams>
<charParams l="932" t="332" r="949" b="354" charConfidence="100">n</charParams>
<charParams l="961" t="333" r="971" b="361" charConfidence="34">;</charParams></formatting></line>
<line baseline="409" l="194" t="376" r="972" b="419"><formatting lang="OldGerman">
<charParams l="194" t="391" r="211" b="413" charConfidence="54">a</charParams>
<charParams l="215" t="383" r="231" b="414" charConfidence="58">b</charParams>
<charParams l="234" t="391" r="246" b="412" charConfidence="73">e</charParams>
<charParams l="249" t="392" r="263" b="413" charConfidence="34">r</charParams>
<charParams l="264" t="383" r="290" b="413"> </charParams>
<charParams l="291" t="383" r="300" b="412" charConfidence="25">i</charParams>
<charParams l="303" t="382" r="330" b="417" charConfidence="68">c</charParams>
<charParams l="303" t="382" r="330" b="417" charConfidence="68">h</charParams>
<charParams l="331" t="382" r="352" b="417"> </charParams>
<charParams l="353" t="387" r="379" b="410" charConfidence="25">w</charParams>
<charParams l="383" t="378" r="400" b="408" charConfidence="22">ü</charParams>
<charParams l="403" t="378" r="419" b="413" charConfidence="28">ß</charParams>
<charParams l="422" t="384" r="432" b="408" charConfidence="26">t</charParams>
<charParams l="433" t="386" r="448" b="407" charConfidence="72">e</charParams>
<charParams l="449" t="378" r="471" b="407"> </charParams>
<charParams l="472" t="378" r="487" b="405" charConfidence="28">d</charParams>
<charParams l="491" t="384" r="505" b="405" charConfidence="44">o</charParams>
<charParams l="509" t="376" r="536" b="411" charConfidence="74">c</charParams>
<charParams l="509" t="376" r="536" b="411" charConfidence="74">h</charParams>
<charParams l="537" t="376" r="560" b="411"> </charParams>
<charParams l="561" t="385" r="577" b="406" charConfidence="42">n</charParams>
<charParams l="581" t="377" r="589" b="406" charConfidence="78">i</charParams>
<charParams l="592" t="376" r="618" b="413" charConfidence="79">c</charParams>
<charParams l="592" t="376" r="618" b="413" charConfidence="79">h</charParams>
<charParams l="621" t="381" r="633" b="406" charConfidence="70">t</charParams>
<charParams l="638" t="397" r="648" b="413" charConfidence="100">,</charParams>
<charParams l="649" t="380" r="686" b="413"> </charParams>
<charParams l="687" t="380" r="703" b="408" charConfidence="40">d</charParams>
<charParams l="706" t="388" r="722" b="408" charConfidence="43">a</charParams>
<charParams l="725" t="380" r="742" b="415" charConfidence="28">ß</charParams>
<charParams l="743" t="380" r="765" b="419"> </charParams>
<charParams l="766" t="381" r="785" b="419" charConfidence="51">s</charParams>
<charParams l="766" t="381" r="785" b="419" charConfidence="51">i</charParams>
<charParams l="786" t="390" r="800" b="412" charConfidence="30">e</charParams>
<charParams l="801" t="385" r="822" b="412"> </charParams>
<charParams l="823" t="385" r="839" b="412" charConfidence="29">d</charParams>
<charParams l="842" t="391" r="855" b="413" charConfidence="34">e</charParams>
<charParams l="857" t="391" r="876" b="413" charConfidence="64">n</charParams>
<charParams l="877" t="391" r="898" b="414"> </charParams>
<charParams l="899" t="391" r="927" b="414" charConfidence="100">m</charParams>
<charParams l="931" t="385" r="939" b="414" charConfidence="59">i</charParams>
<charParams l="942" t="391" r="959" b="414" charConfidence="25">n</charParams>
<charParams l="962" t="395" r="972" b="410" charConfidence="22">¬</charParams></formatting></line>
<line baseline="468" l="195" t="434" r="873" b="478"><formatting lang="OldGerman">
<charParams l="195" t="444" r="210" b="471" charConfidence="27">d</charParams>
<charParams l="214" t="449" r="226" b="471" charConfidence="25">e</charParams>
<charParams l="229" t="441" r="249" b="478" charConfidence="32">s</charParams>
<charParams l="229" t="441" r="249" b="478" charConfidence="32">t</charParams>
<charParams l="251" t="448" r="263" b="471" charConfidence="25">e</charParams>
<charParams l="266" t="448" r="284" b="470" charConfidence="39">n</charParams>
<charParams l="285" t="437" r="307" b="470"> </charParams>
<charParams l="308" t="437" r="334" b="470" charConfidence="26">E</charParams>
<charParams l="337" t="439" r="345" b="468" charConfidence="26">i</charParams>
<charParams l="348" t="445" r="365" b="469" charConfidence="43">n</charParams>
<charParams l="369" t="440" r="384" b="468" charConfidence="26">d</charParams>
<charParams l="388" t="445" r="401" b="468" charConfidence="46">r</charParams>
<charParams l="403" t="445" r="420" b="467" charConfidence="42">u</charParams>
<charParams l="424" t="437" r="448" b="467" charConfidence="22">c</charParams>
<charParams l="424" t="437" r="448" b="467" charConfidence="22">k</charParams>
<charParams l="449" t="437" r="470" b="467"> </charParams>
<charParams l="471" t="444" r="486" b="466" charConfidence="27">a</charParams>
<charParams l="490" t="443" r="506" b="467" charConfidence="52">u</charParams>
<charParams l="510" t="434" r="525" b="472" charConfidence="100">f</charParams>
<charParams l="526" t="434" r="543" b="472"> </charParams>
<charParams l="544" t="443" r="571" b="466" charConfidence="55">m</charParams>
<charParams l="576" t="436" r="584" b="467" charConfidence="40">i</charParams>
<charParams l="586" t="436" r="613" b="473" charConfidence="100">c</charParams>
<charParams l="586" t="436" r="613" b="473" charConfidence="100">h</charParams>
<charParams l="614" t="436" r="635" b="473"> </charParams>
<charParams l="636" t="443" r="653" b="473" charConfidence="40">g</charParams>
<charParams l="656" t="444" r="668" b="467" charConfidence="32">e</charParams>
<charParams l="671" t="443" r="698" b="468" charConfidence="100">m</charParams>
<charParams l="702" t="446" r="716" b="468" charConfidence="100">a</charParams>
<charParams l="721" t="439" r="747" b="476" charConfidence="60">c</charParams>
<charParams l="721" t="439" r="747" b="476" charConfidence="60">h</charParams>
<charParams l="751" t="444" r="762" b="469" charConfidence="46">t</charParams>
<charParams l="763" t="439" r="783" b="477"> </charParams>
<charParams l="784" t="439" r="802" b="477" suspicious="1" charConfidence="32">h</charParams>
<charParams l="805" t="439" r="821" b="470" charConfidence="56">ä</charParams>
<charParams l="825" t="446" r="834" b="470" charConfidence="100">t</charParams>
<charParams l="837" t="446" r="848" b="471" charConfidence="31">t</charParams>
<charParams l="850" t="448" r="863" b="470" charConfidence="54">e</charParams>
<charParams l="863" t="462" r="873" b="471" charConfidence="62">.</charParams></formatting></line></par>
<par align="Justified" startIndent="1968" lineSpacing="1440">
<line baseline="593" l="258" t="559" r="970" b="603"><formatting lang="OldGerman">
<charParams l="258" t="560" r="292" b="594" charConfidence="81">D</charParams>
<charParams l="296" t="570" r="311" b="593" charConfidence="38">a</charParams>
<charParams l="315" t="564" r="330" b="593" charConfidence="-1">s</charParams>
<charParams l="331" t="562" r="361" b="593"> </charParams>
<charParams l="362" t="562" r="369" b="593" charConfidence="100">I</charParams>
<charParams l="373" t="561" r="393" b="602" charConfidence="40">s</charParams>
<charParams l="373" t="561" r="393" b="602" charConfidence="40">t</charParams>
<charParams l="394" t="559" r="423" b="602"> </charParams>
<charParams l="424" t="559" r="436" b="594" charConfidence="24">l</charParams>
<charParams l="436" t="560" r="450" b="593" charConfidence="26">ö</charParams>
<charParams l="454" t="559" r="468" b="593" charConfidence="26">b</charParams>
<charParams l="473" t="561" r="481" b="593" charConfidence="59">l</charParams>
<charParams l="484" t="561" r="491" b="592" charConfidence="100">i</charParams>
<charParams l="494" t="561" r="521" b="600" charConfidence="100">c</charParams>
<charParams l="494" t="561" r="521" b="600" charConfidence="100">h</charParams>
<charParams l="522" t="561" r="553" b="600"> </charParams>
<charParams l="554" t="570" r="569" b="592" charConfidence="32">a</charParams>
<charParams l="573" t="569" r="590" b="593" charConfidence="60">n</charParams>
<charParams l="591" t="562" r="614" b="593"> </charParams>
<charParams l="615" t="562" r="630" b="592" charConfidence="26">d</charParams>
<charParams l="634" t="560" r="641" b="592" charConfidence="36">i</charParams>
<charParams l="645" t="569" r="658" b="592" charConfidence="48">r</charParams>
<charParams l="665" t="584" r="675" b="600" charConfidence="99">,</charParams>
<charParams l="676" t="559" r="712" b="600"> </charParams>
<charParams l="713" t="559" r="726" b="598" charConfidence="100">s</charParams>
<charParams l="724" t="570" r="739" b="592" charConfidence="100">a</charParams>
<charParams l="742" t="569" r="758" b="600" charConfidence="67">g</charParams>
<charParams l="762" t="565" r="772" b="592" charConfidence="38">t</charParams>
<charParams l="775" t="569" r="787" b="593" charConfidence="34">e</charParams>
<charParams l="788" t="559" r="810" b="594"> </charParams>
<charParams l="811" t="559" r="835" b="594" charConfidence="46">C</charParams>
<charParams l="838" t="560" r="854" b="603" charConfidence="79">h</charParams>
<charParams l="858" t="569" r="873" b="592" charConfidence="100">a</charParams>
<charParams l="877" t="570" r="890" b="593" charConfidence="100">r</charParams>
<charParams l="893" t="562" r="902" b="593" charConfidence="100">l</charParams>
<charParams l="904" t="571" r="918" b="593" charConfidence="74">o</charParams>
<charParams l="921" t="566" r="932" b="594" charConfidence="91">t</charParams>
<charParams l="935" t="567" r="945" b="594" charConfidence="34">t</charParams>
<charParams l="948" t="571" r="961" b="594" charConfidence="24">e</charParams>
<charParams l="961" t="585" r="970" b="600" charConfidence="69">,</charParams></formatting></line>
<line baseline="656" l="194" t="624" r="971" b="665"><formatting lang="OldGerman">
<charParams l="194" t="627" r="210" b="657" charConfidence="27">d</charParams>
<charParams l="214" t="633" r="226" b="657" charConfidence="26">e</charParams>
<charParams l="228" t="633" r="245" b="656" charConfidence="35">n</charParams>
<charParams l="249" t="633" r="267" b="657" suspicious="1" charConfidence="43">n</charParams>
<charParams l="268" t="625" r="289" b="657"> </charParams>
<charParams l="290" t="625" r="299" b="656" charConfidence="100">i</charParams>
<charParams l="302" t="625" r="329" b="663" charConfidence="93">c</charParams>
<charParams l="302" t="625" r="329" b="663" charConfidence="93">h</charParams>
<charParams l="330" t="625" r="351" b="663"> </charParams>
<charParams l="352" t="632" r="378" b="657" charConfidence="25">w</charParams>
<charParams l="382" t="633" r="397" b="656" charConfidence="30">a</charParams>
<charParams l="401" t="632" r="414" b="656" charConfidence="100">r</charParams>
<charParams l="415" t="626" r="428" b="663"> </charParams>
<charParams l="429" t="626" r="438" b="663" charConfidence="60">j</charParams>
<charParams l="442" t="632" r="457" b="656" charConfidence="68">a</charParams>
<charParams l="458" t="632" r="475" b="664"> </charParams>
<charParams l="476" t="633" r="492" b="664" charConfidence="34">g</charParams>
<charParams l="497" t="634" r="508" b="656" charConfidence="27">e</charParams>
<charParams l="510" t="633" r="526" b="663" charConfidence="55">g</charParams>
<charParams l="531" t="633" r="542" b="656" charConfidence="25">e</charParams>
<charParams l="545" t="632" r="562" b="656" charConfidence="100">n</charParams>
<charParams l="566" t="632" r="591" b="656" charConfidence="24">w</charParams>
<charParams l="594" t="624" r="609" b="656" charConfidence="22">ä</charParams>
<charParams l="613" t="633" r="625" b="656" charConfidence="24">r</charParams>
<charParams l="629" t="631" r="638" b="656" charConfidence="100">t</charParams>
<charParams l="642" t="625" r="648" b="654" charConfidence="100">i</charParams>
<charParams l="651" t="633" r="668" b="663" charConfidence="59">g</charParams>
<charParams l="677" t="633" r="685" b="663" charConfidence="33">;</charParams>
<charParams l="686" t="633" r="709" b="663"> </charParams>
<charParams l="710" t="634" r="727" b="657" charConfidence="26">u</charParams>
<charParams l="731" t="633" r="748" b="657" charConfidence="100">n</charParams>
<charParams l="752" t="628" r="767" b="657" charConfidence="30">d</charParams>
<charParams l="768" t="628" r="785" b="657"> </charParams>
<charParams l="786" t="634" r="800" b="657" charConfidence="51">o</charParams>
<charParams l="804" t="624" r="819" b="657" charConfidence="27">b</charParams>
<charParams l="820" t="624" r="836" b="664"> </charParams>
<charParams l="837" t="625" r="855" b="664" charConfidence="82">s</charParams>
<charParams l="837" t="625" r="855" b="664" charConfidence="82">i</charParams>
<charParams l="858" t="634" r="870" b="656" charConfidence="65">e</charParams>
<charParams l="871" t="634" r="887" b="665"> </charParams>
<charParams l="888" t="635" r="904" b="665" charConfidence="37">g</charParams>
<charParams l="908" t="627" r="915" b="657" charConfidence="80">l</charParams>
<charParams l="919" t="635" r="930" b="657" suspicious="1" charConfidence="27">c</charParams>
<charParams l="933" t="627" r="941" b="656" charConfidence="32">i</charParams>
<charParams l="944" t="626" r="971" b="665" charConfidence="0">c</charParams>
<charParams l="944" t="626" r="971" b="665" suspicious="1" charConfidence="0">h</charParams></formatting></line>
<line baseline="718" l="194" t="686" r="973" b="727"><formatting lang="OldGerman">
<charParams l="194" t="696" r="212" b="718" charConfidence="35">v</charParams>
<charParams l="215" t="688" r="223" b="718" charConfidence="100">i</charParams>
<charParams l="226" t="695" r="238" b="718" charConfidence="28">e</charParams>
<charParams l="242" t="688" r="249" b="718" charConfidence="62">l</charParams>
<charParams l="250" t="688" r="269" b="725"> </charParams>
<charParams l="270" t="688" r="280" b="725" charConfidence="54">j</charParams>
<charParams l="283" t="686" r="300" b="718" charConfidence="22">ü</charParams>
<charParams l="304" t="695" r="320" b="718" charConfidence="73">n</charParams>
<charParams l="322" t="696" r="338" b="725" charConfidence="54">g</charParams>
<charParams l="343" t="695" r="355" b="718" charConfidence="33">e</charParams>
<charParams l="358" t="695" r="370" b="718" charConfidence="28">r</charParams>
<charParams l="371" t="688" r="394" b="718"> </charParams>
<charParams l="395" t="688" r="402" b="718" charConfidence="100">i</charParams>
<charParams l="406" t="687" r="426" b="727" charConfidence="31">s</charParams>
<charParams l="406" t="687" r="426" b="727" charConfidence="31">t</charParams>
<charParams l="427" t="687" r="448" b="727"> </charParams>
<charParams l="449" t="695" r="464" b="718" charConfidence="27">a</charParams>
<charParams l="469" t="688" r="477" b="718" charConfidence="57">l</charParams>
<charParams l="480" t="691" r="495" b="718" suspicious="1" charConfidence="96">s</charParams>
<charParams l="496" t="687" r="519" b="718"> </charParams>
<charParams l="520" t="687" r="528" b="717" suspicious="1" charConfidence="29">i</charParams>
<charParams l="531" t="687" r="558" b="724" charConfidence="57">c</charParams>
<charParams l="531" t="687" r="558" b="724" suspicious="1" charConfidence="57">h</charParams>
<charParams l="567" t="709" r="575" b="723" charConfidence="71">,</charParams>
<charParams l="576" t="687" r="609" b="724"> </charParams>
<charParams l="610" t="687" r="623" b="724" charConfidence="50">s</charParams>
<charParams l="621" t="696" r="636" b="718" charConfidence="34">o</charParams>
<charParams l="637" t="686" r="657" b="725"> </charParams>
<charParams l="658" t="686" r="675" b="725" suspicious="1" charConfidence="72">h</charParams>
<charParams l="678" t="696" r="695" b="718" charConfidence="32">a</charParams>
<charParams l="698" t="693" r="709" b="718" charConfidence="32">t</charParams>
<charParams l="711" t="693" r="721" b="718" charConfidence="77">t</charParams>
<charParams l="724" t="696" r="737" b="718" charConfidence="37">e</charParams>
<charParams l="738" t="690" r="758" b="719"> </charParams>
<charParams l="759" t="690" r="775" b="719" charConfidence="30">d</charParams>
<charParams l="780" t="696" r="794" b="718" charConfidence="44">o</charParams>
<charParams l="797" t="688" r="824" b="726" charConfidence="56">c</charParams>
<charParams l="797" t="688" r="824" b="726" charConfidence="56">h</charParams>
<charParams l="825" t="688" r="847" b="726"> </charParams>
<charParams l="848" t="690" r="864" b="719" charConfidence="29">d</charParams>
<charParams l="869" t="689" r="876" b="719" charConfidence="54">i</charParams>
<charParams l="880" t="697" r="892" b="719" charConfidence="28">e</charParams>
<charParams l="893" t="686" r="912" b="722"> </charParams>
<charParams l="913" t="686" r="945" b="722" charConfidence="22">G</charParams>
<charParams l="949" t="696" r="961" b="719" charConfidence="28">e</charParams>
<charParams l="964" t="699" r="973" b="714" charConfidence="22">¬</charParams></formatting></line>
<line baseline="779" l="192" t="745" r="973" b="790"><formatting lang="OldGerman">
<charParams l="192" t="756" r="211" b="786" charConfidence="26">g</charParams>
<charParams l="214" t="756" r="226" b="779" charConfidence="26">e</charParams>
<charParams l="229" t="757" r="246" b="779" charConfidence="75">n</charParams>
<charParams l="248" t="755" r="274" b="779" charConfidence="54">w</charParams>
<charParams l="278" t="756" r="293" b="779" charConfidence="77">a</charParams>
<charParams l="297" t="756" r="309" b="778" charConfidence="23">r</charParams>
<charParams l="313" t="753" r="323" b="779" charConfidence="30">t</charParams>
<charParams l="324" t="751" r="352" b="779"> </charParams>
<charParams l="353" t="751" r="368" b="779" charConfidence="27">d</charParams>
<charParams l="372" t="757" r="383" b="779" charConfidence="33">e</charParams>
<charParams l="387" t="756" r="400" b="779" charConfidence="28">r</charParams>
<charParams l="401" t="747" r="430" b="779"> </charParams>
<charParams l="431" t="747" r="448" b="779" charConfidence="54">ä</charParams>
<charParams l="452" t="750" r="459" b="779" charConfidence="73">l</charParams>
<charParams l="462" t="754" r="473" b="778" charConfidence="41">t</charParams>
<charParams l="475" t="757" r="487" b="779" charConfidence="29">e</charParams>
<charParams l="490" t="756" r="503" b="778" charConfidence="100">r</charParams>
<charParams l="505" t="756" r="523" b="779" charConfidence="100">n</charParams>
<charParams l="524" t="745" r="546" b="784"> </charParams>
<charParams l="547" t="745" r="570" b="784" charConfidence="46">F</charParams>
<charParams l="573" t="756" r="585" b="778" charConfidence="63">r</charParams>
<charParams l="588" t="755" r="600" b="778" charConfidence="26">e</charParams>
<charParams l="603" t="756" r="619" b="779" charConfidence="53">u</charParams>
<charParams l="623" t="756" r="639" b="778" charConfidence="70">n</charParams>
<charParams l="643" t="750" r="658" b="778" charConfidence="29">d</charParams>
<charParams l="663" t="749" r="670" b="778" charConfidence="76">i</charParams>
<charParams l="673" t="755" r="690" b="778" charConfidence="54">n</charParams>
<charParams l="694" t="756" r="712" b="779" charConfidence="25">n</charParams>
<charParams l="713" t="748" r="740" b="786"> </charParams>
<charParams l="741" t="748" r="754" b="786" charConfidence="69">s</charParams>
<charParams l="753" t="757" r="767" b="779" charConfidence="39">o</charParams>
<charParams l="768" t="757" r="789" b="780"> </charParams>
<charParams l="790" t="758" r="808" b="780" charConfidence="100">v</charParams>
<charParams l="812" t="750" r="819" b="779" charConfidence="39">i</charParams>
<charParams l="823" t="757" r="835" b="779" charConfidence="36">e</charParams>
<charParams l="838" t="750" r="845" b="780" charConfidence="100">l</charParams>
<charParams l="848" t="757" r="861" b="779" charConfidence="31">e</charParams>
<charParams l="862" t="746" r="883" b="780"> </charParams>
<charParams l="884" t="746" r="916" b="780" charConfidence="33">R</charParams>
<charParams l="919" t="758" r="930" b="780" charConfidence="45">e</charParams>
<charParams l="932" t="750" r="942" b="780" charConfidence="24">i</charParams>
<charParams l="944" t="756" r="956" b="790" charConfidence="25">z</charParams>
<charParams l="959" t="757" r="973" b="781" charConfidence="55">e</charParams></formatting></line>
<line baseline="839" l="193" t="806" r="972" b="846"><formatting lang="OldGerman">
<charParams l="193" t="806" r="209" b="843" charConfidence="42">f</charParams>
<charParams l="208" t="806" r="225" b="837" charConfidence="100">ü</charParams>
<charParams l="228" t="815" r="241" b="838" charConfidence="34">r</charParams>
<charParams l="242" t="809" r="270" b="838"> </charParams>
<charParams l="271" t="809" r="288" b="838" charConfidence="29">d</charParams>
<charParams l="292" t="808" r="299" b="838" charConfidence="51">i</charParams>
<charParams l="302" t="808" r="328" b="843" charConfidence="91">c</charParams>
<charParams l="302" t="808" r="328" b="843" charConfidence="91">h</charParams>
<charParams l="336" t="828" r="347" b="843" charConfidence="91">,</charParams>
<charParams l="348" t="810" r="387" b="843"> </charParams>
<charParams l="388" t="810" r="403" b="838" charConfidence="28">d</charParams>
<charParams l="406" t="816" r="422" b="838" charConfidence="76">a</charParams>
<charParams l="425" t="808" r="442" b="844" charConfidence="27">ß</charParams>
<charParams l="443" t="808" r="473" b="844"> </charParams>
<charParams l="474" t="810" r="489" b="838" charConfidence="27">d</charParams>
<charParams l="492" t="816" r="510" b="839" suspicious="1" charConfidence="74">u</charParams>
<charParams l="521" t="825" r="528" b="831" suspicious="1" charConfidence="100">-</charParams>
<charParams l="542" t="807" r="560" b="838" charConfidence="30">ü</charParams>
<charParams l="564" t="807" r="578" b="838" charConfidence="47">b</charParams>
<charParams l="582" t="816" r="595" b="839" charConfidence="32">e</charParams>
<charParams l="597" t="816" r="611" b="838" charConfidence="42">r</charParams>
<charParams l="612" t="810" r="632" b="839"> </charParams>
<charParams l="633" t="810" r="649" b="839" charConfidence="40">d</charParams>
<charParams l="653" t="809" r="660" b="839" charConfidence="38">i</charParams>
<charParams l="664" t="816" r="677" b="839" charConfidence="30">e</charParams>
<charParams l="678" t="816" r="698" b="839"> </charParams>
<charParams l="699" t="817" r="715" b="839" charConfidence="27">a</charParams>
<charParams l="719" t="817" r="736" b="840" charConfidence="35">u</charParams>
<charParams l="738" t="808" r="752" b="845" charConfidence="30">f</charParams>
<charParams l="752" t="808" r="768" b="841" charConfidence="46">b</charParams>
<charParams l="771" t="809" r="780" b="840" charConfidence="93">l</charParams>
<charParams l="782" t="807" r="799" b="840" charConfidence="68">ü</charParams>
<charParams l="803" t="808" r="820" b="846" charConfidence="74">h</charParams>
<charParams l="824" t="817" r="836" b="840" charConfidence="30">e</charParams>
<charParams l="839" t="817" r="855" b="840" charConfidence="77">n</charParams>
<charParams l="859" t="811" r="874" b="839" charConfidence="30">d</charParams>
<charParams l="878" t="817" r="891" b="840" charConfidence="26">e</charParams>
<charParams l="892" t="817" r="912" b="840"> </charParams>
<charParams l="913" t="818" r="930" b="840" charConfidence="70">v</charParams>
<charParams l="935" t="818" r="946" b="840" charConfidence="100">e</charParams>
<charParams l="949" t="817" r="961" b="840" charConfidence="30">r</charParams>
<charParams l="963" t="821" r="972" b="835" charConfidence="100">¬</charParams></formatting></line>
<line baseline="896" l="193" t="864" r="972" b="906"><formatting lang="OldGerman">
<charParams l="193" t="865" r="208" b="902" charConfidence="64">s</charParams>
<charParams l="206" t="873" r="223" b="902" charConfidence="46">p</charParams>
<charParams l="226" t="873" r="238" b="894" charConfidence="32">r</charParams>
<charParams l="241" t="873" r="253" b="895" charConfidence="26">e</charParams>
<charParams l="255" t="865" r="282" b="900" charConfidence="81">c</charParams>
<charParams l="255" t="865" r="282" b="900" charConfidence="81">h</charParams>
<charParams l="285" t="872" r="297" b="894" charConfidence="100">e</charParams>
<charParams l="300" t="871" r="317" b="894" charConfidence="28">n</charParams>
<charParams l="321" t="867" r="336" b="893" charConfidence="27">d</charParams>
<charParams l="339" t="872" r="353" b="895" charConfidence="26">e</charParams>
<charParams l="354" t="864" r="375" b="895"> </charParams>
<charParams l="376" t="864" r="411" b="895" charConfidence="28">S</charParams>
<charParams l="414" t="866" r="441" b="901" charConfidence="85">c</charParams>
<charParams l="414" t="866" r="441" b="901" charConfidence="85">h</charParams>
<charParams l="444" t="866" r="459" b="895" charConfidence="22">ö</charParams>
<charParams l="462" t="874" r="479" b="895" charConfidence="49">n</charParams>
<charParams l="483" t="865" r="500" b="900" charConfidence="37">h</charParams>
<charParams l="503" t="874" r="516" b="896" charConfidence="45">e</charParams>
<charParams l="518" t="867" r="527" b="895" charConfidence="56">i</charParams>
<charParams l="530" t="871" r="541" b="895" charConfidence="67">t</charParams>
<charParams l="542" t="866" r="554" b="903"> </charParams>
<charParams l="555" t="866" r="573" b="903" charConfidence="38">h</charParams>
<charParams l="576" t="867" r="585" b="896" charConfidence="44">i</charParams>
<charParams l="588" t="875" r="605" b="896" charConfidence="47">n</charParams>
<charParams l="608" t="875" r="623" b="896" charConfidence="89">a</charParams>
<charParams l="626" t="875" r="644" b="897" charConfidence="41">u</charParams>
<charParams l="646" t="870" r="663" b="897" charConfidence="51">s</charParams>
<charParams l="666" t="868" r="679" b="902" charConfidence="42">s</charParams>
<charParams l="676" t="876" r="691" b="896" suspicious="1" charConfidence="26">ä</charParams>
<charParams l="696" t="867" r="713" b="904" charConfidence="36">h</charParams>
<charParams l="717" t="876" r="729" b="897" charConfidence="27">e</charParams>
<charParams l="732" t="869" r="754" b="904" charConfidence="29">s</charParams>
<charParams l="732" t="869" r="754" b="904" charConfidence="29">t</charParams>
<charParams l="752" t="889" r="762" b="897" charConfidence="100">.</charParams>
<charParams l="763" t="866" r="808" b="898"> </charParams>
<charParams l="809" t="866" r="836" b="898" charConfidence="62">E</charParams>
<charParams l="836" t="870" r="854" b="897" charConfidence="100">S</charParams>
<charParams l="855" t="870" r="869" b="904"> </charParams>
<charParams l="870" t="876" r="888" b="904" charConfidence="28">g</charParams>
<charParams l="891" t="876" r="903" b="897" charConfidence="28">e</charParams>
<charParams l="906" t="867" r="922" b="906" charConfidence="71">h</charParams>
<charParams l="926" t="868" r="940" b="897" charConfidence="100">ö</charParams>
<charParams l="944" t="876" r="958" b="898" charConfidence="29">r</charParams>
<charParams l="960" t="873" r="972" b="898" charConfidence="55">t</charParams></formatting></line>
<line baseline="954" l="193" t="920" r="969" b="966"><formatting lang="OldGerman">
<charParams l="193" t="932" r="211" b="955" charConfidence="29">a</charParams>
<charParams l="214" t="932" r="231" b="955" charConfidence="33">u</charParams>
<charParams l="234" t="923" r="260" b="961" charConfidence="67">c</charParams>
<charParams l="234" t="923" r="260" b="961" charConfidence="67">h</charParams>
<charParams l="261" t="923" r="284" b="961"> </charParams>
<charParams l="285" t="925" r="300" b="955" charConfidence="27">d</charParams>
<charParams l="305" t="925" r="312" b="955" charConfidence="85">i</charParams>
<charParams l="315" t="932" r="327" b="955" charConfidence="26">e</charParams>
<charParams l="330" t="923" r="345" b="961" charConfidence="28">ß</charParams>
<charParams l="346" t="923" r="368" b="964"> </charParams>
<charParams l="369" t="930" r="380" b="964" charConfidence="29">z</charParams>
<charParams l="384" t="930" r="401" b="954" charConfidence="29">u</charParams>
<charParams l="402" t="925" r="424" b="954"> </charParams>
<charParams l="425" t="925" r="440" b="953" charConfidence="27">d</charParams>
<charParams l="444" t="930" r="456" b="953" charConfidence="26">e</charParams>
<charParams l="459" t="923" r="467" b="952" charConfidence="45">i</charParams>
<charParams l="470" t="930" r="487" b="952" charConfidence="100">n</charParams>
<charParams l="491" t="931" r="502" b="953" charConfidence="25">e</charParams>
<charParams l="506" t="930" r="518" b="952" charConfidence="24">r</charParams>
<charParams l="519" t="921" r="541" b="954"> </charParams>
<charParams l="542" t="921" r="568" b="954" charConfidence="38">A</charParams>
<charParams l="571" t="931" r="584" b="952" charConfidence="92">r</charParams>
<charParams l="587" t="920" r="598" b="953" charConfidence="25">t</charParams>
<charParams l="599" t="920" r="618" b="963"> </charParams>
<charParams l="619" t="930" r="631" b="963" charConfidence="46">z</charParams>
<charParams l="635" t="932" r="652" b="953" charConfidence="35">u</charParams>
<charParams l="653" t="923" r="675" b="960"> </charParams>
<charParams l="676" t="923" r="690" b="960" charConfidence="94">s</charParams>
<charParams l="688" t="932" r="700" b="954" charConfidence="31">e</charParams>
<charParams l="702" t="931" r="718" b="962" charConfidence="28">y</charParams>
<charParams l="721" t="932" r="738" b="954" charConfidence="80">n</charParams>
<charParams l="746" t="945" r="757" b="961" charConfidence="85">,</charParams>
<charParams l="758" t="926" r="787" b="961"> </charParams>
<charParams l="788" t="926" r="804" b="955" charConfidence="26">d</charParams>
<charParams l="807" t="932" r="820" b="956" charConfidence="31">e</charParams>
<charParams l="822" t="927" r="838" b="956" charConfidence="100">s</charParams>
<charParams l="841" t="924" r="857" b="964" charConfidence="96">h</charParams>
<charParams l="861" t="934" r="876" b="957" charConfidence="26">a</charParams>
<charParams l="880" t="927" r="889" b="957" charConfidence="51">l</charParams>
<charParams l="891" t="926" r="907" b="957" charConfidence="39">b</charParams>
<charParams l="908" t="926" r="929" b="958"> </charParams>
<charParams l="930" t="927" r="940" b="958" charConfidence="30">i</charParams>
<charParams l="943" t="927" r="969" b="966" charConfidence="57">c</charParams>
<charParams l="943" t="927" r="969" b="966" charConfidence="57">h</charParams></formatting></line>
<line baseline="1016" l="195" t="982" r="761" b="1025"><formatting lang="OldGerman">
<charParams l="195" t="986" r="208" b="1025" charConfidence="100">s</charParams>
<charParams l="207" t="995" r="222" b="1016" charConfidence="41">o</charParams>
<charParams l="223" t="995" r="244" b="1025"> </charParams>
<charParams l="245" t="995" r="261" b="1025" charConfidence="25">g</charParams>
<charParams l="266" t="995" r="277" b="1018" charConfidence="29">e</charParams>
<charParams l="280" t="995" r="292" b="1017" charConfidence="54">r</charParams>
<charParams l="296" t="995" r="312" b="1018" charConfidence="24">n</charParams>
<charParams l="313" t="989" r="336" b="1018"> </charParams>
<charParams l="337" t="989" r="352" b="1017" charConfidence="26">d</charParams>
<charParams l="356" t="995" r="372" b="1017" charConfidence="29">a</charParams>
<charParams l="375" t="989" r="390" b="1017" charConfidence="100">s</charParams>
<charParams l="391" t="982" r="413" b="1017"> </charParams>
<charParams l="414" t="982" r="431" b="1017" charConfidence="38">L</charParams>
<charParams l="435" t="993" r="446" b="1016" charConfidence="30">e</charParams>
<charParams l="450" t="983" r="465" b="1016" charConfidence="41">b</charParams>
<charParams l="468" t="993" r="480" b="1015" charConfidence="26">e</charParams>
<charParams l="483" t="992" r="501" b="1015" charConfidence="34">n</charParams>
<charParams l="502" t="991" r="523" b="1015"> </charParams>
<charParams l="524" t="991" r="552" b="1015" charConfidence="68">m</charParams>
<charParams l="556" t="984" r="563" b="1015" charConfidence="90">i</charParams>
<charParams l="567" t="988" r="578" b="1015" charConfidence="64">t</charParams>
<charParams l="579" t="985" r="600" b="1015"> </charParams>
<charParams l="601" t="985" r="616" b="1015" charConfidence="29">d</charParams>
<charParams l="620" t="984" r="627" b="1015" charConfidence="-1">i</charParams>
<charParams l="631" t="992" r="644" b="1014" charConfidence="87">r</charParams>
<charParams l="645" t="988" r="666" b="1014"> </charParams>
<charParams l="667" t="988" r="677" b="1014" charConfidence="100">t</charParams>
<charParams l="681" t="982" r="697" b="1022" charConfidence="85">h</charParams>
<charParams l="701" t="992" r="713" b="1014" charConfidence="46">e</charParams>
<charParams l="716" t="984" r="724" b="1015" charConfidence="49">i</charParams>
<charParams l="727" t="984" r="735" b="1015" charConfidence="52">l</charParams>
<charParams l="737" t="991" r="750" b="1015" charConfidence="28">e</charParams>
<charParams l="752" t="1005" r="761" b="1014" charConfidence="100">.</charParams></formatting></line></par>
<par align="Justified" startIndent="1968" lineSpacing="1488">
<line baseline="1142" l="260" t="1107" r="968" b="1153"><formatting lang="OldGerman">
<charParams l="260" t="1111" r="285" b="1145" charConfidence="33">C</charParams>
<charParams l="288" t="1111" r="304" b="1153" charConfidence="68">h</charParams>
<charParams l="307" t="1121" r="323" b="1144" charConfidence="61">a</charParams>
<charParams l="325" t="1121" r="339" b="1143" charConfidence="100">r</charParams>
<charParams l="342" t="1113" r="350" b="1145" charConfidence="52">l</charParams>
<charParams l="352" t="1121" r="366" b="1144" charConfidence="43">o</charParams>
<charParams l="370" t="1117" r="380" b="1145" charConfidence="81">t</charParams>
<charParams l="383" t="1117" r="393" b="1144" charConfidence="33">t</charParams>
<charParams l="395" t="1119" r="408" b="1144" charConfidence="40">e</charParams>
<charParams l="416" t="1134" r="426" b="1149" charConfidence="88">,</charParams>
<charParams l="427" t="1110" r="470" b="1149"> </charParams>
<charParams l="471" t="1110" r="485" b="1149" charConfidence="100">s</charParams>
<charParams l="483" t="1119" r="498" b="1142" suspicious="1" charConfidence="31">o</charParams>
<charParams l="499" t="1118" r="536" b="1142"> </charParams>
<charParams l="537" t="1118" r="552" b="1141" charConfidence="36">a</charParams>
<charParams l="556" t="1118" r="573" b="1141" charConfidence="33">u</charParams>
<charParams l="576" t="1108" r="590" b="1147" charConfidence="47">f</charParams>
<charParams l="589" t="1118" r="602" b="1141" charConfidence="55">r</charParams>
<charParams l="605" t="1109" r="613" b="1141" charConfidence="33">i</charParams>
<charParams l="615" t="1108" r="641" b="1145" charConfidence="55">c</charParams>
<charParams l="615" t="1108" r="641" b="1145" charConfidence="55">h</charParams>
<charParams l="645" t="1113" r="655" b="1139" charConfidence="41">t</charParams>
<charParams l="658" t="1109" r="665" b="1139" charConfidence="47">i</charParams>
<charParams l="668" t="1116" r="684" b="1147" charConfidence="32">g</charParams>
<charParams l="685" t="1107" r="718" b="1147"> </charParams>
<charParams l="719" t="1107" r="737" b="1147" charConfidence="82">s</charParams>
<charParams l="719" t="1107" r="737" b="1147" charConfidence="82">i</charParams>
<charParams l="739" t="1115" r="752" b="1138" charConfidence="27">e</charParams>
<charParams l="753" t="1115" r="780" b="1148"> </charParams>
<charParams l="781" t="1115" r="793" b="1148" charConfidence="54">z</charParams>
<charParams l="796" t="1116" r="814" b="1140" charConfidence="31">u</charParams>
<charParams l="815" t="1109" r="845" b="1147"> </charParams>
<charParams l="846" t="1109" r="860" b="1147" charConfidence="36">s</charParams>
<charParams l="857" t="1118" r="873" b="1147" charConfidence="100">p</charParams>
<charParams l="876" t="1118" r="889" b="1141" charConfidence="25">r</charParams>
<charParams l="892" t="1119" r="904" b="1143" charConfidence="29">e</charParams>
<charParams l="907" t="1112" r="933" b="1150" charConfidence="28">c</charParams>
<charParams l="907" t="1112" r="933" b="1150" charConfidence="28">h</charParams>
<charParams l="937" t="1121" r="948" b="1143" charConfidence="33">e</charParams>
<charParams l="952" t="1121" r="968" b="1144" charConfidence="39">n</charParams></formatting></line>
<line baseline="1204" l="194" t="1169" r="971" b="1215"><formatting lang="OldGerman">
<charParams l="194" t="1174" r="210" b="1213" charConfidence="73">s</charParams>
<charParams l="208" t="1175" r="233" b="1211" charConfidence="62">c</charParams>
<charParams l="208" t="1175" r="233" b="1211" charConfidence="62">h</charParams>
<charParams l="237" t="1176" r="244" b="1206" charConfidence="33">i</charParams>
<charParams l="249" t="1183" r="260" b="1206" charConfidence="26">e</charParams>
<charParams l="263" t="1183" r="280" b="1206" charConfidence="77">n</charParams>
<charParams l="291" t="1198" r="300" b="1213" charConfidence="73">,</charParams>
<charParams l="301" t="1184" r="343" b="1213"> </charParams>
<charParams l="344" t="1184" r="362" b="1207" charConfidence="100">v</charParams>
<charParams l="366" t="1183" r="377" b="1206" charConfidence="26">e</charParams>
<charParams l="380" t="1183" r="393" b="1205" charConfidence="100">r</charParams>
<charParams l="396" t="1174" r="412" b="1215" charConfidence="100">h</charParams>
<charParams l="416" t="1184" r="429" b="1206" charConfidence="34">e</charParams>
<charParams l="431" t="1173" r="448" b="1214" charConfidence="73">h</charParams>
<charParams l="452" t="1175" r="460" b="1205" charConfidence="93">l</charParams>
<charParams l="462" t="1179" r="472" b="1204" charConfidence="26">t</charParams>
<charParams l="476" t="1182" r="488" b="1205" charConfidence="60">e</charParams>
<charParams l="489" t="1175" r="525" b="1205"> </charParams>
<charParams l="526" t="1175" r="542" b="1204" charConfidence="27">d</charParams>
<charParams l="546" t="1181" r="560" b="1204" charConfidence="46">o</charParams>
<charParams l="563" t="1173" r="590" b="1211" charConfidence="62">c</charParams>
<charParams l="563" t="1173" r="590" b="1211" charConfidence="62">h</charParams>
<charParams l="591" t="1173" r="629" b="1211"> </charParams>
<charParams l="630" t="1180" r="642" b="1203" charConfidence="28">e</charParams>
<charParams l="645" t="1177" r="655" b="1202" charConfidence="45">t</charParams>
<charParams l="656" t="1179" r="682" b="1203" charConfidence="34">w</charParams>
<charParams l="685" t="1179" r="699" b="1201" charConfidence="24">a</charParams>
<charParams l="704" t="1173" r="719" b="1201" charConfidence="100">s</charParams>
<charParams l="722" t="1193" r="730" b="1201" charConfidence="100">.</charParams>
<charParams l="731" t="1169" r="794" b="1202"> </charParams>
<charParams l="795" t="1169" r="829" b="1202" charConfidence="37">S</charParams>
<charParams l="835" t="1171" r="841" b="1202" charConfidence="100">i</charParams>
<charParams l="845" t="1180" r="857" b="1202" charConfidence="77">e</charParams>
<charParams l="858" t="1172" r="892" b="1213"> </charParams>
<charParams l="893" t="1172" r="910" b="1213" suspicious="1" charConfidence="73">h</charParams>
<charParams l="914" t="1183" r="928" b="1204" charConfidence="32">a</charParams>
<charParams l="933" t="1179" r="943" b="1204" charConfidence="57">t</charParams>
<charParams l="946" t="1180" r="956" b="1206" charConfidence="33">t</charParams>
<charParams l="959" t="1183" r="971" b="1206" charConfidence="29">e</charParams></formatting></line>
<line baseline="1267" l="194" t="1231" r="970" b="1275"><formatting lang="OldGerman">
<charParams l="194" t="1244" r="212" b="1267" charConfidence="38">n</charParams>
<charParams l="216" t="1236" r="231" b="1267" charConfidence="57">ä</charParams>
<charParams l="235" t="1244" r="261" b="1268" charConfidence="100">m</charParams>
<charParams l="266" t="1238" r="273" b="1269" charConfidence="100">l</charParams>
<charParams l="277" t="1238" r="284" b="1268" charConfidence="76">i</charParams>
<charParams l="288" t="1237" r="314" b="1275" charConfidence="100">c</charParams>
<charParams l="288" t="1237" r="314" b="1275" charConfidence="100">h</charParams>
<charParams l="315" t="1237" r="338" b="1275"> </charParams>
<charParams l="339" t="1238" r="354" b="1268" charConfidence="28">d</charParams>
<charParams l="358" t="1245" r="372" b="1267" charConfidence="25">a</charParams>
<charParams l="376" t="1244" r="403" b="1270" charConfidence="26">m</charParams>
<charParams l="407" t="1244" r="424" b="1267" charConfidence="30">a</charParams>
<charParams l="426" t="1237" r="434" b="1268" charConfidence="31">l</charParams>
<charParams l="437" t="1240" r="452" b="1267" charConfidence="92">s</charParams>
<charParams l="453" t="1238" r="475" b="1267"> </charParams>
<charParams l="476" t="1238" r="491" b="1267" charConfidence="26">d</charParams>
<charParams l="495" t="1244" r="507" b="1267" charConfidence="60">e</charParams>
<charParams l="509" t="1244" r="537" b="1267" charConfidence="100">m</charParams>
<charParams l="538" t="1244" r="560" b="1267"> </charParams>
<charParams l="561" t="1244" r="577" b="1267" charConfidence="62">v</charParams>
<charParams l="581" t="1243" r="595" b="1266" charConfidence="56">o</charParams>
<charParams l="598" t="1243" r="616" b="1265" charConfidence="39">n</charParams>
<charParams l="617" t="1231" r="636" b="1265"> </charParams>
<charParams l="637" t="1231" r="667" b="1265" charConfidence="27">R</charParams>
<charParams l="671" t="1241" r="683" b="1264" charConfidence="26">e</charParams>
<charParams l="686" t="1233" r="694" b="1264" charConfidence="31">i</charParams>
<charParams l="697" t="1232" r="710" b="1270" charConfidence="30">s</charParams>
<charParams l="708" t="1241" r="719" b="1264" charConfidence="26">e</charParams>
<charParams l="723" t="1240" r="740" b="1263" charConfidence="24">n</charParams>
<charParams l="741" t="1238" r="761" b="1271"> </charParams>
<charParams l="762" t="1238" r="775" b="1271" charConfidence="54">z</charParams>
<charParams l="779" t="1240" r="795" b="1263" charConfidence="43">u</charParams>
<charParams l="799" t="1240" r="811" b="1263" charConfidence="31">r</charParams>
<charParams l="814" t="1232" r="830" b="1264" charConfidence="26">ü</charParams>
<charParams l="835" t="1235" r="857" b="1265" charConfidence="0">c</charParams>
<charParams l="835" t="1235" r="857" b="1265" charConfidence="0">k</charParams>
<charParams l="861" t="1235" r="873" b="1265" charConfidence="32">k</charParams>
<charParams l="875" t="1244" r="887" b="1266" charConfidence="39">e</charParams>
<charParams l="890" t="1235" r="905" b="1275" charConfidence="68">h</charParams>
<charParams l="911" t="1244" r="923" b="1266" charConfidence="23">r</charParams>
<charParams l="926" t="1244" r="937" b="1266" charConfidence="100">e</charParams>
<charParams l="941" t="1244" r="957" b="1267" charConfidence="100">n</charParams>
<charParams l="961" t="1248" r="970" b="1264" charConfidence="22">¬</charParams></formatting></line>
<line baseline="1328" l="195" t="1293" r="968" b="1338"><formatting lang="OldGerman">
<charParams l="195" t="1299" r="211" b="1327" charConfidence="25">d</charParams>
<charParams l="214" t="1306" r="226" b="1328" charConfidence="25">e</charParams>
<charParams l="229" t="1306" r="246" b="1328" charConfidence="54">n</charParams>
<charParams l="247" t="1298" r="285" b="1331"> </charParams>
<charParams l="286" t="1298" r="311" b="1331" charConfidence="33">E</charParams>
<charParams l="314" t="1301" r="329" b="1329" charConfidence="29">d</charParams>
<charParams l="333" t="1307" r="349" b="1330" charConfidence="24">u</charParams>
<charParams l="353" t="1308" r="367" b="1329" charConfidence="24">a</charParams>
<charParams l="372" t="1306" r="385" b="1330" charConfidence="99">r</charParams>
<charParams l="388" t="1301" r="404" b="1329" charConfidence="26">d</charParams>
<charParams l="405" t="1298" r="438" b="1330"> </charParams>
<charParams l="439" t="1298" r="467" b="1330" charConfidence="71">O</charParams>
<charParams l="471" t="1304" r="480" b="1330" charConfidence="42">t</charParams>
<charParams l="484" t="1305" r="493" b="1330" charConfidence="37">t</charParams>
<charParams l="497" t="1300" r="504" b="1329" charConfidence="100">i</charParams>
<charParams l="508" t="1300" r="516" b="1330" charConfidence="58">l</charParams>
<charParams l="519" t="1299" r="526" b="1329" charConfidence="94">i</charParams>
<charParams l="530" t="1307" r="542" b="1330" charConfidence="32">e</charParams>
<charParams l="544" t="1306" r="562" b="1329" charConfidence="32">n</charParams>
<charParams l="563" t="1304" r="601" b="1329"> </charParams>
<charParams l="602" t="1304" r="617" b="1327" charConfidence="27">a</charParams>
<charParams l="622" t="1296" r="635" b="1327" charConfidence="24">b</charParams>
<charParams l="640" t="1295" r="653" b="1334" charConfidence="46">s</charParams>
<charParams l="650" t="1297" r="657" b="1326" charConfidence="23">i</charParams>
<charParams l="659" t="1294" r="686" b="1331" charConfidence="88">c</charParams>
<charParams l="659" t="1294" r="686" b="1331" suspicious="1" charConfidence="88">h</charParams>
<charParams l="689" t="1300" r="700" b="1325" charConfidence="27">t</charParams>
<charParams l="702" t="1294" r="709" b="1323" charConfidence="26">l</charParams>
<charParams l="713" t="1295" r="720" b="1324" charConfidence="39">i</charParams>
<charParams l="724" t="1293" r="750" b="1331" charConfidence="88">c</charParams>
<charParams l="724" t="1293" r="750" b="1331" suspicious="1" charConfidence="88">h</charParams>
<charParams l="751" t="1293" r="791" b="1331"> </charParams>
<charParams l="792" t="1303" r="808" b="1326" charConfidence="29">v</charParams>
<charParams l="813" t="1304" r="827" b="1326" charConfidence="32">o</charParams>
<charParams l="830" t="1304" r="843" b="1327" charConfidence="100">r</charParams>
<charParams l="844" t="1305" r="860" b="1336" charConfidence="53">g</charParams>
<charParams l="865" t="1306" r="876" b="1328" charConfidence="100">e</charParams>
<charParams l="880" t="1297" r="893" b="1335" charConfidence="30">f</charParams>
<charParams l="892" t="1299" r="908" b="1329" charConfidence="24">ü</charParams>
<charParams l="913" t="1298" r="929" b="1338" charConfidence="78">h</charParams>
<charParams l="933" t="1307" r="946" b="1329" charConfidence="100">r</charParams>
<charParams l="948" t="1303" r="959" b="1329" charConfidence="36">t</charParams>
<charParams l="959" t="1321" r="968" b="1336" charConfidence="75">,</charParams></formatting></line>
<line baseline="1390" l="194" t="1357" r="970" b="1400"><formatting lang="OldGerman">
<charParams l="194" t="1365" r="211" b="1389" charConfidence="24">u</charParams>
<charParams l="215" t="1364" r="243" b="1388" charConfidence="100">m</charParams>
<charParams l="244" t="1362" r="273" b="1390"> </charParams>
<charParams l="274" t="1362" r="289" b="1390" charConfidence="28">d</charParams>
<charParams l="294" t="1362" r="301" b="1392" charConfidence="33">i</charParams>
<charParams l="305" t="1370" r="316" b="1392" charConfidence="100">e</charParams>
<charParams l="319" t="1360" r="332" b="1399" charConfidence="100">s</charParams>
<charParams l="330" t="1370" r="341" b="1393" charConfidence="26">e</charParams>
<charParams l="345" t="1369" r="358" b="1392" charConfidence="69">r</charParams>
<charParams l="359" t="1369" r="387" b="1400"> </charParams>
<charParams l="388" t="1369" r="404" b="1400" charConfidence="69">g</charParams>
<charParams l="408" t="1369" r="419" b="1392" charConfidence="100">e</charParams>
<charParams l="423" t="1362" r="430" b="1392" charConfidence="100">l</charParams>
<charParams l="433" t="1362" r="441" b="1392" charConfidence="100">i</charParams>
<charParams l="444" t="1369" r="456" b="1392" charConfidence="93">e</charParams>
<charParams l="459" t="1363" r="474" b="1392" charConfidence="37">b</charParams>
<charParams l="478" t="1367" r="488" b="1392" charConfidence="57">t</charParams>
<charParams l="491" t="1369" r="502" b="1392" charConfidence="55">e</charParams>
<charParams l="506" t="1369" r="524" b="1392" charConfidence="26">n</charParams>
<charParams l="525" t="1359" r="546" b="1399"> </charParams>
<charParams l="547" t="1359" r="579" b="1399" charConfidence="47">P</charParams>
<charParams l="582" t="1358" r="601" b="1398" charConfidence="22">f</charParams>
<charParams l="582" t="1358" r="601" b="1398" charConfidence="22">l</charParams>
<charParams l="603" t="1366" r="614" b="1389" charConfidence="33">e</charParams>
<charParams l="617" t="1366" r="632" b="1396" charConfidence="40">g</charParams>
<charParams l="636" t="1365" r="648" b="1388" charConfidence="35">e</charParams>
<charParams l="652" t="1363" r="661" b="1388" charConfidence="30">t</charParams>
<charParams l="664" t="1365" r="678" b="1387" charConfidence="36">o</charParams>
<charParams l="682" t="1357" r="707" b="1393" charConfidence="65">c</charParams>
<charParams l="682" t="1357" r="707" b="1393" charConfidence="65">h</charParams>
<charParams l="712" t="1362" r="721" b="1388" charConfidence="39">t</charParams>
<charParams l="725" t="1365" r="736" b="1387" charConfidence="25">e</charParams>
<charParams l="739" t="1364" r="752" b="1388" charConfidence="100">r</charParams>
<charParams l="753" t="1364" r="774" b="1389"> </charParams>
<charParams l="775" t="1366" r="787" b="1389" charConfidence="26">e</charParams>
<charParams l="791" t="1359" r="798" b="1389" charConfidence="46">i</charParams>
<charParams l="802" t="1367" r="818" b="1389" charConfidence="28">n</charParams>
<charParams l="822" t="1367" r="835" b="1389" charConfidence="53">e</charParams>
<charParams l="836" t="1359" r="856" b="1397"> </charParams>
<charParams l="857" t="1359" r="871" b="1397" charConfidence="100">s</charParams>
<charParams l="870" t="1368" r="884" b="1390" charConfidence="35">o</charParams>
<charParams l="885" t="1368" r="907" b="1399"> </charParams>
<charParams l="908" t="1368" r="924" b="1399" charConfidence="55">g</charParams>
<charParams l="928" t="1368" r="941" b="1391" charConfidence="44">r</charParams>
<charParams l="943" t="1368" r="957" b="1391" charConfidence="65">o</charParams>
<charParams l="962" t="1370" r="970" b="1387" charConfidence="22">¬</charParams></formatting></line>
<line baseline="1452" l="196" t="1419" r="969" b="1463"><formatting lang="OldGerman">
<charParams l="196" t="1419" r="212" b="1456" charConfidence="22">ß</charParams>
<charParams l="216" t="1427" r="229" b="1450" charConfidence="26">e</charParams>
<charParams l="230" t="1419" r="250" b="1457"> </charParams>
<charParams l="251" t="1419" r="283" b="1457" charConfidence="45">P</charParams>
<charParams l="287" t="1430" r="301" b="1452" charConfidence="24">a</charParams>
<charParams l="305" t="1430" r="319" b="1453" charConfidence="53">r</charParams>
<charParams l="321" t="1428" r="330" b="1454" charConfidence="64">t</charParams>
<charParams l="334" t="1422" r="350" b="1462" charConfidence="89">h</charParams>
<charParams l="354" t="1424" r="362" b="1455" charConfidence="46">i</charParams>
<charParams l="365" t="1431" r="378" b="1454" charConfidence="25">e</charParams>
<charParams l="379" t="1431" r="404" b="1463"> </charParams>
<charParams l="405" t="1431" r="418" b="1463" charConfidence="25">z</charParams>
<charParams l="422" t="1432" r="438" b="1454" charConfidence="34">u</charParams>
<charParams l="441" t="1431" r="453" b="1463" charConfidence="27">z</charParams>
<charParams l="457" t="1432" r="473" b="1455" charConfidence="57">u</charParams>
<charParams l="476" t="1431" r="501" b="1455" charConfidence="100">w</charParams>
<charParams l="505" t="1431" r="517" b="1454" charConfidence="26">e</charParams>
<charParams l="521" t="1430" r="537" b="1455" charConfidence="59">n</charParams>
<charParams l="542" t="1425" r="556" b="1455" charConfidence="30">d</charParams>
<charParams l="560" t="1431" r="572" b="1453" charConfidence="28">e</charParams>
<charParams l="575" t="1430" r="592" b="1452" suspicious="1" charConfidence="28">n</charParams>
<charParams l="605" t="1430" r="612" b="1451" charConfidence="88">:</charParams>
<charParams l="613" t="1421" r="654" b="1451"> </charParams>
<charParams l="655" t="1421" r="671" b="1449" charConfidence="37">d</charParams>
<charParams l="675" t="1426" r="687" b="1449" charConfidence="27">e</charParams>
<charParams l="688" t="1426" r="706" b="1450" charConfidence="44">n</charParams>
<charParams l="710" t="1427" r="728" b="1451" charConfidence="25">n</charParams>
<charParams l="729" t="1427" r="750" b="1451"> </charParams>
<charParams l="751" t="1428" r="767" b="1450" charConfidence="56">a</charParams>
<charParams l="770" t="1428" r="788" b="1452" charConfidence="94">n</charParams>
<charParams l="789" t="1422" r="812" b="1459"> </charParams>
<charParams l="813" t="1422" r="826" b="1459" charConfidence="55">s</charParams>
<charParams l="823" t="1423" r="830" b="1451" charConfidence="23">i</charParams>
<charParams l="833" t="1422" r="859" b="1459" charConfidence="81">c</charParams>
<charParams l="833" t="1422" r="859" b="1459" suspicious="1" charConfidence="81">h</charParams>
<charParams l="860" t="1421" r="882" b="1459"> </charParams>
<charParams l="883" t="1421" r="896" b="1459" charConfidence="100">s</charParams>
<charParams l="896" t="1430" r="907" b="1452" charConfidence="30">e</charParams>
<charParams l="911" t="1423" r="917" b="1452" charConfidence="26">l</charParams>
<charParams l="922" t="1422" r="936" b="1452" charConfidence="33">b</charParams>
<charParams l="940" t="1421" r="960" b="1458" charConfidence="22">s</charParams>
<charParams l="940" t="1421" r="960" b="1458" charConfidence="22">t</charParams>
<charParams l="960" t="1442" r="969" b="1454" suspicious="1" charConfidence="55">.</charParams></formatting></line></par>
</text>
</block>
</page>
</document>