﻿<?xml version="1.0" encoding="UTF-8" standalone="yes"?>
<document xmlns="http://www.abbyy.com/FineReader_xml/FineReader10-schema-v1.xml" version="1.0" producer="ABBYY FineReader Engine 11" languages="" xmlns:xsi="http://www.w3.org/2001/XMLSchema-instance" xsi:schemaLocation="http://www.abbyy.com/FineReader_xml/FineReader10-schema-v1.xml http://www.abbyy.com/FineReader_xml/FineReader10-schema-v1.xml">
<page width="1156" height="1782" resolution="300" originalCoords="1">
<block blockType="Text" blockName="">
<text>
<par align="Justified" startIndent="443" lineSpacing="1464">
<line baseline="179" l="198" t="138" r="977" b="191"><formatting lang="OldGerman">
<charParams l="198" t="151" r="208" b="180" charConfidence="67">i</charParams>
<charParams l="210" t="156" r="228" b="180" charConfidence="72">n</charParams>
<charParams l="229" t="147" r="251" b="180"> </charParams>
<charParams l="252" t="147" r="285" b="180" charConfidence="100">B</charParams>
<charParams l="289" t="156" r="301" b="179" charConfidence="26">e</charParams>
<charParams l="303" t="154" r="316" b="188" charConfidence="100">z</charParams>
<charParams l="319" t="156" r="335" b="179" charConfidence="54">u</charParams>
<charParams l="338" t="154" r="355" b="185" charConfidence="27">g</charParams>
<charParams l="356" t="153" r="378" b="185"> </charParams>
<charParams l="379" t="153" r="395" b="177" charConfidence="100">a</charParams>
<charParams l="398" t="153" r="415" b="178" charConfidence="29">u</charParams>
<charParams l="419" t="144" r="434" b="184" suspicious="1" charConfidence="78">f</charParams>
<charParams l="435" t="142" r="452" b="184"> </charParams>
<charParams l="453" t="142" r="479" b="176" charConfidence="67">E</charParams>
<charParams l="481" t="144" r="496" b="174" charConfidence="27">d</charParams>
<charParams l="500" t="148" r="516" b="173" charConfidence="100">u</charParams>
<charParams l="519" t="148" r="535" b="170" charConfidence="37">a</charParams>
<charParams l="539" t="146" r="552" b="170" charConfidence="25">r</charParams>
<charParams l="554" t="142" r="570" b="171" charConfidence="27">d</charParams>
<charParams l="576" t="160" r="587" b="176" charConfidence="71">,</charParams>
<charParams l="588" t="142" r="615" b="176"> </charParams>
<charParams l="616" t="142" r="632" b="169" charConfidence="26">d</charParams>
<charParams l="636" t="147" r="651" b="172" charConfidence="26">a</charParams>
<charParams l="655" t="141" r="681" b="180" charConfidence="29">c</charParams>
<charParams l="655" t="141" r="681" b="180" charConfidence="29">h</charParams>
<charParams l="685" t="146" r="696" b="172" charConfidence="34">t</charParams>
<charParams l="697" t="149" r="711" b="172" charConfidence="28">e</charParams>
<charParams l="712" t="144" r="732" b="182"> </charParams>
<charParams l="733" t="144" r="753" b="182" charConfidence="83">s</charParams>
<charParams l="733" t="144" r="753" b="182" charConfidence="83">i</charParams>
<charParams l="754" t="152" r="768" b="174" charConfidence="94">e</charParams>
<charParams l="769" t="152" r="789" b="176"> </charParams>
<charParams l="790" t="151" r="807" b="176" charConfidence="100">n</charParams>
<charParams l="811" t="144" r="819" b="174" charConfidence="42">i</charParams>
<charParams l="822" t="144" r="847" b="181" charConfidence="65">c</charParams>
<charParams l="822" t="144" r="847" b="181" charConfidence="65">h</charParams>
<charParams l="852" t="149" r="863" b="174" charConfidence="32">t</charParams>
<charParams l="864" t="149" r="884" b="175"> </charParams>
<charParams l="885" t="150" r="913" b="175" charConfidence="33">m</charParams>
<charParams l="917" t="154" r="929" b="175" charConfidence="46">e</charParams>
<charParams l="932" t="146" r="948" b="186" charConfidence="35">h</charParams>
<charParams l="952" t="155" r="965" b="176" charConfidence="85">r</charParams>
<charParams l="965" t="169" r="977" b="177" charConfidence="100">.</charParams></formatting></line>
<line baseline="241" l="196" t="197" r="978" b="248"><formatting lang="OldGerman">
<charParams l="196" t="209" r="231" b="244" charConfidence="81">D</charParams>
<charParams l="235" t="219" r="247" b="242" charConfidence="26">e</charParams>
<charParams l="250" t="219" r="264" b="242" charConfidence="61">r</charParams>
<charParams l="265" t="207" r="280" b="247"> </charParams>
<charParams l="280" t="207" r="312" b="247" charConfidence="61">H</charParams>
<charParams l="315" t="218" r="329" b="239" charConfidence="47">a</charParams>
<charParams l="333" t="217" r="350" b="240" charConfidence="30">u</charParams>
<charParams l="353" t="216" r="372" b="247" charConfidence="27">p</charParams>
<charParams l="374" t="213" r="384" b="240" charConfidence="90">t</charParams>
<charParams l="387" t="215" r="414" b="239" charConfidence="88">m</charParams>
<charParams l="417" t="215" r="433" b="237" charConfidence="100">a</charParams>
<charParams l="436" t="213" r="453" b="238" charConfidence="28">n</charParams>
<charParams l="456" t="213" r="474" b="236" charConfidence="35">n</charParams>
<charParams l="475" t="209" r="496" b="236"> </charParams>
<charParams l="497" t="208" r="523" b="234" charConfidence="24">w</charParams>
<charParams l="527" t="210" r="541" b="231" charConfidence="24">a</charParams>
<charParams l="545" t="209" r="560" b="231" charConfidence="38">r</charParams>
<charParams l="561" t="208" r="581" b="231"> </charParams>
<charParams l="582" t="208" r="598" b="230" charConfidence="36">a</charParams>
<charParams l="602" t="207" r="618" b="231" charConfidence="35">u</charParams>
<charParams l="622" t="199" r="649" b="237" charConfidence="96">c</charParams>
<charParams l="622" t="199" r="649" b="237" charConfidence="96">h</charParams>
<charParams l="650" t="199" r="672" b="236"> </charParams>
<charParams l="673" t="211" r="689" b="233" charConfidence="45">a</charParams>
<charParams l="693" t="211" r="710" b="233" charConfidence="40">n</charParams>
<charParams l="713" t="211" r="728" b="241" charConfidence="68">g</charParams>
<charParams l="733" t="212" r="744" b="234" charConfidence="28">e</charParams>
<charParams l="748" t="205" r="767" b="243" charConfidence="32">s</charParams>
<charParams l="748" t="205" r="767" b="243" suspicious="1" charConfidence="32">t</charParams>
<charParams l="771" t="205" r="779" b="235" charConfidence="100">i</charParams>
<charParams l="782" t="203" r="804" b="242" charConfidence="77">f</charParams>
<charParams l="782" t="203" r="804" b="242" charConfidence="77">t</charParams>
<charParams l="807" t="213" r="819" b="236" charConfidence="30">e</charParams>
<charParams l="822" t="210" r="833" b="237" charConfidence="100">t</charParams>
<charParams l="833" t="227" r="843" b="243" charConfidence="62">,</charParams>
<charParams l="844" t="202" r="865" b="243"> </charParams>
<charParams l="866" t="202" r="893" b="237" charConfidence="42">E</charParams>
<charParams l="896" t="207" r="910" b="235" charConfidence="25">d</charParams>
<charParams l="914" t="213" r="931" b="236" charConfidence="45">u</charParams>
<charParams l="934" t="214" r="950" b="237" charConfidence="25">a</charParams>
<charParams l="953" t="213" r="966" b="236" charConfidence="33">r</charParams>
<charParams l="967" t="217" r="978" b="233" charConfidence="22">¬</charParams></formatting></line>
<line baseline="301" l="196" t="258" r="977" b="311"><formatting lang="OldGerman">
<charParams l="196" t="274" r="211" b="305" charConfidence="40">d</charParams>
<charParams l="215" t="281" r="227" b="305" charConfidence="26">e</charParams>
<charParams l="230" t="280" r="249" b="304" charConfidence="34">n</charParams>
<charParams l="250" t="280" r="272" b="304"> </charParams>
<charParams l="273" t="280" r="288" b="302" charConfidence="59">a</charParams>
<charParams l="292" t="280" r="309" b="302" charConfidence="44">u</charParams>
<charParams l="312" t="270" r="328" b="308" charConfidence="80">f</charParams>
<charParams l="325" t="278" r="352" b="301" charConfidence="59">m</charParams>
<charParams l="356" t="278" r="369" b="302" charConfidence="29">e</charParams>
<charParams l="372" t="277" r="384" b="301" charConfidence="100">r</charParams>
<charParams l="387" t="268" r="399" b="300" charConfidence="28">k</charParams>
<charParams l="402" t="268" r="415" b="306" charConfidence="25">s</charParams>
<charParams l="412" t="277" r="427" b="297" charConfidence="24">a</charParams>
<charParams l="430" t="273" r="458" b="298" charConfidence="46">m</charParams>
<charParams l="459" t="271" r="480" b="304"> </charParams>
<charParams l="481" t="271" r="493" b="304" charConfidence="32">z</charParams>
<charParams l="497" t="270" r="515" b="294" charConfidence="35">u</charParams>
<charParams l="516" t="268" r="538" b="293"> </charParams>
<charParams l="539" t="268" r="566" b="293" charConfidence="40">m</charParams>
<charParams l="569" t="269" r="585" b="291" charConfidence="55">a</charParams>
<charParams l="588" t="261" r="615" b="298" charConfidence="88">c</charParams>
<charParams l="588" t="261" r="615" b="298" charConfidence="88">h</charParams>
<charParams l="619" t="269" r="631" b="292" charConfidence="55">e</charParams>
<charParams l="634" t="268" r="651" b="293" charConfidence="28">n</charParams>
<charParams l="663" t="271" r="673" b="300" charConfidence="41">;</charParams>
<charParams l="674" t="270" r="703" b="300"> </charParams>
<charParams l="704" t="270" r="721" b="294" charConfidence="37">a</charParams>
<charParams l="725" t="263" r="741" b="295" charConfidence="40">b</charParams>
<charParams l="744" t="272" r="756" b="295" charConfidence="26">e</charParams>
<charParams l="759" t="274" r="772" b="297" charConfidence="42">r</charParams>
<charParams l="773" t="268" r="794" b="299"> </charParams>
<charParams l="795" t="268" r="811" b="298" charConfidence="30">d</charParams>
<charParams l="815" t="267" r="822" b="299" charConfidence="37">i</charParams>
<charParams l="825" t="276" r="838" b="299" charConfidence="67">e</charParams>
<charParams l="841" t="267" r="854" b="306" charConfidence="41">s</charParams>
<charParams l="852" t="276" r="863" b="299" charConfidence="29">e</charParams>
<charParams l="867" t="275" r="881" b="298" charConfidence="26">r</charParams>
<charParams l="888" t="290" r="897" b="305" charConfidence="79">,</charParams>
<charParams l="898" t="268" r="927" b="305"> </charParams>
<charParams l="928" t="267" r="944" b="300" charConfidence="38">d</charParams>
<charParams l="948" t="274" r="959" b="298" charConfidence="56">e</charParams>
<charParams l="962" t="274" r="977" b="298" charConfidence="88">r</charParams></formatting></line>
<line baseline="362" l="193" t="319" r="976" b="372"><formatting lang="OldGerman">
<charParams l="193" t="334" r="208" b="372" charConfidence="100">s</charParams>
<charParams l="205" t="343" r="217" b="365" charConfidence="34">e</charParams>
<charParams l="220" t="334" r="229" b="364" charConfidence="100">i</charParams>
<charParams l="232" t="341" r="248" b="364" charConfidence="69">n</charParams>
<charParams l="252" t="341" r="265" b="363" charConfidence="27">e</charParams>
<charParams l="266" t="331" r="286" b="369"> </charParams>
<charParams l="287" t="331" r="303" b="369" charConfidence="32">f</charParams>
<charParams l="302" t="340" r="314" b="362" charConfidence="45">r</charParams>
<charParams l="317" t="330" r="334" b="361" charConfidence="50">ü</charParams>
<charParams l="338" t="331" r="354" b="369" charConfidence="100">h</charParams>
<charParams l="358" t="338" r="372" b="361" charConfidence="31">e</charParams>
<charParams l="373" t="328" r="394" b="361"> </charParams>
<charParams l="395" t="328" r="413" b="361" charConfidence="40">L</charParams>
<charParams l="417" t="329" r="424" b="359" charConfidence="100">i</charParams>
<charParams l="427" t="336" r="439" b="359" charConfidence="24">e</charParams>
<charParams l="442" t="325" r="456" b="357" charConfidence="26">b</charParams>
<charParams l="460" t="333" r="474" b="356" charConfidence="28">e</charParams>
<charParams l="475" t="329" r="498" b="364"> </charParams>
<charParams l="499" t="328" r="511" b="364" charConfidence="27">z</charParams>
<charParams l="514" t="331" r="532" b="354" charConfidence="92">u</charParams>
<charParams l="533" t="322" r="555" b="355"> </charParams>
<charParams l="556" t="322" r="581" b="355" charConfidence="43">C</charParams>
<charParams l="584" t="322" r="600" b="362" charConfidence="58">h</charParams>
<charParams l="604" t="331" r="619" b="353" charConfidence="26">a</charParams>
<charParams l="623" t="330" r="636" b="353" charConfidence="54">r</charParams>
<charParams l="639" t="322" r="648" b="353" charConfidence="32">l</charParams>
<charParams l="650" t="330" r="664" b="353" charConfidence="46">o</charParams>
<charParams l="668" t="325" r="680" b="353" charConfidence="52">t</charParams>
<charParams l="681" t="327" r="691" b="353" charConfidence="74">t</charParams>
<charParams l="694" t="330" r="706" b="353" charConfidence="53">e</charParams>
<charParams l="709" t="330" r="726" b="354" charConfidence="30">n</charParams>
<charParams l="727" t="323" r="750" b="364"> </charParams>
<charParams l="751" t="323" r="768" b="364" suspicious="1" charConfidence="100">h</charParams>
<charParams l="772" t="334" r="787" b="356" charConfidence="50">a</charParams>
<charParams l="791" t="335" r="803" b="358" charConfidence="100">r</charParams>
<charParams l="807" t="333" r="816" b="357" charConfidence="31">t</charParams>
<charParams l="819" t="335" r="836" b="358" charConfidence="48">n</charParams>
<charParams l="839" t="328" r="855" b="359" charConfidence="26">ä</charParams>
<charParams l="858" t="330" r="883" b="360" charConfidence="22">c</charParams>
<charParams l="858" t="330" r="883" b="360" suspicious="1" charConfidence="22">k</charParams>
<charParams l="885" t="330" r="892" b="359" charConfidence="100">i</charParams>
<charParams l="895" t="338" r="911" b="367" charConfidence="53">g</charParams>
<charParams l="912" t="330" r="933" b="367"> </charParams>
<charParams l="934" t="329" r="945" b="360" suspicious="1" charConfidence="25">t</charParams>
<charParams l="947" t="336" r="976" b="360" charConfidence="38">m</charParams></formatting></line>
<line baseline="422" l="191" t="379" r="977" b="432"><formatting lang="OldGerman">
<charParams l="192" t="391" r="228" b="426" charConfidence="30">S</charParams>
<charParams l="231" t="395" r="240" b="424" charConfidence="38">i</charParams>
<charParams l="243" t="402" r="260" b="424" charConfidence="46">n</charParams>
<charParams l="263" t="401" r="281" b="423" charConfidence="34">n</charParams>
<charParams l="284" t="401" r="298" b="423" charConfidence="63">e</charParams>
<charParams l="299" t="390" r="320" b="428"> </charParams>
<charParams l="321" t="390" r="336" b="428" charConfidence="22">b</charParams>
<charParams l="340" t="399" r="352" b="421" charConfidence="55">e</charParams>
<charParams l="355" t="389" r="372" b="430" charConfidence="81">h</charParams>
<charParams l="376" t="390" r="384" b="420" charConfidence="40">i</charParams>
<charParams l="387" t="398" r="399" b="419" charConfidence="58">e</charParams>
<charParams l="403" t="390" r="411" b="420" charConfidence="46">l</charParams>
<charParams l="414" t="393" r="425" b="419" charConfidence="40">t</charParams>
<charParams l="431" t="410" r="442" b="425" charConfidence="100">,</charParams>
<charParams l="442" t="384" r="483" b="425"> </charParams>
<charParams l="483" t="384" r="498" b="422" charConfidence="65">s</charParams>
<charParams l="495" t="392" r="510" b="416" charConfidence="34">a</charParams>
<charParams l="513" t="382" r="531" b="423" charConfidence="88">h</charParams>
<charParams l="531" t="382" r="565" b="423"> </charParams>
<charParams l="566" t="390" r="591" b="415" charConfidence="27">w</charParams>
<charParams l="595" t="392" r="607" b="414" charConfidence="29">e</charParams>
<charParams l="609" t="385" r="625" b="413" charConfidence="28">d</charParams>
<charParams l="630" t="391" r="641" b="413" charConfidence="27">e</charParams>
<charParams l="644" t="390" r="658" b="415" charConfidence="27">r</charParams>
<charParams l="659" t="390" r="687" b="414"> </charParams>
<charParams l="688" t="391" r="702" b="413" charConfidence="100">r</charParams>
<charParams l="705" t="391" r="717" b="413" charConfidence="46">e</charParams>
<charParams l="718" t="384" r="746" b="420" charConfidence="100">c</charParams>
<charParams l="718" t="384" r="746" b="420" charConfidence="100">h</charParams>
<charParams l="750" t="389" r="759" b="415" charConfidence="42">t</charParams>
<charParams l="762" t="389" r="777" b="415" charConfidence="100">s</charParams>
<charParams l="778" t="388" r="800" b="417"> </charParams>
<charParams l="801" t="395" r="818" b="416" charConfidence="27">n</charParams>
<charParams l="823" t="396" r="837" b="418" charConfidence="69">o</charParams>
<charParams l="841" t="388" r="867" b="425" charConfidence="100">c</charParams>
<charParams l="841" t="388" r="867" b="425" charConfidence="100">h</charParams>
<charParams l="868" t="388" r="891" b="425"> </charParams>
<charParams l="892" t="391" r="900" b="420" charConfidence="100">l</charParams>
<charParams l="903" t="391" r="911" b="419" charConfidence="58">i</charParams>
<charParams l="914" t="398" r="931" b="420" charConfidence="100">n</charParams>
<charParams l="934" t="389" r="947" b="421" charConfidence="30">k</charParams>
<charParams l="949" t="393" r="965" b="420" charConfidence="96">s</charParams>
<charParams l="965" t="411" r="977" b="426" charConfidence="100">,</charParams></formatting></line>
<line baseline="481" l="189" t="440" r="977" b="497"><formatting lang="OldGerman">
<charParams l="189" t="461" r="209" b="485" charConfidence="66">u</charParams>
<charParams l="212" t="460" r="229" b="485" charConfidence="49">n</charParams>
<charParams l="232" t="455" r="248" b="483" charConfidence="26">d</charParams>
<charParams l="249" t="454" r="264" b="483"> </charParams>
<charParams l="265" t="454" r="274" b="468" suspicious="1" charConfidence="-1">&quot;</charParams>
<charParams l="278" t="458" r="304" b="482" suspicious="1" charConfidence="32">w</charParams>
<charParams l="307" t="458" r="323" b="480" suspicious="1" charConfidence="25">a</charParams>
<charParams l="326" t="457" r="341" b="480" suspicious="1" charConfidence="26">r</charParams>
<charParams l="342" t="456" r="370" b="480"> </charParams>
<charParams l="371" t="456" r="388" b="479" charConfidence="30">n</charParams>
<charParams l="392" t="456" r="409" b="479" charConfidence="30">u</charParams>
<charParams l="412" t="455" r="426" b="477" charConfidence="54">r</charParams>
<charParams l="427" t="454" r="453" b="485"> </charParams>
<charParams l="454" t="454" r="471" b="485" charConfidence="55">g</charParams>
<charParams l="475" t="447" r="483" b="477" charConfidence="56">l</charParams>
<charParams l="486" t="444" r="503" b="476" charConfidence="22">ü</charParams>
<charParams l="506" t="446" r="530" b="477" charConfidence="52">c</charParams>
<charParams l="506" t="446" r="530" b="477" charConfidence="52">k</charParams>
<charParams l="533" t="446" r="540" b="476" charConfidence="62">l</charParams>
<charParams l="543" t="445" r="551" b="475" charConfidence="85">i</charParams>
<charParams l="554" t="445" r="581" b="482" charConfidence="100">c</charParams>
<charParams l="554" t="445" r="581" b="482" charConfidence="100">h</charParams>
<charParams l="582" t="445" r="604" b="482"> </charParams>
<charParams l="605" t="445" r="613" b="475" charConfidence="39">i</charParams>
<charParams l="617" t="452" r="635" b="475" charConfidence="36">n</charParams>
<charParams l="636" t="445" r="662" b="475"> </charParams>
<charParams l="663" t="445" r="679" b="474" charConfidence="27">d</charParams>
<charParams l="683" t="452" r="694" b="474" charConfidence="28">e</charParams>
<charParams l="697" t="451" r="725" b="474" charConfidence="100">m</charParams>
<charParams l="726" t="442" r="749" b="476"> </charParams>
<charParams l="750" t="442" r="782" b="476" charConfidence="24">G</charParams>
<charParams l="786" t="453" r="798" b="476" charConfidence="28">e</charParams>
<charParams l="799" t="445" r="815" b="492" charConfidence="24">f</charParams>
<charParams l="814" t="444" r="831" b="476" charConfidence="65">ü</charParams>
<charParams l="835" t="445" r="852" b="484" charConfidence="73">h</charParams>
<charParams l="856" t="447" r="865" b="476" charConfidence="47">l</charParams>
<charParams l="872" t="469" r="882" b="483" charConfidence="90">,</charParams>
<charParams l="883" t="451" r="920" b="483"> </charParams>
<charParams l="921" t="451" r="936" b="478" charConfidence="28">d</charParams>
<charParams l="940" t="457" r="955" b="478" charConfidence="25">a</charParams>
<charParams l="959" t="449" r="977" b="485" charConfidence="30">ß</charParams></formatting></line>
<line baseline="543" l="186" t="503" r="977" b="552"><formatting lang="OldGerman">
<charParams l="186" t="520" r="203" b="544" charConfidence="25">e</charParams>
<charParams l="204" t="515" r="221" b="543" charConfidence="100">s</charParams>
<charParams l="221" t="515" r="251" b="542"> </charParams>
<charParams l="251" t="519" r="279" b="541" charConfidence="100">m</charParams>
<charParams l="282" t="510" r="298" b="541" charConfidence="22">ö</charParams>
<charParams l="299" t="519" r="316" b="548" charConfidence="55">g</charParams>
<charParams l="319" t="511" r="330" b="540" charConfidence="28">l</charParams>
<charParams l="331" t="510" r="339" b="539" charConfidence="44">i</charParams>
<charParams l="341" t="508" r="370" b="547" charConfidence="57">c</charParams>
<charParams l="341" t="508" r="370" b="547" charConfidence="57">h</charParams>
<charParams l="370" t="508" r="399" b="546"> </charParams>
<charParams l="399" t="508" r="414" b="546" charConfidence="100">s</charParams>
<charParams l="411" t="516" r="424" b="538" charConfidence="25">e</charParams>
<charParams l="426" t="516" r="442" b="547" charConfidence="22">y</charParams>
<charParams l="452" t="530" r="463" b="545" charConfidence="85">,</charParams>
<charParams l="463" t="517" r="499" b="545"> </charParams>
<charParams l="499" t="516" r="512" b="538" charConfidence="100">e</charParams>
<charParams l="514" t="508" r="523" b="537" charConfidence="40">i</charParams>
<charParams l="525" t="515" r="543" b="538" charConfidence="32">n</charParams>
<charParams l="546" t="516" r="558" b="538" charConfidence="27">e</charParams>
<charParams l="560" t="510" r="577" b="538" charConfidence="47">s</charParams>
<charParams l="577" t="507" r="601" b="544"> </charParams>
<charParams l="601" t="507" r="615" b="544" charConfidence="77">s</charParams>
<charParams l="612" t="515" r="628" b="538" charConfidence="35">o</charParams>
<charParams l="628" t="508" r="651" b="539"> </charParams>
<charParams l="651" t="508" r="661" b="538" charConfidence="100">l</charParams>
<charParams l="663" t="515" r="676" b="538" charConfidence="30">e</charParams>
<charParams l="678" t="505" r="694" b="537" charConfidence="31">b</charParams>
<charParams l="697" t="505" r="715" b="548" charConfidence="25">h</charParams>
<charParams l="718" t="514" r="733" b="536" charConfidence="24">a</charParams>
<charParams l="737" t="505" r="762" b="543" charConfidence="78">f</charParams>
<charParams l="737" t="505" r="762" b="543" charConfidence="78">t</charParams>
<charParams l="762" t="505" r="782" b="546"> </charParams>
<charParams l="782" t="514" r="800" b="546" charConfidence="25">g</charParams>
<charParams l="803" t="515" r="816" b="538" charConfidence="25">e</charParams>
<charParams l="818" t="513" r="844" b="538" charConfidence="52">w</charParams>
<charParams l="846" t="506" r="864" b="538" charConfidence="22">ü</charParams>
<charParams l="867" t="515" r="884" b="538" charConfidence="24">n</charParams>
<charParams l="889" t="507" r="902" b="543" charConfidence="25">s</charParams>
<charParams l="899" t="508" r="927" b="544" charConfidence="55">c</charParams>
<charParams l="899" t="508" r="927" b="544" charConfidence="55">h</charParams>
<charParams l="930" t="511" r="939" b="538" charConfidence="29">t</charParams>
<charParams l="942" t="516" r="955" b="538" charConfidence="25">e</charParams>
<charParams l="957" t="516" r="977" b="539" charConfidence="24">n</charParams></formatting></line>
<line baseline="607" l="187" t="565" r="975" b="616"><formatting lang="OldGerman">
<charParams l="187" t="582" r="207" b="607" charConfidence="25">u</charParams>
<charParams l="210" t="581" r="227" b="606" charConfidence="82">n</charParams>
<charParams l="231" t="576" r="247" b="605" charConfidence="29">d</charParams>
<charParams l="248" t="575" r="271" b="605"> </charParams>
<charParams l="272" t="575" r="287" b="604" charConfidence="28">d</charParams>
<charParams l="292" t="582" r="307" b="605" charConfidence="25">u</charParams>
<charParams l="312" t="582" r="324" b="604" charConfidence="23">r</charParams>
<charParams l="328" t="572" r="354" b="609" charConfidence="28">c</charParams>
<charParams l="328" t="572" r="354" b="609" charConfidence="28">h</charParams>
<charParams l="355" t="571" r="387" b="609"> </charParams>
<charParams l="388" t="580" r="400" b="603" charConfidence="69">e</charParams>
<charParams l="403" t="572" r="411" b="603" charConfidence="87">i</charParams>
<charParams l="414" t="580" r="430" b="603" charConfidence="30">n</charParams>
<charParams l="435" t="580" r="447" b="603" charConfidence="37">e</charParams>
<charParams l="448" t="569" r="471" b="604"> </charParams>
<charParams l="472" t="569" r="503" b="604" charConfidence="29">R</charParams>
<charParams l="507" t="580" r="518" b="603" charConfidence="96">e</charParams>
<charParams l="523" t="571" r="529" b="602" charConfidence="63">i</charParams>
<charParams l="534" t="570" r="550" b="613" charConfidence="69">h</charParams>
<charParams l="554" t="580" r="567" b="603" charConfidence="28">e</charParams>
<charParams l="568" t="580" r="596" b="603"> </charParams>
<charParams l="597" t="580" r="614" b="603" charConfidence="30">v</charParams>
<charParams l="619" t="579" r="632" b="603" charConfidence="33">o</charParams>
<charParams l="637" t="578" r="653" b="604" charConfidence="24">n</charParams>
<charParams l="654" t="569" r="677" b="603"> </charParams>
<charParams l="678" t="569" r="704" b="603" charConfidence="36">E</charParams>
<charParams l="708" t="578" r="719" b="602" charConfidence="23">r</charParams>
<charParams l="723" t="579" r="734" b="602" charConfidence="58">e</charParams>
<charParams l="738" t="571" r="746" b="601" charConfidence="29">i</charParams>
<charParams l="748" t="580" r="764" b="611" charConfidence="29">g</charParams>
<charParams l="768" t="578" r="785" b="602" charConfidence="52">n</charParams>
<charParams l="789" t="571" r="797" b="603" charConfidence="100">i</charParams>
<charParams l="801" t="570" r="824" b="607" charConfidence="93">s</charParams>
<charParams l="801" t="570" r="824" b="607" charConfidence="93">s</charParams>
<charParams l="822" t="579" r="833" b="602" charConfidence="26">e</charParams>
<charParams l="837" t="579" r="854" b="602" charConfidence="100">n</charParams>
<charParams l="855" t="570" r="878" b="609"> </charParams>
<charParams l="879" t="570" r="892" b="609" charConfidence="100">s</charParams>
<charParams l="890" t="571" r="916" b="609" charConfidence="56">c</charParams>
<charParams l="890" t="571" r="916" b="609" charConfidence="56">h</charParams>
<charParams l="920" t="579" r="931" b="602" charConfidence="25">e</charParams>
<charParams l="936" t="571" r="943" b="603" charConfidence="54">i</charParams>
<charParams l="947" t="577" r="963" b="601" charConfidence="23">n</charParams>
<charParams l="966" t="582" r="975" b="596" charConfidence="52">¬</charParams></formatting></line>
<line baseline="671" l="189" t="630" r="974" b="679"><formatting lang="OldGerman">
<charParams l="189" t="636" r="206" b="670" charConfidence="24">b</charParams>
<charParams l="210" t="647" r="226" b="670" charConfidence="26">a</charParams>
<charParams l="229" t="646" r="242" b="669" charConfidence="42">r</charParams>
<charParams l="243" t="646" r="273" b="669"> </charParams>
<charParams l="274" t="646" r="290" b="668" charConfidence="30">a</charParams>
<charParams l="294" t="646" r="310" b="669" charConfidence="31">u</charParams>
<charParams l="314" t="637" r="327" b="675" charConfidence="42">f</charParams>
<charParams l="328" t="637" r="354" b="675"> </charParams>
<charParams l="355" t="636" r="363" b="668" charConfidence="41">i</charParams>
<charParams l="368" t="644" r="394" b="667" charConfidence="26">m</charParams>
<charParams l="398" t="644" r="425" b="667" charConfidence="100">m</charParams>
<charParams l="429" t="645" r="441" b="667" charConfidence="36">e</charParams>
<charParams l="444" t="645" r="457" b="667" charConfidence="100">r</charParams>
<charParams l="458" t="645" r="483" b="667"> </charParams>
<charParams l="484" t="645" r="501" b="667" charConfidence="27">v</charParams>
<charParams l="506" t="644" r="517" b="667" charConfidence="27">e</charParams>
<charParams l="521" t="644" r="533" b="667" charConfidence="24">r</charParams>
<charParams l="537" t="635" r="548" b="674" charConfidence="27">s</charParams>
<charParams l="547" t="644" r="562" b="667" charConfidence="24">a</charParams>
<charParams l="565" t="644" r="581" b="674" charConfidence="26">g</charParams>
<charParams l="586" t="640" r="595" b="667" charConfidence="46">t</charParams>
<charParams l="598" t="644" r="610" b="667" charConfidence="25">e</charParams>
<charParams l="613" t="644" r="631" b="667" charConfidence="28">n</charParams>
<charParams l="632" t="633" r="655" b="668"> </charParams>
<charParams l="656" t="633" r="688" b="667" charConfidence="23">G</charParams>
<charParams l="691" t="644" r="709" b="666" charConfidence="100">u</charParams>
<charParams l="713" t="640" r="722" b="666" charConfidence="31">t</charParams>
<charParams l="726" t="643" r="737" b="666" charConfidence="30">e</charParams>
<charParams l="740" t="638" r="755" b="666" charConfidence="100">s</charParams>
<charParams l="756" t="638" r="780" b="666"> </charParams>
<charParams l="781" t="642" r="793" b="666" charConfidence="41">e</charParams>
<charParams l="796" t="643" r="813" b="666" charConfidence="36">n</charParams>
<charParams l="817" t="637" r="832" b="667" charConfidence="29">d</charParams>
<charParams l="836" t="636" r="844" b="666" charConfidence="33">l</charParams>
<charParams l="847" t="636" r="854" b="667" charConfidence="71">i</charParams>
<charParams l="858" t="635" r="884" b="674" charConfidence="57">c</charParams>
<charParams l="858" t="635" r="884" b="674" charConfidence="57">h</charParams>
<charParams l="885" t="635" r="909" b="674"> </charParams>
<charParams l="910" t="637" r="925" b="666" charConfidence="27">d</charParams>
<charParams l="929" t="642" r="943" b="666" charConfidence="37">o</charParams>
<charParams l="947" t="634" r="974" b="671" charConfidence="59">c</charParams>
<charParams l="947" t="634" r="974" b="671" charConfidence="59">h</charParams></formatting></line>
<line baseline="734" l="186" t="697" r="526" b="742"><formatting lang="OldGerman">
<charParams l="186" t="705" r="198" b="733" suspicious="1" charConfidence="98">t</charParams>
<charParams l="201" t="699" r="219" b="741" charConfidence="43">h</charParams>
<charParams l="222" t="709" r="234" b="733" charConfidence="26">e</charParams>
<charParams l="237" t="702" r="246" b="732" charConfidence="74">i</charParams>
<charParams l="249" t="702" r="256" b="733" charConfidence="52">l</charParams>
<charParams l="260" t="700" r="276" b="741" charConfidence="100">h</charParams>
<charParams l="280" t="709" r="296" b="732" charConfidence="30">a</charParams>
<charParams l="299" t="699" r="323" b="738" charConfidence="85">f</charParams>
<charParams l="299" t="699" r="323" b="738" suspicious="1" charConfidence="85">t</charParams>
<charParams l="324" t="699" r="344" b="741"> </charParams>
<charParams l="345" t="708" r="357" b="741" charConfidence="50">z</charParams>
<charParams l="361" t="708" r="379" b="732" charConfidence="100">u</charParams>
<charParams l="380" t="707" r="401" b="731"> </charParams>
<charParams l="402" t="707" r="429" b="731" charConfidence="57">w</charParams>
<charParams l="433" t="708" r="444" b="731" charConfidence="100">e</charParams>
<charParams l="447" t="707" r="460" b="731" charConfidence="42">r</charParams>
<charParams l="463" t="702" r="478" b="731" charConfidence="27">d</charParams>
<charParams l="482" t="707" r="494" b="731" charConfidence="26">e</charParams>
<charParams l="497" t="706" r="515" b="731" charConfidence="28">n</charParams>
<charParams l="518" t="722" r="526" b="730" charConfidence="100">.</charParams></formatting></line></par>
<par align="Justified" startIndent="1992" lineSpacing="1440">
<line baseline="856" l="251" t="816" r="974" b="862"><formatting lang="OldGerman">
<charParams l="251" t="821" r="279" b="854" charConfidence="28">E</charParams>
<charParams l="281" t="822" r="296" b="854" charConfidence="30">b</charParams>
<charParams l="301" t="831" r="313" b="854" charConfidence="55">e</charParams>
<charParams l="316" t="831" r="334" b="853" charConfidence="24">n</charParams>
<charParams l="335" t="822" r="368" b="860"> </charParams>
<charParams l="369" t="822" r="390" b="859" charConfidence="40">s</charParams>
<charParams l="369" t="822" r="390" b="859" charConfidence="40">t</charParams>
<charParams l="392" t="831" r="408" b="852" charConfidence="46">a</charParams>
<charParams l="412" t="830" r="429" b="852" charConfidence="31">n</charParams>
<charParams l="433" t="824" r="449" b="852" charConfidence="29">d</charParams>
<charParams l="450" t="822" r="482" b="852"> </charParams>
<charParams l="483" t="822" r="498" b="852" charConfidence="43">d</charParams>
<charParams l="502" t="829" r="518" b="853" charConfidence="29">a</charParams>
<charParams l="521" t="825" r="536" b="852" charConfidence="100">s</charParams>
<charParams l="537" t="819" r="560" b="852"> </charParams>
<charParams l="560" t="819" r="588" b="852" charConfidence="31">E</charParams>
<charParams l="589" t="819" r="607" b="860" charConfidence="39">h</charParams>
<charParams l="611" t="828" r="626" b="858" charConfidence="69">p</charParams>
<charParams l="630" t="829" r="645" b="850" charConfidence="37">a</charParams>
<charParams l="649" t="829" r="665" b="852" charConfidence="33">a</charParams>
<charParams l="668" t="829" r="682" b="852" charConfidence="25">r</charParams>
<charParams l="683" t="821" r="713" b="852"> </charParams>
<charParams l="714" t="821" r="723" b="851" charConfidence="51">i</charParams>
<charParams l="726" t="827" r="754" b="851" charConfidence="68">m</charParams>
<charParams l="754" t="818" r="777" b="852"> </charParams>
<charParams l="777" t="817" r="811" b="852" charConfidence="31">B</charParams>
<charParams l="815" t="828" r="828" b="851" charConfidence="32">e</charParams>
<charParams l="829" t="827" r="846" b="857" charConfidence="28">g</charParams>
<charParams l="849" t="827" r="862" b="850" charConfidence="27">r</charParams>
<charParams l="865" t="820" r="873" b="850" charConfidence="80">i</charParams>
<charParams l="876" t="820" r="899" b="856" charConfidence="88">f</charParams>
<charParams l="876" t="820" r="899" b="856" charConfidence="88">f</charParams>
<charParams l="900" t="820" r="928" b="856"> </charParams>
<charParams l="929" t="819" r="946" b="850" charConfidence="26">d</charParams>
<charParams l="950" t="819" r="958" b="849" charConfidence="30">i</charParams>
<charParams l="960" t="826" r="974" b="850" charConfidence="34">e</charParams></formatting></line>
<line baseline="913" l="185" t="875" r="971" b="924"><formatting lang="OldGerman">
<charParams l="185" t="889" r="204" b="913" charConfidence="55">n</charParams>
<charParams l="207" t="889" r="220" b="912" charConfidence="30">e</charParams>
<charParams l="222" t="890" r="240" b="911" charConfidence="81">u</charParams>
<charParams l="243" t="889" r="255" b="911" charConfidence="41">e</charParams>
<charParams l="258" t="889" r="276" b="911" charConfidence="28">n</charParams>
<charParams l="277" t="880" r="299" b="911"> </charParams>
<charParams l="300" t="880" r="329" b="910" charConfidence="28">A</charParams>
<charParams l="330" t="889" r="347" b="910" charConfidence="29">n</charParams>
<charParams l="351" t="883" r="359" b="911" charConfidence="55">l</charParams>
<charParams l="362" t="889" r="377" b="910" charConfidence="44">a</charParams>
<charParams l="380" t="889" r="397" b="918" charConfidence="44">g</charParams>
<charParams l="400" t="890" r="413" b="910" charConfidence="35">e</charParams>
<charParams l="415" t="889" r="435" b="910" charConfidence="96">n</charParams>
<charParams l="436" t="879" r="457" b="917"> </charParams>
<charParams l="458" t="879" r="475" b="917" suspicious="1" charConfidence="50">h</charParams>
<charParams l="479" t="889" r="492" b="909" charConfidence="30">e</charParams>
<charParams l="493" t="887" r="507" b="909" charConfidence="41">r</charParams>
<charParams l="510" t="888" r="527" b="909" charConfidence="37">u</charParams>
<charParams l="530" t="887" r="547" b="909" charConfidence="34">n</charParams>
<charParams l="551" t="884" r="561" b="909" charConfidence="42">t</charParams>
<charParams l="563" t="887" r="575" b="908" charConfidence="27">e</charParams>
<charParams l="578" t="887" r="593" b="909" charConfidence="28">r</charParams>
<charParams l="594" t="887" r="614" b="909"> </charParams>
<charParams l="615" t="887" r="632" b="908" charConfidence="37">n</charParams>
<charParams l="636" t="886" r="652" b="908" charConfidence="33">a</charParams>
<charParams l="654" t="879" r="682" b="913" charConfidence="46">c</charParams>
<charParams l="654" t="879" r="682" b="913" charConfidence="46">h</charParams>
<charParams l="683" t="879" r="705" b="913"> </charParams>
<charParams l="706" t="881" r="722" b="908" charConfidence="26">d</charParams>
<charParams l="726" t="886" r="738" b="908" charConfidence="26">e</charParams>
<charParams l="740" t="886" r="769" b="908" charConfidence="100">m</charParams>
<charParams l="770" t="877" r="786" b="908"> </charParams>
<charParams l="787" t="876" r="821" b="908" charConfidence="29">S</charParams>
<charParams l="825" t="878" r="852" b="911" charConfidence="91">c</charParams>
<charParams l="825" t="878" r="852" b="911" charConfidence="91">h</charParams>
<charParams l="856" t="878" r="864" b="907" charConfidence="91">l</charParams>
<charParams l="867" t="886" r="882" b="907" charConfidence="34">o</charParams>
<charParams l="885" t="877" r="909" b="911" charConfidence="94">s</charParams>
<charParams l="885" t="877" r="909" b="911" charConfidence="94">s</charParams>
<charParams l="907" t="886" r="920" b="907" charConfidence="36">e</charParams>
<charParams l="921" t="885" r="938" b="919"> </charParams>
<charParams l="939" t="886" r="950" b="918" suspicious="1" charConfidence="26">z</charParams>
<charParams l="953" t="885" r="971" b="910" suspicious="1" charConfidence="23">u</charParams></formatting></line>
<line baseline="972" l="184" t="932" r="973" b="981"><formatting lang="OldGerman">
<charParams l="184" t="950" r="202" b="980" charConfidence="25">g</charParams>
<charParams l="204" t="949" r="218" b="972" charConfidence="26">e</charParams>
<charParams l="219" t="940" r="237" b="980" charConfidence="27">h</charParams>
<charParams l="240" t="949" r="254" b="971" charConfidence="28">e</charParams>
<charParams l="255" t="948" r="274" b="970" charConfidence="32">n</charParams>
<charParams l="282" t="962" r="293" b="976" charConfidence="75">,</charParams>
<charParams l="293" t="947" r="333" b="976"> </charParams>
<charParams l="333" t="947" r="349" b="968" charConfidence="31">a</charParams>
<charParams l="352" t="940" r="362" b="968" charConfidence="45">l</charParams>
<charParams l="363" t="943" r="380" b="968" charConfidence="100">s</charParams>
<charParams l="380" t="943" r="404" b="968"> </charParams>
<charParams l="404" t="946" r="418" b="967" charConfidence="28">e</charParams>
<charParams l="420" t="939" r="429" b="967" charConfidence="26">i</charParams>
<charParams l="430" t="945" r="450" b="967" suspicious="1" charConfidence="-1">»</charParams>
<charParams l="450" t="936" r="474" b="967"> </charParams>
<charParams l="474" t="935" r="508" b="967" charConfidence="26">B</charParams>
<charParams l="511" t="945" r="524" b="966" charConfidence="35">e</charParams>
<charParams l="526" t="939" r="541" b="966" charConfidence="27">d</charParams>
<charParams l="545" t="937" r="554" b="965" charConfidence="33">i</charParams>
<charParams l="556" t="944" r="569" b="966" charConfidence="26">e</charParams>
<charParams l="571" t="944" r="589" b="965" charConfidence="30">n</charParams>
<charParams l="592" t="941" r="604" b="966" charConfidence="30">t</charParams>
<charParams l="605" t="944" r="618" b="966" charConfidence="26">e</charParams>
<charParams l="620" t="944" r="635" b="966" charConfidence="27">r</charParams>
<charParams l="635" t="937" r="657" b="967"> </charParams>
<charParams l="657" t="937" r="666" b="966" charConfidence="26">i</charParams>
<charParams l="668" t="935" r="686" b="975" charConfidence="58">h</charParams>
<charParams l="689" t="944" r="707" b="966" charConfidence="40">n</charParams>
<charParams l="710" t="944" r="723" b="966" charConfidence="27">e</charParams>
<charParams l="724" t="944" r="743" b="967" charConfidence="36">n</charParams>
<charParams l="743" t="935" r="764" b="975"> </charParams>
<charParams l="764" t="935" r="784" b="975" suspicious="1" charConfidence="26">h</charParams>
<charParams l="787" t="945" r="802" b="968" charConfidence="24">a</charParams>
<charParams l="806" t="938" r="827" b="976" charConfidence="66">s</charParams>
<charParams l="806" t="938" r="827" b="976" suspicious="1" charConfidence="66">t</charParams>
<charParams l="829" t="939" r="837" b="969" charConfidence="-1">i</charParams>
<charParams l="838" t="947" r="857" b="976" charConfidence="24">g</charParams>
<charParams l="857" t="947" r="880" b="976"> </charParams>
<charParams l="880" t="947" r="894" b="969" charConfidence="24">e</charParams>
<charParams l="896" t="947" r="913" b="969" charConfidence="32">n</charParams>
<charParams l="916" t="945" r="928" b="969" charConfidence="25">t</charParams>
<charParams l="927" t="946" r="945" b="976" charConfidence="54">g</charParams>
<charParams l="947" t="948" r="961" b="970" charConfidence="54">e</charParams>
<charParams l="960" t="951" r="973" b="966" charConfidence="22">¬</charParams></formatting></line>
<line baseline="1034" l="183" t="993" r="969" b="1044"><formatting lang="OldGerman">
<charParams l="183" t="1012" r="200" b="1042" charConfidence="55">g</charParams>
<charParams l="204" t="1011" r="216" b="1034" charConfidence="31">e</charParams>
<charParams l="219" t="1010" r="236" b="1034" charConfidence="73">n</charParams>
<charParams l="237" t="1002" r="255" b="1040"> </charParams>
<charParams l="256" t="1002" r="275" b="1040" charConfidence="33">s</charParams>
<charParams l="256" t="1002" r="275" b="1040" charConfidence="33">t</charParams>
<charParams l="280" t="1002" r="286" b="1031" charConfidence="-1">i</charParams>
<charParams l="291" t="1009" r="301" b="1031" charConfidence="100">e</charParams>
<charParams l="304" t="1009" r="321" b="1038" charConfidence="55">g</charParams>
<charParams l="322" t="1008" r="340" b="1038"> </charParams>
<charParams l="341" t="1008" r="358" b="1030" charConfidence="70">u</charParams>
<charParams l="361" t="1007" r="378" b="1030" charConfidence="27">n</charParams>
<charParams l="382" t="1001" r="397" b="1028" charConfidence="30">d</charParams>
<charParams l="398" t="1001" r="422" b="1028"> </charParams>
<charParams l="423" t="1005" r="450" b="1028" charConfidence="33">m</charParams>
<charParams l="455" t="998" r="462" b="1028" charConfidence="52">i</charParams>
<charParams l="467" t="1003" r="476" b="1028" charConfidence="28">t</charParams>
<charParams l="477" t="998" r="499" b="1028"> </charParams>
<charParams l="500" t="997" r="508" b="1028" charConfidence="62">l</charParams>
<charParams l="512" t="1004" r="526" b="1026" charConfidence="24">a</charParams>
<charParams l="530" t="996" r="556" b="1033" charConfidence="57">c</charParams>
<charParams l="530" t="996" r="556" b="1033" charConfidence="57">h</charParams>
<charParams l="560" t="1005" r="572" b="1027" charConfidence="28">e</charParams>
<charParams l="575" t="1005" r="591" b="1027" charConfidence="40">n</charParams>
<charParams l="596" t="999" r="611" b="1027" charConfidence="30">d</charParams>
<charParams l="615" t="1005" r="627" b="1028" charConfidence="100">e</charParams>
<charParams l="630" t="1004" r="657" b="1029" charConfidence="65">m</charParams>
<charParams l="658" t="995" r="675" b="1029"> </charParams>
<charParams l="676" t="995" r="719" b="1029" charConfidence="30">M</charParams>
<charParams l="723" t="1006" r="738" b="1030" charConfidence="30">u</charParams>
<charParams l="742" t="1006" r="759" b="1030" charConfidence="54">n</charParams>
<charParams l="764" t="1001" r="779" b="1030" charConfidence="27">d</charParams>
<charParams l="783" t="1007" r="795" b="1031" charConfidence="26">e</charParams>
<charParams l="796" t="1001" r="818" b="1038"> </charParams>
<charParams l="819" t="1001" r="837" b="1038" charConfidence="82">s</charParams>
<charParams l="819" t="1001" r="837" b="1038" charConfidence="82">i</charParams>
<charParams l="840" t="1001" r="866" b="1037" charConfidence="60">c</charParams>
<charParams l="840" t="1001" r="866" b="1037" charConfidence="60">h</charParams>
<charParams l="867" t="1000" r="890" b="1039"> </charParams>
<charParams l="891" t="1000" r="904" b="1039" charConfidence="49">s</charParams>
<charParams l="903" t="1001" r="928" b="1039" charConfidence="55">c</charParams>
<charParams l="903" t="1001" r="928" b="1039" charConfidence="55">h</charParams>
<charParams l="933" t="1009" r="946" b="1033" charConfidence="44">o</charParams>
<charParams l="951" t="1009" r="969" b="1032" charConfidence="23">n</charParams></formatting></line>
<line baseline="1096" l="181" t="1055" r="968" b="1103"><formatting lang="OldGerman">
<charParams l="181" t="1073" r="199" b="1095" charConfidence="24">v</charParams>
<charParams l="203" t="1072" r="217" b="1095" charConfidence="42">o</charParams>
<charParams l="220" t="1072" r="239" b="1094" charConfidence="25">n</charParams>
<charParams l="240" t="1070" r="263" b="1094"> </charParams>
<charParams l="264" t="1070" r="280" b="1093" charConfidence="24">u</charParams>
<charParams l="284" t="1070" r="300" b="1091" charConfidence="27">n</charParams>
<charParams l="305" t="1067" r="315" b="1092" charConfidence="26">t</charParams>
<charParams l="318" t="1070" r="329" b="1092" charConfidence="55">e</charParams>
<charParams l="332" t="1068" r="349" b="1091" charConfidence="72">n</charParams>
<charParams l="350" t="1059" r="374" b="1098"> </charParams>
<charParams l="375" t="1059" r="391" b="1097" suspicious="1" charConfidence="85">h</charParams>
<charParams l="396" t="1068" r="408" b="1090" charConfidence="100">e</charParams>
<charParams l="411" t="1067" r="424" b="1090" charConfidence="28">r</charParams>
<charParams l="426" t="1068" r="441" b="1089" charConfidence="24">a</charParams>
<charParams l="446" t="1067" r="462" b="1090" charConfidence="52">u</charParams>
<charParams l="466" t="1059" r="480" b="1096" suspicious="1" charConfidence="67">f</charParams>
<charParams l="481" t="1058" r="507" b="1096"> </charParams>
<charParams l="508" t="1068" r="524" b="1089" charConfidence="57">v</charParams>
<charParams l="529" t="1067" r="540" b="1089" charConfidence="100">e</charParams>
<charParams l="544" t="1068" r="556" b="1090" charConfidence="39">r</charParams>
<charParams l="560" t="1068" r="576" b="1090" charConfidence="81">n</charParams>
<charParams l="580" t="1068" r="592" b="1090" charConfidence="44">e</charParams>
<charParams l="596" t="1059" r="612" b="1099" charConfidence="28">h</charParams>
<charParams l="616" t="1068" r="643" b="1090" charConfidence="71">m</charParams>
<charParams l="647" t="1069" r="659" b="1092" charConfidence="34">e</charParams>
<charParams l="662" t="1069" r="680" b="1092" charConfidence="54">n</charParams>
<charParams l="681" t="1064" r="710" b="1093"> </charParams>
<charParams l="711" t="1064" r="719" b="1093" charConfidence="35">l</charParams>
<charParams l="724" t="1063" r="730" b="1092" charConfidence="33">i</charParams>
<charParams l="734" t="1071" r="746" b="1092" charConfidence="34">e</charParams>
<charParams l="749" t="1061" r="764" b="1099" charConfidence="28">ß</charParams>
<charParams l="769" t="1085" r="777" b="1093" charConfidence="100">.</charParams>
<charParams l="778" t="1061" r="821" b="1095"> </charParams>
<charParams l="822" t="1061" r="852" b="1094" charConfidence="41">K</charParams>
<charParams l="855" t="1072" r="868" b="1093" charConfidence="34">o</charParams>
<charParams l="873" t="1070" r="899" b="1093" charConfidence="62">m</charParams>
<charParams l="904" t="1070" r="930" b="1093" charConfidence="27">m</charParams>
<charParams l="935" t="1071" r="946" b="1094" charConfidence="100">e</charParams>
<charParams l="950" t="1070" r="968" b="1093" charConfidence="27">n</charParams></formatting></line>
<line baseline="1158" l="179" t="1116" r="967" b="1168"><formatting lang="OldGerman">
<charParams l="179" t="1123" r="207" b="1156" charConfidence="27">E</charParams>
<charParams l="210" t="1131" r="235" b="1156" charConfidence="24">w</charParams>
<charParams l="238" t="1146" r="246" b="1154" charConfidence="83">.</charParams>
<charParams l="247" t="1121" r="270" b="1154"> </charParams>
<charParams l="271" t="1121" r="304" b="1154" charConfidence="26">G</charParams>
<charParams l="308" t="1130" r="325" b="1153" charConfidence="48">n</charParams>
<charParams l="329" t="1131" r="344" b="1152" charConfidence="26">a</charParams>
<charParams l="347" t="1124" r="362" b="1151" charConfidence="29">d</charParams>
<charParams l="366" t="1129" r="378" b="1151" charConfidence="50">e</charParams>
<charParams l="382" t="1129" r="399" b="1152" charConfidence="28">n</charParams>
<charParams l="400" t="1124" r="430" b="1152"> </charParams>
<charParams l="431" t="1124" r="447" b="1152" charConfidence="33">d</charParams>
<charParams l="451" t="1130" r="465" b="1152" charConfidence="50">o</charParams>
<charParams l="469" t="1121" r="495" b="1159" charConfidence="56">c</charParams>
<charParams l="469" t="1121" r="495" b="1159" charConfidence="56">h</charParams>
<charParams l="496" t="1120" r="523" b="1162"> </charParams>
<charParams l="524" t="1124" r="533" b="1161" charConfidence="36">j</charParams>
<charParams l="536" t="1131" r="552" b="1153" charConfidence="55">a</charParams>
<charParams l="553" t="1123" r="583" b="1157"> </charParams>
<charParams l="584" t="1123" r="596" b="1157" charConfidence="100">s</charParams>
<charParams l="595" t="1124" r="621" b="1159" charConfidence="54">c</charParams>
<charParams l="595" t="1124" r="621" b="1159" charConfidence="54">h</charParams>
<charParams l="625" t="1132" r="642" b="1154" charConfidence="54">n</charParams>
<charParams l="645" t="1132" r="657" b="1155" charConfidence="28">e</charParams>
<charParams l="661" t="1123" r="669" b="1154" charConfidence="27">l</charParams>
<charParams l="670" t="1123" r="679" b="1154" charConfidence="28">l</charParams>
<charParams l="680" t="1123" r="702" b="1164"> </charParams>
<charParams l="703" t="1123" r="719" b="1164" suspicious="1" charConfidence="100">h</charParams>
<charParams l="723" t="1133" r="735" b="1155" charConfidence="54">e</charParams>
<charParams l="738" t="1133" r="751" b="1155" charConfidence="100">r</charParams>
<charParams l="753" t="1124" r="771" b="1155" charConfidence="71">ü</charParams>
<charParams l="775" t="1125" r="790" b="1156" charConfidence="34">b</charParams>
<charParams l="794" t="1134" r="805" b="1157" charConfidence="25">e</charParams>
<charParams l="809" t="1133" r="822" b="1156" suspicious="1" charConfidence="54">r</charParams>
<charParams l="835" t="1127" r="842" b="1156" charConfidence="100">!</charParams>
<charParams l="843" t="1122" r="887" b="1162"> </charParams>
<charParams l="888" t="1122" r="919" b="1162" suspicious="1" charConfidence="59">H</charParams>
<charParams l="923" t="1132" r="935" b="1154" charConfidence="66">e</charParams>
<charParams l="938" t="1132" r="950" b="1155" suspicious="1" charConfidence="72">r</charParams>
<charParams l="954" t="1132" r="967" b="1155" charConfidence="31">r</charParams></formatting></line>
<line baseline="1220" l="181" t="1178" r="967" b="1231"><formatting lang="OldGerman">
<charParams l="181" t="1184" r="224" b="1218" charConfidence="35">M</charParams>
<charParams l="228" t="1188" r="235" b="1216" charConfidence="26">i</charParams>
<charParams l="240" t="1191" r="249" b="1216" charConfidence="57">t</charParams>
<charParams l="253" t="1191" r="262" b="1216" charConfidence="29">t</charParams>
<charParams l="266" t="1186" r="273" b="1217" charConfidence="45">l</charParams>
<charParams l="276" t="1193" r="287" b="1215" charConfidence="35">e</charParams>
<charParams l="291" t="1193" r="305" b="1215" charConfidence="27">r</charParams>
<charParams l="306" t="1183" r="337" b="1215"> </charParams>
<charParams l="338" t="1183" r="346" b="1214" charConfidence="39">i</charParams>
<charParams l="350" t="1182" r="370" b="1221" charConfidence="71">s</charParams>
<charParams l="350" t="1182" r="370" b="1221" charConfidence="71">t</charParams>
<charParams l="371" t="1182" r="400" b="1220"> </charParams>
<charParams l="401" t="1183" r="408" b="1212" charConfidence="35">i</charParams>
<charParams l="412" t="1191" r="429" b="1213" charConfidence="34">n</charParams>
<charParams l="430" t="1186" r="453" b="1214"> </charParams>
<charParams l="454" t="1186" r="469" b="1214" charConfidence="27">d</charParams>
<charParams l="473" t="1192" r="485" b="1213" charConfidence="66">e</charParams>
<charParams l="488" t="1192" r="506" b="1214" charConfidence="100">n</charParams>
<charParams l="507" t="1181" r="529" b="1215"> </charParams>
<charParams l="530" t="1181" r="565" b="1215" charConfidence="100">S</charParams>
<charParams l="569" t="1184" r="596" b="1221" charConfidence="77">c</charParams>
<charParams l="569" t="1184" r="596" b="1221" charConfidence="77">h</charParams>
<charParams l="600" t="1186" r="607" b="1215" charConfidence="100">l</charParams>
<charParams l="611" t="1193" r="626" b="1216" charConfidence="42">o</charParams>
<charParams l="630" t="1185" r="644" b="1221" charConfidence="58">ß</charParams>
<charParams l="649" t="1185" r="665" b="1225" charConfidence="100">h</charParams>
<charParams l="670" t="1194" r="684" b="1216" charConfidence="38">o</charParams>
<charParams l="686" t="1185" r="702" b="1222" charConfidence="49">f</charParams>
<charParams l="703" t="1185" r="719" b="1224"> </charParams>
<charParams l="720" t="1194" r="737" b="1224" charConfidence="37">g</charParams>
<charParams l="741" t="1194" r="753" b="1217" charConfidence="31">e</charParams>
<charParams l="756" t="1187" r="769" b="1224" charConfidence="37">s</charParams>
<charParams l="766" t="1195" r="783" b="1225" charConfidence="51">p</charParams>
<charParams l="786" t="1194" r="800" b="1217" charConfidence="24">r</charParams>
<charParams l="802" t="1195" r="814" b="1218" charConfidence="55">e</charParams>
<charParams l="817" t="1195" r="833" b="1217" charConfidence="53">n</charParams>
<charParams l="836" t="1195" r="852" b="1226" charConfidence="55">g</charParams>
<charParams l="857" t="1191" r="867" b="1218" charConfidence="27">t</charParams>
<charParams l="869" t="1211" r="877" b="1218" charConfidence="61">.</charParams>
<charParams l="878" t="1183" r="923" b="1218"> </charParams>
<charParams l="924" t="1182" r="950" b="1217" charConfidence="29">E</charParams>
<charParams l="954" t="1193" r="967" b="1216" charConfidence="27">r</charParams></formatting></line>
<line baseline="1282" l="177" t="1239" r="966" b="1290"><formatting lang="OldGerman">
<charParams l="177" t="1248" r="196" b="1289" suspicious="1" charConfidence="28">h</charParams>
<charParams l="200" t="1257" r="215" b="1279" charConfidence="24">a</charParams>
<charParams l="219" t="1254" r="230" b="1280" charConfidence="32">t</charParams>
<charParams l="231" t="1254" r="262" b="1279"> </charParams>
<charParams l="263" t="1255" r="279" b="1278" charConfidence="38">u</charParams>
<charParams l="283" t="1254" r="300" b="1277" charConfidence="89">n</charParams>
<charParams l="302" t="1249" r="319" b="1277" charConfidence="100">s</charParams>
<charParams l="319" t="1249" r="349" b="1277"> </charParams>
<charParams l="350" t="1252" r="366" b="1275" charConfidence="30">a</charParams>
<charParams l="369" t="1243" r="380" b="1274" charConfidence="35">l</charParams>
<charParams l="379" t="1243" r="388" b="1274" charConfidence="26">l</charParams>
<charParams l="390" t="1252" r="404" b="1274" charConfidence="51">e</charParams>
<charParams l="405" t="1251" r="432" b="1284"> </charParams>
<charParams l="433" t="1251" r="445" b="1284" charConfidence="54">z</charParams>
<charParams l="449" t="1252" r="465" b="1275" charConfidence="39">u</charParams>
<charParams l="468" t="1244" r="483" b="1278" charConfidence="66">s</charParams>
<charParams l="480" t="1253" r="496" b="1274" charConfidence="89">a</charParams>
<charParams l="499" t="1251" r="527" b="1276" charConfidence="63">m</charParams>
<charParams l="530" t="1252" r="557" b="1274" charConfidence="58">m</charParams>
<charParams l="561" t="1253" r="574" b="1275" charConfidence="61">e</charParams>
<charParams l="577" t="1254" r="594" b="1275" charConfidence="38">n</charParams>
<charParams l="596" t="1254" r="613" b="1284" charConfidence="41">g</charParams>
<charParams l="617" t="1255" r="629" b="1276" charConfidence="28">e</charParams>
<charParams l="631" t="1246" r="646" b="1282" charConfidence="26">s</charParams>
<charParams l="641" t="1247" r="669" b="1283" charConfidence="55">c</charParams>
<charParams l="641" t="1247" r="669" b="1283" suspicious="1" charConfidence="55">h</charParams>
<charParams l="673" t="1254" r="685" b="1276" charConfidence="45">r</charParams>
<charParams l="688" t="1247" r="697" b="1276" charConfidence="30">i</charParams>
<charParams l="699" t="1254" r="712" b="1277" charConfidence="38">e</charParams>
<charParams l="715" t="1254" r="727" b="1276" charConfidence="99">e</charParams>
<charParams l="730" t="1255" r="747" b="1277" suspicious="1" charConfidence="52">u</charParams>
<charParams l="757" t="1270" r="767" b="1284" charConfidence="61">,</charParams>
<charParams l="768" t="1254" r="803" b="1284"> </charParams>
<charParams l="804" t="1254" r="830" b="1279" charConfidence="57">w</charParams>
<charParams l="834" t="1250" r="841" b="1280" charConfidence="39">i</charParams>
<charParams l="845" t="1257" r="859" b="1280" charConfidence="28">r</charParams>
<charParams l="859" t="1248" r="881" b="1285"> </charParams>
<charParams l="881" t="1248" r="896" b="1285" charConfidence="55">s</charParams>
<charParams l="893" t="1256" r="908" b="1278" charConfidence="37">o</charParams>
<charParams l="911" t="1247" r="930" b="1278" charConfidence="-1">l</charParams>
<charParams l="911" t="1247" r="930" b="1278" charConfidence="-1">l</charParams>
<charParams l="931" t="1255" r="944" b="1278" charConfidence="30">e</charParams>
<charParams l="946" t="1254" r="966" b="1278" charConfidence="24">n</charParams></formatting></line>
<line baseline="1341" l="177" t="1302" r="963" b="1349"><formatting lang="OldGerman">
<charParams l="177" t="1308" r="213" b="1342" charConfidence="34">S</charParams>
<charParams l="218" t="1312" r="225" b="1341" charConfidence="-1">i</charParams>
<charParams l="229" t="1319" r="242" b="1341" charConfidence="40">e</charParams>
<charParams l="243" t="1318" r="271" b="1341"> </charParams>
<charParams l="272" t="1318" r="288" b="1340" charConfidence="76">a</charParams>
<charParams l="292" t="1318" r="308" b="1340" charConfidence="29">u</charParams>
<charParams l="312" t="1307" r="324" b="1345" charConfidence="44">f</charParams>
<charParams l="326" t="1307" r="337" b="1344" charConfidence="24">s</charParams>
<charParams l="336" t="1316" r="352" b="1338" charConfidence="23">u</charParams>
<charParams l="355" t="1306" r="381" b="1344" charConfidence="62">c</charParams>
<charParams l="355" t="1306" r="381" b="1344" charConfidence="62">h</charParams>
<charParams l="385" t="1313" r="397" b="1336" charConfidence="25">e</charParams>
<charParams l="400" t="1313" r="417" b="1335" charConfidence="92">n</charParams>
<charParams l="426" t="1328" r="436" b="1342" charConfidence="100">,</charParams>
<charParams l="437" t="1312" r="459" b="1342"> </charParams>
<charParams l="460" t="1312" r="486" b="1335" charConfidence="26">w</charParams>
<charParams l="490" t="1306" r="498" b="1335" charConfidence="31">i</charParams>
<charParams l="501" t="1312" r="514" b="1336" charConfidence="53">r</charParams>
<charParams l="515" t="1305" r="538" b="1342"> </charParams>
<charParams l="539" t="1305" r="551" b="1342" charConfidence="27">s</charParams>
<charParams l="550" t="1314" r="564" b="1335" charConfidence="39">o</charParams>
<charParams l="569" t="1305" r="584" b="1335" charConfidence="100">l</charParams>
<charParams l="569" t="1305" r="584" b="1335" charConfidence="100">l</charParams>
<charParams l="588" t="1314" r="600" b="1336" charConfidence="27">e</charParams>
<charParams l="603" t="1313" r="621" b="1335" charConfidence="44">n</charParams>
<charParams l="622" t="1305" r="644" b="1338"> </charParams>
<charParams l="645" t="1304" r="680" b="1338" charConfidence="30">S</charParams>
<charParams l="684" t="1308" r="692" b="1336" charConfidence="26">i</charParams>
<charParams l="696" t="1316" r="709" b="1337" charConfidence="29">e</charParams>
<charParams l="710" t="1306" r="730" b="1343"> </charParams>
<charParams l="731" t="1306" r="746" b="1343" charConfidence="76">f</charParams>
<charParams l="745" t="1315" r="758" b="1337" charConfidence="63">r</charParams>
<charParams l="760" t="1315" r="775" b="1337" charConfidence="35">a</charParams>
<charParams l="778" t="1316" r="794" b="1345" charConfidence="57">g</charParams>
<charParams l="798" t="1316" r="810" b="1337" charConfidence="50">e</charParams>
<charParams l="814" t="1316" r="831" b="1339" charConfidence="55">n</charParams>
<charParams l="839" t="1331" r="848" b="1344" charConfidence="71">,</charParams>
<charParams l="849" t="1317" r="872" b="1344"> </charParams>
<charParams l="873" t="1317" r="887" b="1339" charConfidence="45">o</charParams>
<charParams l="891" t="1308" r="907" b="1339" charConfidence="36">b</charParams>
<charParams l="908" t="1308" r="931" b="1340"> </charParams>
<charParams l="932" t="1316" r="945" b="1340" suspicious="1" charConfidence="36">c</charParams>
<charParams l="947" t="1310" r="963" b="1338" suspicious="1" charConfidence="22">ü</charParams></formatting></line>
<line baseline="1403" l="178" t="1361" r="963" b="1412"><formatting lang="OldGerman">
<charParams l="178" t="1370" r="215" b="1403" charConfidence="43">N</charParams>
<charParams l="217" t="1381" r="232" b="1403" charConfidence="51">o</charParams>
<charParams l="235" t="1378" r="246" b="1402" charConfidence="29">t</charParams>
<charParams l="247" t="1371" r="266" b="1411" charConfidence="57">h</charParams>
<charParams l="266" t="1371" r="289" b="1411"> </charParams>
<charParams l="289" t="1376" r="301" b="1402" charConfidence="36">t</charParams>
<charParams l="303" t="1369" r="321" b="1408" charConfidence="27">h</charParams>
<charParams l="324" t="1379" r="340" b="1401" charConfidence="23">u</charParams>
<charParams l="344" t="1377" r="358" b="1400" charConfidence="31">e</charParams>
<charParams l="369" t="1368" r="385" b="1400" charConfidence="22">?</charParams>
<charParams l="385" t="1365" r="431" b="1400"> </charParams>
<charParams l="431" t="1365" r="459" b="1397" charConfidence="22">O</charParams>
<charParams l="462" t="1366" r="478" b="1397" charConfidence="37">b</charParams>
<charParams l="478" t="1366" r="503" b="1397"> </charParams>
<charParams l="503" t="1374" r="516" b="1397" charConfidence="26">e</charParams>
<charParams l="518" t="1369" r="534" b="1396" charConfidence="100">s</charParams>
<charParams l="534" t="1364" r="555" b="1398"> </charParams>
<charParams l="555" t="1364" r="592" b="1398" charConfidence="100">N</charParams>
<charParams l="595" t="1374" r="610" b="1397" charConfidence="60">o</charParams>
<charParams l="612" t="1371" r="623" b="1397" charConfidence="30">t</charParams>
<charParams l="625" t="1366" r="643" b="1405" charConfidence="61">h</charParams>
<charParams l="643" t="1365" r="667" b="1405"> </charParams>
<charParams l="667" t="1372" r="679" b="1398" charConfidence="93">t</charParams>
<charParams l="680" t="1366" r="698" b="1405" charConfidence="72">h</charParams>
<charParams l="701" t="1375" r="719" b="1397" charConfidence="100">u</charParams>
<charParams l="722" t="1372" r="736" b="1398" charConfidence="25">t</charParams>
<charParams l="742" t="1389" r="752" b="1403" charConfidence="64">,</charParams>
<charParams l="752" t="1375" r="776" b="1403"> </charParams>
<charParams l="776" t="1375" r="789" b="1399" charConfidence="100">r</charParams>
<charParams l="792" t="1369" r="800" b="1400" charConfidence="100">i</charParams>
<charParams l="803" t="1377" r="816" b="1399" charConfidence="29">e</charParams>
<charParams l="818" t="1368" r="832" b="1407" charConfidence="28">f</charParams>
<charParams l="832" t="1368" r="852" b="1407"> </charParams>
<charParams l="852" t="1378" r="866" b="1400" charConfidence="26">e</charParams>
<charParams l="868" t="1377" r="883" b="1399" charConfidence="27">r</charParams>
<charParams l="883" t="1376" r="904" b="1399"> </charParams>
<charParams l="904" t="1376" r="922" b="1399" charConfidence="24">u</charParams>
<charParams l="925" t="1374" r="943" b="1399" charConfidence="25">n</charParams>
<charParams l="945" t="1370" r="963" b="1399" charConfidence="74">s</charParams></formatting></line>
<line baseline="1464" l="178" t="1424" r="960" b="1474"><formatting lang="OldGerman">
<charParams l="178" t="1439" r="195" b="1462" charConfidence="-1">»</charParams>
<charParams l="200" t="1440" r="208" b="1470" charConfidence="24">s</charParams>
<charParams l="208" t="1441" r="215" b="1462" suspicious="1" charConfidence="100">i</charParams>
<charParams l="219" t="1433" r="246" b="1471" charConfidence="58">c</charParams>
<charParams l="219" t="1433" r="246" b="1471" charConfidence="58">h</charParams>
<charParams l="257" t="1442" r="264" b="1463" charConfidence="77">:</charParams>
<charParams l="265" t="1430" r="293" b="1469"> </charParams>
<charParams l="294" t="1430" r="326" b="1469" charConfidence="24">H</charParams>
<charParams l="330" t="1432" r="344" b="1462" charConfidence="22">ö</charParams>
<charParams l="348" t="1440" r="360" b="1463" charConfidence="40">r</charParams>
<charParams l="363" t="1436" r="374" b="1464" charConfidence="41">t</charParams>
<charParams l="375" t="1431" r="397" b="1463"> </charParams>
<charParams l="398" t="1431" r="405" b="1461" charConfidence="100">i</charParams>
<charParams l="409" t="1429" r="425" b="1472" charConfidence="83">h</charParams>
<charParams l="429" t="1438" r="442" b="1462" charConfidence="75">r</charParams>
<charParams l="452" t="1428" r="467" b="1460" charConfidence="0">?</charParams>
<charParams l="468" t="1428" r="500" b="1460"> </charParams>
<charParams l="501" t="1435" r="517" b="1460" charConfidence="29">a</charParams>
<charParams l="521" t="1427" r="536" b="1460" charConfidence="33">b</charParams>
<charParams l="540" t="1436" r="551" b="1460" charConfidence="28">e</charParams>
<charParams l="554" t="1436" r="568" b="1460" charConfidence="61">r</charParams>
<charParams l="569" t="1436" r="590" b="1467"> </charParams>
<charParams l="591" t="1437" r="607" b="1467" charConfidence="50">g</charParams>
<charParams l="611" t="1437" r="623" b="1460" charConfidence="35">e</charParams>
<charParams l="627" t="1428" r="638" b="1467" charConfidence="28">s</charParams>
<charParams l="637" t="1428" r="663" b="1468" charConfidence="59">c</charParams>
<charParams l="637" t="1428" r="663" b="1468" charConfidence="59">h</charParams>
<charParams l="666" t="1435" r="692" b="1459" charConfidence="67">w</charParams>
<charParams l="695" t="1429" r="704" b="1459" charConfidence="34">i</charParams>
<charParams l="707" t="1436" r="723" b="1459" charConfidence="80">n</charParams>
<charParams l="728" t="1430" r="743" b="1459" charConfidence="39">d</charParams>
<charParams l="753" t="1452" r="762" b="1467" charConfidence="80">,</charParams>
<charParams l="763" t="1439" r="785" b="1468"> </charParams>
<charParams l="786" t="1438" r="803" b="1468" charConfidence="27">g</charParams>
<charParams l="807" t="1439" r="818" b="1460" charConfidence="24">e</charParams>
<charParams l="823" t="1430" r="833" b="1467" charConfidence="25">s</charParams>
<charParams l="833" t="1430" r="859" b="1468" charConfidence="63">c</charParams>
<charParams l="833" t="1430" r="859" b="1468" charConfidence="63">h</charParams>
<charParams l="862" t="1436" r="887" b="1460" charConfidence="58">w</charParams>
<charParams l="892" t="1429" r="899" b="1461" charConfidence="30">i</charParams>
<charParams l="903" t="1436" r="919" b="1460" charConfidence="25">n</charParams>
<charParams l="923" t="1430" r="938" b="1459" charConfidence="31">d</charParams>
<charParams l="952" t="1431" r="960" b="1451" suspicious="1" charConfidence="62">&apos;</charParams></formatting></line></par>
</text>
</block>
</page>
</document>