﻿<?xml version="1.0" encoding="UTF-8" standalone="yes"?>
<document xmlns="http://www.abbyy.com/FineReader_xml/FineReader10-schema-v1.xml" version="1.0" producer="ABBYY FineReader Engine 11" languages="" xmlns:xsi="http://www.w3.org/2001/XMLSchema-instance" xsi:schemaLocation="http://www.abbyy.com/FineReader_xml/FineReader10-schema-v1.xml http://www.abbyy.com/FineReader_xml/FineReader10-schema-v1.xml">
<page width="1156" height="1782" resolution="300" originalCoords="1">
<block blockType="Text" blockName="">
<text>
<par startIndent="144">
<line baseline="87" l="565" t="59" r="606" b="87"><formatting lang="OldGerman">
<charParams l="565" t="59" r="584" b="87" charConfidence="22">3</charParams>
<charParams l="588" t="59" r="606" b="87" charConfidence="100">3</charParams></formatting></line></par>
</text>
</block>
<block blockType="Text" blockName="">
<text>
<par align="Justified" startIndent="1824" lineSpacing="1416">
<line baseline="173" l="253" t="137" r="978" b="181"><formatting lang="OldGerman">
<charParams l="253" t="142" r="289" b="175" charConfidence="36">D</charParams>
<charParams l="293" t="151" r="305" b="174" charConfidence="39">e</charParams>
<charParams l="308" t="150" r="323" b="175" charConfidence="31">r</charParams>
<charParams l="324" t="145" r="356" b="175"> </charParams>
<charParams l="357" t="145" r="374" b="174" charConfidence="25">d</charParams>
<charParams l="376" t="151" r="390" b="175" charConfidence="34">r</charParams>
<charParams l="393" t="151" r="408" b="174" charConfidence="30">o</charParams>
<charParams l="409" t="142" r="420" b="173" charConfidence="33">l</charParams>
<charParams l="420" t="142" r="429" b="173" charConfidence="52">l</charParams>
<charParams l="431" t="143" r="438" b="172" charConfidence="43">i</charParams>
<charParams l="440" t="149" r="456" b="181" charConfidence="27">g</charParams>
<charParams l="460" t="150" r="473" b="172" charConfidence="25">e</charParams>
<charParams l="474" t="137" r="495" b="172"> </charParams>
<charParams l="496" t="137" r="541" b="171" charConfidence="31">M</charParams>
<charParams l="544" t="147" r="558" b="168" charConfidence="24">a</charParams>
<charParams l="562" t="147" r="579" b="170" charConfidence="74">n</charParams>
<charParams l="583" t="147" r="600" b="170" suspicious="1" charConfidence="33">n</charParams>
<charParams l="614" t="140" r="622" b="169" suspicious="1" charConfidence="100">!</charParams>
<charParams l="623" t="140" r="667" b="172"> </charParams>
<charParams l="668" t="150" r="682" b="172" charConfidence="100">r</charParams>
<charParams l="686" t="143" r="693" b="173" charConfidence="-1">i</charParams>
<charParams l="696" t="151" r="709" b="174" charConfidence="100">e</charParams>
<charParams l="711" t="142" r="726" b="180" charConfidence="100">f</charParams>
<charParams l="727" t="142" r="745" b="180"> </charParams>
<charParams l="746" t="142" r="772" b="176" charConfidence="-1">E</charParams>
<charParams l="774" t="145" r="790" b="175" charConfidence="27">d</charParams>
<charParams l="794" t="151" r="810" b="175" charConfidence="72">u</charParams>
<charParams l="814" t="153" r="829" b="175" charConfidence="26">a</charParams>
<charParams l="832" t="152" r="846" b="175" charConfidence="40">r</charParams>
<charParams l="848" t="145" r="865" b="175" charConfidence="30">d</charParams>
<charParams l="866" t="145" r="897" b="175"> </charParams>
<charParams l="898" t="153" r="914" b="175" charConfidence="40">a</charParams>
<charParams l="918" t="152" r="934" b="175" charConfidence="80">u</charParams>
<charParams l="938" t="147" r="954" b="175" suspicious="1" charConfidence="98">s</charParams>
<charParams l="968" t="154" r="978" b="175" suspicious="1" charConfidence="40">:</charParams></formatting></line>
<line baseline="233" l="186" t="201" r="977" b="245"><formatting lang="OldGerman">
<charParams l="186" t="203" r="201" b="235" charConfidence="27">k</charParams>
<charParams l="203" t="212" r="218" b="234" charConfidence="29">o</charParams>
<charParams l="221" t="210" r="247" b="233" charConfidence="45">m</charParams>
<charParams l="252" t="210" r="279" b="234" charConfidence="37">m</charParams>
<charParams l="284" t="208" r="294" b="234" charConfidence="59">t</charParams>
<charParams l="295" t="208" r="317" b="235"> </charParams>
<charParams l="318" t="212" r="331" b="235" charConfidence="25">e</charParams>
<charParams l="334" t="212" r="347" b="234" charConfidence="100">r</charParams>
<charParams l="348" t="211" r="370" b="234"> </charParams>
<charParams l="371" t="211" r="387" b="233" charConfidence="34">n</charParams>
<charParams l="392" t="203" r="399" b="232" charConfidence="-1">i</charParams>
<charParams l="403" t="202" r="429" b="239" charConfidence="100">c</charParams>
<charParams l="403" t="202" r="429" b="239" charConfidence="100">h</charParams>
<charParams l="432" t="206" r="444" b="233" charConfidence="68">t</charParams>
<charParams l="445" t="206" r="464" b="238"> </charParams>
<charParams l="465" t="208" r="483" b="238" charConfidence="24">g</charParams>
<charParams l="486" t="208" r="498" b="230" charConfidence="30">e</charParams>
<charParams l="501" t="207" r="514" b="229" charConfidence="43">r</charParams>
<charParams l="516" t="206" r="531" b="227" charConfidence="25">a</charParams>
<charParams l="535" t="201" r="550" b="228" charConfidence="30">d</charParams>
<charParams l="554" t="206" r="568" b="228" charConfidence="71">e</charParams>
<charParams l="569" t="206" r="590" b="238"> </charParams>
<charParams l="591" t="206" r="602" b="238" charConfidence="26">z</charParams>
<charParams l="607" t="207" r="623" b="229" charConfidence="54">u</charParams>
<charParams l="627" t="207" r="640" b="229" charConfidence="100">r</charParams>
<charParams l="641" t="207" r="663" b="231"> </charParams>
<charParams l="664" t="209" r="677" b="231" charConfidence="46">r</charParams>
<charParams l="680" t="210" r="692" b="232" charConfidence="30">e</charParams>
<charParams l="695" t="203" r="721" b="238" charConfidence="74">c</charParams>
<charParams l="695" t="203" r="721" b="238" charConfidence="74">h</charParams>
<charParams l="725" t="209" r="735" b="234" charConfidence="37">t</charParams>
<charParams l="739" t="212" r="750" b="234" charConfidence="26">e</charParams>
<charParams l="753" t="212" r="770" b="234" charConfidence="79">n</charParams>
<charParams l="771" t="203" r="786" b="241"> </charParams>
<charParams l="787" t="203" r="808" b="241" charConfidence="52">Z</charParams>
<charParams l="813" t="213" r="825" b="235" charConfidence="37">e</charParams>
<charParams l="828" t="206" r="835" b="235" suspicious="1" charConfidence="100">l</charParams>
<charParams l="839" t="210" r="850" b="235" charConfidence="28">t</charParams>
<charParams l="850" t="227" r="859" b="241" charConfidence="73">,</charParams>
<charParams l="860" t="203" r="884" b="241"> </charParams>
<charParams l="885" t="203" r="910" b="237" charConfidence="34">C</charParams>
<charParams l="913" t="204" r="929" b="245" charConfidence="46">h</charParams>
<charParams l="934" t="214" r="949" b="236" charConfidence="0">a</charParams>
<charParams l="952" t="213" r="966" b="236" charConfidence="26">r</charParams>
<charParams l="966" t="215" r="977" b="231" charConfidence="22">¬</charParams></formatting></line>
<line baseline="292" l="187" t="258" r="977" b="302"><formatting lang="OldGerman">
<charParams l="187" t="265" r="197" b="296" charConfidence="34">l</charParams>
<charParams l="200" t="273" r="214" b="296" charConfidence="41">o</charParams>
<charParams l="218" t="269" r="228" b="295" charConfidence="44">t</charParams>
<charParams l="231" t="268" r="241" b="295" charConfidence="100">t</charParams>
<charParams l="244" t="269" r="256" b="294" charConfidence="25">e</charParams>
<charParams l="267" t="264" r="282" b="294" charConfidence="100">?</charParams>
<charParams l="283" t="261" r="314" b="294"> </charParams>
<charParams l="315" t="261" r="348" b="294" charConfidence="25">G</charParams>
<charParams l="352" t="272" r="363" b="293" charConfidence="25">e</charParams>
<charParams l="367" t="262" r="381" b="299" charConfidence="41">s</charParams>
<charParams l="378" t="262" r="405" b="297" charConfidence="57">c</charParams>
<charParams l="378" t="262" r="405" b="297" charConfidence="57">h</charParams>
<charParams l="408" t="267" r="433" b="291" charConfidence="24">w</charParams>
<charParams l="437" t="260" r="444" b="289" charConfidence="27">i</charParams>
<charParams l="447" t="267" r="464" b="289" charConfidence="100">n</charParams>
<charParams l="468" t="261" r="483" b="289" charConfidence="27">d</charParams>
<charParams l="484" t="261" r="507" b="298"> </charParams>
<charParams l="508" t="265" r="520" b="298" charConfidence="29">z</charParams>
<charParams l="524" t="266" r="540" b="289" charConfidence="26">u</charParams>
<charParams l="544" t="266" r="556" b="288" charConfidence="35">r</charParams>
<charParams l="560" t="258" r="575" b="289" charConfidence="22">ü</charParams>
<charParams l="580" t="259" r="604" b="289" charConfidence="22">c</charParams>
<charParams l="580" t="259" r="604" b="289" charConfidence="22">k</charParams>
<charParams l="615" t="260" r="623" b="289" charConfidence="22">!</charParams>
<charParams l="624" t="259" r="655" b="290"> </charParams>
<charParams l="656" t="259" r="671" b="290" charConfidence="35">b</charParams>
<charParams l="675" t="270" r="687" b="291" charConfidence="43">e</charParams>
<charParams l="690" t="261" r="704" b="298" charConfidence="92">f</charParams>
<charParams l="703" t="271" r="718" b="292" charConfidence="31">a</charParams>
<charParams l="722" t="262" r="738" b="302" charConfidence="100">h</charParams>
<charParams l="743" t="264" r="752" b="294" charConfidence="58">l</charParams>
<charParams l="753" t="264" r="774" b="294"> </charParams>
<charParams l="775" t="272" r="787" b="294" charConfidence="26">e</charParams>
<charParams l="790" t="272" r="804" b="295" charConfidence="35">r</charParams>
<charParams l="805" t="267" r="827" b="296"> </charParams>
<charParams l="828" t="267" r="843" b="296" charConfidence="36">d</charParams>
<charParams l="847" t="274" r="859" b="296" charConfidence="25">e</charParams>
<charParams l="862" t="272" r="889" b="296" charConfidence="90">m</charParams>
<charParams l="890" t="264" r="914" b="297"> </charParams>
<charParams l="915" t="264" r="949" b="297" charConfidence="28">B</charParams>
<charParams l="952" t="273" r="965" b="296" charConfidence="41">e</charParams>
<charParams l="966" t="276" r="977" b="292" charConfidence="22">¬</charParams></formatting></line>
<line baseline="352" l="186" t="317" r="975" b="365"><formatting lang="OldGerman">
<charParams l="186" t="326" r="203" b="355" charConfidence="26">d</charParams>
<charParams l="207" t="325" r="215" b="354" charConfidence="100">i</charParams>
<charParams l="218" t="333" r="231" b="355" charConfidence="42">e</charParams>
<charParams l="234" t="332" r="250" b="355" charConfidence="37">n</charParams>
<charParams l="255" t="328" r="265" b="354" charConfidence="62">t</charParams>
<charParams l="268" t="332" r="280" b="355" charConfidence="26">e</charParams>
<charParams l="282" t="331" r="299" b="354" charConfidence="27">n</charParams>
<charParams l="312" t="332" r="321" b="352" charConfidence="37">:</charParams>
<charParams l="322" t="321" r="359" b="357"> </charParams>
<charParams l="360" t="321" r="373" b="357" charConfidence="69">s</charParams>
<charParams l="371" t="327" r="387" b="350" charConfidence="25">a</charParams>
<charParams l="389" t="326" r="405" b="357" charConfidence="26">g</charParams>
<charParams l="409" t="326" r="422" b="349" charConfidence="28">e</charParams>
<charParams l="423" t="318" r="452" b="349"> </charParams>
<charParams l="453" t="318" r="461" b="347" charConfidence="42">i</charParams>
<charParams l="465" t="317" r="481" b="354" charConfidence="85">h</charParams>
<charParams l="486" t="324" r="513" b="348" charConfidence="69">m</charParams>
<charParams l="527" t="326" r="534" b="347" charConfidence="100">:</charParams>
<charParams l="535" t="325" r="580" b="349"> </charParams>
<charParams l="581" t="325" r="594" b="349" charConfidence="28">e</charParams>
<charParams l="597" t="320" r="612" b="348" charConfidence="22">ö</charParams>
<charParams l="613" t="320" r="653" b="349"> </charParams>
<charParams l="654" t="324" r="664" b="349" charConfidence="38">t</charParams>
<charParams l="668" t="319" r="684" b="357" charConfidence="100">h</charParams>
<charParams l="688" t="329" r="705" b="352" charConfidence="72">u</charParams>
<charParams l="708" t="330" r="722" b="352" suspicious="1" charConfidence="42">e</charParams>
<charParams l="723" t="322" r="763" b="356"> </charParams>
<charParams l="764" t="322" r="800" b="356" charConfidence="38">N</charParams>
<charParams l="803" t="332" r="818" b="355" charConfidence="33">o</charParams>
<charParams l="821" t="329" r="832" b="355" charConfidence="100">t</charParams>
<charParams l="834" t="324" r="852" b="364" charConfidence="29">h</charParams>
<charParams l="864" t="347" r="874" b="361" charConfidence="83">,</charParams>
<charParams l="875" t="325" r="913" b="363"> </charParams>
<charParams l="914" t="325" r="928" b="363" charConfidence="41">s</charParams>
<charParams l="926" t="334" r="938" b="356" charConfidence="32">e</charParams>
<charParams l="941" t="324" r="958" b="365" charConfidence="58">h</charParams>
<charParams l="961" t="333" r="975" b="356" charConfidence="31">r</charParams></formatting></line>
<line baseline="411" l="183" t="376" r="975" b="421"><formatting lang="OldGerman">
<charParams l="183" t="382" r="223" b="414" charConfidence="26">N</charParams>
<charParams l="226" t="392" r="240" b="413" charConfidence="62">o</charParams>
<charParams l="244" t="389" r="253" b="412" charConfidence="30">t</charParams>
<charParams l="256" t="382" r="274" b="420" charConfidence="30">h</charParams>
<charParams l="286" t="383" r="294" b="412" charConfidence="22">!</charParams>
<charParams l="295" t="378" r="340" b="412"> </charParams>
<charParams l="341" t="378" r="367" b="410" suspicious="1" charConfidence="22">L</charParams>
<charParams l="370" t="387" r="383" b="408" charConfidence="29">r</charParams>
<charParams l="384" t="377" r="405" b="413"> </charParams>
<charParams l="406" t="377" r="420" b="413" charConfidence="92">s</charParams>
<charParams l="418" t="386" r="432" b="407" charConfidence="45">o</charParams>
<charParams l="436" t="376" r="446" b="406" charConfidence="35">l</charParams>
<charParams l="446" t="377" r="455" b="406" charConfidence="46">l</charParams>
<charParams l="456" t="377" r="477" b="406"> </charParams>
<charParams l="478" t="385" r="495" b="406" charConfidence="72">n</charParams>
<charParams l="499" t="386" r="515" b="406" charConfidence="41">u</charParams>
<charParams l="519" t="384" r="533" b="407" charConfidence="25">r</charParams>
<charParams l="534" t="384" r="556" b="407"> </charParams>
<charParams l="557" t="386" r="572" b="406" charConfidence="37">a</charParams>
<charParams l="576" t="377" r="591" b="408" charConfidence="26">b</charParams>
<charParams l="596" t="378" r="616" b="415" charConfidence="67">s</charParams>
<charParams l="596" t="378" r="616" b="415" charConfidence="67">t</charParams>
<charParams l="618" t="386" r="631" b="407" charConfidence="26">e</charParams>
<charParams l="633" t="378" r="641" b="407" charConfidence="35">i</charParams>
<charParams l="644" t="386" r="660" b="415" charConfidence="33">g</charParams>
<charParams l="665" t="388" r="676" b="408" charConfidence="26">e</charParams>
<charParams l="680" t="387" r="696" b="409" charConfidence="53">n</charParams>
<charParams l="699" t="400" r="709" b="411" charConfidence="61">.</charParams>
<charParams l="710" t="381" r="754" b="413"> </charParams>
<charParams l="755" t="381" r="786" b="413" charConfidence="-1">V</charParams>
<charParams l="789" t="391" r="801" b="412" charConfidence="29">e</charParams>
<charParams l="804" t="391" r="817" b="412" charConfidence="82">r</charParams>
<charParams l="820" t="384" r="834" b="419" charConfidence="26">s</charParams>
<charParams l="831" t="392" r="845" b="414" charConfidence="33">o</charParams>
<charParams l="848" t="392" r="862" b="413" charConfidence="100">r</charParams>
<charParams l="862" t="393" r="880" b="421" charConfidence="55">g</charParams>
<charParams l="884" t="389" r="895" b="415" charConfidence="38">t</charParams>
<charParams l="896" t="384" r="916" b="421"> </charParams>
<charParams l="917" t="384" r="931" b="421" charConfidence="100">s</charParams>
<charParams l="930" t="393" r="941" b="415" charConfidence="55">e</charParams>
<charParams l="945" t="386" r="953" b="415" charConfidence="27">i</charParams>
<charParams l="956" t="393" r="975" b="414" charConfidence="24">n</charParams></formatting></line>
<line baseline="470" l="183" t="435" r="973" b="481"><formatting lang="OldGerman">
<charParams l="183" t="440" r="217" b="479" charConfidence="41">P</charParams>
<charParams l="221" t="441" r="235" b="475" charConfidence="70">f</charParams>
<charParams l="234" t="449" r="245" b="469" charConfidence="24">e</charParams>
<charParams l="249" t="448" r="261" b="470" charConfidence="43">r</charParams>
<charParams l="264" t="442" r="280" b="470" charConfidence="27">d</charParams>
<charParams l="289" t="460" r="298" b="476" charConfidence="73">,</charParams>
<charParams l="299" t="437" r="321" b="476"> </charParams>
<charParams l="322" t="437" r="337" b="475" charConfidence="75">f</charParams>
<charParams l="336" t="437" r="353" b="468" charConfidence="75">ü</charParams>
<charParams l="356" t="436" r="373" b="475" charConfidence="67">h</charParams>
<charParams l="377" t="445" r="390" b="468" charConfidence="45">r</charParams>
<charParams l="392" t="442" r="404" b="468" charConfidence="56">t</charParams>
<charParams l="405" t="437" r="426" b="468"> </charParams>
<charParams l="427" t="437" r="435" b="467" charConfidence="53">i</charParams>
<charParams l="439" t="435" r="455" b="478" charConfidence="61">h</charParams>
<charParams l="459" t="444" r="476" b="467" suspicious="1" charConfidence="36">n</charParams>
<charParams l="477" t="438" r="500" b="467"> </charParams>
<charParams l="501" t="438" r="509" b="467" charConfidence="34">i</charParams>
<charParams l="513" t="445" r="530" b="468" charConfidence="32">n</charParams>
<charParams l="531" t="439" r="554" b="468"> </charParams>
<charParams l="555" t="439" r="570" b="467" charConfidence="27">d</charParams>
<charParams l="574" t="445" r="586" b="467" charConfidence="25">e</charParams>
<charParams l="589" t="444" r="606" b="467" charConfidence="53">n</charParams>
<charParams l="607" t="435" r="630" b="468"> </charParams>
<charParams l="631" t="435" r="666" b="468" charConfidence="38">S</charParams>
<charParams l="671" t="446" r="685" b="468" charConfidence="28">a</charParams>
<charParams l="689" t="446" r="704" b="468" charConfidence="32">a</charParams>
<charParams l="709" t="439" r="719" b="469" charConfidence="25">l</charParams>
<charParams l="725" t="461" r="735" b="475" charConfidence="93">,</charParams>
<charParams l="736" t="440" r="759" b="477"> </charParams>
<charParams l="760" t="440" r="775" b="477" charConfidence="49">s</charParams>
<charParams l="772" t="448" r="784" b="471" charConfidence="25">e</charParams>
<charParams l="787" t="443" r="805" b="478" charConfidence="25">h</charParams>
<charParams l="807" t="445" r="819" b="471" charConfidence="40">t</charParams>
<charParams l="820" t="443" r="841" b="473"> </charParams>
<charParams l="842" t="443" r="851" b="473" charConfidence="69">i</charParams>
<charParams l="854" t="441" r="871" b="481" charConfidence="34">h</charParams>
<charParams l="875" t="449" r="904" b="473" charConfidence="32">m</charParams>
<charParams l="905" t="449" r="924" b="473"> </charParams>
<charParams l="925" t="450" r="939" b="473" charConfidence="26">e</charParams>
<charParams l="941" t="443" r="950" b="473" charConfidence="28">i</charParams>
<charParams l="952" t="449" r="973" b="474" charConfidence="-1">»</charParams></formatting></line>
<line baseline="529" l="182" t="497" r="791" b="539"><formatting lang="OldGerman">
<charParams l="182" t="498" r="207" b="537" charConfidence="24">F</charParams>
<charParams l="209" t="508" r="221" b="531" charConfidence="28">r</charParams>
<charParams l="225" t="499" r="240" b="530" charConfidence="65">ü</charParams>
<charParams l="246" t="498" r="262" b="539" charConfidence="57">h</charParams>
<charParams l="266" t="499" r="286" b="539" charConfidence="22">s</charParams>
<charParams l="266" t="499" r="286" b="539" suspicious="1" charConfidence="22">t</charParams>
<charParams l="288" t="497" r="305" b="530" charConfidence="22">ü</charParams>
<charParams l="309" t="498" r="333" b="529" charConfidence="52">c</charParams>
<charParams l="309" t="498" r="333" b="529" suspicious="1" charConfidence="52">k</charParams>
<charParams l="334" t="498" r="356" b="529"> </charParams>
<charParams l="357" t="506" r="373" b="529" charConfidence="26">v</charParams>
<charParams l="378" t="506" r="392" b="529" charConfidence="41">o</charParams>
<charParams l="396" t="506" r="409" b="529" charConfidence="90">r</charParams>
<charParams l="422" t="507" r="431" b="537" charConfidence="91">;</charParams>
<charParams l="432" t="505" r="467" b="537"> </charParams>
<charParams l="468" t="505" r="494" b="530" charConfidence="27">w</charParams>
<charParams l="498" t="498" r="505" b="529" charConfidence="27">i</charParams>
<charParams l="509" t="505" r="523" b="529" charConfidence="31">r</charParams>
<charParams l="524" t="497" r="544" b="529"> </charParams>
<charParams l="545" t="497" r="558" b="528" charConfidence="98">k</charParams>
<charParams l="561" t="507" r="575" b="529" charConfidence="31">o</charParams>
<charParams l="578" t="506" r="606" b="529" charConfidence="100">m</charParams>
<charParams l="609" t="505" r="637" b="529" charConfidence="97">m</charParams>
<charParams l="640" t="506" r="652" b="529" charConfidence="100">e</charParams>
<charParams l="655" t="506" r="673" b="531" charConfidence="58">n</charParams>
<charParams l="674" t="506" r="695" b="537"> </charParams>
<charParams l="696" t="506" r="712" b="537" charConfidence="56">g</charParams>
<charParams l="717" t="499" r="725" b="530" charConfidence="35">l</charParams>
<charParams l="727" t="507" r="739" b="529" charConfidence="31">e</charParams>
<charParams l="742" t="499" r="750" b="529" charConfidence="100">i</charParams>
<charParams l="753" t="499" r="779" b="537" charConfidence="100">c</charParams>
<charParams l="753" t="499" r="779" b="537" charConfidence="100">h</charParams>
<charParams l="782" t="519" r="791" b="530" charConfidence="72">.</charParams></formatting></line></par>
<par align="Justified" startIndent="1824" lineSpacing="1464">
<line baseline="658" l="248" t="624" r="972" b="667"><formatting lang="OldGerman">
<charParams l="248" t="625" r="266" b="659" charConfidence="38">L</charParams>
<charParams l="269" t="635" r="283" b="657" charConfidence="25">a</charParams>
<charParams l="288" t="625" r="304" b="663" charConfidence="28">ß</charParams>
<charParams l="305" t="625" r="327" b="663"> </charParams>
<charParams l="328" t="634" r="346" b="658" charConfidence="70">u</charParams>
<charParams l="349" t="633" r="366" b="657" charConfidence="29">n</charParams>
<charParams l="370" t="629" r="386" b="657" charConfidence="100">s</charParams>
<charParams l="387" t="627" r="409" b="658"> </charParams>
<charParams l="410" t="627" r="425" b="658" charConfidence="26">d</charParams>
<charParams l="430" t="634" r="441" b="658" charConfidence="25">e</charParams>
<charParams l="444" t="634" r="463" b="658" charConfidence="25">n</charParams>
<charParams l="464" t="634" r="486" b="658"> </charParams>
<charParams l="487" t="634" r="504" b="658" charConfidence="81">n</charParams>
<charParams l="508" t="625" r="523" b="658" charConfidence="25">ä</charParams>
<charParams l="527" t="626" r="553" b="666" charConfidence="55">c</charParams>
<charParams l="527" t="626" r="553" b="666" charConfidence="55">h</charParams>
<charParams l="558" t="626" r="577" b="666" charConfidence="30">s</charParams>
<charParams l="558" t="626" r="577" b="666" charConfidence="30">t</charParams>
<charParams l="580" t="634" r="593" b="659" charConfidence="28">e</charParams>
<charParams l="595" t="634" r="612" b="658" charConfidence="51">n</charParams>
<charParams l="613" t="624" r="634" b="659"> </charParams>
<charParams l="635" t="624" r="675" b="659" charConfidence="32">W</charParams>
<charParams l="678" t="635" r="690" b="658" charConfidence="26">e</charParams>
<charParams l="692" t="635" r="708" b="667" charConfidence="59">g</charParams>
<charParams l="709" t="635" r="732" b="667"> </charParams>
<charParams l="733" t="635" r="751" b="658" charConfidence="100">n</charParams>
<charParams l="754" t="634" r="767" b="658" charConfidence="36">e</charParams>
<charParams l="770" t="624" r="786" b="667" charConfidence="100">h</charParams>
<charParams l="790" t="634" r="817" b="657" charConfidence="65">m</charParams>
<charParams l="821" t="634" r="834" b="658" charConfidence="32">e</charParams>
<charParams l="836" t="634" r="854" b="658" charConfidence="48">n</charParams>
<charParams l="861" t="649" r="872" b="665" charConfidence="73">,</charParams>
<charParams l="873" t="625" r="895" b="665"> </charParams>
<charParams l="896" t="625" r="909" b="665" charConfidence="95">s</charParams>
<charParams l="907" t="635" r="922" b="658" charConfidence="36">a</charParams>
<charParams l="925" t="634" r="941" b="666" charConfidence="58">g</charParams>
<charParams l="944" t="629" r="955" b="658" charConfidence="89">t</charParams>
<charParams l="958" t="634" r="972" b="657" charConfidence="-1">«</charParams></formatting></line>
<line baseline="720" l="182" t="687" r="971" b="730"><formatting lang="OldGerman">
<charParams l="182" t="697" r="195" b="720" charConfidence="27">e</charParams>
<charParams l="197" t="697" r="212" b="721" charConfidence="75">r</charParams>
<charParams l="213" t="697" r="234" b="730"> </charParams>
<charParams l="235" t="697" r="246" b="730" charConfidence="55">z</charParams>
<charParams l="249" t="697" r="268" b="720" charConfidence="34">u</charParams>
<charParams l="269" t="688" r="291" b="726"> </charParams>
<charParams l="292" t="688" r="306" b="726" charConfidence="56">s</charParams>
<charParams l="304" t="697" r="315" b="719" charConfidence="26">e</charParams>
<charParams l="319" t="690" r="326" b="719" charConfidence="26">i</charParams>
<charParams l="331" t="697" r="347" b="719" charConfidence="76">n</charParams>
<charParams l="351" t="698" r="363" b="719" charConfidence="29">e</charParams>
<charParams l="366" t="697" r="380" b="719" charConfidence="42">r</charParams>
<charParams l="381" t="687" r="403" b="726"> </charParams>
<charParams l="404" t="687" r="426" b="726" charConfidence="34">F</charParams>
<charParams l="429" t="698" r="442" b="720" charConfidence="24">r</charParams>
<charParams l="445" t="698" r="459" b="720" charConfidence="100">a</charParams>
<charParams l="463" t="698" r="481" b="722" charConfidence="23">u</charParams>
<charParams l="489" t="711" r="498" b="725" charConfidence="90">,</charParams>
<charParams l="499" t="698" r="522" b="725"> </charParams>
<charParams l="523" t="698" r="541" b="720" charConfidence="53">u</charParams>
<charParams l="545" t="697" r="561" b="720" charConfidence="27">n</charParams>
<charParams l="566" t="692" r="581" b="720" charConfidence="28">d</charParams>
<charParams l="582" t="690" r="608" b="727"> </charParams>
<charParams l="609" t="690" r="623" b="727" charConfidence="100">s</charParams>
<charParams l="621" t="691" r="647" b="727" charConfidence="57">c</charParams>
<charParams l="621" t="691" r="647" b="727" charConfidence="57">h</charParams>
<charParams l="652" t="692" r="659" b="721" charConfidence="40">l</charParams>
<charParams l="662" t="698" r="679" b="720" charConfidence="29">u</charParams>
<charParams l="681" t="699" r="698" b="728" charConfidence="30">g</charParams>
<charParams l="699" t="693" r="722" b="728"> </charParams>
<charParams l="723" t="693" r="738" b="720" charConfidence="27">d</charParams>
<charParams l="742" t="698" r="755" b="720" charConfidence="25">e</charParams>
<charParams l="757" t="698" r="774" b="720" charConfidence="29">n</charParams>
<charParams l="775" t="688" r="791" b="727"> </charParams>
<charParams l="792" t="688" r="825" b="727" charConfidence="45">P</charParams>
<charParams l="828" t="688" r="842" b="726" charConfidence="73">f</charParams>
<charParams l="841" t="697" r="857" b="719" charConfidence="63">a</charParams>
<charParams l="860" t="691" r="876" b="719" charConfidence="29">d</charParams>
<charParams l="877" t="688" r="900" b="720"> </charParams>
<charParams l="901" t="688" r="919" b="720" charConfidence="69">ü</charParams>
<charParams l="923" t="689" r="938" b="721" charConfidence="60">b</charParams>
<charParams l="941" t="697" r="954" b="720" charConfidence="100">e</charParams>
<charParams l="956" t="696" r="971" b="719" charConfidence="26">r</charParams></formatting></line>
<line baseline="781" l="181" t="749" r="968" b="791"><formatting lang="OldGerman">
<charParams l="181" t="752" r="198" b="781" charConfidence="27">d</charParams>
<charParams l="201" t="759" r="214" b="782" charConfidence="100">e</charParams>
<charParams l="216" t="758" r="235" b="781" charConfidence="78">n</charParams>
<charParams l="236" t="749" r="257" b="782"> </charParams>
<charParams l="258" t="749" r="288" b="782" charConfidence="40">K</charParams>
<charParams l="291" t="751" r="298" b="780" charConfidence="60">i</charParams>
<charParams l="301" t="758" r="314" b="782" charConfidence="100">r</charParams>
<charParams l="316" t="751" r="343" b="789" charConfidence="69">c</charParams>
<charParams l="316" t="751" r="343" b="789" charConfidence="69">h</charParams>
<charParams l="347" t="749" r="363" b="789" charConfidence="100">h</charParams>
<charParams l="368" t="759" r="382" b="781" charConfidence="38">o</charParams>
<charParams l="385" t="749" r="400" b="787" charConfidence="100">f</charParams>
<charParams l="401" t="749" r="419" b="787"> </charParams>
<charParams l="420" t="759" r="432" b="781" charConfidence="28">e</charParams>
<charParams l="436" t="751" r="444" b="781" charConfidence="33">i</charParams>
<charParams l="447" t="758" r="465" b="781" charConfidence="41">n</charParams>
<charParams l="476" t="773" r="486" b="788" charConfidence="63">,</charParams>
<charParams l="487" t="753" r="527" b="788"> </charParams>
<charParams l="528" t="753" r="544" b="781" charConfidence="30">d</charParams>
<charParams l="548" t="759" r="560" b="782" charConfidence="28">e</charParams>
<charParams l="563" t="759" r="580" b="782" charConfidence="30">n</charParams>
<charParams l="581" t="759" r="604" b="782"> </charParams>
<charParams l="605" t="759" r="617" b="782" charConfidence="27">e</charParams>
<charParams l="620" t="758" r="634" b="782" charConfidence="34">r</charParams>
<charParams l="635" t="750" r="656" b="787"> </charParams>
<charParams l="657" t="750" r="671" b="787" charConfidence="100">s</charParams>
<charParams l="669" t="758" r="683" b="782" charConfidence="36">o</charParams>
<charParams l="687" t="758" r="704" b="781" charConfidence="68">n</charParams>
<charParams l="708" t="751" r="728" b="789" charConfidence="34">s</charParams>
<charParams l="708" t="751" r="728" b="789" charConfidence="34">t</charParams>
<charParams l="729" t="751" r="750" b="791"> </charParams>
<charParams l="751" t="758" r="763" b="791" charConfidence="25">z</charParams>
<charParams l="767" t="759" r="784" b="781" charConfidence="34">u</charParams>
<charParams l="785" t="759" r="805" b="782"> </charParams>
<charParams l="806" t="759" r="824" b="782" charConfidence="28">v</charParams>
<charParams l="828" t="759" r="840" b="781" charConfidence="43">e</charParams>
<charParams l="842" t="758" r="856" b="782" charConfidence="100">r</charParams>
<charParams l="858" t="758" r="885" b="782" charConfidence="93">m</charParams>
<charParams l="889" t="758" r="902" b="782" charConfidence="49">e</charParams>
<charParams l="905" t="751" r="913" b="781" charConfidence="100">i</charParams>
<charParams l="916" t="752" r="931" b="782" charConfidence="29">d</charParams>
<charParams l="935" t="758" r="947" b="782" charConfidence="26">e</charParams>
<charParams l="950" t="758" r="968" b="782" charConfidence="68">n</charParams></formatting></line>
<line baseline="842" l="180" t="809" r="971" b="848"><formatting lang="OldGerman">
<charParams l="180" t="818" r="198" b="848" charConfidence="53">p</charParams>
<charParams l="201" t="810" r="221" b="848" charConfidence="22">f</charParams>
<charParams l="201" t="810" r="221" b="848" charConfidence="22">l</charParams>
<charParams l="223" t="818" r="235" b="839" charConfidence="32">e</charParams>
<charParams l="237" t="817" r="253" b="848" charConfidence="26">g</charParams>
<charParams l="257" t="814" r="268" b="842" charConfidence="61">t</charParams>
<charParams l="270" t="818" r="284" b="840" charConfidence="26">e</charParams>
<charParams l="284" t="833" r="294" b="841" charConfidence="75">.</charParams>
<charParams l="295" t="809" r="346" b="841"> </charParams>
<charParams l="347" t="809" r="376" b="841" charConfidence="28">A</charParams>
<charParams l="378" t="813" r="393" b="841" charConfidence="29">b</charParams>
<charParams l="397" t="819" r="409" b="840" charConfidence="100">e</charParams>
<charParams l="411" t="818" r="430" b="842" charConfidence="23">r</charParams>
<charParams l="431" t="818" r="454" b="842"> </charParams>
<charParams l="455" t="818" r="482" b="842" charConfidence="28">w</charParams>
<charParams l="486" t="812" r="494" b="841" charConfidence="28">i</charParams>
<charParams l="497" t="819" r="510" b="842" charConfidence="27">e</charParams>
<charParams l="511" t="819" r="538" b="842"> </charParams>
<charParams l="539" t="820" r="557" b="842" charConfidence="47">v</charParams>
<charParams l="560" t="819" r="572" b="842" charConfidence="34">e</charParams>
<charParams l="575" t="819" r="588" b="841" charConfidence="36">r</charParams>
<charParams l="589" t="818" r="615" b="842" charConfidence="29">w</charParams>
<charParams l="619" t="819" r="636" b="842" charConfidence="29">u</charParams>
<charParams l="639" t="820" r="655" b="841" charConfidence="78">n</charParams>
<charParams l="660" t="814" r="675" b="842" charConfidence="25">d</charParams>
<charParams l="679" t="820" r="691" b="842" charConfidence="38">e</charParams>
<charParams l="695" t="819" r="707" b="842" charConfidence="36">r</charParams>
<charParams l="710" t="817" r="721" b="842" charConfidence="26">t</charParams>
<charParams l="722" t="817" r="749" b="842"> </charParams>
<charParams l="750" t="818" r="777" b="842" charConfidence="57">w</charParams>
<charParams l="780" t="819" r="795" b="842" charConfidence="39">a</charParams>
<charParams l="799" t="819" r="814" b="843" charConfidence="100">r</charParams>
<charParams l="815" t="819" r="842" b="843"> </charParams>
<charParams l="843" t="820" r="855" b="842" charConfidence="40">e</charParams>
<charParams l="858" t="820" r="871" b="843" charConfidence="41">r</charParams>
<charParams l="878" t="833" r="890" b="848" charConfidence="100">,</charParams>
<charParams l="891" t="820" r="922" b="848"> </charParams>
<charParams l="923" t="820" r="939" b="842" charConfidence="28">a</charParams>
<charParams l="943" t="813" r="951" b="842" charConfidence="34">l</charParams>
<charParams l="953" t="814" r="971" b="842" suspicious="1" charConfidence="32">s</charParams></formatting></line>
<line baseline="899" l="179" t="867" r="968" b="909"><formatting lang="OldGerman">
<charParams l="179" t="877" r="194" b="899" charConfidence="38">e</charParams>
<charParams l="196" t="876" r="210" b="898" charConfidence="36">r</charParams>
<charParams l="211" t="867" r="239" b="902"> </charParams>
<charParams l="240" t="867" r="255" b="902" charConfidence="66">f</charParams>
<charParams l="254" t="877" r="269" b="896" charConfidence="29">a</charParams>
<charParams l="272" t="876" r="290" b="897" charConfidence="78">n</charParams>
<charParams l="293" t="869" r="310" b="897" suspicious="1" charConfidence="31">d</charParams>
<charParams l="320" t="884" r="330" b="903" charConfidence="55">,</charParams>
<charParams l="331" t="871" r="373" b="903"> </charParams>
<charParams l="374" t="871" r="393" b="898" charConfidence="27">d</charParams>
<charParams l="395" t="876" r="411" b="897" charConfidence="26">a</charParams>
<charParams l="415" t="870" r="432" b="903" charConfidence="28">ß</charParams>
<charParams l="433" t="868" r="463" b="903"> </charParams>
<charParams l="464" t="868" r="490" b="900" charConfidence="94">C</charParams>
<charParams l="492" t="870" r="508" b="907" charConfidence="70">h</charParams>
<charParams l="512" t="877" r="528" b="899" charConfidence="45">a</charParams>
<charParams l="531" t="878" r="545" b="899" charConfidence="99">r</charParams>
<charParams l="548" t="871" r="557" b="899" charConfidence="88">l</charParams>
<charParams l="558" t="879" r="574" b="899" charConfidence="36">o</charParams>
<charParams l="577" t="875" r="587" b="900" charConfidence="57">t</charParams>
<charParams l="590" t="875" r="600" b="899" charConfidence="84">t</charParams>
<charParams l="603" t="879" r="615" b="900" charConfidence="36">e</charParams>
<charParams l="616" t="878" r="645" b="901"> </charParams>
<charParams l="646" t="878" r="663" b="901" charConfidence="55">a</charParams>
<charParams l="667" t="878" r="683" b="900" charConfidence="24">u</charParams>
<charParams l="687" t="872" r="714" b="905" charConfidence="55">c</charParams>
<charParams l="687" t="872" r="714" b="905" charConfidence="55">h</charParams>
<charParams l="715" t="870" r="744" b="909"> </charParams>
<charParams l="745" t="870" r="763" b="909" suspicious="1" charConfidence="73">h</charParams>
<charParams l="766" t="871" r="775" b="901" charConfidence="100">i</charParams>
<charParams l="777" t="879" r="789" b="900" charConfidence="33">e</charParams>
<charParams l="792" t="878" r="806" b="900" charConfidence="38">r</charParams>
<charParams l="807" t="869" r="834" b="906"> </charParams>
<charParams l="835" t="869" r="850" b="906" charConfidence="34">f</charParams>
<charParams l="850" t="869" r="867" b="901" charConfidence="33">ü</charParams>
<charParams l="869" t="878" r="884" b="900" charConfidence="100">r</charParams>
<charParams l="885" t="872" r="912" b="900"> </charParams>
<charParams l="913" t="872" r="929" b="899" charConfidence="27">d</charParams>
<charParams l="932" t="878" r="948" b="900" charConfidence="51">a</charParams>
<charParams l="951" t="873" r="968" b="900" suspicious="1" charConfidence="-1">&lt;</charParams></formatting></line>
<line baseline="958" l="179" t="924" r="968" b="966"><formatting lang="OldGerman">
<charParams l="179" t="927" r="212" b="960" charConfidence="29">G</charParams>
<charParams l="217" t="936" r="229" b="959" charConfidence="26">e</charParams>
<charParams l="232" t="926" r="245" b="964" charConfidence="32">f</charParams>
<charParams l="246" t="926" r="262" b="958" charConfidence="46">ü</charParams>
<charParams l="267" t="927" r="283" b="965" charConfidence="100">h</charParams>
<charParams l="287" t="927" r="296" b="958" charConfidence="65">l</charParams>
<charParams l="297" t="927" r="317" b="966"> </charParams>
<charParams l="318" t="934" r="335" b="966" charConfidence="25">g</charParams>
<charParams l="340" t="934" r="351" b="957" charConfidence="25">e</charParams>
<charParams l="354" t="925" r="367" b="962" charConfidence="52">s</charParams>
<charParams l="366" t="933" r="381" b="956" charConfidence="40">o</charParams>
<charParams l="383" t="933" r="397" b="956" charConfidence="48">r</charParams>
<charParams l="398" t="934" r="414" b="964" charConfidence="63">g</charParams>
<charParams l="418" t="930" r="429" b="956" charConfidence="28">t</charParams>
<charParams l="430" t="925" r="452" b="966"> </charParams>
<charParams l="453" t="925" r="470" b="966" suspicious="1" charConfidence="71">h</charParams>
<charParams l="474" t="934" r="489" b="955" charConfidence="60">a</charParams>
<charParams l="494" t="926" r="509" b="957" charConfidence="47">b</charParams>
<charParams l="513" t="934" r="526" b="957" charConfidence="32">e</charParams>
<charParams l="527" t="948" r="535" b="957" charConfidence="85">.</charParams>
<charParams l="536" t="924" r="581" b="957"> </charParams>
<charParams l="582" t="924" r="626" b="957" charConfidence="38">M</charParams>
<charParams l="630" t="927" r="637" b="956" charConfidence="53">i</charParams>
<charParams l="640" t="931" r="651" b="956" charConfidence="48">t</charParams>
<charParams l="652" t="931" r="673" b="957"> </charParams>
<charParams l="674" t="933" r="702" b="957" charConfidence="57">m</charParams>
<charParams l="706" t="927" r="721" b="958" charConfidence="22">ö</charParams>
<charParams l="722" t="935" r="739" b="965" charConfidence="54">g</charParams>
<charParams l="744" t="928" r="752" b="958" charConfidence="29">l</charParams>
<charParams l="754" t="927" r="763" b="957" charConfidence="77">i</charParams>
<charParams l="766" t="928" r="792" b="962" charConfidence="77">c</charParams>
<charParams l="766" t="928" r="792" b="962" charConfidence="77">h</charParams>
<charParams l="797" t="928" r="816" b="966" charConfidence="33">s</charParams>
<charParams l="797" t="928" r="816" b="966" charConfidence="33">t</charParams>
<charParams l="819" t="935" r="831" b="958" charConfidence="32">e</charParams>
<charParams l="833" t="935" r="848" b="958" charConfidence="42">r</charParams>
<charParams l="849" t="926" r="869" b="960"> </charParams>
<charParams l="870" t="926" r="906" b="960" charConfidence="34">S</charParams>
<charParams l="910" t="928" r="937" b="966" charConfidence="100">c</charParams>
<charParams l="910" t="928" r="937" b="966" charConfidence="100">h</charParams>
<charParams l="940" t="937" r="955" b="961" charConfidence="30">o</charParams>
<charParams l="958" t="942" r="968" b="958" charConfidence="96">¬</charParams></formatting></line>
<line baseline="1019" l="179" t="986" r="966" b="1030"><formatting lang="OldGerman">
<charParams l="179" t="998" r="197" b="1022" charConfidence="100">n</charParams>
<charParams l="201" t="998" r="217" b="1022" charConfidence="34">u</charParams>
<charParams l="221" t="997" r="238" b="1021" charConfidence="100">n</charParams>
<charParams l="241" t="998" r="258" b="1030" charConfidence="86">g</charParams>
<charParams l="259" t="992" r="290" b="1030"> </charParams>
<charParams l="291" t="992" r="306" b="1021" charConfidence="28">d</charParams>
<charParams l="310" t="998" r="322" b="1021" charConfidence="30">e</charParams>
<charParams l="325" t="997" r="338" b="1020" charConfidence="78">r</charParams>
<charParams l="339" t="996" r="368" b="1020"> </charParams>
<charParams l="369" t="996" r="385" b="1019" charConfidence="34">a</charParams>
<charParams l="389" t="988" r="396" b="1020" charConfidence="97">l</charParams>
<charParams l="400" t="994" r="410" b="1019" charConfidence="26">t</charParams>
<charParams l="413" t="995" r="424" b="1019" charConfidence="41">e</charParams>
<charParams l="428" t="995" r="444" b="1019" charConfidence="52">n</charParams>
<charParams l="445" t="986" r="469" b="1019"> </charParams>
<charParams l="470" t="986" r="504" b="1018" charConfidence="49">D</charParams>
<charParams l="508" t="995" r="520" b="1018" charConfidence="27">e</charParams>
<charParams l="524" t="996" r="539" b="1017" charConfidence="23">n</charParams>
<charParams l="544" t="986" r="555" b="1018" charConfidence="35">k</charParams>
<charParams l="558" t="995" r="586" b="1018" charConfidence="81">m</charParams>
<charParams l="589" t="986" r="604" b="1019" charConfidence="22">ä</charParams>
<charParams l="608" t="988" r="615" b="1018" charConfidence="100">l</charParams>
<charParams l="619" t="995" r="631" b="1018" charConfidence="27">e</charParams>
<charParams l="633" t="995" r="647" b="1017" charConfidence="100">r</charParams>
<charParams l="648" t="987" r="677" b="1026"> </charParams>
<charParams l="678" t="987" r="695" b="1026" suspicious="1" charConfidence="80">h</charParams>
<charParams l="700" t="995" r="715" b="1018" charConfidence="25">a</charParams>
<charParams l="720" t="991" r="729" b="1018" charConfidence="26">t</charParams>
<charParams l="731" t="992" r="742" b="1018" charConfidence="36">t</charParams>
<charParams l="744" t="996" r="756" b="1018" charConfidence="25">e</charParams>
<charParams l="757" t="988" r="785" b="1027"> </charParams>
<charParams l="786" t="988" r="805" b="1027" charConfidence="84">s</charParams>
<charParams l="786" t="988" r="805" b="1027" charConfidence="84">i</charParams>
<charParams l="808" t="997" r="820" b="1020" charConfidence="26">e</charParams>
<charParams l="821" t="997" r="843" b="1020"> </charParams>
<charParams l="844" t="997" r="859" b="1020" charConfidence="26">a</charParams>
<charParams l="864" t="991" r="872" b="1020" charConfidence="33">l</charParams>
<charParams l="872" t="990" r="881" b="1021" charConfidence="37">l</charParams>
<charParams l="883" t="999" r="896" b="1022" charConfidence="26">e</charParams>
<charParams l="899" t="996" r="914" b="1022" charConfidence="100">s</charParams>
<charParams l="915" t="992" r="937" b="1030"> </charParams>
<charParams l="938" t="992" r="953" b="1030" charConfidence="100">s</charParams>
<charParams l="950" t="1001" r="966" b="1024" charConfidence="100">o</charParams></formatting></line>
<line baseline="1082" l="178" t="1049" r="966" b="1095"><formatting lang="OldGerman">
<charParams l="178" t="1059" r="191" b="1095" charConfidence="27">z</charParams>
<charParams l="194" t="1061" r="212" b="1085" charConfidence="52">u</charParams>
<charParams l="213" t="1061" r="241" b="1085"> </charParams>
<charParams l="242" t="1062" r="260" b="1085" charConfidence="26">v</charParams>
<charParams l="264" t="1061" r="276" b="1084" charConfidence="100">e</charParams>
<charParams l="279" t="1061" r="292" b="1084" charConfidence="41">r</charParams>
<charParams l="294" t="1061" r="310" b="1092" charConfidence="39">g</charParams>
<charParams l="315" t="1052" r="322" b="1084" charConfidence="100">l</charParams>
<charParams l="326" t="1060" r="337" b="1083" charConfidence="25">e</charParams>
<charParams l="341" t="1052" r="348" b="1083" charConfidence="100">i</charParams>
<charParams l="351" t="1052" r="378" b="1088" charConfidence="58">c</charParams>
<charParams l="351" t="1052" r="378" b="1088" charConfidence="58">h</charParams>
<charParams l="382" t="1060" r="393" b="1083" charConfidence="26">e</charParams>
<charParams l="397" t="1059" r="414" b="1083" charConfidence="25">n</charParams>
<charParams l="415" t="1058" r="445" b="1083"> </charParams>
<charParams l="446" t="1058" r="463" b="1082" charConfidence="37">u</charParams>
<charParams l="467" t="1058" r="483" b="1081" charConfidence="54">n</charParams>
<charParams l="487" t="1051" r="502" b="1081" charConfidence="40">d</charParams>
<charParams l="503" t="1051" r="533" b="1090"> </charParams>
<charParams l="534" t="1056" r="545" b="1090" charConfidence="54">z</charParams>
<charParams l="549" t="1057" r="566" b="1080" charConfidence="52">u</charParams>
<charParams l="567" t="1056" r="598" b="1080"> </charParams>
<charParams l="599" t="1056" r="614" b="1080" charConfidence="100">o</charParams>
<charParams l="617" t="1056" r="630" b="1080" charConfidence="100">r</charParams>
<charParams l="633" t="1050" r="648" b="1080" charConfidence="30">d</charParams>
<charParams l="652" t="1056" r="668" b="1080" charConfidence="39">n</charParams>
<charParams l="673" t="1056" r="685" b="1079" charConfidence="34">e</charParams>
<charParams l="688" t="1056" r="706" b="1079" charConfidence="24">n</charParams>
<charParams l="707" t="1056" r="734" b="1087"> </charParams>
<charParams l="735" t="1057" r="753" b="1087" charConfidence="54">g</charParams>
<charParams l="757" t="1057" r="769" b="1080" charConfidence="26">e</charParams>
<charParams l="772" t="1056" r="796" b="1081" charConfidence="27">w</charParams>
<charParams l="801" t="1058" r="818" b="1082" charConfidence="28">u</charParams>
<charParams l="821" t="1049" r="838" b="1088" charConfidence="28">ß</charParams>
<charParams l="840" t="1056" r="851" b="1082" charConfidence="100">t</charParams>
<charParams l="861" t="1073" r="872" b="1086" suspicious="1" charConfidence="54">,</charParams>
<charParams l="873" t="1055" r="909" b="1086"> </charParams>
<charParams l="910" t="1055" r="926" b="1085" charConfidence="29">d</charParams>
<charParams l="930" t="1061" r="945" b="1085" charConfidence="27">a</charParams>
<charParams l="948" t="1053" r="966" b="1092" charConfidence="29">ß</charParams></formatting></line>
<line baseline="1144" l="180" t="1109" r="964" b="1154"><formatting lang="OldGerman">
<charParams l="180" t="1123" r="192" b="1147" charConfidence="26">e</charParams>
<charParams l="196" t="1119" r="210" b="1146" charConfidence="100">s</charParams>
<charParams l="211" t="1119" r="243" b="1147"> </charParams>
<charParams l="244" t="1123" r="257" b="1147" charConfidence="29">e</charParams>
<charParams l="260" t="1116" r="268" b="1146" charConfidence="33">i</charParams>
<charParams l="270" t="1124" r="288" b="1146" charConfidence="100">n</charParams>
<charParams l="289" t="1124" r="311" b="1146"> </charParams>
<charParams l="312" t="1124" r="328" b="1146" charConfidence="37">a</charParams>
<charParams l="332" t="1123" r="349" b="1146" charConfidence="100">n</charParams>
<charParams l="352" t="1123" r="368" b="1154" charConfidence="62">g</charParams>
<charParams l="372" t="1124" r="384" b="1146" charConfidence="39">e</charParams>
<charParams l="387" t="1123" r="404" b="1146" charConfidence="100">n</charParams>
<charParams l="408" t="1123" r="420" b="1145" charConfidence="29">e</charParams>
<charParams l="423" t="1113" r="440" b="1154" charConfidence="73">h</charParams>
<charParams l="444" t="1121" r="470" b="1145" charConfidence="85">m</charParams>
<charParams l="475" t="1122" r="486" b="1144" charConfidence="26">e</charParams>
<charParams l="489" t="1121" r="503" b="1145" charConfidence="100">r</charParams>
<charParams l="504" t="1109" r="525" b="1145"> </charParams>
<charParams l="526" t="1109" r="558" b="1144" charConfidence="28">R</charParams>
<charParams l="562" t="1121" r="577" b="1144" charConfidence="26">a</charParams>
<charParams l="581" t="1121" r="597" b="1145" charConfidence="37">u</charParams>
<charParams l="601" t="1119" r="629" b="1144" charConfidence="59">m</charParams>
<charParams l="630" t="1119" r="653" b="1144"> </charParams>
<charParams l="654" t="1120" r="666" b="1143" charConfidence="79">e</charParams>
<charParams l="669" t="1120" r="682" b="1143" charConfidence="39">r</charParams>
<charParams l="685" t="1111" r="698" b="1149" charConfidence="69">s</charParams>
<charParams l="696" t="1111" r="722" b="1150" charConfidence="100">c</charParams>
<charParams l="696" t="1111" r="722" b="1150" charConfidence="100">h</charParams>
<charParams l="725" t="1111" r="733" b="1142" charConfidence="45">i</charParams>
<charParams l="736" t="1119" r="749" b="1142" charConfidence="27">e</charParams>
<charParams l="751" t="1118" r="769" b="1142" charConfidence="41">n</charParams>
<charParams l="780" t="1133" r="790" b="1148" charConfidence="88">,</charParams>
<charParams l="791" t="1121" r="825" b="1148"> </charParams>
<charParams l="826" t="1121" r="842" b="1143" charConfidence="28">a</charParams>
<charParams l="846" t="1121" r="863" b="1144" charConfidence="46">u</charParams>
<charParams l="866" t="1112" r="880" b="1150" charConfidence="43">f</charParams>
<charParams l="881" t="1112" r="900" b="1150"> </charParams>
<charParams l="901" t="1116" r="917" b="1145" charConfidence="36">d</charParams>
<charParams l="921" t="1123" r="933" b="1146" charConfidence="29">e</charParams>
<charParams l="936" t="1123" r="964" b="1147" charConfidence="56">m</charParams></formatting></line>
<line baseline="1208" l="180" t="1172" r="964" b="1217"><formatting lang="OldGerman">
<charParams l="180" t="1178" r="195" b="1208" charConfidence="36">d</charParams>
<charParams l="199" t="1186" r="214" b="1208" charConfidence="25">a</charParams>
<charParams l="219" t="1181" r="233" b="1208" charConfidence="100">s</charParams>
<charParams l="234" t="1177" r="257" b="1211"> </charParams>
<charParams l="258" t="1177" r="287" b="1211" charConfidence="25">A</charParams>
<charParams l="288" t="1186" r="304" b="1209" charConfidence="55">u</charParams>
<charParams l="307" t="1185" r="323" b="1217" charConfidence="57">g</charParams>
<charParams l="327" t="1186" r="340" b="1209" charConfidence="28">e</charParams>
<charParams l="341" t="1185" r="362" b="1209"> </charParams>
<charParams l="363" t="1185" r="381" b="1209" charConfidence="100">u</charParams>
<charParams l="384" t="1186" r="401" b="1210" charConfidence="58">n</charParams>
<charParams l="405" t="1180" r="420" b="1209" charConfidence="27">d</charParams>
<charParams l="421" t="1180" r="444" b="1209"> </charParams>
<charParams l="445" t="1180" r="461" b="1208" charConfidence="25">d</charParams>
<charParams l="464" t="1177" r="473" b="1209" charConfidence="100">i</charParams>
<charParams l="476" t="1185" r="488" b="1209" charConfidence="28">e</charParams>
<charParams l="489" t="1174" r="511" b="1209"> </charParams>
<charParams l="512" t="1174" r="538" b="1208" charConfidence="32">E</charParams>
<charParams l="542" t="1176" r="550" b="1208" charConfidence="57">i</charParams>
<charParams l="553" t="1185" r="569" b="1208" charConfidence="69">n</charParams>
<charParams l="574" t="1174" r="589" b="1207" charConfidence="45">b</charParams>
<charParams l="592" t="1176" r="600" b="1207" charConfidence="46">i</charParams>
<charParams l="604" t="1176" r="612" b="1208" charConfidence="49">l</charParams>
<charParams l="615" t="1177" r="630" b="1208" charConfidence="29">d</charParams>
<charParams l="634" t="1184" r="650" b="1208" charConfidence="25">u</charParams>
<charParams l="654" t="1183" r="671" b="1206" charConfidence="28">n</charParams>
<charParams l="673" t="1183" r="689" b="1214" charConfidence="31">g</charParams>
<charParams l="694" t="1177" r="708" b="1206" charConfidence="84">s</charParams>
<charParams l="712" t="1174" r="724" b="1205" charConfidence="42">k</charParams>
<charParams l="726" t="1182" r="739" b="1205" charConfidence="26">r</charParams>
<charParams l="741" t="1181" r="756" b="1205" charConfidence="100">a</charParams>
<charParams l="759" t="1172" r="773" b="1211" charConfidence="51">f</charParams>
<charParams l="773" t="1178" r="784" b="1206" charConfidence="36">t</charParams>
<charParams l="785" t="1178" r="809" b="1214"> </charParams>
<charParams l="810" t="1182" r="827" b="1214" charConfidence="46">g</charParams>
<charParams l="830" t="1183" r="842" b="1207" charConfidence="25">e</charParams>
<charParams l="845" t="1183" r="858" b="1206" charConfidence="36">r</charParams>
<charParams l="861" t="1184" r="879" b="1208" charConfidence="52">n</charParams>
<charParams l="880" t="1184" r="902" b="1210"> </charParams>
<charParams l="903" t="1186" r="920" b="1210" charConfidence="36">v</charParams>
<charParams l="924" t="1185" r="936" b="1210" charConfidence="26">e</charParams>
<charParams l="939" t="1186" r="952" b="1210" charConfidence="58">r</charParams>
<charParams l="955" t="1190" r="964" b="1205" charConfidence="22">¬</charParams></formatting></line>
<line baseline="1272" l="179" t="1240" r="284" b="1272"><formatting lang="OldGerman">
<charParams l="179" t="1246" r="205" b="1270" charConfidence="25">w</charParams>
<charParams l="209" t="1247" r="221" b="1270" charConfidence="30">e</charParams>
<charParams l="225" t="1240" r="233" b="1271" charConfidence="29">i</charParams>
<charParams l="236" t="1241" r="244" b="1271" charConfidence="26">l</charParams>
<charParams l="247" t="1245" r="256" b="1271" charConfidence="68">t</charParams>
<charParams l="260" t="1247" r="273" b="1272" charConfidence="100">e</charParams>
<charParams l="274" t="1262" r="284" b="1270" charConfidence="99">.</charParams></formatting></line></par>
<par startIndent="1824" lineSpacing="1368">
<line baseline="1397" l="243" t="1357" r="965" b="1407"><formatting lang="OldGerman">
<charParams l="243" t="1362" r="272" b="1397" charConfidence="27">A</charParams>
<charParams l="273" t="1373" r="289" b="1398" charConfidence="31">u</charParams>
<charParams l="293" t="1365" r="321" b="1403" charConfidence="32">c</charParams>
<charParams l="293" t="1365" r="321" b="1403" charConfidence="32">h</charParams>
<charParams l="322" t="1365" r="350" b="1403"> </charParams>
<charParams l="351" t="1366" r="367" b="1396" charConfidence="100">d</charParams>
<charParams l="370" t="1372" r="382" b="1397" charConfidence="46">e</charParams>
<charParams l="385" t="1372" r="413" b="1397" charConfidence="36">m</charParams>
<charParams l="414" t="1364" r="446" b="1398"> </charParams>
<charParams l="447" t="1364" r="463" b="1398" charConfidence="22">ä</charParams>
<charParams l="468" t="1366" r="476" b="1398" charConfidence="37">l</charParams>
<charParams l="478" t="1370" r="488" b="1398" charConfidence="43">t</charParams>
<charParams l="490" t="1374" r="503" b="1397" charConfidence="34">e</charParams>
<charParams l="506" t="1363" r="525" b="1405" charConfidence="41">s</charParams>
<charParams l="506" t="1363" r="525" b="1405" charConfidence="41">t</charParams>
<charParams l="529" t="1374" r="541" b="1398" charConfidence="24">e</charParams>
<charParams l="543" t="1372" r="561" b="1397" charConfidence="50">n</charParams>
<charParams l="562" t="1357" r="589" b="1397"> </charParams>
<charParams l="590" t="1357" r="627" b="1395" charConfidence="24">S</charParams>
<charParams l="629" t="1366" r="639" b="1393" charConfidence="40">t</charParams>
<charParams l="642" t="1369" r="654" b="1393" charConfidence="32">e</charParams>
<charParams l="658" t="1361" r="665" b="1393" charConfidence="100">i</charParams>
<charParams l="668" t="1369" r="686" b="1394" charConfidence="85">n</charParams>
<charParams l="687" t="1360" r="717" b="1404"> </charParams>
<charParams l="718" t="1360" r="735" b="1404" suspicious="1" charConfidence="69">h</charParams>
<charParams l="739" t="1369" r="754" b="1394" charConfidence="25">a</charParams>
<charParams l="758" t="1367" r="769" b="1396" charConfidence="77">t</charParams>
<charParams l="771" t="1368" r="782" b="1396" charConfidence="32">t</charParams>
<charParams l="784" t="1371" r="797" b="1396" charConfidence="26">e</charParams>
<charParams l="798" t="1365" r="826" b="1407"> </charParams>
<charParams l="827" t="1365" r="847" b="1407" charConfidence="84">s</charParams>
<charParams l="827" t="1365" r="847" b="1407" charConfidence="84">i</charParams>
<charParams l="848" t="1375" r="862" b="1398" charConfidence="25">e</charParams>
<charParams l="863" t="1365" r="889" b="1405"> </charParams>
<charParams l="890" t="1365" r="907" b="1405" charConfidence="32">s</charParams>
<charParams l="904" t="1375" r="916" b="1398" charConfidence="38">e</charParams>
<charParams l="920" t="1367" r="927" b="1398" charConfidence="100">i</charParams>
<charParams l="930" t="1374" r="947" b="1399" charConfidence="29">n</charParams>
<charParams l="950" t="1374" r="965" b="1398" charConfidence="39">e</charParams></formatting></line>
<line baseline="1458" l="180" t="1420" r="965" b="1467"><formatting lang="OldGerman">
<charParams l="180" t="1420" r="204" b="1454" charConfidence="66">E</charParams>
<charParams l="207" t="1422" r="223" b="1463" charConfidence="100">h</charParams>
<charParams l="227" t="1431" r="240" b="1454" charConfidence="43">r</charParams>
<charParams l="242" t="1433" r="256" b="1454" charConfidence="51">e</charParams>
<charParams l="257" t="1433" r="281" b="1464"> </charParams>
<charParams l="282" t="1435" r="300" b="1464" charConfidence="24">g</charParams>
<charParams l="304" t="1436" r="316" b="1458" charConfidence="100">e</charParams>
<charParams l="318" t="1436" r="334" b="1466" charConfidence="24">g</charParams>
<charParams l="338" t="1429" r="353" b="1459" charConfidence="22">ö</charParams>
<charParams l="356" t="1437" r="373" b="1460" charConfidence="29">n</charParams>
<charParams l="376" t="1437" r="394" b="1460" charConfidence="100">n</charParams>
<charParams l="397" t="1433" r="408" b="1459" charConfidence="59">t</charParams>
<charParams l="410" t="1449" r="418" b="1460" charConfidence="96">.</charParams>
<charParams l="419" t="1427" r="472" b="1460"> </charParams>
<charParams l="473" t="1427" r="508" b="1460" charConfidence="73">D</charParams>
<charParams l="512" t="1436" r="523" b="1459" charConfidence="27">e</charParams>
<charParams l="527" t="1436" r="544" b="1460" charConfidence="57">n</charParams>
<charParams l="545" t="1424" r="564" b="1464"> </charParams>
<charParams l="565" t="1424" r="595" b="1464" charConfidence="32">Z</charParams>
<charParams l="598" t="1434" r="613" b="1457" suspicious="1" charConfidence="35">ä</charParams>
<charParams l="616" t="1423" r="634" b="1465" charConfidence="66">h</charParams>
<charParams l="637" t="1432" r="650" b="1457" charConfidence="27">r</charParams>
<charParams l="653" t="1433" r="664" b="1456" charConfidence="26">e</charParams>
<charParams l="668" t="1432" r="686" b="1456" charConfidence="30">n</charParams>
<charParams l="687" t="1432" r="715" b="1457"> </charParams>
<charParams l="716" t="1433" r="734" b="1457" charConfidence="100">n</charParams>
<charParams l="738" t="1435" r="753" b="1459" charConfidence="26">a</charParams>
<charParams l="756" t="1428" r="784" b="1467" charConfidence="71">c</charParams>
<charParams l="756" t="1428" r="784" b="1467" charConfidence="71">h</charParams>
<charParams l="785" t="1428" r="807" b="1467"> </charParams>
<charParams l="808" t="1436" r="834" b="1460" charConfidence="34">w</charParams>
<charParams l="838" t="1437" r="853" b="1461" charConfidence="29">a</charParams>
<charParams l="857" t="1437" r="869" b="1460" charConfidence="33">r</charParams>
<charParams l="873" t="1437" r="885" b="1459" charConfidence="26">e</charParams>
<charParams l="887" t="1436" r="905" b="1461" charConfidence="36">n</charParams>
<charParams l="906" t="1427" r="928" b="1466"> </charParams>
<charParams l="929" t="1427" r="948" b="1466" charConfidence="82">s</charParams>
<charParams l="929" t="1427" r="948" b="1466" charConfidence="82">i</charParams>
<charParams l="949" t="1435" r="965" b="1458" charConfidence="24">e</charParams></formatting></line>
<line baseline="1510" l="219" t="1482" r="243" b="1510"><formatting lang="OldGerman">
<charParams l="219" t="1482" r="235" b="1510" suspicious="1" charConfidence="0">7</charParams>
<charParams l="237" t="1502" r="243" b="1507" suspicious="1" charConfidence="100">.</charParams></formatting></line></par>
</text>
</block>
<block blockType="Text" blockName="">
<text>
<par startIndent="144">
<line baseline="1525" l="787" t="1496" r="806" b="1525"><formatting lang="OldGerman">
<charParams l="787" t="1496" r="806" b="1525" suspicious="1" charConfidence="22">3</charParams></formatting></line></par>
</text>
</block>
</page>
</document>