﻿<?xml version="1.0" encoding="UTF-8" standalone="yes"?>
<document xmlns="http://www.abbyy.com/FineReader_xml/FineReader10-schema-v1.xml" version="1.0" producer="ABBYY FineReader Engine 11" languages="" xmlns:xsi="http://www.w3.org/2001/XMLSchema-instance" xsi:schemaLocation="http://www.abbyy.com/FineReader_xml/FineReader10-schema-v1.xml http://www.abbyy.com/FineReader_xml/FineReader10-schema-v1.xml">
<page width="1156" height="1782" resolution="300" originalCoords="1">
<block blockType="Text" blockName="">
<text>
<par startIndent="144">
<line baseline="91" l="564" t="59" r="608" b="91"><formatting lang="OldGerman">
<charParams l="564" t="59" r="582" b="87" charConfidence="22">3</charParams>
<charParams l="586" t="59" r="608" b="91" charConfidence="43">4</charParams></formatting></line></par>
</text>
</block>
<block blockType="Text" blockName="">
<text>
<par align="Justified" startIndent="448" lineSpacing="1440">
<line baseline="174" l="197" t="139" r="980" b="181"><formatting lang="OldGerman">
<charParams l="197" t="152" r="212" b="176" charConfidence="14">a</charParams>
<charParams l="217" t="152" r="235" b="177" charConfidence="49">n</charParams>
<charParams l="236" t="146" r="267" b="177"> </charParams>
<charParams l="268" t="146" r="283" b="177" charConfidence="27">d</charParams>
<charParams l="288" t="154" r="299" b="177" charConfidence="25">e</charParams>
<charParams l="302" t="153" r="315" b="177" charConfidence="35">r</charParams>
<charParams l="316" t="144" r="346" b="177"> </charParams>
<charParams l="347" t="144" r="391" b="177" charConfidence="30">M</charParams>
<charParams l="394" t="153" r="408" b="176" charConfidence="0">a</charParams>
<charParams l="413" t="153" r="428" b="176" charConfidence="24">u</charParams>
<charParams l="433" t="153" r="444" b="175" charConfidence="30">e</charParams>
<charParams l="447" t="152" r="461" b="175" charConfidence="100">r</charParams>
<charParams l="462" t="149" r="492" b="175"> </charParams>
<charParams l="493" t="149" r="509" b="172" charConfidence="29">a</charParams>
<charParams l="513" t="147" r="529" b="171" charConfidence="70">u</charParams>
<charParams l="533" t="139" r="549" b="176" charConfidence="50">f</charParams>
<charParams l="545" t="148" r="561" b="177" charConfidence="25">g</charParams>
<charParams l="566" t="147" r="577" b="169" charConfidence="27">e</charParams>
<charParams l="580" t="147" r="593" b="170" charConfidence="28">r</charParams>
<charParams l="597" t="140" r="604" b="169" charConfidence="32">i</charParams>
<charParams l="607" t="139" r="633" b="176" charConfidence="28">c</charParams>
<charParams l="607" t="139" r="633" b="176" charConfidence="28">h</charParams>
<charParams l="637" t="142" r="647" b="169" charConfidence="68">t</charParams>
<charParams l="650" t="147" r="662" b="169" charConfidence="34">e</charParams>
<charParams l="665" t="144" r="676" b="171" charConfidence="50">t</charParams>
<charParams l="684" t="163" r="693" b="178" charConfidence="65">,</charParams>
<charParams l="694" t="150" r="735" b="178"> </charParams>
<charParams l="736" t="150" r="749" b="173" charConfidence="27">e</charParams>
<charParams l="753" t="143" r="760" b="173" charConfidence="58">i</charParams>
<charParams l="763" t="149" r="780" b="173" charConfidence="100">n</charParams>
<charParams l="782" t="150" r="798" b="181" charConfidence="25">g</charParams>
<charParams l="803" t="151" r="815" b="174" charConfidence="30">e</charParams>
<charParams l="817" t="142" r="832" b="180" charConfidence="82">f</charParams>
<charParams l="831" t="141" r="847" b="173" charConfidence="52">ü</charParams>
<charParams l="850" t="150" r="865" b="181" charConfidence="37">g</charParams>
<charParams l="869" t="147" r="880" b="173" charConfidence="51">t</charParams>
<charParams l="881" t="147" r="913" b="174"> </charParams>
<charParams l="914" t="151" r="928" b="174" charConfidence="37">o</charParams>
<charParams l="932" t="148" r="946" b="175" charConfidence="26">d</charParams>
<charParams l="951" t="153" r="962" b="176" charConfidence="24">e</charParams>
<charParams l="966" t="153" r="980" b="176" charConfidence="26">r</charParams></formatting></line>
<line baseline="234" l="200" t="198" r="979" b="246"><formatting lang="OldGerman">
<charParams l="200" t="207" r="215" b="244" suspicious="1" charConfidence="26">f</charParams>
<charParams l="213" t="216" r="227" b="238" suspicious="1" charConfidence="54">ö</charParams>
<charParams l="231" t="215" r="247" b="239" charConfidence="100">n</charParams>
<charParams l="252" t="208" r="272" b="246" charConfidence="41">s</charParams>
<charParams l="252" t="208" r="272" b="246" suspicious="1" charConfidence="41">t</charParams>
<charParams l="273" t="208" r="295" b="246"> </charParams>
<charParams l="296" t="216" r="311" b="238" charConfidence="32">a</charParams>
<charParams l="315" t="215" r="331" b="238" charConfidence="39">n</charParams>
<charParams l="334" t="215" r="351" b="246" charConfidence="28">g</charParams>
<charParams l="355" t="215" r="366" b="238" charConfidence="26">e</charParams>
<charParams l="370" t="206" r="385" b="238" charConfidence="28">b</charParams>
<charParams l="389" t="215" r="403" b="237" charConfidence="35">r</charParams>
<charParams l="405" t="214" r="419" b="235" charConfidence="27">a</charParams>
<charParams l="423" t="205" r="449" b="242" charConfidence="55">c</charParams>
<charParams l="423" t="205" r="449" b="242" charConfidence="55">h</charParams>
<charParams l="454" t="208" r="464" b="235" charConfidence="61">t</charParams>
<charParams l="473" t="211" r="482" b="241" charConfidence="36">;</charParams>
<charParams l="483" t="202" r="510" b="241"> </charParams>
<charParams l="511" t="202" r="526" b="230" charConfidence="26">d</charParams>
<charParams l="530" t="208" r="541" b="230" charConfidence="54">e</charParams>
<charParams l="545" t="208" r="559" b="230" charConfidence="25">r</charParams>
<charParams l="560" t="198" r="580" b="239"> </charParams>
<charParams l="581" t="198" r="598" b="239" charConfidence="28">h</charParams>
<charParams l="603" t="207" r="617" b="229" charConfidence="46">o</charParams>
<charParams l="620" t="198" r="637" b="239" charConfidence="29">h</charParams>
<charParams l="641" t="208" r="654" b="230" charConfidence="29">e</charParams>
<charParams l="655" t="200" r="676" b="233"> </charParams>
<charParams l="677" t="200" r="712" b="233" charConfidence="33">S</charParams>
<charParams l="716" t="211" r="731" b="233" charConfidence="45">o</charParams>
<charParams l="734" t="212" r="745" b="234" charConfidence="32">c</charParams>
<charParams l="745" t="204" r="758" b="235" charConfidence="26">k</charParams>
<charParams l="760" t="212" r="772" b="234" charConfidence="33">e</charParams>
<charParams l="775" t="205" r="784" b="234" charConfidence="61">l</charParams>
<charParams l="785" t="205" r="806" b="234"> </charParams>
<charParams l="807" t="206" r="823" b="234" charConfidence="30">d</charParams>
<charParams l="827" t="213" r="839" b="236" charConfidence="55">e</charParams>
<charParams l="841" t="213" r="855" b="235" charConfidence="31">r</charParams>
<charParams l="856" t="202" r="877" b="236"> </charParams>
<charParams l="878" t="202" r="907" b="236" charConfidence="34">K</charParams>
<charParams l="910" t="205" r="918" b="235" charConfidence="100">i</charParams>
<charParams l="921" t="212" r="933" b="235" charConfidence="27">r</charParams>
<charParams l="936" t="205" r="962" b="242" charConfidence="55">c</charParams>
<charParams l="936" t="205" r="962" b="242" charConfidence="55">h</charParams>
<charParams l="966" t="214" r="979" b="237" charConfidence="25">e</charParams></formatting></line>
<line baseline="296" l="196" t="260" r="977" b="308"><formatting lang="OldGerman">
<charParams l="196" t="267" r="210" b="306" charConfidence="100">s</charParams>
<charParams l="208" t="276" r="220" b="299" charConfidence="31">e</charParams>
<charParams l="223" t="270" r="231" b="300" charConfidence="34">l</charParams>
<charParams l="234" t="267" r="249" b="300" charConfidence="32">b</charParams>
<charParams l="254" t="268" r="275" b="308" charConfidence="52">s</charParams>
<charParams l="254" t="268" r="275" b="308" charConfidence="52">t</charParams>
<charParams l="276" t="268" r="296" b="308"> </charParams>
<charParams l="297" t="274" r="323" b="299" charConfidence="24">w</charParams>
<charParams l="326" t="276" r="342" b="299" charConfidence="25">a</charParams>
<charParams l="346" t="274" r="360" b="297" charConfidence="28">r</charParams>
<charParams l="361" t="269" r="382" b="298"> </charParams>
<charParams l="383" t="269" r="398" b="298" charConfidence="27">d</charParams>
<charParams l="403" t="275" r="417" b="296" charConfidence="55">a</charParams>
<charParams l="421" t="272" r="448" b="296" charConfidence="82">m</charParams>
<charParams l="452" t="264" r="460" b="295" charConfidence="100">i</charParams>
<charParams l="463" t="267" r="474" b="294" charConfidence="100">t</charParams>
<charParams l="475" t="267" r="494" b="294"> </charParams>
<charParams l="495" t="270" r="513" b="292" charConfidence="28">v</charParams>
<charParams l="517" t="269" r="528" b="291" charConfidence="29">e</charParams>
<charParams l="532" t="268" r="544" b="291" charConfidence="24">r</charParams>
<charParams l="547" t="267" r="573" b="291" charConfidence="100">m</charParams>
<charParams l="577" t="268" r="592" b="290" charConfidence="44">a</charParams>
<charParams l="596" t="267" r="613" b="290" charConfidence="33">n</charParams>
<charParams l="617" t="268" r="633" b="291" charConfidence="62">n</charParams>
<charParams l="638" t="260" r="645" b="290" suspicious="1" charConfidence="100">i</charParams>
<charParams l="647" t="269" r="663" b="298" charConfidence="59">g</charParams>
<charParams l="668" t="261" r="682" b="297" charConfidence="31">f</charParams>
<charParams l="680" t="269" r="695" b="291" charConfidence="100">a</charParams>
<charParams l="699" t="263" r="709" b="292" charConfidence="55">l</charParams>
<charParams l="710" t="267" r="721" b="293" charConfidence="65">t</charParams>
<charParams l="724" t="263" r="730" b="292" suspicious="1" charConfidence="100">i</charParams>
<charParams l="733" t="272" r="749" b="301" charConfidence="37">g</charParams>
<charParams l="753" t="269" r="765" b="294" suspicious="1" charConfidence="40">t</charParams>
<charParams l="766" t="269" r="786" b="296"> </charParams>
<charParams l="787" t="273" r="804" b="296" charConfidence="34">u</charParams>
<charParams l="808" t="273" r="825" b="296" charConfidence="50">n</charParams>
<charParams l="828" t="267" r="844" b="296" charConfidence="29">d</charParams>
<charParams l="845" t="267" r="864" b="305"> </charParams>
<charParams l="865" t="274" r="881" b="305" charConfidence="33">g</charParams>
<charParams l="885" t="274" r="897" b="297" charConfidence="30">e</charParams>
<charParams l="899" t="273" r="911" b="307" charConfidence="29">z</charParams>
<charParams l="915" t="267" r="923" b="297" charConfidence="35">i</charParams>
<charParams l="926" t="275" r="938" b="297" charConfidence="55">e</charParams>
<charParams l="941" t="275" r="954" b="298" charConfidence="49">r</charParams>
<charParams l="957" t="271" r="968" b="298" charConfidence="34">t</charParams>
<charParams l="970" t="289" r="977" b="297" charConfidence="100">.</charParams></formatting></line>
<line baseline="356" l="195" t="320" r="978" b="365"><formatting lang="OldGerman">
<charParams l="195" t="327" r="222" b="361" charConfidence="40">E</charParams>
<charParams l="225" t="330" r="239" b="360" charConfidence="30">d</charParams>
<charParams l="244" t="336" r="260" b="359" charConfidence="30">u</charParams>
<charParams l="264" t="337" r="279" b="359" charConfidence="100">a</charParams>
<charParams l="283" t="336" r="296" b="359" charConfidence="35">r</charParams>
<charParams l="299" t="329" r="316" b="358" charConfidence="28">d</charParams>
<charParams l="317" t="327" r="338" b="364"> </charParams>
<charParams l="339" t="327" r="355" b="364" charConfidence="55">f</charParams>
<charParams l="353" t="326" r="371" b="358" charConfidence="25">ü</charParams>
<charParams l="374" t="326" r="390" b="365" charConfidence="100">h</charParams>
<charParams l="395" t="328" r="403" b="357" charConfidence="61">l</charParams>
<charParams l="406" t="331" r="415" b="356" charConfidence="100">t</charParams>
<charParams l="418" t="334" r="431" b="356" charConfidence="27">e</charParams>
<charParams l="432" t="324" r="453" b="362"> </charParams>
<charParams l="454" t="324" r="462" b="362" charConfidence="25">s</charParams>
<charParams l="462" t="324" r="473" b="354" suspicious="1" charConfidence="-1">i</charParams>
<charParams l="474" t="322" r="500" b="358" charConfidence="58">c</charParams>
<charParams l="474" t="322" r="500" b="358" charConfidence="58">h</charParams>
<charParams l="501" t="320" r="524" b="358"> </charParams>
<charParams l="525" t="320" r="539" b="358" charConfidence="58">s</charParams>
<charParams l="537" t="329" r="551" b="351" charConfidence="56">o</charParams>
<charParams l="555" t="328" r="571" b="351" charConfidence="35">n</charParams>
<charParams l="575" t="323" r="591" b="352" charConfidence="100">d</charParams>
<charParams l="594" t="329" r="607" b="352" charConfidence="30">e</charParams>
<charParams l="610" t="329" r="623" b="351" charConfidence="100">r</charParams>
<charParams l="626" t="320" r="640" b="352" charConfidence="55">b</charParams>
<charParams l="644" t="328" r="659" b="351" charConfidence="55">a</charParams>
<charParams l="663" t="328" r="677" b="352" charConfidence="43">r</charParams>
<charParams l="678" t="321" r="699" b="352"> </charParams>
<charParams l="700" t="321" r="717" b="351" charConfidence="23">ü</charParams>
<charParams l="722" t="321" r="737" b="353" charConfidence="31">b</charParams>
<charParams l="741" t="330" r="752" b="352" charConfidence="27">e</charParams>
<charParams l="755" t="330" r="769" b="354" charConfidence="28">r</charParams>
<charParams l="771" t="331" r="784" b="355" charConfidence="70">r</charParams>
<charParams l="786" t="333" r="802" b="356" charConfidence="40">a</charParams>
<charParams l="806" t="326" r="819" b="363" charConfidence="33">s</charParams>
<charParams l="816" t="326" r="843" b="363" charConfidence="83">c</charParams>
<charParams l="816" t="326" r="843" b="363" charConfidence="83">h</charParams>
<charParams l="846" t="331" r="857" b="357" charConfidence="69">t</charParams>
<charParams l="868" t="349" r="877" b="363" charConfidence="73">,</charParams>
<charParams l="878" t="335" r="922" b="363"> </charParams>
<charParams l="923" t="335" r="950" b="359" charConfidence="32">w</charParams>
<charParams l="954" t="329" r="961" b="359" charConfidence="38">i</charParams>
<charParams l="964" t="336" r="978" b="359" charConfidence="26">e</charParams></formatting></line>
<line baseline="416" l="194" t="380" r="978" b="425"><formatting lang="OldGerman">
<charParams l="194" t="397" r="206" b="419" charConfidence="26">e</charParams>
<charParams l="210" t="397" r="224" b="419" charConfidence="55">r</charParams>
<charParams l="225" t="391" r="254" b="419"> </charParams>
<charParams l="255" t="391" r="271" b="419" charConfidence="25">d</charParams>
<charParams l="274" t="396" r="290" b="419" charConfidence="33">u</charParams>
<charParams l="294" t="396" r="307" b="419" charConfidence="34">r</charParams>
<charParams l="310" t="388" r="337" b="423" charConfidence="78">c</charParams>
<charParams l="310" t="388" r="337" b="423" charConfidence="78">h</charParams>
<charParams l="338" t="388" r="367" b="423"> </charParams>
<charParams l="368" t="389" r="384" b="417" charConfidence="33">d</charParams>
<charParams l="387" t="387" r="396" b="416" charConfidence="53">i</charParams>
<charParams l="398" t="394" r="412" b="416" charConfidence="26">e</charParams>
<charParams l="413" t="384" r="442" b="416"> </charParams>
<charParams l="443" t="384" r="455" b="415" charConfidence="28">k</charParams>
<charParams l="458" t="384" r="466" b="414" charConfidence="44">l</charParams>
<charParams l="468" t="391" r="480" b="414" charConfidence="28">e</charParams>
<charParams l="484" t="392" r="490" b="413" charConfidence="100">i</charParams>
<charParams l="494" t="390" r="511" b="413" charConfidence="100">n</charParams>
<charParams l="515" t="390" r="528" b="413" charConfidence="34">e</charParams>
<charParams l="529" t="380" r="557" b="420"> </charParams>
<charParams l="558" t="380" r="590" b="420" charConfidence="46">P</charParams>
<charParams l="593" t="381" r="607" b="419" charConfidence="100">f</charParams>
<charParams l="607" t="390" r="621" b="413" charConfidence="36">o</charParams>
<charParams l="624" t="388" r="637" b="413" charConfidence="55">r</charParams>
<charParams l="640" t="386" r="651" b="413" charConfidence="66">t</charParams>
<charParams l="653" t="390" r="667" b="413" charConfidence="57">e</charParams>
<charParams l="668" t="380" r="696" b="422"> </charParams>
<charParams l="697" t="380" r="714" b="422" suspicious="1" charConfidence="74">h</charParams>
<charParams l="718" t="391" r="730" b="413" charConfidence="36">e</charParams>
<charParams l="733" t="390" r="746" b="412" charConfidence="27">r</charParams>
<charParams l="749" t="392" r="761" b="413" charConfidence="65">e</charParams>
<charParams l="763" t="384" r="771" b="413" charConfidence="28">i</charParams>
<charParams l="774" t="391" r="793" b="413" charConfidence="73">n</charParams>
<charParams l="794" t="391" r="823" b="416"> </charParams>
<charParams l="824" t="391" r="835" b="416" charConfidence="59">t</charParams>
<charParams l="837" t="395" r="850" b="417" charConfidence="36">r</charParams>
<charParams l="852" t="395" r="867" b="417" charConfidence="26">a</charParams>
<charParams l="871" t="392" r="882" b="419" charConfidence="29">t</charParams>
<charParams l="894" t="396" r="903" b="425" charConfidence="71">;</charParams>
<charParams l="904" t="396" r="948" b="425"> </charParams>
<charParams l="949" t="397" r="961" b="420" charConfidence="27">e</charParams>
<charParams l="964" t="396" r="978" b="419" charConfidence="26">r</charParams></formatting></line>
<line baseline="475" l="195" t="440" r="975" b="485"><formatting lang="OldGerman">
<charParams l="195" t="449" r="210" b="477" charConfidence="26">d</charParams>
<charParams l="214" t="455" r="227" b="479" charConfidence="100">r</charParams>
<charParams l="230" t="447" r="248" b="478" charConfidence="100">ü</charParams>
<charParams l="250" t="447" r="275" b="478" charConfidence="22">c</charParams>
<charParams l="250" t="447" r="275" b="478" charConfidence="22">k</charParams>
<charParams l="278" t="452" r="289" b="477" charConfidence="31">t</charParams>
<charParams l="290" t="455" r="303" b="477" charConfidence="31">e</charParams>
<charParams l="304" t="445" r="319" b="477"> </charParams>
<charParams l="320" t="445" r="345" b="477" charConfidence="35">C</charParams>
<charParams l="347" t="444" r="363" b="485" charConfidence="72">h</charParams>
<charParams l="368" t="453" r="382" b="474" charConfidence="26">a</charParams>
<charParams l="386" t="452" r="399" b="475" charConfidence="38">r</charParams>
<charParams l="403" t="445" r="411" b="475" charConfidence="66">l</charParams>
<charParams l="414" t="452" r="428" b="474" charConfidence="45">o</charParams>
<charParams l="432" t="449" r="442" b="474" charConfidence="100">t</charParams>
<charParams l="445" t="448" r="455" b="473" charConfidence="27">t</charParams>
<charParams l="458" t="452" r="469" b="474" charConfidence="27">e</charParams>
<charParams l="473" t="451" r="491" b="473" charConfidence="57">n</charParams>
<charParams l="492" t="444" r="509" b="473"> </charParams>
<charParams l="510" t="444" r="525" b="473" charConfidence="26">d</charParams>
<charParams l="529" t="443" r="536" b="473" charConfidence="30">i</charParams>
<charParams l="540" t="450" r="553" b="473" charConfidence="35">e</charParams>
<charParams l="554" t="440" r="561" b="480" suspicious="1"> </charParams>
<charParams l="562" t="440" r="593" b="480" charConfidence="56">H</charParams>
<charParams l="597" t="451" r="612" b="474" charConfidence="29">a</charParams>
<charParams l="616" t="451" r="633" b="474" charConfidence="75">n</charParams>
<charParams l="637" t="445" r="653" b="474" charConfidence="35">d</charParams>
<charParams l="654" t="445" r="672" b="474"> </charParams>
<charParams l="673" t="451" r="690" b="474" charConfidence="45">u</charParams>
<charParams l="693" t="451" r="710" b="474" charConfidence="100">n</charParams>
<charParams l="714" t="445" r="730" b="474" charConfidence="28">d</charParams>
<charParams l="731" t="444" r="747" b="474"> </charParams>
<charParams l="748" t="444" r="757" b="474" charConfidence="38">i</charParams>
<charParams l="760" t="451" r="788" b="475" charConfidence="50">m</charParams>
<charParams l="789" t="442" r="797" b="476" suspicious="1"> </charParams>
<charParams l="798" t="442" r="828" b="476" charConfidence="28">A</charParams>
<charParams l="828" t="452" r="845" b="475" charConfidence="28">u</charParams>
<charParams l="848" t="453" r="865" b="483" charConfidence="47">g</charParams>
<charParams l="868" t="454" r="881" b="476" charConfidence="30">e</charParams>
<charParams l="882" t="447" r="896" b="485"> </charParams>
<charParams l="897" t="447" r="918" b="485" charConfidence="67">s</charParams>
<charParams l="897" t="447" r="918" b="485" charConfidence="67">t</charParams>
<charParams l="919" t="455" r="935" b="477" charConfidence="54">a</charParams>
<charParams l="938" t="455" r="956" b="478" charConfidence="33">n</charParams>
<charParams l="959" t="449" r="975" b="478" charConfidence="25">d</charParams></formatting></line>
<line baseline="536" l="193" t="503" r="491" b="546"><formatting lang="OldGerman">
<charParams l="193" t="508" r="201" b="537" charConfidence="33">i</charParams>
<charParams l="205" t="505" r="221" b="546" charConfidence="79">h</charParams>
<charParams l="225" t="514" r="253" b="537" charConfidence="100">m</charParams>
<charParams l="254" t="514" r="277" b="537"> </charParams>
<charParams l="278" t="515" r="289" b="537" charConfidence="100">e</charParams>
<charParams l="294" t="506" r="301" b="537" charConfidence="32">i</charParams>
<charParams l="304" t="514" r="320" b="537" charConfidence="34">n</charParams>
<charParams l="325" t="514" r="338" b="536" charConfidence="43">e</charParams>
<charParams l="339" t="504" r="361" b="537"> </charParams>
<charParams l="362" t="504" r="389" b="537" charConfidence="42">T</charParams>
<charParams l="394" t="503" r="409" b="545" charConfidence="31">h</charParams>
<charParams l="413" t="512" r="426" b="536" charConfidence="54">r</charParams>
<charParams l="428" t="503" r="443" b="536" charConfidence="27">ä</charParams>
<charParams l="448" t="513" r="464" b="536" charConfidence="27">n</charParams>
<charParams l="468" t="513" r="481" b="536" charConfidence="25">e</charParams>
<charParams l="482" t="527" r="491" b="537" charConfidence="84">.</charParams></formatting></line></par>
<par align="Justified" startIndent="1908" lineSpacing="1440">
<line baseline="664" l="256" t="630" r="975" b="674"><formatting lang="OldGerman">
<charParams l="256" t="632" r="284" b="665" charConfidence="38">A</charParams>
<charParams l="288" t="632" r="302" b="663" charConfidence="78">b</charParams>
<charParams l="307" t="641" r="318" b="664" charConfidence="28">e</charParams>
<charParams l="321" t="641" r="335" b="664" charConfidence="100">r</charParams>
<charParams l="336" t="635" r="371" b="664"> </charParams>
<charParams l="372" t="635" r="387" b="664" charConfidence="25">d</charParams>
<charParams l="391" t="641" r="402" b="664" charConfidence="100">e</charParams>
<charParams l="406" t="641" r="419" b="664" charConfidence="53">r</charParams>
<charParams l="420" t="641" r="453" b="664"> </charParams>
<charParams l="454" t="641" r="471" b="664" charConfidence="33">n</charParams>
<charParams l="476" t="643" r="490" b="664" suspicious="1" charConfidence="0">ä</charParams>
<charParams l="494" t="641" r="506" b="665" charConfidence="24">r</charParams>
<charParams l="510" t="641" r="522" b="664" charConfidence="25">r</charParams>
<charParams l="526" t="634" r="533" b="663" charConfidence="100">i</charParams>
<charParams l="537" t="633" r="550" b="673" charConfidence="28">s</charParams>
<charParams l="547" t="634" r="574" b="673" charConfidence="55">c</charParams>
<charParams l="547" t="634" r="574" b="673" suspicious="1" charConfidence="55">h</charParams>
<charParams l="578" t="642" r="590" b="665" charConfidence="69">e</charParams>
<charParams l="591" t="630" r="620" b="665"> </charParams>
<charParams l="621" t="630" r="654" b="665" charConfidence="23">G</charParams>
<charParams l="658" t="642" r="672" b="664" charConfidence="100">a</charParams>
<charParams l="677" t="634" r="698" b="674" charConfidence="52">s</charParams>
<charParams l="677" t="634" r="698" b="674" charConfidence="52">t</charParams>
<charParams l="699" t="634" r="726" b="674"> </charParams>
<charParams l="727" t="641" r="744" b="665" charConfidence="28">v</charParams>
<charParams l="749" t="642" r="760" b="664" charConfidence="54">e</charParams>
<charParams l="763" t="642" r="776" b="664" charConfidence="100">r</charParams>
<charParams l="780" t="633" r="793" b="667" charConfidence="25">s</charParams>
<charParams l="790" t="633" r="816" b="672" charConfidence="55">c</charParams>
<charParams l="790" t="633" r="816" b="672" charConfidence="55">h</charParams>
<charParams l="820" t="642" r="832" b="665" charConfidence="26">e</charParams>
<charParams l="836" t="642" r="851" b="665" charConfidence="40">u</charParams>
<charParams l="855" t="634" r="881" b="671" charConfidence="61">c</charParams>
<charParams l="855" t="634" r="881" b="671" charConfidence="61">h</charParams>
<charParams l="886" t="637" r="896" b="663" charConfidence="59">t</charParams>
<charParams l="898" t="642" r="910" b="664" charConfidence="26">e</charParams>
<charParams l="911" t="633" r="940" b="672"> </charParams>
<charParams l="941" t="633" r="961" b="672" charConfidence="51">s</charParams>
<charParams l="941" t="633" r="961" b="672" charConfidence="51">i</charParams>
<charParams l="962" t="641" r="975" b="663" charConfidence="27">e</charParams></formatting></line>
<line baseline="726" l="191" t="693" r="974" b="734"><formatting lang="OldGerman">
<charParams l="191" t="704" r="206" b="733" charConfidence="53">g</charParams>
<charParams l="211" t="696" r="218" b="727" charConfidence="100">l</charParams>
<charParams l="221" t="704" r="232" b="726" charConfidence="100">e</charParams>
<charParams l="237" t="696" r="244" b="727" charConfidence="36">i</charParams>
<charParams l="248" t="697" r="273" b="732" charConfidence="57">c</charParams>
<charParams l="248" t="697" r="273" b="732" charConfidence="57">h</charParams>
<charParams l="277" t="719" r="285" b="727" charConfidence="77">.</charParams>
<charParams l="286" t="695" r="345" b="727"> </charParams>
<charParams l="346" t="695" r="381" b="727" charConfidence="32">D</charParams>
<charParams l="384" t="704" r="396" b="727" charConfidence="25">e</charParams>
<charParams l="400" t="703" r="416" b="727" charConfidence="25">n</charParams>
<charParams l="420" t="704" r="438" b="726" charConfidence="25">n</charParams>
<charParams l="439" t="697" r="477" b="726"> </charParams>
<charParams l="478" t="697" r="493" b="726" charConfidence="27">d</charParams>
<charParams l="497" t="697" r="505" b="727" charConfidence="42">i</charParams>
<charParams l="508" t="704" r="520" b="727" charConfidence="26">e</charParams>
<charParams l="524" t="695" r="536" b="733" charConfidence="26">s</charParams>
<charParams l="534" t="704" r="545" b="727" charConfidence="25">e</charParams>
<charParams l="549" t="704" r="563" b="727" charConfidence="26">r</charParams>
<charParams l="564" t="695" r="600" b="734"> </charParams>
<charParams l="601" t="695" r="619" b="734" suspicious="1" charConfidence="42">h</charParams>
<charParams l="623" t="705" r="638" b="726" charConfidence="24">a</charParams>
<charParams l="643" t="700" r="652" b="727" charConfidence="36">t</charParams>
<charParams l="656" t="701" r="665" b="727" charConfidence="34">t</charParams>
<charParams l="668" t="705" r="680" b="727" charConfidence="79">e</charParams>
<charParams l="681" t="695" r="718" b="727"> </charParams>
<charParams l="719" t="695" r="732" b="726" charConfidence="28">k</charParams>
<charParams l="734" t="704" r="746" b="727" charConfidence="27">e</charParams>
<charParams l="750" t="697" r="757" b="726" charConfidence="74">i</charParams>
<charParams l="761" t="704" r="777" b="727" charConfidence="100">n</charParams>
<charParams l="781" t="704" r="794" b="726" charConfidence="31">e</charParams>
<charParams l="795" t="693" r="824" b="727"> </charParams>
<charParams l="825" t="693" r="857" b="727" charConfidence="28">R</charParams>
<charParams l="860" t="704" r="876" b="726" charConfidence="33">u</charParams>
<charParams l="881" t="694" r="897" b="734" charConfidence="32">h</charParams>
<charParams l="898" t="694" r="932" b="734"> </charParams>
<charParams l="933" t="694" r="942" b="724" charConfidence="49">i</charParams>
<charParams l="945" t="700" r="974" b="724" charConfidence="72">m</charParams></formatting></line>
<line baseline="787" l="189" t="755" r="976" b="796"><formatting lang="OldGerman">
<charParams l="189" t="755" r="224" b="788" charConfidence="29">S</charParams>
<charParams l="228" t="756" r="254" b="794" charConfidence="100">c</charParams>
<charParams l="228" t="756" r="254" b="794" charConfidence="100">h</charParams>
<charParams l="258" t="757" r="266" b="787" charConfidence="27">l</charParams>
<charParams l="269" t="765" r="283" b="787" charConfidence="55">o</charParams>
<charParams l="286" t="756" r="303" b="793" charConfidence="28">ß</charParams>
<charParams l="304" t="756" r="325" b="795"> </charParams>
<charParams l="326" t="765" r="343" b="795" charConfidence="28">g</charParams>
<charParams l="347" t="765" r="358" b="787" charConfidence="24">e</charParams>
<charParams l="362" t="756" r="378" b="796" charConfidence="93">h</charParams>
<charParams l="382" t="765" r="399" b="788" charConfidence="43">a</charParams>
<charParams l="402" t="755" r="417" b="787" charConfidence="64">b</charParams>
<charParams l="421" t="761" r="432" b="787" charConfidence="27">t</charParams>
<charParams l="433" t="779" r="442" b="792" charConfidence="62">,</charParams>
<charParams l="443" t="763" r="464" b="792"> </charParams>
<charParams l="465" t="763" r="491" b="787" charConfidence="44">w</charParams>
<charParams l="495" t="764" r="510" b="786" charConfidence="31">a</charParams>
<charParams l="514" t="764" r="528" b="787" charConfidence="51">r</charParams>
<charParams l="529" t="756" r="547" b="793"> </charParams>
<charParams l="548" t="756" r="561" b="793" charConfidence="64">s</charParams>
<charParams l="559" t="765" r="575" b="794" charConfidence="100">p</charParams>
<charParams l="579" t="764" r="594" b="787" charConfidence="58">o</charParams>
<charParams l="597" t="765" r="610" b="788" charConfidence="56">r</charParams>
<charParams l="613" t="764" r="629" b="787" charConfidence="89">n</charParams>
<charParams l="634" t="757" r="653" b="795" charConfidence="31">s</charParams>
<charParams l="634" t="757" r="653" b="795" charConfidence="31">t</charParams>
<charParams l="656" t="765" r="669" b="788" charConfidence="100">r</charParams>
<charParams l="672" t="766" r="684" b="788" charConfidence="26">e</charParams>
<charParams l="687" t="758" r="694" b="788" charConfidence="100">i</charParams>
<charParams l="698" t="757" r="724" b="795" charConfidence="85">c</charParams>
<charParams l="698" t="757" r="724" b="795" charConfidence="85">h</charParams>
<charParams l="728" t="760" r="743" b="788" charConfidence="100">s</charParams>
<charParams l="744" t="759" r="767" b="788"> </charParams>
<charParams l="768" t="759" r="783" b="787" charConfidence="27">d</charParams>
<charParams l="787" t="765" r="803" b="788" charConfidence="38">u</charParams>
<charParams l="807" t="765" r="820" b="788" charConfidence="60">r</charParams>
<charParams l="822" t="757" r="849" b="794" charConfidence="68">c</charParams>
<charParams l="822" t="757" r="849" b="794" charConfidence="68">h</charParams>
<charParams l="853" t="760" r="868" b="788" charConfidence="100">s</charParams>
<charParams l="869" t="755" r="890" b="788"> </charParams>
<charParams l="891" t="755" r="925" b="788" charConfidence="40">D</charParams>
<charParams l="928" t="764" r="943" b="786" charConfidence="58">o</charParams>
<charParams l="947" t="763" r="959" b="786" charConfidence="26">r</charParams>
<charParams l="962" t="755" r="976" b="792" charConfidence="38">f</charParams></formatting></line>
<line baseline="847" l="188" t="816" r="972" b="856"><formatting lang="OldGerman">
<charParams l="188" t="817" r="203" b="846" charConfidence="28">b</charParams>
<charParams l="207" t="817" r="216" b="847" charConfidence="100">i</charParams>
<charParams l="218" t="820" r="234" b="847" charConfidence="100">s</charParams>
<charParams l="235" t="820" r="257" b="847"> </charParams>
<charParams l="258" t="825" r="274" b="847" charConfidence="31">a</charParams>
<charParams l="278" t="824" r="296" b="847" charConfidence="34">n</charParams>
<charParams l="297" t="819" r="319" b="847"> </charParams>
<charParams l="320" t="819" r="336" b="847" charConfidence="28">d</charParams>
<charParams l="339" t="824" r="355" b="846" charConfidence="57">a</charParams>
<charParams l="359" t="820" r="374" b="847" charConfidence="100">s</charParams>
<charParams l="375" t="816" r="397" b="848"> </charParams>
<charParams l="398" t="816" r="429" b="848" charConfidence="29">K</charParams>
<charParams l="431" t="817" r="438" b="847" charConfidence="100">i</charParams>
<charParams l="441" t="825" r="455" b="847" charConfidence="100">r</charParams>
<charParams l="457" t="816" r="483" b="853" charConfidence="57">c</charParams>
<charParams l="457" t="816" r="483" b="853" charConfidence="57">h</charParams>
<charParams l="487" t="816" r="504" b="856" charConfidence="91">h</charParams>
<charParams l="508" t="824" r="523" b="847" charConfidence="34">o</charParams>
<charParams l="525" t="817" r="540" b="854" charConfidence="100">f</charParams>
<charParams l="539" t="822" r="549" b="847" charConfidence="34">t</charParams>
<charParams l="552" t="816" r="568" b="855" charConfidence="83">h</charParams>
<charParams l="572" t="823" r="587" b="847" charConfidence="33">o</charParams>
<charParams l="590" t="824" r="604" b="848" charConfidence="27">r</charParams>
<charParams l="605" t="824" r="625" b="855"> </charParams>
<charParams l="626" t="825" r="643" b="855" charConfidence="28">g</charParams>
<charParams l="647" t="826" r="659" b="847" charConfidence="74">e</charParams>
<charParams l="661" t="823" r="675" b="847" charConfidence="58">r</charParams>
<charParams l="676" t="818" r="686" b="847" charConfidence="100">i</charParams>
<charParams l="688" t="822" r="699" b="848" charConfidence="29">t</charParams>
<charParams l="701" t="821" r="712" b="847" charConfidence="73">t</charParams>
<charParams l="714" t="825" r="726" b="847" charConfidence="39">e</charParams>
<charParams l="729" t="825" r="747" b="847" charConfidence="38">n</charParams>
<charParams l="755" t="838" r="764" b="853" charConfidence="100">,</charParams>
<charParams l="765" t="824" r="796" b="853"> </charParams>
<charParams l="797" t="824" r="824" b="847" charConfidence="27">w</charParams>
<charParams l="828" t="825" r="843" b="847" charConfidence="39">o</charParams>
<charParams l="844" t="824" r="866" b="847"> </charParams>
<charParams l="867" t="824" r="879" b="846" charConfidence="26">e</charParams>
<charParams l="882" t="821" r="897" b="847" charConfidence="24">r</charParams>
<charParams l="898" t="817" r="919" b="854"> </charParams>
<charParams l="920" t="817" r="941" b="854" charConfidence="52">s</charParams>
<charParams l="920" t="817" r="941" b="854" charConfidence="52">t</charParams>
<charParams l="943" t="817" r="950" b="846" charConfidence="33">i</charParams>
<charParams l="953" t="816" r="962" b="846" charConfidence="30">l</charParams>
<charParams l="962" t="816" r="972" b="846" charConfidence="30">l</charParams></formatting></line>
<line baseline="903" l="185" t="872" r="971" b="914"><formatting lang="OldGerman">
<charParams l="185" t="874" r="203" b="913" suspicious="1" charConfidence="56">h</charParams>
<charParams l="206" t="875" r="215" b="904" charConfidence="45">i</charParams>
<charParams l="218" t="882" r="230" b="903" charConfidence="25">e</charParams>
<charParams l="233" t="874" r="242" b="904" charConfidence="100">l</charParams>
<charParams l="244" t="879" r="256" b="904" charConfidence="38">t</charParams>
<charParams l="257" t="879" r="277" b="904"> </charParams>
<charParams l="278" t="882" r="295" b="903" suspicious="1" charConfidence="28">o</charParams>
<charParams l="298" t="881" r="315" b="903" charConfidence="37">n</charParams>
<charParams l="318" t="877" r="335" b="903" charConfidence="26">d</charParams>
<charParams l="336" t="874" r="358" b="908"> </charParams>
<charParams l="359" t="874" r="373" b="908" charConfidence="35">s</charParams>
<charParams l="370" t="881" r="383" b="903" charConfidence="26">e</charParams>
<charParams l="385" t="875" r="394" b="904" charConfidence="25">i</charParams>
<charParams l="396" t="880" r="413" b="903" charConfidence="32">n</charParams>
<charParams l="417" t="882" r="430" b="903" charConfidence="45">e</charParams>
<charParams l="432" t="881" r="450" b="903" charConfidence="28">n</charParams>
<charParams l="451" t="873" r="467" b="909"> </charParams>
<charParams l="468" t="873" r="493" b="909" charConfidence="31">F</charParams>
<charParams l="494" t="881" r="507" b="903" charConfidence="54">r</charParams>
<charParams l="509" t="882" r="521" b="903" charConfidence="26">e</charParams>
<charParams l="525" t="882" r="542" b="903" charConfidence="30">u</charParams>
<charParams l="545" t="881" r="561" b="904" charConfidence="38">n</charParams>
<charParams l="566" t="876" r="582" b="904" charConfidence="28">d</charParams>
<charParams l="585" t="882" r="597" b="903" charConfidence="26">e</charParams>
<charParams l="599" t="881" r="617" b="903" charConfidence="58">n</charParams>
<charParams l="618" t="881" r="640" b="903"> </charParams>
<charParams l="641" t="881" r="654" b="902" charConfidence="100">e</charParams>
<charParams l="657" t="878" r="674" b="903" charConfidence="24">n</charParams>
<charParams l="677" t="878" r="686" b="902" charConfidence="30">t</charParams>
<charParams l="686" t="882" r="705" b="910" charConfidence="25">g</charParams>
<charParams l="709" t="881" r="721" b="902" charConfidence="28">e</charParams>
<charParams l="723" t="881" r="739" b="910" charConfidence="56">g</charParams>
<charParams l="742" t="882" r="755" b="903" charConfidence="26">e</charParams>
<charParams l="757" t="881" r="775" b="903" charConfidence="44">n</charParams>
<charParams l="776" t="881" r="799" b="904"> </charParams>
<charParams l="800" t="881" r="813" b="904" charConfidence="42">r</charParams>
<charParams l="815" t="874" r="824" b="904" charConfidence="26">i</charParams>
<charParams l="827" t="882" r="839" b="903" charConfidence="35">e</charParams>
<charParams l="840" t="872" r="856" b="909" charConfidence="34">f</charParams>
<charParams l="865" t="883" r="872" b="902" charConfidence="44">:</charParams>
<charParams l="873" t="873" r="904" b="911"> </charParams>
<charParams l="905" t="873" r="933" b="911" suspicious="1" charConfidence="-1">I</charParams>
<charParams l="937" t="874" r="953" b="914" charConfidence="100">h</charParams>
<charParams l="956" t="882" r="971" b="904" charConfidence="30">r</charParams></formatting></line>
<line baseline="962" l="185" t="929" r="968" b="973"><formatting lang="OldGerman">
<charParams l="185" t="933" r="202" b="973" suspicious="1" charConfidence="66">h</charParams>
<charParams l="206" t="941" r="221" b="963" charConfidence="25">a</charParams>
<charParams l="225" t="932" r="240" b="964" charConfidence="31">b</charParams>
<charParams l="244" t="938" r="255" b="963" charConfidence="49">t</charParams>
<charParams l="256" t="938" r="284" b="963"> </charParams>
<charParams l="285" t="938" r="314" b="962" charConfidence="68">m</charParams>
<charParams l="318" t="932" r="326" b="961" charConfidence="35">i</charParams>
<charParams l="328" t="930" r="356" b="966" charConfidence="62">c</charParams>
<charParams l="328" t="930" r="356" b="966" charConfidence="62">h</charParams>
<charParams l="357" t="930" r="388" b="966"> </charParams>
<charParams l="389" t="933" r="403" b="961" charConfidence="27">d</charParams>
<charParams l="407" t="939" r="421" b="961" charConfidence="35">o</charParams>
<charParams l="426" t="931" r="452" b="967" charConfidence="100">c</charParams>
<charParams l="426" t="931" r="452" b="967" charConfidence="100">h</charParams>
<charParams l="453" t="931" r="484" b="967"> </charParams>
<charParams l="485" t="938" r="503" b="960" charConfidence="97">n</charParams>
<charParams l="506" t="930" r="514" b="959" charConfidence="100">i</charParams>
<charParams l="517" t="929" r="543" b="966" charConfidence="55">c</charParams>
<charParams l="517" t="929" r="543" b="966" charConfidence="55">h</charParams>
<charParams l="548" t="935" r="559" b="959" charConfidence="40">t</charParams>
<charParams l="560" t="935" r="588" b="969"> </charParams>
<charParams l="589" t="937" r="601" b="969" charConfidence="31">z</charParams>
<charParams l="605" t="939" r="621" b="960" charConfidence="92">u</charParams>
<charParams l="625" t="938" r="653" b="960" charConfidence="50">m</charParams>
<charParams l="654" t="930" r="684" b="961"> </charParams>
<charParams l="685" t="930" r="701" b="961" charConfidence="88">b</charParams>
<charParams l="705" t="939" r="717" b="961" charConfidence="34">e</charParams>
<charParams l="721" t="931" r="741" b="970" charConfidence="52">s</charParams>
<charParams l="721" t="931" r="741" b="970" charConfidence="52">t</charParams>
<charParams l="742" t="939" r="755" b="961" charConfidence="28">e</charParams>
<charParams l="757" t="939" r="775" b="962" suspicious="1" charConfidence="100">n</charParams>
<charParams l="788" t="932" r="804" b="962" charConfidence="100">?</charParams>
<charParams l="805" t="932" r="857" b="965"> </charParams>
<charParams l="858" t="932" r="884" b="965" charConfidence="42">T</charParams>
<charParams l="889" t="933" r="905" b="972" charConfidence="40">h</charParams>
<charParams l="909" t="942" r="925" b="964" suspicious="1" charConfidence="24">u</charParams>
<charParams l="930" t="940" r="939" b="964" charConfidence="31">t</charParams>
<charParams l="942" t="936" r="950" b="948" charConfidence="84">&apos;</charParams>
<charParams l="953" t="943" r="961" b="965" suspicious="1" charConfidence="-1">«</charParams>
<charParams l="961" t="941" r="968" b="958" charConfidence="22">-</charParams></formatting></line>
<line baseline="1024" l="184" t="989" r="967" b="1036"><formatting lang="OldGerman">
<charParams l="184" t="1000" r="210" b="1026" suspicious="1" charConfidence="60">w</charParams>
<charParams l="214" t="995" r="222" b="1025" charConfidence="69">i</charParams>
<charParams l="226" t="1002" r="238" b="1025" charConfidence="43">r</charParams>
<charParams l="242" t="993" r="253" b="1024" charConfidence="31">k</charParams>
<charParams l="256" t="994" r="263" b="1024" charConfidence="85">l</charParams>
<charParams l="266" t="994" r="274" b="1023" charConfidence="29">i</charParams>
<charParams l="277" t="992" r="304" b="1030" charConfidence="96">c</charParams>
<charParams l="277" t="992" r="304" b="1030" suspicious="1" charConfidence="96">h</charParams>
<charParams l="305" t="989" r="325" b="1030"> </charParams>
<charParams l="326" t="989" r="361" b="1023" charConfidence="41">N</charParams>
<charParams l="365" t="1000" r="378" b="1022" charConfidence="30">o</charParams>
<charParams l="383" t="995" r="393" b="1022" charConfidence="80">t</charParams>
<charParams l="393" t="990" r="412" b="1028" charConfidence="27">h</charParams>
<charParams l="423" t="1013" r="432" b="1027" charConfidence="88">,</charParams>
<charParams l="433" t="990" r="455" b="1027"> </charParams>
<charParams l="456" t="990" r="471" b="1026" charConfidence="72">s</charParams>
<charParams l="469" t="998" r="483" b="1020" charConfidence="48">o</charParams>
<charParams l="484" t="989" r="508" b="1020"> </charParams>
<charParams l="509" t="989" r="524" b="1020" charConfidence="72">b</charParams>
<charParams l="528" t="992" r="535" b="1021" charConfidence="26">l</charParams>
<charParams l="539" t="998" r="551" b="1021" charConfidence="79">e</charParams>
<charParams l="554" t="991" r="562" b="1021" charConfidence="100">i</charParams>
<charParams l="566" t="991" r="581" b="1020" charConfidence="59">b</charParams>
<charParams l="585" t="998" r="598" b="1021" charConfidence="30">e</charParams>
<charParams l="599" t="992" r="619" b="1022"> </charParams>
<charParams l="620" t="992" r="629" b="1022" charConfidence="40">i</charParams>
<charParams l="632" t="991" r="660" b="1030" charConfidence="55">c</charParams>
<charParams l="632" t="991" r="660" b="1030" charConfidence="55">h</charParams>
<charParams l="661" t="991" r="681" b="1033"> </charParams>
<charParams l="682" t="1001" r="694" b="1033" charConfidence="28">z</charParams>
<charParams l="698" t="1000" r="715" b="1024" charConfidence="30">u</charParams>
<charParams l="716" t="991" r="739" b="1026"> </charParams>
<charParams l="740" t="991" r="784" b="1026" charConfidence="30">M</charParams>
<charParams l="787" t="994" r="794" b="1025" charConfidence="100">i</charParams>
<charParams l="798" t="999" r="807" b="1025" charConfidence="29">t</charParams>
<charParams l="811" t="999" r="821" b="1026" charConfidence="89">t</charParams>
<charParams l="823" t="1004" r="838" b="1026" charConfidence="24">a</charParams>
<charParams l="841" t="1004" r="857" b="1035" charConfidence="25">g</charParams>
<charParams l="861" t="1004" r="873" b="1027" charConfidence="41">e</charParams>
<charParams l="874" t="995" r="897" b="1036"> </charParams>
<charParams l="898" t="995" r="914" b="1036" suspicious="1" charConfidence="83">h</charParams>
<charParams l="919" t="997" r="926" b="1027" charConfidence="100">i</charParams>
<charParams l="930" t="1005" r="941" b="1028" charConfidence="26">e</charParams>
<charParams l="943" t="1005" r="957" b="1028" charConfidence="0">r</charParams>
<charParams l="959" t="1021" r="967" b="1026" charConfidence="100">.</charParams></formatting></line>
<line baseline="1084" l="183" t="1050" r="965" b="1096"><formatting lang="OldGerman">
<charParams l="183" t="1053" r="214" b="1093" charConfidence="28">H</charParams>
<charParams l="217" t="1063" r="232" b="1085" charConfidence="25">a</charParams>
<charParams l="237" t="1056" r="245" b="1085" charConfidence="25">l</charParams>
<charParams l="248" t="1059" r="258" b="1084" charConfidence="31">t</charParams>
<charParams l="261" t="1062" r="272" b="1083" charConfidence="30">e</charParams>
<charParams l="277" t="1059" r="287" b="1084" charConfidence="26">t</charParams>
<charParams l="288" t="1059" r="316" b="1084"> </charParams>
<charParams l="317" t="1060" r="344" b="1083" charConfidence="27">m</charParams>
<charParams l="349" t="1052" r="357" b="1082" charConfidence="31">i</charParams>
<charParams l="360" t="1051" r="386" b="1089" charConfidence="65">c</charParams>
<charParams l="360" t="1051" r="386" b="1089" charConfidence="65">h</charParams>
<charParams l="387" t="1051" r="419" b="1089"> </charParams>
<charParams l="420" t="1059" r="437" b="1082" charConfidence="33">n</charParams>
<charParams l="442" t="1051" r="449" b="1082" charConfidence="62">i</charParams>
<charParams l="452" t="1051" r="478" b="1090" charConfidence="55">c</charParams>
<charParams l="452" t="1051" r="478" b="1090" charConfidence="55">h</charParams>
<charParams l="482" t="1055" r="493" b="1083" charConfidence="93">t</charParams>
<charParams l="494" t="1055" r="521" b="1083"> </charParams>
<charParams l="522" t="1058" r="538" b="1081" charConfidence="43">a</charParams>
<charParams l="542" t="1059" r="559" b="1082" charConfidence="38">u</charParams>
<charParams l="562" t="1050" r="577" b="1088" charConfidence="74">f</charParams>
<charParams l="585" t="1060" r="592" b="1082" charConfidence="55">:</charParams>
<charParams l="593" t="1053" r="628" b="1083"> </charParams>
<charParams l="629" t="1053" r="637" b="1083" charConfidence="78">i</charParams>
<charParams l="640" t="1053" r="667" b="1092" charConfidence="63">c</charParams>
<charParams l="640" t="1053" r="667" b="1092" charConfidence="63">h</charParams>
<charParams l="668" t="1053" r="697" b="1096"> </charParams>
<charParams l="698" t="1054" r="715" b="1096" suspicious="1" charConfidence="79">h</charParams>
<charParams l="719" t="1064" r="735" b="1086" charConfidence="37">a</charParams>
<charParams l="739" t="1055" r="754" b="1087" charConfidence="38">b</charParams>
<charParams l="758" t="1064" r="770" b="1086" charConfidence="36">e</charParams>
<charParams l="771" t="1056" r="792" b="1095"> </charParams>
<charParams l="793" t="1056" r="811" b="1095" suspicious="1" charConfidence="33">h</charParams>
<charParams l="815" t="1065" r="827" b="1088" charConfidence="55">e</charParams>
<charParams l="830" t="1065" r="846" b="1088" charConfidence="24">u</charParams>
<charParams l="850" t="1063" r="861" b="1090" charConfidence="27">t</charParams>
<charParams l="864" t="1066" r="876" b="1087" charConfidence="25">e</charParams>
<charParams l="877" t="1066" r="898" b="1088"> </charParams>
<charParams l="899" t="1066" r="917" b="1088" charConfidence="100">n</charParams>
<charParams l="920" t="1066" r="934" b="1089" charConfidence="38">o</charParams>
<charParams l="938" t="1059" r="965" b="1095" charConfidence="0">c</charParams>
<charParams l="938" t="1059" r="965" b="1095" charConfidence="0">h</charParams></formatting></line>
<line baseline="1145" l="179" t="1112" r="398" b="1154"><formatting lang="OldGerman">
<charParams l="179" t="1124" r="198" b="1147" charConfidence="100">v</charParams>
<charParams l="202" t="1116" r="209" b="1147" charConfidence="55">i</charParams>
<charParams l="213" t="1124" r="225" b="1146" charConfidence="54">e</charParams>
<charParams l="228" t="1116" r="236" b="1147" charConfidence="60">l</charParams>
<charParams l="237" t="1116" r="259" b="1154"> </charParams>
<charParams l="260" t="1122" r="271" b="1154" charConfidence="100">z</charParams>
<charParams l="275" t="1123" r="291" b="1145" charConfidence="28">u</charParams>
<charParams l="292" t="1119" r="316" b="1145"> </charParams>
<charParams l="317" t="1119" r="326" b="1145" charConfidence="38">t</charParams>
<charParams l="331" t="1112" r="345" b="1153" charConfidence="100">h</charParams>
<charParams l="351" t="1121" r="367" b="1144" charConfidence="90">u</charParams>
<charParams l="371" t="1120" r="388" b="1143" charConfidence="25">n</charParams>
<charParams l="391" t="1136" r="398" b="1144" charConfidence="100">.</charParams></formatting></line></par>
<par align="Justified" startIndent="1908" lineSpacing="1464">
<line baseline="1268" l="243" t="1234" r="965" b="1277"><formatting lang="OldGerman">
<charParams l="243" t="1237" r="277" b="1270" charConfidence="85">D</charParams>
<charParams l="281" t="1246" r="296" b="1268" charConfidence="24">a</charParams>
<charParams l="297" t="1234" r="319" b="1273"> </charParams>
<charParams l="320" t="1234" r="347" b="1273" suspicious="1" charConfidence="-1">I</charParams>
<charParams l="352" t="1235" r="367" b="1272" charConfidence="53">h</charParams>
<charParams l="372" t="1244" r="385" b="1266" charConfidence="24">r</charParams>
<charParams l="386" t="1235" r="409" b="1267"> </charParams>
<charParams l="410" t="1235" r="435" b="1267" charConfidence="27">E</charParams>
<charParams l="438" t="1244" r="455" b="1267" charConfidence="100">u</charParams>
<charParams l="458" t="1237" r="485" b="1274" charConfidence="65">c</charParams>
<charParams l="458" t="1237" r="485" b="1274" charConfidence="65">h</charParams>
<charParams l="486" t="1237" r="509" b="1275"> </charParams>
<charParams l="510" t="1237" r="524" b="1275" charConfidence="36">s</charParams>
<charParams l="521" t="1246" r="536" b="1268" charConfidence="40">o</charParams>
<charParams l="537" t="1243" r="559" b="1268"> </charParams>
<charParams l="560" t="1243" r="586" b="1268" charConfidence="28">w</charParams>
<charParams l="590" t="1245" r="601" b="1268" charConfidence="100">e</charParams>
<charParams l="605" t="1237" r="612" b="1268" charConfidence="100">i</charParams>
<charParams l="616" t="1241" r="627" b="1268" charConfidence="45">t</charParams>
<charParams l="628" t="1235" r="649" b="1268"> </charParams>
<charParams l="650" t="1235" r="664" b="1267" charConfidence="57">b</charParams>
<charParams l="669" t="1245" r="681" b="1268" charConfidence="26">e</charParams>
<charParams l="683" t="1243" r="710" b="1268" charConfidence="50">m</charParams>
<charParams l="714" t="1236" r="730" b="1267" charConfidence="24">ü</charParams>
<charParams l="735" t="1236" r="751" b="1275" charConfidence="100">h</charParams>
<charParams l="756" t="1243" r="766" b="1268" charConfidence="26">t</charParams>
<charParams l="767" t="1237" r="789" b="1277"> </charParams>
<charParams l="790" t="1237" r="807" b="1277" suspicious="1" charConfidence="80">h</charParams>
<charParams l="811" t="1247" r="826" b="1270" charConfidence="54">a</charParams>
<charParams l="831" t="1238" r="845" b="1270" charConfidence="41">b</charParams>
<charParams l="850" t="1244" r="859" b="1271" charConfidence="62">t</charParams>
<charParams l="866" t="1262" r="876" b="1276" charConfidence="100">,</charParams>
<charParams l="877" t="1248" r="907" b="1276"> </charParams>
<charParams l="908" t="1248" r="921" b="1271" charConfidence="33">r</charParams>
<charParams l="924" t="1242" r="932" b="1271" charConfidence="37">i</charParams>
<charParams l="936" t="1249" r="947" b="1270" charConfidence="32">e</charParams>
<charParams l="950" t="1241" r="965" b="1275" charConfidence="55">f</charParams></formatting></line>
<line baseline="1330" l="177" t="1298" r="960" b="1340"><formatting lang="OldGerman">
<charParams l="177" t="1303" r="185" b="1331" charConfidence="25">i</charParams>
<charParams l="190" t="1301" r="206" b="1340" charConfidence="31">h</charParams>
<charParams l="210" t="1308" r="237" b="1331" charConfidence="55">m</charParams>
<charParams l="238" t="1298" r="261" b="1331"> </charParams>
<charParams l="262" t="1298" r="288" b="1331" charConfidence="44">E</charParams>
<charParams l="292" t="1302" r="305" b="1329" charConfidence="25">d</charParams>
<charParams l="311" t="1307" r="326" b="1330" charConfidence="27">u</charParams>
<charParams l="330" t="1306" r="346" b="1329" charConfidence="66">a</charParams>
<charParams l="349" t="1306" r="362" b="1328" charConfidence="54">r</charParams>
<charParams l="365" t="1299" r="380" b="1328" charConfidence="32">d</charParams>
<charParams l="381" t="1299" r="404" b="1328"> </charParams>
<charParams l="405" t="1306" r="417" b="1328" charConfidence="30">e</charParams>
<charParams l="421" t="1305" r="438" b="1328" charConfidence="33">n</charParams>
<charParams l="442" t="1302" r="452" b="1327" charConfidence="73">t</charParams>
<charParams l="453" t="1305" r="469" b="1336" charConfidence="34">g</charParams>
<charParams l="473" t="1305" r="485" b="1328" charConfidence="24">e</charParams>
<charParams l="487" t="1305" r="503" b="1336" charConfidence="67">g</charParams>
<charParams l="507" t="1306" r="520" b="1329" charConfidence="38">e</charParams>
<charParams l="523" t="1305" r="540" b="1329" charConfidence="27">n</charParams>
<charParams l="551" t="1308" r="560" b="1337" charConfidence="44">;</charParams>
<charParams l="561" t="1299" r="583" b="1338"> </charParams>
<charParams l="584" t="1299" r="598" b="1338" charConfidence="100">s</charParams>
<charParams l="596" t="1308" r="611" b="1330" charConfidence="51">o</charParams>
<charParams l="612" t="1307" r="634" b="1330"> </charParams>
<charParams l="635" t="1307" r="649" b="1329" charConfidence="53">r</charParams>
<charParams l="652" t="1307" r="663" b="1329" charConfidence="30">e</charParams>
<charParams l="667" t="1299" r="674" b="1328" charConfidence="35">i</charParams>
<charParams l="678" t="1303" r="688" b="1328" charConfidence="68">t</charParams>
<charParams l="690" t="1307" r="702" b="1328" charConfidence="34">e</charParams>
<charParams l="706" t="1304" r="716" b="1330" charConfidence="37">t</charParams>
<charParams l="717" t="1304" r="738" b="1330"> </charParams>
<charParams l="739" t="1307" r="756" b="1330" charConfidence="24">n</charParams>
<charParams l="760" t="1307" r="775" b="1329" charConfidence="49">o</charParams>
<charParams l="779" t="1298" r="805" b="1337" charConfidence="88">c</charParams>
<charParams l="779" t="1298" r="805" b="1337" charConfidence="88">h</charParams>
<charParams l="806" t="1298" r="829" b="1337"> </charParams>
<charParams l="830" t="1308" r="846" b="1330" charConfidence="34">v</charParams>
<charParams l="851" t="1308" r="864" b="1330" charConfidence="45">o</charParams>
<charParams l="869" t="1300" r="877" b="1331" charConfidence="60">l</charParams>
<charParams l="878" t="1301" r="886" b="1331" charConfidence="43">l</charParams>
<charParams l="887" t="1309" r="900" b="1331" charConfidence="26">e</charParams>
<charParams l="904" t="1309" r="920" b="1332" charConfidence="54">n</charParams>
<charParams l="925" t="1303" r="939" b="1332" charConfidence="26">d</charParams>
<charParams l="943" t="1305" r="960" b="1331" charConfidence="100">s</charParams></formatting></line>
<line baseline="1391" l="176" t="1358" r="960" b="1401"><formatting lang="OldGerman">
<charParams l="176" t="1361" r="194" b="1399" suspicious="1" charConfidence="30">h</charParams>
<charParams l="199" t="1370" r="210" b="1393" charConfidence="31">e</charParams>
<charParams l="213" t="1370" r="226" b="1393" charConfidence="45">r</charParams>
<charParams l="229" t="1370" r="241" b="1393" charConfidence="24">e</charParams>
<charParams l="245" t="1363" r="251" b="1392" charConfidence="60">i</charParams>
<charParams l="255" t="1370" r="272" b="1393" charConfidence="35">n</charParams>
<charParams l="274" t="1385" r="283" b="1398" charConfidence="57">,</charParams>
<charParams l="284" t="1368" r="306" b="1398"> </charParams>
<charParams l="307" t="1368" r="333" b="1392" charConfidence="54">w</charParams>
<charParams l="337" t="1361" r="347" b="1391" charConfidence="46">i</charParams>
<charParams l="348" t="1368" r="361" b="1391" charConfidence="100">r</charParams>
<charParams l="362" t="1358" r="383" b="1391"> </charParams>
<charParams l="384" t="1358" r="397" b="1390" charConfidence="100">k</charParams>
<charParams l="399" t="1366" r="413" b="1390" charConfidence="55">o</charParams>
<charParams l="417" t="1366" r="444" b="1389" charConfidence="46">m</charParams>
<charParams l="447" t="1364" r="475" b="1389" charConfidence="100">m</charParams>
<charParams l="479" t="1365" r="491" b="1388" charConfidence="38">e</charParams>
<charParams l="494" t="1365" r="512" b="1389" charConfidence="28">n</charParams>
<charParams l="513" t="1365" r="535" b="1391"> </charParams>
<charParams l="536" t="1367" r="552" b="1391" charConfidence="37">a</charParams>
<charParams l="555" t="1367" r="574" b="1392" charConfidence="81">n</charParams>
<charParams l="575" t="1367" r="592" b="1392"> </charParams>
<charParams l="593" t="1370" r="606" b="1392" charConfidence="-1">»</charParams>
<charParams l="609" t="1362" r="617" b="1392" charConfidence="24">t</charParams>
<charParams l="620" t="1369" r="636" b="1393" charConfidence="25">u</charParams>
<charParams l="640" t="1370" r="652" b="1391" charConfidence="24">e</charParams>
<charParams l="655" t="1369" r="672" b="1393" charConfidence="25">n</charParams>
<charParams l="673" t="1370" r="682" b="1392" charConfidence="27">;</charParams>
<charParams l="683" t="1370" r="698" b="1394"> </charParams>
<charParams l="699" t="1373" r="710" b="1394" charConfidence="70">e</charParams>
<charParams l="715" t="1369" r="726" b="1393" charConfidence="23">r</charParams>
<charParams l="730" t="1368" r="746" b="1392" charConfidence="29">n</charParams>
<charParams l="751" t="1362" r="770" b="1400" charConfidence="35">s</charParams>
<charParams l="751" t="1362" r="770" b="1400" charConfidence="35">t</charParams>
<charParams l="774" t="1360" r="789" b="1401" charConfidence="90">h</charParams>
<charParams l="794" t="1369" r="809" b="1391" charConfidence="24">a</charParams>
<charParams l="813" t="1359" r="828" b="1399" charConfidence="80">f</charParams>
<charParams l="827" t="1366" r="836" b="1392" charConfidence="100">t</charParams>
<charParams l="839" t="1369" r="850" b="1393" charConfidence="24">e</charParams>
<charParams l="854" t="1369" r="871" b="1392" charConfidence="32">n</charParams>
<charParams l="872" t="1359" r="886" b="1392"> </charParams>
<charParams l="887" t="1359" r="914" b="1391" charConfidence="40">O</charParams>
<charParams l="918" t="1367" r="930" b="1392" charConfidence="32">r</charParams>
<charParams l="933" t="1367" r="943" b="1391" charConfidence="34">t</charParams>
<charParams l="946" t="1371" r="960" b="1392" charConfidence="26">e</charParams></formatting></line></par>
</text>
</block>
</page>
</document>