﻿<?xml version="1.0" encoding="UTF-8" standalone="yes"?>
<document xmlns="http://www.abbyy.com/FineReader_xml/FineReader10-schema-v1.xml" version="1.0" producer="ABBYY FineReader Engine 11" languages="" xmlns:xsi="http://www.w3.org/2001/XMLSchema-instance" xsi:schemaLocation="http://www.abbyy.com/FineReader_xml/FineReader10-schema-v1.xml http://www.abbyy.com/FineReader_xml/FineReader10-schema-v1.xml">
<page width="1156" height="1782" resolution="300" originalCoords="1">
<block blockType="Text" blockName="">
<text>
<par startIndent="144">
<line baseline="201" l="561" t="170" r="606" b="202"><formatting lang="OldGerman">
<charParams l="561" t="173" r="582" b="202" charConfidence="22">2</charParams>
<charParams l="586" t="170" r="606" b="198" charConfidence="46">6</charParams></formatting></line></par>
</text>
</block>
<block blockType="Text" blockName="">
<text>
<par align="Justified" startIndent="2352" lineSpacing="1440">
<line baseline="292" l="265" t="251" r="977" b="302"><formatting lang="OldGerman">
<charParams l="265" t="261" r="297" b="294" charConfidence="27">B</charParams>
<charParams l="300" t="270" r="316" b="292" charConfidence="24">a</charParams>
<charParams l="319" t="262" r="328" b="292" charConfidence="32">l</charParams>
<charParams l="329" t="263" r="346" b="292" charConfidence="39">d</charParams>
<charParams l="347" t="260" r="366" b="299"> </charParams>
<charParams l="367" t="260" r="384" b="299" charConfidence="32">f</charParams>
<charParams l="382" t="269" r="399" b="292" charConfidence="25">a</charParams>
<charParams l="401" t="269" r="418" b="292" charConfidence="28">n</charParams>
<charParams l="422" t="261" r="437" b="292" charConfidence="44">d</charParams>
<charParams l="441" t="268" r="453" b="290" charConfidence="28">e</charParams>
<charParams l="455" t="267" r="474" b="290" charConfidence="25">n</charParams>
<charParams l="475" t="257" r="495" b="295"> </charParams>
<charParams l="496" t="257" r="516" b="295" charConfidence="80">s</charParams>
<charParams l="496" t="257" r="516" b="295" charConfidence="80">i</charParams>
<charParams l="516" t="254" r="544" b="292" charConfidence="36">c</charParams>
<charParams l="516" t="254" r="544" b="292" charConfidence="36">h</charParams>
<charParams l="545" t="254" r="567" b="292"> </charParams>
<charParams l="568" t="254" r="584" b="285" charConfidence="100">d</charParams>
<charParams l="587" t="254" r="596" b="284" charConfidence="37">i</charParams>
<charParams l="599" t="261" r="613" b="284" charConfidence="36">e</charParams>
<charParams l="614" t="252" r="634" b="284"> </charParams>
<charParams l="635" t="252" r="669" b="284" charConfidence="100">D</charParams>
<charParams l="673" t="262" r="686" b="285" charConfidence="40">r</charParams>
<charParams l="688" t="263" r="701" b="287" charConfidence="51">e</charParams>
<charParams l="702" t="263" r="719" b="296" charConfidence="29">y</charParams>
<charParams l="723" t="264" r="736" b="288" charConfidence="31">e</charParams>
<charParams l="737" t="257" r="757" b="289"> </charParams>
<charParams l="758" t="257" r="767" b="289" charConfidence="100">i</charParams>
<charParams l="769" t="264" r="797" b="289" charConfidence="89">m</charParams>
<charParams l="798" t="255" r="808" b="291"> </charParams>
<charParams l="809" t="254" r="845" b="291" charConfidence="31">S</charParams>
<charParams l="848" t="265" r="864" b="289" charConfidence="31">a</charParams>
<charParams l="868" t="264" r="883" b="288" charConfidence="25">a</charParams>
<charParams l="886" t="256" r="896" b="288" charConfidence="83">l</charParams>
<charParams l="898" t="265" r="911" b="289" charConfidence="25">e</charParams>
<charParams l="912" t="265" r="930" b="299"> </charParams>
<charParams l="931" t="267" r="946" b="299" charConfidence="15">z</charParams>
<charParams l="947" t="268" r="967" b="292" charConfidence="15">u</charParams>
<charParams l="967" t="271" r="977" b="287" charConfidence="12">¬</charParams></formatting></line>
<line baseline="352" l="196" t="313" r="976" b="362"><formatting lang="OldGerman">
<charParams l="196" t="323" r="211" b="361" charConfidence="35">s</charParams>
<charParams l="209" t="332" r="224" b="354" charConfidence="26">a</charParams>
<charParams l="229" t="331" r="255" b="354" charConfidence="100">m</charParams>
<charParams l="259" t="331" r="287" b="355" charConfidence="38">m</charParams>
<charParams l="290" t="331" r="302" b="354" charConfidence="25">e</charParams>
<charParams l="306" t="331" r="323" b="354" charConfidence="25">n</charParams>
<charParams l="336" t="332" r="346" b="361" charConfidence="37">;</charParams>
<charParams l="347" t="324" r="388" b="361"> </charParams>
<charParams l="389" t="324" r="404" b="352" charConfidence="32">d</charParams>
<charParams l="407" t="330" r="422" b="352" charConfidence="26">a</charParams>
<charParams l="427" t="324" r="442" b="351" charConfidence="22">ö</charParams>
<charParams l="443" t="316" r="464" b="351"> </charParams>
<charParams l="465" t="316" r="491" b="349" suspicious="1" charConfidence="-1">E</charParams>
<charParams l="494" t="324" r="500" b="351" suspicious="1" charConfidence="100">i</charParams>
<charParams l="499" t="315" r="518" b="351" suspicious="1" charConfidence="23">s</charParams>
<charParams l="515" t="323" r="527" b="345" suspicious="1" charConfidence="30">e</charParams>
<charParams l="530" t="323" r="549" b="346" suspicious="1" charConfidence="29">n</charParams>
<charParams l="550" t="320" r="571" b="346"> </charParams>
<charParams l="572" t="319" r="599" b="346" charConfidence="29">w</charParams>
<charParams l="602" t="322" r="617" b="344" charConfidence="25">a</charParams>
<charParams l="621" t="322" r="633" b="344" charConfidence="39">r</charParams>
<charParams l="636" t="315" r="652" b="345" charConfidence="28">d</charParams>
<charParams l="653" t="315" r="675" b="347"> </charParams>
<charParams l="676" t="324" r="692" b="347" charConfidence="26">a</charParams>
<charParams l="695" t="325" r="712" b="348" charConfidence="24">u</charParams>
<charParams l="716" t="317" r="730" b="353" charConfidence="56">f</charParams>
<charParams l="727" t="325" r="744" b="356" charConfidence="37">g</charParams>
<charParams l="748" t="327" r="760" b="349" charConfidence="47">e</charParams>
<charParams l="763" t="323" r="773" b="349" charConfidence="82">t</charParams>
<charParams l="775" t="327" r="789" b="350" charConfidence="43">r</charParams>
<charParams l="791" t="327" r="806" b="350" charConfidence="33">a</charParams>
<charParams l="809" t="327" r="825" b="358" charConfidence="29">g</charParams>
<charParams l="829" t="328" r="841" b="351" charConfidence="25">e</charParams>
<charParams l="843" t="327" r="860" b="350" charConfidence="86">n</charParams>
<charParams l="872" t="341" r="882" b="356" charConfidence="100">,</charParams>
<charParams l="883" t="328" r="917" b="356"> </charParams>
<charParams l="918" t="328" r="936" b="350" charConfidence="100">u</charParams>
<charParams l="938" t="328" r="956" b="351" charConfidence="100">n</charParams>
<charParams l="959" t="322" r="976" b="351" charConfidence="26">d</charParams></formatting></line>
<line baseline="413" l="197" t="373" r="977" b="424"><formatting lang="OldGerman">
<charParams l="197" t="383" r="243" b="417" charConfidence="35">M</charParams>
<charParams l="244" t="386" r="254" b="416" charConfidence="21">i</charParams>
<charParams l="256" t="389" r="266" b="416" charConfidence="28">t</charParams>
<charParams l="269" t="388" r="280" b="415" charConfidence="40">t</charParams>
<charParams l="282" t="385" r="292" b="416" charConfidence="26">l</charParams>
<charParams l="292" t="392" r="305" b="415" charConfidence="29">e</charParams>
<charParams l="307" t="392" r="322" b="415" charConfidence="24">r</charParams>
<charParams l="329" t="399" r="332" b="411" suspicious="1" charConfidence="24">,</charParams>
<charParams l="332" t="391" r="353" b="413"> </charParams>
<charParams l="353" t="391" r="368" b="413" charConfidence="28">e</charParams>
<charParams l="369" t="390" r="384" b="413" charConfidence="27">r</charParams>
<charParams l="383" t="389" r="396" b="422" charConfidence="12">z</charParams>
<charParams l="399" t="381" r="415" b="412" charConfidence="14">ä</charParams>
<charParams l="417" t="379" r="434" b="421" charConfidence="17">h</charParams>
<charParams l="437" t="381" r="448" b="411" charConfidence="15">l</charParams>
<charParams l="449" t="384" r="460" b="411" charConfidence="32">t</charParams>
<charParams l="461" t="387" r="476" b="410" charConfidence="31">e</charParams>
<charParams l="476" t="385" r="504" b="410"> </charParams>
<charParams l="504" t="385" r="521" b="406" charConfidence="37">v</charParams>
<charParams l="524" t="383" r="540" b="406" charConfidence="30">o</charParams>
<charParams l="541" t="383" r="561" b="405" charConfidence="27">n</charParams>
<charParams l="561" t="374" r="593" b="414"> </charParams>
<charParams l="593" t="374" r="607" b="413" charConfidence="36">s</charParams>
<charParams l="603" t="382" r="617" b="405" charConfidence="55">e</charParams>
<charParams l="620" t="375" r="629" b="405" charConfidence="-1">i</charParams>
<charParams l="630" t="382" r="648" b="405" charConfidence="27">n</charParams>
<charParams l="651" t="384" r="665" b="406" charConfidence="31">e</charParams>
<charParams l="666" t="384" r="684" b="406" charConfidence="36">n</charParams>
<charParams l="684" t="375" r="702" b="416"> </charParams>
<charParams l="702" t="375" r="722" b="416" suspicious="1" charConfidence="25">h</charParams>
<charParams l="724" t="384" r="739" b="409" charConfidence="26">e</charParams>
<charParams l="740" t="387" r="757" b="410" charConfidence="24">u</charParams>
<charParams l="760" t="384" r="771" b="409" charConfidence="30">t</charParams>
<charParams l="773" t="379" r="782" b="409" charConfidence="100">i</charParams>
<charParams l="782" t="388" r="801" b="418" charConfidence="28">g</charParams>
<charParams l="803" t="388" r="817" b="409" charConfidence="26">e</charParams>
<charParams l="817" t="387" r="836" b="412" charConfidence="28">n</charParams>
<charParams l="836" t="379" r="860" b="413"> </charParams>
<charParams l="860" t="379" r="888" b="413" charConfidence="40">T</charParams>
<charParams l="889" t="379" r="907" b="421" charConfidence="25">h</charParams>
<charParams l="911" t="389" r="927" b="411" charConfidence="54">a</charParams>
<charParams l="930" t="386" r="942" b="412" charConfidence="56">t</charParams>
<charParams l="943" t="389" r="956" b="412" charConfidence="26">e</charParams>
<charParams l="957" t="388" r="977" b="412" charConfidence="34">n</charParams></formatting></line>
<line baseline="473" l="198" t="433" r="977" b="484"><formatting lang="OldGerman">
<charParams l="198" t="454" r="215" b="478" charConfidence="30">u</charParams>
<charParams l="218" t="454" r="235" b="476" charConfidence="78">n</charParams>
<charParams l="239" t="447" r="254" b="475" charConfidence="27">d</charParams>
<charParams l="255" t="444" r="277" b="476"> </charParams>
<charParams l="278" t="444" r="310" b="476" charConfidence="51">V</charParams>
<charParams l="312" t="452" r="327" b="475" charConfidence="41">o</charParams>
<charParams l="329" t="451" r="343" b="475" charConfidence="100">r</charParams>
<charParams l="345" t="442" r="363" b="483" charConfidence="45">h</charParams>
<charParams l="366" t="451" r="381" b="473" charConfidence="29">a</charParams>
<charParams l="385" t="441" r="401" b="473" charConfidence="27">b</charParams>
<charParams l="404" t="450" r="415" b="472" charConfidence="26">e</charParams>
<charParams l="419" t="448" r="436" b="472" charConfidence="37">n</charParams>
<charParams l="438" t="461" r="448" b="471" charConfidence="56">.</charParams>
<charParams l="449" t="435" r="497" b="471"> </charParams>
<charParams l="498" t="435" r="535" b="467" charConfidence="72">D</charParams>
<charParams l="537" t="435" r="546" b="466" charConfidence="49">i</charParams>
<charParams l="549" t="446" r="560" b="467" charConfidence="24">e</charParams>
<charParams l="563" t="435" r="577" b="474" charConfidence="100">s</charParams>
<charParams l="574" t="443" r="587" b="468" charConfidence="35">e</charParams>
<charParams l="589" t="444" r="604" b="467" charConfidence="29">r</charParams>
<charParams l="605" t="435" r="632" b="472"> </charParams>
<charParams l="633" t="435" r="647" b="472" charConfidence="47">s</charParams>
<charParams l="644" t="442" r="656" b="466" charConfidence="27">e</charParams>
<charParams l="658" t="437" r="668" b="466" charConfidence="59">l</charParams>
<charParams l="670" t="441" r="681" b="466" charConfidence="37">t</charParams>
<charParams l="683" t="436" r="697" b="473" charConfidence="100">s</charParams>
<charParams l="694" t="444" r="711" b="467" charConfidence="100">a</charParams>
<charParams l="713" t="443" r="741" b="469" charConfidence="53">m</charParams>
<charParams l="744" t="446" r="757" b="468" charConfidence="26">e</charParams>
<charParams l="758" t="438" r="779" b="472"> </charParams>
<charParams l="780" t="438" r="824" b="472" charConfidence="31">M</charParams>
<charParams l="827" t="449" r="842" b="471" charConfidence="100">a</charParams>
<charParams l="846" t="450" r="862" b="472" charConfidence="55">n</charParams>
<charParams l="866" t="450" r="884" b="473" charConfidence="100">n</charParams>
<charParams l="885" t="450" r="913" b="473"> </charParams>
<charParams l="914" t="450" r="940" b="473" charConfidence="27">w</charParams>
<charParams l="944" t="451" r="959" b="473" charConfidence="51">a</charParams>
<charParams l="963" t="450" r="977" b="474" charConfidence="32">r</charParams></formatting></line>
<line baseline="532" l="195" t="494" r="976" b="545"><formatting lang="OldGerman">
<charParams l="195" t="506" r="211" b="543" suspicious="1" charConfidence="37">f</charParams>
<charParams l="208" t="514" r="223" b="537" charConfidence="95">r</charParams>
<charParams l="225" t="505" r="242" b="536" suspicious="1" charConfidence="41">ü</charParams>
<charParams l="246" t="505" r="262" b="545" charConfidence="74">h</charParams>
<charParams l="266" t="511" r="279" b="535" charConfidence="28">e</charParams>
<charParams l="281" t="512" r="294" b="535" charConfidence="100">r</charParams>
<charParams l="297" t="503" r="313" b="543" charConfidence="100">h</charParams>
<charParams l="317" t="505" r="325" b="534" charConfidence="30">i</charParams>
<charParams l="328" t="511" r="346" b="535" charConfidence="69">n</charParams>
<charParams l="347" t="499" r="379" b="534"> </charParams>
<charParams l="380" t="499" r="412" b="533" charConfidence="26">G</charParams>
<charParams l="416" t="508" r="428" b="533" charConfidence="27">e</charParams>
<charParams l="431" t="501" r="439" b="531" charConfidence="31">i</charParams>
<charParams l="442" t="499" r="461" b="538" charConfidence="29">s</charParams>
<charParams l="442" t="499" r="461" b="538" suspicious="1" charConfidence="29">t</charParams>
<charParams l="464" t="499" r="472" b="529" charConfidence="41">l</charParams>
<charParams l="475" t="498" r="483" b="529" charConfidence="32">i</charParams>
<charParams l="486" t="496" r="512" b="535" charConfidence="34">c</charParams>
<charParams l="486" t="496" r="512" b="535" suspicious="1" charConfidence="34">h</charParams>
<charParams l="516" t="504" r="528" b="527" charConfidence="28">e</charParams>
<charParams l="530" t="504" r="544" b="527" charConfidence="100">r</charParams>
<charParams l="545" t="504" r="573" b="536"> </charParams>
<charParams l="574" t="503" r="591" b="536" charConfidence="28">g</charParams>
<charParams l="595" t="505" r="606" b="527" charConfidence="26">e</charParams>
<charParams l="609" t="503" r="634" b="527" charConfidence="29">w</charParams>
<charParams l="638" t="505" r="649" b="526" charConfidence="35">e</charParams>
<charParams l="653" t="496" r="666" b="533" charConfidence="64">s</charParams>
<charParams l="664" t="503" r="675" b="526" charConfidence="24">e</charParams>
<charParams l="679" t="503" r="697" b="528" charConfidence="27">n</charParams>
<charParams l="698" t="503" r="728" b="528"> </charParams>
<charParams l="729" t="504" r="746" b="528" charConfidence="27">u</charParams>
<charParams l="750" t="506" r="767" b="528" charConfidence="40">n</charParams>
<charParams l="770" t="500" r="786" b="529" charConfidence="27">d</charParams>
<charParams l="787" t="500" r="818" b="539"> </charParams>
<charParams l="819" t="500" r="839" b="539" suspicious="1" charConfidence="26">h</charParams>
<charParams l="840" t="509" r="856" b="530" charConfidence="100">a</charParams>
<charParams l="859" t="506" r="870" b="532" charConfidence="100">t</charParams>
<charParams l="873" t="507" r="883" b="531" charConfidence="26">t</charParams>
<charParams l="885" t="509" r="898" b="531" charConfidence="26">e</charParams>
<charParams l="899" t="503" r="927" b="541"> </charParams>
<charParams l="928" t="503" r="947" b="541" charConfidence="84">s</charParams>
<charParams l="928" t="503" r="947" b="541" charConfidence="84">i</charParams>
<charParams l="948" t="502" r="976" b="540" charConfidence="100">c</charParams>
<charParams l="948" t="502" r="976" b="540" charConfidence="100">h</charParams></formatting></line>
<line baseline="592" l="196" t="553" r="978" b="602"><formatting lang="OldGerman">
<charParams l="196" t="563" r="212" b="594" charConfidence="28">b</charParams>
<charParams l="215" t="572" r="227" b="594" charConfidence="28">e</charParams>
<charParams l="229" t="572" r="245" b="602" charConfidence="22">y</charParams>
<charParams l="246" t="571" r="269" b="602"> </charParams>
<charParams l="270" t="571" r="283" b="592" charConfidence="29">e</charParams>
<charParams l="285" t="563" r="294" b="592" charConfidence="41">i</charParams>
<charParams l="297" t="570" r="314" b="592" charConfidence="35">n</charParams>
<charParams l="317" t="568" r="329" b="592" charConfidence="26">e</charParams>
<charParams l="332" t="569" r="347" b="591" charConfidence="31">r</charParams>
<charParams l="348" t="569" r="368" b="591"> </charParams>
<charParams l="369" t="569" r="383" b="590" charConfidence="66">r</charParams>
<charParams l="385" t="568" r="401" b="589" charConfidence="100">a</charParams>
<charParams l="405" t="559" r="424" b="599" charConfidence="22">s</charParams>
<charParams l="405" t="559" r="424" b="599" charConfidence="22">t</charParams>
<charParams l="426" t="560" r="434" b="589" charConfidence="40">l</charParams>
<charParams l="437" t="566" r="452" b="588" charConfidence="37">o</charParams>
<charParams l="455" t="558" r="468" b="595" charConfidence="100">s</charParams>
<charParams l="466" t="566" r="478" b="588" charConfidence="26">e</charParams>
<charParams l="481" t="564" r="499" b="588" charConfidence="98">n</charParams>
<charParams l="500" t="555" r="523" b="589"> </charParams>
<charParams l="524" t="555" r="550" b="589" charConfidence="44">T</charParams>
<charParams l="553" t="555" r="570" b="596" charConfidence="72">h</charParams>
<charParams l="574" t="555" r="589" b="588" charConfidence="27">ä</charParams>
<charParams l="593" t="561" r="602" b="588" charConfidence="67">t</charParams>
<charParams l="606" t="557" r="614" b="588" charConfidence="39">i</charParams>
<charParams l="616" t="565" r="632" b="595" charConfidence="68">g</charParams>
<charParams l="636" t="555" r="648" b="587" charConfidence="31">k</charParams>
<charParams l="651" t="564" r="662" b="587" charConfidence="28">e</charParams>
<charParams l="666" t="556" r="674" b="587" charConfidence="29">i</charParams>
<charParams l="677" t="561" r="688" b="587" charConfidence="88">t</charParams>
<charParams l="689" t="558" r="710" b="588"> </charParams>
<charParams l="711" t="558" r="720" b="588" charConfidence="41">i</charParams>
<charParams l="722" t="563" r="740" b="589" charConfidence="34">n</charParams>
<charParams l="741" t="557" r="763" b="594"> </charParams>
<charParams l="764" t="557" r="778" b="594" charConfidence="100">s</charParams>
<charParams l="776" t="567" r="788" b="589" charConfidence="54">e</charParams>
<charParams l="791" t="559" r="798" b="588" charConfidence="100">i</charParams>
<charParams l="802" t="566" r="819" b="589" charConfidence="38">n</charParams>
<charParams l="823" t="566" r="835" b="589" charConfidence="26">e</charParams>
<charParams l="838" t="565" r="865" b="589" charConfidence="57">m</charParams>
<charParams l="866" t="559" r="888" b="591"> </charParams>
<charParams l="889" t="559" r="918" b="591" charConfidence="28">A</charParams>
<charParams l="919" t="567" r="946" b="590" charConfidence="62">m</charParams>
<charParams l="950" t="565" r="962" b="592" charConfidence="78">t</charParams>
<charParams l="963" t="569" r="978" b="592" charConfidence="34">e</charParams></formatting></line>
<line baseline="652" l="194" t="616" r="978" b="663"><formatting lang="OldGerman">
<charParams l="194" t="626" r="211" b="654" charConfidence="26">d</charParams>
<charParams l="212" t="631" r="229" b="652" charConfidence="25">a</charParams>
<charParams l="232" t="625" r="249" b="652" charConfidence="27">d</charParams>
<charParams l="251" t="630" r="268" b="654" charConfidence="29">u</charParams>
<charParams l="272" t="629" r="286" b="652" charConfidence="31">r</charParams>
<charParams l="286" t="621" r="316" b="659" charConfidence="55">c</charParams>
<charParams l="286" t="621" r="316" b="659" charConfidence="55">h</charParams>
<charParams l="316" t="620" r="346" b="659"> </charParams>
<charParams l="346" t="629" r="364" b="650" charConfidence="59">a</charParams>
<charParams l="367" t="627" r="385" b="644" charConfidence="24">u</charParams>
<charParams l="387" t="622" r="403" b="648" charConfidence="26">s</charParams>
<charParams l="404" t="627" r="421" b="657" charConfidence="56">g</charParams>
<charParams l="425" t="626" r="437" b="649" charConfidence="28">e</charParams>
<charParams l="438" t="625" r="451" b="658" charConfidence="24">z</charParams>
<charParams l="454" t="626" r="467" b="649" charConfidence="35">e</charParams>
<charParams l="470" t="618" r="478" b="649" charConfidence="34">i</charParams>
<charParams l="480" t="618" r="508" b="658" charConfidence="25">c</charParams>
<charParams l="480" t="618" r="508" b="658" charConfidence="25">h</charParams>
<charParams l="510" t="626" r="528" b="649" charConfidence="40">n</charParams>
<charParams l="531" t="625" r="544" b="649" charConfidence="25">e</charParams>
<charParams l="546" t="622" r="559" b="649" charConfidence="49">t</charParams>
<charParams l="564" t="640" r="575" b="656" charConfidence="62">,</charParams>
<charParams l="575" t="620" r="612" b="656"> </charParams>
<charParams l="612" t="620" r="628" b="649" charConfidence="26">d</charParams>
<charParams l="630" t="626" r="646" b="648" charConfidence="24">a</charParams>
<charParams l="650" t="617" r="667" b="655" charConfidence="30">ß</charParams>
<charParams l="667" t="617" r="698" b="655"> </charParams>
<charParams l="698" t="626" r="711" b="649" charConfidence="28">e</charParams>
<charParams l="714" t="626" r="729" b="649" charConfidence="28">r</charParams>
<charParams l="729" t="626" r="755" b="650"> </charParams>
<charParams l="755" t="626" r="772" b="650" charConfidence="24">a</charParams>
<charParams l="775" t="618" r="785" b="650" charConfidence="94">l</charParams>
<charParams l="784" t="619" r="794" b="650" charConfidence="29">l</charParams>
<charParams l="795" t="627" r="810" b="650" charConfidence="55">e</charParams>
<charParams l="810" t="617" r="833" b="652"> </charParams>
<charParams l="833" t="617" r="868" b="651" charConfidence="26">S</charParams>
<charParams l="871" t="625" r="882" b="652" charConfidence="27">t</charParams>
<charParams l="884" t="627" r="898" b="651" charConfidence="25">r</charParams>
<charParams l="899" t="629" r="912" b="650" charConfidence="28">e</charParams>
<charParams l="914" t="620" r="922" b="651" charConfidence="41">i</charParams>
<charParams l="925" t="625" r="935" b="652" charConfidence="33">t</charParams>
<charParams l="937" t="621" r="946" b="651" charConfidence="37">i</charParams>
<charParams l="947" t="628" r="965" b="660" charConfidence="27">g</charParams>
<charParams l="965" t="632" r="978" b="648" charConfidence="22">¬</charParams></formatting></line>
<line baseline="716" l="193" t="677" r="977" b="725"><formatting lang="OldGerman">
<charParams l="193" t="683" r="207" b="715" charConfidence="26">k</charParams>
<charParams l="209" t="692" r="221" b="715" charConfidence="27">e</charParams>
<charParams l="225" t="685" r="232" b="716" charConfidence="31">i</charParams>
<charParams l="235" t="688" r="246" b="715" charConfidence="75">t</charParams>
<charParams l="249" t="692" r="260" b="716" charConfidence="26">e</charParams>
<charParams l="263" t="690" r="280" b="715" charConfidence="100">n</charParams>
<charParams l="290" t="706" r="300" b="722" charConfidence="100">,</charParams>
<charParams l="301" t="682" r="339" b="722"> </charParams>
<charParams l="340" t="682" r="353" b="721" charConfidence="100">s</charParams>
<charParams l="352" t="691" r="365" b="714" charConfidence="30">o</charParams>
<charParams l="369" t="689" r="394" b="714" charConfidence="43">w</charParams>
<charParams l="398" t="689" r="412" b="713" charConfidence="39">o</charParams>
<charParams l="414" t="679" r="432" b="722" charConfidence="27">h</charParams>
<charParams l="437" t="682" r="445" b="714" charConfidence="52">l</charParams>
<charParams l="446" t="682" r="468" b="714"> </charParams>
<charParams l="469" t="683" r="484" b="714" charConfidence="32">d</charParams>
<charParams l="489" t="682" r="496" b="713" charConfidence="100">i</charParams>
<charParams l="500" t="690" r="512" b="713" charConfidence="59">e</charParams>
<charParams l="513" t="680" r="536" b="724"> </charParams>
<charParams l="537" t="680" r="553" b="724" suspicious="1" charConfidence="47">h</charParams>
<charParams l="557" t="680" r="572" b="714" charConfidence="22">ä</charParams>
<charParams l="577" t="689" r="593" b="716" charConfidence="24">u</charParams>
<charParams l="596" t="685" r="613" b="714" charConfidence="-1">s</charParams>
<charParams l="616" t="682" r="623" b="714" charConfidence="100">l</charParams>
<charParams l="627" t="682" r="634" b="714" charConfidence="50">i</charParams>
<charParams l="638" t="681" r="663" b="721" charConfidence="31">c</charParams>
<charParams l="638" t="681" r="663" b="721" suspicious="1" charConfidence="31">h</charParams>
<charParams l="668" t="690" r="679" b="714" charConfidence="26">e</charParams>
<charParams l="682" t="689" r="700" b="714" charConfidence="78">n</charParams>
<charParams l="709" t="705" r="718" b="721" charConfidence="100">,</charParams>
<charParams l="719" t="691" r="758" b="721"> </charParams>
<charParams l="759" t="691" r="774" b="714" charConfidence="100">a</charParams>
<charParams l="779" t="683" r="786" b="714" charConfidence="31">l</charParams>
<charParams l="789" t="691" r="804" b="714" charConfidence="100">s</charParams>
<charParams l="805" t="684" r="829" b="715"> </charParams>
<charParams l="830" t="684" r="845" b="714" charConfidence="27">d</charParams>
<charParams l="850" t="684" r="856" b="715" charConfidence="-1">i</charParams>
<charParams l="861" t="693" r="872" b="715" charConfidence="25">e</charParams>
<charParams l="873" t="692" r="896" b="715"> </charParams>
<charParams l="897" t="692" r="913" b="715" charConfidence="43">n</charParams>
<charParams l="918" t="692" r="932" b="714" charConfidence="100">a</charParams>
<charParams l="937" t="683" r="963" b="721" charConfidence="100">c</charParams>
<charParams l="937" t="683" r="963" b="721" charConfidence="100">h</charParams>
<charParams l="966" t="695" r="977" b="711" charConfidence="96">¬</charParams></formatting></line>
<line baseline="780" l="193" t="742" r="977" b="789"><formatting lang="OldGerman">
<charParams l="193" t="745" r="211" b="779" charConfidence="28">b</charParams>
<charParams l="214" t="755" r="230" b="779" charConfidence="56">a</charParams>
<charParams l="232" t="755" r="246" b="780" charConfidence="25">r</charParams>
<charParams l="247" t="748" r="257" b="779" charConfidence="28">l</charParams>
<charParams l="259" t="748" r="269" b="780" charConfidence="26">i</charParams>
<charParams l="270" t="746" r="297" b="785" charConfidence="57">c</charParams>
<charParams l="270" t="746" r="297" b="785" charConfidence="57">h</charParams>
<charParams l="300" t="755" r="312" b="779" charConfidence="34">e</charParams>
<charParams l="316" t="754" r="334" b="779" charConfidence="54">n</charParams>
<charParams l="342" t="769" r="353" b="785" charConfidence="100">,</charParams>
<charParams l="354" t="755" r="389" b="785"> </charParams>
<charParams l="390" t="755" r="403" b="777" charConfidence="37">e</charParams>
<charParams l="405" t="753" r="419" b="778" charConfidence="25">r</charParams>
<charParams l="421" t="745" r="442" b="786" charConfidence="38">s</charParams>
<charParams l="421" t="745" r="442" b="786" charConfidence="38">t</charParams>
<charParams l="443" t="745" r="470" b="786"> </charParams>
<charParams l="471" t="746" r="489" b="776" charConfidence="25">d</charParams>
<charParams l="492" t="754" r="504" b="778" charConfidence="24">e</charParams>
<charParams l="506" t="753" r="521" b="777" charConfidence="100">r</charParams>
<charParams l="522" t="753" r="550" b="777"> </charParams>
<charParams l="551" t="754" r="564" b="777" charConfidence="32">e</charParams>
<charParams l="566" t="746" r="575" b="777" charConfidence="26">i</charParams>
<charParams l="577" t="753" r="595" b="778" charConfidence="41">n</charParams>
<charParams l="597" t="753" r="610" b="787" charConfidence="22">z</charParams>
<charParams l="613" t="754" r="625" b="777" charConfidence="55">e</charParams>
<charParams l="627" t="747" r="636" b="778" charConfidence="52">l</charParams>
<charParams l="638" t="754" r="655" b="778" charConfidence="70">n</charParams>
<charParams l="659" t="754" r="672" b="777" charConfidence="26">e</charParams>
<charParams l="674" t="754" r="692" b="777" charConfidence="25">n</charParams>
<charParams l="693" t="745" r="714" b="779"> </charParams>
<charParams l="715" t="745" r="750" b="779" charConfidence="28">B</charParams>
<charParams l="753" t="755" r="766" b="778" charConfidence="30">e</charParams>
<charParams l="767" t="753" r="792" b="778" charConfidence="26">w</charParams>
<charParams l="797" t="756" r="811" b="778" charConfidence="100">o</charParams>
<charParams l="815" t="745" r="834" b="787" charConfidence="55">h</charParams>
<charParams l="836" t="755" r="852" b="778" charConfidence="54">n</charParams>
<charParams l="857" t="754" r="869" b="778" charConfidence="24">e</charParams>
<charParams l="871" t="755" r="884" b="777" charConfidence="100">r</charParams>
<charParams l="893" t="769" r="902" b="783" charConfidence="79">,</charParams>
<charParams l="903" t="745" r="935" b="783"> </charParams>
<charParams l="936" t="745" r="951" b="783" charConfidence="100">s</charParams>
<charParams l="949" t="753" r="964" b="777" charConfidence="39">o</charParams>
<charParams l="966" t="757" r="977" b="772" charConfidence="100">¬</charParams></formatting></line>
<line baseline="842" l="194" t="803" r="974" b="850"><formatting lang="OldGerman">
<charParams l="194" t="813" r="209" b="841" charConfidence="25">d</charParams>
<charParams l="212" t="818" r="227" b="841" charConfidence="25">a</charParams>
<charParams l="231" t="818" r="247" b="842" charConfidence="25">n</charParams>
<charParams l="252" t="819" r="270" b="843" charConfidence="100">n</charParams>
<charParams l="271" t="818" r="298" b="848"> </charParams>
<charParams l="299" t="818" r="316" b="848" charConfidence="27">g</charParams>
<charParams l="320" t="817" r="335" b="842" charConfidence="27">a</charParams>
<charParams l="339" t="818" r="356" b="840" charConfidence="25">n</charParams>
<charParams l="359" t="817" r="370" b="849" charConfidence="27">z</charParams>
<charParams l="375" t="817" r="386" b="840" charConfidence="25">e</charParams>
<charParams l="389" t="817" r="403" b="839" charConfidence="31">r</charParams>
<charParams l="404" t="806" r="425" b="841"> </charParams>
<charParams l="426" t="806" r="457" b="841" charConfidence="22">G</charParams>
<charParams l="463" t="817" r="474" b="839" charConfidence="54">e</charParams>
<charParams l="478" t="816" r="504" b="840" charConfidence="100">m</charParams>
<charParams l="509" t="817" r="520" b="839" charConfidence="26">e</charParams>
<charParams l="524" t="809" r="531" b="839" charConfidence="66">i</charParams>
<charParams l="535" t="816" r="552" b="839" charConfidence="82">n</charParams>
<charParams l="556" t="808" r="571" b="838" charConfidence="28">d</charParams>
<charParams l="576" t="815" r="587" b="840" charConfidence="34">e</charParams>
<charParams l="591" t="815" r="608" b="839" charConfidence="29">n</charParams>
<charParams l="609" t="815" r="631" b="840"> </charParams>
<charParams l="632" t="816" r="649" b="840" charConfidence="62">u</charParams>
<charParams l="652" t="816" r="669" b="840" charConfidence="81">n</charParams>
<charParams l="674" t="809" r="689" b="840" charConfidence="25">d</charParams>
<charParams l="690" t="809" r="712" b="840"> </charParams>
<charParams l="713" t="816" r="740" b="840" charConfidence="32">m</charParams>
<charParams l="745" t="817" r="756" b="838" charConfidence="55">e</charParams>
<charParams l="760" t="807" r="776" b="848" charConfidence="68">h</charParams>
<charParams l="780" t="817" r="793" b="839" charConfidence="25">r</charParams>
<charParams l="796" t="816" r="807" b="840" charConfidence="100">e</charParams>
<charParams l="811" t="816" r="823" b="839" charConfidence="62">r</charParams>
<charParams l="826" t="817" r="838" b="839" charConfidence="29">e</charParams>
<charParams l="841" t="816" r="854" b="839" charConfidence="34">r</charParams>
<charParams l="855" t="803" r="876" b="839"> </charParams>
<charParams l="877" t="803" r="909" b="839" charConfidence="23">G</charParams>
<charParams l="913" t="815" r="929" b="838" charConfidence="34">u</charParams>
<charParams l="933" t="811" r="943" b="837" charConfidence="50">t</charParams>
<charParams l="947" t="809" r="962" b="837" charConfidence="100">s</charParams>
<charParams l="964" t="817" r="974" b="833" charConfidence="100">¬</charParams></formatting></line>
<line baseline="902" l="194" t="867" r="974" b="911"><formatting lang="OldGerman">
<charParams l="194" t="871" r="210" b="901" charConfidence="25">b</charParams>
<charParams l="212" t="880" r="226" b="902" charConfidence="24">e</charParams>
<charParams l="227" t="871" r="242" b="910" charConfidence="26">s</charParams>
<charParams l="237" t="874" r="246" b="902" charConfidence="23">i</charParams>
<charParams l="247" t="874" r="265" b="909" charConfidence="36">t</charParams>
<charParams l="247" t="874" r="265" b="909" charConfidence="36">z</charParams>
<charParams l="268" t="880" r="280" b="902" charConfidence="24">e</charParams>
<charParams l="283" t="879" r="298" b="901" charConfidence="24">r</charParams>
<charParams l="305" t="893" r="315" b="907" charConfidence="100">,</charParams>
<charParams l="315" t="877" r="356" b="911"> </charParams>
<charParams l="356" t="877" r="369" b="910" charConfidence="33">z</charParams>
<charParams l="372" t="878" r="390" b="901" charConfidence="52">u</charParams>
<charParams l="390" t="870" r="423" b="909"> </charParams>
<charParams l="423" t="870" r="444" b="909" charConfidence="52">s</charParams>
<charParams l="423" t="870" r="444" b="909" charConfidence="52">t</charParams>
<charParams l="446" t="870" r="454" b="899" charConfidence="27">i</charParams>
<charParams l="457" t="869" r="477" b="900" charConfidence="-1">l</charParams>
<charParams l="457" t="869" r="477" b="900" charConfidence="-1">l</charParams>
<charParams l="477" t="877" r="490" b="900" charConfidence="26">e</charParams>
<charParams l="492" t="876" r="511" b="899" charConfidence="29">n</charParams>
<charParams l="511" t="876" r="541" b="900"> </charParams>
<charParams l="541" t="877" r="559" b="900" charConfidence="100">u</charParams>
<charParams l="562" t="876" r="579" b="900" charConfidence="53">n</charParams>
<charParams l="582" t="870" r="600" b="900" charConfidence="30">d</charParams>
<charParams l="600" t="870" r="629" b="909"> </charParams>
<charParams l="629" t="876" r="642" b="909" charConfidence="32">z</charParams>
<charParams l="645" t="877" r="664" b="900" charConfidence="59">u</charParams>
<charParams l="664" t="869" r="697" b="907"> </charParams>
<charParams l="697" t="869" r="711" b="907" charConfidence="46">s</charParams>
<charParams l="708" t="869" r="735" b="908" charConfidence="61">c</charParams>
<charParams l="708" t="869" r="735" b="908" charConfidence="61">h</charParams>
<charParams l="739" t="870" r="748" b="899" charConfidence="40">l</charParams>
<charParams l="749" t="878" r="757" b="899" charConfidence="100">i</charParams>
<charParams l="760" t="869" r="787" b="906" charConfidence="27">c</charParams>
<charParams l="760" t="869" r="787" b="906" charConfidence="27">h</charParams>
<charParams l="791" t="873" r="802" b="899" charConfidence="59">t</charParams>
<charParams l="803" t="877" r="816" b="900" charConfidence="28">e</charParams>
<charParams l="817" t="876" r="837" b="900" charConfidence="32">n</charParams>
<charParams l="837" t="875" r="867" b="900"> </charParams>
<charParams l="867" t="875" r="894" b="900" charConfidence="26">w</charParams>
<charParams l="896" t="876" r="914" b="898" charConfidence="31">u</charParams>
<charParams l="917" t="867" r="934" b="904" charConfidence="28">ß</charParams>
<charParams l="936" t="872" r="948" b="898" charConfidence="55">t</charParams>
<charParams l="950" t="874" r="964" b="898" charConfidence="24">e</charParams>
<charParams l="963" t="889" r="974" b="897" charConfidence="55">.</charParams></formatting></line>
<line baseline="963" l="192" t="926" r="972" b="970"><formatting lang="OldGerman">
<charParams l="192" t="930" r="226" b="964" charConfidence="29">S</charParams>
<charParams l="231" t="939" r="245" b="962" suspicious="1" charConfidence="40">o</charParams>
<charParams l="246" t="932" r="270" b="962"> </charParams>
<charParams l="271" t="932" r="279" b="962" charConfidence="38">l</charParams>
<charParams l="281" t="939" r="297" b="962" charConfidence="62">a</charParams>
<charParams l="301" t="939" r="317" b="961" charConfidence="27">n</charParams>
<charParams l="320" t="938" r="336" b="969" charConfidence="69">g</charParams>
<charParams l="340" t="939" r="353" b="963" charConfidence="27">e</charParams>
<charParams l="354" t="939" r="375" b="963"> </charParams>
<charParams l="376" t="939" r="388" b="961" charConfidence="34">e</charParams>
<charParams l="391" t="938" r="406" b="961" charConfidence="39">r</charParams>
<charParams l="407" t="931" r="427" b="961"> </charParams>
<charParams l="428" t="931" r="437" b="961" charConfidence="33">i</charParams>
<charParams l="439" t="937" r="467" b="961" charConfidence="27">m</charParams>
<charParams l="468" t="928" r="491" b="961"> </charParams>
<charParams l="492" t="928" r="526" b="960" charConfidence="36">D</charParams>
<charParams l="531" t="930" r="538" b="960" charConfidence="26">i</charParams>
<charParams l="542" t="937" r="554" b="959" charConfidence="50">e</charParams>
<charParams l="557" t="937" r="573" b="960" charConfidence="100">n</charParams>
<charParams l="577" t="929" r="597" b="969" charConfidence="36">s</charParams>
<charParams l="577" t="929" r="597" b="969" charConfidence="36">t</charParams>
<charParams l="599" t="937" r="613" b="960" charConfidence="28">e</charParams>
<charParams l="614" t="936" r="634" b="960"> </charParams>
<charParams l="635" t="936" r="661" b="960" charConfidence="34">w</charParams>
<charParams l="665" t="938" r="681" b="960" charConfidence="54">a</charParams>
<charParams l="684" t="938" r="698" b="961" charConfidence="40">r</charParams>
<charParams l="705" t="950" r="716" b="966" charConfidence="83">,</charParams>
<charParams l="717" t="928" r="739" b="968"> </charParams>
<charParams l="740" t="928" r="756" b="968" suspicious="1" charConfidence="26">h</charParams>
<charParams l="762" t="937" r="776" b="959" charConfidence="29">a</charParams>
<charParams l="781" t="934" r="789" b="960" charConfidence="37">t</charParams>
<charParams l="794" t="933" r="804" b="960" charConfidence="26">t</charParams>
<charParams l="806" t="937" r="818" b="962" charConfidence="24">e</charParams>
<charParams l="819" t="929" r="840" b="968"> </charParams>
<charParams l="841" t="929" r="861" b="967" charConfidence="53">s</charParams>
<charParams l="841" t="929" r="861" b="967" charConfidence="53">i</charParams>
<charParams l="862" t="928" r="889" b="966" charConfidence="91">c</charParams>
<charParams l="862" t="928" r="889" b="966" charConfidence="91">h</charParams>
<charParams l="890" t="927" r="912" b="966"> </charParams>
<charParams l="913" t="927" r="926" b="958" charConfidence="57">k</charParams>
<charParams l="928" t="935" r="940" b="958" charConfidence="38">e</charParams>
<charParams l="943" t="927" r="951" b="958" charConfidence="28">i</charParams>
<charParams l="954" t="933" r="972" b="957" charConfidence="100">n</charParams></formatting></line>
<line baseline="1019" l="191" t="985" r="973" b="1027"><formatting lang="OldGerman">
<charParams l="191" t="989" r="216" b="1021" suspicious="1" charConfidence="22">L</charParams>
<charParams l="220" t="990" r="235" b="1027" charConfidence="32">h</charParams>
<charParams l="238" t="997" r="255" b="1025" charConfidence="68">p</charParams>
<charParams l="258" t="995" r="274" b="1019" charConfidence="28">a</charParams>
<charParams l="277" t="997" r="292" b="1019" charConfidence="54">a</charParams>
<charParams l="297" t="996" r="310" b="1019" charConfidence="26">r</charParams>
<charParams l="311" t="989" r="338" b="1026"> </charParams>
<charParams l="339" t="989" r="354" b="1025" charConfidence="100">s</charParams>
<charParams l="351" t="989" r="377" b="1024" charConfidence="84">c</charParams>
<charParams l="351" t="989" r="377" b="1024" charConfidence="84">h</charParams>
<charParams l="381" t="997" r="393" b="1018" charConfidence="100">e</charParams>
<charParams l="396" t="990" r="404" b="1018" charConfidence="37">i</charParams>
<charParams l="407" t="991" r="423" b="1019" charConfidence="27">d</charParams>
<charParams l="426" t="996" r="438" b="1018" charConfidence="62">e</charParams>
<charParams l="441" t="996" r="460" b="1017" charConfidence="77">n</charParams>
<charParams l="461" t="989" r="490" b="1017"> </charParams>
<charParams l="491" t="989" r="500" b="1017" charConfidence="100">l</charParams>
<charParams l="502" t="996" r="518" b="1017" charConfidence="37">a</charParams>
<charParams l="522" t="987" r="546" b="1022" charConfidence="93">s</charParams>
<charParams l="522" t="987" r="546" b="1022" charConfidence="93">s</charParams>
<charParams l="544" t="996" r="555" b="1017" charConfidence="25">e</charParams>
<charParams l="559" t="995" r="577" b="1017" charConfidence="35">n</charParams>
<charParams l="586" t="1008" r="597" b="1023" charConfidence="100">,</charParams>
<charParams l="598" t="995" r="632" b="1023"> </charParams>
<charParams l="633" t="995" r="651" b="1017" charConfidence="100">u</charParams>
<charParams l="654" t="995" r="672" b="1017" charConfidence="65">n</charParams>
<charParams l="675" t="991" r="691" b="1019" charConfidence="26">d</charParams>
<charParams l="692" t="990" r="714" b="1019"> </charParams>
<charParams l="715" t="990" r="731" b="1016" charConfidence="27">d</charParams>
<charParams l="735" t="988" r="743" b="1017" charConfidence="57">i</charParams>
<charParams l="746" t="995" r="758" b="1016" charConfidence="32">e</charParams>
<charParams l="759" t="986" r="781" b="1017"> </charParams>
<charParams l="782" t="986" r="799" b="1017" suspicious="1" charConfidence="36">L</charParams>
<charParams l="803" t="995" r="818" b="1017" charConfidence="100">a</charParams>
<charParams l="822" t="994" r="839" b="1017" charConfidence="34">n</charParams>
<charParams l="843" t="988" r="858" b="1017" charConfidence="25">d</charParams>
<charParams l="862" t="995" r="874" b="1017" charConfidence="25">e</charParams>
<charParams l="876" t="989" r="892" b="1019" charConfidence="100">s</charParams>
<charParams l="895" t="994" r="907" b="1017" charConfidence="26">k</charParams>
<charParams l="909" t="996" r="923" b="1016" charConfidence="33">o</charParams>
<charParams l="927" t="987" r="945" b="1017" charConfidence="100">l</charParams>
<charParams l="927" t="987" r="945" b="1017" charConfidence="100">l</charParams>
<charParams l="947" t="994" r="959" b="1017" charConfidence="26">e</charParams>
<charParams l="961" t="997" r="973" b="1013" charConfidence="100">¬</charParams></formatting></line>
<line baseline="1078" l="187" t="1040" r="971" b="1087"><formatting lang="OldGerman">
<charParams l="187" t="1057" r="205" b="1087" charConfidence="45">g</charParams>
<charParams l="206" t="1048" r="215" b="1079" charConfidence="26">i</charParams>
<charParams l="216" t="1055" r="229" b="1078" charConfidence="100">e</charParams>
<charParams l="231" t="1055" r="252" b="1078" charConfidence="26">n</charParams>
<charParams l="253" t="1053" r="279" b="1078"> </charParams>
<charParams l="280" t="1053" r="307" b="1077" charConfidence="60">w</charParams>
<charParams l="309" t="1053" r="328" b="1076" charConfidence="34">u</charParams>
<charParams l="330" t="1054" r="344" b="1077" charConfidence="44">r</charParams>
<charParams l="345" t="1047" r="362" b="1075" charConfidence="34">d</charParams>
<charParams l="364" t="1053" r="377" b="1075" charConfidence="30">e</charParams>
<charParams l="379" t="1052" r="398" b="1075" charConfidence="26">n</charParams>
<charParams l="399" t="1051" r="427" b="1075"> </charParams>
<charParams l="428" t="1051" r="457" b="1074" charConfidence="33">m</charParams>
<charParams l="459" t="1045" r="468" b="1073" charConfidence="32">i</charParams>
<charParams l="471" t="1049" r="483" b="1074" charConfidence="25">t</charParams>
<charParams l="484" t="1043" r="508" b="1074"> </charParams>
<charParams l="509" t="1043" r="524" b="1074" charConfidence="28">k</charParams>
<charParams l="525" t="1051" r="538" b="1077" charConfidence="96">e</charParams>
<charParams l="540" t="1044" r="549" b="1074" charConfidence="27">i</charParams>
<charParams l="551" t="1051" r="569" b="1074" charConfidence="34">n</charParams>
<charParams l="571" t="1051" r="585" b="1074" charConfidence="27">e</charParams>
<charParams l="586" t="1051" r="607" b="1074" charConfidence="26">n</charParams>
<charParams l="608" t="1041" r="634" b="1080"> </charParams>
<charParams l="635" t="1041" r="667" b="1080" charConfidence="27">H</charParams>
<charParams l="670" t="1043" r="687" b="1074" suspicious="1" charConfidence="56">ä</charParams>
<charParams l="688" t="1052" r="707" b="1074" charConfidence="68">n</charParams>
<charParams l="709" t="1045" r="726" b="1075" charConfidence="28">d</charParams>
<charParams l="728" t="1052" r="742" b="1075" charConfidence="35">e</charParams>
<charParams l="744" t="1044" r="754" b="1074" charConfidence="82">l</charParams>
<charParams l="754" t="1053" r="774" b="1075" charConfidence="92">n</charParams>
<charParams l="775" t="1053" r="803" b="1077"> </charParams>
<charParams l="804" t="1053" r="822" b="1077" charConfidence="37">u</charParams>
<charParams l="824" t="1054" r="843" b="1078" charConfidence="59">n</charParams>
<charParams l="845" t="1047" r="862" b="1076" charConfidence="68">d</charParams>
<charParams l="863" t="1045" r="891" b="1084"> </charParams>
<charParams l="892" t="1045" r="926" b="1084" charConfidence="78">P</charParams>
<charParams l="928" t="1054" r="940" b="1077" charConfidence="42">r</charParams>
<charParams l="943" t="1054" r="959" b="1077" charConfidence="30">o</charParams>
<charParams l="961" t="1056" r="971" b="1071" charConfidence="100">¬</charParams></formatting></line>
<line baseline="1139" l="187" t="1099" r="970" b="1151"><formatting lang="OldGerman">
<charParams l="187" t="1116" r="199" b="1140" charConfidence="25">c</charParams>
<charParams l="202" t="1117" r="213" b="1140" charConfidence="24">e</charParams>
<charParams l="217" t="1107" r="241" b="1143" charConfidence="100">s</charParams>
<charParams l="217" t="1107" r="241" b="1143" charConfidence="100">s</charParams>
<charParams l="238" t="1116" r="249" b="1138" charConfidence="100">e</charParams>
<charParams l="253" t="1114" r="271" b="1139" charConfidence="25">n</charParams>
<charParams l="272" t="1114" r="309" b="1139"> </charParams>
<charParams l="310" t="1114" r="326" b="1137" charConfidence="25">v</charParams>
<charParams l="331" t="1114" r="345" b="1136" charConfidence="62">o</charParams>
<charParams l="349" t="1113" r="367" b="1136" charConfidence="30">n</charParams>
<charParams l="368" t="1106" r="400" b="1136"> </charParams>
<charParams l="401" t="1106" r="416" b="1135" charConfidence="25">d</charParams>
<charParams l="420" t="1111" r="434" b="1135" charConfidence="36">o</charParams>
<charParams l="438" t="1112" r="450" b="1135" charConfidence="54">r</charParams>
<charParams l="454" t="1108" r="464" b="1134" charConfidence="89">t</charParams>
<charParams l="467" t="1101" r="484" b="1142" charConfidence="83">h</charParams>
<charParams l="487" t="1111" r="498" b="1134" charConfidence="100">e</charParams>
<charParams l="502" t="1111" r="516" b="1134" charConfidence="25">r</charParams>
<charParams l="517" t="1102" r="553" b="1134"> </charParams>
<charParams l="554" t="1102" r="570" b="1134" charConfidence="39">b</charParams>
<charParams l="574" t="1111" r="585" b="1136" charConfidence="26">e</charParams>
<charParams l="588" t="1102" r="606" b="1143" charConfidence="55">h</charParams>
<charParams l="609" t="1111" r="620" b="1134" charConfidence="30">e</charParams>
<charParams l="625" t="1103" r="642" b="1135" charConfidence="100">l</charParams>
<charParams l="625" t="1103" r="642" b="1135" charConfidence="100">l</charParams>
<charParams l="645" t="1104" r="652" b="1134" charConfidence="100">i</charParams>
<charParams l="653" t="1112" r="671" b="1143" charConfidence="53">g</charParams>
<charParams l="675" t="1112" r="686" b="1135" charConfidence="24">e</charParams>
<charParams l="690" t="1109" r="701" b="1136" charConfidence="55">t</charParams>
<charParams l="702" t="1127" r="710" b="1135" charConfidence="100">.</charParams>
<charParams l="711" t="1103" r="766" b="1138"> </charParams>
<charParams l="767" t="1103" r="808" b="1138" charConfidence="27">W</charParams>
<charParams l="812" t="1106" r="819" b="1137" charConfidence="36">i</charParams>
<charParams l="822" t="1115" r="836" b="1139" suspicious="1" charConfidence="26">e</charParams>
<charParams l="836" t="1115" r="868" b="1138"> </charParams>
<charParams l="868" t="1115" r="887" b="1138" charConfidence="100">n</charParams>
<charParams l="890" t="1106" r="905" b="1139" charConfidence="22">ö</charParams>
<charParams l="908" t="1112" r="919" b="1139" charConfidence="40">t</charParams>
<charParams l="921" t="1106" r="938" b="1148" charConfidence="62">h</charParams>
<charParams l="942" t="1107" r="951" b="1138" charConfidence="69">i</charParams>
<charParams l="950" t="1115" r="970" b="1146" charConfidence="27">g</charParams></formatting></line>
<line baseline="1200" l="185" t="1161" r="968" b="1213"><formatting lang="OldGerman">
<charParams l="185" t="1170" r="193" b="1201" charConfidence="25">i</charParams>
<charParams l="198" t="1168" r="214" b="1209" charConfidence="67">h</charParams>
<charParams l="218" t="1176" r="245" b="1198" charConfidence="27">m</charParams>
<charParams l="246" t="1168" r="268" b="1198"> </charParams>
<charParams l="269" t="1168" r="284" b="1197" charConfidence="32">d</charParams>
<charParams l="289" t="1167" r="296" b="1197" charConfidence="38">i</charParams>
<charParams l="300" t="1175" r="312" b="1197" charConfidence="26">e</charParams>
<charParams l="313" t="1163" r="335" b="1198"> </charParams>
<charParams l="336" t="1163" r="368" b="1197" charConfidence="39">R</charParams>
<charParams l="372" t="1173" r="384" b="1196" charConfidence="28">e</charParams>
<charParams l="387" t="1165" r="413" b="1203" charConfidence="61">c</charParams>
<charParams l="387" t="1165" r="413" b="1203" suspicious="1" charConfidence="61">h</charParams>
<charParams l="417" t="1168" r="427" b="1196" charConfidence="43">t</charParams>
<charParams l="430" t="1167" r="445" b="1195" suspicious="1" charConfidence="100">S</charParams>
<charParams l="448" t="1163" r="461" b="1195" charConfidence="68">k</charParams>
<charParams l="463" t="1172" r="479" b="1195" charConfidence="46">u</charParams>
<charParams l="483" t="1171" r="499" b="1194" charConfidence="43">n</charParams>
<charParams l="504" t="1165" r="519" b="1194" charConfidence="34">d</charParams>
<charParams l="523" t="1171" r="536" b="1194" charConfidence="32">e</charParams>
<charParams l="537" t="1164" r="558" b="1203"> </charParams>
<charParams l="559" t="1164" r="572" b="1203" charConfidence="80">s</charParams>
<charParams l="571" t="1171" r="582" b="1196" charConfidence="55">e</charParams>
<charParams l="585" t="1172" r="601" b="1205" charConfidence="27">y</charParams>
<charParams l="613" t="1188" r="623" b="1201" charConfidence="69">,</charParams>
<charParams l="624" t="1173" r="662" b="1201"> </charParams>
<charParams l="663" t="1173" r="688" b="1197" charConfidence="26">w</charParams>
<charParams l="693" t="1174" r="708" b="1197" charConfidence="24">a</charParams>
<charParams l="712" t="1175" r="724" b="1198" charConfidence="33">r</charParams>
<charParams l="728" t="1168" r="743" b="1199" charConfidence="34">d</charParams>
<charParams l="744" t="1168" r="765" b="1199"> </charParams>
<charParams l="766" t="1176" r="778" b="1199" charConfidence="32">e</charParams>
<charParams l="782" t="1176" r="794" b="1200" charConfidence="31">r</charParams>
<charParams l="795" t="1175" r="817" b="1209"> </charParams>
<charParams l="818" t="1174" r="830" b="1209" charConfidence="22">z</charParams>
<charParams l="834" t="1177" r="846" b="1200" charConfidence="29">e</charParams>
<charParams l="849" t="1170" r="856" b="1200" charConfidence="47">i</charParams>
<charParams l="861" t="1174" r="870" b="1200" charConfidence="100">t</charParams>
<charParams l="874" t="1169" r="881" b="1200" charConfidence="55">i</charParams>
<charParams l="882" t="1176" r="900" b="1210" charConfidence="24">g</charParams>
<charParams l="901" t="1176" r="922" b="1210"> </charParams>
<charParams l="923" t="1177" r="940" b="1208" charConfidence="26">g</charParams>
<charParams l="944" t="1176" r="956" b="1200" charConfidence="56">e</charParams>
<charParams l="958" t="1180" r="968" b="1196" charConfidence="52">¬</charParams></formatting></line>
<line baseline="1262" l="184" t="1221" r="968" b="1270"><formatting lang="OldGerman">
<charParams l="184" t="1236" r="210" b="1261" charConfidence="25">w</charParams>
<charParams l="213" t="1236" r="228" b="1259" charConfidence="53">a</charParams>
<charParams l="233" t="1227" r="248" b="1268" charConfidence="69">h</charParams>
<charParams l="253" t="1236" r="265" b="1259" charConfidence="32">r</charParams>
<charParams l="267" t="1249" r="277" b="1258" charConfidence="59">.</charParams>
<charParams l="278" t="1226" r="322" b="1259"> </charParams>
<charParams l="323" t="1225" r="349" b="1259" charConfidence="27">E</charParams>
<charParams l="352" t="1234" r="365" b="1256" charConfidence="30">r</charParams>
<charParams l="366" t="1231" r="386" b="1257"> </charParams>
<charParams l="387" t="1231" r="413" b="1257" charConfidence="35">w</charParams>
<charParams l="417" t="1233" r="432" b="1257" charConfidence="24">a</charParams>
<charParams l="436" t="1233" r="448" b="1256" charConfidence="32">r</charParams>
<charParams l="451" t="1223" r="466" b="1263" charConfidence="71">f</charParams>
<charParams l="467" t="1223" r="485" b="1264"> </charParams>
<charParams l="486" t="1225" r="499" b="1264" charConfidence="100">s</charParams>
<charParams l="499" t="1234" r="510" b="1257" charConfidence="41">e</charParams>
<charParams l="513" t="1227" r="521" b="1257" charConfidence="34">i</charParams>
<charParams l="524" t="1234" r="541" b="1258" suspicious="1" charConfidence="74">n</charParams>
<charParams l="542" t="1234" r="559" b="1265"> </charParams>
<charParams l="560" t="1234" r="576" b="1265" charConfidence="37">g</charParams>
<charParams l="580" t="1234" r="596" b="1257" charConfidence="27">a</charParams>
<charParams l="599" t="1234" r="617" b="1257" charConfidence="46">n</charParams>
<charParams l="619" t="1233" r="632" b="1268" charConfidence="22">z</charParams>
<charParams l="635" t="1236" r="647" b="1259" charConfidence="100">e</charParams>
<charParams l="650" t="1231" r="665" b="1258" charConfidence="100">s</charParams>
<charParams l="666" t="1226" r="681" b="1261"> </charParams>
<charParams l="682" t="1226" r="716" b="1261" charConfidence="46">S</charParams>
<charParams l="721" t="1234" r="731" b="1260" charConfidence="64">t</charParams>
<charParams l="735" t="1238" r="750" b="1261" charConfidence="33">u</charParams>
<charParams l="755" t="1231" r="770" b="1260" charConfidence="100">d</charParams>
<charParams l="775" t="1230" r="781" b="1261" charConfidence="56">i</charParams>
<charParams l="785" t="1239" r="801" b="1262" charConfidence="24">u</charParams>
<charParams l="805" t="1236" r="833" b="1262" charConfidence="60">m</charParams>
<charParams l="834" t="1232" r="851" b="1261"> </charParams>
<charParams l="852" t="1232" r="867" b="1261" charConfidence="28">d</charParams>
<charParams l="871" t="1239" r="886" b="1261" charConfidence="28">a</charParams>
<charParams l="890" t="1238" r="903" b="1261" charConfidence="85">r</charParams>
<charParams l="906" t="1238" r="921" b="1261" charConfidence="100">a</charParams>
<charParams l="925" t="1237" r="941" b="1261" charConfidence="100">u</charParams>
<charParams l="945" t="1228" r="961" b="1267" charConfidence="100">f</charParams>
<charParams l="956" t="1252" r="968" b="1266" charConfidence="100">,</charParams></formatting></line>
<line baseline="1322" l="184" t="1283" r="967" b="1331"><formatting lang="OldGerman">
<charParams l="184" t="1299" r="201" b="1323" charConfidence="40">u</charParams>
<charParams l="204" t="1297" r="221" b="1321" charConfidence="34">n</charParams>
<charParams l="225" t="1291" r="240" b="1321" charConfidence="26">d</charParams>
<charParams l="241" t="1286" r="263" b="1327"> </charParams>
<charParams l="264" t="1286" r="279" b="1327" charConfidence="30">f</charParams>
<charParams l="278" t="1286" r="294" b="1319" charConfidence="35">ü</charParams>
<charParams l="298" t="1286" r="314" b="1328" charConfidence="72">h</charParams>
<charParams l="318" t="1288" r="327" b="1318" charConfidence="72">l</charParams>
<charParams l="329" t="1291" r="339" b="1319" charConfidence="83">t</charParams>
<charParams l="342" t="1294" r="355" b="1317" charConfidence="26">e</charParams>
<charParams l="356" t="1286" r="377" b="1325"> </charParams>
<charParams l="378" t="1286" r="397" b="1325" charConfidence="100">s</charParams>
<charParams l="378" t="1286" r="397" b="1325" charConfidence="100">i</charParams>
<charParams l="398" t="1286" r="425" b="1325" charConfidence="55">c</charParams>
<charParams l="398" t="1286" r="425" b="1325" charConfidence="55">h</charParams>
<charParams l="426" t="1285" r="449" b="1325"> </charParams>
<charParams l="450" t="1285" r="466" b="1318" charConfidence="26">b</charParams>
<charParams l="468" t="1294" r="485" b="1317" charConfidence="55">a</charParams>
<charParams l="489" t="1287" r="497" b="1317" charConfidence="84">l</charParams>
<charParams l="500" t="1289" r="516" b="1318" suspicious="1" charConfidence="27">d</charParams>
<charParams l="517" t="1288" r="540" b="1318"> </charParams>
<charParams l="541" t="1288" r="556" b="1317" charConfidence="34">d</charParams>
<charParams l="560" t="1296" r="572" b="1318" charConfidence="33">e</charParams>
<charParams l="575" t="1294" r="593" b="1320" charConfidence="32">n</charParams>
<charParams l="594" t="1294" r="614" b="1326"> </charParams>
<charParams l="615" t="1295" r="632" b="1326" charConfidence="25">g</charParams>
<charParams l="636" t="1297" r="648" b="1319" charConfidence="30">e</charParams>
<charParams l="651" t="1289" r="665" b="1326" charConfidence="34">s</charParams>
<charParams l="662" t="1290" r="689" b="1327" charConfidence="78">c</charParams>
<charParams l="662" t="1290" r="689" b="1327" charConfidence="78">h</charParams>
<charParams l="693" t="1290" r="700" b="1320" charConfidence="100">i</charParams>
<charParams l="703" t="1299" r="714" b="1320" charConfidence="32">c</charParams>
<charParams l="714" t="1291" r="728" b="1321" charConfidence="49">k</charParams>
<charParams l="730" t="1293" r="740" b="1321" charConfidence="74">t</charParams>
<charParams l="743" t="1299" r="755" b="1321" charConfidence="42">e</charParams>
<charParams l="758" t="1291" r="778" b="1329" charConfidence="32">s</charParams>
<charParams l="758" t="1291" r="778" b="1329" charConfidence="32">t</charParams>
<charParams l="780" t="1300" r="794" b="1321" charConfidence="27">e</charParams>
<charParams l="795" t="1300" r="813" b="1321" charConfidence="53">n</charParams>
<charParams l="814" t="1290" r="836" b="1325"> </charParams>
<charParams l="837" t="1290" r="866" b="1324" charConfidence="43">A</charParams>
<charParams l="867" t="1294" r="882" b="1322" charConfidence="26">d</charParams>
<charParams l="885" t="1299" r="902" b="1323" charConfidence="38">v</charParams>
<charParams l="905" t="1299" r="920" b="1321" charConfidence="41">o</charParams>
<charParams l="923" t="1298" r="936" b="1323" suspicious="1" charConfidence="25">c</charParams>
<charParams l="938" t="1299" r="953" b="1321" charConfidence="24">a</charParams>
<charParams l="956" t="1302" r="967" b="1317" charConfidence="22">-</charParams></formatting></line>
<line baseline="1382" l="180" t="1343" r="963" b="1394"><formatting lang="OldGerman">
<charParams l="180" t="1357" r="193" b="1384" charConfidence="26">t</charParams>
<charParams l="194" t="1360" r="207" b="1383" charConfidence="28">e</charParams>
<charParams l="209" t="1359" r="229" b="1383" charConfidence="27">n</charParams>
<charParams l="230" t="1358" r="257" b="1391"> </charParams>
<charParams l="257" t="1358" r="275" b="1391" charConfidence="26">g</charParams>
<charParams l="276" t="1359" r="289" b="1382" charConfidence="30">e</charParams>
<charParams l="290" t="1356" r="316" b="1381" charConfidence="54">w</charParams>
<charParams l="319" t="1356" r="336" b="1380" charConfidence="25">a</charParams>
<charParams l="337" t="1348" r="364" b="1385" charConfidence="83">c</charParams>
<charParams l="337" t="1348" r="364" b="1385" charConfidence="83">h</charParams>
<charParams l="367" t="1346" r="382" b="1385" charConfidence="56">s</charParams>
<charParams l="379" t="1355" r="391" b="1378" charConfidence="26">e</charParams>
<charParams l="393" t="1355" r="411" b="1377" charConfidence="29">n</charParams>
<charParams l="413" t="1369" r="423" b="1378" charConfidence="100">.</charParams>
<charParams l="424" t="1345" r="477" b="1379"> </charParams>
<charParams l="478" t="1345" r="514" b="1379" charConfidence="74">S</charParams>
<charParams l="517" t="1355" r="531" b="1378" charConfidence="39">e</charParams>
<charParams l="532" t="1347" r="541" b="1379" charConfidence="26">i</charParams>
<charParams l="543" t="1355" r="563" b="1379" charConfidence="50">n</charParams>
<charParams l="564" t="1346" r="592" b="1380"> </charParams>
<charParams l="593" t="1346" r="634" b="1379" charConfidence="30">W</charParams>
<charParams l="637" t="1349" r="645" b="1379" charConfidence="100">i</charParams>
<charParams l="647" t="1356" r="661" b="1379" charConfidence="60">r</charParams>
<charParams l="663" t="1348" r="677" b="1379" charConfidence="72">k</charParams>
<charParams l="677" t="1356" r="696" b="1380" charConfidence="47">u</charParams>
<charParams l="697" t="1357" r="716" b="1379" charConfidence="85">n</charParams>
<charParams l="717" t="1357" r="736" b="1388" charConfidence="65">g</charParams>
<charParams l="737" t="1353" r="752" b="1380" charConfidence="100">s</charParams>
<charParams l="755" t="1349" r="769" b="1380" charConfidence="64">k</charParams>
<charParams l="770" t="1358" r="784" b="1380" charConfidence="100">r</charParams>
<charParams l="786" t="1359" r="798" b="1381" charConfidence="100">e</charParams>
<charParams l="800" t="1351" r="810" b="1381" charConfidence="28">i</charParams>
<charParams l="811" t="1354" r="828" b="1381" charConfidence="90">s</charParams>
<charParams l="829" t="1354" r="859" b="1383"> </charParams>
<charParams l="860" t="1355" r="877" b="1383" charConfidence="26">d</charParams>
<charParams l="879" t="1359" r="893" b="1385" charConfidence="29">e</charParams>
<charParams l="895" t="1351" r="913" b="1391" charConfidence="99">h</charParams>
<charParams l="914" t="1359" r="934" b="1383" charConfidence="100">n</charParams>
<charParams l="935" t="1356" r="946" b="1383" charConfidence="30">t</charParams>
<charParams l="948" t="1358" r="962" b="1382" charConfidence="25">e</charParams></formatting></line>
<line baseline="1442" l="182" t="1404" r="964" b="1453"><formatting lang="OldGerman">
<charParams l="182" t="1414" r="200" b="1453" charConfidence="53">s</charParams>
<charParams l="182" t="1414" r="200" b="1453" charConfidence="53">i</charParams>
<charParams l="204" t="1413" r="230" b="1451" charConfidence="60">c</charParams>
<charParams l="204" t="1413" r="230" b="1451" charConfidence="60">h</charParams>
<charParams l="231" t="1413" r="262" b="1451"> </charParams>
<charParams l="263" t="1418" r="288" b="1444" charConfidence="24">w</charParams>
<charParams l="292" t="1419" r="308" b="1443" charConfidence="100">u</charParams>
<charParams l="311" t="1419" r="327" b="1441" charConfidence="27">n</charParams>
<charParams l="332" t="1412" r="346" b="1442" charConfidence="26">d</charParams>
<charParams l="351" t="1417" r="362" b="1440" charConfidence="61">e</charParams>
<charParams l="365" t="1416" r="378" b="1439" charConfidence="72">r</charParams>
<charParams l="381" t="1406" r="395" b="1439" charConfidence="49">b</charParams>
<charParams l="400" t="1415" r="414" b="1438" charConfidence="24">a</charParams>
<charParams l="418" t="1414" r="432" b="1438" charConfidence="59">r</charParams>
<charParams l="433" t="1414" r="463" b="1438"> </charParams>
<charParams l="464" t="1414" r="480" b="1438" charConfidence="86">a</charParams>
<charParams l="483" t="1414" r="501" b="1438" charConfidence="84">u</charParams>
<charParams l="504" t="1410" r="520" b="1437" charConfidence="-1">«</charParams>
<charParams l="528" t="1429" r="539" b="1444" charConfidence="100">,</charParams>
<charParams l="540" t="1416" r="579" b="1444"> </charParams>
<charParams l="580" t="1415" r="597" b="1440" charConfidence="35">u</charParams>
<charParams l="601" t="1414" r="617" b="1438" charConfidence="100">n</charParams>
<charParams l="621" t="1409" r="637" b="1438" charConfidence="35">d</charParams>
<charParams l="638" t="1409" r="660" b="1438"> </charParams>
<charParams l="661" t="1415" r="689" b="1438" charConfidence="79">m</charParams>
<charParams l="693" t="1415" r="708" b="1438" charConfidence="30">a</charParams>
<charParams l="712" t="1416" r="730" b="1439" charConfidence="75">n</charParams>
<charParams l="731" t="1415" r="753" b="1440"> </charParams>
<charParams l="754" t="1415" r="780" b="1440" charConfidence="25">w</charParams>
<charParams l="783" t="1417" r="799" b="1440" charConfidence="27">a</charParams>
<charParams l="802" t="1417" r="817" b="1441" charConfidence="65">r</charParams>
<charParams l="818" t="1412" r="839" b="1443"> </charParams>
<charParams l="840" t="1412" r="847" b="1442" charConfidence="30">i</charParams>
<charParams l="850" t="1418" r="878" b="1442" charConfidence="96">m</charParams>
<charParams l="879" t="1410" r="901" b="1443"> </charParams>
<charParams l="902" t="1410" r="935" b="1443" charConfidence="100">B</charParams>
<charParams l="939" t="1420" r="952" b="1443" charConfidence="42">e</charParams>
<charParams l="953" t="1424" r="964" b="1440" charConfidence="52">¬</charParams></formatting></line>
<line baseline="1503" l="180" t="1462" r="960" b="1513"><formatting lang="OldGerman">
<charParams l="180" t="1481" r="197" b="1511" charConfidence="28">g</charParams>
<charParams l="201" t="1482" r="213" b="1504" charConfidence="24">r</charParams>
<charParams l="216" t="1474" r="223" b="1504" charConfidence="34">i</charParams>
<charParams l="227" t="1473" r="251" b="1512" charConfidence="100">f</charParams>
<charParams l="227" t="1473" r="251" b="1512" charConfidence="100">f</charParams>
<charParams l="252" t="1473" r="277" b="1512"> </charParams>
<charParams l="278" t="1474" r="286" b="1504" charConfidence="27">i</charParams>
<charParams l="289" t="1472" r="306" b="1511" charConfidence="70">h</charParams>
<charParams l="310" t="1480" r="327" b="1503" charConfidence="38">n</charParams>
<charParams l="328" t="1479" r="357" b="1503"> </charParams>
<charParams l="358" t="1479" r="375" b="1502" charConfidence="62">n</charParams>
<charParams l="379" t="1478" r="393" b="1500" charConfidence="24">a</charParams>
<charParams l="398" t="1469" r="424" b="1507" charConfidence="61">c</charParams>
<charParams l="398" t="1469" r="424" b="1507" charConfidence="61">h</charParams>
<charParams l="425" t="1469" r="455" b="1507"> </charParams>
<charParams l="456" t="1470" r="471" b="1498" charConfidence="26">d</charParams>
<charParams l="475" t="1476" r="487" b="1499" charConfidence="26">e</charParams>
<charParams l="490" t="1476" r="504" b="1499" charConfidence="29">r</charParams>
<charParams l="505" t="1464" r="526" b="1499"> </charParams>
<charParams l="527" t="1464" r="559" b="1498" charConfidence="30">R</charParams>
<charParams l="563" t="1475" r="575" b="1497" charConfidence="25">e</charParams>
<charParams l="578" t="1467" r="596" b="1508" charConfidence="80">s</charParams>
<charParams l="578" t="1467" r="596" b="1508" charConfidence="80">i</charParams>
<charParams l="599" t="1468" r="614" b="1498" charConfidence="32">d</charParams>
<charParams l="618" t="1475" r="630" b="1498" charConfidence="48">e</charParams>
<charParams l="633" t="1475" r="650" b="1498" charConfidence="37">n</charParams>
<charParams l="652" t="1474" r="666" b="1507" charConfidence="22">z</charParams>
<charParams l="667" t="1474" r="696" b="1508"> </charParams>
<charParams l="697" t="1476" r="709" b="1508" charConfidence="22">z</charParams>
<charParams l="713" t="1476" r="729" b="1500" charConfidence="32">u</charParams>
<charParams l="730" t="1476" r="759" b="1510"> </charParams>
<charParams l="760" t="1476" r="773" b="1510" charConfidence="30">z</charParams>
<charParams l="777" t="1471" r="784" b="1500" charConfidence="34">i</charParams>
<charParams l="788" t="1478" r="800" b="1500" charConfidence="24">e</charParams>
<charParams l="803" t="1469" r="819" b="1511" charConfidence="63">h</charParams>
<charParams l="823" t="1479" r="836" b="1502" charConfidence="25">e</charParams>
<charParams l="838" t="1479" r="855" b="1502" charConfidence="36">n</charParams>
<charParams l="864" t="1494" r="873" b="1506" charConfidence="59">,</charParams>
<charParams l="874" t="1480" r="910" b="1506"> </charParams>
<charParams l="911" t="1480" r="928" b="1503" charConfidence="24">u</charParams>
<charParams l="932" t="1479" r="960" b="1503" charConfidence="32">m</charParams></formatting></line>
<line baseline="1565" l="178" t="1526" r="959" b="1571"><formatting lang="OldGerman">
<charParams l="178" t="1534" r="195" b="1562" charConfidence="25">d</charParams>
<charParams l="198" t="1541" r="213" b="1564" charConfidence="28">a</charParams>
<charParams l="217" t="1537" r="233" b="1564" charConfidence="100">s</charParams>
<charParams l="234" t="1537" r="264" b="1566"> </charParams>
<charParams l="265" t="1542" r="282" b="1566" charConfidence="28">v</charParams>
<charParams l="286" t="1542" r="300" b="1565" charConfidence="29">o</charParams>
<charParams l="303" t="1542" r="322" b="1565" charConfidence="25">n</charParams>
<charParams l="323" t="1540" r="352" b="1566"> </charParams>
<charParams l="353" t="1540" r="368" b="1565" charConfidence="29">o</charParams>
<charParams l="372" t="1531" r="388" b="1565" charConfidence="26">b</charParams>
<charParams l="391" t="1539" r="402" b="1564" charConfidence="27">e</charParams>
<charParams l="405" t="1539" r="423" b="1562" charConfidence="27">n</charParams>
<charParams l="424" t="1528" r="452" b="1569"> </charParams>
<charParams l="453" t="1528" r="471" b="1569" suspicious="1" charConfidence="60">h</charParams>
<charParams l="475" t="1537" r="487" b="1561" charConfidence="33">e</charParams>
<charParams l="490" t="1537" r="503" b="1561" charConfidence="58">r</charParams>
<charParams l="505" t="1537" r="517" b="1561" charConfidence="45">e</charParams>
<charParams l="521" t="1529" r="529" b="1560" charConfidence="51">i</charParams>
<charParams l="531" t="1537" r="549" b="1561" charConfidence="30">n</charParams>
<charParams l="550" t="1536" r="579" b="1570"> </charParams>
<charParams l="580" t="1535" r="594" b="1570" charConfidence="22">z</charParams>
<charParams l="597" t="1537" r="615" b="1561" charConfidence="27">u</charParams>
<charParams l="616" t="1537" r="645" b="1561"> </charParams>
<charParams l="646" t="1537" r="663" b="1560" charConfidence="44">v</charParams>
<charParams l="667" t="1537" r="681" b="1561" charConfidence="43">o</charParams>
<charParams l="685" t="1528" r="703" b="1561" charConfidence="100">l</charParams>
<charParams l="685" t="1528" r="703" b="1561" charConfidence="100">l</charParams>
<charParams l="705" t="1537" r="717" b="1561" charConfidence="32">e</charParams>
<charParams l="720" t="1536" r="737" b="1562" charConfidence="52">n</charParams>
<charParams l="741" t="1531" r="757" b="1561" charConfidence="27">d</charParams>
<charParams l="760" t="1539" r="772" b="1562" charConfidence="25">e</charParams>
<charParams l="774" t="1538" r="792" b="1562" charConfidence="57">n</charParams>
<charParams l="801" t="1554" r="810" b="1568" charConfidence="62">,</charParams>
<charParams l="811" t="1539" r="842" b="1568"> </charParams>
<charParams l="843" t="1539" r="868" b="1565" charConfidence="27">w</charParams>
<charParams l="873" t="1540" r="887" b="1563" charConfidence="24">a</charParams>
<charParams l="891" t="1536" r="908" b="1564" charConfidence="100">s</charParams>
<charParams l="909" t="1536" r="930" b="1564"> </charParams>
<charParams l="931" t="1542" r="943" b="1564" charConfidence="25">e</charParams>
<charParams l="947" t="1543" r="959" b="1563" charConfidence="23">r</charParams></formatting></line></par>
</text>
</block>
</page>
</document>