﻿<?xml version="1.0" encoding="UTF-8" standalone="yes"?>
<document xmlns="http://www.abbyy.com/FineReader_xml/FineReader10-schema-v1.xml" version="1.0" producer="ABBYY FineReader Engine 11" languages="" xmlns:xsi="http://www.w3.org/2001/XMLSchema-instance" xsi:schemaLocation="http://www.abbyy.com/FineReader_xml/FineReader10-schema-v1.xml http://www.abbyy.com/FineReader_xml/FineReader10-schema-v1.xml">
<page width="1156" height="1782" resolution="300" originalCoords="1">
<block blockType="Text" blockName="">
<text>
<par startIndent="144">
<line baseline="89" l="566" t="59" r="607" b="89"><formatting lang="OldGerman">
<charParams l="566" t="59" r="584" b="87" charConfidence="22">2</charParams>
<charParams l="588" t="60" r="607" b="89" charConfidence="47">7</charParams></formatting></line></par>
</text>
</block>
<block blockType="Text" blockName="">
<text>
<par align="Justified" startIndent="232" lineSpacing="1440">
<line baseline="174" l="189" t="138" r="978" b="182"><formatting lang="OldGerman">
<charParams l="189" t="150" r="208" b="174" charConfidence="31">v</charParams>
<charParams l="211" t="151" r="226" b="174" charConfidence="34">o</charParams>
<charParams l="230" t="150" r="248" b="173" charConfidence="27">n</charParams>
<charParams l="249" t="150" r="286" b="174"> </charParams>
<charParams l="287" t="150" r="305" b="174" charConfidence="35">u</charParams>
<charParams l="309" t="151" r="326" b="174" charConfidence="27">n</charParams>
<charParams l="330" t="147" r="340" b="175" charConfidence="100">t</charParams>
<charParams l="343" t="151" r="355" b="174" charConfidence="15">e</charParams>
<charParams l="357" t="151" r="376" b="176" charConfidence="25">n</charParams>
<charParams l="377" t="141" r="415" b="181"> </charParams>
<charParams l="416" t="141" r="434" b="181" suspicious="1" charConfidence="31">h</charParams>
<charParams l="438" t="150" r="450" b="173" charConfidence="46">e</charParams>
<charParams l="453" t="150" r="466" b="172" charConfidence="24">r</charParams>
<charParams l="468" t="149" r="483" b="171" charConfidence="25">a</charParams>
<charParams l="487" t="148" r="504" b="171" charConfidence="69">u</charParams>
<charParams l="508" t="138" r="522" b="176" charConfidence="72">f</charParams>
<charParams l="523" t="138" r="551" b="176"> </charParams>
<charParams l="552" t="138" r="567" b="169" charConfidence="33">b</charParams>
<charParams l="572" t="148" r="584" b="170" charConfidence="80">e</charParams>
<charParams l="586" t="147" r="602" b="177" charConfidence="25">g</charParams>
<charParams l="606" t="147" r="620" b="169" charConfidence="35">o</charParams>
<charParams l="624" t="146" r="641" b="170" charConfidence="33">n</charParams>
<charParams l="645" t="146" r="662" b="171" charConfidence="24">n</charParams>
<charParams l="666" t="150" r="678" b="172" charConfidence="32">e</charParams>
<charParams l="680" t="150" r="699" b="174" charConfidence="27">n</charParams>
<charParams l="700" t="144" r="728" b="181"> </charParams>
<charParams l="729" t="144" r="747" b="181" suspicious="1" charConfidence="30">h</charParams>
<charParams l="752" t="152" r="766" b="176" charConfidence="32">a</charParams>
<charParams l="770" t="149" r="780" b="175" charConfidence="71">t</charParams>
<charParams l="784" t="148" r="794" b="175" charConfidence="29">t</charParams>
<charParams l="796" t="153" r="809" b="176" charConfidence="25">e</charParams>
<charParams l="816" t="167" r="826" b="182" charConfidence="84">,</charParams>
<charParams l="827" t="154" r="872" b="182"> </charParams>
<charParams l="873" t="154" r="889" b="176" charConfidence="28">a</charParams>
<charParams l="894" t="146" r="901" b="178" charConfidence="54">l</charParams>
<charParams l="904" t="148" r="919" b="176" charConfidence="-1">s</charParams>
<charParams l="920" t="148" r="950" b="176"> </charParams>
<charParams l="951" t="153" r="964" b="176" charConfidence="26">e</charParams>
<charParams l="966" t="152" r="978" b="176" charConfidence="23">r</charParams></formatting></line>
<line baseline="234" l="188" t="198" r="976" b="246"><formatting lang="OldGerman">
<charParams l="188" t="210" r="204" b="233" charConfidence="28">e</charParams>
<charParams l="207" t="203" r="213" b="233" charConfidence="-1">i</charParams>
<charParams l="217" t="211" r="234" b="232" charConfidence="49">n</charParams>
<charParams l="237" t="210" r="249" b="232" charConfidence="100">e</charParams>
<charParams l="252" t="210" r="269" b="232" charConfidence="25">n</charParams>
<charParams l="270" t="210" r="305" b="234"> </charParams>
<charParams l="306" t="212" r="322" b="234" charConfidence="29">a</charParams>
<charParams l="325" t="213" r="342" b="235" charConfidence="45">n</charParams>
<charParams l="347" t="204" r="359" b="240" charConfidence="30">s</charParams>
<charParams l="358" t="212" r="370" b="234" charConfidence="24">e</charParams>
<charParams l="373" t="202" r="389" b="242" charConfidence="53">h</charParams>
<charParams l="393" t="211" r="410" b="233" charConfidence="36">n</charParams>
<charParams l="414" t="203" r="422" b="232" charConfidence="28">l</charParams>
<charParams l="425" t="203" r="433" b="232" charConfidence="-1">i</charParams>
<charParams l="436" t="202" r="463" b="238" charConfidence="40">c</charParams>
<charParams l="436" t="202" r="463" b="238" suspicious="1" charConfidence="40">h</charParams>
<charParams l="466" t="209" r="479" b="231" charConfidence="29">e</charParams>
<charParams l="480" t="208" r="499" b="231" charConfidence="59">n</charParams>
<charParams l="500" t="198" r="521" b="231"> </charParams>
<charParams l="522" t="198" r="540" b="231" charConfidence="38">L</charParams>
<charParams l="544" t="207" r="558" b="229" charConfidence="36">o</charParams>
<charParams l="562" t="203" r="572" b="229" charConfidence="33">t</charParams>
<charParams l="574" t="203" r="586" b="229" charConfidence="81">t</charParams>
<charParams l="588" t="207" r="601" b="228" charConfidence="38">e</charParams>
<charParams l="604" t="206" r="617" b="228" charConfidence="25">r</charParams>
<charParams l="620" t="199" r="628" b="229" charConfidence="100">i</charParams>
<charParams l="630" t="207" r="643" b="229" charConfidence="26">e</charParams>
<charParams l="644" t="208" r="660" b="237" charConfidence="30">g</charParams>
<charParams l="665" t="210" r="677" b="232" charConfidence="30">e</charParams>
<charParams l="679" t="209" r="704" b="234" charConfidence="24">w</charParams>
<charParams l="709" t="204" r="717" b="234" charConfidence="100">i</charParams>
<charParams l="719" t="213" r="736" b="235" charConfidence="32">n</charParams>
<charParams l="740" t="214" r="757" b="235" suspicious="1" charConfidence="27">n</charParams>
<charParams l="762" t="206" r="782" b="244" charConfidence="22">s</charParams>
<charParams l="762" t="206" r="782" b="244" suspicious="1" charConfidence="22">t</charParams>
<charParams l="783" t="206" r="804" b="244"> </charParams>
<charParams l="805" t="210" r="817" b="236" charConfidence="78">t</charParams>
<charParams l="820" t="204" r="836" b="245" charConfidence="75">h</charParams>
<charParams l="840" t="214" r="854" b="236" charConfidence="29">a</charParams>
<charParams l="859" t="210" r="870" b="237" charConfidence="73">t</charParams>
<charParams l="878" t="228" r="888" b="243" suspicious="1" charConfidence="100">,</charParams>
<charParams l="889" t="206" r="929" b="246"> </charParams>
<charParams l="930" t="206" r="949" b="246" charConfidence="51">s</charParams>
<charParams l="930" t="206" r="949" b="246" charConfidence="51">i</charParams>
<charParams l="950" t="206" r="976" b="245" charConfidence="100">c</charParams>
<charParams l="950" t="206" r="976" b="245" charConfidence="100">h</charParams></formatting></line>
<line baseline="293" l="187" t="257" r="973" b="305"><formatting lang="OldGerman">
<charParams l="187" t="270" r="201" b="293" charConfidence="-1">«</charParams>
<charParams l="204" t="263" r="212" b="292" charConfidence="51">i</charParams>
<charParams l="215" t="270" r="232" b="292" charConfidence="67">n</charParams>
<charParams l="233" t="268" r="264" b="294"> </charParams>
<charParams l="265" t="268" r="294" b="294" suspicious="1" charConfidence="25">m</charParams>
<charParams l="295" t="263" r="311" b="294" suspicious="1" charConfidence="22">ä</charParams>
<charParams l="316" t="263" r="331" b="300" suspicious="1" charConfidence="28">ß</charParams>
<charParams l="335" t="265" r="342" b="294" suspicious="1" charConfidence="-1">i</charParams>
<charParams l="344" t="271" r="361" b="301" suspicious="1" charConfidence="31">g</charParams>
<charParams l="363" t="271" r="377" b="294" suspicious="1" charConfidence="25">e</charParams>
<charParams l="379" t="266" r="395" b="293" suspicious="1" charConfidence="-1">s</charParams>
<charParams l="396" t="259" r="418" b="293"> </charParams>
<charParams l="419" t="259" r="452" b="291" charConfidence="25">G</charParams>
<charParams l="456" t="268" r="472" b="289" charConfidence="27">u</charParams>
<charParams l="476" t="264" r="487" b="290" charConfidence="61">t</charParams>
<charParams l="488" t="258" r="510" b="290"> </charParams>
<charParams l="511" t="258" r="523" b="289" charConfidence="33">k</charParams>
<charParams l="525" t="267" r="540" b="289" charConfidence="49">a</charParams>
<charParams l="544" t="267" r="560" b="289" charConfidence="27">u</charParams>
<charParams l="564" t="257" r="579" b="294" charConfidence="51">f</charParams>
<charParams l="577" t="263" r="588" b="289" charConfidence="49">t</charParams>
<charParams l="590" t="266" r="603" b="289" charConfidence="25">e</charParams>
<charParams l="611" t="281" r="622" b="295" charConfidence="100">,</charParams>
<charParams l="623" t="269" r="661" b="295"> </charParams>
<charParams l="662" t="269" r="675" b="291" charConfidence="28">e</charParams>
<charParams l="677" t="266" r="693" b="292" charConfidence="100">s</charParams>
<charParams l="694" t="266" r="715" b="295"> </charParams>
<charParams l="716" t="273" r="733" b="295" charConfidence="28">v</charParams>
<charParams l="738" t="273" r="749" b="295" charConfidence="25">e</charParams>
<charParams l="753" t="273" r="766" b="296" charConfidence="24">r</charParams>
<charParams l="768" t="273" r="784" b="303" charConfidence="49">p</charParams>
<charParams l="788" t="274" r="803" b="304" suspicious="1" charConfidence="-1">a</charParams>
<charParams l="807" t="267" r="834" b="305" charConfidence="63">c</charParams>
<charParams l="807" t="267" r="834" b="305" charConfidence="63">h</charParams>
<charParams l="838" t="272" r="848" b="298" charConfidence="83">t</charParams>
<charParams l="850" t="275" r="863" b="298" charConfidence="25">e</charParams>
<charParams l="866" t="271" r="876" b="298" charConfidence="84">t</charParams>
<charParams l="879" t="276" r="892" b="298" charConfidence="29">e</charParams>
<charParams l="893" t="276" r="914" b="299"> </charParams>
<charParams l="915" t="276" r="933" b="299" charConfidence="55">u</charParams>
<charParams l="937" t="275" r="954" b="299" charConfidence="31">n</charParams>
<charParams l="959" t="269" r="973" b="300" charConfidence="27">d</charParams></formatting></line>
<line baseline="353" l="184" t="317" r="973" b="365"><formatting lang="OldGerman">
<charParams l="184" t="329" r="198" b="362" charConfidence="43">z</charParams>
<charParams l="201" t="331" r="218" b="355" charConfidence="35">u</charParams>
<charParams l="222" t="330" r="250" b="354" charConfidence="33">m</charParams>
<charParams l="251" t="322" r="279" b="354"> </charParams>
<charParams l="280" t="322" r="323" b="354" charConfidence="33">M</charParams>
<charParams l="327" t="323" r="334" b="353" charConfidence="36">i</charParams>
<charParams l="338" t="326" r="362" b="352" charConfidence="28">t</charParams>
<charParams l="338" t="326" r="362" b="352" charConfidence="28">t</charParams>
<charParams l="363" t="329" r="377" b="352" charConfidence="33">e</charParams>
<charParams l="375" t="322" r="387" b="352" charConfidence="12">l</charParams>
<charParams l="389" t="327" r="405" b="357" charConfidence="100">p</charParams>
<charParams l="409" t="327" r="425" b="350" charConfidence="83">u</charParams>
<charParams l="429" t="327" r="446" b="350" charConfidence="39">n</charParams>
<charParams l="449" t="325" r="461" b="349" charConfidence="26">k</charParams>
<charParams l="464" t="324" r="475" b="349" charConfidence="27">t</charParams>
<charParams l="476" t="318" r="507" b="355"> </charParams>
<charParams l="508" t="318" r="522" b="355" charConfidence="100">s</charParams>
<charParams l="520" t="327" r="532" b="348" charConfidence="30">e</charParams>
<charParams l="535" t="318" r="542" b="348" charConfidence="100">i</charParams>
<charParams l="546" t="326" r="562" b="349" charConfidence="35">n</charParams>
<charParams l="567" t="326" r="578" b="349" charConfidence="55">e</charParams>
<charParams l="582" t="326" r="596" b="350" charConfidence="66">r</charParams>
<charParams l="597" t="317" r="626" b="351"> </charParams>
<charParams l="627" t="317" r="668" b="351" charConfidence="48">W</charParams>
<charParams l="670" t="321" r="678" b="351" charConfidence="100">i</charParams>
<charParams l="681" t="328" r="694" b="352" charConfidence="32">r</charParams>
<charParams l="697" t="323" r="709" b="352" charConfidence="52">k</charParams>
<charParams l="712" t="323" r="725" b="360" charConfidence="78">s</charParams>
<charParams l="721" t="331" r="738" b="354" charConfidence="26">a</charParams>
<charParams l="741" t="331" r="768" b="355" charConfidence="33">m</charParams>
<charParams l="772" t="325" r="785" b="355" charConfidence="100">k</charParams>
<charParams l="787" t="333" r="799" b="356" charConfidence="26">e</charParams>
<charParams l="803" t="326" r="811" b="357" charConfidence="100">i</charParams>
<charParams l="811" t="331" r="825" b="357" charConfidence="30">t</charParams>
<charParams l="826" t="331" r="855" b="358"> </charParams>
<charParams l="856" t="333" r="884" b="358" charConfidence="50">m</charParams>
<charParams l="888" t="335" r="903" b="358" charConfidence="100">a</charParams>
<charParams l="907" t="328" r="934" b="365" charConfidence="75">c</charParams>
<charParams l="907" t="328" r="934" b="365" charConfidence="75">h</charParams>
<charParams l="938" t="333" r="948" b="358" charConfidence="35">t</charParams>
<charParams l="950" t="336" r="963" b="359" charConfidence="25">e</charParams>
<charParams l="963" t="350" r="973" b="365" charConfidence="88">,</charParams></formatting></line>
<line baseline="413" l="183" t="378" r="971" b="426"><formatting lang="OldGerman">
<charParams l="183" t="390" r="214" b="413" charConfidence="32">m</charParams>
<charParams l="216" t="384" r="226" b="414" suspicious="1" charConfidence="18">i</charParams>
<charParams l="229" t="389" r="240" b="413" charConfidence="37">t</charParams>
<charParams l="241" t="389" r="252" b="413"> </charParams>
<charParams l="253" t="394" r="267" b="411" suspicious="1" charConfidence="12">x</charParams>
<charParams l="270" t="385" r="285" b="411" suspicious="1" charConfidence="15">d</charParams>
<charParams l="289" t="389" r="301" b="411" suspicious="1" charConfidence="100">e</charParams>
<charParams l="305" t="387" r="323" b="421" suspicious="1" charConfidence="17">y</charParams>
<charParams l="323" t="389" r="335" b="410" suspicious="1" charConfidence="15">r</charParams>
<charParams l="336" t="379" r="361" b="415"> </charParams>
<charParams l="362" t="379" r="379" b="415" charConfidence="42">f</charParams>
<charParams l="373" t="388" r="389" b="409" charConfidence="94">e</charParams>
<charParams l="392" t="380" r="412" b="416" charConfidence="22">s</charParams>
<charParams l="392" t="380" r="412" b="416" charConfidence="22">t</charParams>
<charParams l="414" t="386" r="426" b="408" charConfidence="25">e</charParams>
<charParams l="428" t="386" r="446" b="407" charConfidence="100">n</charParams>
<charParams l="447" t="378" r="479" b="409"> </charParams>
<charParams l="480" t="378" r="509" b="409" charConfidence="33">V</charParams>
<charParams l="513" t="387" r="527" b="408" charConfidence="48">o</charParams>
<charParams l="531" t="386" r="544" b="408" charConfidence="68">r</charParams>
<charParams l="547" t="379" r="560" b="415" charConfidence="42">s</charParams>
<charParams l="557" t="387" r="573" b="408" charConfidence="44">a</charParams>
<charParams l="577" t="382" r="595" b="416" charConfidence="27">h</charParams>
<charParams l="604" t="399" r="614" b="415" charConfidence="74">,</charParams>
<charParams l="615" t="389" r="652" b="415"> </charParams>
<charParams l="653" t="389" r="668" b="410" charConfidence="34">o</charParams>
<charParams l="673" t="382" r="688" b="411" charConfidence="27">d</charParams>
<charParams l="692" t="390" r="704" b="412" charConfidence="33">e</charParams>
<charParams l="706" t="390" r="721" b="413" charConfidence="29">r</charParams>
<charParams l="722" t="390" r="740" b="415"> </charParams>
<charParams l="741" t="392" r="759" b="415" charConfidence="25">v</charParams>
<charParams l="763" t="385" r="772" b="415" charConfidence="100">i</charParams>
<charParams l="775" t="392" r="787" b="415" charConfidence="25">e</charParams>
<charParams l="790" t="386" r="799" b="416" charConfidence="48">l</charParams>
<charParams l="801" t="392" r="829" b="415" charConfidence="43">m</charParams>
<charParams l="832" t="394" r="845" b="417" charConfidence="29">e</charParams>
<charParams l="847" t="386" r="864" b="426" charConfidence="79">h</charParams>
<charParams l="868" t="395" r="882" b="418" charConfidence="30">r</charParams>
<charParams l="883" t="395" r="903" b="418"> </charParams>
<charParams l="904" t="396" r="922" b="418" charConfidence="100">n</charParams>
<charParams l="925" t="396" r="942" b="418" charConfidence="52">a</charParams>
<charParams l="944" t="388" r="971" b="426" charConfidence="84">c</charParams>
<charParams l="944" t="388" r="971" b="426" charConfidence="84">h</charParams></formatting></line>
<line baseline="472" l="183" t="436" r="972" b="480"><formatting lang="OldGerman">
<charParams l="183" t="450" r="199" b="472" charConfidence="25">a</charParams>
<charParams l="204" t="441" r="211" b="471" charConfidence="62">l</charParams>
<charParams l="214" t="446" r="224" b="470" charConfidence="83">t</charParams>
<charParams l="227" t="448" r="239" b="471" charConfidence="26">e</charParams>
<charParams l="242" t="448" r="256" b="470" charConfidence="26">r</charParams>
<charParams l="257" t="437" r="283" b="470"> </charParams>
<charParams l="284" t="437" r="318" b="470" charConfidence="27">G</charParams>
<charParams l="322" t="446" r="333" b="470" charConfidence="29">e</charParams>
<charParams l="336" t="445" r="362" b="469" charConfidence="24">w</charParams>
<charParams l="365" t="446" r="380" b="468" charConfidence="51">o</charParams>
<charParams l="383" t="437" r="400" b="477" charConfidence="79">h</charParams>
<charParams l="404" t="445" r="421" b="468" charConfidence="53">n</charParams>
<charParams l="424" t="436" r="441" b="478" charConfidence="27">h</charParams>
<charParams l="446" t="446" r="458" b="468" charConfidence="47">e</charParams>
<charParams l="462" t="438" r="469" b="468" charConfidence="100">i</charParams>
<charParams l="473" t="442" r="484" b="469" charConfidence="67">t</charParams>
<charParams l="485" t="442" r="511" b="469"> </charParams>
<charParams l="512" t="446" r="530" b="469" charConfidence="33">u</charParams>
<charParams l="533" t="446" r="549" b="469" charConfidence="30">n</charParams>
<charParams l="554" t="439" r="569" b="469" charConfidence="28">d</charParams>
<charParams l="570" t="436" r="602" b="470"> </charParams>
<charParams l="603" t="436" r="638" b="470" charConfidence="37">N</charParams>
<charParams l="641" t="447" r="653" b="469" charConfidence="41">e</charParams>
<charParams l="657" t="440" r="666" b="470" charConfidence="100">i</charParams>
<charParams l="666" t="448" r="684" b="478" charConfidence="30">g</charParams>
<charParams l="687" t="448" r="704" b="471" charConfidence="46">u</charParams>
<charParams l="707" t="448" r="724" b="472" charConfidence="33">n</charParams>
<charParams l="727" t="450" r="744" b="480" charConfidence="56">g</charParams>
<charParams l="753" t="464" r="763" b="478" charConfidence="83">,</charParams>
<charParams l="764" t="444" r="805" b="478"> </charParams>
<charParams l="806" t="444" r="815" b="474" charConfidence="38">i</charParams>
<charParams l="817" t="451" r="837" b="475" charConfidence="68">n</charParams>
<charParams l="838" t="445" r="864" b="475"> </charParams>
<charParams l="865" t="445" r="880" b="474" charConfidence="31">k</charParams>
<charParams l="882" t="453" r="894" b="475" charConfidence="65">e</charParams>
<charParams l="896" t="446" r="905" b="476" charConfidence="43">i</charParams>
<charParams l="908" t="454" r="915" b="476" suspicious="1" charConfidence="96">i</charParams>
<charParams l="916" t="454" r="927" b="476" suspicious="1" charConfidence="86">r</charParams>
<charParams l="927" t="454" r="941" b="477" charConfidence="34">e</charParams>
<charParams l="943" t="453" r="972" b="477" charConfidence="60">m</charParams></formatting></line>
<line baseline="531" l="181" t="498" r="969" b="542"><formatting lang="OldGerman">
<charParams l="181" t="498" r="213" b="538" charConfidence="27">H</charParams>
<charParams l="216" t="509" r="231" b="531" charConfidence="61">a</charParams>
<charParams l="236" t="508" r="252" b="531" charConfidence="33">u</charParams>
<charParams l="257" t="499" r="269" b="536" charConfidence="55">s</charParams>
<charParams l="267" t="507" r="280" b="529" charConfidence="40">e</charParams>
<charParams l="281" t="507" r="309" b="539"> </charParams>
<charParams l="310" t="507" r="322" b="539" charConfidence="27">z</charParams>
<charParams l="326" t="507" r="343" b="529" charConfidence="56">u</charParams>
<charParams l="344" t="507" r="372" b="529"> </charParams>
<charParams l="373" t="507" r="391" b="529" charConfidence="39">v</charParams>
<charParams l="395" t="507" r="406" b="529" charConfidence="44">e</charParams>
<charParams l="409" t="506" r="422" b="529" charConfidence="39">r</charParams>
<charParams l="425" t="506" r="449" b="530" charConfidence="24">w</charParams>
<charParams l="454" t="507" r="465" b="529" charConfidence="42">e</charParams>
<charParams l="469" t="499" r="477" b="530" charConfidence="100">i</charParams>
<charParams l="480" t="500" r="489" b="530" charConfidence="30">l</charParams>
<charParams l="491" t="507" r="503" b="530" charConfidence="26">e</charParams>
<charParams l="506" t="506" r="523" b="530" charConfidence="25">n</charParams>
<charParams l="532" t="521" r="542" b="537" charConfidence="85">,</charParams>
<charParams l="543" t="506" r="575" b="537"> </charParams>
<charParams l="576" t="506" r="603" b="531" charConfidence="26">w</charParams>
<charParams l="606" t="508" r="621" b="531" charConfidence="36">o</charParams>
<charParams l="622" t="507" r="652" b="531"> </charParams>
<charParams l="653" t="507" r="670" b="530" charConfidence="58">n</charParams>
<charParams l="675" t="500" r="682" b="531" charConfidence="100">i</charParams>
<charParams l="685" t="500" r="711" b="539" charConfidence="74">c</charParams>
<charParams l="685" t="500" r="711" b="539" charConfidence="74">h</charParams>
<charParams l="715" t="505" r="726" b="531" charConfidence="51">t</charParams>
<charParams l="728" t="504" r="744" b="530" charConfidence="100">s</charParams>
<charParams l="745" t="504" r="769" b="541"> </charParams>
<charParams l="770" t="508" r="783" b="541" charConfidence="31">z</charParams>
<charParams l="786" t="509" r="803" b="533" charConfidence="34">u</charParams>
<charParams l="804" t="503" r="827" b="539"> </charParams>
<charParams l="828" t="503" r="843" b="539" charConfidence="46">s</charParams>
<charParams l="840" t="503" r="866" b="539" charConfidence="85">c</charParams>
<charParams l="840" t="503" r="866" b="539" charConfidence="85">h</charParams>
<charParams l="870" t="504" r="879" b="534" charConfidence="60">l</charParams>
<charParams l="882" t="504" r="889" b="534" charConfidence="100">i</charParams>
<charParams l="892" t="504" r="919" b="542" charConfidence="57">c</charParams>
<charParams l="892" t="504" r="919" b="542" charConfidence="57">h</charParams>
<charParams l="923" t="509" r="934" b="535" charConfidence="49">t</charParams>
<charParams l="936" t="512" r="949" b="534" charConfidence="32">e</charParams>
<charParams l="951" t="512" r="969" b="535" charConfidence="29">n</charParams></formatting></line>
<line baseline="594" l="181" t="560" r="969" b="605"><formatting lang="OldGerman">
<charParams l="181" t="571" r="199" b="596" charConfidence="38">u</charParams>
<charParams l="203" t="571" r="219" b="595" charConfidence="25">n</charParams>
<charParams l="223" t="565" r="239" b="594" charConfidence="28">d</charParams>
<charParams l="240" t="565" r="253" b="594"> </charParams>
<charParams l="254" t="590" r="258" b="594" suspicious="1" charConfidence="54">.</charParams>
<charParams l="259" t="570" r="270" b="594"> </charParams>
<charParams l="271" t="570" r="289" b="593" charConfidence="34">n</charParams>
<charParams l="292" t="563" r="301" b="592" charConfidence="100">i</charParams>
<charParams l="306" t="561" r="331" b="600" charConfidence="28">c</charParams>
<charParams l="306" t="561" r="331" b="600" charConfidence="28">h</charParams>
<charParams l="336" t="565" r="345" b="592" charConfidence="46">t</charParams>
<charParams l="348" t="564" r="364" b="592" charConfidence="100">s</charParams>
<charParams l="365" t="564" r="394" b="603"> </charParams>
<charParams l="395" t="568" r="406" b="603" charConfidence="25">z</charParams>
<charParams l="410" t="569" r="427" b="593" charConfidence="52">u</charParams>
<charParams l="428" t="560" r="457" b="602"> </charParams>
<charParams l="458" t="560" r="474" b="602" suspicious="1" charConfidence="39">h</charParams>
<charParams l="480" t="569" r="491" b="593" charConfidence="24">e</charParams>
<charParams l="495" t="563" r="501" b="593" charConfidence="45">l</charParams>
<charParams l="505" t="561" r="519" b="600" charConfidence="39">f</charParams>
<charParams l="518" t="571" r="530" b="594" charConfidence="25">e</charParams>
<charParams l="533" t="570" r="550" b="594" charConfidence="25">n</charParams>
<charParams l="551" t="569" r="584" b="595"> </charParams>
<charParams l="585" t="569" r="611" b="595" charConfidence="30">w</charParams>
<charParams l="615" t="572" r="630" b="595" suspicious="1" charConfidence="100">ä</charParams>
<charParams l="634" t="571" r="647" b="595" charConfidence="66">r</charParams>
<charParams l="650" t="571" r="662" b="595" charConfidence="26">e</charParams>
<charParams l="664" t="587" r="672" b="595" charConfidence="100">.</charParams>
<charParams l="673" t="561" r="718" b="596"> </charParams>
<charParams l="719" t="561" r="754" b="596" charConfidence="41">D</charParams>
<charParams l="759" t="563" r="765" b="595" charConfidence="57">i</charParams>
<charParams l="769" t="572" r="780" b="595" charConfidence="26">e</charParams>
<charParams l="783" t="564" r="791" b="603" charConfidence="42">j</charParams>
<charParams l="795" t="572" r="807" b="595" charConfidence="27">e</charParams>
<charParams l="809" t="572" r="826" b="597" charConfidence="26">n</charParams>
<charParams l="831" t="564" r="839" b="596" charConfidence="34">i</charParams>
<charParams l="840" t="573" r="857" b="605" charConfidence="26">g</charParams>
<charParams l="861" t="573" r="873" b="596" charConfidence="31">e</charParams>
<charParams l="876" t="572" r="893" b="597" charConfidence="24">n</charParams>
<charParams l="894" t="567" r="923" b="597"> </charParams>
<charParams l="924" t="567" r="940" b="597" charConfidence="53">d</charParams>
<charParams l="943" t="565" r="952" b="596" charConfidence="76">i</charParams>
<charParams l="956" t="574" r="969" b="597" charConfidence="25">e</charParams></formatting></line>
<line baseline="658" l="180" t="623" r="967" b="668"><formatting lang="OldGerman">
<charParams l="180" t="634" r="198" b="658" charConfidence="26">a</charParams>
<charParams l="202" t="635" r="218" b="658" charConfidence="82">u</charParams>
<charParams l="222" t="625" r="236" b="665" charConfidence="75">f</charParams>
<charParams l="237" t="623" r="271" b="665"> </charParams>
<charParams l="272" t="623" r="307" b="658" charConfidence="62">N</charParams>
<charParams l="310" t="633" r="325" b="656" charConfidence="54">a</charParams>
<charParams l="329" t="632" r="356" b="659" charConfidence="27">m</charParams>
<charParams l="360" t="633" r="372" b="657" charConfidence="28">e</charParams>
<charParams l="376" t="632" r="392" b="657" charConfidence="77">n</charParams>
<charParams l="397" t="633" r="410" b="656" suspicious="1" charConfidence="25">e</charParams>
<charParams l="415" t="624" r="430" b="657" charConfidence="68">b</charParams>
<charParams l="435" t="633" r="445" b="657" suspicious="1" charConfidence="28">e</charParams>
<charParams l="450" t="627" r="464" b="657" charConfidence="26">d</charParams>
<charParams l="469" t="633" r="481" b="657" charConfidence="26">e</charParams>
<charParams l="485" t="632" r="500" b="657" charConfidence="24">u</charParams>
<charParams l="504" t="630" r="514" b="657" charConfidence="37">t</charParams>
<charParams l="518" t="634" r="533" b="657" charConfidence="36">u</charParams>
<charParams l="538" t="634" r="555" b="657" charConfidence="25">n</charParams>
<charParams l="557" t="634" r="573" b="665" charConfidence="57">g</charParams>
<charParams l="578" t="634" r="590" b="657" suspicious="1" charConfidence="27">c</charParams>
<charParams l="592" t="633" r="610" b="657" charConfidence="55">n</charParams>
<charParams l="611" t="633" r="649" b="658"> </charParams>
<charParams l="650" t="635" r="666" b="658" charConfidence="50">a</charParams>
<charParams l="671" t="625" r="685" b="658" charConfidence="50">b</charParams>
<charParams l="690" t="634" r="702" b="658" charConfidence="58">e</charParams>
<charParams l="705" t="634" r="717" b="659" charConfidence="25">r</charParams>
<charParams l="719" t="635" r="736" b="666" charConfidence="29">g</charParams>
<charParams l="740" t="628" r="748" b="659" charConfidence="53">l</charParams>
<charParams l="751" t="626" r="765" b="659" charConfidence="38">ä</charParams>
<charParams l="770" t="636" r="786" b="660" charConfidence="75">u</charParams>
<charParams l="791" t="626" r="805" b="659" charConfidence="48">b</charParams>
<charParams l="810" t="628" r="817" b="659" charConfidence="46">i</charParams>
<charParams l="821" t="627" r="834" b="666" charConfidence="100">s</charParams>
<charParams l="832" t="627" r="858" b="666" charConfidence="27">c</charParams>
<charParams l="832" t="627" r="858" b="666" charConfidence="27">h</charParams>
<charParams l="859" t="627" r="898" b="668"> </charParams>
<charParams l="899" t="627" r="917" b="668" charConfidence="85">s</charParams>
<charParams l="899" t="627" r="917" b="668" charConfidence="85">i</charParams>
<charParams l="920" t="635" r="937" b="659" charConfidence="27">n</charParams>
<charParams l="940" t="630" r="956" b="659" charConfidence="28">d</charParams>
<charParams l="957" t="650" r="967" b="666" charConfidence="99">,</charParams></formatting></line>
<line baseline="721" l="179" t="686" r="970" b="731"><formatting lang="OldGerman">
<charParams l="179" t="688" r="198" b="721" charConfidence="26">b</charParams>
<charParams l="201" t="698" r="214" b="721" charConfidence="43">e</charParams>
<charParams l="216" t="688" r="233" b="730" charConfidence="73">h</charParams>
<charParams l="237" t="697" r="252" b="720" charConfidence="54">a</charParams>
<charParams l="255" t="697" r="272" b="721" charConfidence="31">u</charParams>
<charParams l="276" t="697" r="292" b="727" charConfidence="100">p</charParams>
<charParams l="296" t="694" r="306" b="720" charConfidence="100">t</charParams>
<charParams l="309" t="697" r="322" b="720" charConfidence="28">e</charParams>
<charParams l="324" t="697" r="342" b="720" charConfidence="100">n</charParams>
<charParams l="349" t="710" r="359" b="726" charConfidence="55">,</charParams>
<charParams l="360" t="690" r="398" b="726"> </charParams>
<charParams l="399" t="690" r="414" b="719" charConfidence="33">d</charParams>
<charParams l="418" t="697" r="430" b="719" charConfidence="100">e</charParams>
<charParams l="434" t="696" r="446" b="719" charConfidence="34">r</charParams>
<charParams l="447" t="686" r="470" b="720"> </charParams>
<charParams l="471" t="686" r="506" b="720" charConfidence="39">N</charParams>
<charParams l="509" t="697" r="523" b="719" charConfidence="100">a</charParams>
<charParams l="528" t="696" r="555" b="720" charConfidence="33">m</charParams>
<charParams l="559" t="697" r="572" b="720" charConfidence="27">e</charParams>
<charParams l="573" t="687" r="595" b="721"> </charParams>
<charParams l="596" t="687" r="641" b="721" charConfidence="94">M</charParams>
<charParams l="643" t="690" r="651" b="719" charConfidence="100">i</charParams>
<charParams l="654" t="694" r="665" b="720" charConfidence="100">t</charParams>
<charParams l="668" t="693" r="678" b="721" charConfidence="60">t</charParams>
<charParams l="680" t="689" r="689" b="721" charConfidence="65">l</charParams>
<charParams l="691" t="698" r="703" b="721" charConfidence="41">e</charParams>
<charParams l="706" t="697" r="720" b="721" charConfidence="33">r</charParams>
<charParams l="721" t="689" r="750" b="731"> </charParams>
<charParams l="751" t="689" r="768" b="731" suspicious="1" charConfidence="63">h</charParams>
<charParams l="771" t="699" r="788" b="722" charConfidence="55">a</charParams>
<charParams l="791" t="689" r="806" b="722" charConfidence="59">b</charParams>
<charParams l="810" t="698" r="824" b="721" charConfidence="35">e</charParams>
<charParams l="825" t="691" r="850" b="721"> </charParams>
<charParams l="851" t="691" r="860" b="721" charConfidence="100">i</charParams>
<charParams l="864" t="689" r="880" b="730" charConfidence="77">h</charParams>
<charParams l="884" t="698" r="902" b="722" charConfidence="45">n</charParams>
<charParams l="903" t="698" r="924" b="729"> </charParams>
<charParams l="925" t="698" r="942" b="729" charConfidence="29">g</charParams>
<charParams l="946" t="697" r="958" b="721" charConfidence="38">e</charParams>
<charParams l="960" t="701" r="970" b="717" charConfidence="100">¬</charParams></formatting></line>
<line baseline="782" l="180" t="749" r="968" b="792"><formatting lang="OldGerman">
<charParams l="180" t="758" r="200" b="782" charConfidence="81">n</charParams>
<charParams l="203" t="750" r="218" b="782" charConfidence="26">ö</charParams>
<charParams l="222" t="755" r="232" b="782" charConfidence="100">t</charParams>
<charParams l="236" t="749" r="251" b="791" charConfidence="80">h</charParams>
<charParams l="256" t="752" r="263" b="781" charConfidence="100">i</charParams>
<charParams l="266" t="759" r="283" b="789" charConfidence="69">g</charParams>
<charParams l="285" t="755" r="297" b="782" charConfidence="81">t</charParams>
<charParams l="307" t="773" r="318" b="788" charConfidence="100">,</charParams>
<charParams l="319" t="751" r="356" b="788"> </charParams>
<charParams l="357" t="751" r="374" b="780" charConfidence="33">d</charParams>
<charParams l="378" t="750" r="385" b="782" charConfidence="100">i</charParams>
<charParams l="389" t="758" r="400" b="781" charConfidence="25">e</charParams>
<charParams l="404" t="749" r="417" b="788" charConfidence="100">s</charParams>
<charParams l="415" t="757" r="428" b="782" charConfidence="28">e</charParams>
<charParams l="429" t="750" r="456" b="789"> </charParams>
<charParams l="457" t="750" r="471" b="789" charConfidence="100">s</charParams>
<charParams l="470" t="758" r="483" b="781" charConfidence="46">e</charParams>
<charParams l="485" t="750" r="493" b="782" charConfidence="46">l</charParams>
<charParams l="496" t="755" r="507" b="782" charConfidence="34">t</charParams>
<charParams l="510" t="749" r="522" b="789" charConfidence="28">s</charParams>
<charParams l="520" t="758" r="536" b="782" charConfidence="26">a</charParams>
<charParams l="540" t="758" r="567" b="783" charConfidence="25">m</charParams>
<charParams l="571" t="750" r="590" b="790" charConfidence="31">s</charParams>
<charParams l="571" t="750" r="590" b="790" charConfidence="31">t</charParams>
<charParams l="593" t="758" r="606" b="782" charConfidence="29">e</charParams>
<charParams l="607" t="758" r="634" b="783"> </charParams>
<charParams l="635" t="758" r="652" b="783" charConfidence="32">a</charParams>
<charParams l="656" t="750" r="664" b="782" charConfidence="37">l</charParams>
<charParams l="664" t="750" r="673" b="783" charConfidence="46">l</charParams>
<charParams l="676" t="759" r="688" b="782" charConfidence="38">e</charParams>
<charParams l="691" t="758" r="704" b="782" charConfidence="68">r</charParams>
<charParams l="705" t="749" r="727" b="784"> </charParams>
<charParams l="728" t="749" r="761" b="784" charConfidence="29">B</charParams>
<charParams l="765" t="759" r="777" b="783" charConfidence="38">e</charParams>
<charParams l="780" t="752" r="800" b="791" charConfidence="100">s</charParams>
<charParams l="780" t="752" r="800" b="791" charConfidence="100">t</charParams>
<charParams l="803" t="752" r="811" b="784" charConfidence="50">i</charParams>
<charParams l="814" t="758" r="842" b="784" charConfidence="52">m</charParams>
<charParams l="845" t="759" r="871" b="784" charConfidence="100">m</charParams>
<charParams l="875" t="760" r="892" b="783" charConfidence="100">u</charParams>
<charParams l="896" t="760" r="914" b="784" charConfidence="100">n</charParams>
<charParams l="915" t="758" r="932" b="792" charConfidence="25">g</charParams>
<charParams l="936" t="759" r="948" b="784" charConfidence="26">e</charParams>
<charParams l="951" t="758" r="968" b="783" charConfidence="39">n</charParams></formatting></line>
<line baseline="842" l="178" t="809" r="388" b="849"><formatting lang="OldGerman">
<charParams l="178" t="817" r="193" b="849" charConfidence="100">z</charParams>
<charParams l="197" t="818" r="214" b="841" charConfidence="83">u</charParams>
<charParams l="215" t="818" r="238" b="841"> </charParams>
<charParams l="239" t="818" r="252" b="841" charConfidence="26">e</charParams>
<charParams l="255" t="818" r="268" b="842" charConfidence="49">r</charParams>
<charParams l="268" t="819" r="286" b="848" charConfidence="30">g</charParams>
<charParams l="289" t="818" r="302" b="841" charConfidence="36">r</charParams>
<charParams l="304" t="818" r="317" b="842" charConfidence="27">e</charParams>
<charParams l="320" t="811" r="328" b="840" charConfidence="100">i</charParams>
<charParams l="331" t="809" r="346" b="847" charConfidence="51">f</charParams>
<charParams l="344" t="818" r="356" b="842" charConfidence="30">e</charParams>
<charParams l="359" t="818" r="377" b="842" charConfidence="100">n</charParams>
<charParams l="379" t="832" r="388" b="843" suspicious="1" charConfidence="100">.</charParams></formatting></line></par>
<par align="Justified" startIndent="1776" lineSpacing="1488">
<line baseline="961" l="246" t="925" r="966" b="969"><formatting lang="OldGerman">
<charParams l="246" t="926" r="281" b="960" charConfidence="72">D</charParams>
<charParams l="286" t="936" r="297" b="960" charConfidence="26">e</charParams>
<charParams l="300" t="936" r="313" b="960" charConfidence="54">r</charParams>
<charParams l="314" t="925" r="335" b="960"> </charParams>
<charParams l="336" t="925" r="371" b="959" charConfidence="63">N</charParams>
<charParams l="375" t="935" r="390" b="958" charConfidence="28">a</charParams>
<charParams l="394" t="927" r="420" b="965" charConfidence="72">c</charParams>
<charParams l="394" t="927" r="420" b="965" charConfidence="72">h</charParams>
<charParams l="425" t="932" r="435" b="959" charConfidence="62">t</charParams>
<charParams l="438" t="928" r="445" b="959" charConfidence="64">i</charParams>
<charParams l="449" t="928" r="462" b="966" charConfidence="29">s</charParams>
<charParams l="460" t="928" r="486" b="965" charConfidence="100">c</charParams>
<charParams l="460" t="928" r="486" b="965" charConfidence="100">h</charParams>
<charParams l="487" t="928" r="516" b="965"> </charParams>
<charParams l="517" t="934" r="544" b="960" charConfidence="24">w</charParams>
<charParams l="547" t="937" r="562" b="960" charConfidence="29">a</charParams>
<charParams l="566" t="937" r="581" b="960" charConfidence="30">r</charParams>
<charParams l="582" t="937" r="601" b="961"> </charParams>
<charParams l="602" t="937" r="619" b="961" charConfidence="100">a</charParams>
<charParams l="623" t="937" r="639" b="961" charConfidence="35">u</charParams>
<charParams l="642" t="929" r="658" b="967" charConfidence="100">f</charParams>
<charParams l="654" t="939" r="671" b="969" charConfidence="31">g</charParams>
<charParams l="674" t="939" r="687" b="961" charConfidence="35">e</charParams>
<charParams l="689" t="933" r="701" b="961" charConfidence="100">t</charParams>
<charParams l="703" t="938" r="716" b="961" charConfidence="35">r</charParams>
<charParams l="718" t="938" r="734" b="961" charConfidence="100">a</charParams>
<charParams l="736" t="938" r="753" b="968" charConfidence="27">g</charParams>
<charParams l="757" t="938" r="769" b="962" charConfidence="27">e</charParams>
<charParams l="771" t="937" r="789" b="962" charConfidence="38">n</charParams>
<charParams l="799" t="951" r="809" b="968" charConfidence="100">,</charParams>
<charParams l="810" t="938" r="846" b="968"> </charParams>
<charParams l="847" t="938" r="864" b="962" charConfidence="30">a</charParams>
<charParams l="868" t="931" r="876" b="963" charConfidence="53">l</charParams>
<charParams l="879" t="933" r="894" b="962" charConfidence="100">s</charParams>
<charParams l="895" t="932" r="917" b="962"> </charParams>
<charParams l="918" t="932" r="934" b="962" charConfidence="29">d</charParams>
<charParams l="938" t="939" r="949" b="963" charConfidence="34">e</charParams>
<charParams l="953" t="939" r="966" b="963" charConfidence="100">r</charParams></formatting></line>
<line baseline="1022" l="181" t="987" r="966" b="1032"><formatting lang="OldGerman">
<charParams l="181" t="988" r="214" b="1024" charConfidence="25">G</charParams>
<charParams l="218" t="1000" r="234" b="1024" charConfidence="57">a</charParams>
<charParams l="237" t="992" r="258" b="1032" charConfidence="38">s</charParams>
<charParams l="237" t="992" r="258" b="1032" charConfidence="38">t</charParams>
<charParams l="259" t="991" r="279" b="1032"> </charParams>
<charParams l="280" t="991" r="293" b="1030" charConfidence="100">s</charParams>
<charParams l="293" t="1000" r="304" b="1023" charConfidence="25">e</charParams>
<charParams l="309" t="991" r="316" b="1023" charConfidence="59">i</charParams>
<charParams l="319" t="999" r="336" b="1023" charConfidence="29">n</charParams>
<charParams l="340" t="998" r="354" b="1022" charConfidence="100">e</charParams>
<charParams l="355" t="987" r="375" b="1022"> </charParams>
<charParams l="376" t="987" r="415" b="1022" charConfidence="27">W</charParams>
<charParams l="419" t="990" r="426" b="1021" charConfidence="42">i</charParams>
<charParams l="430" t="998" r="443" b="1021" charConfidence="81">r</charParams>
<charParams l="446" t="994" r="456" b="1020" charConfidence="71">t</charParams>
<charParams l="459" t="988" r="474" b="1030" charConfidence="83">h</charParams>
<charParams l="479" t="998" r="492" b="1020" charConfidence="70">e</charParams>
<charParams l="493" t="998" r="514" b="1021"> </charParams>
<charParams l="515" t="999" r="527" b="1021" charConfidence="26">e</charParams>
<charParams l="530" t="998" r="543" b="1022" charConfidence="100">r</charParams>
<charParams l="546" t="998" r="563" b="1021" charConfidence="100">n</charParams>
<charParams l="567" t="990" r="587" b="1029" charConfidence="100">s</charParams>
<charParams l="567" t="990" r="587" b="1029" charConfidence="100">t</charParams>
<charParams l="590" t="991" r="598" b="1022" charConfidence="41">l</charParams>
<charParams l="601" t="991" r="608" b="1020" charConfidence="100">i</charParams>
<charParams l="611" t="990" r="639" b="1028" charConfidence="60">c</charParams>
<charParams l="611" t="990" r="639" b="1028" charConfidence="60">h</charParams>
<charParams l="640" t="990" r="661" b="1028"> </charParams>
<charParams l="662" t="999" r="680" b="1021" charConfidence="57">v</charParams>
<charParams l="684" t="998" r="695" b="1022" charConfidence="25">e</charParams>
<charParams l="698" t="999" r="711" b="1021" charConfidence="100">r</charParams>
<charParams l="714" t="997" r="741" b="1022" charConfidence="55">m</charParams>
<charParams l="745" t="1000" r="760" b="1022" charConfidence="35">a</charParams>
<charParams l="763" t="990" r="781" b="1031" charConfidence="45">h</charParams>
<charParams l="784" t="999" r="802" b="1023" charConfidence="100">n</charParams>
<charParams l="805" t="996" r="815" b="1023" charConfidence="86">t</charParams>
<charParams l="818" t="999" r="831" b="1023" charConfidence="30">e</charParams>
<charParams l="842" t="1014" r="852" b="1028" charConfidence="100">,</charParams>
<charParams l="853" t="1000" r="891" b="1028"> </charParams>
<charParams l="892" t="1000" r="910" b="1024" charConfidence="100">n</charParams>
<charParams l="915" t="993" r="922" b="1024" charConfidence="100">i</charParams>
<charParams l="925" t="992" r="952" b="1031" charConfidence="88">c</charParams>
<charParams l="925" t="992" r="952" b="1031" charConfidence="88">h</charParams>
<charParams l="956" t="997" r="966" b="1024" charConfidence="73">t</charParams></formatting></line>
<line baseline="1085" l="179" t="1051" r="965" b="1096"><formatting lang="OldGerman">
<charParams l="179" t="1061" r="206" b="1087" charConfidence="23">w</charParams>
<charParams l="211" t="1064" r="222" b="1087" charConfidence="26">e</charParams>
<charParams l="227" t="1055" r="234" b="1088" charConfidence="100">i</charParams>
<charParams l="237" t="1060" r="248" b="1088" charConfidence="61">t</charParams>
<charParams l="250" t="1063" r="262" b="1087" charConfidence="39">e</charParams>
<charParams l="265" t="1063" r="278" b="1088" charConfidence="59">r</charParams>
<charParams l="279" t="1061" r="299" b="1088"> </charParams>
<charParams l="300" t="1061" r="330" b="1087" charConfidence="57">m</charParams>
<charParams l="333" t="1054" r="341" b="1087" charConfidence="76">i</charParams>
<charParams l="344" t="1058" r="355" b="1087" charConfidence="50">t</charParams>
<charParams l="356" t="1053" r="376" b="1087"> </charParams>
<charParams l="377" t="1053" r="385" b="1085" charConfidence="100">i</charParams>
<charParams l="389" t="1052" r="405" b="1096" charConfidence="78">h</charParams>
<charParams l="410" t="1061" r="422" b="1085" charConfidence="66">r</charParams>
<charParams l="425" t="1061" r="437" b="1086" charConfidence="25">e</charParams>
<charParams l="441" t="1061" r="458" b="1085" charConfidence="54">n</charParams>
<charParams l="459" t="1051" r="481" b="1085"> </charParams>
<charParams l="482" t="1051" r="508" b="1085" charConfidence="-1">E</charParams>
<charParams l="511" t="1061" r="528" b="1084" charConfidence="53">n</charParams>
<charParams l="531" t="1058" r="542" b="1085" charConfidence="44">t</charParams>
<charParams l="545" t="1054" r="559" b="1084" charConfidence="39">d</charParams>
<charParams l="563" t="1060" r="576" b="1084" charConfidence="46">e</charParams>
<charParams l="578" t="1061" r="589" b="1083" charConfidence="53">c</charParams>
<charParams l="589" t="1051" r="603" b="1083" charConfidence="100">k</charParams>
<charParams l="606" t="1060" r="622" b="1084" charConfidence="100">u</charParams>
<charParams l="626" t="1060" r="643" b="1083" charConfidence="90">n</charParams>
<charParams l="646" t="1059" r="663" b="1090" charConfidence="65">g</charParams>
<charParams l="666" t="1060" r="678" b="1083" charConfidence="41">e</charParams>
<charParams l="680" t="1060" r="698" b="1083" charConfidence="34">n</charParams>
<charParams l="699" t="1059" r="722" b="1092"> </charParams>
<charParams l="723" t="1059" r="736" b="1092" charConfidence="27">z</charParams>
<charParams l="738" t="1060" r="755" b="1083" charConfidence="24">u</charParams>
<charParams l="759" t="1059" r="772" b="1083" charConfidence="25">r</charParams>
<charParams l="774" t="1051" r="792" b="1083" charConfidence="68">ü</charParams>
<charParams l="795" t="1053" r="820" b="1084" charConfidence="22">c</charParams>
<charParams l="795" t="1053" r="820" b="1084" charConfidence="22">k</charParams>
<charParams l="821" t="1059" r="833" b="1092" charConfidence="25">z</charParams>
<charParams l="837" t="1061" r="853" b="1084" charConfidence="43">u</charParams>
<charParams l="857" t="1051" r="874" b="1093" charConfidence="68">h</charParams>
<charParams l="877" t="1061" r="893" b="1084" charConfidence="43">a</charParams>
<charParams l="897" t="1054" r="905" b="1085" charConfidence="65">l</charParams>
<charParams l="908" t="1059" r="919" b="1086" charConfidence="47">t</charParams>
<charParams l="921" t="1062" r="933" b="1085" charConfidence="40">e</charParams>
<charParams l="936" t="1062" r="954" b="1086" charConfidence="100">n</charParams>
<charParams l="954" t="1077" r="965" b="1093" charConfidence="83">,</charParams></formatting></line>
<line baseline="1147" l="179" t="1113" r="964" b="1156"><formatting lang="OldGerman">
<charParams l="179" t="1124" r="207" b="1149" charConfidence="27">w</charParams>
<charParams l="211" t="1126" r="222" b="1148" charConfidence="26">e</charParams>
<charParams l="226" t="1119" r="233" b="1149" charConfidence="39">i</charParams>
<charParams l="237" t="1118" r="246" b="1149" charConfidence="46">l</charParams>
<charParams l="247" t="1118" r="284" b="1150"> </charParams>
<charParams l="285" t="1127" r="297" b="1150" charConfidence="26">e</charParams>
<charParams l="301" t="1126" r="314" b="1150" charConfidence="54">r</charParams>
<charParams l="315" t="1126" r="348" b="1156"> </charParams>
<charParams l="349" t="1126" r="366" b="1156" charConfidence="26">g</charParams>
<charParams l="371" t="1118" r="379" b="1150" charConfidence="45">l</charParams>
<charParams l="382" t="1126" r="394" b="1149" charConfidence="26">e</charParams>
<charParams l="396" t="1118" r="404" b="1149" charConfidence="100">i</charParams>
<charParams l="407" t="1116" r="434" b="1156" charConfidence="91">c</charParams>
<charParams l="407" t="1116" r="434" b="1156" charConfidence="91">h</charParams>
<charParams l="435" t="1116" r="472" b="1156"> </charParams>
<charParams l="473" t="1125" r="491" b="1149" charConfidence="57">n</charParams>
<charParams l="494" t="1125" r="509" b="1148" charConfidence="26">a</charParams>
<charParams l="513" t="1116" r="539" b="1154" charConfidence="56">c</charParams>
<charParams l="513" t="1116" r="539" b="1154" charConfidence="56">h</charParams>
<charParams l="540" t="1116" r="578" b="1154"> </charParams>
<charParams l="579" t="1118" r="595" b="1147" charConfidence="36">d</charParams>
<charParams l="599" t="1124" r="611" b="1147" charConfidence="32">e</charParams>
<charParams l="614" t="1123" r="642" b="1147" charConfidence="55">m</charParams>
<charParams l="643" t="1113" r="673" b="1147"> </charParams>
<charParams l="674" t="1113" r="704" b="1146" charConfidence="39">K</charParams>
<charParams l="706" t="1122" r="721" b="1146" charConfidence="54">a</charParams>
<charParams l="725" t="1113" r="748" b="1153" charConfidence="75">f</charParams>
<charParams l="725" t="1113" r="748" b="1153" charConfidence="75">f</charParams>
<charParams l="747" t="1122" r="759" b="1145" charConfidence="73">e</charParams>
<charParams l="763" t="1122" r="776" b="1144" charConfidence="29">e</charParams>
<charParams l="777" t="1113" r="804" b="1151"> </charParams>
<charParams l="805" t="1113" r="821" b="1151" charConfidence="35">f</charParams>
<charParams l="820" t="1122" r="835" b="1144" charConfidence="35">o</charParams>
<charParams l="838" t="1121" r="851" b="1145" charConfidence="54">r</charParams>
<charParams l="854" t="1119" r="864" b="1145" charConfidence="50">t</charParams>
<charParams l="867" t="1121" r="895" b="1146" charConfidence="75">m</charParams>
<charParams l="898" t="1114" r="915" b="1146" charConfidence="22">ü</charParams>
<charParams l="918" t="1114" r="943" b="1151" charConfidence="96">s</charParams>
<charParams l="918" t="1114" r="943" b="1151" charConfidence="96">s</charParams>
<charParams l="941" t="1123" r="953" b="1146" charConfidence="55">e</charParams>
<charParams l="956" t="1138" r="964" b="1146" charConfidence="100">.</charParams></formatting></line>
<line baseline="1210" l="180" t="1174" r="967" b="1220"><formatting lang="OldGerman">
<charParams l="180" t="1178" r="216" b="1211" charConfidence="59">D</charParams>
<charParams l="220" t="1180" r="228" b="1212" charConfidence="27">i</charParams>
<charParams l="230" t="1189" r="243" b="1211" charConfidence="27">e</charParams>
<charParams l="244" t="1179" r="269" b="1213"> </charParams>
<charParams l="270" t="1179" r="286" b="1213" charConfidence="26">b</charParams>
<charParams l="289" t="1189" r="302" b="1212" charConfidence="47">e</charParams>
<charParams l="305" t="1189" r="320" b="1220" charConfidence="25">y</charParams>
<charParams l="323" t="1182" r="339" b="1212" charConfidence="26">d</charParams>
<charParams l="343" t="1189" r="355" b="1212" charConfidence="35">e</charParams>
<charParams l="355" t="1188" r="376" b="1211" charConfidence="24">n</charParams>
<charParams l="377" t="1178" r="400" b="1213"> </charParams>
<charParams l="401" t="1178" r="427" b="1213" charConfidence="30">E</charParams>
<charParams l="430" t="1179" r="446" b="1220" charConfidence="70">h</charParams>
<charParams l="451" t="1180" r="459" b="1212" charConfidence="35">l</charParams>
<charParams l="462" t="1189" r="473" b="1212" suspicious="1" charConfidence="37">c</charParams>
<charParams l="476" t="1188" r="493" b="1212" charConfidence="91">u</charParams>
<charParams l="497" t="1185" r="506" b="1212" charConfidence="28">t</charParams>
<charParams l="509" t="1188" r="521" b="1212" charConfidence="50">e</charParams>
<charParams l="522" t="1187" r="550" b="1212"> </charParams>
<charParams l="551" t="1187" r="580" b="1211" charConfidence="96">m</charParams>
<charParams l="581" t="1186" r="597" b="1209" charConfidence="54">a</charParams>
<charParams l="601" t="1178" r="627" b="1218" charConfidence="65">c</charParams>
<charParams l="601" t="1178" r="627" b="1218" charConfidence="65">h</charParams>
<charParams l="631" t="1182" r="642" b="1210" charConfidence="100">t</charParams>
<charParams l="644" t="1186" r="656" b="1210" charConfidence="30">e</charParams>
<charParams l="659" t="1185" r="677" b="1209" charConfidence="35">n</charParams>
<charParams l="678" t="1184" r="699" b="1209"> </charParams>
<charParams l="700" t="1184" r="717" b="1208" charConfidence="43">u</charParams>
<charParams l="721" t="1183" r="747" b="1208" charConfidence="27">m</charParams>
<charParams l="751" t="1176" r="771" b="1215" charConfidence="31">s</charParams>
<charParams l="751" t="1176" r="771" b="1215" charConfidence="31">t</charParams>
<charParams l="773" t="1174" r="788" b="1207" charConfidence="55">ä</charParams>
<charParams l="792" t="1184" r="809" b="1207" charConfidence="100">n</charParams>
<charParams l="813" t="1177" r="829" b="1206" charConfidence="31">d</charParams>
<charParams l="833" t="1176" r="841" b="1208" charConfidence="100">l</charParams>
<charParams l="845" t="1177" r="853" b="1209" charConfidence="29">i</charParams>
<charParams l="855" t="1176" r="882" b="1216" charConfidence="68">c</charParams>
<charParams l="855" t="1176" r="882" b="1216" charConfidence="68">h</charParams>
<charParams l="883" t="1176" r="904" b="1216"> </charParams>
<charParams l="905" t="1178" r="915" b="1209" charConfidence="86">i</charParams>
<charParams l="918" t="1175" r="934" b="1216" charConfidence="94">h</charParams>
<charParams l="938" t="1185" r="951" b="1210" charConfidence="56">r</charParams>
<charParams l="953" t="1185" r="967" b="1209" charConfidence="46">e</charParams></formatting></line>
<line baseline="1272" l="179" t="1238" r="964" b="1281"><formatting lang="OldGerman">
<charParams l="179" t="1239" r="214" b="1273" charConfidence="94">B</charParams>
<charParams l="219" t="1250" r="230" b="1273" charConfidence="41">e</charParams>
<charParams l="233" t="1242" r="245" b="1273" charConfidence="30">k</charParams>
<charParams l="248" t="1251" r="259" b="1273" charConfidence="53">e</charParams>
<charParams l="262" t="1250" r="280" b="1274" charConfidence="100">n</charParams>
<charParams l="283" t="1249" r="300" b="1274" charConfidence="81">n</charParams>
<charParams l="304" t="1246" r="314" b="1273" charConfidence="57">t</charParams>
<charParams l="317" t="1250" r="333" b="1273" charConfidence="65">n</charParams>
<charParams l="337" t="1243" r="345" b="1272" charConfidence="48">i</charParams>
<charParams l="348" t="1242" r="372" b="1277" charConfidence="100">s</charParams>
<charParams l="348" t="1242" r="372" b="1277" charConfidence="100">s</charParams>
<charParams l="371" t="1250" r="384" b="1273" charConfidence="30">e</charParams>
<charParams l="398" t="1252" r="407" b="1281" charConfidence="40">;</charParams>
<charParams l="408" t="1251" r="447" b="1281"> </charParams>
<charParams l="448" t="1251" r="464" b="1274" charConfidence="100">a</charParams>
<charParams l="467" t="1242" r="483" b="1274" charConfidence="30">b</charParams>
<charParams l="487" t="1251" r="499" b="1274" charConfidence="29">e</charParams>
<charParams l="502" t="1251" r="514" b="1273" charConfidence="39">r</charParams>
<charParams l="515" t="1241" r="537" b="1273"> </charParams>
<charParams l="538" t="1241" r="551" b="1273" charConfidence="39">k</charParams>
<charParams l="553" t="1250" r="569" b="1274" charConfidence="54">a</charParams>
<charParams l="572" t="1249" r="589" b="1272" charConfidence="77">u</charParams>
<charParams l="592" t="1248" r="621" b="1272" charConfidence="50">m</charParams>
<charParams l="622" t="1238" r="643" b="1279"> </charParams>
<charParams l="644" t="1238" r="662" b="1279" suspicious="1" charConfidence="61">h</charParams>
<charParams l="666" t="1247" r="681" b="1271" charConfidence="27">a</charParams>
<charParams l="684" t="1243" r="694" b="1271" charConfidence="39">t</charParams>
<charParams l="697" t="1243" r="707" b="1270" charConfidence="71">t</charParams>
<charParams l="710" t="1247" r="723" b="1271" charConfidence="26">e</charParams>
<charParams l="724" t="1246" r="745" b="1271"> </charParams>
<charParams l="746" t="1246" r="759" b="1269" charConfidence="100">e</charParams>
<charParams l="761" t="1245" r="774" b="1269" charConfidence="100">r</charParams>
<charParams l="775" t="1240" r="797" b="1270"> </charParams>
<charParams l="798" t="1240" r="814" b="1270" charConfidence="27">d</charParams>
<charParams l="818" t="1247" r="830" b="1270" charConfidence="26">e</charParams>
<charParams l="832" t="1247" r="851" b="1271" charConfidence="100">n</charParams>
<charParams l="852" t="1238" r="874" b="1272"> </charParams>
<charParams l="875" t="1238" r="910" b="1272" charConfidence="47">S</charParams>
<charParams l="914" t="1240" r="922" b="1271" charConfidence="100">i</charParams>
<charParams l="925" t="1247" r="942" b="1271" charConfidence="100">n</charParams>
<charParams l="946" t="1248" r="964" b="1272" charConfidence="70">n</charParams></formatting></line>
<line baseline="1334" l="181" t="1301" r="965" b="1341"><formatting lang="OldGerman">
<charParams l="181" t="1303" r="197" b="1333" charConfidence="36">d</charParams>
<charParams l="202" t="1311" r="213" b="1334" charConfidence="27">e</charParams>
<charParams l="216" t="1311" r="230" b="1335" charConfidence="53">r</charParams>
<charParams l="231" t="1301" r="260" b="1336"> </charParams>
<charParams l="261" t="1301" r="297" b="1336" charConfidence="42">S</charParams>
<charParams l="300" t="1312" r="316" b="1335" charConfidence="36">a</charParams>
<charParams l="319" t="1303" r="346" b="1341" charConfidence="66">c</charParams>
<charParams l="319" t="1303" r="346" b="1341" charConfidence="66">h</charParams>
<charParams l="349" t="1311" r="363" b="1334" charConfidence="31">e</charParams>
<charParams l="364" t="1311" r="391" b="1335"> </charParams>
<charParams l="392" t="1313" r="409" b="1335" charConfidence="55">v</charParams>
<charParams l="414" t="1312" r="425" b="1335" charConfidence="26">e</charParams>
<charParams l="429" t="1312" r="441" b="1336" charConfidence="100">r</charParams>
<charParams l="444" t="1312" r="461" b="1336" charConfidence="80">n</charParams>
<charParams l="465" t="1314" r="480" b="1336" charConfidence="44">o</charParams>
<charParams l="483" t="1313" r="510" b="1336" charConfidence="54">m</charParams>
<charParams l="514" t="1312" r="541" b="1335" charConfidence="54">m</charParams>
<charParams l="545" t="1312" r="557" b="1335" charConfidence="28">e</charParams>
<charParams l="559" t="1312" r="578" b="1335" charConfidence="100">n</charParams>
<charParams l="589" t="1325" r="599" b="1341" suspicious="1" charConfidence="100">,</charParams>
<charParams l="600" t="1309" r="643" b="1341"> </charParams>
<charParams l="644" t="1309" r="662" b="1332" charConfidence="25">a</charParams>
<charParams l="664" t="1301" r="673" b="1332" charConfidence="78">l</charParams>
<charParams l="676" t="1303" r="691" b="1332" charConfidence="-1">s</charParams>
<charParams l="692" t="1303" r="724" b="1332"> </charParams>
<charParams l="725" t="1308" r="738" b="1332" charConfidence="100">e</charParams>
<charParams l="741" t="1308" r="754" b="1332" charConfidence="54">r</charParams>
<charParams l="755" t="1308" r="782" b="1333"> </charParams>
<charParams l="783" t="1310" r="800" b="1333" charConfidence="24">v</charParams>
<charParams l="805" t="1310" r="816" b="1333" charConfidence="32">e</charParams>
<charParams l="820" t="1310" r="833" b="1334" charConfidence="100">r</charParams>
<charParams l="836" t="1304" r="851" b="1334" charConfidence="28">d</charParams>
<charParams l="855" t="1311" r="868" b="1335" charConfidence="61">r</charParams>
<charParams l="871" t="1303" r="878" b="1335" charConfidence="100">i</charParams>
<charParams l="882" t="1311" r="894" b="1335" charConfidence="37">e</charParams>
<charParams l="897" t="1303" r="913" b="1340" charConfidence="28">ß</charParams>
<charParams l="917" t="1304" r="923" b="1335" charConfidence="100">l</charParams>
<charParams l="926" t="1304" r="934" b="1335" charConfidence="25">i</charParams>
<charParams l="938" t="1302" r="965" b="1339" charConfidence="55">c</charParams>
<charParams l="938" t="1302" r="965" b="1339" charConfidence="55">h</charParams></formatting></line>
<line baseline="1397" l="179" t="1361" r="966" b="1406"><formatting lang="OldGerman">
<charParams l="179" t="1370" r="198" b="1393" suspicious="1" charConfidence="100">v</charParams>
<charParams l="201" t="1371" r="216" b="1393" charConfidence="42">o</charParams>
<charParams l="220" t="1371" r="248" b="1396" charConfidence="28">m</charParams>
<charParams l="249" t="1364" r="272" b="1398"> </charParams>
<charParams l="273" t="1364" r="300" b="1398" charConfidence="41">T</charParams>
<charParams l="305" t="1366" r="311" b="1397" charConfidence="78">i</charParams>
<charParams l="315" t="1365" r="327" b="1403" charConfidence="100">s</charParams>
<charParams l="326" t="1365" r="352" b="1403" charConfidence="78">c</charParams>
<charParams l="326" t="1365" r="352" b="1403" charConfidence="78">h</charParams>
<charParams l="356" t="1374" r="369" b="1398" charConfidence="30">e</charParams>
<charParams l="370" t="1374" r="392" b="1398"> </charParams>
<charParams l="393" t="1374" r="409" b="1397" charConfidence="33">a</charParams>
<charParams l="413" t="1374" r="430" b="1397" charConfidence="100">u</charParams>
<charParams l="433" t="1365" r="447" b="1403" charConfidence="68">f</charParams>
<charParams l="446" t="1365" r="459" b="1404" charConfidence="43">f</charParams>
<charParams l="459" t="1375" r="476" b="1398" charConfidence="26">u</charParams>
<charParams l="479" t="1365" r="496" b="1406" charConfidence="53">h</charParams>
<charParams l="500" t="1375" r="513" b="1399" charConfidence="54">r</charParams>
<charParams l="520" t="1389" r="529" b="1404" charConfidence="57">,</charParams>
<charParams l="530" t="1373" r="566" b="1404"> </charParams>
<charParams l="567" t="1373" r="584" b="1396" charConfidence="30">a</charParams>
<charParams l="584" t="1372" r="603" b="1396" charConfidence="22">u</charParams>
<charParams l="607" t="1367" r="622" b="1395" charConfidence="-1">s</charParams>
<charParams l="623" t="1361" r="645" b="1400"> </charParams>
<charParams l="646" t="1361" r="670" b="1400" charConfidence="41">F</charParams>
<charParams l="672" t="1370" r="684" b="1394" charConfidence="24">e</charParams>
<charParams l="687" t="1370" r="704" b="1394" charConfidence="25">n</charParams>
<charParams l="708" t="1363" r="728" b="1402" charConfidence="52">s</charParams>
<charParams l="708" t="1363" r="728" b="1402" charConfidence="52">t</charParams>
<charParams l="731" t="1370" r="743" b="1394" charConfidence="26">e</charParams>
<charParams l="746" t="1371" r="759" b="1395" charConfidence="24">r</charParams>
<charParams l="760" t="1364" r="781" b="1401"> </charParams>
<charParams l="782" t="1364" r="795" b="1401" charConfidence="91">s</charParams>
<charParams l="794" t="1373" r="810" b="1403" charConfidence="64">p</charParams>
<charParams l="814" t="1373" r="827" b="1397" charConfidence="54">r</charParams>
<charParams l="829" t="1374" r="845" b="1397" charConfidence="100">a</charParams>
<charParams l="848" t="1374" r="865" b="1397" charConfidence="54">n</charParams>
<charParams l="869" t="1374" r="884" b="1404" charConfidence="0">g</charParams>
<charParams l="885" t="1373" r="908" b="1404"> </charParams>
<charParams l="909" t="1373" r="925" b="1396" charConfidence="23">u</charParams>
<charParams l="930" t="1373" r="946" b="1396" charConfidence="53">n</charParams>
<charParams l="949" t="1367" r="966" b="1394" charConfidence="24">d</charParams></formatting></line>
<line baseline="1458" l="182" t="1422" r="681" b="1467"><formatting lang="OldGerman">
<charParams l="182" t="1422" r="196" b="1459" charConfidence="100">s</charParams>
<charParams l="195" t="1431" r="208" b="1453" charConfidence="25">e</charParams>
<charParams l="210" t="1424" r="217" b="1454" charConfidence="100">i</charParams>
<charParams l="221" t="1431" r="239" b="1455" charConfidence="47">n</charParams>
<charParams l="240" t="1426" r="262" b="1464"> </charParams>
<charParams l="263" t="1426" r="295" b="1464" charConfidence="41">P</charParams>
<charParams l="298" t="1427" r="312" b="1463" charConfidence="46">f</charParams>
<charParams l="311" t="1436" r="323" b="1459" charConfidence="26">e</charParams>
<charParams l="327" t="1436" r="340" b="1459" charConfidence="58">r</charParams>
<charParams l="343" t="1430" r="358" b="1459" charConfidence="40">d</charParams>
<charParams l="359" t="1430" r="382" b="1467"> </charParams>
<charParams l="383" t="1436" r="395" b="1467" charConfidence="24">z</charParams>
<charParams l="399" t="1436" r="415" b="1459" charConfidence="100">u</charParams>
<charParams l="416" t="1428" r="439" b="1464"> </charParams>
<charParams l="440" t="1428" r="453" b="1464" charConfidence="51">s</charParams>
<charParams l="452" t="1438" r="466" b="1460" charConfidence="100">a</charParams>
<charParams l="472" t="1434" r="480" b="1460" charConfidence="35">t</charParams>
<charParams l="484" t="1434" r="493" b="1460" charConfidence="52">t</charParams>
<charParams l="497" t="1437" r="508" b="1459" charConfidence="31">e</charParams>
<charParams l="512" t="1430" r="520" b="1460" charConfidence="49">l</charParams>
<charParams l="523" t="1437" r="540" b="1460" charConfidence="25">n</charParams>
<charParams l="541" t="1426" r="564" b="1460"> </charParams>
<charParams l="565" t="1426" r="580" b="1459" charConfidence="27">b</charParams>
<charParams l="584" t="1435" r="595" b="1458" charConfidence="24">e</charParams>
<charParams l="598" t="1425" r="612" b="1462" charConfidence="100">f</charParams>
<charParams l="611" t="1434" r="625" b="1455" charConfidence="26">a</charParams>
<charParams l="630" t="1425" r="647" b="1465" charConfidence="28">h</charParams>
<charParams l="651" t="1426" r="660" b="1456" charConfidence="32">l</charParams>
<charParams l="663" t="1448" r="669" b="1455" charConfidence="100">.</charParams>
<charParams l="677" t="1455" r="681" b="1460" charConfidence="54">.</charParams></formatting></line></par>
</text>
</block>
</page>
</document>