﻿<?xml version="1.0" encoding="UTF-8" standalone="yes"?>
<document xmlns="http://www.abbyy.com/FineReader_xml/FineReader10-schema-v1.xml" version="1.0" producer="ABBYY FineReader Engine 11" languages="" xmlns:xsi="http://www.w3.org/2001/XMLSchema-instance" xsi:schemaLocation="http://www.abbyy.com/FineReader_xml/FineReader10-schema-v1.xml http://www.abbyy.com/FineReader_xml/FineReader10-schema-v1.xml">
<page width="1156" height="1782" resolution="300" originalCoords="1">
<block blockType="Text" blockName="">
<text>
<par align="Center" rightIndent="200">
<line baseline="90" l="561" t="60" r="603" b="90"><formatting lang="OldGerman">
<charParams l="561" t="60" r="584" b="90" suspicious="1" charConfidence="40">4</charParams>
<charParams l="588" t="60" r="603" b="83" suspicious="1" charConfidence="-1">»</charParams></formatting></line></par>
</text>
<text>
<par align="Justified" startIndent="445" lineSpacing="1440">
<line baseline="174" l="192" t="139" r="975" b="183"><formatting lang="OldGerman">
<charParams l="192" t="143" r="213" b="182" suspicious="1" charConfidence="53">s</charParams>
<charParams l="192" t="143" r="213" b="182" suspicious="1" charConfidence="53">i</charParams>
<charParams l="215" t="153" r="231" b="175" charConfidence="40">u</charParams>
<charParams l="234" t="143" r="251" b="179" suspicious="1" charConfidence="29">ß</charParams>
<charParams l="259" t="165" r="268" b="179" charConfidence="79">,</charParams>
<charParams l="269" t="150" r="308" b="179"> </charParams>
<charParams l="309" t="150" r="337" b="175" charConfidence="37">m</charParams>
<charParams l="341" t="153" r="354" b="175" charConfidence="29">e</charParams>
<charParams l="356" t="143" r="364" b="175" charConfidence="34">i</charParams>
<charParams l="367" t="152" r="384" b="175" charConfidence="45">n</charParams>
<charParams l="388" t="151" r="401" b="174" charConfidence="26">e</charParams>
<charParams l="402" t="142" r="424" b="174"> </charParams>
<charParams l="425" t="142" r="454" b="173" charConfidence="28">V</charParams>
<charParams l="458" t="149" r="470" b="172" charConfidence="29">e</charParams>
<charParams l="472" t="148" r="485" b="171" charConfidence="100">r</charParams>
<charParams l="489" t="139" r="503" b="171" charConfidence="27">b</charParams>
<charParams l="507" t="140" r="515" b="170" charConfidence="50">i</charParams>
<charParams l="519" t="147" r="535" b="170" charConfidence="57">n</charParams>
<charParams l="539" t="142" r="554" b="169" charConfidence="27">d</charParams>
<charParams l="559" t="148" r="575" b="170" charConfidence="50">u</charParams>
<charParams l="579" t="147" r="595" b="169" charConfidence="30">n</charParams>
<charParams l="599" t="148" r="615" b="177" charConfidence="54">g</charParams>
<charParams l="619" t="148" r="631" b="170" charConfidence="26">e</charParams>
<charParams l="634" t="148" r="651" b="171" charConfidence="36">n</charParams>
<charParams l="652" t="148" r="676" b="173"> </charParams>
<charParams l="677" t="151" r="690" b="173" charConfidence="28">e</charParams>
<charParams l="694" t="141" r="701" b="172" charConfidence="38">i</charParams>
<charParams l="703" t="142" r="719" b="179" charConfidence="44">f</charParams>
<charParams l="717" t="152" r="730" b="175" charConfidence="46">r</charParams>
<charParams l="733" t="144" r="740" b="175" charConfidence="-1">i</charParams>
<charParams l="743" t="152" r="760" b="182" charConfidence="64">g</charParams>
<charParams l="761" t="142" r="783" b="182"> </charParams>
<charParams l="784" t="142" r="800" b="176" charConfidence="26">b</charParams>
<charParams l="804" t="153" r="816" b="175" charConfidence="33">e</charParams>
<charParams l="819" t="151" r="836" b="175" charConfidence="36">n</charParams>
<charParams l="840" t="152" r="857" b="176" charConfidence="47">u</charParams>
<charParams l="861" t="148" r="879" b="183" charConfidence="34">t</charParams>
<charParams l="861" t="148" r="879" b="183" charConfidence="34">z</charParams>
<charParams l="881" t="153" r="894" b="176" charConfidence="27">e</charParams>
<charParams l="895" t="152" r="916" b="176"> </charParams>
<charParams l="917" t="152" r="935" b="175" charConfidence="73">u</charParams>
<charParams l="938" t="151" r="956" b="175" charConfidence="82">n</charParams>
<charParams l="958" t="144" r="975" b="175" charConfidence="25">d</charParams></formatting></line>
<line baseline="233" l="176" t="196" r="976" b="243"><formatting lang="OldGerman">
<charParams l="176" t="216" r="190" b="222" charConfidence="100">-</charParams>
<charParams l="191" t="211" r="208" b="233" charConfidence="32">a</charParams>
<charParams l="212" t="212" r="229" b="233" charConfidence="34">u</charParams>
<charParams l="232" t="203" r="246" b="239" charConfidence="83">f</charParams>
<charParams l="245" t="211" r="258" b="233" charConfidence="76">r</charParams>
<charParams l="260" t="211" r="273" b="233" charConfidence="24">e</charParams>
<charParams l="274" t="211" r="290" b="242" charConfidence="33">g</charParams>
<charParams l="295" t="212" r="307" b="234" charConfidence="30">e</charParams>
<charParams l="314" t="227" r="324" b="242" charConfidence="100">,</charParams>
<charParams l="325" t="205" r="355" b="242"> </charParams>
<charParams l="356" t="205" r="364" b="233" charConfidence="29">i</charParams>
<charParams l="369" t="203" r="384" b="242" charConfidence="54">h</charParams>
<charParams l="388" t="210" r="416" b="233" charConfidence="54">m</charParams>
<charParams l="417" t="210" r="441" b="233"> </charParams>
<charParams l="442" t="210" r="453" b="232" charConfidence="26">e</charParams>
<charParams l="457" t="201" r="464" b="230" charConfidence="72">i</charParams>
<charParams l="467" t="208" r="484" b="230" charConfidence="48">n</charParams>
<charParams l="488" t="208" r="500" b="230" charConfidence="39">e</charParams>
<charParams l="501" t="196" r="523" b="230"> </charParams>
<charParams l="524" t="196" r="559" b="229" charConfidence="53">S</charParams>
<charParams l="563" t="203" r="574" b="228" charConfidence="48">t</charParams>
<charParams l="576" t="207" r="587" b="228" charConfidence="100">e</charParams>
<charParams l="592" t="200" r="599" b="229" charConfidence="50">l</charParams>
<charParams l="603" t="201" r="610" b="229" charConfidence="30">l</charParams>
<charParams l="614" t="207" r="627" b="229" charConfidence="31">e</charParams>
<charParams l="628" t="207" r="648" b="240"> </charParams>
<charParams l="649" t="207" r="661" b="240" charConfidence="30">z</charParams>
<charParams l="665" t="209" r="683" b="231" charConfidence="100">u</charParams>
<charParams l="684" t="209" r="705" b="233"> </charParams>
<charParams l="706" t="211" r="723" b="233" charConfidence="100">v</charParams>
<charParams l="727" t="212" r="739" b="233" charConfidence="65">e</charParams>
<charParams l="742" t="212" r="756" b="235" charConfidence="60">r</charParams>
<charParams l="758" t="204" r="771" b="238" charConfidence="41">s</charParams>
<charParams l="769" t="204" r="795" b="238" charConfidence="29">c</charParams>
<charParams l="769" t="204" r="795" b="238" charConfidence="29">h</charParams>
<charParams l="799" t="214" r="814" b="235" charConfidence="25">a</charParams>
<charParams l="819" t="204" r="841" b="243" charConfidence="100">f</charParams>
<charParams l="819" t="204" r="841" b="243" charConfidence="100">f</charParams>
<charParams l="841" t="213" r="853" b="235" charConfidence="100">e</charParams>
<charParams l="856" t="213" r="873" b="235" charConfidence="31">n</charParams>
<charParams l="883" t="227" r="892" b="241" charConfidence="77">,</charParams>
<charParams l="893" t="207" r="932" b="241"> </charParams>
<charParams l="933" t="207" r="948" b="235" charConfidence="27">d</charParams>
<charParams l="953" t="205" r="960" b="235" charConfidence="100">i</charParams>
<charParams l="964" t="211" r="976" b="235" charConfidence="29">e</charParams></formatting></line>
<line baseline="295" l="190" t="257" r="976" b="303"><formatting lang="OldGerman">
<charParams l="190" t="263" r="201" b="294" charConfidence="53">i</charParams>
<charParams l="203" t="263" r="220" b="302" charConfidence="53">h</charParams>
<charParams l="223" t="272" r="252" b="294" charConfidence="56">m</charParams>
<charParams l="253" t="272" r="275" b="294"> </charParams>
<charParams l="276" t="272" r="293" b="294" charConfidence="71">n</charParams>
<charParams l="296" t="273" r="312" b="295" charConfidence="42">a</charParams>
<charParams l="316" t="264" r="342" b="299" charConfidence="80">c</charParams>
<charParams l="316" t="264" r="342" b="299" charConfidence="80">h</charParams>
<charParams l="343" t="263" r="362" b="299"> </charParams>
<charParams l="363" t="263" r="382" b="299" charConfidence="23">f</charParams>
<charParams l="380" t="272" r="392" b="293" charConfidence="31">e</charParams>
<charParams l="395" t="262" r="402" b="291" charConfidence="35">i</charParams>
<charParams l="405" t="269" r="422" b="292" charConfidence="32">n</charParams>
<charParams l="426" t="268" r="437" b="291" charConfidence="33">e</charParams>
<charParams l="441" t="268" r="455" b="291" charConfidence="26">r</charParams>
<charParams l="456" t="257" r="477" b="291"> </charParams>
<charParams l="478" t="257" r="519" b="290" charConfidence="37">W</charParams>
<charParams l="522" t="266" r="534" b="289" charConfidence="26">e</charParams>
<charParams l="537" t="259" r="544" b="288" charConfidence="26">i</charParams>
<charParams l="549" t="258" r="562" b="296" charConfidence="26">f</charParams>
<charParams l="559" t="266" r="572" b="289" charConfidence="26">e</charParams>
<charParams l="573" t="266" r="589" b="290"> </charParams>
<charParams l="590" t="267" r="603" b="290" charConfidence="30">e</charParams>
<charParams l="605" t="261" r="614" b="290" charConfidence="25">i</charParams>
<charParams l="616" t="267" r="634" b="290" charConfidence="66">n</charParams>
<charParams l="637" t="261" r="646" b="290" charConfidence="29">i</charParams>
<charParams l="647" t="268" r="664" b="298" charConfidence="32">g</charParams>
<charParams l="668" t="269" r="681" b="291" charConfidence="25">e</charParams>
<charParams l="682" t="261" r="699" b="299"> </charParams>
<charParams l="700" t="261" r="722" b="299" charConfidence="48">Z</charParams>
<charParams l="726" t="272" r="743" b="295" charConfidence="32">u</charParams>
<charParams l="747" t="264" r="760" b="302" charConfidence="41">f</charParams>
<charParams l="759" t="273" r="772" b="296" charConfidence="44">r</charParams>
<charParams l="776" t="265" r="784" b="296" charConfidence="26">i</charParams>
<charParams l="786" t="273" r="799" b="296" charConfidence="87">e</charParams>
<charParams l="801" t="268" r="817" b="296" charConfidence="27">d</charParams>
<charParams l="821" t="274" r="833" b="295" charConfidence="100">e</charParams>
<charParams l="836" t="273" r="853" b="297" charConfidence="73">n</charParams>
<charParams l="857" t="264" r="873" b="302" charConfidence="75">h</charParams>
<charParams l="877" t="274" r="890" b="296" charConfidence="34">e</charParams>
<charParams l="893" t="266" r="900" b="296" charConfidence="41">i</charParams>
<charParams l="904" t="271" r="914" b="297" charConfidence="33">t</charParams>
<charParams l="915" t="271" r="930" b="303"> </charParams>
<charParams l="931" t="273" r="949" b="303" charConfidence="28">g</charParams>
<charParams l="952" t="273" r="964" b="297" charConfidence="26">e</charParams>
<charParams l="966" t="276" r="976" b="292" charConfidence="22">¬</charParams></formatting></line>
<line baseline="353" l="189" t="322" r="414" b="364"><formatting lang="OldGerman">
<charParams l="189" t="330" r="217" b="355" charConfidence="27">w</charParams>
<charParams l="220" t="323" r="235" b="355" charConfidence="34">ä</charParams>
<charParams l="239" t="324" r="255" b="364" charConfidence="51">h</charParams>
<charParams l="259" t="332" r="272" b="355" charConfidence="42">r</charParams>
<charParams l="275" t="332" r="287" b="354" charConfidence="69">e</charParams>
<charParams l="290" t="331" r="308" b="354" charConfidence="35">n</charParams>
<charParams l="309" t="322" r="329" b="354"> </charParams>
<charParams l="330" t="322" r="345" b="353" charConfidence="34">k</charParams>
<charParams l="346" t="330" r="362" b="353" charConfidence="28">a</charParams>
<charParams l="365" t="329" r="382" b="355" charConfidence="27">n</charParams>
<charParams l="385" t="328" r="404" b="351" charConfidence="37">n</charParams>
<charParams l="404" t="341" r="414" b="351" charConfidence="100">.</charParams></formatting></line></par>
<par align="Justified" startIndent="2076" lineSpacing="1464">
<line baseline="472" l="255" t="438" r="977" b="481"><formatting lang="OldGerman">
<charParams l="255" t="441" r="282" b="474" charConfidence="-1">E</charParams>
<charParams l="285" t="444" r="300" b="473" charConfidence="27">d</charParams>
<charParams l="304" t="450" r="320" b="473" charConfidence="75">u</charParams>
<charParams l="324" t="449" r="339" b="472" charConfidence="44">a</charParams>
<charParams l="342" t="448" r="357" b="473" charConfidence="48">r</charParams>
<charParams l="358" t="442" r="375" b="472" charConfidence="27">d</charParams>
<charParams l="376" t="442" r="408" b="472"> </charParams>
<charParams l="409" t="449" r="427" b="472" charConfidence="100">v</charParams>
<charParams l="430" t="448" r="442" b="471" charConfidence="100">e</charParams>
<charParams l="445" t="448" r="458" b="471" charConfidence="32">r</charParams>
<charParams l="461" t="441" r="480" b="479" charConfidence="85">s</charParams>
<charParams l="461" t="441" r="480" b="479" charConfidence="85">i</charParams>
<charParams l="481" t="440" r="507" b="477" charConfidence="27">c</charParams>
<charParams l="481" t="440" r="507" b="477" charConfidence="27">h</charParams>
<charParams l="512" t="449" r="523" b="472" charConfidence="26">e</charParams>
<charParams l="526" t="448" r="539" b="472" charConfidence="100">r</charParams>
<charParams l="543" t="444" r="552" b="472" charConfidence="42">t</charParams>
<charParams l="555" t="448" r="568" b="471" charConfidence="26">e</charParams>
<charParams l="569" t="439" r="598" b="478"> </charParams>
<charParams l="599" t="439" r="613" b="478" charConfidence="29">f</charParams>
<charParams l="611" t="448" r="623" b="472" charConfidence="28">e</charParams>
<charParams l="626" t="440" r="634" b="470" charConfidence="70">i</charParams>
<charParams l="637" t="447" r="654" b="471" charConfidence="100">n</charParams>
<charParams l="658" t="448" r="671" b="471" charConfidence="27">e</charParams>
<charParams l="672" t="438" r="693" b="473"> </charParams>
<charParams l="694" t="438" r="727" b="473" charConfidence="24">G</charParams>
<charParams l="731" t="450" r="747" b="473" charConfidence="31">a</charParams>
<charParams l="751" t="447" r="761" b="473" charConfidence="29">t</charParams>
<charParams l="763" t="448" r="774" b="474" charConfidence="100">t</charParams>
<charParams l="777" t="444" r="785" b="473" charConfidence="100">i</charParams>
<charParams l="787" t="451" r="804" b="473" charConfidence="27">n</charParams>
<charParams l="807" t="451" r="826" b="473" charConfidence="63">n</charParams>
<charParams l="827" t="451" r="855" b="474"> </charParams>
<charParams l="856" t="452" r="874" b="474" charConfidence="31">a</charParams>
<charParams l="876" t="451" r="894" b="476" charConfidence="40">u</charParams>
<charParams l="897" t="444" r="913" b="481" charConfidence="37">f</charParams>
<charParams l="914" t="444" r="931" b="481"> </charParams>
<charParams l="932" t="446" r="948" b="475" charConfidence="31">d</charParams>
<charParams l="952" t="445" r="960" b="475" charConfidence="27">i</charParams>
<charParams l="963" t="453" r="977" b="476" charConfidence="55">e</charParams></formatting></line>
<line baseline="533" l="188" t="499" r="975" b="542"><formatting lang="OldGerman">
<charParams l="188" t="511" r="205" b="535" charConfidence="23">u</charParams>
<charParams l="208" t="510" r="226" b="534" charConfidence="100">n</charParams>
<charParams l="229" t="509" r="256" b="533" charConfidence="65">m</charParams>
<charParams l="260" t="510" r="277" b="533" charConfidence="44">u</charParams>
<charParams l="281" t="508" r="292" b="533" charConfidence="29">t</charParams>
<charParams l="294" t="501" r="311" b="541" charConfidence="69">h</charParams>
<charParams l="315" t="502" r="322" b="532" charConfidence="100">i</charParams>
<charParams l="325" t="509" r="341" b="540" charConfidence="65">g</charParams>
<charParams l="345" t="502" r="365" b="541" charConfidence="33">s</charParams>
<charParams l="345" t="502" r="365" b="541" charConfidence="33">t</charParams>
<charParams l="368" t="510" r="381" b="533" charConfidence="33">e</charParams>
<charParams l="382" t="499" r="390" b="533"> </charParams>
<charParams l="391" t="499" r="431" b="533" charConfidence="34">W</charParams>
<charParams l="434" t="510" r="446" b="532" charConfidence="46">e</charParams>
<charParams l="450" t="503" r="456" b="532" charConfidence="34">i</charParams>
<charParams l="460" t="501" r="474" b="539" charConfidence="33">s</charParams>
<charParams l="472" t="510" r="484" b="533" charConfidence="37">e</charParams>
<charParams l="485" t="504" r="501" b="533"> </charParams>
<charParams l="502" t="504" r="517" b="532" charConfidence="29">d</charParams>
<charParams l="522" t="510" r="534" b="532" charConfidence="62">e</charParams>
<charParams l="537" t="509" r="549" b="532" charConfidence="27">r</charParams>
<charParams l="550" t="503" r="568" b="533"> </charParams>
<charParams l="569" t="503" r="577" b="533" charConfidence="72">l</charParams>
<charParams l="580" t="509" r="592" b="532" charConfidence="81">e</charParams>
<charParams l="596" t="500" r="611" b="533" charConfidence="39">b</charParams>
<charParams l="614" t="500" r="631" b="542" charConfidence="84">h</charParams>
<charParams l="635" t="509" r="650" b="531" charConfidence="36">a</charParams>
<charParams l="653" t="500" r="677" b="539" charConfidence="71">f</charParams>
<charParams l="653" t="500" r="677" b="539" charConfidence="71">t</charParams>
<charParams l="681" t="509" r="692" b="532" charConfidence="25">e</charParams>
<charParams l="696" t="501" r="716" b="541" charConfidence="67">s</charParams>
<charParams l="696" t="501" r="716" b="541" charConfidence="67">t</charParams>
<charParams l="719" t="509" r="731" b="533" charConfidence="47">e</charParams>
<charParams l="733" t="509" r="751" b="532" charConfidence="98">n</charParams>
<charParams l="752" t="500" r="763" b="533"> </charParams>
<charParams l="764" t="500" r="798" b="533" charConfidence="100">D</charParams>
<charParams l="802" t="510" r="818" b="532" charConfidence="54">a</charParams>
<charParams l="822" t="509" r="838" b="532" charConfidence="35">n</charParams>
<charParams l="842" t="501" r="855" b="532" charConfidence="25">k</charParams>
<charParams l="857" t="501" r="873" b="534" charConfidence="41">b</charParams>
<charParams l="877" t="511" r="893" b="533" charConfidence="26">a</charParams>
<charParams l="896" t="510" r="910" b="533" charConfidence="29">r</charParams>
<charParams l="911" t="502" r="925" b="533" charConfidence="54">k</charParams>
<charParams l="926" t="511" r="938" b="533" charConfidence="26">e</charParams>
<charParams l="942" t="504" r="950" b="534" charConfidence="37">i</charParams>
<charParams l="953" t="508" r="965" b="534" charConfidence="43">t</charParams>
<charParams l="966" t="526" r="975" b="534" charConfidence="56">.</charParams></formatting></line>
<line baseline="597" l="189" t="562" r="974" b="605"><formatting lang="OldGerman">
<charParams l="189" t="563" r="216" b="598" charConfidence="31">E</charParams>
<charParams l="219" t="573" r="232" b="597" charConfidence="33">r</charParams>
<charParams l="233" t="573" r="261" b="597"> </charParams>
<charParams l="262" t="574" r="274" b="597" charConfidence="25">e</charParams>
<charParams l="279" t="566" r="286" b="597" charConfidence="68">i</charParams>
<charParams l="290" t="566" r="298" b="597" charConfidence="34">l</charParams>
<charParams l="301" t="570" r="311" b="597" charConfidence="75">t</charParams>
<charParams l="314" t="574" r="327" b="597" charConfidence="36">e</charParams>
<charParams l="328" t="572" r="357" b="597"> </charParams>
<charParams l="358" t="572" r="386" b="597" charConfidence="96">m</charParams>
<charParams l="390" t="566" r="398" b="597" charConfidence="87">i</charParams>
<charParams l="401" t="571" r="412" b="597" charConfidence="36">t</charParams>
<charParams l="413" t="564" r="433" b="603"> </charParams>
<charParams l="434" t="564" r="449" b="603" charConfidence="30">f</charParams>
<charParams l="450" t="573" r="462" b="596" charConfidence="23">r</charParams>
<charParams l="465" t="573" r="476" b="596" charConfidence="46">e</charParams>
<charParams l="480" t="573" r="495" b="605" charConfidence="25">y</charParams>
<charParams l="499" t="573" r="511" b="596" charConfidence="50">e</charParams>
<charParams l="514" t="573" r="542" b="596" charConfidence="26">m</charParams>
<charParams l="543" t="564" r="571" b="603"> </charParams>
<charParams l="572" t="564" r="587" b="603" charConfidence="43">f</charParams>
<charParams l="587" t="574" r="599" b="596" charConfidence="23">r</charParams>
<charParams l="602" t="574" r="616" b="597" charConfidence="61">o</charParams>
<charParams l="620" t="563" r="636" b="605" charConfidence="100">h</charParams>
<charParams l="641" t="573" r="653" b="596" charConfidence="55">e</charParams>
<charParams l="656" t="573" r="673" b="597" charConfidence="29">n</charParams>
<charParams l="674" t="562" r="706" b="597"> </charParams>
<charParams l="707" t="562" r="739" b="597" charConfidence="26">G</charParams>
<charParams l="744" t="574" r="755" b="597" charConfidence="26">e</charParams>
<charParams l="758" t="573" r="785" b="597" charConfidence="55">m</charParams>
<charParams l="789" t="563" r="805" b="596" charConfidence="32">ü</charParams>
<charParams l="811" t="571" r="820" b="597" charConfidence="43">t</charParams>
<charParams l="823" t="563" r="840" b="605" charConfidence="100">h</charParams>
<charParams l="841" t="563" r="871" b="605"> </charParams>
<charParams l="872" t="564" r="886" b="603" charConfidence="100">s</charParams>
<charParams l="885" t="573" r="896" b="595" charConfidence="100">e</charParams>
<charParams l="899" t="564" r="908" b="595" charConfidence="80">i</charParams>
<charParams l="911" t="573" r="928" b="596" charConfidence="77">n</charParams>
<charParams l="932" t="573" r="944" b="596" charConfidence="34">e</charParams>
<charParams l="946" t="572" r="974" b="595" charConfidence="43">m</charParams></formatting></line>
<line baseline="660" l="188" t="626" r="976" b="670"><formatting lang="OldGerman">
<charParams l="188" t="627" r="214" b="667" charConfidence="39">F</charParams>
<charParams l="216" t="637" r="228" b="661" charConfidence="37">r</charParams>
<charParams l="231" t="637" r="243" b="660" charConfidence="35">e</charParams>
<charParams l="246" t="637" r="262" b="660" charConfidence="38">u</charParams>
<charParams l="266" t="636" r="283" b="660" charConfidence="97">n</charParams>
<charParams l="287" t="630" r="302" b="659" charConfidence="29">d</charParams>
<charParams l="306" t="636" r="319" b="660" charConfidence="90">e</charParams>
<charParams l="320" t="627" r="342" b="661"> </charParams>
<charParams l="343" t="627" r="373" b="661" charConfidence="45">V</charParams>
<charParams l="377" t="636" r="391" b="660" charConfidence="75">o</charParams>
<charParams l="394" t="636" r="408" b="659" charConfidence="100">r</charParams>
<charParams l="411" t="627" r="423" b="665" charConfidence="53">s</charParams>
<charParams l="422" t="628" r="448" b="666" charConfidence="70">c</charParams>
<charParams l="422" t="628" r="448" b="666" charConfidence="70">h</charParams>
<charParams l="452" t="628" r="460" b="660" charConfidence="64">l</charParams>
<charParams l="463" t="627" r="478" b="659" charConfidence="100">ä</charParams>
<charParams l="480" t="636" r="496" b="667" charConfidence="26">g</charParams>
<charParams l="502" t="636" r="513" b="659" charConfidence="25">e</charParams>
<charParams l="514" t="627" r="536" b="666"> </charParams>
<charParams l="537" t="627" r="550" b="666" charConfidence="93">s</charParams>
<charParams l="549" t="627" r="576" b="666" charConfidence="30">c</charParams>
<charParams l="549" t="627" r="576" b="666" charConfidence="30">h</charParams>
<charParams l="579" t="636" r="592" b="659" charConfidence="54">r</charParams>
<charParams l="595" t="628" r="602" b="657" charConfidence="100">i</charParams>
<charParams l="606" t="627" r="629" b="665" charConfidence="80">f</charParams>
<charParams l="606" t="627" r="629" b="665" charConfidence="80">t</charParams>
<charParams l="632" t="628" r="640" b="659" charConfidence="56">l</charParams>
<charParams l="643" t="629" r="651" b="659" charConfidence="26">i</charParams>
<charParams l="654" t="628" r="680" b="665" charConfidence="57">c</charParams>
<charParams l="654" t="628" r="680" b="665" charConfidence="57">h</charParams>
<charParams l="681" t="628" r="699" b="670"> </charParams>
<charParams l="700" t="635" r="712" b="670" charConfidence="28">z</charParams>
<charParams l="715" t="637" r="735" b="661" charConfidence="60">u</charParams>
<charParams l="736" t="633" r="751" b="661"> </charParams>
<charParams l="752" t="633" r="763" b="661" charConfidence="58">t</charParams>
<charParams l="766" t="627" r="782" b="669" charConfidence="100">h</charParams>
<charParams l="787" t="637" r="803" b="660" charConfidence="67">u</charParams>
<charParams l="807" t="636" r="824" b="660" charConfidence="68">n</charParams>
<charParams l="828" t="652" r="836" b="661" charConfidence="100">.</charParams>
<charParams l="837" t="626" r="883" b="661"> </charParams>
<charParams l="884" t="626" r="909" b="661" charConfidence="32">C</charParams>
<charParams l="912" t="626" r="928" b="670" charConfidence="91">h</charParams>
<charParams l="932" t="636" r="948" b="659" charConfidence="82">a</charParams>
<charParams l="951" t="636" r="966" b="660" charConfidence="78">r</charParams>
<charParams l="966" t="638" r="976" b="656" charConfidence="96">¬</charParams></formatting></line>
<line baseline="722" l="189" t="688" r="977" b="731"><formatting lang="OldGerman">
<charParams l="189" t="693" r="198" b="723" charConfidence="33">l</charParams>
<charParams l="202" t="700" r="217" b="722" charConfidence="57">o</charParams>
<charParams l="220" t="696" r="231" b="723" charConfidence="100">t</charParams>
<charParams l="234" t="696" r="244" b="723" charConfidence="59">t</charParams>
<charParams l="247" t="700" r="260" b="722" charConfidence="30">e</charParams>
<charParams l="261" t="699" r="291" b="722"> </charParams>
<charParams l="292" t="699" r="319" b="722" charConfidence="30">m</charParams>
<charParams l="324" t="700" r="341" b="722" charConfidence="37">u</charParams>
<charParams l="345" t="691" r="361" b="728" charConfidence="28">ß</charParams>
<charParams l="364" t="696" r="374" b="723" charConfidence="73">t</charParams>
<charParams l="376" t="699" r="390" b="722" charConfidence="26">e</charParams>
<charParams l="391" t="691" r="421" b="722"> </charParams>
<charParams l="422" t="691" r="431" b="721" charConfidence="80">i</charParams>
<charParams l="434" t="699" r="452" b="722" charConfidence="45">n</charParams>
<charParams l="453" t="699" r="476" b="722"> </charParams>
<charParams l="477" t="699" r="489" b="722" charConfidence="33">e</charParams>
<charParams l="492" t="691" r="500" b="721" charConfidence="58">i</charParams>
<charParams l="503" t="698" r="519" b="721" charConfidence="24">n</charParams>
<charParams l="524" t="699" r="536" b="721" charConfidence="37">e</charParams>
<charParams l="539" t="698" r="552" b="721" charConfidence="24">r</charParams>
<charParams l="553" t="688" r="584" b="722"> </charParams>
<charParams l="585" t="688" r="620" b="722" charConfidence="38">N</charParams>
<charParams l="624" t="699" r="638" b="721" charConfidence="37">a</charParams>
<charParams l="642" t="691" r="673" b="728" charConfidence="26">c</charParams>
<charParams l="642" t="691" r="673" b="728" charConfidence="26">h</charParams>
<charParams l="673" t="691" r="686" b="728" charConfidence="36">s</charParams>
<charParams l="684" t="692" r="710" b="729" charConfidence="100">c</charParams>
<charParams l="684" t="692" r="710" b="729" charConfidence="100">h</charParams>
<charParams l="713" t="699" r="727" b="722" charConfidence="53">r</charParams>
<charParams l="730" t="692" r="737" b="722" charConfidence="100">i</charParams>
<charParams l="741" t="691" r="755" b="729" charConfidence="94">f</charParams>
<charParams l="754" t="697" r="765" b="723" charConfidence="41">t</charParams>
<charParams l="766" t="692" r="789" b="723"> </charParams>
<charParams l="790" t="692" r="800" b="722" charConfidence="64">i</charParams>
<charParams l="801" t="690" r="818" b="731" charConfidence="66">h</charParams>
<charParams l="822" t="699" r="835" b="722" charConfidence="40">r</charParams>
<charParams l="838" t="699" r="850" b="723" charConfidence="45">e</charParams>
<charParams l="853" t="699" r="869" b="722" charConfidence="100">n</charParams>
<charParams l="870" t="689" r="895" b="722"> </charParams>
<charParams l="896" t="689" r="929" b="722" charConfidence="28">B</charParams>
<charParams l="933" t="699" r="945" b="721" charConfidence="34">e</charParams>
<charParams l="949" t="698" r="965" b="730" charConfidence="29">y</charParams>
<charParams l="967" t="699" r="977" b="716" charConfidence="94">¬</charParams></formatting></line>
<line baseline="782" l="188" t="750" r="978" b="793"><formatting lang="OldGerman">
<charParams l="188" t="752" r="205" b="790" charConfidence="27">f</charParams>
<charParams l="204" t="761" r="219" b="783" charConfidence="48">a</charParams>
<charParams l="224" t="753" r="233" b="783" charConfidence="98">l</charParams>
<charParams l="233" t="753" r="242" b="784" charConfidence="69">l</charParams>
<charParams l="243" t="753" r="265" b="784"> </charParams>
<charParams l="266" t="761" r="278" b="784" charConfidence="81">e</charParams>
<charParams l="282" t="754" r="289" b="783" charConfidence="32">i</charParams>
<charParams l="291" t="761" r="307" b="791" charConfidence="59">g</charParams>
<charParams l="311" t="761" r="323" b="784" charConfidence="24">e</charParams>
<charParams l="326" t="760" r="343" b="783" charConfidence="100">n</charParams>
<charParams l="347" t="751" r="364" b="793" charConfidence="77">h</charParams>
<charParams l="368" t="751" r="383" b="783" charConfidence="28">ä</charParams>
<charParams l="387" t="760" r="404" b="783" charConfidence="100">n</charParams>
<charParams l="408" t="754" r="423" b="783" charConfidence="29">d</charParams>
<charParams l="427" t="753" r="435" b="783" charConfidence="26">i</charParams>
<charParams l="436" t="760" r="454" b="791" charConfidence="25">g</charParams>
<charParams l="455" t="751" r="478" b="791"> </charParams>
<charParams l="479" t="751" r="495" b="791" suspicious="1" charConfidence="100">h</charParams>
<charParams l="500" t="752" r="507" b="783" charConfidence="100">i</charParams>
<charParams l="511" t="759" r="527" b="782" charConfidence="29">n</charParams>
<charParams l="531" t="759" r="542" b="791" charConfidence="54">z</charParams>
<charParams l="546" t="759" r="563" b="782" charConfidence="42">u</charParams>
<charParams l="566" t="750" r="581" b="788" charConfidence="45">f</charParams>
<charParams l="580" t="750" r="596" b="782" charConfidence="22">ü</charParams>
<charParams l="599" t="760" r="616" b="790" charConfidence="57">g</charParams>
<charParams l="619" t="760" r="632" b="782" charConfidence="34">e</charParams>
<charParams l="634" t="759" r="652" b="782" charConfidence="65">n</charParams>
<charParams l="653" t="773" r="663" b="788" charConfidence="91">,</charParams>
<charParams l="664" t="753" r="690" b="788"> </charParams>
<charParams l="691" t="753" r="699" b="783" charConfidence="42">i</charParams>
<charParams l="703" t="751" r="719" b="791" charConfidence="100">h</charParams>
<charParams l="723" t="759" r="737" b="783" charConfidence="100">r</charParams>
<charParams l="739" t="761" r="752" b="783" charConfidence="39">e</charParams>
<charParams l="753" t="751" r="774" b="790"> </charParams>
<charParams l="775" t="751" r="791" b="790" charConfidence="89">f</charParams>
<charParams l="789" t="760" r="802" b="783" charConfidence="100">r</charParams>
<charParams l="805" t="761" r="817" b="783" charConfidence="91">e</charParams>
<charParams l="820" t="760" r="837" b="783" charConfidence="51">u</charParams>
<charParams l="841" t="760" r="859" b="783" charConfidence="25">n</charParams>
<charParams l="862" t="753" r="877" b="782" charConfidence="30">d</charParams>
<charParams l="881" t="751" r="894" b="789" charConfidence="57">s</charParams>
<charParams l="892" t="751" r="918" b="789" charConfidence="84">c</charParams>
<charParams l="892" t="751" r="918" b="789" charConfidence="84">h</charParams>
<charParams l="923" t="760" r="938" b="782" charConfidence="100">a</charParams>
<charParams l="941" t="750" r="965" b="789" charConfidence="100">f</charParams>
<charParams l="941" t="750" r="965" b="789" charConfidence="100">t</charParams>
<charParams l="969" t="762" r="978" b="778" charConfidence="22">¬</charParams></formatting></line>
<line baseline="842" l="189" t="809" r="977" b="850"><formatting lang="OldGerman">
<charParams l="189" t="813" r="198" b="843" charConfidence="73">l</charParams>
<charParams l="201" t="813" r="209" b="842" charConfidence="53">i</charParams>
<charParams l="212" t="812" r="238" b="849" charConfidence="100">c</charParams>
<charParams l="212" t="812" r="238" b="849" charConfidence="100">h</charParams>
<charParams l="242" t="820" r="255" b="842" charConfidence="32">e</charParams>
<charParams l="257" t="820" r="275" b="842" charConfidence="46">n</charParams>
<charParams l="276" t="810" r="299" b="842"> </charParams>
<charParams l="300" t="810" r="333" b="842" charConfidence="25">B</charParams>
<charParams l="337" t="814" r="345" b="843" charConfidence="26">i</charParams>
<charParams l="348" t="818" r="359" b="842" charConfidence="46">t</charParams>
<charParams l="361" t="817" r="372" b="843" charConfidence="35">t</charParams>
<charParams l="374" t="821" r="387" b="843" charConfidence="29">e</charParams>
<charParams l="389" t="820" r="407" b="843" charConfidence="55">n</charParams>
<charParams l="408" t="819" r="430" b="843"> </charParams>
<charParams l="431" t="819" r="460" b="842" charConfidence="83">m</charParams>
<charParams l="463" t="813" r="471" b="843" charConfidence="27">i</charParams>
<charParams l="474" t="817" r="485" b="842" charConfidence="42">t</charParams>
<charParams l="486" t="813" r="508" b="842"> </charParams>
<charParams l="509" t="813" r="525" b="842" charConfidence="26">d</charParams>
<charParams l="529" t="820" r="541" b="843" charConfidence="29">e</charParams>
<charParams l="544" t="820" r="561" b="842" charConfidence="100">n</charParams>
<charParams l="562" t="811" r="578" b="848"> </charParams>
<charParams l="579" t="811" r="594" b="848" charConfidence="53">f</charParams>
<charParams l="591" t="820" r="604" b="842" charConfidence="34">e</charParams>
<charParams l="607" t="812" r="614" b="842" charConfidence="34">i</charParams>
<charParams l="618" t="820" r="635" b="842" charConfidence="47">n</charParams>
<charParams l="639" t="820" r="651" b="843" charConfidence="26">e</charParams>
<charParams l="654" t="820" r="671" b="842" charConfidence="32">n</charParams>
<charParams l="672" t="820" r="690" b="843"> </charParams>
<charParams l="691" t="821" r="709" b="843" charConfidence="40">v</charParams>
<charParams l="712" t="821" r="726" b="843" charConfidence="28">e</charParams>
<charParams l="726" t="820" r="740" b="842" charConfidence="25">r</charParams>
<charParams l="743" t="821" r="755" b="842" charConfidence="32">e</charParams>
<charParams l="759" t="813" r="766" b="843" charConfidence="100">i</charParams>
<charParams l="770" t="821" r="787" b="843" charConfidence="25">n</charParams>
<charParams l="791" t="813" r="798" b="842" charConfidence="100">i</charParams>
<charParams l="800" t="821" r="817" b="850" charConfidence="29">g</charParams>
<charParams l="822" t="821" r="833" b="843" charConfidence="25">e</charParams>
<charParams l="836" t="820" r="854" b="843" charConfidence="27">n</charParams>
<charParams l="857" t="834" r="866" b="843" charConfidence="66">.</charParams>
<charParams l="867" t="809" r="911" b="843"> </charParams>
<charParams l="912" t="809" r="948" b="842" charConfidence="29">S</charParams>
<charParams l="952" t="812" r="959" b="841" charConfidence="100">i</charParams>
<charParams l="963" t="820" r="977" b="842" charConfidence="27">e</charParams></formatting></line>
<line baseline="900" l="187" t="868" r="974" b="908"><formatting lang="OldGerman">
<charParams l="187" t="870" r="203" b="907" charConfidence="70">s</charParams>
<charParams l="201" t="870" r="228" b="906" charConfidence="71">c</charParams>
<charParams l="201" t="870" r="228" b="906" charConfidence="71">h</charParams>
<charParams l="231" t="877" r="245" b="899" charConfidence="29">r</charParams>
<charParams l="248" t="870" r="255" b="898" charConfidence="52">i</charParams>
<charParams l="259" t="877" r="270" b="899" charConfidence="26">e</charParams>
<charParams l="273" t="868" r="289" b="899" charConfidence="26">b</charParams>
<charParams l="290" t="868" r="314" b="899"> </charParams>
<charParams l="315" t="876" r="343" b="898" charConfidence="65">m</charParams>
<charParams l="345" t="870" r="354" b="899" charConfidence="24">i</charParams>
<charParams l="357" t="875" r="370" b="899" charConfidence="79">t</charParams>
<charParams l="371" t="875" r="390" b="906"> </charParams>
<charParams l="391" t="878" r="408" b="906" charConfidence="42">g</charParams>
<charParams l="411" t="878" r="424" b="900" charConfidence="26">e</charParams>
<charParams l="426" t="877" r="452" b="899" charConfidence="27">w</charParams>
<charParams l="455" t="878" r="471" b="900" charConfidence="34">a</charParams>
<charParams l="475" t="877" r="491" b="900" charConfidence="27">n</charParams>
<charParams l="495" t="871" r="511" b="899" charConfidence="31">d</charParams>
<charParams l="515" t="874" r="526" b="899" charConfidence="32">t</charParams>
<charParams l="527" t="878" r="540" b="900" charConfidence="38">e</charParams>
<charParams l="543" t="878" r="556" b="900" charConfidence="38">r</charParams>
<charParams l="557" t="869" r="578" b="906"> </charParams>
<charParams l="579" t="869" r="604" b="906" charConfidence="47">F</charParams>
<charParams l="605" t="879" r="618" b="900" charConfidence="51">e</charParams>
<charParams l="620" t="873" r="636" b="901" charConfidence="36">d</charParams>
<charParams l="639" t="878" r="652" b="901" charConfidence="26">e</charParams>
<charParams l="654" t="878" r="669" b="901" suspicious="1" charConfidence="29">r</charParams>
<charParams l="677" t="880" r="689" b="900" suspicious="1" charConfidence="22">/</charParams>
<charParams l="689" t="878" r="708" b="907" charConfidence="25">g</charParams>
<charParams l="711" t="878" r="724" b="902" charConfidence="40">e</charParams>
<charParams l="726" t="870" r="741" b="906" charConfidence="78">f</charParams>
<charParams l="738" t="871" r="755" b="901" charConfidence="56">ä</charParams>
<charParams l="759" t="871" r="768" b="900" charConfidence="50">l</charParams>
<charParams l="768" t="871" r="777" b="901" charConfidence="100">l</charParams>
<charParams l="778" t="872" r="788" b="899" charConfidence="76">i</charParams>
<charParams l="788" t="879" r="806" b="908" charConfidence="47">g</charParams>
<charParams l="807" t="878" r="830" b="908"> </charParams>
<charParams l="831" t="878" r="849" b="900" charConfidence="100">u</charParams>
<charParams l="852" t="878" r="871" b="900" charConfidence="49">n</charParams>
<charParams l="873" t="873" r="890" b="901" charConfidence="29">d</charParams>
<charParams l="891" t="873" r="912" b="903"> </charParams>
<charParams l="913" t="878" r="931" b="903" charConfidence="25">v</charParams>
<charParams l="933" t="876" r="947" b="900" charConfidence="25">e</charParams>
<charParams l="948" t="877" r="963" b="901" charConfidence="29">r</charParams>
<charParams l="965" t="881" r="974" b="897" charConfidence="100">¬</charParams></formatting></line>
<line baseline="959" l="188" t="927" r="973" b="969"><formatting lang="OldGerman">
<charParams l="188" t="928" r="206" b="961" charConfidence="25">b</charParams>
<charParams l="210" t="930" r="218" b="960" charConfidence="100">i</charParams>
<charParams l="221" t="937" r="238" b="959" charConfidence="31">n</charParams>
<charParams l="241" t="931" r="257" b="960" charConfidence="63">d</charParams>
<charParams l="261" t="931" r="268" b="960" charConfidence="59">l</charParams>
<charParams l="272" t="929" r="280" b="960" charConfidence="100">i</charParams>
<charParams l="282" t="929" r="309" b="966" charConfidence="100">c</charParams>
<charParams l="282" t="929" r="309" b="966" charConfidence="100">h</charParams>
<charParams l="319" t="951" r="328" b="967" charConfidence="72">,</charParams>
<charParams l="329" t="936" r="370" b="967"> </charParams>
<charParams l="371" t="936" r="387" b="958" charConfidence="63">a</charParams>
<charParams l="390" t="927" r="406" b="959" charConfidence="38">b</charParams>
<charParams l="410" t="935" r="422" b="958" charConfidence="29">e</charParams>
<charParams l="425" t="935" r="439" b="958" charConfidence="42">r</charParams>
<charParams l="440" t="929" r="462" b="958"> </charParams>
<charParams l="463" t="929" r="478" b="958" charConfidence="30">d</charParams>
<charParams l="482" t="935" r="496" b="958" charConfidence="49">o</charParams>
<charParams l="500" t="928" r="527" b="965" charConfidence="100">c</charParams>
<charParams l="500" t="928" r="527" b="965" charConfidence="100">h</charParams>
<charParams l="528" t="928" r="549" b="965"> </charParams>
<charParams l="550" t="935" r="579" b="957" charConfidence="26">m</charParams>
<charParams l="584" t="928" r="591" b="958" charConfidence="46">i</charParams>
<charParams l="595" t="932" r="606" b="959" charConfidence="36">t</charParams>
<charParams l="607" t="932" r="628" b="959"> </charParams>
<charParams l="629" t="936" r="642" b="958" charConfidence="39">e</charParams>
<charParams l="645" t="928" r="653" b="958" charConfidence="52">i</charParams>
<charParams l="656" t="936" r="673" b="958" charConfidence="31">n</charParams>
<charParams l="677" t="938" r="689" b="958" charConfidence="100">e</charParams>
<charParams l="692" t="936" r="706" b="958" charConfidence="41">r</charParams>
<charParams l="707" t="927" r="728" b="960"> </charParams>
<charParams l="729" t="927" r="758" b="960" charConfidence="25">A</charParams>
<charParams l="759" t="937" r="772" b="959" charConfidence="54">r</charParams>
<charParams l="775" t="933" r="786" b="960" charConfidence="59">t</charParams>
<charParams l="787" t="933" r="806" b="960"> </charParams>
<charParams l="807" t="937" r="825" b="959" charConfidence="33">v</charParams>
<charParams l="829" t="937" r="843" b="960" charConfidence="36">o</charParams>
<charParams l="847" t="937" r="865" b="959" charConfidence="70">n</charParams>
<charParams l="866" t="927" r="886" b="967"> </charParams>
<charParams l="887" t="927" r="920" b="967" charConfidence="24">H</charParams>
<charParams l="923" t="938" r="938" b="960" charConfidence="100">a</charParams>
<charParams l="943" t="929" r="964" b="969" charConfidence="22">s</charParams>
<charParams l="943" t="929" r="964" b="969" charConfidence="22">t</charParams>
<charParams l="963" t="953" r="973" b="967" charConfidence="100">,</charParams></formatting></line>
<line baseline="1022" l="190" t="987" r="974" b="1032"><formatting lang="OldGerman">
<charParams l="190" t="993" r="206" b="1023" charConfidence="29">d</charParams>
<charParams l="209" t="992" r="218" b="1023" charConfidence="55">i</charParams>
<charParams l="221" t="1000" r="233" b="1023" suspicious="1" charConfidence="26">e</charParams>
<charParams l="234" t="992" r="255" b="1023"> </charParams>
<charParams l="256" t="992" r="264" b="1023" charConfidence="44">i</charParams>
<charParams l="269" t="991" r="284" b="1032" charConfidence="42">h</charParams>
<charParams l="288" t="1000" r="302" b="1023" charConfidence="92">r</charParams>
<charParams l="303" t="991" r="324" b="1030"> </charParams>
<charParams l="325" t="991" r="338" b="1030" charConfidence="100">s</charParams>
<charParams l="337" t="1000" r="351" b="1023" charConfidence="38">o</charParams>
<charParams l="355" t="999" r="372" b="1023" charConfidence="100">n</charParams>
<charParams l="376" t="991" r="396" b="1030" charConfidence="35">s</charParams>
<charParams l="376" t="991" r="396" b="1030" charConfidence="35">t</charParams>
<charParams l="397" t="991" r="419" b="1030"> </charParams>
<charParams l="420" t="998" r="438" b="1022" charConfidence="84">n</charParams>
<charParams l="441" t="990" r="449" b="1021" charConfidence="100">i</charParams>
<charParams l="452" t="989" r="477" b="1026" charConfidence="93">c</charParams>
<charParams l="452" t="989" r="477" b="1026" charConfidence="93">h</charParams>
<charParams l="481" t="994" r="492" b="1020" charConfidence="50">t</charParams>
<charParams l="493" t="994" r="514" b="1028"> </charParams>
<charParams l="515" t="997" r="530" b="1028" charConfidence="37">g</charParams>
<charParams l="535" t="997" r="546" b="1020" charConfidence="26">e</charParams>
<charParams l="549" t="996" r="575" b="1020" charConfidence="28">w</charParams>
<charParams l="579" t="989" r="593" b="1019" charConfidence="22">ö</charParams>
<charParams l="596" t="987" r="613" b="1029" charConfidence="47">h</charParams>
<charParams l="617" t="997" r="634" b="1019" charConfidence="57">n</charParams>
<charParams l="639" t="989" r="646" b="1020" charConfidence="67">l</charParams>
<charParams l="650" t="989" r="656" b="1021" charConfidence="36">i</charParams>
<charParams l="660" t="989" r="687" b="1026" charConfidence="100">c</charParams>
<charParams l="660" t="989" r="687" b="1026" charConfidence="100">h</charParams>
<charParams l="688" t="989" r="710" b="1026"> </charParams>
<charParams l="711" t="995" r="737" b="1019" charConfidence="25">w</charParams>
<charParams l="741" t="997" r="755" b="1019" charConfidence="24">a</charParams>
<charParams l="760" t="997" r="773" b="1020" charConfidence="57">r</charParams>
<charParams l="781" t="998" r="790" b="1028" charConfidence="30">;</charParams>
<charParams l="791" t="998" r="826" b="1028"> </charParams>
<charParams l="827" t="998" r="844" b="1021" charConfidence="49">u</charParams>
<charParams l="848" t="998" r="864" b="1020" charConfidence="25">n</charParams>
<charParams l="869" t="993" r="884" b="1021" charConfidence="26">d</charParams>
<charParams l="885" t="993" r="907" b="1023"> </charParams>
<charParams l="908" t="999" r="934" b="1023" charConfidence="54">w</charParams>
<charParams l="939" t="1000" r="955" b="1023" charConfidence="28">a</charParams>
<charParams l="958" t="995" r="974" b="1024" suspicious="1" charConfidence="-1">-</charParams></formatting></line>
<line baseline="1084" l="188" t="1050" r="975" b="1093"><formatting lang="OldGerman">
<charParams l="188" t="1054" r="199" b="1086" charConfidence="29">i</charParams>
<charParams l="202" t="1053" r="218" b="1093" charConfidence="48">h</charParams>
<charParams l="222" t="1062" r="236" b="1085" charConfidence="35">r</charParams>
<charParams l="237" t="1062" r="258" b="1086"> </charParams>
<charParams l="259" t="1063" r="276" b="1086" charConfidence="34">n</charParams>
<charParams l="280" t="1055" r="288" b="1086" charConfidence="26">i</charParams>
<charParams l="292" t="1054" r="318" b="1093" charConfidence="100">c</charParams>
<charParams l="292" t="1054" r="318" b="1093" charConfidence="100">h</charParams>
<charParams l="322" t="1059" r="333" b="1087" charConfidence="45">t</charParams>
<charParams l="334" t="1054" r="355" b="1087"> </charParams>
<charParams l="356" t="1054" r="365" b="1087" charConfidence="100">l</charParams>
<charParams l="368" t="1063" r="379" b="1086" charConfidence="28">e</charParams>
<charParams l="382" t="1054" r="391" b="1086" charConfidence="64">i</charParams>
<charParams l="393" t="1052" r="419" b="1092" charConfidence="88">c</charParams>
<charParams l="393" t="1052" r="419" b="1092" charConfidence="88">h</charParams>
<charParams l="424" t="1057" r="434" b="1085" charConfidence="53">t</charParams>
<charParams l="435" t="1051" r="456" b="1085"> </charParams>
<charParams l="457" t="1051" r="472" b="1084" charConfidence="46">b</charParams>
<charParams l="476" t="1060" r="487" b="1084" charConfidence="25">e</charParams>
<charParams l="489" t="1059" r="505" b="1092" charConfidence="26">g</charParams>
<charParams l="510" t="1059" r="522" b="1083" charConfidence="41">e</charParams>
<charParams l="524" t="1058" r="540" b="1091" charConfidence="32">g</charParams>
<charParams l="543" t="1058" r="559" b="1082" charConfidence="24">n</charParams>
<charParams l="565" t="1059" r="576" b="1082" charConfidence="33">e</charParams>
<charParams l="580" t="1055" r="589" b="1082" charConfidence="41">t</charParams>
<charParams l="592" t="1058" r="604" b="1082" charConfidence="53">e</charParams>
<charParams l="611" t="1073" r="621" b="1089" charConfidence="100">,</charParams>
<charParams l="622" t="1050" r="644" b="1091"> </charParams>
<charParams l="645" t="1050" r="664" b="1091" charConfidence="85">s</charParams>
<charParams l="645" t="1050" r="664" b="1091" charConfidence="85">i</charParams>
<charParams l="666" t="1058" r="679" b="1081" charConfidence="25">e</charParams>
<charParams l="680" t="1058" r="701" b="1082"> </charParams>
<charParams l="702" t="1058" r="719" b="1082" charConfidence="31">v</charParams>
<charParams l="723" t="1057" r="735" b="1082" charConfidence="28">e</charParams>
<charParams l="738" t="1058" r="752" b="1082" charConfidence="75">r</charParams>
<charParams l="755" t="1059" r="770" b="1081" charConfidence="24">u</charParams>
<charParams l="774" t="1058" r="791" b="1082" charConfidence="43">n</charParams>
<charParams l="796" t="1051" r="816" b="1089" charConfidence="66">s</charParams>
<charParams l="796" t="1051" r="816" b="1089" charConfidence="66">t</charParams>
<charParams l="818" t="1059" r="833" b="1082" charConfidence="38">a</charParams>
<charParams l="837" t="1051" r="846" b="1083" charConfidence="99">l</charParams>
<charParams l="849" t="1056" r="858" b="1082" charConfidence="33">t</charParams>
<charParams l="861" t="1059" r="873" b="1083" charConfidence="32">e</charParams>
<charParams l="876" t="1056" r="887" b="1085" charConfidence="32">t</charParams>
<charParams l="889" t="1060" r="902" b="1087" charConfidence="-1">«</charParams>
<charParams l="903" t="1055" r="918" b="1087"> </charParams>
<charParams l="919" t="1055" r="934" b="1084" charConfidence="27">d</charParams>
<charParams l="939" t="1062" r="955" b="1085" charConfidence="36">a</charParams>
<charParams l="958" t="1056" r="975" b="1086" charConfidence="-1">-</charParams></formatting></line>
<line baseline="1146" l="190" t="1112" r="975" b="1158"><formatting lang="OldGerman">
<charParams l="190" t="1116" r="223" b="1155" charConfidence="52">P</charParams>
<charParams l="227" t="1125" r="244" b="1147" charConfidence="30">a</charParams>
<charParams l="245" t="1126" r="262" b="1156" charConfidence="29">p</charParams>
<charParams l="267" t="1118" r="274" b="1147" charConfidence="81">i</charParams>
<charParams l="278" t="1126" r="289" b="1148" charConfidence="26">e</charParams>
<charParams l="292" t="1126" r="306" b="1148" charConfidence="23">r</charParams>
<charParams l="307" t="1125" r="328" b="1158"> </charParams>
<charParams l="329" t="1125" r="341" b="1158" charConfidence="54">z</charParams>
<charParams l="344" t="1126" r="361" b="1148" charConfidence="100">u</charParams>
<charParams l="365" t="1118" r="374" b="1148" charConfidence="26">l</charParams>
<charParams l="374" t="1126" r="388" b="1148" charConfidence="25">e</charParams>
<charParams l="391" t="1119" r="409" b="1156" charConfidence="100">t</charParams>
<charParams l="391" t="1119" r="409" b="1156" charConfidence="100">z</charParams>
<charParams l="412" t="1122" r="423" b="1148" charConfidence="40">t</charParams>
<charParams l="424" t="1122" r="446" b="1148"> </charParams>
<charParams l="447" t="1124" r="474" b="1148" charConfidence="100">m</charParams>
<charParams l="479" t="1116" r="487" b="1147" charConfidence="49">i</charParams>
<charParams l="490" t="1120" r="499" b="1146" charConfidence="100">t</charParams>
<charParams l="500" t="1120" r="522" b="1146"> </charParams>
<charParams l="523" t="1123" r="536" b="1146" charConfidence="26">e</charParams>
<charParams l="540" t="1115" r="547" b="1146" charConfidence="50">i</charParams>
<charParams l="550" t="1123" r="567" b="1146" charConfidence="29">n</charParams>
<charParams l="570" t="1123" r="582" b="1146" charConfidence="25">e</charParams>
<charParams l="585" t="1122" r="613" b="1145" charConfidence="100">m</charParams>
<charParams l="614" t="1112" r="635" b="1146"> </charParams>
<charParams l="636" t="1112" r="663" b="1146" charConfidence="47">T</charParams>
<charParams l="667" t="1114" r="673" b="1143" charConfidence="94">i</charParams>
<charParams l="678" t="1121" r="695" b="1145" charConfidence="29">n</charParams>
<charParams l="697" t="1117" r="708" b="1144" charConfidence="97">t</charParams>
<charParams l="711" t="1121" r="722" b="1144" charConfidence="26">e</charParams>
<charParams l="726" t="1120" r="742" b="1145" charConfidence="26">n</charParams>
<charParams l="747" t="1112" r="765" b="1150" charConfidence="22">f</charParams>
<charParams l="747" t="1112" r="765" b="1150" charConfidence="22">l</charParams>
<charParams l="768" t="1120" r="779" b="1143" charConfidence="26">e</charParams>
<charParams l="783" t="1112" r="807" b="1143" charConfidence="22">c</charParams>
<charParams l="783" t="1112" r="807" b="1143" charConfidence="22">k</charParams>
<charParams l="815" t="1135" r="825" b="1149" charConfidence="93">,</charParams>
<charParams l="826" t="1115" r="868" b="1149"> </charParams>
<charParams l="869" t="1115" r="884" b="1144" charConfidence="26">d</charParams>
<charParams l="889" t="1121" r="900" b="1145" charConfidence="26">e</charParams>
<charParams l="903" t="1122" r="917" b="1145" charConfidence="100">r</charParams>
<charParams l="918" t="1115" r="939" b="1155"> </charParams>
<charParams l="940" t="1115" r="959" b="1155" charConfidence="85">s</charParams>
<charParams l="940" t="1115" r="959" b="1155" charConfidence="85">i</charParams>
<charParams l="961" t="1123" r="975" b="1148" charConfidence="28">e</charParams></formatting></line>
<line baseline="1209" l="191" t="1175" r="975" b="1218"><formatting lang="OldGerman">
<charParams l="191" t="1177" r="207" b="1210" charConfidence="22">ä</charParams>
<charParams l="211" t="1187" r="223" b="1210" charConfidence="31">r</charParams>
<charParams l="224" t="1187" r="241" b="1218" charConfidence="55">g</charParams>
<charParams l="246" t="1188" r="257" b="1210" charConfidence="24">e</charParams>
<charParams l="260" t="1187" r="272" b="1211" charConfidence="37">r</charParams>
<charParams l="276" t="1181" r="283" b="1211" charConfidence="34">l</charParams>
<charParams l="287" t="1181" r="295" b="1210" charConfidence="29">i</charParams>
<charParams l="298" t="1180" r="325" b="1218" charConfidence="71">c</charParams>
<charParams l="298" t="1180" r="325" b="1218" charConfidence="71">h</charParams>
<charParams l="326" t="1180" r="355" b="1218"> </charParams>
<charParams l="356" t="1187" r="384" b="1211" charConfidence="89">m</charParams>
<charParams l="388" t="1186" r="403" b="1210" charConfidence="0">a</charParams>
<charParams l="407" t="1179" r="433" b="1217" charConfidence="58">c</charParams>
<charParams l="407" t="1179" r="433" b="1217" charConfidence="58">h</charParams>
<charParams l="438" t="1184" r="448" b="1211" charConfidence="36">t</charParams>
<charParams l="450" t="1188" r="463" b="1211" charConfidence="29">e</charParams>
<charParams l="464" t="1187" r="491" b="1211"> </charParams>
<charParams l="492" t="1187" r="509" b="1211" charConfidence="100">u</charParams>
<charParams l="513" t="1187" r="529" b="1210" charConfidence="78">n</charParams>
<charParams l="533" t="1180" r="549" b="1210" charConfidence="27">d</charParams>
<charParams l="550" t="1180" r="572" b="1210"> </charParams>
<charParams l="573" t="1185" r="590" b="1208" charConfidence="26">n</charParams>
<charParams l="594" t="1185" r="611" b="1209" charConfidence="31">u</charParams>
<charParams l="615" t="1185" r="628" b="1209" charConfidence="47">r</charParams>
<charParams l="629" t="1185" r="649" b="1216"> </charParams>
<charParams l="650" t="1185" r="670" b="1216" charConfidence="98">g</charParams>
<charParams l="670" t="1185" r="682" b="1207" charConfidence="65">r</charParams>
<charParams l="686" t="1176" r="699" b="1207" charConfidence="94">ö</charParams>
<charParams l="704" t="1175" r="719" b="1214" charConfidence="27">ß</charParams>
<charParams l="723" t="1183" r="734" b="1208" charConfidence="46">e</charParams>
<charParams l="737" t="1183" r="751" b="1207" charConfidence="25">r</charParams>
<charParams l="752" t="1181" r="777" b="1207"> </charParams>
<charParams l="778" t="1181" r="804" b="1206" charConfidence="45">w</charParams>
<charParams l="808" t="1183" r="824" b="1208" charConfidence="23">u</charParams>
<charParams l="829" t="1182" r="841" b="1207" charConfidence="35">r</charParams>
<charParams l="844" t="1177" r="859" b="1208" charConfidence="28">d</charParams>
<charParams l="863" t="1184" r="876" b="1209" charConfidence="100">e</charParams>
<charParams l="883" t="1199" r="893" b="1215" charConfidence="83">,</charParams>
<charParams l="894" t="1178" r="933" b="1215"> </charParams>
<charParams l="934" t="1178" r="942" b="1211" charConfidence="15">i</charParams>
<charParams l="946" t="1185" r="965" b="1212" charConfidence="15">n</charParams>
<charParams l="965" t="1189" r="975" b="1206" charConfidence="22">¬</charParams></formatting></line>
<line baseline="1272" l="191" t="1238" r="712" b="1283"><formatting lang="OldGerman">
<charParams l="191" t="1241" r="206" b="1270" charConfidence="30">d</charParams>
<charParams l="211" t="1248" r="223" b="1272" charConfidence="26">e</charParams>
<charParams l="225" t="1248" r="254" b="1273" charConfidence="53">m</charParams>
<charParams l="255" t="1242" r="277" b="1282"> </charParams>
<charParams l="278" t="1242" r="297" b="1282" charConfidence="100">s</charParams>
<charParams l="278" t="1242" r="297" b="1282" charConfidence="100">i</charParams>
<charParams l="299" t="1250" r="312" b="1273" charConfidence="29">e</charParams>
<charParams l="313" t="1243" r="334" b="1273"> </charParams>
<charParams l="335" t="1243" r="344" b="1273" charConfidence="27">i</charParams>
<charParams l="348" t="1240" r="364" b="1283" charConfidence="80">h</charParams>
<charParams l="368" t="1249" r="386" b="1274" charConfidence="99">n</charParams>
<charParams l="387" t="1249" r="408" b="1274"> </charParams>
<charParams l="409" t="1249" r="435" b="1274" charConfidence="33">w</charParams>
<charParams l="439" t="1250" r="451" b="1274" charConfidence="100">e</charParams>
<charParams l="452" t="1251" r="470" b="1282" charConfidence="26">g</charParams>
<charParams l="472" t="1249" r="498" b="1274" charConfidence="52">w</charParams>
<charParams l="502" t="1242" r="509" b="1272" charConfidence="74">i</charParams>
<charParams l="513" t="1241" r="525" b="1280" charConfidence="100">s</charParams>
<charParams l="524" t="1240" r="550" b="1278" charConfidence="55">c</charParams>
<charParams l="524" t="1240" r="550" b="1278" charConfidence="55">h</charParams>
<charParams l="554" t="1249" r="565" b="1273" charConfidence="26">e</charParams>
<charParams l="569" t="1248" r="586" b="1273" charConfidence="25">n</charParams>
<charParams l="587" t="1247" r="608" b="1273"> </charParams>
<charParams l="609" t="1247" r="635" b="1271" charConfidence="25">w</charParams>
<charParams l="639" t="1247" r="653" b="1272" charConfidence="30">o</charParams>
<charParams l="658" t="1238" r="665" b="1271" charConfidence="39">l</charParams>
<charParams l="667" t="1238" r="674" b="1269" charConfidence="52">l</charParams>
<charParams l="677" t="1243" r="687" b="1273" charConfidence="27">t</charParams>
<charParams l="690" t="1246" r="702" b="1270" charConfidence="26">e</charParams>
<charParams l="704" t="1259" r="712" b="1269" charConfidence="100">.</charParams></formatting></line></par>
<par align="Justified" startIndent="2076" lineSpacing="1488">
<line baseline="1398" l="258" t="1362" r="974" b="1409"><formatting lang="OldGerman">
<charParams l="258" t="1364" r="283" b="1397" charConfidence="96">E</charParams>
<charParams l="287" t="1368" r="302" b="1397" charConfidence="35">d</charParams>
<charParams l="306" t="1375" r="323" b="1398" charConfidence="100">u</charParams>
<charParams l="326" t="1374" r="341" b="1397" charConfidence="30">a</charParams>
<charParams l="345" t="1375" r="358" b="1398" charConfidence="100">r</charParams>
<charParams l="361" t="1368" r="377" b="1398" charConfidence="29">d</charParams>
<charParams l="378" t="1367" r="407" b="1406"> </charParams>
<charParams l="408" t="1367" r="422" b="1406" charConfidence="100">s</charParams>
<charParams l="420" t="1367" r="446" b="1406" charConfidence="60">c</charParams>
<charParams l="420" t="1367" r="446" b="1406" charConfidence="60">h</charParams>
<charParams l="451" t="1376" r="462" b="1398" charConfidence="31">e</charParams>
<charParams l="465" t="1376" r="478" b="1399" charConfidence="54">r</charParams>
<charParams l="481" t="1376" r="492" b="1409" charConfidence="27">z</charParams>
<charParams l="495" t="1373" r="506" b="1399" charConfidence="57">t</charParams>
<charParams l="509" t="1377" r="521" b="1400" charConfidence="55">e</charParams>
<charParams l="522" t="1369" r="551" b="1400"> </charParams>
<charParams l="552" t="1369" r="567" b="1398" charConfidence="28">d</charParams>
<charParams l="572" t="1375" r="587" b="1397" charConfidence="94">a</charParams>
<charParams l="590" t="1374" r="603" b="1398" charConfidence="72">r</charParams>
<charParams l="606" t="1363" r="623" b="1396" charConfidence="35">ü</charParams>
<charParams l="626" t="1362" r="642" b="1396" charConfidence="25">b</charParams>
<charParams l="645" t="1372" r="657" b="1395" charConfidence="27">e</charParams>
<charParams l="660" t="1372" r="673" b="1395" charConfidence="41">r</charParams>
<charParams l="681" t="1386" r="691" b="1401" charConfidence="100">,</charParams>
<charParams l="692" t="1372" r="728" b="1401"> </charParams>
<charParams l="729" t="1372" r="747" b="1397" charConfidence="52">u</charParams>
<charParams l="751" t="1373" r="767" b="1397" charConfidence="88">n</charParams>
<charParams l="772" t="1366" r="787" b="1397" charConfidence="53">d</charParams>
<charParams l="788" t="1366" r="819" b="1398"> </charParams>
<charParams l="820" t="1373" r="846" b="1398" charConfidence="37">w</charParams>
<charParams l="851" t="1375" r="862" b="1399" charConfidence="25">e</charParams>
<charParams l="866" t="1368" r="873" b="1398" charConfidence="100">i</charParams>
<charParams l="877" t="1368" r="885" b="1399" charConfidence="44">l</charParams>
<charParams l="886" t="1368" r="907" b="1399"> </charParams>
<charParams l="908" t="1375" r="925" b="1398" charConfidence="64">n</charParams>
<charParams l="930" t="1375" r="944" b="1399" charConfidence="49">o</charParams>
<charParams l="948" t="1366" r="974" b="1406" charConfidence="35">c</charParams>
<charParams l="948" t="1366" r="974" b="1406" charConfidence="35">h</charParams></formatting></line>
<line baseline="1459" l="191" t="1422" r="974" b="1470"><formatting lang="OldGerman">
<charParams l="191" t="1422" r="223" b="1462" charConfidence="37">P</charParams>
<charParams l="226" t="1424" r="236" b="1456" charConfidence="41">l</charParams>
<charParams l="238" t="1432" r="254" b="1456" charConfidence="37">a</charParams>
<charParams l="258" t="1429" r="276" b="1463" charConfidence="100">t</charParams>
<charParams l="258" t="1429" r="276" b="1463" charConfidence="100">z</charParams>
<charParams l="277" t="1429" r="305" b="1463"> </charParams>
<charParams l="306" t="1436" r="333" b="1459" charConfidence="28">w</charParams>
<charParams l="336" t="1438" r="351" b="1461" charConfidence="33">a</charParams>
<charParams l="355" t="1437" r="369" b="1461" charConfidence="88">r</charParams>
<charParams l="370" t="1429" r="398" b="1467"> </charParams>
<charParams l="399" t="1429" r="413" b="1467" charConfidence="46">f</charParams>
<charParams l="413" t="1429" r="429" b="1460" charConfidence="68">ü</charParams>
<charParams l="432" t="1438" r="448" b="1470" charConfidence="55">g</charParams>
<charParams l="452" t="1436" r="463" b="1462" charConfidence="40">t</charParams>
<charParams l="465" t="1439" r="478" b="1462" charConfidence="26">e</charParams>
<charParams l="479" t="1439" r="508" b="1462"> </charParams>
<charParams l="509" t="1439" r="522" b="1461" charConfidence="51">e</charParams>
<charParams l="525" t="1438" r="539" b="1462" charConfidence="25">r</charParams>
<charParams l="540" t="1437" r="568" b="1462"> </charParams>
<charParams l="569" t="1437" r="582" b="1458" charConfidence="100">e</charParams>
<charParams l="586" t="1429" r="593" b="1459" charConfidence="65">i</charParams>
<charParams l="597" t="1436" r="612" b="1460" charConfidence="34">n</charParams>
<charParams l="616" t="1436" r="629" b="1458" charConfidence="30">e</charParams>
<charParams l="630" t="1433" r="659" b="1466"> </charParams>
<charParams l="660" t="1433" r="673" b="1466" charConfidence="54">z</charParams>
<charParams l="675" t="1434" r="701" b="1459" charConfidence="52">w</charParams>
<charParams l="705" t="1436" r="717" b="1459" charConfidence="25">e</charParams>
<charParams l="720" t="1436" r="735" b="1467" charConfidence="35">y</charParams>
<charParams l="739" t="1434" r="750" b="1459" charConfidence="26">t</charParams>
<charParams l="752" t="1437" r="765" b="1461" charConfidence="31">e</charParams>
<charParams l="766" t="1428" r="796" b="1462"> </charParams>
<charParams l="797" t="1428" r="831" b="1462" charConfidence="45">N</charParams>
<charParams l="835" t="1438" r="850" b="1461" charConfidence="26">a</charParams>
<charParams l="854" t="1430" r="880" b="1468" charConfidence="70">c</charParams>
<charParams l="854" t="1430" r="880" b="1468" charConfidence="70">h</charParams>
<charParams l="885" t="1429" r="898" b="1466" charConfidence="57">s</charParams>
<charParams l="896" t="1430" r="922" b="1466" charConfidence="56">c</charParams>
<charParams l="896" t="1430" r="922" b="1466" charConfidence="56">h</charParams>
<charParams l="925" t="1437" r="938" b="1460" charConfidence="26">r</charParams>
<charParams l="941" t="1429" r="948" b="1459" charConfidence="27">i</charParams>
<charParams l="951" t="1427" r="974" b="1464" charConfidence="100">f</charParams>
<charParams l="951" t="1427" r="974" b="1464" charConfidence="100">t</charParams></formatting></line></par>
</text>
</block>
</page>
</document>