﻿<?xml version="1.0" encoding="UTF-8" standalone="yes"?>
<document xmlns="http://www.abbyy.com/FineReader_xml/FineReader10-schema-v1.xml" version="1.0" producer="ABBYY FineReader Engine 11" languages="" xmlns:xsi="http://www.w3.org/2001/XMLSchema-instance" xsi:schemaLocation="http://www.abbyy.com/FineReader_xml/FineReader10-schema-v1.xml http://www.abbyy.com/FineReader_xml/FineReader10-schema-v1.xml">
<page width="1156" height="1782" resolution="300" originalCoords="1">
<block blockType="Text" blockName="">
<text>
<par startIndent="144">
<line baseline="88" l="572" t="60" r="616" b="91"><formatting lang="OldGerman">
<charParams l="572" t="60" r="595" b="91" charConfidence="21">4</charParams>
<charParams l="598" t="61" r="616" b="83" charConfidence="24">2</charParams></formatting></line></par>
</text>
</block>
<block blockType="Text" blockName="">
<text>
<par align="Justified" startIndent="444" lineSpacing="1464">
<line baseline="175" l="202" t="140" r="980" b="187"><formatting lang="OldGerman">
<charParams l="202" t="144" r="220" b="184" suspicious="1" charConfidence="26">h</charParams>
<charParams l="225" t="147" r="232" b="177" charConfidence="-1">i</charParams>
<charParams l="235" t="153" r="252" b="177" charConfidence="57">n</charParams>
<charParams l="255" t="152" r="266" b="187" charConfidence="28">z</charParams>
<charParams l="270" t="155" r="287" b="179" suspicious="1" charConfidence="30">u</charParams>
<charParams l="298" t="156" r="304" b="178" charConfidence="54">:</charParams>
<charParams l="305" t="147" r="328" b="178"> </charParams>
<charParams l="329" t="147" r="344" b="177" charConfidence="30">d</charParams>
<charParams l="348" t="155" r="360" b="177" charConfidence="25">e</charParams>
<charParams l="363" t="154" r="376" b="178" charConfidence="31">r</charParams>
<charParams l="377" t="145" r="398" b="183"> </charParams>
<charParams l="399" t="145" r="422" b="183" charConfidence="38">F</charParams>
<charParams l="424" t="153" r="437" b="177" charConfidence="100">r</charParams>
<charParams l="439" t="153" r="452" b="176" charConfidence="24">e</charParams>
<charParams l="454" t="151" r="471" b="176" charConfidence="44">u</charParams>
<charParams l="475" t="152" r="491" b="175" charConfidence="24">n</charParams>
<charParams l="495" t="145" r="510" b="173" charConfidence="46">d</charParams>
<charParams l="511" t="140" r="533" b="178"> </charParams>
<charParams l="534" t="140" r="548" b="178" charConfidence="47">s</charParams>
<charParams l="546" t="148" r="560" b="171" charConfidence="77">o</charParams>
<charParams l="563" t="140" r="581" b="171" charConfidence="-1">l</charParams>
<charParams l="563" t="140" r="581" b="171" charConfidence="-1">l</charParams>
<charParams l="583" t="149" r="596" b="172" charConfidence="41">e</charParams>
<charParams l="597" t="147" r="619" b="172"> </charParams>
<charParams l="620" t="147" r="636" b="169" charConfidence="68">a</charParams>
<charParams l="639" t="147" r="656" b="170" charConfidence="42">u</charParams>
<charParams l="660" t="143" r="676" b="170" charConfidence="-1">s</charParams>
<charParams l="677" t="141" r="693" b="171"> </charParams>
<charParams l="694" t="141" r="709" b="171" charConfidence="31">d</charParams>
<charParams l="713" t="142" r="721" b="172" charConfidence="27">i</charParams>
<charParams l="724" t="150" r="736" b="172" charConfidence="32">e</charParams>
<charParams l="739" t="142" r="753" b="180" charConfidence="59">s</charParams>
<charParams l="751" t="152" r="762" b="174" charConfidence="32">e</charParams>
<charParams l="766" t="151" r="784" b="175" charConfidence="25">n</charParams>
<charParams l="785" t="142" r="797" b="180"> </charParams>
<charParams l="798" t="142" r="820" b="180" charConfidence="48">Z</charParams>
<charParams l="824" t="152" r="836" b="175" charConfidence="25">e</charParams>
<charParams l="839" t="144" r="846" b="175" charConfidence="-1">i</charParams>
<charParams l="849" t="143" r="876" b="182" charConfidence="33">c</charParams>
<charParams l="849" t="143" r="876" b="182" charConfidence="33">h</charParams>
<charParams l="880" t="152" r="891" b="175" charConfidence="28">e</charParams>
<charParams l="894" t="152" r="913" b="175" charConfidence="30">n</charParams>
<charParams l="914" t="146" r="933" b="177"> </charParams>
<charParams l="934" t="146" r="950" b="177" charConfidence="31">d</charParams>
<charParams l="954" t="148" r="962" b="178" charConfidence="80">i</charParams>
<charParams l="965" t="155" r="980" b="179" charConfidence="67">e</charParams></formatting></line>
<line baseline="236" l="203" t="203" r="978" b="248"><formatting lang="OldGerman">
<charParams l="203" t="207" r="227" b="240" charConfidence="-1">U</charParams>
<charParams l="231" t="217" r="248" b="239" charConfidence="25">n</charParams>
<charParams l="251" t="218" r="267" b="248" charConfidence="26">g</charParams>
<charParams l="271" t="218" r="283" b="239" charConfidence="100">e</charParams>
<charParams l="286" t="211" r="301" b="240" charConfidence="27">d</charParams>
<charParams l="304" t="217" r="321" b="240" charConfidence="24">u</charParams>
<charParams l="326" t="209" r="334" b="240" charConfidence="29">l</charParams>
<charParams l="337" t="210" r="352" b="239" charConfidence="29">d</charParams>
<charParams l="353" t="209" r="376" b="246"> </charParams>
<charParams l="377" t="209" r="390" b="246" charConfidence="38">s</charParams>
<charParams l="388" t="216" r="400" b="239" charConfidence="30">e</charParams>
<charParams l="403" t="207" r="419" b="246" charConfidence="100">h</charParams>
<charParams l="423" t="215" r="435" b="238" charConfidence="27">e</charParams>
<charParams l="438" t="214" r="455" b="237" charConfidence="32">n</charParams>
<charParams l="456" t="211" r="477" b="237"> </charParams>
<charParams l="478" t="211" r="504" b="236" charConfidence="27">w</charParams>
<charParams l="507" t="211" r="522" b="233" charConfidence="36">o</charParams>
<charParams l="525" t="209" r="552" b="232" charConfidence="100">m</charParams>
<charParams l="556" t="203" r="564" b="232" charConfidence="100">i</charParams>
<charParams l="567" t="206" r="578" b="231" charConfidence="41">t</charParams>
<charParams l="579" t="206" r="594" b="231"> </charParams>
<charParams l="595" t="208" r="607" b="231" charConfidence="26">e</charParams>
<charParams l="609" t="208" r="623" b="231" charConfidence="100">r</charParams>
<charParams l="624" t="208" r="639" b="231"> </charParams>
<charParams l="640" t="208" r="653" b="230" charConfidence="46">e</charParams>
<charParams l="657" t="209" r="668" b="231" charConfidence="27">r</charParams>
<charParams l="671" t="208" r="696" b="232" charConfidence="28">w</charParams>
<charParams l="700" t="212" r="715" b="233" charConfidence="24">a</charParams>
<charParams l="719" t="212" r="731" b="234" charConfidence="62">r</charParams>
<charParams l="735" t="209" r="745" b="235" charConfidence="33">t</charParams>
<charParams l="748" t="212" r="760" b="235" charConfidence="62">e</charParams>
<charParams l="763" t="210" r="775" b="235" charConfidence="27">t</charParams>
<charParams l="776" t="210" r="786" b="236"> </charParams>
<charParams l="787" t="212" r="813" b="236" charConfidence="44">w</charParams>
<charParams l="816" t="215" r="828" b="237" charConfidence="26">e</charParams>
<charParams l="831" t="215" r="843" b="237" charConfidence="72">r</charParams>
<charParams l="847" t="208" r="862" b="237" charConfidence="34">d</charParams>
<charParams l="865" t="215" r="878" b="237" charConfidence="33">e</charParams>
<charParams l="885" t="229" r="894" b="243" charConfidence="63">,</charParams>
<charParams l="895" t="215" r="918" b="243"> </charParams>
<charParams l="919" t="215" r="937" b="238" charConfidence="25">u</charParams>
<charParams l="940" t="215" r="958" b="238" charConfidence="100">n</charParams>
<charParams l="961" t="210" r="978" b="238" charConfidence="26">d</charParams></formatting></line>
<line baseline="296" l="200" t="260" r="977" b="307"><formatting lang="OldGerman">
<charParams l="200" t="278" r="219" b="300" charConfidence="64">n</charParams>
<charParams l="222" t="279" r="237" b="301" charConfidence="0">a</charParams>
<charParams l="241" t="271" r="268" b="307" charConfidence="55">c</charParams>
<charParams l="241" t="271" r="268" b="307" charConfidence="55">h</charParams>
<charParams l="269" t="271" r="301" b="307"> </charParams>
<charParams l="302" t="273" r="317" b="300" charConfidence="26">d</charParams>
<charParams l="322" t="277" r="334" b="301" charConfidence="38">e</charParams>
<charParams l="337" t="277" r="350" b="301" suspicious="1" charConfidence="26">r</charParams>
<charParams l="365" t="292" r="371" b="299" suspicious="1" charConfidence="100">.</charParams>
<charParams l="381" t="267" r="408" b="300" charConfidence="35">E</charParams>
<charParams l="411" t="269" r="419" b="299" charConfidence="100">i</charParams>
<charParams l="421" t="268" r="430" b="299" charConfidence="100">l</charParams>
<charParams l="432" t="275" r="445" b="298" charConfidence="30">e</charParams>
<charParams l="452" t="294" r="455" b="299" suspicious="1" charConfidence="54">.</charParams>
<charParams l="461" t="295" r="469" b="301" suspicious="1" charConfidence="100">.</charParams>
<charParams l="474" t="271" r="500" b="296" charConfidence="25">w</charParams>
<charParams l="503" t="271" r="518" b="294" charConfidence="38">o</charParams>
<charParams l="521" t="269" r="548" b="293" charConfidence="47">m</charParams>
<charParams l="552" t="263" r="560" b="293" charConfidence="100">i</charParams>
<charParams l="563" t="266" r="575" b="292" charConfidence="49">t</charParams>
<charParams l="576" t="263" r="604" b="292"> </charParams>
<charParams l="605" t="263" r="620" b="292" charConfidence="26">d</charParams>
<charParams l="624" t="269" r="636" b="292" charConfidence="27">e</charParams>
<charParams l="639" t="268" r="653" b="292" charConfidence="27">r</charParams>
<charParams l="654" t="260" r="682" b="293"> </charParams>
<charParams l="683" t="260" r="717" b="293" suspicious="1" charConfidence="30">B</charParams>
<charParams l="720" t="271" r="733" b="294" charConfidence="44">r</charParams>
<charParams l="735" t="264" r="744" b="294" charConfidence="46">i</charParams>
<charParams l="747" t="272" r="759" b="296" charConfidence="35">e</charParams>
<charParams l="761" t="264" r="777" b="302" charConfidence="100">f</charParams>
<charParams l="778" t="264" r="793" b="305" suspicious="1"> </charParams>
<charParams l="794" t="275" r="811" b="305" charConfidence="26">g</charParams>
<charParams l="816" t="277" r="828" b="299" charConfidence="26">e</charParams>
<charParams l="831" t="267" r="844" b="305" charConfidence="44">s</charParams>
<charParams l="841" t="269" r="868" b="306" charConfidence="78">c</charParams>
<charParams l="841" t="269" r="868" b="306" charConfidence="78">h</charParams>
<charParams l="872" t="276" r="884" b="299" charConfidence="24">r</charParams>
<charParams l="887" t="269" r="895" b="300" charConfidence="28">i</charParams>
<charParams l="898" t="276" r="910" b="300" charConfidence="25">e</charParams>
<charParams l="913" t="267" r="928" b="300" charConfidence="91">b</charParams>
<charParams l="932" t="276" r="945" b="300" charConfidence="30">e</charParams>
<charParams l="947" t="276" r="964" b="300" charConfidence="43">n</charParams>
<charParams l="965" t="290" r="977" b="306" charConfidence="65">,</charParams></formatting></line>
<line baseline="357" l="201" t="320" r="859" b="369"><formatting lang="OldGerman">
<charParams l="201" t="333" r="217" b="361" charConfidence="27">d</charParams>
<charParams l="220" t="331" r="228" b="362" charConfidence="100">i</charParams>
<charParams l="232" t="339" r="244" b="362" charConfidence="26">e</charParams>
<charParams l="245" t="328" r="267" b="362"> </charParams>
<charParams l="268" t="328" r="294" b="362" charConfidence="27">E</charParams>
<charParams l="297" t="331" r="305" b="362" charConfidence="100">i</charParams>
<charParams l="309" t="332" r="317" b="362" charConfidence="72">l</charParams>
<charParams l="318" t="330" r="332" b="369" charConfidence="27">f</charParams>
<charParams l="332" t="339" r="344" b="361" charConfidence="100">e</charParams>
<charParams l="347" t="338" r="359" b="361" charConfidence="24">r</charParams>
<charParams l="362" t="335" r="372" b="361" charConfidence="51">t</charParams>
<charParams l="376" t="330" r="383" b="360" charConfidence="100">i</charParams>
<charParams l="385" t="337" r="401" b="367" charConfidence="40">g</charParams>
<charParams l="405" t="326" r="417" b="359" charConfidence="37">k</charParams>
<charParams l="419" t="336" r="431" b="359" charConfidence="33">e</charParams>
<charParams l="434" t="327" r="442" b="357" charConfidence="29">i</charParams>
<charParams l="445" t="331" r="456" b="358" charConfidence="46">t</charParams>
<charParams l="457" t="323" r="477" b="363"> </charParams>
<charParams l="478" t="323" r="492" b="363" charConfidence="100">s</charParams>
<charParams l="490" t="332" r="502" b="355" charConfidence="27">e</charParams>
<charParams l="505" t="324" r="513" b="355" charConfidence="26">i</charParams>
<charParams l="516" t="331" r="533" b="356" charConfidence="63">n</charParams>
<charParams l="537" t="330" r="549" b="354" charConfidence="26">e</charParams>
<charParams l="552" t="331" r="565" b="354" charConfidence="51">r</charParams>
<charParams l="566" t="320" r="588" b="354"> </charParams>
<charParams l="589" t="320" r="621" b="354" charConfidence="43">R</charParams>
<charParams l="625" t="330" r="636" b="353" charConfidence="25">e</charParams>
<charParams l="641" t="323" r="648" b="353" charConfidence="100">i</charParams>
<charParams l="651" t="322" r="665" b="360" charConfidence="43">s</charParams>
<charParams l="663" t="331" r="675" b="354" charConfidence="34">e</charParams>
<charParams l="676" t="330" r="697" b="354"> </charParams>
<charParams l="698" t="330" r="711" b="354" charConfidence="30">e</charParams>
<charParams l="714" t="325" r="722" b="354" charConfidence="34">i</charParams>
<charParams l="725" t="331" r="742" b="356" charConfidence="54">n</charParams>
<charParams l="746" t="332" r="758" b="356" charConfidence="25">r</charParams>
<charParams l="761" t="326" r="770" b="356" charConfidence="100">i</charParams>
<charParams l="772" t="326" r="798" b="364" charConfidence="100">c</charParams>
<charParams l="772" t="326" r="798" b="364" charConfidence="100">h</charParams>
<charParams l="802" t="332" r="812" b="358" charConfidence="36">t</charParams>
<charParams l="814" t="336" r="826" b="359" charConfidence="57">e</charParams>
<charParams l="829" t="336" r="847" b="359" charConfidence="35">n</charParams>
<charParams l="850" t="351" r="859" b="360" charConfidence="100">.</charParams></formatting></line></par>
<par align="Justified" startIndent="1464" lineSpacing="1512">
<line baseline="480" l="232" t="445" r="977" b="487"><formatting lang="OldGerman">
<charParams l="232" t="454" r="237" b="461" suspicious="1" charConfidence="68">&apos;</charParams>
<charParams l="238" t="448" r="259" b="484"> </charParams>
<charParams l="260" t="448" r="295" b="484" charConfidence="31">D</charParams>
<charParams l="298" t="459" r="310" b="481" charConfidence="32">e</charParams>
<charParams l="312" t="458" r="327" b="481" charConfidence="47">r</charParams>
<charParams l="328" t="448" r="356" b="481"> </charParams>
<charParams l="357" t="448" r="391" b="480" charConfidence="30">B</charParams>
<charParams l="395" t="457" r="409" b="480" suspicious="1" charConfidence="33">o</charParams>
<charParams l="413" t="453" r="423" b="479" charConfidence="70">t</charParams>
<charParams l="425" t="456" r="439" b="479" suspicious="1" charConfidence="25">e</charParams>
<charParams l="440" t="453" r="468" b="479"> </charParams>
<charParams l="469" t="453" r="497" b="478" charConfidence="29">w</charParams>
<charParams l="499" t="454" r="516" b="477" charConfidence="35">a</charParams>
<charParams l="518" t="453" r="533" b="477" charConfidence="33">r</charParams>
<charParams l="534" t="445" r="554" b="484"> </charParams>
<charParams l="555" t="445" r="570" b="484" charConfidence="26">f</charParams>
<charParams l="570" t="454" r="584" b="477" charConfidence="64">o</charParams>
<charParams l="587" t="454" r="600" b="476" charConfidence="100">r</charParams>
<charParams l="603" t="449" r="614" b="477" charConfidence="76">t</charParams>
<charParams l="615" t="449" r="635" b="477"> </charParams>
<charParams l="636" t="454" r="655" b="477" charConfidence="51">u</charParams>
<charParams l="658" t="454" r="676" b="477" charConfidence="41">n</charParams>
<charParams l="679" t="447" r="694" b="477" suspicious="1" charConfidence="31">d</charParams>
<charParams l="695" t="445" r="718" b="478"> </charParams>
<charParams l="719" t="445" r="746" b="478" charConfidence="28">E</charParams>
<charParams l="748" t="448" r="763" b="478" charConfidence="26">d</charParams>
<charParams l="767" t="455" r="784" b="478" charConfidence="100">u</charParams>
<charParams l="788" t="455" r="803" b="478" charConfidence="28">a</charParams>
<charParams l="807" t="455" r="820" b="478" charConfidence="29">r</charParams>
<charParams l="822" t="448" r="838" b="479" charConfidence="46">d</charParams>
<charParams l="839" t="448" r="859" b="487"> </charParams>
<charParams l="860" t="456" r="878" b="487" charConfidence="27">g</charParams>
<charParams l="882" t="449" r="892" b="481" charConfidence="31">l</charParams>
<charParams l="892" t="457" r="908" b="480" charConfidence="56">a</charParams>
<charParams l="911" t="458" r="928" b="481" charConfidence="53">u</charParams>
<charParams l="932" t="450" r="947" b="482" charConfidence="32">b</charParams>
<charParams l="950" t="456" r="961" b="482" charConfidence="35">t</charParams>
<charParams l="963" t="461" r="977" b="483" charConfidence="66">e</charParams></formatting></line>
<line baseline="540" l="193" t="506" r="977" b="550"><formatting lang="OldGerman">
<charParams l="193" t="512" r="208" b="550" charConfidence="83">s</charParams>
<charParams l="206" t="520" r="217" b="543" charConfidence="28">e</charParams>
<charParams l="221" t="512" r="228" b="543" charConfidence="38">i</charParams>
<charParams l="231" t="519" r="250" b="542" charConfidence="31">n</charParams>
<charParams l="251" t="519" r="265" b="542" charConfidence="29">e</charParams>
<charParams l="266" t="509" r="287" b="542"> </charParams>
<charParams l="288" t="509" r="323" b="541" charConfidence="36">D</charParams>
<charParams l="326" t="518" r="342" b="540" charConfidence="32">a</charParams>
<charParams l="346" t="518" r="362" b="540" charConfidence="73">n</charParams>
<charParams l="366" t="509" r="379" b="541" charConfidence="41">k</charParams>
<charParams l="381" t="508" r="396" b="540" charConfidence="46">b</charParams>
<charParams l="400" t="516" r="415" b="539" charConfidence="33">a</charParams>
<charParams l="418" t="516" r="432" b="540" charConfidence="100">r</charParams>
<charParams l="435" t="508" r="447" b="540" charConfidence="32">k</charParams>
<charParams l="449" t="516" r="461" b="540" charConfidence="43">e</charParams>
<charParams l="464" t="509" r="472" b="539" charConfidence="35">i</charParams>
<charParams l="475" t="513" r="486" b="540" charConfidence="100">t</charParams>
<charParams l="487" t="513" r="508" b="540"> </charParams>
<charParams l="509" t="517" r="527" b="540" charConfidence="47">n</charParams>
<charParams l="532" t="510" r="539" b="540" charConfidence="100">i</charParams>
<charParams l="542" t="508" r="568" b="547" charConfidence="55">c</charParams>
<charParams l="542" t="508" r="568" b="547" charConfidence="55">h</charParams>
<charParams l="572" t="513" r="583" b="539" charConfidence="81">t</charParams>
<charParams l="584" t="506" r="605" b="539"> </charParams>
<charParams l="606" t="506" r="625" b="539" charConfidence="71">ü</charParams>
<charParams l="628" t="507" r="643" b="539" charConfidence="63">b</charParams>
<charParams l="647" t="517" r="659" b="539" charConfidence="69">e</charParams>
<charParams l="662" t="516" r="675" b="539" charConfidence="32">r</charParams>
<charParams l="676" t="516" r="688" b="549" charConfidence="34">z</charParams>
<charParams l="693" t="516" r="704" b="539" charConfidence="25">e</charParams>
<charParams l="708" t="516" r="724" b="540" charConfidence="28">u</charParams>
<charParams l="727" t="515" r="743" b="547" charConfidence="27">g</charParams>
<charParams l="747" t="516" r="759" b="540" charConfidence="27">e</charParams>
<charParams l="762" t="516" r="778" b="540" charConfidence="100">n</charParams>
<charParams l="783" t="510" r="798" b="539" charConfidence="29">d</charParams>
<charParams l="802" t="517" r="814" b="540" charConfidence="26">e</charParams>
<charParams l="816" t="516" r="831" b="539" charConfidence="46">r</charParams>
<charParams l="832" t="516" r="853" b="541"> </charParams>
<charParams l="854" t="518" r="869" b="541" charConfidence="100">a</charParams>
<charParams l="873" t="518" r="890" b="541" charConfidence="43">u</charParams>
<charParams l="893" t="514" r="908" b="542" charConfidence="100">s</charParams>
<charParams l="912" t="512" r="927" b="541" charConfidence="27">d</charParams>
<charParams l="930" t="519" r="944" b="542" charConfidence="100">r</charParams>
<charParams l="947" t="510" r="964" b="542" charConfidence="66">ü</charParams>
<charParams l="966" t="524" r="977" b="538" charConfidence="100">¬</charParams></formatting></line>
<line baseline="605" l="193" t="571" r="974" b="615"><formatting lang="OldGerman">
<charParams l="193" t="573" r="218" b="605" charConfidence="22">c</charParams>
<charParams l="193" t="573" r="218" b="605" charConfidence="22">k</charParams>
<charParams l="221" t="582" r="233" b="605" charConfidence="27">e</charParams>
<charParams l="236" t="582" r="254" b="605" charConfidence="70">n</charParams>
<charParams l="255" t="580" r="291" b="615"> </charParams>
<charParams l="292" t="580" r="304" b="615" charConfidence="55">z</charParams>
<charParams l="309" t="582" r="325" b="606" charConfidence="31">u</charParams>
<charParams l="326" t="572" r="361" b="606"> </charParams>
<charParams l="362" t="572" r="375" b="605" charConfidence="33">k</charParams>
<charParams l="378" t="572" r="392" b="605" charConfidence="22">ö</charParams>
<charParams l="396" t="581" r="413" b="604" charConfidence="34">n</charParams>
<charParams l="417" t="580" r="433" b="604" charConfidence="28">n</charParams>
<charParams l="437" t="580" r="449" b="604" charConfidence="100">e</charParams>
<charParams l="452" t="579" r="469" b="604" charConfidence="28">n</charParams>
<charParams l="478" t="596" r="487" b="611" charConfidence="73">,</charParams>
<charParams l="488" t="581" r="536" b="611"> </charParams>
<charParams l="537" t="581" r="553" b="604" charConfidence="71">a</charParams>
<charParams l="558" t="573" r="565" b="605" charConfidence="58">l</charParams>
<charParams l="568" t="575" r="583" b="604" charConfidence="100">s</charParams>
<charParams l="584" t="573" r="620" b="605"> </charParams>
<charParams l="621" t="573" r="630" b="605" charConfidence="31">i</charParams>
<charParams l="634" t="581" r="651" b="604" charConfidence="25">n</charParams>
<charParams l="655" t="572" r="669" b="604" charConfidence="29">d</charParams>
<charParams l="674" t="580" r="685" b="604" charConfidence="26">e</charParams>
<charParams l="688" t="579" r="716" b="604" charConfidence="100">m</charParams>
<charParams l="717" t="579" r="759" b="604"> </charParams>
<charParams l="760" t="580" r="773" b="604" charConfidence="27">e</charParams>
<charParams l="776" t="581" r="789" b="605" charConfidence="100">r</charParams>
<charParams l="790" t="581" r="817" b="605"> </charParams>
<charParams l="818" t="581" r="833" b="604" charConfidence="54">a</charParams>
<charParams l="838" t="571" r="853" b="605" charConfidence="27">b</charParams>
<charParams l="857" t="582" r="869" b="605" charConfidence="39">e</charParams>
<charParams l="872" t="581" r="885" b="605" charConfidence="28">r</charParams>
<charParams l="886" t="581" r="915" b="605"> </charParams>
<charParams l="916" t="581" r="934" b="605" charConfidence="27">u</charParams>
<charParams l="937" t="582" r="955" b="606" charConfidence="100">n</charParams>
<charParams l="958" t="576" r="974" b="605" charConfidence="28">d</charParams></formatting></line>
<line baseline="668" l="194" t="634" r="974" b="677"><formatting lang="OldGerman">
<charParams l="194" t="645" r="211" b="668" charConfidence="54">a</charParams>
<charParams l="215" t="636" r="229" b="669" charConfidence="32">b</charParams>
<charParams l="234" t="646" r="245" b="669" charConfidence="41">e</charParams>
<charParams l="249" t="646" r="261" b="669" charConfidence="24">r</charParams>
<charParams l="265" t="645" r="292" b="669" charConfidence="91">m</charParams>
<charParams l="296" t="645" r="311" b="668" charConfidence="100">a</charParams>
<charParams l="316" t="638" r="323" b="669" charConfidence="32">l</charParams>
<charParams l="326" t="641" r="341" b="668" charConfidence="100">s</charParams>
<charParams l="342" t="639" r="373" b="669"> </charParams>
<charParams l="374" t="639" r="388" b="669" charConfidence="44">d</charParams>
<charParams l="393" t="646" r="408" b="668" charConfidence="54">a</charParams>
<charParams l="411" t="645" r="424" b="669" charConfidence="26">r</charParams>
<charParams l="427" t="646" r="443" b="668" charConfidence="39">a</charParams>
<charParams l="446" t="645" r="463" b="669" charConfidence="100">u</charParams>
<charParams l="466" t="636" r="481" b="675" charConfidence="49">f</charParams>
<charParams l="482" t="635" r="508" b="675"> </charParams>
<charParams l="509" t="635" r="524" b="668" charConfidence="32">b</charParams>
<charParams l="529" t="645" r="541" b="668" charConfidence="27">e</charParams>
<charParams l="544" t="637" r="562" b="672" charConfidence="35">s</charParams>
<charParams l="544" t="637" r="562" b="672" charConfidence="35">t</charParams>
<charParams l="566" t="645" r="582" b="668" charConfidence="57">a</charParams>
<charParams l="585" t="645" r="602" b="668" charConfidence="100">n</charParams>
<charParams l="606" t="638" r="621" b="667" charConfidence="31">d</charParams>
<charParams l="630" t="647" r="637" b="667" charConfidence="74">:</charParams>
<charParams l="638" t="634" r="676" b="669"> </charParams>
<charParams l="677" t="634" r="700" b="669" charConfidence="39">C</charParams>
<charParams l="704" t="635" r="720" b="677" charConfidence="60">h</charParams>
<charParams l="724" t="644" r="739" b="667" charConfidence="41">a</charParams>
<charParams l="743" t="644" r="756" b="667" charConfidence="100">r</charParams>
<charParams l="759" t="636" r="768" b="668" charConfidence="100">l</charParams>
<charParams l="771" t="644" r="785" b="668" charConfidence="56">o</charParams>
<charParams l="789" t="642" r="798" b="668" charConfidence="43">t</charParams>
<charParams l="801" t="641" r="811" b="667" charConfidence="56">t</charParams>
<charParams l="814" t="646" r="827" b="668" charConfidence="50">e</charParams>
<charParams l="828" t="637" r="847" b="675"> </charParams>
<charParams l="848" t="637" r="862" b="675" charConfidence="53">s</charParams>
<charParams l="862" t="645" r="876" b="668" charConfidence="34">o</charParams>
<charParams l="880" t="637" r="897" b="668" charConfidence="100">l</charParams>
<charParams l="880" t="637" r="897" b="668" charConfidence="100">l</charParams>
<charParams l="899" t="646" r="913" b="668" charConfidence="100">e</charParams>
<charParams l="914" t="636" r="933" b="673"> </charParams>
<charParams l="934" t="636" r="949" b="673" charConfidence="100">s</charParams>
<charParams l="947" t="644" r="961" b="668" charConfidence="54">o</charParams>
<charParams l="964" t="648" r="974" b="663" charConfidence="22">¬</charParams></formatting></line>
<line baseline="731" l="192" t="697" r="972" b="742"><formatting lang="OldGerman">
<charParams l="192" t="707" r="209" b="738" charConfidence="24">g</charParams>
<charParams l="214" t="701" r="221" b="731" charConfidence="31">l</charParams>
<charParams l="225" t="708" r="237" b="732" charConfidence="32">e</charParams>
<charParams l="239" t="701" r="247" b="732" charConfidence="100">i</charParams>
<charParams l="250" t="700" r="277" b="738" charConfidence="83">c</charParams>
<charParams l="250" t="700" r="277" b="738" charConfidence="83">h</charParams>
<charParams l="278" t="699" r="299" b="738"> </charParams>
<charParams l="300" t="699" r="328" b="732" charConfidence="44">O</charParams>
<charParams l="332" t="705" r="342" b="731" charConfidence="30">t</charParams>
<charParams l="345" t="705" r="355" b="732" charConfidence="100">t</charParams>
<charParams l="359" t="702" r="366" b="732" charConfidence="100">i</charParams>
<charParams l="369" t="702" r="377" b="733" charConfidence="54">l</charParams>
<charParams l="381" t="701" r="388" b="732" charConfidence="100">i</charParams>
<charParams l="391" t="709" r="404" b="732" charConfidence="27">e</charParams>
<charParams l="406" t="708" r="424" b="732" charConfidence="61">n</charParams>
<charParams l="425" t="708" r="446" b="732"> </charParams>
<charParams l="447" t="708" r="464" b="731" charConfidence="35">a</charParams>
<charParams l="467" t="708" r="485" b="731" charConfidence="54">u</charParams>
<charParams l="488" t="703" r="504" b="731" charConfidence="100">s</charParams>
<charParams l="505" t="702" r="527" b="731"> </charParams>
<charParams l="528" t="702" r="544" b="730" charConfidence="29">d</charParams>
<charParams l="547" t="708" r="559" b="731" charConfidence="26">e</charParams>
<charParams l="562" t="707" r="575" b="731" charConfidence="68">r</charParams>
<charParams l="576" t="697" r="597" b="738"> </charParams>
<charParams l="598" t="697" r="631" b="738" charConfidence="37">P</charParams>
<charParams l="634" t="707" r="646" b="730" charConfidence="26">e</charParams>
<charParams l="649" t="707" r="666" b="730" charConfidence="57">n</charParams>
<charParams l="670" t="699" r="688" b="739" charConfidence="50">s</charParams>
<charParams l="670" t="699" r="688" b="739" charConfidence="50">i</charParams>
<charParams l="690" t="707" r="705" b="731" charConfidence="43">o</charParams>
<charParams l="709" t="707" r="727" b="731" charConfidence="26">n</charParams>
<charParams l="728" t="698" r="749" b="742"> </charParams>
<charParams l="750" t="698" r="767" b="742" charConfidence="28">h</charParams>
<charParams l="771" t="707" r="785" b="730" charConfidence="41">o</charParams>
<charParams l="789" t="697" r="805" b="740" charConfidence="86">h</charParams>
<charParams l="810" t="699" r="818" b="731" charConfidence="53">l</charParams>
<charParams l="820" t="708" r="833" b="731" charConfidence="29">e</charParams>
<charParams l="835" t="707" r="853" b="731" charConfidence="31">n</charParams>
<charParams l="854" t="700" r="876" b="731"> </charParams>
<charParams l="877" t="700" r="885" b="731" charConfidence="87">l</charParams>
<charParams l="887" t="707" r="903" b="730" charConfidence="32">a</charParams>
<charParams l="906" t="698" r="931" b="735" charConfidence="100">s</charParams>
<charParams l="906" t="698" r="931" b="735" charConfidence="100">s</charParams>
<charParams l="928" t="706" r="940" b="730" charConfidence="67">e</charParams>
<charParams l="944" t="706" r="961" b="730" charConfidence="55">n</charParams>
<charParams l="963" t="720" r="972" b="729" charConfidence="100">.</charParams></formatting></line></par>
<par align="Justified" startIndent="2088" lineSpacing="1440">
<line baseline="851" l="258" t="819" r="971" b="858"><formatting lang="OldGerman">
<charParams l="258" t="820" r="293" b="852" charConfidence="34">S</charParams>
<charParams l="298" t="823" r="305" b="852" charConfidence="100">i</charParams>
<charParams l="308" t="830" r="322" b="852" charConfidence="33">e</charParams>
<charParams l="323" t="822" r="350" b="855"> </charParams>
<charParams l="351" t="822" r="367" b="855" charConfidence="31">b</charParams>
<charParams l="370" t="830" r="385" b="853" charConfidence="26">a</charParams>
<charParams l="390" t="827" r="401" b="852" charConfidence="31">t</charParams>
<charParams l="402" t="827" r="430" b="853"> </charParams>
<charParams l="431" t="830" r="449" b="853" charConfidence="26">u</charParams>
<charParams l="452" t="828" r="481" b="853" charConfidence="68">m</charParams>
<charParams l="482" t="820" r="511" b="853"> </charParams>
<charParams l="512" t="820" r="543" b="853" charConfidence="26">A</charParams>
<charParams l="543" t="829" r="560" b="852" charConfidence="100">u</charParams>
<charParams l="562" t="820" r="574" b="856" charConfidence="26">f</charParams>
<charParams l="574" t="820" r="590" b="858" charConfidence="31">s</charParams>
<charParams l="587" t="821" r="613" b="858" charConfidence="100">c</charParams>
<charParams l="587" t="821" r="613" b="858" charConfidence="100">h</charParams>
<charParams l="617" t="829" r="633" b="851" charConfidence="77">u</charParams>
<charParams l="637" t="820" r="654" b="851" charConfidence="25">b</charParams>
<charParams l="655" t="820" r="683" b="852"> </charParams>
<charParams l="684" t="829" r="702" b="852" charConfidence="100">u</charParams>
<charParams l="705" t="829" r="723" b="851" charConfidence="40">n</charParams>
<charParams l="725" t="822" r="741" b="851" charConfidence="27">d</charParams>
<charParams l="742" t="822" r="763" b="851"> </charParams>
<charParams l="764" t="827" r="792" b="851" charConfidence="29">w</charParams>
<charParams l="792" t="828" r="811" b="851" charConfidence="29">u</charParams>
<charParams l="814" t="820" r="831" b="856" charConfidence="29">ß</charParams>
<charParams l="834" t="824" r="845" b="850" charConfidence="49">t</charParams>
<charParams l="847" t="827" r="860" b="850" charConfidence="27">e</charParams>
<charParams l="861" t="822" r="881" b="850"> </charParams>
<charParams l="882" t="822" r="898" b="850" charConfidence="26">d</charParams>
<charParams l="901" t="820" r="909" b="850" charConfidence="27">i</charParams>
<charParams l="912" t="828" r="924" b="850" suspicious="1" charConfidence="100">e</charParams>
<charParams l="927" t="819" r="941" b="857" charConfidence="40">f</charParams>
<charParams l="939" t="828" r="950" b="850" charConfidence="26">e</charParams>
<charParams l="952" t="826" r="971" b="849" charConfidence="69">n</charParams></formatting></line>
<line baseline="908" l="189" t="877" r="970" b="917"><formatting lang="OldGerman">
<charParams l="189" t="879" r="219" b="911" charConfidence="0">A</charParams>
<charParams l="219" t="880" r="235" b="910" charConfidence="25">b</charParams>
<charParams l="238" t="887" r="251" b="910" charConfidence="28">e</charParams>
<charParams l="254" t="888" r="271" b="911" charConfidence="27">n</charParams>
<charParams l="273" t="882" r="292" b="909" suspicious="1" charConfidence="27">d</charParams>
<charParams l="293" t="880" r="321" b="909"> </charParams>
<charParams l="322" t="880" r="339" b="909" charConfidence="39">b</charParams>
<charParams l="343" t="887" r="355" b="909" charConfidence="55">e</charParams>
<charParams l="355" t="887" r="374" b="917" suspicious="1" charConfidence="32">y</charParams>
<charParams l="375" t="878" r="405" b="917"> </charParams>
<charParams l="406" t="878" r="433" b="911" charConfidence="-1">E</charParams>
<charParams l="435" t="882" r="451" b="910" charConfidence="29">d</charParams>
<charParams l="452" t="887" r="472" b="910" charConfidence="27">u</charParams>
<charParams l="475" t="888" r="491" b="909" charConfidence="33">a</charParams>
<charParams l="490" t="887" r="508" b="910" charConfidence="27">r</charParams>
<charParams l="509" t="883" r="525" b="910" charConfidence="30">d</charParams>
<charParams l="528" t="900" r="536" b="906" charConfidence="100">-</charParams>
<charParams l="543" t="882" r="568" b="910" suspicious="1" charConfidence="68">b</charParams>
<charParams l="569" t="880" r="577" b="910" suspicious="1" charConfidence="16">i</charParams>
<charParams l="580" t="887" r="594" b="909" charConfidence="31">e</charParams>
<charParams l="616" t="877" r="634" b="909" charConfidence="41">L</charParams>
<charParams l="636" t="886" r="655" b="908" charConfidence="87">u</charParams>
<charParams l="657" t="879" r="682" b="916" suspicious="1" charConfidence="0">s</charParams>
<charParams l="657" t="879" r="682" b="916" suspicious="1" charConfidence="0">s</charParams>
<charParams l="695" t="886" r="713" b="917" suspicious="1" charConfidence="13">z</charParams>
<charParams l="716" t="886" r="734" b="909" charConfidence="34">u</charParams>
<charParams l="735" t="886" r="756" b="909"> </charParams>
<charParams l="757" t="887" r="770" b="909" charConfidence="26">e</charParams>
<charParams l="773" t="879" r="782" b="908" charConfidence="100">i</charParams>
<charParams l="784" t="886" r="801" b="908" charConfidence="34">n</charParams>
<charParams l="805" t="886" r="817" b="908" charConfidence="27">e</charParams>
<charParams l="818" t="885" r="834" b="907" suspicious="1" charConfidence="50">r</charParams>
<charParams l="835" t="885" r="856" b="907"> </charParams>
<charParams l="857" t="885" r="885" b="907" charConfidence="88">m</charParams>
<charParams l="888" t="886" r="904" b="908" suspicious="1" charConfidence="24">u</charParams>
<charParams l="909" t="879" r="927" b="915" charConfidence="50">s</charParams>
<charParams l="909" t="879" r="927" b="915" suspicious="1" charConfidence="50">i</charParams>
<charParams l="929" t="886" r="941" b="908" suspicious="1" charConfidence="43">c</charParams>
<charParams l="942" t="886" r="958" b="909" charConfidence="44">a</charParams>
<charParams l="960" t="890" r="970" b="905" charConfidence="22">-</charParams></formatting></line>
<line baseline="968" l="187" t="936" r="971" b="978"><formatting lang="OldGerman">
<charParams l="187" t="940" r="198" b="970" charConfidence="100">l</charParams>
<charParams l="199" t="940" r="206" b="969" charConfidence="100">i</charParams>
<charParams l="210" t="940" r="223" b="977" charConfidence="32">s</charParams>
<charParams l="221" t="949" r="231" b="969" charConfidence="88">c</charParams>
<charParams l="232" t="939" r="247" b="976" charConfidence="42">h</charParams>
<charParams l="251" t="947" r="264" b="968" charConfidence="58">e</charParams>
<charParams l="266" t="947" r="284" b="969" charConfidence="33">n</charParams>
<charParams l="285" t="937" r="326" b="969"> </charParams>
<charParams l="327" t="937" r="351" b="968" charConfidence="60">U</charParams>
<charParams l="355" t="946" r="372" b="968" charConfidence="100">n</charParams>
<charParams l="376" t="943" r="386" b="968" charConfidence="28">t</charParams>
<charParams l="389" t="945" r="400" b="967" charConfidence="26">e</charParams>
<charParams l="404" t="945" r="416" b="968" charConfidence="29">r</charParams>
<charParams l="418" t="936" r="435" b="975" charConfidence="36">h</charParams>
<charParams l="439" t="946" r="454" b="968" charConfidence="55">a</charParams>
<charParams l="458" t="938" r="468" b="967" charConfidence="39">l</charParams>
<charParams l="470" t="942" r="480" b="967" charConfidence="60">t</charParams>
<charParams l="482" t="944" r="499" b="967" charConfidence="25">u</charParams>
<charParams l="503" t="944" r="520" b="966" charConfidence="67">n</charParams>
<charParams l="522" t="945" r="539" b="975" charConfidence="35">g</charParams>
<charParams l="540" t="944" r="578" b="975"> </charParams>
<charParams l="579" t="944" r="596" b="967" charConfidence="37">a</charParams>
<charParams l="598" t="944" r="616" b="967" charConfidence="100">u</charParams>
<charParams l="619" t="936" r="634" b="969" charConfidence="86">f</charParams>
<charParams l="631" t="939" r="643" b="976" charConfidence="53">z</charParams>
<charParams l="647" t="945" r="663" b="967" charConfidence="23">u</charParams>
<charParams l="667" t="945" r="680" b="967" charConfidence="72">r</charParams>
<charParams l="683" t="945" r="695" b="966" charConfidence="26">e</charParams>
<charParams l="696" t="944" r="713" b="975" charConfidence="26">g</charParams>
<charParams l="717" t="944" r="729" b="966" charConfidence="67">e</charParams>
<charParams l="732" t="944" r="748" b="967" charConfidence="52">n</charParams>
<charParams l="751" t="959" r="760" b="967" suspicious="1" charConfidence="69">.</charParams>
<charParams l="761" t="936" r="820" b="970"> </charParams>
<charParams l="821" t="936" r="845" b="970" charConfidence="33">C</charParams>
<charParams l="848" t="937" r="864" b="978" charConfidence="58">h</charParams>
<charParams l="868" t="947" r="883" b="968" charConfidence="100">a</charParams>
<charParams l="887" t="945" r="900" b="968" charConfidence="25">r</charParams>
<charParams l="903" t="939" r="911" b="969" charConfidence="85">l</charParams>
<charParams l="913" t="947" r="928" b="969" charConfidence="29">o</charParams>
<charParams l="932" t="944" r="942" b="969" charConfidence="58">t</charParams>
<charParams l="945" t="944" r="955" b="970" charConfidence="100">t</charParams>
<charParams l="957" t="948" r="971" b="971" charConfidence="27">e</charParams></formatting></line>
<line baseline="1029" l="186" t="996" r="967" b="1039"><formatting lang="OldGerman">
<charParams l="186" t="1000" r="199" b="1037" charConfidence="33">s</charParams>
<charParams l="200" t="1007" r="215" b="1037" charConfidence="30">p</charParams>
<charParams l="220" t="1001" r="227" b="1031" charConfidence="31">i</charParams>
<charParams l="231" t="1008" r="242" b="1031" charConfidence="24">e</charParams>
<charParams l="245" t="1001" r="253" b="1031" charConfidence="55">l</charParams>
<charParams l="256" t="1004" r="266" b="1031" charConfidence="65">t</charParams>
<charParams l="269" t="1007" r="283" b="1030" charConfidence="25">e</charParams>
<charParams l="284" t="998" r="312" b="1036"> </charParams>
<charParams l="313" t="998" r="326" b="1036" charConfidence="93">s</charParams>
<charParams l="324" t="1006" r="336" b="1029" charConfidence="42">e</charParams>
<charParams l="339" t="997" r="356" b="1037" charConfidence="70">h</charParams>
<charParams l="361" t="1006" r="374" b="1029" charConfidence="53">r</charParams>
<charParams l="375" t="1005" r="404" b="1036"> </charParams>
<charParams l="405" t="1005" r="422" b="1036" charConfidence="28">g</charParams>
<charParams l="425" t="1005" r="443" b="1028" charConfidence="56">u</charParams>
<charParams l="446" t="1001" r="457" b="1028" charConfidence="59">t</charParams>
<charParams l="458" t="996" r="480" b="1029"> </charParams>
<charParams l="481" t="996" r="505" b="1029" charConfidence="32">C</charParams>
<charParams l="508" t="998" r="515" b="1028" charConfidence="35">i</charParams>
<charParams l="518" t="1004" r="533" b="1026" charConfidence="33">a</charParams>
<charParams l="536" t="1006" r="552" b="1029" suspicious="1" charConfidence="27">v</charParams>
<charParams l="557" t="997" r="565" b="1029" charConfidence="32">i</charParams>
<charParams l="568" t="1006" r="579" b="1028" charConfidence="26">e</charParams>
<charParams l="583" t="1005" r="596" b="1027" charConfidence="35">r</charParams>
<charParams l="604" t="1006" r="613" b="1035" charConfidence="37">;</charParams>
<charParams l="614" t="996" r="657" b="1035"> </charParams>
<charParams l="658" t="996" r="683" b="1030" charConfidence="27">E</charParams>
<charParams l="687" t="999" r="702" b="1028" charConfidence="26">d</charParams>
<charParams l="707" t="1007" r="723" b="1029" charConfidence="32">u</charParams>
<charParams l="727" t="1007" r="742" b="1030" charConfidence="100">a</charParams>
<charParams l="747" t="1007" r="759" b="1030" charConfidence="28">r</charParams>
<charParams l="762" t="1000" r="777" b="1030" charConfidence="80">d</charParams>
<charParams l="778" t="1000" r="802" b="1031"> </charParams>
<charParams l="803" t="1008" r="820" b="1031" charConfidence="29">n</charParams>
<charParams l="824" t="1001" r="831" b="1032" charConfidence="100">i</charParams>
<charParams l="835" t="1001" r="860" b="1039" charConfidence="99">c</charParams>
<charParams l="835" t="1001" r="860" b="1039" charConfidence="99">h</charParams>
<charParams l="864" t="1006" r="876" b="1031" charConfidence="40">t</charParams>
<charParams l="877" t="1006" r="898" b="1031"> </charParams>
<charParams l="899" t="1008" r="910" b="1031" charConfidence="100">e</charParams>
<charParams l="915" t="1000" r="929" b="1031" charConfidence="37">b</charParams>
<charParams l="934" t="1009" r="945" b="1031" charConfidence="25">e</charParams>
<charParams l="949" t="1008" r="967" b="1032" charConfidence="26">n</charParams></formatting></line>
<line baseline="1091" l="185" t="1056" r="966" b="1102"><formatting lang="OldGerman">
<charParams l="185" t="1062" r="200" b="1098" charConfidence="80">s</charParams>
<charParams l="199" t="1070" r="214" b="1092" charConfidence="28">o</charParams>
<charParams l="215" t="1059" r="248" b="1092"> </charParams>
<charParams l="249" t="1059" r="264" b="1091" charConfidence="26">b</charParams>
<charParams l="268" t="1068" r="280" b="1090" charConfidence="26">e</charParams>
<charParams l="283" t="1068" r="297" b="1098" suspicious="1" charConfidence="22">g</charParams>
<charParams l="301" t="1067" r="318" b="1090" charConfidence="52">u</charParams>
<charParams l="322" t="1067" r="334" b="1090" charConfidence="25">e</charParams>
<charParams l="337" t="1065" r="364" b="1089" charConfidence="45">m</charParams>
<charParams l="365" t="1060" r="397" b="1089"> </charParams>
<charParams l="398" t="1060" r="414" b="1088" charConfidence="26">d</charParams>
<charParams l="417" t="1059" r="426" b="1089" charConfidence="100">i</charParams>
<charParams l="429" t="1065" r="442" b="1089" charConfidence="28">e</charParams>
<charParams l="443" t="1056" r="464" b="1095"> </charParams>
<charParams l="465" t="1056" r="489" b="1095" charConfidence="34">F</charParams>
<charParams l="491" t="1059" r="500" b="1089" charConfidence="91">l</charParams>
<charParams l="502" t="1057" r="516" b="1089" charConfidence="22">ö</charParams>
<charParams l="520" t="1063" r="530" b="1090" charConfidence="35">t</charParams>
<charParams l="533" t="1067" r="545" b="1090" charConfidence="44">e</charParams>
<charParams l="554" t="1068" r="561" b="1088" charConfidence="0">:</charParams>
<charParams l="562" t="1061" r="602" b="1090"> </charParams>
<charParams l="603" t="1061" r="618" b="1090" charConfidence="26">d</charParams>
<charParams l="622" t="1068" r="634" b="1092" charConfidence="32">e</charParams>
<charParams l="637" t="1068" r="654" b="1091" charConfidence="38">n</charParams>
<charParams l="657" t="1068" r="675" b="1091" charConfidence="100">n</charParams>
<charParams l="676" t="1068" r="699" b="1091"> </charParams>
<charParams l="700" t="1069" r="714" b="1091" charConfidence="46">o</charParams>
<charParams l="718" t="1060" r="734" b="1092" charConfidence="33">b</charParams>
<charParams l="735" t="1060" r="758" b="1094"> </charParams>
<charParams l="759" t="1071" r="771" b="1094" charConfidence="26">e</charParams>
<charParams l="774" t="1071" r="788" b="1093" charConfidence="53">r</charParams>
<charParams l="789" t="1062" r="810" b="1102"> </charParams>
<charParams l="811" t="1062" r="829" b="1102" charConfidence="100">s</charParams>
<charParams l="811" t="1062" r="829" b="1102" charConfidence="100">i</charParams>
<charParams l="831" t="1063" r="858" b="1101" charConfidence="72">c</charParams>
<charParams l="831" t="1063" r="858" b="1101" charConfidence="72">h</charParams>
<charParams l="859" t="1063" r="880" b="1102"> </charParams>
<charParams l="881" t="1071" r="898" b="1102" charConfidence="55">g</charParams>
<charParams l="902" t="1064" r="909" b="1094" charConfidence="50">l</charParams>
<charParams l="912" t="1071" r="924" b="1093" charConfidence="31">e</charParams>
<charParams l="928" t="1062" r="935" b="1093" charConfidence="100">i</charParams>
<charParams l="938" t="1063" r="966" b="1100" charConfidence="65">c</charParams>
<charParams l="938" t="1063" r="966" b="1100" charConfidence="65">h</charParams></formatting></line>
<line baseline="1153" l="183" t="1118" r="966" b="1163"><formatting lang="OldGerman">
<charParams l="183" t="1130" r="196" b="1163" charConfidence="26">z</charParams>
<charParams l="199" t="1129" r="217" b="1152" charConfidence="26">u</charParams>
<charParams l="218" t="1120" r="249" b="1157"> </charParams>
<charParams l="250" t="1120" r="271" b="1157" charConfidence="47">Z</charParams>
<charParams l="275" t="1129" r="287" b="1151" charConfidence="27">e</charParams>
<charParams l="291" t="1121" r="297" b="1151" charConfidence="100">i</charParams>
<charParams l="301" t="1125" r="311" b="1151" charConfidence="78">t</charParams>
<charParams l="314" t="1129" r="325" b="1150" charConfidence="100">e</charParams>
<charParams l="329" t="1128" r="347" b="1151" charConfidence="28">n</charParams>
<charParams l="348" t="1127" r="368" b="1151"> </charParams>
<charParams l="369" t="1127" r="387" b="1150" charConfidence="32">v</charParams>
<charParams l="391" t="1120" r="399" b="1150" charConfidence="27">i</charParams>
<charParams l="402" t="1127" r="414" b="1150" charConfidence="54">e</charParams>
<charParams l="417" t="1120" r="426" b="1150" charConfidence="100">l</charParams>
<charParams l="427" t="1118" r="445" b="1152"> </charParams>
<charParams l="446" t="1118" r="493" b="1152" charConfidence="28">M</charParams>
<charParams l="495" t="1119" r="512" b="1151" charConfidence="52">ü</charParams>
<charParams l="517" t="1120" r="532" b="1161" charConfidence="100">h</charParams>
<charParams l="537" t="1129" r="551" b="1152" charConfidence="45">e</charParams>
<charParams l="552" t="1129" r="572" b="1160"> </charParams>
<charParams l="573" t="1130" r="589" b="1160" charConfidence="55">g</charParams>
<charParams l="593" t="1130" r="605" b="1152" charConfidence="30">e</charParams>
<charParams l="607" t="1129" r="624" b="1161" charConfidence="57">g</charParams>
<charParams l="626" t="1131" r="639" b="1153" charConfidence="50">e</charParams>
<charParams l="642" t="1121" r="657" b="1154" charConfidence="26">b</charParams>
<charParams l="661" t="1131" r="673" b="1154" charConfidence="27">e</charParams>
<charParams l="676" t="1130" r="694" b="1154" charConfidence="32">n</charParams>
<charParams l="695" t="1122" r="717" b="1163"> </charParams>
<charParams l="718" t="1122" r="734" b="1163" suspicious="1" charConfidence="90">h</charParams>
<charParams l="738" t="1132" r="754" b="1155" charConfidence="64">a</charParams>
<charParams l="758" t="1129" r="768" b="1155" charConfidence="40">t</charParams>
<charParams l="771" t="1130" r="781" b="1155" charConfidence="27">t</charParams>
<charParams l="783" t="1133" r="796" b="1155" charConfidence="43">e</charParams>
<charParams l="803" t="1147" r="813" b="1162" charConfidence="100">,</charParams>
<charParams l="814" t="1125" r="852" b="1162"> </charParams>
<charParams l="853" t="1125" r="867" b="1162" charConfidence="97">s</charParams>
<charParams l="866" t="1134" r="880" b="1155" charConfidence="100">o</charParams>
<charParams l="881" t="1131" r="902" b="1155"> </charParams>
<charParams l="903" t="1131" r="930" b="1155" charConfidence="62">w</charParams>
<charParams l="933" t="1131" r="948" b="1154" charConfidence="54">a</charParams>
<charParams l="952" t="1130" r="966" b="1154" charConfidence="56">r</charParams></formatting></line>
<line baseline="1214" l="183" t="1181" r="964" b="1224"><formatting lang="OldGerman">
<charParams l="183" t="1185" r="193" b="1215" charConfidence="24">i</charParams>
<charParams l="197" t="1183" r="214" b="1224" charConfidence="72">h</charParams>
<charParams l="218" t="1191" r="245" b="1214" charConfidence="26">m</charParams>
<charParams l="246" t="1185" r="275" b="1214"> </charParams>
<charParams l="276" t="1185" r="294" b="1213" charConfidence="25">d</charParams>
<charParams l="297" t="1190" r="312" b="1213" charConfidence="35">o</charParams>
<charParams l="315" t="1181" r="342" b="1220" suspicious="1" charConfidence="55">c</charParams>
<charParams l="315" t="1181" r="342" b="1220" suspicious="1" charConfidence="55">h</charParams>
<charParams l="343" t="1181" r="374" b="1220"> </charParams>
<charParams l="375" t="1189" r="392" b="1213" charConfidence="36">n</charParams>
<charParams l="397" t="1181" r="404" b="1212" charConfidence="100">i</charParams>
<charParams l="407" t="1181" r="434" b="1220" charConfidence="55">c</charParams>
<charParams l="407" t="1181" r="434" b="1220" charConfidence="55">h</charParams>
<charParams l="438" t="1186" r="449" b="1213" charConfidence="34">t</charParams>
<charParams l="450" t="1184" r="478" b="1213"> </charParams>
<charParams l="479" t="1184" r="494" b="1213" charConfidence="29">d</charParams>
<charParams l="499" t="1183" r="506" b="1213" charConfidence="100">i</charParams>
<charParams l="510" t="1191" r="523" b="1214" charConfidence="26">e</charParams>
<charParams l="524" t="1181" r="554" b="1214"> </charParams>
<charParams l="555" t="1181" r="587" b="1214" charConfidence="24">G</charParams>
<charParams l="592" t="1191" r="604" b="1213" charConfidence="34">e</charParams>
<charParams l="605" t="1185" r="622" b="1214" charConfidence="26">d</charParams>
<charParams l="626" t="1192" r="642" b="1215" charConfidence="42">u</charParams>
<charParams l="647" t="1185" r="655" b="1216" charConfidence="72">l</charParams>
<charParams l="657" t="1185" r="673" b="1215" charConfidence="26">d</charParams>
<charParams l="682" t="1206" r="693" b="1221" charConfidence="100">,</charParams>
<charParams l="694" t="1186" r="729" b="1221"> </charParams>
<charParams l="730" t="1186" r="746" b="1215" charConfidence="100">d</charParams>
<charParams l="751" t="1186" r="758" b="1216" charConfidence="29">i</charParams>
<charParams l="762" t="1192" r="774" b="1216" charConfidence="33">e</charParams>
<charParams l="775" t="1184" r="807" b="1217"> </charParams>
<charParams l="808" t="1184" r="837" b="1217" charConfidence="29">A</charParams>
<charParams l="839" t="1194" r="854" b="1217" charConfidence="26">u</charParams>
<charParams l="858" t="1189" r="873" b="1216" charConfidence="100">s</charParams>
<charParams l="878" t="1187" r="892" b="1216" charConfidence="25">d</charParams>
<charParams l="896" t="1193" r="910" b="1215" charConfidence="25">a</charParams>
<charParams l="915" t="1192" r="932" b="1216" charConfidence="100">u</charParams>
<charParams l="935" t="1192" r="947" b="1216" charConfidence="29">e</charParams>
<charParams l="950" t="1192" r="964" b="1215" charConfidence="27">r</charParams></formatting></line>
<line baseline="1276" l="181" t="1242" r="961" b="1286"><formatting lang="OldGerman">
<charParams l="181" t="1254" r="199" b="1276" charConfidence="24">v</charParams>
<charParams l="204" t="1253" r="215" b="1276" charConfidence="100">e</charParams>
<charParams l="219" t="1254" r="231" b="1276" charConfidence="23">r</charParams>
<charParams l="235" t="1246" r="242" b="1276" charConfidence="100">l</charParams>
<charParams l="246" t="1246" r="254" b="1276" charConfidence="100">i</charParams>
<charParams l="256" t="1253" r="268" b="1276" charConfidence="26">e</charParams>
<charParams l="271" t="1243" r="288" b="1286" charConfidence="73">h</charParams>
<charParams l="292" t="1252" r="303" b="1276" charConfidence="100">e</charParams>
<charParams l="307" t="1251" r="324" b="1275" charConfidence="30">n</charParams>
<charParams l="338" t="1266" r="347" b="1281" charConfidence="73">,</charParams>
<charParams l="348" t="1246" r="384" b="1281"> </charParams>
<charParams l="385" t="1246" r="400" b="1273" charConfidence="26">d</charParams>
<charParams l="405" t="1244" r="411" b="1273" charConfidence="100">i</charParams>
<charParams l="415" t="1251" r="428" b="1274" charConfidence="25">e</charParams>
<charParams l="429" t="1250" r="458" b="1284"> </charParams>
<charParams l="459" t="1250" r="471" b="1284" charConfidence="39">z</charParams>
<charParams l="475" t="1251" r="492" b="1274" charConfidence="31">u</charParams>
<charParams l="495" t="1252" r="509" b="1274" charConfidence="55">r</charParams>
<charParams l="510" t="1242" r="543" b="1275"> </charParams>
<charParams l="544" t="1242" r="572" b="1275" charConfidence="25">A</charParams>
<charParams l="573" t="1252" r="590" b="1275" charConfidence="100">u</charParams>
<charParams l="594" t="1248" r="609" b="1274" charConfidence="100">s</charParams>
<charParams l="613" t="1243" r="628" b="1274" charConfidence="31">b</charParams>
<charParams l="631" t="1245" r="639" b="1274" charConfidence="27">i</charParams>
<charParams l="643" t="1245" r="652" b="1275" charConfidence="46">l</charParams>
<charParams l="654" t="1247" r="670" b="1276" charConfidence="39">d</charParams>
<charParams l="673" t="1252" r="690" b="1279" charConfidence="24">u</charParams>
<charParams l="693" t="1253" r="711" b="1275" charConfidence="42">n</charParams>
<charParams l="713" t="1253" r="730" b="1283" charConfidence="43">g</charParams>
<charParams l="731" t="1253" r="754" b="1283"> </charParams>
<charParams l="755" t="1254" r="768" b="1276" charConfidence="41">e</charParams>
<charParams l="771" t="1246" r="779" b="1275" charConfidence="46">i</charParams>
<charParams l="782" t="1253" r="798" b="1276" charConfidence="26">n</charParams>
<charParams l="803" t="1254" r="815" b="1275" charConfidence="56">e</charParams>
<charParams l="818" t="1249" r="833" b="1276" charConfidence="100">s</charParams>
<charParams l="834" t="1247" r="856" b="1283"> </charParams>
<charParams l="857" t="1247" r="872" b="1283" charConfidence="60">s</charParams>
<charParams l="870" t="1255" r="884" b="1276" charConfidence="46">o</charParams>
<charParams l="889" t="1249" r="895" b="1277" charConfidence="41">l</charParams>
<charParams l="898" t="1246" r="924" b="1283" charConfidence="59">c</charParams>
<charParams l="898" t="1246" r="924" b="1283" charConfidence="59">h</charParams>
<charParams l="929" t="1253" r="941" b="1276" charConfidence="55">e</charParams>
<charParams l="944" t="1253" r="961" b="1276" charConfidence="37">n</charParams></formatting></line>
<line baseline="1336" l="182" t="1301" r="963" b="1344"><formatting lang="OldGerman">
<charParams l="182" t="1306" r="210" b="1339" charConfidence="40">T</charParams>
<charParams l="213" t="1315" r="228" b="1337" charConfidence="54">a</charParams>
<charParams l="233" t="1308" r="241" b="1338" charConfidence="40">l</charParams>
<charParams l="244" t="1315" r="255" b="1337" charConfidence="25">e</charParams>
<charParams l="259" t="1315" r="275" b="1338" charConfidence="72">n</charParams>
<charParams l="279" t="1311" r="289" b="1338" charConfidence="71">t</charParams>
<charParams l="291" t="1314" r="303" b="1338" charConfidence="28">e</charParams>
<charParams l="307" t="1309" r="323" b="1337" charConfidence="100">s</charParams>
<charParams l="324" t="1309" r="343" b="1343"> </charParams>
<charParams l="344" t="1313" r="360" b="1343" charConfidence="54">g</charParams>
<charParams l="365" t="1313" r="376" b="1336" charConfidence="26">e</charParams>
<charParams l="379" t="1302" r="395" b="1342" charConfidence="80">h</charParams>
<charParams l="400" t="1303" r="413" b="1334" charConfidence="22">ö</charParams>
<charParams l="417" t="1311" r="430" b="1334" charConfidence="69">r</charParams>
<charParams l="433" t="1309" r="443" b="1335" charConfidence="41">t</charParams>
<charParams l="446" t="1326" r="453" b="1334" charConfidence="100">.</charParams>
<charParams l="454" t="1301" r="477" b="1335"> </charParams>
<charParams l="478" t="1301" r="505" b="1335" charConfidence="27">E</charParams>
<charParams l="507" t="1312" r="521" b="1334" charConfidence="26">r</charParams>
<charParams l="522" t="1304" r="542" b="1341"> </charParams>
<charParams l="543" t="1304" r="558" b="1341" charConfidence="35">f</charParams>
<charParams l="557" t="1303" r="573" b="1335" charConfidence="65">ü</charParams>
<charParams l="578" t="1303" r="594" b="1343" charConfidence="75">h</charParams>
<charParams l="597" t="1312" r="610" b="1335" charConfidence="38">r</charParams>
<charParams l="614" t="1309" r="624" b="1335" charConfidence="57">t</charParams>
<charParams l="626" t="1313" r="639" b="1336" charConfidence="28">e</charParams>
<charParams l="640" t="1306" r="657" b="1336"> </charParams>
<charParams l="658" t="1306" r="673" b="1335" charConfidence="26">d</charParams>
<charParams l="677" t="1313" r="689" b="1335" charConfidence="47">e</charParams>
<charParams l="692" t="1308" r="707" b="1335" charConfidence="100">s</charParams>
<charParams l="710" t="1304" r="727" b="1343" charConfidence="85">h</charParams>
<charParams l="732" t="1313" r="747" b="1335" charConfidence="37">a</charParams>
<charParams l="751" t="1305" r="759" b="1336" charConfidence="45">l</charParams>
<charParams l="763" t="1304" r="779" b="1335" charConfidence="29">b</charParams>
<charParams l="780" t="1304" r="794" b="1341"> </charParams>
<charParams l="795" t="1305" r="808" b="1341" charConfidence="100">s</charParams>
<charParams l="806" t="1313" r="818" b="1335" charConfidence="100">e</charParams>
<charParams l="822" t="1306" r="829" b="1335" charConfidence="100">i</charParams>
<charParams l="833" t="1313" r="849" b="1336" charConfidence="100">n</charParams>
<charParams l="853" t="1314" r="866" b="1336" charConfidence="36">e</charParams>
<charParams l="867" t="1306" r="882" b="1344"> </charParams>
<charParams l="883" t="1306" r="915" b="1344" charConfidence="44">P</charParams>
<charParams l="919" t="1315" r="933" b="1337" charConfidence="100">a</charParams>
<charParams l="938" t="1314" r="951" b="1337" charConfidence="30">r</charParams>
<charParams l="953" t="1318" r="963" b="1334" charConfidence="22">¬</charParams></formatting></line>
<line baseline="1396" l="180" t="1363" r="962" b="1408"><formatting lang="OldGerman">
<charParams l="180" t="1371" r="191" b="1398" charConfidence="30">t</charParams>
<charParams l="195" t="1369" r="202" b="1398" charConfidence="100">i</charParams>
<charParams l="205" t="1376" r="218" b="1398" charConfidence="27">e</charParams>
<charParams l="219" t="1368" r="255" b="1405"> </charParams>
<charParams l="256" t="1368" r="270" b="1405" charConfidence="100">s</charParams>
<charParams l="269" t="1377" r="280" b="1399" charConfidence="27">e</charParams>
<charParams l="284" t="1368" r="300" b="1408" charConfidence="83">h</charParams>
<charParams l="304" t="1376" r="317" b="1399" charConfidence="45">r</charParams>
<charParams l="318" t="1375" r="347" b="1399"> </charParams>
<charParams l="348" t="1375" r="364" b="1399" charConfidence="59">u</charParams>
<charParams l="368" t="1374" r="384" b="1398" charConfidence="53">n</charParams>
<charParams l="387" t="1373" r="403" b="1405" charConfidence="29">g</charParams>
<charParams l="407" t="1366" r="416" b="1396" charConfidence="49">l</charParams>
<charParams l="418" t="1373" r="429" b="1396" charConfidence="30">e</charParams>
<charParams l="433" t="1365" r="440" b="1396" charConfidence="100">i</charParams>
<charParams l="444" t="1365" r="471" b="1402" charConfidence="68">c</charParams>
<charParams l="444" t="1365" r="471" b="1402" charConfidence="68">h</charParams>
<charParams l="472" t="1365" r="505" b="1402"> </charParams>
<charParams l="506" t="1371" r="523" b="1394" charConfidence="32">a</charParams>
<charParams l="526" t="1372" r="543" b="1395" charConfidence="53">u</charParams>
<charParams l="546" t="1368" r="563" b="1395" charConfidence="100">s</charParams>
<charParams l="571" t="1386" r="581" b="1402" charConfidence="84">,</charParams>
<charParams l="582" t="1372" r="626" b="1402"> </charParams>
<charParams l="627" t="1372" r="640" b="1394" charConfidence="57">e</charParams>
<charParams l="644" t="1364" r="651" b="1394" charConfidence="65">i</charParams>
<charParams l="654" t="1372" r="671" b="1395" charConfidence="100">n</charParams>
<charParams l="675" t="1365" r="683" b="1394" charConfidence="27">i</charParams>
<charParams l="685" t="1373" r="702" b="1402" charConfidence="43">g</charParams>
<charParams l="706" t="1373" r="719" b="1395" charConfidence="26">e</charParams>
<charParams l="720" t="1363" r="749" b="1396"> </charParams>
<charParams l="750" t="1363" r="785" b="1396" charConfidence="40">S</charParams>
<charParams l="788" t="1370" r="799" b="1395" charConfidence="27">t</charParams>
<charParams l="802" t="1373" r="813" b="1395" charConfidence="26">e</charParams>
<charParams l="816" t="1366" r="835" b="1396" charConfidence="100">l</charParams>
<charParams l="816" t="1366" r="835" b="1396" charConfidence="100">l</charParams>
<charParams l="836" t="1375" r="848" b="1397" charConfidence="27">e</charParams>
<charParams l="851" t="1374" r="870" b="1396" suspicious="1" charConfidence="30">n</charParams>
<charParams l="871" t="1374" r="898" b="1403"> </charParams>
<charParams l="899" t="1374" r="916" b="1403" charConfidence="54">g</charParams>
<charParams l="920" t="1374" r="936" b="1396" charConfidence="27">u</charParams>
<charParams l="941" t="1372" r="952" b="1396" charConfidence="29">t</charParams>
<charParams l="951" t="1389" r="962" b="1403" charConfidence="91">,</charParams></formatting></line>
<line baseline="1459" l="177" t="1425" r="960" b="1468"><formatting lang="OldGerman">
<charParams l="177" t="1436" r="195" b="1458" charConfidence="42">n</charParams>
<charParams l="199" t="1437" r="215" b="1459" charConfidence="24">u</charParams>
<charParams l="219" t="1438" r="233" b="1459" charConfidence="53">r</charParams>
<charParams l="234" t="1438" r="254" b="1461"> </charParams>
<charParams l="255" t="1439" r="272" b="1461" charConfidence="56">v</charParams>
<charParams l="277" t="1432" r="284" b="1461" charConfidence="100">i</charParams>
<charParams l="287" t="1438" r="299" b="1461" charConfidence="26">e</charParams>
<charParams l="303" t="1430" r="320" b="1461" charConfidence="100">l</charParams>
<charParams l="303" t="1430" r="320" b="1461" charConfidence="100">l</charParams>
<charParams l="322" t="1439" r="334" b="1461" charConfidence="28">e</charParams>
<charParams l="338" t="1431" r="345" b="1461" charConfidence="100">i</charParams>
<charParams l="348" t="1430" r="374" b="1468" charConfidence="69">c</charParams>
<charParams l="348" t="1430" r="374" b="1468" charConfidence="69">h</charParams>
<charParams l="379" t="1434" r="389" b="1460" charConfidence="54">t</charParams>
<charParams l="390" t="1434" r="411" b="1468"> </charParams>
<charParams l="412" t="1435" r="424" b="1468" charConfidence="54">z</charParams>
<charParams l="427" t="1436" r="444" b="1459" charConfidence="60">u</charParams>
<charParams l="445" t="1434" r="463" b="1466"> </charParams>
<charParams l="464" t="1434" r="480" b="1466" charConfidence="57">g</charParams>
<charParams l="485" t="1436" r="496" b="1457" charConfidence="100">e</charParams>
<charParams l="500" t="1426" r="512" b="1464" charConfidence="44">s</charParams>
<charParams l="511" t="1426" r="537" b="1465" charConfidence="79">c</charParams>
<charParams l="511" t="1426" r="537" b="1465" charConfidence="79">h</charParams>
<charParams l="540" t="1433" r="566" b="1458" charConfidence="35">w</charParams>
<charParams l="570" t="1426" r="577" b="1458" charConfidence="100">i</charParams>
<charParams l="581" t="1434" r="597" b="1457" charConfidence="68">n</charParams>
<charParams l="602" t="1428" r="617" b="1457" suspicious="1" charConfidence="29">d</charParams>
<charParams l="628" t="1435" r="637" b="1465" charConfidence="62">;</charParams>
<charParams l="638" t="1425" r="663" b="1465"> </charParams>
<charParams l="664" t="1425" r="679" b="1458" charConfidence="63">b</charParams>
<charParams l="683" t="1434" r="695" b="1457" charConfidence="34">e</charParams>
<charParams l="698" t="1434" r="714" b="1464" charConfidence="28">y</charParams>
<charParams l="715" t="1434" r="730" b="1464"> </charParams>
<charParams l="731" t="1435" r="746" b="1458" charConfidence="25">a</charParams>
<charParams l="751" t="1435" r="767" b="1458" charConfidence="100">n</charParams>
<charParams l="772" t="1429" r="786" b="1458" charConfidence="27">d</charParams>
<charParams l="791" t="1434" r="803" b="1458" charConfidence="54">e</charParams>
<charParams l="806" t="1435" r="818" b="1459" charConfidence="37">r</charParams>
<charParams l="821" t="1435" r="839" b="1459" charConfidence="59">n</charParams>
<charParams l="840" t="1433" r="856" b="1459"> </charParams>
<charParams l="857" t="1433" r="883" b="1458" charConfidence="26">w</charParams>
<charParams l="887" t="1427" r="894" b="1458" charConfidence="100">i</charParams>
<charParams l="898" t="1435" r="909" b="1458" charConfidence="26">e</charParams>
<charParams l="913" t="1428" r="928" b="1458" charConfidence="30">d</charParams>
<charParams l="932" t="1435" r="943" b="1459" charConfidence="100">e</charParams>
<charParams l="946" t="1435" r="960" b="1459" charConfidence="47">r</charParams></formatting></line></par>
</text>
</block>
</page>
</document>