﻿<?xml version="1.0" encoding="UTF-8" standalone="yes"?>
<document xmlns="http://www.abbyy.com/FineReader_xml/FineReader10-schema-v1.xml" version="1.0" producer="ABBYY FineReader Engine 11" languages="" xmlns:xsi="http://www.w3.org/2001/XMLSchema-instance" xsi:schemaLocation="http://www.abbyy.com/FineReader_xml/FineReader10-schema-v1.xml http://www.abbyy.com/FineReader_xml/FineReader10-schema-v1.xml">
<page width="1156" height="1782" resolution="300" originalCoords="1">
<block blockType="Text" blockName="">
<text>
<par startIndent="144">
<line baseline="87" l="552" t="60" r="597" b="90"><formatting lang="OldGerman">
<charParams l="552" t="61" r="576" b="90" charConfidence="28">4</charParams>
<charParams l="579" t="60" r="597" b="87" charConfidence="100">3</charParams></formatting></line></par>
</text>
</block>
<block blockType="Text" blockName="">
<text>
<par align="Justified" startIndent="245" lineSpacing="1440">
<line baseline="174" l="191" t="137" r="974" b="184"><formatting lang="OldGerman">
<charParams l="191" t="142" r="210" b="182" suspicious="1" charConfidence="39">h</charParams>
<charParams l="213" t="143" r="220" b="175" charConfidence="34">i</charParams>
<charParams l="224" t="151" r="236" b="174" charConfidence="25">e</charParams>
<charParams l="239" t="143" r="248" b="174" charConfidence="69">l</charParams>
<charParams l="249" t="145" r="261" b="174" charConfidence="89">t</charParams>
<charParams l="262" t="145" r="284" b="174"> </charParams>
<charParams l="285" t="150" r="296" b="174" charConfidence="25">e</charParams>
<charParams l="300" t="151" r="313" b="174" charConfidence="26">r</charParams>
<charParams l="314" t="151" r="336" b="174"> </charParams>
<charParams l="337" t="151" r="354" b="174" charConfidence="26">a</charParams>
<charParams l="357" t="150" r="375" b="174" charConfidence="31">n</charParams>
<charParams l="382" t="164" r="392" b="178" charConfidence="91">,</charParams>
<charParams l="393" t="146" r="414" b="178"> </charParams>
<charParams l="415" t="146" r="442" b="172" charConfidence="24">w</charParams>
<charParams l="446" t="148" r="457" b="171" charConfidence="26">e</charParams>
<charParams l="461" t="140" r="468" b="170" charConfidence="77">i</charParams>
<charParams l="472" t="140" r="480" b="171" charConfidence="100">l</charParams>
<charParams l="481" t="139" r="495" b="176"> </charParams>
<charParams l="496" t="139" r="515" b="176" charConfidence="54">s</charParams>
<charParams l="496" t="139" r="515" b="176" charConfidence="54">i</charParams>
<charParams l="517" t="146" r="529" b="169" charConfidence="33">e</charParams>
<charParams l="530" t="138" r="552" b="169"> </charParams>
<charParams l="553" t="138" r="562" b="168" charConfidence="100">i</charParams>
<charParams l="565" t="137" r="582" b="177" charConfidence="90">h</charParams>
<charParams l="586" t="145" r="615" b="169" charConfidence="100">m</charParams>
<charParams l="616" t="145" r="630" b="171"> </charParams>
<charParams l="631" t="147" r="650" b="171" charConfidence="100">n</charParams>
<charParams l="653" t="138" r="662" b="172" charConfidence="39">i</charParams>
<charParams l="666" t="141" r="692" b="177" charConfidence="28">c</charParams>
<charParams l="666" t="141" r="692" b="177" charConfidence="28">h</charParams>
<charParams l="696" t="147" r="707" b="174" charConfidence="68">t</charParams>
<charParams l="708" t="147" r="724" b="183"> </charParams>
<charParams l="725" t="151" r="742" b="183" charConfidence="16">g</charParams>
<charParams l="746" t="152" r="759" b="175" charConfidence="41">e</charParams>
<charParams l="762" t="144" r="770" b="176" charConfidence="33">l</charParams>
<charParams l="772" t="143" r="787" b="176" charConfidence="14">ä</charParams>
<charParams l="791" t="153" r="807" b="176" charConfidence="67">u</charParams>
<charParams l="811" t="145" r="829" b="183" charConfidence="100">f</charParams>
<charParams l="811" t="145" r="829" b="183" charConfidence="100">i</charParams>
<charParams l="831" t="154" r="848" b="184" charConfidence="29">g</charParams>
<charParams l="849" t="151" r="865" b="184"> </charParams>
<charParams l="866" t="151" r="893" b="178" charConfidence="24">w</charParams>
<charParams l="896" t="154" r="911" b="177" charConfidence="32">a</charParams>
<charParams l="915" t="152" r="928" b="177" charConfidence="38">r</charParams>
<charParams l="930" t="153" r="942" b="176" charConfidence="25">e</charParams>
<charParams l="945" t="152" r="963" b="177" charConfidence="39">n</charParams>
<charParams l="964" t="167" r="974" b="181" charConfidence="91">,</charParams></formatting></line>
<line baseline="233" l="191" t="197" r="974" b="245"><formatting lang="OldGerman">
<charParams l="191" t="211" r="210" b="233" charConfidence="55">u</charParams>
<charParams l="213" t="211" r="230" b="233" charConfidence="75">n</charParams>
<charParams l="233" t="205" r="249" b="233" charConfidence="32">d</charParams>
<charParams l="250" t="202" r="279" b="241"> </charParams>
<charParams l="280" t="202" r="295" b="241" charConfidence="40">s</charParams>
<charParams l="294" t="212" r="308" b="234" charConfidence="32">o</charParams>
<charParams l="309" t="211" r="340" b="234"> </charParams>
<charParams l="341" t="211" r="367" b="234" charConfidence="25">w</charParams>
<charParams l="370" t="202" r="385" b="232" charConfidence="27">ä</charParams>
<charParams l="389" t="210" r="402" b="233" charConfidence="39">r</charParams>
<charParams l="404" t="202" r="413" b="215" charConfidence="65">&apos;</charParams>
<charParams l="414" t="202" r="436" b="231"> </charParams>
<charParams l="437" t="210" r="450" b="231" charConfidence="26">e</charParams>
<charParams l="452" t="204" r="467" b="231" suspicious="1" charConfidence="100">S</charParams>
<charParams l="468" t="198" r="490" b="234"> </charParams>
<charParams l="491" t="198" r="506" b="234" charConfidence="36">f</charParams>
<charParams l="505" t="197" r="522" b="228" charConfidence="59">ü</charParams>
<charParams l="525" t="206" r="538" b="228" charConfidence="100">r</charParams>
<charParams l="539" t="200" r="561" b="235"> </charParams>
<charParams l="562" t="200" r="571" b="235" charConfidence="37">j</charParams>
<charParams l="574" t="207" r="586" b="229" charConfidence="27">e</charParams>
<charParams l="589" t="200" r="605" b="229" charConfidence="41">d</charParams>
<charParams l="608" t="207" r="620" b="229" charConfidence="27">e</charParams>
<charParams l="623" t="207" r="640" b="229" charConfidence="36">n</charParams>
<charParams l="641" t="199" r="664" b="233"> </charParams>
<charParams l="665" t="199" r="695" b="233" charConfidence="26">A</charParams>
<charParams l="696" t="210" r="713" b="234" charConfidence="28">n</charParams>
<charParams l="717" t="206" r="732" b="234" charConfidence="27">d</charParams>
<charParams l="736" t="213" r="748" b="235" charConfidence="46">e</charParams>
<charParams l="751" t="212" r="764" b="235" charConfidence="28">r</charParams>
<charParams l="767" t="213" r="784" b="235" charConfidence="28">n</charParams>
<charParams l="785" t="205" r="806" b="241"> </charParams>
<charParams l="807" t="205" r="822" b="241" charConfidence="100">s</charParams>
<charParams l="819" t="206" r="846" b="241" charConfidence="100">c</charParams>
<charParams l="819" t="206" r="846" b="241" charConfidence="100">h</charParams>
<charParams l="849" t="213" r="875" b="238" charConfidence="29">w</charParams>
<charParams l="879" t="215" r="891" b="236" charConfidence="46">e</charParams>
<charParams l="894" t="214" r="907" b="237" charConfidence="43">r</charParams>
<charParams l="908" t="214" r="928" b="245"> </charParams>
<charParams l="929" t="214" r="947" b="245" charConfidence="100">g</charParams>
<charParams l="950" t="214" r="962" b="236" charConfidence="33">e</charParams>
<charParams l="963" t="217" r="974" b="233" charConfidence="22">¬</charParams></formatting></line>
<line baseline="293" l="188" t="258" r="973" b="305"><formatting lang="OldGerman">
<charParams l="188" t="269" r="216" b="294" charConfidence="30">w</charParams>
<charParams l="219" t="272" r="231" b="293" charConfidence="37">e</charParams>
<charParams l="235" t="264" r="248" b="301" charConfidence="39">s</charParams>
<charParams l="246" t="272" r="258" b="293" charConfidence="30">e</charParams>
<charParams l="260" t="272" r="279" b="294" charConfidence="54">n</charParams>
<charParams l="280" t="272" r="314" b="294"> </charParams>
<charParams l="315" t="273" r="328" b="294" charConfidence="61">e</charParams>
<charParams l="331" t="264" r="338" b="294" charConfidence="85">i</charParams>
<charParams l="342" t="271" r="360" b="293" suspicious="1" charConfidence="29">n</charParams>
<charParams l="361" t="260" r="397" b="293"> </charParams>
<charParams l="398" t="260" r="432" b="291" charConfidence="47">D</charParams>
<charParams l="436" t="268" r="453" b="290" charConfidence="37">u</charParams>
<charParams l="456" t="267" r="468" b="290" charConfidence="27">e</charParams>
<charParams l="471" t="264" r="481" b="290" charConfidence="32">t</charParams>
<charParams l="485" t="263" r="495" b="288" charConfidence="69">t</charParams>
<charParams l="496" t="263" r="532" b="288"> </charParams>
<charParams l="533" t="265" r="562" b="288" charConfidence="100">m</charParams>
<charParams l="565" t="259" r="573" b="289" charConfidence="39">i</charParams>
<charParams l="576" t="264" r="587" b="289" charConfidence="59">t</charParams>
<charParams l="588" t="260" r="625" b="290"> </charParams>
<charParams l="626" t="260" r="635" b="290" charConfidence="31">i</charParams>
<charParams l="638" t="258" r="655" b="296" charConfidence="48">h</charParams>
<charParams l="658" t="267" r="686" b="292" charConfidence="62">m</charParams>
<charParams l="687" t="266" r="720" b="294"> </charParams>
<charParams l="721" t="266" r="736" b="294" charConfidence="27">d</charParams>
<charParams l="740" t="272" r="756" b="295" charConfidence="30">u</charParams>
<charParams l="760" t="272" r="774" b="295" charConfidence="48">r</charParams>
<charParams l="776" t="266" r="803" b="302" charConfidence="100">c</charParams>
<charParams l="776" t="266" r="803" b="302" suspicious="1" charConfidence="100">h</charParams>
<charParams l="805" t="274" r="817" b="305" charConfidence="40">z</charParams>
<charParams l="821" t="275" r="838" b="296" suspicious="1" charConfidence="100">u</charParams>
<charParams l="842" t="265" r="858" b="297" charConfidence="34">b</charParams>
<charParams l="862" t="275" r="874" b="298" charConfidence="62">r</charParams>
<charParams l="878" t="267" r="885" b="297" suspicious="1" charConfidence="-1">i</charParams>
<charParams l="889" t="276" r="905" b="297" charConfidence="58">n</charParams>
<charParams l="908" t="275" r="924" b="305" charConfidence="33">g</charParams>
<charParams l="928" t="275" r="941" b="298" charConfidence="32">e</charParams>
<charParams l="944" t="275" r="961" b="298" charConfidence="29">n</charParams>
<charParams l="963" t="289" r="973" b="297" charConfidence="96">.</charParams></formatting></line>
<line baseline="352" l="188" t="317" r="973" b="365"><formatting lang="OldGerman">
<charParams l="188" t="321" r="216" b="355" charConfidence="31">A</charParams>
<charParams l="219" t="322" r="234" b="354" charConfidence="46">b</charParams>
<charParams l="236" t="332" r="250" b="354" charConfidence="100">e</charParams>
<charParams l="254" t="331" r="267" b="354" suspicious="1" charConfidence="25">r</charParams>
<charParams l="268" t="322" r="296" b="354"> </charParams>
<charParams l="297" t="322" r="321" b="354" charConfidence="33">C</charParams>
<charParams l="324" t="321" r="341" b="361" charConfidence="33">h</charParams>
<charParams l="344" t="328" r="360" b="351" charConfidence="48">a</charParams>
<charParams l="364" t="329" r="376" b="351" charConfidence="40">r</charParams>
<charParams l="378" t="322" r="387" b="351" charConfidence="47">l</charParams>
<charParams l="389" t="328" r="404" b="350" charConfidence="41">o</charParams>
<charParams l="407" t="324" r="418" b="350" charConfidence="51">t</charParams>
<charParams l="421" t="324" r="430" b="349" charConfidence="33">t</charParams>
<charParams l="433" t="326" r="446" b="348" charConfidence="35">e</charParams>
<charParams l="447" t="323" r="474" b="349"> </charParams>
<charParams l="475" t="323" r="501" b="349" charConfidence="55">w</charParams>
<charParams l="504" t="325" r="521" b="348" charConfidence="57">u</charParams>
<charParams l="525" t="317" r="541" b="353" charConfidence="28">ß</charParams>
<charParams l="544" t="323" r="555" b="348" charConfidence="40">t</charParams>
<charParams l="557" t="326" r="571" b="348" charConfidence="51">e</charParams>
<charParams l="572" t="317" r="598" b="357"> </charParams>
<charParams l="599" t="317" r="619" b="357" charConfidence="53">s</charParams>
<charParams l="599" t="317" r="619" b="357" charConfidence="53">i</charParams>
<charParams l="621" t="319" r="648" b="355" charConfidence="100">c</charParams>
<charParams l="621" t="319" r="648" b="355" charConfidence="100">h</charParams>
<charParams l="649" t="345" r="659" b="349" charConfidence="54">.</charParams>
<charParams l="660" t="321" r="676" b="351"> </charParams>
<charParams l="677" t="321" r="695" b="351" charConfidence="100">d</charParams>
<charParams l="698" t="330" r="715" b="352" charConfidence="33">a</charParams>
<charParams l="717" t="330" r="730" b="353" charConfidence="73">r</charParams>
<charParams l="733" t="331" r="746" b="353" charConfidence="27">e</charParams>
<charParams l="748" t="324" r="757" b="353" charConfidence="32">i</charParams>
<charParams l="759" t="331" r="779" b="357" charConfidence="24">n</charParams>
<charParams l="780" t="331" r="800" b="365"> </charParams>
<charParams l="801" t="333" r="813" b="365" charConfidence="39">z</charParams>
<charParams l="815" t="333" r="834" b="356" charConfidence="100">u</charParams>
<charParams l="835" t="326" r="858" b="364"> </charParams>
<charParams l="859" t="326" r="877" b="364" charConfidence="100">f</charParams>
<charParams l="859" t="326" r="877" b="364" charConfidence="100">i</charParams>
<charParams l="880" t="334" r="897" b="357" charConfidence="54">n</charParams>
<charParams l="901" t="329" r="917" b="357" charConfidence="26">d</charParams>
<charParams l="920" t="335" r="932" b="357" charConfidence="30">e</charParams>
<charParams l="935" t="335" r="953" b="358" suspicious="1" charConfidence="34">n</charParams>
<charParams l="963" t="336" r="973" b="365" charConfidence="47">;</charParams></formatting></line>
<line baseline="411" l="189" t="377" r="973" b="425"><formatting lang="OldGerman">
<charParams l="189" t="384" r="208" b="421" charConfidence="82">s</charParams>
<charParams l="189" t="384" r="208" b="421" charConfidence="82">i</charParams>
<charParams l="210" t="392" r="224" b="413" charConfidence="35">e</charParams>
<charParams l="225" t="382" r="259" b="420"> </charParams>
<charParams l="260" t="382" r="279" b="420" suspicious="1" charConfidence="41">h</charParams>
<charParams l="282" t="382" r="291" b="411" charConfidence="30">i</charParams>
<charParams l="294" t="390" r="305" b="411" charConfidence="25">e</charParams>
<charParams l="309" t="383" r="317" b="411" charConfidence="49">l</charParams>
<charParams l="320" t="386" r="330" b="411" charConfidence="27">t</charParams>
<charParams l="331" t="386" r="368" b="411"> </charParams>
<charParams l="369" t="387" r="385" b="409" charConfidence="30">a</charParams>
<charParams l="388" t="387" r="405" b="409" charConfidence="41">n</charParams>
<charParams l="406" t="386" r="435" b="409"> </charParams>
<charParams l="436" t="386" r="453" b="408" charConfidence="64">u</charParams>
<charParams l="457" t="386" r="473" b="407" charConfidence="99">n</charParams>
<charParams l="478" t="378" r="493" b="407" charConfidence="29">d</charParams>
<charParams l="494" t="378" r="523" b="408"> </charParams>
<charParams l="524" t="378" r="532" b="408" charConfidence="73">l</charParams>
<charParams l="535" t="378" r="543" b="407" charConfidence="100">i</charParams>
<charParams l="546" t="386" r="558" b="407" charConfidence="61">e</charParams>
<charParams l="561" t="377" r="578" b="413" charConfidence="29">ß</charParams>
<charParams l="579" t="377" r="607" b="416"> </charParams>
<charParams l="608" t="378" r="627" b="416" charConfidence="100">s</charParams>
<charParams l="608" t="378" r="627" b="416" charConfidence="100">i</charParams>
<charParams l="629" t="379" r="656" b="415" charConfidence="100">c</charParams>
<charParams l="629" t="379" r="656" b="415" charConfidence="100">h</charParams>
<charParams l="657" t="379" r="687" b="415"> </charParams>
<charParams l="688" t="388" r="715" b="411" charConfidence="30">w</charParams>
<charParams l="718" t="382" r="726" b="411" charConfidence="45">i</charParams>
<charParams l="730" t="390" r="743" b="412" charConfidence="32">e</charParams>
<charParams l="745" t="385" r="760" b="413" charConfidence="29">d</charParams>
<charParams l="764" t="391" r="776" b="413" charConfidence="26">e</charParams>
<charParams l="779" t="391" r="793" b="413" charConfidence="44">r</charParams>
<charParams l="794" t="391" r="823" b="414"> </charParams>
<charParams l="824" t="393" r="841" b="414" charConfidence="52">v</charParams>
<charParams l="845" t="393" r="860" b="415" charConfidence="40">o</charParams>
<charParams l="863" t="392" r="881" b="417" charConfidence="32">n</charParams>
<charParams l="882" t="388" r="911" b="417"> </charParams>
<charParams l="912" t="388" r="921" b="416" charConfidence="33">i</charParams>
<charParams l="923" t="387" r="940" b="425" charConfidence="77">h</charParams>
<charParams l="944" t="394" r="973" b="417" charConfidence="100">m</charParams></formatting></line>
<line baseline="470" l="185" t="435" r="974" b="482"><formatting lang="OldGerman">
<charParams l="185" t="441" r="203" b="477" charConfidence="27">f</charParams>
<charParams l="201" t="449" r="215" b="471" charConfidence="49">o</charParams>
<charParams l="219" t="448" r="232" b="471" charConfidence="45">r</charParams>
<charParams l="235" t="445" r="244" b="470" charConfidence="43">t</charParams>
<charParams l="247" t="448" r="261" b="470" charConfidence="54">r</charParams>
<charParams l="263" t="448" r="275" b="470" charConfidence="26">e</charParams>
<charParams l="279" t="439" r="286" b="470" charConfidence="33">i</charParams>
<charParams l="289" t="439" r="305" b="476" charConfidence="28">ß</charParams>
<charParams l="308" t="447" r="321" b="469" charConfidence="40">e</charParams>
<charParams l="324" t="446" r="341" b="469" charConfidence="27">n</charParams>
<charParams l="343" t="460" r="352" b="475" charConfidence="100">,</charParams>
<charParams l="353" t="446" r="376" b="475"> </charParams>
<charParams l="377" t="446" r="393" b="469" charConfidence="43">u</charParams>
<charParams l="397" t="446" r="414" b="468" charConfidence="36">n</charParams>
<charParams l="417" t="440" r="433" b="468" charConfidence="31">d</charParams>
<charParams l="434" t="440" r="449" b="468"> </charParams>
<charParams l="450" t="446" r="468" b="468" charConfidence="28">v</charParams>
<charParams l="472" t="444" r="484" b="468" charConfidence="43">e</charParams>
<charParams l="487" t="446" r="499" b="467" charConfidence="100">r</charParams>
<charParams l="502" t="436" r="515" b="473" charConfidence="100">s</charParams>
<charParams l="514" t="445" r="529" b="467" charConfidence="28">a</charParams>
<charParams l="533" t="435" r="550" b="473" charConfidence="58">h</charParams>
<charParams l="551" t="435" r="574" b="473"> </charParams>
<charParams l="575" t="445" r="591" b="468" charConfidence="66">a</charParams>
<charParams l="595" t="438" r="603" b="468" charConfidence="54">l</charParams>
<charParams l="606" t="437" r="619" b="475" charConfidence="67">s</charParams>
<charParams l="617" t="446" r="632" b="468" charConfidence="61">o</charParams>
<charParams l="633" t="440" r="652" b="468"> </charParams>
<charParams l="653" t="440" r="668" b="468" charConfidence="28">d</charParams>
<charParams l="673" t="438" r="681" b="470" charConfidence="25">l</charParams>
<charParams l="684" t="447" r="697" b="470" charConfidence="26">e</charParams>
<charParams l="698" t="442" r="715" b="470"> </charParams>
<charParams l="716" t="442" r="731" b="470" charConfidence="30">d</charParams>
<charParams l="735" t="449" r="750" b="471" charConfidence="70">o</charParams>
<charParams l="752" t="449" r="770" b="477" charConfidence="31">p</charParams>
<charParams l="772" t="449" r="789" b="478" charConfidence="100">p</charParams>
<charParams l="792" t="450" r="805" b="472" charConfidence="45">e</charParams>
<charParams l="807" t="443" r="817" b="473" charConfidence="96">l</charParams>
<charParams l="820" t="447" r="829" b="473" charConfidence="46">t</charParams>
<charParams l="832" t="451" r="845" b="473" charConfidence="25">e</charParams>
<charParams l="846" t="442" r="861" b="482"> </charParams>
<charParams l="862" t="442" r="895" b="482" charConfidence="59">P</charParams>
<charParams l="899" t="445" r="918" b="481" charConfidence="22">f</charParams>
<charParams l="899" t="445" r="918" b="481" charConfidence="22">l</charParams>
<charParams l="921" t="446" r="929" b="475" charConfidence="39">i</charParams>
<charParams l="932" t="446" r="958" b="482" charConfidence="100">c</charParams>
<charParams l="932" t="446" r="958" b="482" charConfidence="100">h</charParams>
<charParams l="962" t="451" r="974" b="476" charConfidence="48">t</charParams></formatting></line>
<line baseline="530" l="185" t="497" r="973" b="540"><formatting lang="OldGerman">
<charParams l="185" t="508" r="199" b="530" charConfidence="25">e</charParams>
<charParams l="202" t="501" r="210" b="531" charConfidence="42">i</charParams>
<charParams l="213" t="508" r="230" b="530" charConfidence="100">n</charParams>
<charParams l="234" t="507" r="245" b="530" charConfidence="34">e</charParams>
<charParams l="250" t="502" r="265" b="529" charConfidence="-1">s</charParams>
<charParams l="266" t="502" r="294" b="537"> </charParams>
<charParams l="295" t="507" r="312" b="537" charConfidence="25">g</charParams>
<charParams l="316" t="507" r="332" b="529" charConfidence="42">u</charParams>
<charParams l="336" t="504" r="347" b="530" charConfidence="52">t</charParams>
<charParams l="350" t="507" r="362" b="530" charConfidence="29">e</charParams>
<charParams l="365" t="507" r="382" b="530" charConfidence="29">n</charParams>
<charParams l="383" t="497" r="413" b="530"> </charParams>
<charParams l="414" t="497" r="444" b="529" charConfidence="41">K</charParams>
<charParams l="446" t="507" r="460" b="528" charConfidence="24">a</charParams>
<charParams l="465" t="506" r="481" b="536" charConfidence="100">p</charParams>
<charParams l="485" t="506" r="497" b="528" charConfidence="59">e</charParams>
<charParams l="500" t="497" r="508" b="528" charConfidence="46">l</charParams>
<charParams l="508" t="497" r="517" b="529" charConfidence="44">l</charParams>
<charParams l="520" t="505" r="547" b="528" charConfidence="59">m</charParams>
<charParams l="551" t="506" r="563" b="529" charConfidence="27">e</charParams>
<charParams l="567" t="498" r="574" b="528" charConfidence="81">i</charParams>
<charParams l="578" t="498" r="598" b="537" charConfidence="30">s</charParams>
<charParams l="578" t="498" r="598" b="537" charConfidence="30">t</charParams>
<charParams l="600" t="506" r="612" b="529" charConfidence="37">e</charParams>
<charParams l="615" t="506" r="628" b="529" charConfidence="96">r</charParams>
<charParams l="630" t="500" r="646" b="528" charConfidence="-1">s</charParams>
<charParams l="647" t="500" r="678" b="530"> </charParams>
<charParams l="679" t="506" r="697" b="530" charConfidence="100">u</charParams>
<charParams l="700" t="506" r="717" b="529" charConfidence="100">n</charParams>
<charParams l="721" t="500" r="736" b="529" charConfidence="29">d</charParams>
<charParams l="737" t="500" r="771" b="529"> </charParams>
<charParams l="772" t="508" r="784" b="529" charConfidence="28">e</charParams>
<charParams l="788" t="500" r="796" b="530" charConfidence="53">i</charParams>
<charParams l="799" t="507" r="816" b="531" charConfidence="47">n</charParams>
<charParams l="820" t="508" r="831" b="531" charConfidence="28">e</charParams>
<charParams l="835" t="509" r="847" b="532" charConfidence="24">r</charParams>
<charParams l="848" t="500" r="870" b="532"> </charParams>
<charParams l="871" t="500" r="885" b="531" charConfidence="27">k</charParams>
<charParams l="887" t="504" r="895" b="533" charConfidence="48">l</charParams>
<charParams l="898" t="511" r="915" b="533" charConfidence="40">u</charParams>
<charParams l="917" t="510" r="934" b="540" charConfidence="26">g</charParams>
<charParams l="938" t="512" r="951" b="534" charConfidence="25">e</charParams>
<charParams l="953" t="511" r="973" b="534" charConfidence="26">n</charParams></formatting></line>
<line baseline="594" l="186" t="559" r="970" b="602"><formatting lang="OldGerman">
<charParams l="186" t="560" r="218" b="601" charConfidence="28">H</charParams>
<charParams l="221" t="571" r="236" b="594" charConfidence="100">a</charParams>
<charParams l="241" t="571" r="257" b="594" charConfidence="33">u</charParams>
<charParams l="260" t="565" r="276" b="594" charConfidence="86">s</charParams>
<charParams l="278" t="560" r="293" b="601" charConfidence="38">f</charParams>
<charParams l="293" t="571" r="304" b="594" charConfidence="25">r</charParams>
<charParams l="308" t="571" r="322" b="593" charConfidence="34">a</charParams>
<charParams l="326" t="571" r="343" b="594" charConfidence="80">u</charParams>
<charParams l="352" t="585" r="361" b="599" charConfidence="81">,</charParams>
<charParams l="362" t="565" r="385" b="599"> </charParams>
<charParams l="386" t="565" r="401" b="594" charConfidence="26">d</charParams>
<charParams l="405" t="562" r="413" b="593" charConfidence="100">i</charParams>
<charParams l="416" t="569" r="429" b="593" charConfidence="38">e</charParams>
<charParams l="430" t="561" r="451" b="593"> </charParams>
<charParams l="452" t="561" r="460" b="592" charConfidence="27">i</charParams>
<charParams l="464" t="568" r="491" b="594" suspicious="1" charConfidence="26">m</charParams>
<charParams l="492" t="559" r="516" b="594"> </charParams>
<charParams l="517" t="559" r="548" b="594" charConfidence="28">G</charParams>
<charParams l="552" t="569" r="568" b="592" charConfidence="28">a</charParams>
<charParams l="571" t="568" r="588" b="593" charConfidence="52">n</charParams>
<charParams l="592" t="569" r="603" b="602" charConfidence="94">z</charParams>
<charParams l="607" t="570" r="619" b="592" charConfidence="55">e</charParams>
<charParams l="622" t="569" r="640" b="593" charConfidence="72">n</charParams>
<charParams l="641" t="562" r="663" b="593"> </charParams>
<charParams l="664" t="562" r="673" b="593" charConfidence="37">i</charParams>
<charParams l="676" t="568" r="703" b="594" charConfidence="56">m</charParams>
<charParams l="708" t="569" r="734" b="593" charConfidence="43">m</charParams>
<charParams l="739" t="570" r="751" b="594" charConfidence="33">e</charParams>
<charParams l="754" t="570" r="767" b="595" charConfidence="31">r</charParams>
<charParams l="768" t="565" r="790" b="595"> </charParams>
<charParams l="791" t="565" r="806" b="594" charConfidence="27">d</charParams>
<charParams l="810" t="571" r="825" b="594" charConfidence="35">a</charParams>
<charParams l="829" t="565" r="845" b="594" charConfidence="100">s</charParams>
<charParams l="846" t="560" r="866" b="596"> </charParams>
<charParams l="867" t="560" r="910" b="596" charConfidence="49">M</charParams>
<charParams l="914" t="573" r="929" b="595" charConfidence="32">a</charParams>
<charParams l="933" t="572" r="948" b="595" charConfidence="26">a</charParams>
<charParams l="952" t="564" r="970" b="601" charConfidence="29">ß</charParams></formatting></line>
<line baseline="657" l="186" t="623" r="972" b="668"><formatting lang="OldGerman">
<charParams l="186" t="633" r="198" b="667" charConfidence="28">z</charParams>
<charParams l="201" t="633" r="219" b="657" charConfidence="42">u</charParams>
<charParams l="220" t="633" r="250" b="657"> </charParams>
<charParams l="251" t="634" r="263" b="657" charConfidence="100">e</charParams>
<charParams l="266" t="634" r="279" b="657" charConfidence="100">r</charParams>
<charParams l="281" t="623" r="299" b="665" charConfidence="68">h</charParams>
<charParams l="302" t="633" r="317" b="657" charConfidence="89">a</charParams>
<charParams l="322" t="626" r="330" b="657" charConfidence="87">l</charParams>
<charParams l="332" t="630" r="343" b="658" charConfidence="50">t</charParams>
<charParams l="345" t="634" r="357" b="658" charConfidence="39">e</charParams>
<charParams l="360" t="633" r="378" b="657" charConfidence="37">n</charParams>
<charParams l="379" t="632" r="400" b="657"> </charParams>
<charParams l="401" t="632" r="428" b="657" charConfidence="66">w</charParams>
<charParams l="432" t="626" r="440" b="657" charConfidence="49">i</charParams>
<charParams l="443" t="624" r="467" b="662" charConfidence="98">s</charParams>
<charParams l="443" t="624" r="467" b="662" charConfidence="98">s</charParams>
<charParams l="465" t="634" r="477" b="657" charConfidence="31">e</charParams>
<charParams l="480" t="633" r="497" b="657" charConfidence="75">n</charParams>
<charParams l="508" t="648" r="516" b="664" charConfidence="58">,</charParams>
<charParams l="517" t="631" r="561" b="664"> </charParams>
<charParams l="562" t="631" r="589" b="658" charConfidence="57">w</charParams>
<charParams l="592" t="634" r="605" b="657" charConfidence="28">e</charParams>
<charParams l="608" t="633" r="624" b="657" charConfidence="52">n</charParams>
<charParams l="628" t="632" r="646" b="658" charConfidence="32">n</charParams>
<charParams l="647" t="632" r="669" b="658"> </charParams>
<charParams l="670" t="633" r="687" b="658" charConfidence="59">a</charParams>
<charParams l="690" t="633" r="707" b="657" charConfidence="100">u</charParams>
<charParams l="710" t="626" r="738" b="666" charConfidence="46">c</charParams>
<charParams l="710" t="626" r="738" b="666" charConfidence="46">h</charParams>
<charParams l="739" t="626" r="761" b="666"> </charParams>
<charParams l="762" t="627" r="778" b="658" charConfidence="29">d</charParams>
<charParams l="782" t="626" r="790" b="658" charConfidence="98">i</charParams>
<charParams l="793" t="635" r="805" b="659" charConfidence="35">e</charParams>
<charParams l="806" t="635" r="827" b="659"> </charParams>
<charParams l="828" t="635" r="841" b="659" charConfidence="31">e</charParams>
<charParams l="844" t="627" r="853" b="658" charConfidence="100">i</charParams>
<charParams l="856" t="635" r="872" b="660" charConfidence="25">n</charParams>
<charParams l="875" t="634" r="886" b="668" charConfidence="30">z</charParams>
<charParams l="891" t="635" r="903" b="658" charConfidence="31">e</charParams>
<charParams l="907" t="627" r="915" b="659" charConfidence="52">l</charParams>
<charParams l="917" t="635" r="935" b="658" charConfidence="31">n</charParams>
<charParams l="938" t="634" r="950" b="658" charConfidence="31">e</charParams>
<charParams l="953" t="634" r="972" b="658" charConfidence="26">n</charParams></formatting></line>
<line baseline="721" l="183" t="687" r="970" b="730"><formatting lang="OldGerman">
<charParams l="183" t="687" r="218" b="725" charConfidence="32">P</charParams>
<charParams l="221" t="697" r="236" b="720" charConfidence="36">a</charParams>
<charParams l="240" t="688" r="264" b="724" charConfidence="100">s</charParams>
<charParams l="240" t="688" r="264" b="724" charConfidence="100">s</charParams>
<charParams l="262" t="697" r="277" b="719" charConfidence="28">a</charParams>
<charParams l="280" t="697" r="297" b="730" charConfidence="27">g</charParams>
<charParams l="301" t="697" r="313" b="721" charConfidence="39">e</charParams>
<charParams l="315" t="697" r="333" b="721" charConfidence="100">n</charParams>
<charParams l="334" t="697" r="356" b="721"> </charParams>
<charParams l="357" t="697" r="376" b="721" charConfidence="48">n</charParams>
<charParams l="379" t="690" r="387" b="722" charConfidence="34">i</charParams>
<charParams l="390" t="688" r="416" b="727" charConfidence="85">c</charParams>
<charParams l="390" t="688" r="416" b="727" charConfidence="85">h</charParams>
<charParams l="420" t="694" r="431" b="721" charConfidence="65">t</charParams>
<charParams l="432" t="689" r="453" b="721"> </charParams>
<charParams l="454" t="689" r="465" b="721" charConfidence="47">i</charParams>
<charParams l="466" t="695" r="494" b="721" charConfidence="46">m</charParams>
<charParams l="496" t="696" r="525" b="720" charConfidence="49">m</charParams>
<charParams l="528" t="697" r="540" b="721" charConfidence="26">e</charParams>
<charParams l="543" t="697" r="556" b="721" charConfidence="100">r</charParams>
<charParams l="557" t="690" r="578" b="721"> </charParams>
<charParams l="579" t="690" r="590" b="721" charConfidence="57">i</charParams>
<charParams l="592" t="696" r="620" b="721" charConfidence="93">m</charParams>
<charParams l="621" t="687" r="644" b="723"> </charParams>
<charParams l="645" t="687" r="673" b="723" charConfidence="36">T</charParams>
<charParams l="675" t="697" r="691" b="721" charConfidence="45">a</charParams>
<charParams l="695" t="698" r="707" b="722" charConfidence="29">c</charParams>
<charParams l="709" t="694" r="720" b="722" charConfidence="49">t</charParams>
<charParams l="721" t="689" r="735" b="722"> </charParams>
<charParams l="736" t="689" r="752" b="722" charConfidence="31">b</charParams>
<charParams l="756" t="691" r="764" b="722" charConfidence="32">l</charParams>
<charParams l="766" t="698" r="778" b="723" charConfidence="26">e</charParams>
<charParams l="782" t="690" r="790" b="722" charConfidence="58">i</charParams>
<charParams l="793" t="689" r="808" b="723" charConfidence="38">b</charParams>
<charParams l="810" t="698" r="824" b="722" charConfidence="30">e</charParams>
<charParams l="827" t="697" r="844" b="722" charConfidence="29">n</charParams>
<charParams l="845" t="688" r="862" b="729"> </charParams>
<charParams l="863" t="688" r="877" b="729" charConfidence="80">s</charParams>
<charParams l="876" t="698" r="890" b="721" charConfidence="34">o</charParams>
<charParams l="890" t="689" r="911" b="721" charConfidence="-1">l</charParams>
<charParams l="890" t="689" r="911" b="721" charConfidence="-1">l</charParams>
<charParams l="914" t="694" r="925" b="721" charConfidence="59">t</charParams>
<charParams l="926" t="697" r="938" b="721" charConfidence="28">e</charParams>
<charParams l="941" t="692" r="949" b="721" charConfidence="14">t</charParams>
<charParams l="949" t="696" r="958" b="720" charConfidence="-1">«</charParams>
<charParams l="961" t="712" r="970" b="720" charConfidence="46">.</charParams></formatting></line></par>
</text>
</block>
<block blockType="Separator" blockName="">
<separator type="Black" thickness="5"><start x="513" y="964"/><end x="637" y="964"/>
</separator>
</block>
</page>
</document>