﻿<?xml version="1.0" encoding="UTF-8" standalone="yes"?>
<document xmlns="http://www.abbyy.com/FineReader_xml/FineReader10-schema-v1.xml" version="1.0" producer="ABBYY FineReader Engine 11" languages="" xmlns:xsi="http://www.w3.org/2001/XMLSchema-instance" xsi:schemaLocation="http://www.abbyy.com/FineReader_xml/FineReader10-schema-v1.xml http://www.abbyy.com/FineReader_xml/FineReader10-schema-v1.xml">
<page width="1156" height="1782" resolution="300" originalCoords="1">
<block blockType="Text" blockName="">
<text>
<par align="Center">
<line baseline="100" l="350" t="60" r="796" b="105"><formatting lang="OldGerman">
<charParams l="350" t="69" r="358" b="91" suspicious="1" charConfidence="24">t</charParams>
<charParams l="359" t="64" r="382" b="103"> </charParams>
<charParams l="383" t="64" r="426" b="103" charConfidence="100">D</charParams>
<charParams l="437" t="74" r="453" b="100" charConfidence="26">r</charParams>
<charParams l="461" t="66" r="471" b="99" charConfidence="32">i</charParams>
<charParams l="481" t="70" r="494" b="98" charConfidence="39">t</charParams>
<charParams l="501" t="70" r="514" b="98" charConfidence="40">t</charParams>
<charParams l="522" t="73" r="537" b="97" charConfidence="33">e</charParams>
<charParams l="547" t="67" r="566" b="98" charConfidence="100">s</charParams>
<charParams l="567" t="60" r="601" b="99"> </charParams>
<charParams l="602" t="60" r="639" b="99" charConfidence="25">K</charParams>
<charParams l="649" t="71" r="668" b="98" charConfidence="99">a</charParams>
<charParams l="677" t="73" r="697" b="105" charConfidence="100">p</charParams>
<charParams l="709" t="64" r="718" b="98" charConfidence="35">i</charParams>
<charParams l="728" t="72" r="741" b="99" charConfidence="100">t</charParams>
<charParams l="748" t="73" r="763" b="100" charConfidence="92">e</charParams>
<charParams l="771" t="64" r="784" b="101" charConfidence="100">l</charParams>
<charParams l="786" t="88" r="796" b="101" charConfidence="68">.</charParams></formatting></line></par>
</text>
</block>
<block blockType="Text" blockName="">
<text>
<par align="Justified" startIndent="1980" lineSpacing="1464">
<line baseline="333" l="254" t="298" r="982" b="343"><formatting lang="OldGerman">
<charParams l="254" t="298" r="289" b="333" charConfidence="58">D</charParams>
<charParams l="293" t="308" r="304" b="332" suspicious="1" charConfidence="25">e</charParams>
<charParams l="308" t="308" r="322" b="333" charConfidence="31">r</charParams>
<charParams l="323" t="308" r="359" b="333"> </charParams>
<charParams l="360" t="317" r="366" b="329" suspicious="1" charConfidence="100">-</charParams>
<charParams l="366" t="298" r="391" b="340" suspicious="1" charConfidence="33">H</charParams>
<charParams l="395" t="309" r="410" b="333" charConfidence="100">a</charParams>
<charParams l="415" t="308" r="432" b="333" charConfidence="69">u</charParams>
<charParams l="435" t="308" r="450" b="341" charConfidence="36">p</charParams>
<charParams l="456" t="304" r="466" b="334" charConfidence="29">t</charParams>
<charParams l="468" t="308" r="496" b="334" charConfidence="100">m</charParams>
<charParams l="500" t="309" r="515" b="334" charConfidence="100">a</charParams>
<charParams l="519" t="308" r="536" b="334" suspicious="1" charConfidence="43">n</charParams>
<charParams l="540" t="308" r="558" b="334" charConfidence="32">n</charParams>
<charParams l="559" t="300" r="590" b="334"> </charParams>
<charParams l="591" t="300" r="605" b="333" charConfidence="27">k</charParams>
<charParams l="607" t="309" r="622" b="334" charConfidence="25">a</charParams>
<charParams l="626" t="307" r="653" b="333" charConfidence="36">m</charParams>
<charParams l="657" t="324" r="665" b="334" charConfidence="62">.</charParams>
<charParams l="666" t="299" r="713" b="334"> </charParams>
<charParams l="714" t="299" r="741" b="334" charConfidence="26">E</charParams>
<charParams l="743" t="310" r="757" b="333" charConfidence="36">r</charParams>
<charParams l="758" t="301" r="787" b="343"> </charParams>
<charParams l="788" t="301" r="805" b="343" suspicious="1" charConfidence="70">h</charParams>
<charParams l="810" t="310" r="825" b="334" charConfidence="0">a</charParams>
<charParams l="829" t="306" r="839" b="334" charConfidence="38">t</charParams>
<charParams l="843" t="306" r="852" b="334" charConfidence="30">t</charParams>
<charParams l="855" t="309" r="868" b="333" charConfidence="39">e</charParams>
<charParams l="869" t="309" r="898" b="334"> </charParams>
<charParams l="899" t="310" r="912" b="334" charConfidence="38">e</charParams>
<charParams l="915" t="302" r="923" b="334" charConfidence="66">i</charParams>
<charParams l="927" t="309" r="943" b="333" charConfidence="24">n</charParams>
<charParams l="947" t="309" r="960" b="333" charConfidence="26">e</charParams>
<charParams l="963" t="309" r="982" b="334" charConfidence="24">n</charParams></formatting></line>
<line baseline="397" l="186" t="364" r="982" b="406"><formatting lang="OldGerman">
<charParams l="186" t="364" r="201" b="404" charConfidence="32">s</charParams>
<charParams l="199" t="371" r="212" b="396" charConfidence="55">e</charParams>
<charParams l="215" t="364" r="231" b="406" charConfidence="43">h</charParams>
<charParams l="235" t="372" r="249" b="397" charConfidence="28">r</charParams>
<charParams l="250" t="372" r="274" b="397"> </charParams>
<charParams l="275" t="374" r="293" b="397" charConfidence="27">v</charParams>
<charParams l="297" t="373" r="309" b="398" charConfidence="100">e</charParams>
<charParams l="312" t="373" r="325" b="397" charConfidence="24">r</charParams>
<charParams l="329" t="365" r="348" b="398" charConfidence="22">s</charParams>
<charParams l="329" t="365" r="348" b="398" charConfidence="22">t</charParams>
<charParams l="350" t="365" r="365" b="397" charConfidence="25">ä</charParams>
<charParams l="369" t="374" r="387" b="397" charConfidence="50">n</charParams>
<charParams l="391" t="368" r="405" b="397" charConfidence="29">d</charParams>
<charParams l="410" t="366" r="418" b="396" charConfidence="30">i</charParams>
<charParams l="420" t="373" r="436" b="405" charConfidence="47">g</charParams>
<charParams l="440" t="374" r="453" b="397" charConfidence="38">e</charParams>
<charParams l="455" t="374" r="475" b="398" suspicious="1" charConfidence="28">n</charParams>
<charParams l="476" t="364" r="505" b="398"> </charParams>
<charParams l="506" t="364" r="540" b="398" charConfidence="32">B</charParams>
<charParams l="545" t="373" r="557" b="397" charConfidence="25">r</charParams>
<charParams l="561" t="367" r="568" b="398" charConfidence="35">i</charParams>
<charParams l="571" t="375" r="584" b="398" charConfidence="29">e</charParams>
<charParams l="586" t="365" r="601" b="405" charConfidence="67">f</charParams>
<charParams l="602" t="365" r="627" b="405"> </charParams>
<charParams l="628" t="375" r="645" b="397" charConfidence="24">v</charParams>
<charParams l="650" t="374" r="664" b="396" charConfidence="44">o</charParams>
<charParams l="668" t="374" r="681" b="397" charConfidence="100">r</charParams>
<charParams l="684" t="374" r="699" b="397" charConfidence="27">a</charParams>
<charParams l="703" t="374" r="719" b="397" charConfidence="28">u</charParams>
<charParams l="723" t="369" r="739" b="397" charConfidence="-1">s</charParams>
<charParams l="741" t="374" r="758" b="405" charConfidence="26">g</charParams>
<charParams l="763" t="374" r="774" b="397" charConfidence="28">e</charParams>
<charParams l="778" t="366" r="791" b="404" charConfidence="41">s</charParams>
<charParams l="788" t="366" r="815" b="404" charConfidence="33">c</charParams>
<charParams l="788" t="366" r="815" b="404" charConfidence="33">h</charParams>
<charParams l="819" t="366" r="827" b="397" charConfidence="44">i</charParams>
<charParams l="831" t="376" r="841" b="397" charConfidence="39">c</charParams>
<charParams l="841" t="366" r="854" b="397" charConfidence="38">k</charParams>
<charParams l="858" t="371" r="868" b="397" charConfidence="44">t</charParams>
<charParams l="875" t="389" r="885" b="404" charConfidence="100">,</charParams>
<charParams l="886" t="368" r="933" b="404"> </charParams>
<charParams l="934" t="368" r="949" b="396" charConfidence="28">d</charParams>
<charParams l="953" t="373" r="965" b="396" charConfidence="30">e</charParams>
<charParams l="967" t="372" r="982" b="396" charConfidence="94">r</charParams></formatting></line>
<line baseline="461" l="185" t="425" r="983" b="471"><formatting lang="OldGerman">
<charParams l="185" t="427" r="212" b="461" charConfidence="31">C</charParams>
<charParams l="214" t="427" r="232" b="468" charConfidence="39">h</charParams>
<charParams l="233" t="437" r="252" b="460" charConfidence="28">a</charParams>
<charParams l="253" t="437" r="268" b="461" charConfidence="25">r</charParams>
<charParams l="270" t="428" r="283" b="461" charConfidence="25">l</charParams>
<charParams l="282" t="437" r="296" b="461" charConfidence="60">o</charParams>
<charParams l="300" t="433" r="311" b="460" charConfidence="93">t</charParams>
<charParams l="313" t="433" r="324" b="460" charConfidence="82">t</charParams>
<charParams l="326" t="437" r="338" b="460" charConfidence="26">e</charParams>
<charParams l="342" t="437" r="359" b="461" charConfidence="32">n</charParams>
<charParams l="360" t="437" r="376" b="461"> </charParams>
<charParams l="377" t="438" r="394" b="461" charConfidence="100">v</charParams>
<charParams l="397" t="429" r="413" b="461" charConfidence="33">ö</charParams>
<charParams l="416" t="429" r="433" b="461" charConfidence="-1">l</charParams>
<charParams l="416" t="429" r="433" b="461" charConfidence="-1">l</charParams>
<charParams l="437" t="430" r="444" b="461" charConfidence="78">i</charParams>
<charParams l="446" t="438" r="463" b="470" charConfidence="53">g</charParams>
<charParams l="464" t="428" r="479" b="470"> </charParams>
<charParams l="480" t="428" r="496" b="462" charConfidence="26">b</charParams>
<charParams l="499" t="439" r="512" b="462" charConfidence="79">e</charParams>
<charParams l="515" t="438" r="528" b="462" charConfidence="100">r</charParams>
<charParams l="531" t="438" r="549" b="462" charConfidence="26">u</charParams>
<charParams l="550" t="429" r="568" b="471" charConfidence="55">h</charParams>
<charParams l="572" t="430" r="581" b="461" charConfidence="100">i</charParams>
<charParams l="581" t="439" r="599" b="470" charConfidence="100">g</charParams>
<charParams l="603" t="435" r="614" b="462" charConfidence="65">t</charParams>
<charParams l="616" t="438" r="629" b="462" charConfidence="26">e</charParams>
<charParams l="631" t="452" r="639" b="461" suspicious="1" charConfidence="100">.</charParams>
<charParams l="640" t="427" r="685" b="462"> </charParams>
<charParams l="686" t="427" r="722" b="462" charConfidence="66">S</charParams>
<charParams l="726" t="437" r="741" b="460" charConfidence="42">o</charParams>
<charParams l="742" t="437" r="757" b="461"> </charParams>
<charParams l="758" t="438" r="775" b="461" charConfidence="27">v</charParams>
<charParams l="780" t="429" r="787" b="460" charConfidence="100">i</charParams>
<charParams l="791" t="438" r="803" b="461" charConfidence="57">e</charParams>
<charParams l="806" t="430" r="815" b="461" charConfidence="44">l</charParams>
<charParams l="816" t="428" r="831" b="461"> </charParams>
<charParams l="832" t="428" r="867" b="461" charConfidence="32">D</charParams>
<charParams l="871" t="437" r="884" b="460" charConfidence="57">e</charParams>
<charParams l="886" t="437" r="904" b="460" charConfidence="100">u</charParams>
<charParams l="907" t="433" r="917" b="460" charConfidence="45">t</charParams>
<charParams l="920" t="428" r="928" b="459" charConfidence="98">l</charParams>
<charParams l="931" t="427" r="939" b="458" charConfidence="33">i</charParams>
<charParams l="942" t="425" r="970" b="464" charConfidence="57">c</charParams>
<charParams l="942" t="425" r="970" b="464" charConfidence="57">h</charParams>
<charParams l="970" t="437" r="983" b="453" charConfidence="-1">»</charParams></formatting></line>
<line baseline="522" l="186" t="488" r="981" b="532"><formatting lang="OldGerman">
<charParams l="186" t="492" r="200" b="523" charConfidence="38">k</charParams>
<charParams l="202" t="501" r="214" b="523" charConfidence="40">e</charParams>
<charParams l="217" t="493" r="225" b="523" charConfidence="44">i</charParams>
<charParams l="229" t="497" r="240" b="523" charConfidence="42">t</charParams>
<charParams l="241" t="492" r="267" b="523"> </charParams>
<charParams l="268" t="492" r="286" b="523" charConfidence="71">ü</charParams>
<charParams l="290" t="491" r="305" b="524" charConfidence="26">b</charParams>
<charParams l="309" t="501" r="322" b="523" charConfidence="26">e</charParams>
<charParams l="325" t="500" r="337" b="523" charConfidence="40">r</charParams>
<charParams l="338" t="492" r="367" b="532"> </charParams>
<charParams l="368" t="492" r="379" b="532" charConfidence="26">s</charParams>
<charParams l="379" t="493" r="387" b="523" charConfidence="28">i</charParams>
<charParams l="389" t="491" r="416" b="528" charConfidence="100">c</charParams>
<charParams l="389" t="491" r="416" b="528" charConfidence="100">h</charParams>
<charParams l="417" t="491" r="448" b="528"> </charParams>
<charParams l="449" t="491" r="464" b="528" charConfidence="60">s</charParams>
<charParams l="461" t="500" r="474" b="522" charConfidence="28">e</charParams>
<charParams l="477" t="492" r="485" b="523" charConfidence="50">l</charParams>
<charParams l="488" t="490" r="504" b="522" charConfidence="29">b</charParams>
<charParams l="508" t="492" r="529" b="530" charConfidence="37">s</charParams>
<charParams l="508" t="492" r="529" b="530" charConfidence="37">t</charParams>
<charParams l="538" t="514" r="549" b="529" charConfidence="88">,</charParams>
<charParams l="550" t="491" r="592" b="529"> </charParams>
<charParams l="593" t="491" r="607" b="529" charConfidence="88">s</charParams>
<charParams l="607" t="500" r="622" b="522" charConfidence="35">o</charParams>
<charParams l="623" t="499" r="652" b="522"> </charParams>
<charParams l="653" t="499" r="671" b="522" charConfidence="29">v</charParams>
<charParams l="675" t="492" r="683" b="522" charConfidence="96">i</charParams>
<charParams l="687" t="500" r="698" b="522" charConfidence="25">e</charParams>
<charParams l="702" t="492" r="711" b="522" charConfidence="100">l</charParams>
<charParams l="712" t="489" r="741" b="522"> </charParams>
<charParams l="742" t="489" r="773" b="522" charConfidence="33">K</charParams>
<charParams l="775" t="492" r="783" b="522" charConfidence="82">l</charParams>
<charParams l="786" t="500" r="802" b="521" charConfidence="53">a</charParams>
<charParams l="805" t="499" r="819" b="522" charConfidence="39">r</charParams>
<charParams l="821" t="490" r="838" b="525" charConfidence="29">h</charParams>
<charParams l="843" t="500" r="855" b="522" charConfidence="35">e</charParams>
<charParams l="858" t="492" r="866" b="522" charConfidence="100">i</charParams>
<charParams l="869" t="496" r="880" b="521" charConfidence="68">t</charParams>
<charParams l="881" t="489" r="910" b="521"> </charParams>
<charParams l="911" t="489" r="929" b="520" charConfidence="40">ü</charParams>
<charParams l="934" t="488" r="949" b="520" charConfidence="58">b</charParams>
<charParams l="952" t="497" r="964" b="520" charConfidence="40">e</charParams>
<charParams l="967" t="496" r="981" b="519" charConfidence="49">r</charParams></formatting></line>
<line baseline="583" l="183" t="549" r="980" b="591"><formatting lang="OldGerman">
<charParams l="183" t="553" r="198" b="590" charConfidence="46">s</charParams>
<charParams l="196" t="562" r="208" b="584" charConfidence="27">e</charParams>
<charParams l="212" t="554" r="220" b="584" charConfidence="30">i</charParams>
<charParams l="223" t="561" r="241" b="584" charConfidence="29">n</charParams>
<charParams l="244" t="561" r="256" b="584" charConfidence="27">e</charParams>
<charParams l="259" t="561" r="277" b="584" charConfidence="40">n</charParams>
<charParams l="278" t="561" r="301" b="584"> </charParams>
<charParams l="302" t="561" r="315" b="584" charConfidence="31">e</charParams>
<charParams l="318" t="555" r="326" b="584" charConfidence="28">i</charParams>
<charParams l="328" t="562" r="345" b="591" charConfidence="26">g</charParams>
<charParams l="349" t="561" r="361" b="584" charConfidence="27">e</charParams>
<charParams l="364" t="560" r="381" b="583" charConfidence="30">n</charParams>
<charParams l="385" t="561" r="397" b="583" charConfidence="50">e</charParams>
<charParams l="400" t="560" r="418" b="583" charConfidence="59">n</charParams>
<charParams l="419" t="552" r="441" b="589"> </charParams>
<charParams l="442" t="552" r="464" b="589" charConfidence="72">Z</charParams>
<charParams l="468" t="562" r="484" b="584" charConfidence="28">u</charParams>
<charParams l="489" t="553" r="509" b="591" charConfidence="39">s</charParams>
<charParams l="489" t="553" r="509" b="591" suspicious="1" charConfidence="39">t</charParams>
<charParams l="512" t="561" r="527" b="582" charConfidence="54">a</charParams>
<charParams l="531" t="561" r="548" b="584" charConfidence="100">n</charParams>
<charParams l="552" t="555" r="568" b="583" charConfidence="30">d</charParams>
<charParams l="577" t="575" r="587" b="589" charConfidence="100">,</charParams>
<charParams l="588" t="552" r="611" b="589"> </charParams>
<charParams l="612" t="552" r="629" b="583" charConfidence="66">ü</charParams>
<charParams l="633" t="552" r="648" b="583" charConfidence="41">b</charParams>
<charParams l="652" t="561" r="665" b="583" charConfidence="39">e</charParams>
<charParams l="668" t="561" r="682" b="583" charConfidence="44">r</charParams>
<charParams l="683" t="555" r="704" b="583"> </charParams>
<charParams l="705" t="555" r="721" b="582" charConfidence="29">d</charParams>
<charParams l="725" t="561" r="737" b="583" charConfidence="26">e</charParams>
<charParams l="740" t="561" r="757" b="583" charConfidence="53">n</charParams>
<charParams l="758" t="551" r="780" b="588"> </charParams>
<charParams l="781" t="551" r="803" b="588" charConfidence="81">Z</charParams>
<charParams l="808" t="560" r="824" b="582" charConfidence="38">u</charParams>
<charParams l="829" t="552" r="848" b="589" charConfidence="65">s</charParams>
<charParams l="829" t="552" r="848" b="589" suspicious="1" charConfidence="65">t</charParams>
<charParams l="851" t="560" r="866" b="581" charConfidence="32">a</charParams>
<charParams l="870" t="559" r="886" b="581" charConfidence="62">n</charParams>
<charParams l="891" t="553" r="907" b="581" charConfidence="29">d</charParams>
<charParams l="908" t="549" r="931" b="586"> </charParams>
<charParams l="932" t="549" r="946" b="586" charConfidence="31">s</charParams>
<charParams l="944" t="558" r="955" b="580" charConfidence="26">e</charParams>
<charParams l="959" t="549" r="967" b="580" charConfidence="27">i</charParams>
<charParams l="969" t="560" r="980" b="576" charConfidence="22">¬</charParams></formatting></line>
<line baseline="641" l="184" t="609" r="978" b="650"><formatting lang="OldGerman">
<charParams l="184" t="619" r="202" b="642" charConfidence="32">n</charParams>
<charParams l="205" t="619" r="217" b="642" charConfidence="100">e</charParams>
<charParams l="220" t="619" r="235" b="642" charConfidence="28">r</charParams>
<charParams l="236" t="610" r="257" b="647"> </charParams>
<charParams l="258" t="610" r="282" b="647" charConfidence="34">F</charParams>
<charParams l="285" t="619" r="297" b="642" charConfidence="26">r</charParams>
<charParams l="299" t="620" r="312" b="641" charConfidence="68">e</charParams>
<charParams l="315" t="619" r="332" b="642" charConfidence="41">u</charParams>
<charParams l="335" t="619" r="353" b="642" charConfidence="75">n</charParams>
<charParams l="357" t="613" r="372" b="641" charConfidence="28">d</charParams>
<charParams l="376" t="619" r="390" b="641" charConfidence="26">e</charParams>
<charParams l="399" t="632" r="410" b="648" charConfidence="100">,</charParams>
<charParams l="411" t="619" r="444" b="649"> </charParams>
<charParams l="445" t="619" r="464" b="649" charConfidence="30">g</charParams>
<charParams l="465" t="620" r="482" b="641" charConfidence="46">a</charParams>
<charParams l="486" t="611" r="503" b="642" charConfidence="25">b</charParams>
<charParams l="504" t="611" r="536" b="643"> </charParams>
<charParams l="537" t="620" r="550" b="643" charConfidence="26">e</charParams>
<charParams l="553" t="612" r="561" b="642" charConfidence="100">i</charParams>
<charParams l="564" t="619" r="581" b="642" charConfidence="35">n</charParams>
<charParams l="585" t="619" r="598" b="642" charConfidence="26">e</charParams>
<charParams l="599" t="611" r="628" b="650"> </charParams>
<charParams l="629" t="611" r="648" b="650" suspicious="1" charConfidence="38">h</charParams>
<charParams l="651" t="620" r="664" b="642" charConfidence="100">e</charParams>
<charParams l="668" t="612" r="676" b="641" charConfidence="38">i</charParams>
<charParams l="679" t="616" r="690" b="642" charConfidence="34">t</charParams>
<charParams l="692" t="619" r="705" b="642" charConfidence="25">e</charParams>
<charParams l="707" t="619" r="721" b="641" charConfidence="25">r</charParams>
<charParams l="719" t="619" r="738" b="641" charConfidence="-1">»</charParams>
<charParams l="739" t="618" r="759" b="641"> </charParams>
<charParams l="760" t="618" r="778" b="641" charConfidence="87">u</charParams>
<charParams l="781" t="618" r="798" b="641" charConfidence="100">n</charParams>
<charParams l="802" t="613" r="818" b="640" charConfidence="32">d</charParams>
<charParams l="819" t="609" r="841" b="645"> </charParams>
<charParams l="842" t="609" r="857" b="645" charConfidence="38">f</charParams>
<charParams l="856" t="618" r="870" b="640" charConfidence="33">r</charParams>
<charParams l="872" t="610" r="888" b="640" charConfidence="26">ö</charParams>
<charParams l="891" t="609" r="907" b="648" charConfidence="40">h</charParams>
<charParams l="912" t="610" r="920" b="639" charConfidence="57">l</charParams>
<charParams l="924" t="610" r="932" b="640" charConfidence="36">i</charParams>
<charParams l="934" t="609" r="961" b="646" charConfidence="100">c</charParams>
<charParams l="934" t="609" r="961" b="646" charConfidence="100">h</charParams>
<charParams l="964" t="617" r="978" b="640" charConfidence="26">e</charParams></formatting></line>
<line baseline="700" l="182" t="670" r="324" b="710"><formatting lang="OldGerman">
<charParams l="182" t="670" r="211" b="703" charConfidence="23">A</charParams>
<charParams l="212" t="678" r="228" b="702" charConfidence="37">u</charParams>
<charParams l="232" t="674" r="248" b="702" charConfidence="-1">s</charParams>
<charParams l="251" t="671" r="260" b="710" charConfidence="26">s</charParams>
<charParams l="261" t="678" r="268" b="700" charConfidence="100">i</charParams>
<charParams l="272" t="673" r="298" b="709" charConfidence="25">c</charParams>
<charParams l="272" t="673" r="298" b="709" charConfidence="25">h</charParams>
<charParams l="302" t="674" r="314" b="701" charConfidence="35">t</charParams>
<charParams l="314" t="692" r="324" b="701" charConfidence="93">.</charParams></formatting></line></par>
<par align="Justified" startIndent="1980" lineSpacing="1488">
<line baseline="827" l="245" t="790" r="974" b="836"><formatting lang="OldGerman">
<charParams l="245" t="793" r="280" b="826" charConfidence="85">D</charParams>
<charParams l="284" t="793" r="292" b="824" charConfidence="35">i</charParams>
<charParams l="295" t="801" r="308" b="824" charConfidence="30">e</charParams>
<charParams l="309" t="792" r="339" b="825"> </charParams>
<charParams l="340" t="792" r="365" b="825" charConfidence="26">U</charParams>
<charParams l="369" t="800" r="386" b="823" charConfidence="37">n</charParams>
<charParams l="390" t="796" r="401" b="823" charConfidence="40">t</charParams>
<charParams l="403" t="801" r="415" b="823" charConfidence="92">e</charParams>
<charParams l="418" t="799" r="431" b="823" charConfidence="75">r</charParams>
<charParams l="433" t="790" r="451" b="833" charConfidence="56">h</charParams>
<charParams l="454" t="801" r="470" b="824" charConfidence="30">a</charParams>
<charParams l="475" t="793" r="484" b="825" charConfidence="78">l</charParams>
<charParams l="486" t="797" r="496" b="824" charConfidence="59">t</charParams>
<charParams l="499" t="801" r="515" b="825" charConfidence="43">u</charParams>
<charParams l="519" t="801" r="538" b="825" charConfidence="44">n</charParams>
<charParams l="538" t="802" r="556" b="833" charConfidence="24">g</charParams>
<charParams l="559" t="802" r="573" b="825" charConfidence="40">e</charParams>
<charParams l="575" t="802" r="593" b="825" charConfidence="25">n</charParams>
<charParams l="594" t="795" r="625" b="826"> </charParams>
<charParams l="626" t="795" r="642" b="826" charConfidence="38">d</charParams>
<charParams l="646" t="803" r="658" b="826" charConfidence="25">e</charParams>
<charParams l="661" t="802" r="675" b="827" charConfidence="26">r</charParams>
<charParams l="676" t="802" r="706" b="827"> </charParams>
<charParams l="707" t="803" r="719" b="827" charConfidence="80">e</charParams>
<charParams l="723" t="804" r="735" b="828" charConfidence="60">r</charParams>
<charParams l="739" t="796" r="759" b="836" charConfidence="52">s</charParams>
<charParams l="739" t="796" r="759" b="836" charConfidence="52">t</charParams>
<charParams l="761" t="805" r="773" b="828" charConfidence="57">e</charParams>
<charParams l="777" t="805" r="795" b="829" charConfidence="34">n</charParams>
<charParams l="796" t="795" r="826" b="830"> </charParams>
<charParams l="827" t="795" r="862" b="830" charConfidence="100">S</charParams>
<charParams l="866" t="803" r="876" b="830" charConfidence="37">t</charParams>
<charParams l="879" t="806" r="895" b="829" charConfidence="30">u</charParams>
<charParams l="900" t="805" r="916" b="832" charConfidence="24">n</charParams>
<charParams l="921" t="798" r="936" b="828" charConfidence="29">d</charParams>
<charParams l="941" t="805" r="953" b="829" charConfidence="58">e</charParams>
<charParams l="956" t="804" r="974" b="829" charConfidence="26">n</charParams></formatting></line>
<line baseline="889" l="177" t="854" r="975" b="900"><formatting lang="OldGerman">
<charParams l="177" t="864" r="204" b="890" charConfidence="27">w</charParams>
<charParams l="207" t="864" r="223" b="888" charConfidence="58">a</charParams>
<charParams l="226" t="864" r="240" b="888" charConfidence="59">r</charParams>
<charParams l="242" t="864" r="255" b="887" charConfidence="50">e</charParams>
<charParams l="257" t="864" r="275" b="887" charConfidence="58">n</charParams>
<charParams l="284" t="877" r="294" b="893" suspicious="1" charConfidence="74">,</charParams>
<charParams l="295" t="861" r="317" b="893"> </charParams>
<charParams l="318" t="861" r="345" b="886" charConfidence="25">w</charParams>
<charParams l="349" t="855" r="357" b="884" charConfidence="-1">i</charParams>
<charParams l="360" t="862" r="374" b="885" charConfidence="66">e</charParams>
<charParams l="375" t="862" r="396" b="886"> </charParams>
<charParams l="397" t="862" r="414" b="886" charConfidence="34">u</charParams>
<charParams l="418" t="862" r="435" b="886" charConfidence="78">n</charParams>
<charParams l="439" t="860" r="450" b="886" charConfidence="87">t</charParams>
<charParams l="453" t="863" r="465" b="886" charConfidence="27">e</charParams>
<charParams l="468" t="863" r="482" b="887" charConfidence="34">r</charParams>
<charParams l="483" t="854" r="498" b="893"> </charParams>
<charParams l="499" t="854" r="523" b="893" charConfidence="41">F</charParams>
<charParams l="525" t="864" r="538" b="887" charConfidence="94">r</charParams>
<charParams l="541" t="865" r="553" b="888" charConfidence="25">e</charParams>
<charParams l="556" t="865" r="573" b="888" charConfidence="38">u</charParams>
<charParams l="577" t="865" r="594" b="888" charConfidence="52">n</charParams>
<charParams l="600" t="858" r="614" b="888" charConfidence="34">d</charParams>
<charParams l="619" t="866" r="631" b="889" charConfidence="84">e</charParams>
<charParams l="634" t="866" r="652" b="889" charConfidence="-1">»</charParams>
<charParams l="653" t="866" r="667" b="899"> </charParams>
<charParams l="668" t="866" r="681" b="899" charConfidence="27">z</charParams>
<charParams l="684" t="868" r="701" b="890" charConfidence="34">u</charParams>
<charParams l="702" t="868" r="719" b="898"> </charParams>
<charParams l="720" t="868" r="737" b="898" charConfidence="55">g</charParams>
<charParams l="742" t="868" r="753" b="891" charConfidence="26">e</charParams>
<charParams l="758" t="859" r="771" b="896" charConfidence="34">s</charParams>
<charParams l="769" t="861" r="795" b="898" charConfidence="60">c</charParams>
<charParams l="769" t="861" r="795" b="898" charConfidence="60">h</charParams>
<charParams l="799" t="869" r="811" b="891" charConfidence="37">e</charParams>
<charParams l="815" t="859" r="831" b="900" charConfidence="75">h</charParams>
<charParams l="836" t="869" r="847" b="891" charConfidence="26">e</charParams>
<charParams l="851" t="869" r="868" b="892" charConfidence="43">n</charParams>
<charParams l="869" t="869" r="885" b="898"> </charParams>
<charParams l="886" t="869" r="902" b="898" charConfidence="39">p</charParams>
<charParams l="906" t="860" r="927" b="898" charConfidence="22">f</charParams>
<charParams l="906" t="860" r="927" b="898" charConfidence="22">l</charParams>
<charParams l="928" t="868" r="941" b="890" charConfidence="26">e</charParams>
<charParams l="942" t="867" r="959" b="898" charConfidence="60">g</charParams>
<charParams l="963" t="864" r="975" b="891" charConfidence="33">t</charParams></formatting></line>
<line baseline="950" l="177" t="915" r="972" b="962"><formatting lang="OldGerman">
<charParams l="177" t="921" r="193" b="952" charConfidence="30">d</charParams>
<charParams l="197" t="920" r="205" b="951" charConfidence="100">i</charParams>
<charParams l="208" t="927" r="221" b="950" charConfidence="49">e</charParams>
<charParams l="222" t="918" r="244" b="958"> </charParams>
<charParams l="245" t="918" r="264" b="958" charConfidence="82">s</charParams>
<charParams l="245" t="918" r="264" b="958" charConfidence="82">i</charParams>
<charParams l="266" t="915" r="293" b="957" charConfidence="55">c</charParams>
<charParams l="266" t="915" r="293" b="957" charConfidence="55">h</charParams>
<charParams l="294" t="915" r="310" b="957"> </charParams>
<charParams l="311" t="924" r="325" b="948" charConfidence="61">e</charParams>
<charParams l="328" t="917" r="336" b="947" charConfidence="31">i</charParams>
<charParams l="339" t="923" r="355" b="947" charConfidence="100">n</charParams>
<charParams l="359" t="923" r="372" b="947" charConfidence="51">e</charParams>
<charParams l="373" t="915" r="388" b="953"> </charParams>
<charParams l="389" t="915" r="412" b="953" charConfidence="77">Z</charParams>
<charParams l="415" t="925" r="428" b="948" charConfidence="62">e</charParams>
<charParams l="431" t="917" r="439" b="949" charConfidence="41">i</charParams>
<charParams l="443" t="922" r="454" b="949" charConfidence="50">t</charParams>
<charParams l="455" t="918" r="471" b="949"> </charParams>
<charParams l="472" t="918" r="481" b="949" charConfidence="100">l</charParams>
<charParams l="483" t="926" r="499" b="948" charConfidence="90">a</charParams>
<charParams l="503" t="925" r="519" b="949" charConfidence="24">n</charParams>
<charParams l="522" t="927" r="539" b="957" charConfidence="31">g</charParams>
<charParams l="540" t="926" r="559" b="957"> </charParams>
<charParams l="560" t="926" r="578" b="950" charConfidence="100">n</charParams>
<charParams l="582" t="919" r="590" b="950" charConfidence="28">i</charParams>
<charParams l="593" t="919" r="619" b="957" charConfidence="100">c</charParams>
<charParams l="593" t="919" r="619" b="957" charConfidence="100">h</charParams>
<charParams l="623" t="925" r="635" b="950" charConfidence="39">t</charParams>
<charParams l="636" t="925" r="648" b="958"> </charParams>
<charParams l="649" t="928" r="666" b="958" charConfidence="28">g</charParams>
<charParams l="671" t="928" r="683" b="950" charConfidence="67">e</charParams>
<charParams l="686" t="920" r="700" b="957" charConfidence="32">s</charParams>
<charParams l="698" t="928" r="710" b="951" charConfidence="100">e</charParams>
<charParams l="713" t="920" r="729" b="959" charConfidence="100">h</charParams>
<charParams l="734" t="929" r="746" b="951" charConfidence="36">e</charParams>
<charParams l="748" t="929" r="767" b="952" charConfidence="55">n</charParams>
<charParams l="768" t="921" r="785" b="962"> </charParams>
<charParams l="786" t="921" r="803" b="962" suspicious="1" charConfidence="79">h</charParams>
<charParams l="807" t="930" r="822" b="952" charConfidence="100">a</charParams>
<charParams l="827" t="921" r="843" b="953" charConfidence="60">b</charParams>
<charParams l="847" t="930" r="859" b="952" charConfidence="30">e</charParams>
<charParams l="862" t="930" r="879" b="952" charConfidence="54">n</charParams>
<charParams l="882" t="944" r="891" b="958" charConfidence="55">,</charParams>
<charParams l="892" t="923" r="916" b="958"> </charParams>
<charParams l="917" t="923" r="925" b="952" charConfidence="35">l</charParams>
<charParams l="929" t="929" r="940" b="951" charConfidence="26">e</charParams>
<charParams l="944" t="919" r="959" b="952" charConfidence="31">b</charParams>
<charParams l="962" t="931" r="972" b="948" charConfidence="22">¬</charParams></formatting></line>
<line baseline="1012" l="174" t="977" r="972" b="1024"><formatting lang="OldGerman">
<charParams l="174" t="982" r="193" b="1024" charConfidence="40">h</charParams>
<charParams l="197" t="990" r="212" b="1013" charConfidence="34">a</charParams>
<charParams l="216" t="981" r="231" b="1020" charConfidence="59">f</charParams>
<charParams l="230" t="987" r="240" b="1014" charConfidence="39">t</charParams>
<charParams l="249" t="1004" r="259" b="1019" charConfidence="100">,</charParams>
<charParams l="260" t="982" r="288" b="1020"> </charParams>
<charParams l="289" t="982" r="298" b="1020" charConfidence="81">j</charParams>
<charParams l="302" t="987" r="317" b="1010" charConfidence="35">a</charParams>
<charParams l="318" t="977" r="339" b="1016"> </charParams>
<charParams l="340" t="977" r="357" b="1016" charConfidence="36">f</charParams>
<charParams l="355" t="987" r="370" b="1009" charConfidence="45">a</charParams>
<charParams l="374" t="978" r="396" b="1018" charConfidence="38">s</charParams>
<charParams l="374" t="978" r="396" b="1018" charConfidence="38">t</charParams>
<charParams l="397" t="978" r="418" b="1018"> </charParams>
<charParams l="419" t="987" r="432" b="1010" charConfidence="31">e</charParams>
<charParams l="435" t="987" r="448" b="1010" charConfidence="32">r</charParams>
<charParams l="450" t="978" r="464" b="1016" charConfidence="100">s</charParams>
<charParams l="462" t="979" r="489" b="1016" charConfidence="93">c</charParams>
<charParams l="462" t="979" r="489" b="1016" charConfidence="93">h</charParams>
<charParams l="493" t="979" r="508" b="1010" charConfidence="100">ö</charParams>
<charParams l="510" t="988" r="527" b="1017" charConfidence="41">p</charParams>
<charParams l="531" t="979" r="546" b="1016" charConfidence="65">f</charParams>
<charParams l="544" t="988" r="556" b="1010" charConfidence="73">e</charParams>
<charParams l="559" t="987" r="576" b="1010" charConfidence="66">n</charParams>
<charParams l="581" t="982" r="596" b="1010" charConfidence="28">d</charParams>
<charParams l="599" t="1002" r="608" b="1011" charConfidence="100">.</charParams>
<charParams l="609" t="979" r="655" b="1013"> </charParams>
<charParams l="656" t="979" r="688" b="1013" charConfidence="27">G</charParams>
<charParams l="692" t="989" r="705" b="1012" charConfidence="48">e</charParams>
<charParams l="706" t="990" r="723" b="1019" charConfidence="52">g</charParams>
<charParams l="727" t="990" r="739" b="1012" charConfidence="72">e</charParams>
<charParams l="742" t="990" r="759" b="1012" charConfidence="34">n</charParams>
<charParams l="760" t="981" r="783" b="1013"> </charParams>
<charParams l="784" t="981" r="809" b="1013" charConfidence="27">A</charParams>
<charParams l="815" t="982" r="830" b="1013" charConfidence="24">b</charParams>
<charParams l="834" t="991" r="846" b="1013" charConfidence="62">e</charParams>
<charParams l="848" t="991" r="866" b="1014" charConfidence="43">n</charParams>
<charParams l="870" t="986" r="886" b="1014" charConfidence="26">d</charParams>
<charParams l="887" t="986" r="908" b="1015"> </charParams>
<charParams l="909" t="992" r="928" b="1015" charConfidence="27">v</charParams>
<charParams l="932" t="992" r="944" b="1014" charConfidence="41">e</charParams>
<charParams l="947" t="991" r="960" b="1014" charConfidence="100">r</charParams>
<charParams l="962" t="993" r="972" b="1010" charConfidence="22">¬</charParams></formatting></line>
<line baseline="1073" l="174" t="1038" r="971" b="1082"><formatting lang="OldGerman">
<charParams l="174" t="1054" r="191" b="1076" charConfidence="24">a</charParams>
<charParams l="195" t="1053" r="213" b="1076" charConfidence="100">n</charParams>
<charParams l="217" t="1045" r="226" b="1076" charConfidence="35">l</charParams>
<charParams l="227" t="1053" r="243" b="1075" charConfidence="27">a</charParams>
<charParams l="247" t="1044" r="263" b="1082" charConfidence="28">ß</charParams>
<charParams l="266" t="1048" r="276" b="1075" charConfidence="100">t</charParams>
<charParams l="279" t="1052" r="292" b="1075" charConfidence="38">e</charParams>
<charParams l="293" t="1039" r="324" b="1075"> </charParams>
<charParams l="325" t="1039" r="349" b="1075" charConfidence="34">C</charParams>
<charParams l="352" t="1039" r="368" b="1081" charConfidence="84">h</charParams>
<charParams l="373" t="1049" r="388" b="1072" charConfidence="100">a</charParams>
<charParams l="391" t="1047" r="404" b="1072" charConfidence="100">r</charParams>
<charParams l="408" t="1040" r="416" b="1071" charConfidence="59">l</charParams>
<charParams l="419" t="1048" r="433" b="1071" charConfidence="36">o</charParams>
<charParams l="437" t="1044" r="447" b="1070" charConfidence="68">t</charParams>
<charParams l="451" t="1045" r="461" b="1071" charConfidence="27">t</charParams>
<charParams l="463" t="1048" r="476" b="1071" charConfidence="26">e</charParams>
<charParams l="477" t="1048" r="508" b="1071"> </charParams>
<charParams l="509" t="1048" r="522" b="1070" charConfidence="35">e</charParams>
<charParams l="525" t="1042" r="532" b="1070" charConfidence="39">i</charParams>
<charParams l="536" t="1048" r="553" b="1070" charConfidence="54">n</charParams>
<charParams l="557" t="1049" r="569" b="1071" charConfidence="61">e</charParams>
<charParams l="572" t="1048" r="590" b="1071" charConfidence="97">n</charParams>
<charParams l="591" t="1038" r="613" b="1072"> </charParams>
<charParams l="614" t="1038" r="649" b="1072" charConfidence="93">S</charParams>
<charParams l="654" t="1049" r="670" b="1078" charConfidence="100">p</charParams>
<charParams l="674" t="1049" r="689" b="1072" charConfidence="32">a</charParams>
<charParams l="692" t="1049" r="704" b="1082" suspicious="1" charConfidence="29">z</charParams>
<charParams l="709" t="1042" r="716" b="1072" suspicious="1" charConfidence="100">i</charParams>
<charParams l="720" t="1050" r="732" b="1073" charConfidence="27">e</charParams>
<charParams l="735" t="1049" r="748" b="1073" charConfidence="51">r</charParams>
<charParams l="749" t="1050" r="765" b="1081" charConfidence="26">g</charParams>
<charParams l="770" t="1050" r="785" b="1073" charConfidence="54">a</charParams>
<charParams l="789" t="1049" r="805" b="1073" charConfidence="26">n</charParams>
<charParams l="809" t="1050" r="826" b="1081" charConfidence="34">g</charParams>
<charParams l="827" t="1050" r="851" b="1081"> </charParams>
<charParams l="852" t="1052" r="867" b="1073" charConfidence="54">a</charParams>
<charParams l="872" t="1052" r="888" b="1074" charConfidence="28">u</charParams>
<charParams l="892" t="1044" r="907" b="1082" charConfidence="100">f</charParams>
<charParams l="908" t="1044" r="926" b="1082"> </charParams>
<charParams l="927" t="1047" r="942" b="1075" charConfidence="26">d</charParams>
<charParams l="947" t="1045" r="955" b="1075" charConfidence="92">i</charParams>
<charParams l="958" t="1052" r="971" b="1076" charConfidence="36">e</charParams></formatting></line>
<line baseline="1134" l="173" t="1100" r="971" b="1143"><formatting lang="OldGerman">
<charParams l="173" t="1114" r="192" b="1138" charConfidence="37">n</charParams>
<charParams l="196" t="1115" r="208" b="1138" charConfidence="32">e</charParams>
<charParams l="211" t="1115" r="228" b="1138" charConfidence="100">u</charParams>
<charParams l="232" t="1116" r="244" b="1139" charConfidence="27">e</charParams>
<charParams l="247" t="1115" r="266" b="1138" charConfidence="35">n</charParams>
<charParams l="267" t="1104" r="296" b="1138"> </charParams>
<charParams l="297" t="1104" r="326" b="1138" charConfidence="27">A</charParams>
<charParams l="328" t="1113" r="344" b="1136" charConfidence="53">n</charParams>
<charParams l="348" t="1104" r="357" b="1136" charConfidence="100">l</charParams>
<charParams l="359" t="1112" r="373" b="1134" charConfidence="26">a</charParams>
<charParams l="377" t="1111" r="393" b="1142" charConfidence="34">g</charParams>
<charParams l="398" t="1111" r="409" b="1134" charConfidence="30">e</charParams>
<charParams l="413" t="1110" r="430" b="1133" charConfidence="44">n</charParams>
<charParams l="433" t="1124" r="442" b="1132" charConfidence="77">.</charParams>
<charParams l="443" t="1100" r="496" b="1132"> </charParams>
<charParams l="497" t="1100" r="532" b="1132" charConfidence="100">D</charParams>
<charParams l="536" t="1109" r="549" b="1132" charConfidence="26">e</charParams>
<charParams l="552" t="1108" r="565" b="1132" charConfidence="39">r</charParams>
<charParams l="566" t="1100" r="594" b="1139"> </charParams>
<charParams l="595" t="1100" r="627" b="1139" charConfidence="28">H</charParams>
<charParams l="631" t="1111" r="645" b="1132" charConfidence="47">a</charParams>
<charParams l="650" t="1111" r="666" b="1133" charConfidence="100">u</charParams>
<charParams l="670" t="1111" r="686" b="1139" charConfidence="100">p</charParams>
<charParams l="691" t="1107" r="700" b="1134" charConfidence="55">t</charParams>
<charParams l="703" t="1110" r="730" b="1133" charConfidence="100">m</charParams>
<charParams l="735" t="1111" r="750" b="1133" charConfidence="100">a</charParams>
<charParams l="754" t="1110" r="771" b="1133" charConfidence="25">n</charParams>
<charParams l="775" t="1110" r="793" b="1133" charConfidence="27">n</charParams>
<charParams l="794" t="1110" r="815" b="1142"> </charParams>
<charParams l="816" t="1112" r="833" b="1142" charConfidence="58">g</charParams>
<charParams l="837" t="1113" r="850" b="1136" charConfidence="25">e</charParams>
<charParams l="853" t="1105" r="870" b="1142" charConfidence="22">f</charParams>
<charParams l="853" t="1105" r="870" b="1142" charConfidence="22">i</charParams>
<charParams l="875" t="1114" r="886" b="1135" charConfidence="25">e</charParams>
<charParams l="890" t="1106" r="898" b="1136" charConfidence="44">l</charParams>
<charParams l="899" t="1105" r="921" b="1143"> </charParams>
<charParams l="922" t="1105" r="941" b="1143" charConfidence="85">s</charParams>
<charParams l="922" t="1105" r="941" b="1143" charConfidence="85">i</charParams>
<charParams l="943" t="1104" r="971" b="1143" charConfidence="32">c</charParams>
<charParams l="943" t="1104" r="971" b="1143" charConfidence="32">h</charParams></formatting></line>
<line baseline="1198" l="173" t="1163" r="972" b="1207"><formatting lang="OldGerman">
<charParams l="173" t="1167" r="187" b="1206" charConfidence="100">s</charParams>
<charParams l="186" t="1176" r="198" b="1199" charConfidence="49">e</charParams>
<charParams l="201" t="1167" r="218" b="1207" charConfidence="88">h</charParams>
<charParams l="222" t="1176" r="236" b="1201" charConfidence="26">r</charParams>
<charParams l="237" t="1169" r="259" b="1201"> </charParams>
<charParams l="260" t="1169" r="270" b="1201" charConfidence="37">i</charParams>
<charParams l="273" t="1177" r="291" b="1202" charConfidence="25">n</charParams>
<charParams l="292" t="1170" r="315" b="1202"> </charParams>
<charParams l="316" t="1170" r="331" b="1199" charConfidence="30">d</charParams>
<charParams l="336" t="1176" r="347" b="1201" charConfidence="26">e</charParams>
<charParams l="351" t="1175" r="365" b="1199" charConfidence="31">r</charParams>
<charParams l="366" t="1164" r="387" b="1199"> </charParams>
<charParams l="388" t="1164" r="422" b="1199" charConfidence="22">G</charParams>
<charParams l="425" t="1174" r="437" b="1197" charConfidence="27">e</charParams>
<charParams l="439" t="1173" r="455" b="1205" charConfidence="59">g</charParams>
<charParams l="459" t="1173" r="471" b="1197" charConfidence="28">e</charParams>
<charParams l="474" t="1172" r="491" b="1196" charConfidence="46">n</charParams>
<charParams l="495" t="1165" r="511" b="1195" charConfidence="27">d</charParams>
<charParams l="512" t="1165" r="535" b="1197"> </charParams>
<charParams l="536" t="1172" r="554" b="1197" charConfidence="34">u</charParams>
<charParams l="557" t="1172" r="575" b="1196" charConfidence="100">n</charParams>
<charParams l="579" t="1166" r="595" b="1196" charConfidence="27">d</charParams>
<charParams l="596" t="1163" r="617" b="1197"> </charParams>
<charParams l="618" t="1163" r="634" b="1197" charConfidence="46">b</charParams>
<charParams l="638" t="1172" r="650" b="1197" charConfidence="47">e</charParams>
<charParams l="653" t="1171" r="680" b="1195" charConfidence="39">m</charParams>
<charParams l="685" t="1172" r="696" b="1196" charConfidence="25">e</charParams>
<charParams l="700" t="1172" r="713" b="1196" charConfidence="54">r</charParams>
<charParams l="715" t="1164" r="728" b="1195" charConfidence="45">k</charParams>
<charParams l="730" t="1169" r="740" b="1196" charConfidence="92">t</charParams>
<charParams l="743" t="1173" r="756" b="1197" charConfidence="31">e</charParams>
<charParams l="757" t="1166" r="773" b="1204"> </charParams>
<charParams l="774" t="1166" r="783" b="1204" charConfidence="39">j</charParams>
<charParams l="787" t="1174" r="798" b="1196" charConfidence="26">e</charParams>
<charParams l="802" t="1168" r="817" b="1197" charConfidence="26">d</charParams>
<charParams l="821" t="1174" r="834" b="1197" charConfidence="31">e</charParams>
<charParams l="835" t="1164" r="852" b="1197"> </charParams>
<charParams l="853" t="1164" r="888" b="1197" charConfidence="71">S</charParams>
<charParams l="893" t="1166" r="920" b="1205" charConfidence="55">c</charParams>
<charParams l="893" t="1166" r="920" b="1205" charConfidence="55">h</charParams>
<charParams l="924" t="1165" r="939" b="1198" charConfidence="100">ö</charParams>
<charParams l="942" t="1174" r="959" b="1199" charConfidence="71">n</charParams>
<charParams l="961" t="1178" r="972" b="1195" charConfidence="22">-</charParams></formatting></line></par>
</text>
</block>
<block blockType="Separator" blockName="">
<separator type="Black" thickness="6"><start x="541" y="199"/><end x="641" y="199"/>
</separator>
</block>
</page>
</document>