﻿<?xml version="1.0" encoding="UTF-8" standalone="yes"?>
<document xmlns="http://www.abbyy.com/FineReader_xml/FineReader10-schema-v1.xml" version="1.0" producer="ABBYY FineReader Engine 11" languages="" xmlns:xsi="http://www.w3.org/2001/XMLSchema-instance" xsi:schemaLocation="http://www.abbyy.com/FineReader_xml/FineReader10-schema-v1.xml http://www.abbyy.com/FineReader_xml/FineReader10-schema-v1.xml">
<page width="1156" height="1782" resolution="300" originalCoords="1">
<block blockType="Text" blockName="">
<text>
<par startIndent="144">
<line baseline="90" l="556" t="59" r="601" b="90"><formatting lang="OldGerman">
<charParams l="556" t="59" r="579" b="90" suspicious="1" charConfidence="29">4</charParams>
<charParams l="582" t="59" r="601" b="86" suspicious="1" charConfidence="100">5</charParams></formatting></line></par>
</text>
</block>
<block blockType="Text" blockName="">
<text>
<par align="Justified" startIndent="313" lineSpacing="1416">
<line baseline="174" l="191" t="139" r="977" b="187"><formatting lang="OldGerman">
<charParams l="191" t="144" r="211" b="187" suspicious="1" charConfidence="26">h</charParams>
<charParams l="214" t="155" r="227" b="177" charConfidence="37">e</charParams>
<charParams l="230" t="146" r="238" b="177" suspicious="1" charConfidence="56">i</charParams>
<charParams l="240" t="149" r="251" b="177" charConfidence="57">t</charParams>
<charParams l="252" t="149" r="272" b="177"> </charParams>
<charParams l="273" t="150" r="303" b="176" charConfidence="25">w</charParams>
<charParams l="304" t="154" r="317" b="176" charConfidence="24">e</charParams>
<charParams l="318" t="146" r="329" b="177" charConfidence="39">l</charParams>
<charParams l="329" t="144" r="356" b="182" charConfidence="31">c</charParams>
<charParams l="329" t="144" r="356" b="182" charConfidence="31">h</charParams>
<charParams l="359" t="154" r="373" b="177" charConfidence="28">e</charParams>
<charParams l="374" t="144" r="393" b="177"> </charParams>
<charParams l="394" t="144" r="412" b="175" suspicious="1" charConfidence="22">L</charParams>
<charParams l="416" t="150" r="432" b="174" charConfidence="44">u</charParams>
<charParams l="436" t="149" r="449" b="173" charConfidence="53">r</charParams>
<charParams l="452" t="140" r="479" b="178" charConfidence="62">c</charParams>
<charParams l="452" t="140" r="479" b="178" suspicious="1" charConfidence="62">h</charParams>
<charParams l="480" t="140" r="502" b="178"> </charParams>
<charParams l="503" t="140" r="518" b="169" charConfidence="34">d</charParams>
<charParams l="522" t="139" r="530" b="169" charConfidence="100">i</charParams>
<charParams l="534" t="148" r="546" b="169" charConfidence="55">e</charParams>
<charParams l="547" t="146" r="569" b="170"> </charParams>
<charParams l="570" t="146" r="587" b="170" charConfidence="35">n</charParams>
<charParams l="591" t="147" r="603" b="170" charConfidence="25">e</charParams>
<charParams l="606" t="145" r="623" b="170" charConfidence="42">u</charParams>
<charParams l="626" t="147" r="639" b="170" charConfidence="35">e</charParams>
<charParams l="642" t="146" r="660" b="171" charConfidence="31">n</charParams>
<charParams l="661" t="140" r="684" b="175"> </charParams>
<charParams l="685" t="140" r="725" b="175" charConfidence="30">W</charParams>
<charParams l="728" t="151" r="741" b="175" charConfidence="26">e</charParams>
<charParams l="741" t="151" r="758" b="183" charConfidence="27">g</charParams>
<charParams l="762" t="152" r="776" b="176" charConfidence="60">e</charParams>
<charParams l="777" t="152" r="791" b="176"> </charParams>
<charParams l="792" t="152" r="804" b="175" charConfidence="33">e</charParams>
<charParams l="807" t="152" r="820" b="175" charConfidence="100">r</charParams>
<charParams l="823" t="144" r="844" b="185" charConfidence="38">s</charParams>
<charParams l="823" t="144" r="844" b="185" charConfidence="38">t</charParams>
<charParams l="845" t="144" r="859" b="185"> </charParams>
<charParams l="860" t="145" r="880" b="184" charConfidence="85">s</charParams>
<charParams l="860" t="145" r="880" b="184" charConfidence="85">i</charParams>
<charParams l="882" t="144" r="908" b="183" charConfidence="100">c</charParams>
<charParams l="882" t="144" r="908" b="183" charConfidence="100">h</charParams>
<charParams l="911" t="149" r="922" b="176" charConfidence="70">t</charParams>
<charParams l="924" t="142" r="940" b="176" charConfidence="52">b</charParams>
<charParams l="944" t="152" r="959" b="175" charConfidence="32">a</charParams>
<charParams l="962" t="152" r="977" b="175" charConfidence="33">r</charParams></formatting></line>
<line baseline="234" l="192" t="200" r="977" b="244"><formatting lang="OldGerman">
<charParams l="192" t="213" r="211" b="237" charConfidence="96">u</charParams>
<charParams l="214" t="214" r="231" b="237" charConfidence="100">n</charParams>
<charParams l="236" t="207" r="252" b="235" charConfidence="27">d</charParams>
<charParams l="253" t="207" r="274" b="243"> </charParams>
<charParams l="275" t="214" r="292" b="243" charConfidence="29">g</charParams>
<charParams l="296" t="213" r="308" b="236" charConfidence="26">e</charParams>
<charParams l="311" t="214" r="328" b="236" charConfidence="39">n</charParams>
<charParams l="331" t="206" r="339" b="236" charConfidence="-1">i</charParams>
<charParams l="343" t="214" r="355" b="236" charConfidence="29">e</charParams>
<charParams l="357" t="205" r="374" b="241" charConfidence="28">ß</charParams>
<charParams l="377" t="204" r="392" b="234" charConfidence="26">b</charParams>
<charParams l="396" t="211" r="410" b="233" charConfidence="24">a</charParams>
<charParams l="415" t="211" r="429" b="233" charConfidence="28">r</charParams>
<charParams l="430" t="209" r="450" b="239"> </charParams>
<charParams l="451" t="209" r="468" b="239" charConfidence="53">g</charParams>
<charParams l="472" t="209" r="482" b="230" charConfidence="34">e</charParams>
<charParams l="486" t="206" r="511" b="230" charConfidence="29">w</charParams>
<charParams l="515" t="207" r="529" b="229" charConfidence="37">o</charParams>
<charParams l="533" t="206" r="546" b="228" charConfidence="73">r</charParams>
<charParams l="549" t="200" r="563" b="228" charConfidence="30">d</charParams>
<charParams l="566" t="206" r="580" b="229" charConfidence="55">e</charParams>
<charParams l="582" t="207" r="600" b="229" charConfidence="30">n</charParams>
<charParams l="602" t="220" r="611" b="229" suspicious="1" charConfidence="100">.</charParams>
<charParams l="612" t="200" r="658" b="233"> </charParams>
<charParams l="659" t="200" r="685" b="233" charConfidence="-1">E</charParams>
<charParams l="687" t="210" r="701" b="234" charConfidence="52">r</charParams>
<charParams l="702" t="210" r="711" b="236"> </charParams>
<charParams l="712" t="232" r="717" b="236" charConfidence="100">.</charParams>
<charParams l="724" t="204" r="742" b="244" suspicious="1" charConfidence="34">h</charParams>
<charParams l="746" t="213" r="761" b="235" charConfidence="59">a</charParams>
<charParams l="766" t="210" r="789" b="237" charConfidence="57">t</charParams>
<charParams l="766" t="210" r="789" b="237" charConfidence="57">t</charParams>
<charParams l="791" t="213" r="805" b="237" charConfidence="58">e</charParams>
<charParams l="806" t="213" r="827" b="237"> </charParams>
<charParams l="828" t="214" r="840" b="237" charConfidence="27">e</charParams>
<charParams l="844" t="206" r="852" b="237" charConfidence="39">i</charParams>
<charParams l="855" t="213" r="873" b="237" charConfidence="82">n</charParams>
<charParams l="874" t="213" r="890" b="244"> </charParams>
<charParams l="891" t="213" r="908" b="244" charConfidence="46">g</charParams>
<charParams l="911" t="214" r="924" b="237" charConfidence="34">e</charParams>
<charParams l="927" t="205" r="944" b="237" charConfidence="48">ü</charParams>
<charParams l="947" t="204" r="963" b="237" charConfidence="58">b</charParams>
<charParams l="966" t="215" r="977" b="233" charConfidence="-1">»</charParams></formatting></line>
<line baseline="294" l="190" t="258" r="976" b="304"><formatting lang="OldGerman">
<charParams l="190" t="270" r="203" b="297" charConfidence="30">t</charParams>
<charParams l="205" t="274" r="218" b="297" charConfidence="29">e</charParams>
<charParams l="220" t="268" r="236" b="297" suspicious="1" charConfidence="22">ü</charParams>
<charParams l="237" t="263" r="259" b="297"> </charParams>
<charParams l="260" t="263" r="288" b="297" charConfidence="36">A</charParams>
<charParams l="290" t="275" r="306" b="298" charConfidence="34">u</charParams>
<charParams l="309" t="274" r="326" b="304" charConfidence="44">g</charParams>
<charParams l="330" t="274" r="343" b="296" charConfidence="28">e</charParams>
<charParams l="344" t="272" r="365" b="296"> </charParams>
<charParams l="366" t="272" r="384" b="295" charConfidence="94">u</charParams>
<charParams l="387" t="271" r="404" b="294" charConfidence="100">n</charParams>
<charParams l="408" t="264" r="424" b="291" charConfidence="27">d</charParams>
<charParams l="425" t="262" r="448" b="291"> </charParams>
<charParams l="449" t="262" r="465" b="290" charConfidence="27">d</charParams>
<charParams l="468" t="268" r="483" b="290" charConfidence="24">a</charParams>
<charParams l="488" t="258" r="503" b="289" charConfidence="31">b</charParams>
<charParams l="507" t="266" r="518" b="289" charConfidence="26">e</charParams>
<charParams l="521" t="266" r="538" b="297" charConfidence="27">y</charParams>
<charParams l="539" t="265" r="563" b="297"> </charParams>
<charParams l="564" t="265" r="576" b="288" charConfidence="-1">«</charParams>
<charParams l="579" t="258" r="587" b="288" charConfidence="100">i</charParams>
<charParams l="590" t="265" r="608" b="288" charConfidence="100">n</charParams>
<charParams l="609" t="265" r="628" b="297"> </charParams>
<charParams l="629" t="267" r="647" b="297" charConfidence="26">g</charParams>
<charParams l="650" t="268" r="663" b="290" charConfidence="35">e</charParams>
<charParams l="665" t="268" r="683" b="291" charConfidence="77">n</charParams>
<charParams l="686" t="261" r="703" b="292" charConfidence="68">ü</charParams>
<charParams l="705" t="271" r="724" b="301" charConfidence="34">g</charParams>
<charParams l="726" t="263" r="740" b="300" charConfidence="81">s</charParams>
<charParams l="738" t="272" r="753" b="294" charConfidence="42">a</charParams>
<charParams l="757" t="272" r="784" b="295" charConfidence="69">m</charParams>
<charParams l="789" t="273" r="801" b="295" charConfidence="32">e</charParams>
<charParams l="803" t="268" r="820" b="296" charConfidence="-1">s</charParams>
<charParams l="830" t="275" r="839" b="304" charConfidence="48">;</charParams>
<charParams l="840" t="274" r="863" b="304"> </charParams>
<charParams l="864" t="274" r="882" b="298" charConfidence="65">u</charParams>
<charParams l="886" t="274" r="904" b="297" charConfidence="33">n</charParams>
<charParams l="907" t="268" r="923" b="297" charConfidence="26">d</charParams>
<charParams l="924" t="268" r="940" b="297"> </charParams>
<charParams l="941" t="275" r="957" b="297" charConfidence="100">o</charParams>
<charParams l="959" t="265" r="976" b="298" charConfidence="30">b</charParams></formatting></line>
<line baseline="357" l="190" t="317" r="977" b="365"><formatting lang="OldGerman">
<charParams l="190" t="333" r="204" b="357" charConfidence="27">e</charParams>
<charParams l="207" t="334" r="220" b="356" charConfidence="33">r</charParams>
<charParams l="221" t="333" r="235" b="365"> </charParams>
<charParams l="236" t="333" r="253" b="365" charConfidence="30">g</charParams>
<charParams l="257" t="327" r="265" b="356" charConfidence="37">l</charParams>
<charParams l="268" t="334" r="281" b="355" charConfidence="31">e</charParams>
<charParams l="284" t="326" r="291" b="356" charConfidence="100">i</charParams>
<charParams l="294" t="325" r="321" b="361" charConfidence="96">c</charParams>
<charParams l="294" t="325" r="321" b="361" charConfidence="96">h</charParams>
<charParams l="322" t="325" r="338" b="361"> </charParams>
<charParams l="339" t="326" r="355" b="354" charConfidence="26">d</charParams>
<charParams l="358" t="331" r="374" b="354" charConfidence="27">a</charParams>
<charParams l="377" t="325" r="393" b="352" charConfidence="100">s</charParams>
<charParams l="394" t="325" r="409" b="352"> </charParams>
<charParams l="410" t="327" r="436" b="351" charConfidence="34">w</charParams>
<charParams l="440" t="318" r="457" b="349" charConfidence="22">ü</charParams>
<charParams l="460" t="326" r="477" b="349" charConfidence="26">n</charParams>
<charParams l="481" t="317" r="495" b="355" charConfidence="72">s</charParams>
<charParams l="492" t="318" r="518" b="354" charConfidence="100">c</charParams>
<charParams l="492" t="318" r="518" b="354" charConfidence="100">h</charParams>
<charParams l="522" t="325" r="535" b="348" charConfidence="26">e</charParams>
<charParams l="538" t="324" r="554" b="348" charConfidence="80">n</charParams>
<charParams l="558" t="321" r="573" b="348" charConfidence="100">s</charParams>
<charParams l="576" t="324" r="602" b="348" charConfidence="30">w</charParams>
<charParams l="606" t="326" r="618" b="348" charConfidence="30">e</charParams>
<charParams l="620" t="325" r="634" b="349" charConfidence="100">r</charParams>
<charParams l="635" t="323" r="647" b="349" charConfidence="92">t</charParams>
<charParams l="649" t="318" r="666" b="358" charConfidence="49">h</charParams>
<charParams l="670" t="328" r="684" b="351" charConfidence="35">e</charParams>
<charParams l="684" t="351" r="689" b="356" charConfidence="67">.</charParams>
<charParams l="690" t="321" r="696" b="358" suspicious="1"> </charParams>
<charParams l="697" t="321" r="712" b="358" charConfidence="47">s</charParams>
<charParams l="709" t="330" r="723" b="353" charConfidence="79">e</charParams>
<charParams l="725" t="322" r="742" b="363" charConfidence="100">h</charParams>
<charParams l="746" t="331" r="761" b="354" charConfidence="32">r</charParams>
<charParams l="762" t="331" r="772" b="356"> </charParams>
<charParams l="773" t="332" r="800" b="356" charConfidence="31">w</charParams>
<charParams l="803" t="334" r="818" b="357" charConfidence="35">o</charParams>
<charParams l="821" t="325" r="838" b="363" charConfidence="62">h</charParams>
<charParams l="843" t="326" r="852" b="357" charConfidence="47">l</charParams>
<charParams l="853" t="326" r="863" b="357"> </charParams>
<charParams l="864" t="326" r="878" b="357" charConfidence="30">k</charParams>
<charParams l="879" t="336" r="894" b="357" charConfidence="60">a</charParams>
<charParams l="898" t="334" r="915" b="357" charConfidence="65">n</charParams>
<charParams l="918" t="334" r="936" b="358" charConfidence="99">n</charParams>
<charParams l="940" t="331" r="951" b="358" charConfidence="93">t</charParams>
<charParams l="952" t="335" r="967" b="358" charConfidence="100">e</charParams>
<charParams l="966" t="348" r="977" b="365" charConfidence="70">,</charParams></formatting></line></par>
<par align="Justified" startIndent="313" lineSpacing="1464">
<line baseline="412" l="187" t="378" r="976" b="424"><formatting lang="OldGerman">
<charParams l="187" t="392" r="218" b="415" charConfidence="28">m</charParams>
<charParams l="221" t="393" r="236" b="415" charConfidence="41">a</charParams>
<charParams l="239" t="384" r="266" b="420" charConfidence="58">c</charParams>
<charParams l="239" t="384" r="266" b="420" charConfidence="58">h</charParams>
<charParams l="270" t="388" r="281" b="412" charConfidence="41">t</charParams>
<charParams l="282" t="392" r="296" b="413" charConfidence="29">e</charParams>
<charParams l="297" t="391" r="319" b="413"> </charParams>
<charParams l="320" t="391" r="332" b="412" charConfidence="36">e</charParams>
<charParams l="336" t="390" r="349" b="411" charConfidence="30">r</charParams>
<charParams l="350" t="384" r="372" b="411"> </charParams>
<charParams l="373" t="384" r="388" b="410" charConfidence="25">d</charParams>
<charParams l="392" t="388" r="406" b="409" charConfidence="41">o</charParams>
<charParams l="410" t="379" r="437" b="415" charConfidence="77">c</charParams>
<charParams l="410" t="379" r="437" b="415" charConfidence="77">h</charParams>
<charParams l="438" t="379" r="459" b="415"> </charParams>
<charParams l="460" t="386" r="478" b="408" charConfidence="27">n</charParams>
<charParams l="483" t="379" r="491" b="408" charConfidence="88">i</charParams>
<charParams l="494" t="378" r="520" b="415" charConfidence="88">c</charParams>
<charParams l="494" t="378" r="520" b="415" charConfidence="88">h</charParams>
<charParams l="524" t="383" r="535" b="408" charConfidence="33">t</charParams>
<charParams l="542" t="399" r="553" b="415" charConfidence="90">,</charParams>
<charParams l="554" t="385" r="576" b="415"> </charParams>
<charParams l="577" t="385" r="604" b="408" charConfidence="40">w</charParams>
<charParams l="607" t="378" r="615" b="407" charConfidence="100">i</charParams>
<charParams l="618" t="386" r="631" b="408" charConfidence="30">e</charParams>
<charParams l="632" t="386" r="653" b="409"> </charParams>
<charParams l="654" t="387" r="667" b="409" charConfidence="28">e</charParams>
<charParams l="670" t="383" r="686" b="409" suspicious="1" charConfidence="100">s</charParams>
<charParams l="687" t="382" r="709" b="413"> </charParams>
<charParams l="710" t="382" r="726" b="413" charConfidence="22">ö</charParams>
<charParams l="729" t="382" r="744" b="419" charConfidence="72">f</charParams>
<charParams l="743" t="389" r="753" b="413" charConfidence="69">t</charParams>
<charParams l="755" t="392" r="768" b="414" charConfidence="42">e</charParams>
<charParams l="770" t="392" r="784" b="414" charConfidence="36">r</charParams>
<charParams l="786" t="388" r="802" b="414" charConfidence="100">s</charParams>
<charParams l="803" t="388" r="818" b="424"> </charParams>
<charParams l="819" t="393" r="833" b="424" charConfidence="28">z</charParams>
<charParams l="836" t="393" r="853" b="415" charConfidence="42">u</charParams>
<charParams l="854" t="393" r="869" b="423"> </charParams>
<charParams l="870" t="394" r="892" b="423" suspicious="1" charConfidence="92">g</charParams>
<charParams l="896" t="395" r="908" b="417" charConfidence="29">e</charParams>
<charParams l="911" t="387" r="924" b="423" charConfidence="48">s</charParams>
<charParams l="922" t="388" r="949" b="423" charConfidence="80">c</charParams>
<charParams l="922" t="388" r="949" b="423" charConfidence="80">h</charParams>
<charParams l="952" t="395" r="965" b="417" charConfidence="26">e</charParams>
<charParams l="967" t="397" r="976" b="413" charConfidence="22">-</charParams></formatting></line>
<line baseline="471" l="186" t="437" r="976" b="483"><formatting lang="OldGerman">
<charParams l="186" t="442" r="206" b="482" suspicious="1" charConfidence="28">h</charParams>
<charParams l="210" t="450" r="222" b="472" charConfidence="35">e</charParams>
<charParams l="225" t="449" r="242" b="472" charConfidence="29">n</charParams>
<charParams l="243" t="449" r="265" b="478"> </charParams>
<charParams l="266" t="449" r="283" b="478" charConfidence="48">p</charParams>
<charParams l="287" t="441" r="307" b="479" charConfidence="22">f</charParams>
<charParams l="287" t="441" r="307" b="479" charConfidence="22">l</charParams>
<charParams l="309" t="448" r="322" b="472" charConfidence="26">e</charParams>
<charParams l="323" t="447" r="339" b="477" charConfidence="25">g</charParams>
<charParams l="343" t="444" r="355" b="470" charConfidence="96">t</charParams>
<charParams l="362" t="460" r="371" b="477" charConfidence="84">,</charParams>
<charParams l="372" t="438" r="395" b="477"> </charParams>
<charParams l="396" t="438" r="428" b="477" charConfidence="56">P</charParams>
<charParams l="432" t="446" r="444" b="469" charConfidence="28">e</charParams>
<charParams l="447" t="445" r="459" b="469" charConfidence="84">r</charParams>
<charParams l="463" t="438" r="475" b="475" charConfidence="28">s</charParams>
<charParams l="473" t="446" r="488" b="468" charConfidence="46">o</charParams>
<charParams l="493" t="445" r="510" b="468" charConfidence="100">n</charParams>
<charParams l="513" t="446" r="525" b="469" charConfidence="26">e</charParams>
<charParams l="528" t="446" r="546" b="469" charConfidence="33">n</charParams>
<charParams l="547" t="439" r="570" b="469"> </charParams>
<charParams l="571" t="439" r="587" b="469" charConfidence="28">d</charParams>
<charParams l="591" t="438" r="599" b="469" charConfidence="64">i</charParams>
<charParams l="601" t="445" r="615" b="469" charConfidence="35">e</charParams>
<charParams l="616" t="439" r="637" b="469"> </charParams>
<charParams l="638" t="439" r="647" b="469" charConfidence="25">i</charParams>
<charParams l="651" t="437" r="667" b="478" charConfidence="76">h</charParams>
<charParams l="671" t="447" r="689" b="471" charConfidence="100">n</charParams>
<charParams l="690" t="441" r="709" b="471"> </charParams>
<charParams l="710" t="441" r="720" b="471" suspicious="1" charConfidence="100">i</charParams>
<charParams l="722" t="449" r="741" b="472" charConfidence="39">n</charParams>
<charParams l="742" t="444" r="761" b="472"> </charParams>
<charParams l="762" t="444" r="778" b="472" charConfidence="28">d</charParams>
<charParams l="781" t="450" r="794" b="472" charConfidence="72">e</charParams>
<charParams l="797" t="448" r="825" b="473" charConfidence="33">m</charParams>
<charParams l="826" t="442" r="839" b="480"> </charParams>
<charParams l="840" t="442" r="872" b="480" charConfidence="26">I</charParams>
<charParams l="874" t="443" r="892" b="483" charConfidence="62">h</charParams>
<charParams l="895" t="452" r="909" b="475" charConfidence="92">r</charParams>
<charParams l="912" t="446" r="919" b="474" charConfidence="27">i</charParams>
<charParams l="922" t="453" r="939" b="482" charConfidence="34">g</charParams>
<charParams l="942" t="452" r="953" b="475" charConfidence="100">e</charParams>
<charParams l="957" t="452" r="976" b="476" charConfidence="28">n</charParams></formatting></line>
<line baseline="531" l="186" t="499" r="976" b="542"><formatting lang="OldGerman">
<charParams l="186" t="501" r="204" b="542" charConfidence="56">h</charParams>
<charParams l="209" t="509" r="220" b="532" charConfidence="100">e</charParams>
<charParams l="223" t="509" r="236" b="531" charConfidence="100">r</charParams>
<charParams l="239" t="509" r="255" b="532" charConfidence="37">u</charParams>
<charParams l="259" t="508" r="286" b="531" charConfidence="100">m</charParams>
<charParams l="290" t="500" r="303" b="538" charConfidence="30">f</charParams>
<charParams l="303" t="500" r="320" b="531" charConfidence="22">ü</charParams>
<charParams l="324" t="499" r="341" b="540" charConfidence="73">h</charParams>
<charParams l="345" t="508" r="358" b="531" charConfidence="41">r</charParams>
<charParams l="361" t="504" r="371" b="531" charConfidence="67">t</charParams>
<charParams l="373" t="508" r="385" b="531" charConfidence="27">e</charParams>
<charParams l="389" t="508" r="405" b="531" charConfidence="25">n</charParams>
<charParams l="414" t="522" r="423" b="536" charConfidence="85">,</charParams>
<charParams l="424" t="501" r="463" b="536"> </charParams>
<charParams l="464" t="501" r="480" b="530" charConfidence="30">d</charParams>
<charParams l="483" t="508" r="498" b="530" charConfidence="24">a</charParams>
<charParams l="503" t="502" r="517" b="530" charConfidence="26">d</charParams>
<charParams l="522" t="508" r="537" b="531" charConfidence="24">u</charParams>
<charParams l="542" t="507" r="554" b="530" charConfidence="51">r</charParams>
<charParams l="557" t="499" r="584" b="537" charConfidence="84">c</charParams>
<charParams l="557" t="499" r="584" b="537" suspicious="1" charConfidence="84">h</charParams>
<charParams l="585" t="499" r="615" b="537"> </charParams>
<charParams l="616" t="507" r="628" b="530" charConfidence="39">e</charParams>
<charParams l="632" t="500" r="639" b="529" charConfidence="100">i</charParams>
<charParams l="643" t="507" r="659" b="530" charConfidence="55">n</charParams>
<charParams l="664" t="508" r="675" b="531" charConfidence="100">e</charParams>
<charParams l="679" t="507" r="696" b="530" charConfidence="25">n</charParams>
<charParams l="697" t="499" r="728" b="531"> </charParams>
<charParams l="729" t="499" r="747" b="531" charConfidence="33">ü</charParams>
<charParams l="752" t="500" r="766" b="530" charConfidence="29">b</charParams>
<charParams l="770" t="502" r="779" b="532" charConfidence="42">l</charParams>
<charParams l="781" t="510" r="793" b="532" charConfidence="91">e</charParams>
<charParams l="796" t="510" r="814" b="532" charConfidence="67">n</charParams>
<charParams l="815" t="500" r="845" b="539"> </charParams>
<charParams l="846" t="500" r="877" b="539" charConfidence="27">H</charParams>
<charParams l="881" t="511" r="898" b="533" charConfidence="33">u</charParams>
<charParams l="902" t="510" r="929" b="534" charConfidence="62">m</charParams>
<charParams l="934" t="512" r="948" b="533" charConfidence="33">o</charParams>
<charParams l="952" t="512" r="966" b="534" charConfidence="27">r</charParams>
<charParams l="965" t="527" r="976" b="541" charConfidence="99">,</charParams></formatting></line>
<line baseline="595" l="187" t="561" r="977" b="607"><formatting lang="OldGerman">
<charParams l="187" t="565" r="203" b="595" charConfidence="30">d</charParams>
<charParams l="207" t="573" r="222" b="595" charConfidence="55">a</charParams>
<charParams l="226" t="563" r="242" b="600" charConfidence="27">ß</charParams>
<charParams l="243" t="563" r="273" b="600"> </charParams>
<charParams l="274" t="571" r="287" b="595" charConfidence="43">e</charParams>
<charParams l="290" t="571" r="303" b="595" charConfidence="84">r</charParams>
<charParams l="304" t="570" r="333" b="595"> </charParams>
<charParams l="334" t="570" r="362" b="595" charConfidence="27">m</charParams>
<charParams l="367" t="571" r="378" b="595" charConfidence="26">e</charParams>
<charParams l="381" t="561" r="398" b="603" charConfidence="72">h</charParams>
<charParams l="402" t="571" r="416" b="594" charConfidence="32">r</charParams>
<charParams l="417" t="571" r="444" b="594"> </charParams>
<charParams l="445" t="571" r="461" b="594" charConfidence="100">v</charParams>
<charParams l="466" t="570" r="477" b="594" charConfidence="100">e</charParams>
<charParams l="481" t="571" r="493" b="594" charConfidence="100">r</charParams>
<charParams l="497" t="563" r="505" b="594" charConfidence="49">l</charParams>
<charParams l="507" t="570" r="523" b="594" charConfidence="55">a</charParams>
<charParams l="527" t="570" r="543" b="594" charConfidence="26">n</charParams>
<charParams l="546" t="570" r="562" b="601" charConfidence="71">g</charParams>
<charParams l="567" t="566" r="576" b="594" charConfidence="53">t</charParams>
<charParams l="580" t="570" r="593" b="594" charConfidence="41">e</charParams>
<charParams l="594" t="570" r="615" b="594"> </charParams>
<charParams l="616" t="571" r="631" b="594" charConfidence="27">a</charParams>
<charParams l="636" t="563" r="644" b="595" charConfidence="43">l</charParams>
<charParams l="647" t="565" r="662" b="594" charConfidence="-1">s</charParams>
<charParams l="663" t="565" r="687" b="594"> </charParams>
<charParams l="688" t="566" r="703" b="594" charConfidence="26">d</charParams>
<charParams l="707" t="563" r="715" b="594" charConfidence="100">i</charParams>
<charParams l="718" t="571" r="731" b="594" charConfidence="35">e</charParams>
<charParams l="732" t="562" r="753" b="596"> </charParams>
<charParams l="754" t="562" r="780" b="596" charConfidence="73">U</charParams>
<charParams l="783" t="571" r="810" b="595" charConfidence="100">m</charParams>
<charParams l="814" t="564" r="835" b="604" charConfidence="37">s</charParams>
<charParams l="814" t="564" r="835" b="604" charConfidence="37">t</charParams>
<charParams l="837" t="563" r="852" b="596" charConfidence="22">ä</charParams>
<charParams l="856" t="572" r="873" b="596" charConfidence="100">n</charParams>
<charParams l="877" t="566" r="892" b="596" charConfidence="28">d</charParams>
<charParams l="896" t="573" r="909" b="596" charConfidence="29">e</charParams>
<charParams l="910" t="572" r="931" b="607"> </charParams>
<charParams l="932" t="572" r="944" b="607" charConfidence="25">z</charParams>
<charParams l="948" t="573" r="965" b="597" charConfidence="29">u</charParams>
<charParams l="967" t="577" r="977" b="592" charConfidence="22">¬</charParams></formatting></line>
<line baseline="658" l="185" t="624" r="976" b="665"><formatting lang="OldGerman">
<charParams l="185" t="627" r="197" b="658" charConfidence="26">l</charParams>
<charParams l="201" t="626" r="208" b="658" charConfidence="100">i</charParams>
<charParams l="211" t="634" r="223" b="657" charConfidence="35">e</charParams>
<charParams l="227" t="625" r="242" b="665" charConfidence="27">ß</charParams>
<charParams l="245" t="634" r="257" b="658" charConfidence="69">e</charParams>
<charParams l="260" t="634" r="278" b="658" charConfidence="51">n</charParams>
<charParams l="288" t="649" r="299" b="665" charConfidence="100">,</charParams>
<charParams l="300" t="635" r="335" b="665"> </charParams>
<charParams l="336" t="635" r="351" b="658" charConfidence="28">o</charParams>
<charParams l="355" t="627" r="370" b="658" charConfidence="37">d</charParams>
<charParams l="373" t="634" r="386" b="657" charConfidence="34">e</charParams>
<charParams l="389" t="633" r="402" b="657" charConfidence="49">r</charParams>
<charParams l="403" t="633" r="433" b="658"> </charParams>
<charParams l="434" t="634" r="450" b="658" charConfidence="25">a</charParams>
<charParams l="454" t="634" r="470" b="658" charConfidence="44">u</charParams>
<charParams l="475" t="625" r="501" b="664" charConfidence="56">c</charParams>
<charParams l="475" t="625" r="501" b="664" charConfidence="56">h</charParams>
<charParams l="502" t="625" r="531" b="664"> </charParams>
<charParams l="532" t="632" r="558" b="657" charConfidence="24">w</charParams>
<charParams l="563" t="634" r="577" b="657" charConfidence="67">o</charParams>
<charParams l="580" t="624" r="597" b="664" charConfidence="58">h</charParams>
<charParams l="601" t="626" r="610" b="657" charConfidence="70">l</charParams>
<charParams l="611" t="626" r="632" b="665"> </charParams>
<charParams l="633" t="633" r="649" b="665" charConfidence="29">g</charParams>
<charParams l="654" t="634" r="668" b="657" charConfidence="33">a</charParams>
<charParams l="672" t="634" r="687" b="658" charConfidence="70">r</charParams>
<charParams l="688" t="634" r="716" b="659"> </charParams>
<charParams l="717" t="635" r="732" b="659" charConfidence="100">a</charParams>
<charParams l="737" t="634" r="755" b="658" charConfidence="29">n</charParams>
<charParams l="756" t="634" r="778" b="658"> </charParams>
<charParams l="779" t="635" r="792" b="658" charConfidence="31">e</charParams>
<charParams l="795" t="632" r="805" b="660" charConfidence="36">t</charParams>
<charParams l="808" t="634" r="832" b="659" charConfidence="28">w</charParams>
<charParams l="837" t="635" r="851" b="659" charConfidence="100">a</charParams>
<charParams l="856" t="630" r="871" b="659" charConfidence="100">s</charParams>
<charParams l="872" t="627" r="895" b="660"> </charParams>
<charParams l="896" t="627" r="927" b="660" charConfidence="22">V</charParams>
<charParams l="930" t="636" r="945" b="660" charConfidence="42">o</charParams>
<charParams l="945" t="627" r="956" b="659" charConfidence="23">l</charParams>
<charParams l="957" t="627" r="967" b="660" charConfidence="25">l</charParams>
<charParams l="967" t="638" r="976" b="656" suspicious="1" charConfidence="-1">»</charParams></formatting></line>
<line baseline="721" l="186" t="688" r="974" b="729"><formatting lang="OldGerman">
<charParams l="186" t="688" r="201" b="719" charConfidence="45">k</charParams>
<charParams l="202" t="698" r="217" b="720" suspicious="1" charConfidence="43">o</charParams>
<charParams l="220" t="697" r="248" b="721" charConfidence="27">m</charParams>
<charParams l="251" t="697" r="279" b="722" charConfidence="100">m</charParams>
<charParams l="283" t="697" r="300" b="722" charConfidence="62">n</charParams>
<charParams l="304" t="698" r="317" b="721" charConfidence="35">e</charParams>
<charParams l="319" t="697" r="332" b="722" charConfidence="32">r</charParams>
<charParams l="335" t="697" r="347" b="721" charConfidence="31">e</charParams>
<charParams l="350" t="692" r="366" b="721" charConfidence="100">s</charParams>
<charParams l="367" t="692" r="390" b="721"> </charParams>
<charParams l="391" t="697" r="404" b="721" charConfidence="25">e</charParams>
<charParams l="407" t="696" r="420" b="721" charConfidence="73">r</charParams>
<charParams l="423" t="689" r="430" b="721" charConfidence="81">i</charParams>
<charParams l="434" t="697" r="450" b="721" charConfidence="24">n</charParams>
<charParams l="454" t="697" r="471" b="721" charConfidence="30">n</charParams>
<charParams l="475" t="697" r="487" b="721" charConfidence="100">e</charParams>
<charParams l="490" t="696" r="503" b="720" charConfidence="93">r</charParams>
<charParams l="506" t="693" r="516" b="720" charConfidence="100">t</charParams>
<charParams l="519" t="697" r="532" b="720" charConfidence="30">e</charParams>
<charParams l="533" t="691" r="554" b="720"> </charParams>
<charParams l="555" t="691" r="571" b="719" charConfidence="26">d</charParams>
<charParams l="575" t="697" r="590" b="720" charConfidence="100">a</charParams>
<charParams l="593" t="691" r="610" b="719" charConfidence="100">s</charParams>
<charParams l="611" t="691" r="628" b="720"> </charParams>
<charParams l="629" t="697" r="641" b="720" charConfidence="28">e</charParams>
<charParams l="644" t="696" r="657" b="721" charConfidence="25">r</charParams>
<charParams l="658" t="696" r="672" b="721"> </charParams>
<charParams l="673" t="698" r="689" b="721" charConfidence="25">a</charParams>
<charParams l="693" t="697" r="711" b="720" charConfidence="63">n</charParams>
<charParams l="714" t="691" r="730" b="720" charConfidence="39">d</charParams>
<charParams l="734" t="698" r="746" b="720" charConfidence="62">e</charParams>
<charParams l="749" t="698" r="762" b="726" charConfidence="24">r</charParams>
<charParams l="763" t="693" r="780" b="725" charConfidence="98">s</charParams>
<charParams l="783" t="697" r="808" b="722" charConfidence="36">w</charParams>
<charParams l="812" t="698" r="827" b="722" charConfidence="51">o</charParams>
<charParams l="828" t="698" r="846" b="729"> </charParams>
<charParams l="847" t="698" r="865" b="729" charConfidence="27">g</charParams>
<charParams l="868" t="698" r="882" b="722" charConfidence="75">e</charParams>
<charParams l="884" t="690" r="897" b="729" charConfidence="36">s</charParams>
<charParams l="894" t="699" r="906" b="722" charConfidence="27">e</charParams>
<charParams l="909" t="689" r="926" b="729" charConfidence="39">h</charParams>
<charParams l="931" t="699" r="943" b="722" charConfidence="27">e</charParams>
<charParams l="945" t="698" r="963" b="723" charConfidence="42">n</charParams>
<charParams l="965" t="712" r="974" b="722" charConfidence="100">.</charParams></formatting></line></par>
<par align="Justified" startIndent="1872" lineSpacing="1464">
<line baseline="844" l="251" t="811" r="974" b="851"><formatting lang="OldGerman">
<charParams l="251" t="811" r="280" b="844" charConfidence="29">A</charParams>
<charParams l="281" t="812" r="291" b="843" charConfidence="55">l</charParams>
<charParams l="292" t="815" r="308" b="843" charConfidence="100">s</charParams>
<charParams l="309" t="812" r="332" b="850"> </charParams>
<charParams l="333" t="812" r="352" b="850" charConfidence="50">s</charParams>
<charParams l="333" t="812" r="352" b="850" charConfidence="50">i</charParams>
<charParams l="353" t="821" r="366" b="843" charConfidence="51">e</charParams>
<charParams l="367" t="814" r="389" b="843"> </charParams>
<charParams l="390" t="814" r="405" b="843" charConfidence="26">d</charParams>
<charParams l="409" t="813" r="418" b="843" charConfidence="59">i</charParams>
<charParams l="420" t="821" r="434" b="843" charConfidence="46">e</charParams>
<charParams l="435" t="811" r="457" b="844"> </charParams>
<charParams l="458" t="811" r="501" b="844" charConfidence="48">M</charParams>
<charParams l="504" t="820" r="519" b="844" charConfidence="69">o</charParams>
<charParams l="522" t="821" r="537" b="844" charConfidence="38">o</charParams>
<charParams l="541" t="816" r="556" b="844" suspicious="1" charConfidence="100">S</charParams>
<charParams l="559" t="811" r="576" b="851" charConfidence="55">h</charParams>
<charParams l="579" t="811" r="597" b="844" charConfidence="22">ü</charParams>
<charParams l="601" t="816" r="611" b="844" charConfidence="100">t</charParams>
<charParams l="613" t="817" r="625" b="844" charConfidence="100">t</charParams>
<charParams l="625" t="821" r="640" b="844" charConfidence="38">e</charParams>
<charParams l="641" t="820" r="658" b="844"> </charParams>
<charParams l="659" t="820" r="675" b="844" charConfidence="92">e</charParams>
<charParams l="678" t="820" r="692" b="844" charConfidence="47">r</charParams>
<charParams l="694" t="820" r="707" b="844" charConfidence="55">r</charParams>
<charParams l="710" t="821" r="722" b="844" charConfidence="28">e</charParams>
<charParams l="725" t="813" r="734" b="844" charConfidence="62">i</charParams>
<charParams l="736" t="813" r="763" b="851" charConfidence="70">c</charParams>
<charParams l="736" t="813" r="763" b="851" charConfidence="70">h</charParams>
<charParams l="767" t="817" r="778" b="844" charConfidence="100">t</charParams>
<charParams l="780" t="821" r="792" b="844" charConfidence="55">e</charParams>
<charParams l="795" t="821" r="813" b="845" charConfidence="46">n</charParams>
<charParams l="820" t="835" r="831" b="850" charConfidence="71">,</charParams>
<charParams l="832" t="812" r="865" b="850"> </charParams>
<charParams l="866" t="812" r="882" b="850" charConfidence="100">f</charParams>
<charParams l="879" t="822" r="895" b="844" charConfidence="30">a</charParams>
<charParams l="899" t="821" r="917" b="843" charConfidence="25">n</charParams>
<charParams l="920" t="814" r="936" b="844" charConfidence="26">d</charParams>
<charParams l="939" t="822" r="952" b="843" charConfidence="27">e</charParams>
<charParams l="954" t="821" r="974" b="843" charConfidence="31">n</charParams></formatting></line>
<line baseline="902" l="183" t="870" r="974" b="911"><formatting lang="OldGerman">
<charParams l="183" t="871" r="203" b="909" charConfidence="81">s</charParams>
<charParams l="183" t="871" r="203" b="909" charConfidence="81">i</charParams>
<charParams l="205" t="879" r="219" b="901" charConfidence="27">e</charParams>
<charParams l="220" t="870" r="239" b="906"> </charParams>
<charParams l="240" t="870" r="255" b="906" charConfidence="100">s</charParams>
<charParams l="253" t="878" r="268" b="900" charConfidence="31">o</charParams>
<charParams l="271" t="871" r="279" b="900" charConfidence="100">l</charParams>
<charParams l="281" t="871" r="308" b="906" charConfidence="63">c</charParams>
<charParams l="281" t="871" r="308" b="906" charConfidence="63">h</charParams>
<charParams l="312" t="878" r="325" b="900" charConfidence="26">e</charParams>
<charParams l="326" t="878" r="346" b="901"> </charParams>
<charParams l="347" t="878" r="364" b="901" charConfidence="54">a</charParams>
<charParams l="368" t="879" r="385" b="901" charConfidence="54">u</charParams>
<charParams l="388" t="870" r="403" b="906" suspicious="1" charConfidence="56">f</charParams>
<charParams l="404" t="870" r="421" b="906"> </charParams>
<charParams l="422" t="874" r="438" b="901" charConfidence="27">d</charParams>
<charParams l="441" t="879" r="457" b="902" charConfidence="49">a</charParams>
<charParams l="460" t="875" r="476" b="901" charConfidence="100">s</charParams>
<charParams l="477" t="873" r="492" b="901"> </charParams>
<charParams l="493" t="873" r="502" b="901" charConfidence="62">l</charParams>
<charParams l="504" t="879" r="521" b="901" charConfidence="34">u</charParams>
<charParams l="525" t="873" r="546" b="908" charConfidence="36">s</charParams>
<charParams l="525" t="873" r="546" b="908" charConfidence="36">t</charParams>
<charParams l="548" t="873" r="557" b="902" charConfidence="100">i</charParams>
<charParams l="557" t="880" r="575" b="908" charConfidence="30">g</charParams>
<charParams l="578" t="873" r="600" b="908" charConfidence="38">s</charParams>
<charParams l="578" t="873" r="600" b="908" charConfidence="38">t</charParams>
<charParams l="601" t="880" r="615" b="902" charConfidence="37">e</charParams>
<charParams l="616" t="880" r="629" b="902"> </charParams>
<charParams l="630" t="880" r="646" b="902" charConfidence="28">a</charParams>
<charParams l="649" t="880" r="666" b="902" charConfidence="29">u</charParams>
<charParams l="669" t="874" r="686" b="902" charConfidence="100">s</charParams>
<charParams l="687" t="880" r="705" b="909" charConfidence="31">g</charParams>
<charParams l="708" t="880" r="720" b="902" charConfidence="46">e</charParams>
<charParams l="723" t="872" r="737" b="908" charConfidence="82">s</charParams>
<charParams l="734" t="873" r="760" b="910" charConfidence="74">c</charParams>
<charParams l="734" t="873" r="760" b="910" suspicious="1" charConfidence="74">h</charParams>
<charParams l="764" t="880" r="791" b="902" charConfidence="41">m</charParams>
<charParams l="795" t="871" r="813" b="902" charConfidence="65">ü</charParams>
<charParams l="816" t="881" r="825" b="902" charConfidence="26">c</charParams>
<charParams l="825" t="872" r="841" b="901" charConfidence="32">k</charParams>
<charParams l="844" t="877" r="855" b="902" charConfidence="42">t</charParams>
<charParams l="861" t="892" r="871" b="907" charConfidence="63">,</charParams>
<charParams l="872" t="879" r="894" b="911"> </charParams>
<charParams l="895" t="879" r="907" b="911" charConfidence="28">z</charParams>
<charParams l="910" t="879" r="937" b="902" charConfidence="27">w</charParams>
<charParams l="940" t="880" r="956" b="902" charConfidence="36">a</charParams>
<charParams l="958" t="880" r="974" b="903" charConfidence="26">r</charParams></formatting></line>
<line baseline="961" l="182" t="926" r="974" b="970"><formatting lang="OldGerman">
<charParams l="182" t="937" r="203" b="961" charConfidence="25">n</charParams>
<charParams l="207" t="938" r="223" b="960" charConfidence="35">u</charParams>
<charParams l="227" t="937" r="240" b="961" charConfidence="100">r</charParams>
<charParams l="241" t="937" r="264" b="961"> </charParams>
<charParams l="265" t="937" r="292" b="961" charConfidence="64">m</charParams>
<charParams l="297" t="930" r="305" b="961" charConfidence="53">i</charParams>
<charParams l="308" t="934" r="319" b="960" charConfidence="100">t</charParams>
<charParams l="320" t="928" r="340" b="960"> </charParams>
<charParams l="341" t="928" r="355" b="959" charConfidence="45">k</charParams>
<charParams l="357" t="927" r="374" b="959" charConfidence="40">ü</charParams>
<charParams l="378" t="937" r="394" b="959" charConfidence="25">n</charParams>
<charParams l="399" t="929" r="419" b="968" charConfidence="68">s</charParams>
<charParams l="399" t="929" r="419" b="968" charConfidence="68">t</charParams>
<charParams l="422" t="930" r="429" b="960" charConfidence="100">l</charParams>
<charParams l="433" t="929" r="441" b="959" charConfidence="69">i</charParams>
<charParams l="443" t="928" r="470" b="966" charConfidence="72">c</charParams>
<charParams l="443" t="928" r="470" b="966" charConfidence="72">h</charParams>
<charParams l="474" t="936" r="485" b="959" charConfidence="25">e</charParams>
<charParams l="489" t="936" r="507" b="960" charConfidence="100">n</charParams>
<charParams l="508" t="926" r="531" b="961"> </charParams>
<charParams l="532" t="926" r="565" b="961" charConfidence="28">B</charParams>
<charParams l="568" t="929" r="578" b="959" charConfidence="53">l</charParams>
<charParams l="578" t="932" r="596" b="959" charConfidence="23">u</charParams>
<charParams l="599" t="933" r="628" b="960" charConfidence="56">m</charParams>
<charParams l="630" t="937" r="643" b="959" charConfidence="25">e</charParams>
<charParams l="646" t="937" r="664" b="959" suspicious="1" charConfidence="-1">»</charParams>
<charParams l="665" t="936" r="688" b="960"> </charParams>
<charParams l="689" t="936" r="706" b="960" charConfidence="53">u</charParams>
<charParams l="709" t="937" r="726" b="959" charConfidence="51">n</charParams>
<charParams l="730" t="931" r="746" b="959" charConfidence="28">d</charParams>
<charParams l="747" t="927" r="768" b="960"> </charParams>
<charParams l="769" t="927" r="809" b="960" charConfidence="25">W</charParams>
<charParams l="813" t="931" r="820" b="960" charConfidence="49">i</charParams>
<charParams l="824" t="938" r="842" b="960" charConfidence="25">n</charParams>
<charParams l="844" t="934" r="856" b="960" charConfidence="67">t</charParams>
<charParams l="858" t="938" r="869" b="960" charConfidence="37">e</charParams>
<charParams l="873" t="938" r="886" b="961" charConfidence="37">r</charParams>
<charParams l="887" t="938" r="903" b="968" charConfidence="25">g</charParams>
<charParams l="907" t="939" r="921" b="961" charConfidence="100">r</charParams>
<charParams l="923" t="930" r="940" b="962" charConfidence="26">ü</charParams>
<charParams l="944" t="939" r="962" b="963" charConfidence="29">n</charParams>
<charParams l="963" t="954" r="974" b="970" charConfidence="57">,</charParams></formatting></line>
<line baseline="1022" l="190" t="988" r="974" b="1031"><formatting lang="OldGerman">
<charParams l="190" t="993" r="206" b="1023" charConfidence="30">d</charParams>
<charParams l="210" t="1000" r="224" b="1023" charConfidence="35">o</charParams>
<charParams l="229" t="992" r="255" b="1030" charConfidence="93">c</charParams>
<charParams l="229" t="992" r="255" b="1030" charConfidence="93">h</charParams>
<charParams l="256" t="992" r="287" b="1030"> </charParams>
<charParams l="288" t="994" r="302" b="1023" charConfidence="24">d</charParams>
<charParams l="307" t="999" r="322" b="1023" charConfidence="40">a</charParams>
<charParams l="326" t="1000" r="338" b="1023" charConfidence="43">r</charParams>
<charParams l="342" t="999" r="358" b="1023" charConfidence="42">u</charParams>
<charParams l="361" t="999" r="377" b="1022" charConfidence="26">n</charParams>
<charParams l="382" t="997" r="392" b="1022" charConfidence="27">t</charParams>
<charParams l="395" t="999" r="406" b="1021" charConfidence="100">e</charParams>
<charParams l="410" t="998" r="424" b="1021" charConfidence="28">r</charParams>
<charParams l="425" t="989" r="463" b="1028"> </charParams>
<charParams l="464" t="989" r="478" b="1028" charConfidence="57">s</charParams>
<charParams l="476" t="998" r="491" b="1020" charConfidence="49">o</charParams>
<charParams l="492" t="989" r="523" b="1026"> </charParams>
<charParams l="524" t="989" r="537" b="1026" charConfidence="36">s</charParams>
<charParams l="535" t="990" r="561" b="1028" charConfidence="55">c</charParams>
<charParams l="535" t="990" r="561" b="1028" charConfidence="55">h</charParams>
<charParams l="565" t="989" r="580" b="1020" charConfidence="22">ö</charParams>
<charParams l="583" t="998" r="600" b="1020" charConfidence="77">n</charParams>
<charParams l="604" t="998" r="617" b="1020" charConfidence="30">e</charParams>
<charParams l="618" t="988" r="640" b="1021"> </charParams>
<charParams l="641" t="988" r="674" b="1021" charConfidence="100">B</charParams>
<charParams l="678" t="988" r="694" b="1020" charConfidence="57">ü</charParams>
<charParams l="699" t="990" r="712" b="1028" charConfidence="48">s</charParams>
<charParams l="710" t="991" r="736" b="1028" charConfidence="100">c</charParams>
<charParams l="710" t="991" r="736" b="1028" charConfidence="100">h</charParams>
<charParams l="740" t="999" r="751" b="1021" charConfidence="32">e</charParams>
<charParams l="756" t="990" r="764" b="1022" charConfidence="49">l</charParams>
<charParams l="765" t="990" r="795" b="1022"> </charParams>
<charParams l="796" t="999" r="814" b="1022" charConfidence="66">n</charParams>
<charParams l="818" t="1000" r="833" b="1021" charConfidence="24">a</charParams>
<charParams l="837" t="996" r="847" b="1022" charConfidence="53">t</charParams>
<charParams l="850" t="990" r="867" b="1023" charConfidence="55">ü</charParams>
<charParams l="871" t="1000" r="883" b="1023" charConfidence="42">r</charParams>
<charParams l="887" t="994" r="895" b="1023" charConfidence="32">l</charParams>
<charParams l="898" t="994" r="905" b="1023" charConfidence="27">i</charParams>
<charParams l="909" t="993" r="936" b="1031" charConfidence="100">c</charParams>
<charParams l="909" t="993" r="936" b="1031" charConfidence="100">h</charParams>
<charParams l="940" t="1002" r="951" b="1025" charConfidence="25">e</charParams>
<charParams l="955" t="1002" r="974" b="1026" charConfidence="28">n</charParams></formatting></line>
<line baseline="1085" l="185" t="1049" r="974" b="1097"><formatting lang="OldGerman">
<charParams l="185" t="1052" r="227" b="1087" charConfidence="28">W</charParams>
<charParams l="231" t="1063" r="242" b="1086" charConfidence="27">e</charParams>
<charParams l="247" t="1056" r="254" b="1087" charConfidence="90">i</charParams>
<charParams l="257" t="1063" r="268" b="1097" charConfidence="28">z</charParams>
<charParams l="273" t="1064" r="284" b="1087" charConfidence="100">e</charParams>
<charParams l="287" t="1063" r="304" b="1086" charConfidence="24">n</charParams>
<charParams l="308" t="1058" r="324" b="1086" charConfidence="94">s</charParams>
<charParams l="325" t="1058" r="347" b="1086"> </charParams>
<charParams l="348" t="1062" r="365" b="1085" charConfidence="93">u</charParams>
<charParams l="369" t="1062" r="386" b="1086" charConfidence="50">n</charParams>
<charParams l="390" t="1056" r="405" b="1085" charConfidence="27">d</charParams>
<charParams l="406" t="1056" r="429" b="1085"> </charParams>
<charParams l="430" t="1061" r="446" b="1085" charConfidence="29">a</charParams>
<charParams l="449" t="1061" r="466" b="1084" charConfidence="31">n</charParams>
<charParams l="470" t="1054" r="485" b="1084" charConfidence="26">d</charParams>
<charParams l="490" t="1060" r="501" b="1084" charConfidence="100">e</charParams>
<charParams l="504" t="1060" r="517" b="1083" charConfidence="25">r</charParams>
<charParams l="520" t="1060" r="531" b="1083" charConfidence="100">e</charParams>
<charParams l="535" t="1060" r="548" b="1084" charConfidence="31">r</charParams>
<charParams l="549" t="1050" r="571" b="1090"> </charParams>
<charParams l="572" t="1050" r="595" b="1090" charConfidence="30">F</charParams>
<charParams l="597" t="1060" r="609" b="1082" charConfidence="43">e</charParams>
<charParams l="613" t="1053" r="620" b="1083" charConfidence="47">l</charParams>
<charParams l="624" t="1052" r="639" b="1083" charConfidence="37">d</charParams>
<charParams l="649" t="1063" r="659" b="1078" charConfidence="100">-</charParams>
<charParams l="660" t="1059" r="682" b="1082"> </charParams>
<charParams l="683" t="1059" r="700" b="1082" charConfidence="50">u</charParams>
<charParams l="703" t="1059" r="721" b="1083" charConfidence="30">n</charParams>
<charParams l="725" t="1053" r="740" b="1082" charConfidence="26">d</charParams>
<charParams l="741" t="1049" r="758" b="1083"> </charParams>
<charParams l="759" t="1049" r="792" b="1083" suspicious="1" charConfidence="30">D</charParams>
<charParams l="796" t="1060" r="812" b="1083" charConfidence="100">a</charParams>
<charParams l="816" t="1060" r="833" b="1084" charConfidence="54">u</charParams>
<charParams l="836" t="1060" r="863" b="1083" charConfidence="91">m</charParams>
<charParams l="867" t="1052" r="882" b="1090" charConfidence="60">s</charParams>
<charParams l="880" t="1061" r="893" b="1084" charConfidence="54">r</charParams>
<charParams l="897" t="1053" r="913" b="1086" charConfidence="54">ü</charParams>
<charParams l="917" t="1056" r="943" b="1094" charConfidence="100">c</charParams>
<charParams l="917" t="1056" r="943" b="1094" suspicious="1" charConfidence="100">h</charParams>
<charParams l="948" t="1060" r="958" b="1087" charConfidence="35">t</charParams>
<charParams l="960" t="1065" r="974" b="1087" charConfidence="31">e</charParams></formatting></line>
<line baseline="1147" l="187" t="1113" r="975" b="1155"><formatting lang="OldGerman">
<charParams l="187" t="1124" r="204" b="1147" charConfidence="26">a</charParams>
<charParams l="206" t="1124" r="225" b="1148" charConfidence="72">n</charParams>
<charParams l="227" t="1125" r="244" b="1155" charConfidence="33">g</charParams>
<charParams l="247" t="1125" r="259" b="1148" charConfidence="26">e</charParams>
<charParams l="263" t="1116" r="278" b="1148" charConfidence="27">b</charParams>
<charParams l="282" t="1125" r="295" b="1148" charConfidence="56">r</charParams>
<charParams l="298" t="1125" r="314" b="1149" charConfidence="96">a</charParams>
<charParams l="316" t="1116" r="343" b="1154" charConfidence="55">c</charParams>
<charParams l="316" t="1116" r="343" b="1154" charConfidence="55">h</charParams>
<charParams l="347" t="1123" r="358" b="1149" charConfidence="34">t</charParams>
<charParams l="364" t="1140" r="375" b="1155" charConfidence="100">,</charParams>
<charParams l="376" t="1119" r="416" b="1155"> </charParams>
<charParams l="417" t="1119" r="432" b="1148" charConfidence="25">d</charParams>
<charParams l="437" t="1124" r="451" b="1148" charConfidence="24">a</charParams>
<charParams l="456" t="1116" r="471" b="1153" charConfidence="56">ß</charParams>
<charParams l="472" t="1115" r="502" b="1153"> </charParams>
<charParams l="503" t="1115" r="521" b="1153" charConfidence="84">s</charParams>
<charParams l="503" t="1115" r="521" b="1153" charConfidence="84">i</charParams>
<charParams l="523" t="1124" r="536" b="1146" charConfidence="25">e</charParams>
<charParams l="537" t="1118" r="568" b="1146"> </charParams>
<charParams l="569" t="1118" r="584" b="1145" charConfidence="40">d</charParams>
<charParams l="588" t="1123" r="599" b="1145" charConfidence="100">e</charParams>
<charParams l="602" t="1121" r="629" b="1146" charConfidence="30">m</charParams>
<charParams l="630" t="1113" r="655" b="1147"> </charParams>
<charParams l="656" t="1113" r="685" b="1147" charConfidence="34">K</charParams>
<charParams l="685" t="1122" r="704" b="1145" charConfidence="43">u</charParams>
<charParams l="707" t="1121" r="724" b="1145" charConfidence="47">n</charParams>
<charParams l="729" t="1113" r="748" b="1152" charConfidence="40">s</charParams>
<charParams l="729" t="1113" r="748" b="1152" charConfidence="40">t</charParams>
<charParams l="751" t="1113" r="769" b="1152" charConfidence="84">s</charParams>
<charParams l="751" t="1113" r="769" b="1152" charConfidence="84">i</charParams>
<charParams l="771" t="1121" r="788" b="1144" charConfidence="84">n</charParams>
<charParams l="792" t="1120" r="810" b="1144" charConfidence="47">n</charParams>
<charParams l="811" t="1116" r="842" b="1145"> </charParams>
<charParams l="843" t="1116" r="859" b="1145" charConfidence="26">d</charParams>
<charParams l="862" t="1122" r="874" b="1146" charConfidence="26">e</charParams>
<charParams l="877" t="1122" r="891" b="1146" charConfidence="56">r</charParams>
<charParams l="892" t="1114" r="913" b="1148"> </charParams>
<charParams l="914" t="1114" r="942" b="1148" charConfidence="38">A</charParams>
<charParams l="944" t="1125" r="962" b="1148" charConfidence="37">n</charParams>
<charParams l="965" t="1127" r="975" b="1142" charConfidence="22">¬</charParams></formatting></line>
<line baseline="1210" l="189" t="1173" r="972" b="1220"><formatting lang="OldGerman">
<charParams l="189" t="1186" r="204" b="1208" charConfidence="32">o</charParams>
<charParams l="208" t="1186" r="220" b="1210" charConfidence="47">r</charParams>
<charParams l="224" t="1180" r="238" b="1210" charConfidence="29">d</charParams>
<charParams l="243" t="1186" r="259" b="1210" charConfidence="100">n</charParams>
<charParams l="263" t="1188" r="276" b="1210" charConfidence="100">e</charParams>
<charParams l="279" t="1188" r="296" b="1210" charConfidence="44">n</charParams>
<charParams l="300" t="1181" r="314" b="1210" charConfidence="26">d</charParams>
<charParams l="319" t="1188" r="331" b="1211" charConfidence="33">e</charParams>
<charParams l="334" t="1188" r="352" b="1211" charConfidence="38">n</charParams>
<charParams l="353" t="1187" r="374" b="1220"> </charParams>
<charParams l="375" t="1187" r="387" b="1220" charConfidence="34">z</charParams>
<charParams l="391" t="1187" r="407" b="1212" charConfidence="25">u</charParams>
<charParams l="412" t="1187" r="425" b="1210" charConfidence="46">r</charParams>
<charParams l="426" t="1177" r="441" b="1211"> </charParams>
<charParams l="442" t="1177" r="468" b="1211" charConfidence="33">E</charParams>
<charParams l="471" t="1178" r="487" b="1219" charConfidence="100">h</charParams>
<charParams l="491" t="1187" r="504" b="1210" charConfidence="74">r</charParams>
<charParams l="507" t="1187" r="520" b="1210" charConfidence="27">e</charParams>
<charParams l="521" t="1187" r="534" b="1218"> </charParams>
<charParams l="535" t="1187" r="551" b="1218" charConfidence="55">g</charParams>
<charParams l="556" t="1188" r="567" b="1209" charConfidence="100">e</charParams>
<charParams l="571" t="1186" r="583" b="1210" charConfidence="24">r</charParams>
<charParams l="586" t="1187" r="598" b="1209" charConfidence="24">e</charParams>
<charParams l="602" t="1178" r="609" b="1209" charConfidence="100">i</charParams>
<charParams l="613" t="1177" r="639" b="1216" charConfidence="79">c</charParams>
<charParams l="613" t="1177" r="639" b="1216" charConfidence="79">h</charParams>
<charParams l="643" t="1181" r="653" b="1209" charConfidence="100">t</charParams>
<charParams l="656" t="1185" r="668" b="1208" charConfidence="30">e</charParams>
<charParams l="670" t="1184" r="688" b="1208" charConfidence="56">n</charParams>
<charParams l="690" t="1199" r="698" b="1208" charConfidence="96">.</charParams>
<charParams l="699" t="1173" r="746" b="1208"> </charParams>
<charParams l="747" t="1173" r="776" b="1206" suspicious="1" charConfidence="39">O</charParams>
<charParams l="779" t="1174" r="794" b="1206" charConfidence="32">b</charParams>
<charParams l="799" t="1175" r="811" b="1213" charConfidence="25">s</charParams>
<charParams l="810" t="1176" r="836" b="1215" charConfidence="85">c</charParams>
<charParams l="810" t="1176" r="836" b="1215" charConfidence="85">h</charParams>
<charParams l="841" t="1185" r="854" b="1207" charConfidence="34">o</charParams>
<charParams l="859" t="1186" r="876" b="1209" charConfidence="86">n</charParams>
<charParams l="877" t="1185" r="894" b="1210"> </charParams>
<charParams l="895" t="1185" r="922" b="1210" charConfidence="85">m</charParams>
<charParams l="926" t="1188" r="938" b="1210" charConfidence="26">e</charParams>
<charParams l="942" t="1180" r="951" b="1211" charConfidence="29">i</charParams>
<charParams l="953" t="1188" r="972" b="1212" charConfidence="31">n</charParams></formatting></line>
<line baseline="1271" l="184" t="1236" r="971" b="1278"><formatting lang="OldGerman">
<charParams l="184" t="1237" r="228" b="1271" charConfidence="29">M</charParams>
<charParams l="231" t="1249" r="246" b="1271" charConfidence="28">a</charParams>
<charParams l="250" t="1248" r="267" b="1272" charConfidence="40">n</charParams>
<charParams l="271" t="1249" r="289" b="1272" charConfidence="53">n</charParams>
<charParams l="290" t="1249" r="312" b="1272"> </charParams>
<charParams l="313" t="1249" r="331" b="1271" charConfidence="34">n</charParams>
<charParams l="336" t="1242" r="342" b="1272" charConfidence="-1">i</charParams>
<charParams l="346" t="1241" r="372" b="1278" charConfidence="91">c</charParams>
<charParams l="346" t="1241" r="372" b="1278" charConfidence="91">h</charParams>
<charParams l="375" t="1245" r="387" b="1271" charConfidence="41">t</charParams>
<charParams l="388" t="1242" r="409" b="1274"> </charParams>
<charParams l="410" t="1242" r="418" b="1274" charConfidence="43">l</charParams>
<charParams l="421" t="1242" r="429" b="1273" charConfidence="28">i</charParams>
<charParams l="432" t="1249" r="445" b="1273" charConfidence="29">e</charParams>
<charParams l="448" t="1240" r="462" b="1273" charConfidence="100">b</charParams>
<charParams l="467" t="1247" r="478" b="1272" charConfidence="77">t</charParams>
<charParams l="487" t="1264" r="496" b="1278" charConfidence="71">,</charParams>
<charParams l="497" t="1243" r="533" b="1278"> </charParams>
<charParams l="534" t="1243" r="549" b="1272" charConfidence="26">d</charParams>
<charParams l="554" t="1249" r="569" b="1271" charConfidence="24">a</charParams>
<charParams l="570" t="1240" r="589" b="1277" charConfidence="24">ß</charParams>
<charParams l="590" t="1240" r="612" b="1277"> </charParams>
<charParams l="613" t="1247" r="640" b="1271" charConfidence="78">m</charParams>
<charParams l="644" t="1248" r="659" b="1270" charConfidence="27">a</charParams>
<charParams l="663" t="1246" r="680" b="1269" charConfidence="58">n</charParams>
<charParams l="681" t="1238" r="704" b="1275"> </charParams>
<charParams l="705" t="1238" r="718" b="1275" charConfidence="100">s</charParams>
<charParams l="717" t="1246" r="730" b="1269" charConfidence="32">e</charParams>
<charParams l="732" t="1238" r="740" b="1269" charConfidence="44">i</charParams>
<charParams l="743" t="1245" r="760" b="1269" charConfidence="77">n</charParams>
<charParams l="764" t="1245" r="776" b="1268" charConfidence="25">e</charParams>
<charParams l="779" t="1245" r="796" b="1269" charConfidence="100">n</charParams>
<charParams l="797" t="1236" r="821" b="1271"> </charParams>
<charParams l="822" t="1236" r="854" b="1271" suspicious="1" charConfidence="25">G</charParams>
<charParams l="859" t="1249" r="870" b="1271" suspicious="1" charConfidence="29">c</charParams>
<charParams l="874" t="1240" r="889" b="1271" charConfidence="29">b</charParams>
<charParams l="893" t="1250" r="910" b="1273" charConfidence="28">u</charParams>
<charParams l="914" t="1250" r="927" b="1273" charConfidence="44">r</charParams>
<charParams l="930" t="1247" r="940" b="1273" charConfidence="29">t</charParams>
<charParams l="942" t="1245" r="958" b="1274" charConfidence="100">s</charParams>
<charParams l="961" t="1255" r="971" b="1270" charConfidence="100">-</charParams></formatting></line>
<line baseline="1333" l="183" t="1301" r="972" b="1344"><formatting lang="OldGerman">
<charParams l="183" t="1309" r="199" b="1331" suspicious="1" charConfidence="30">o</charParams>
<charParams l="203" t="1302" r="218" b="1331" charConfidence="36">d</charParams>
<charParams l="223" t="1310" r="235" b="1332" charConfidence="91">e</charParams>
<charParams l="238" t="1310" r="252" b="1333" charConfidence="26">r</charParams>
<charParams l="253" t="1301" r="275" b="1335"> </charParams>
<charParams l="276" t="1301" r="311" b="1335" charConfidence="35">N</charParams>
<charParams l="315" t="1311" r="330" b="1334" charConfidence="47">a</charParams>
<charParams l="333" t="1311" r="361" b="1334" charConfidence="55">m</charParams>
<charParams l="365" t="1311" r="377" b="1334" charConfidence="26">e</charParams>
<charParams l="380" t="1311" r="397" b="1335" charConfidence="51">n</charParams>
<charParams l="401" t="1307" r="415" b="1334" charConfidence="92">s</charParams>
<charParams l="419" t="1308" r="429" b="1334" charConfidence="29">t</charParams>
<charParams l="432" t="1312" r="447" b="1334" charConfidence="31">a</charParams>
<charParams l="450" t="1312" r="467" b="1342" charConfidence="29">g</charParams>
<charParams l="468" t="1303" r="490" b="1342"> </charParams>
<charParams l="491" t="1303" r="506" b="1341" suspicious="1" charConfidence="44">f</charParams>
<charParams l="506" t="1312" r="517" b="1336" charConfidence="26">e</charParams>
<charParams l="521" t="1312" r="535" b="1343" suspicious="1" charConfidence="0">y</charParams>
<charParams l="539" t="1311" r="552" b="1334" charConfidence="100">r</charParams>
<charParams l="555" t="1311" r="568" b="1334" charConfidence="45">e</charParams>
<charParams l="574" t="1325" r="584" b="1341" charConfidence="79">,</charParams>
<charParams l="585" t="1301" r="625" b="1341"> </charParams>
<charParams l="626" t="1301" r="639" b="1339" charConfidence="100">s</charParams>
<charParams l="638" t="1309" r="652" b="1332" charConfidence="37">o</charParams>
<charParams l="653" t="1307" r="675" b="1332"> </charParams>
<charParams l="676" t="1307" r="702" b="1331" charConfidence="31">w</charParams>
<charParams l="707" t="1301" r="714" b="1331" charConfidence="83">i</charParams>
<charParams l="717" t="1308" r="730" b="1332" charConfidence="29">r</charParams>
<charParams l="733" t="1302" r="748" b="1330" charConfidence="55">d</charParams>
<charParams l="749" t="1302" r="772" b="1332"> </charParams>
<charParams l="773" t="1309" r="785" b="1332" charConfidence="25">e</charParams>
<charParams l="788" t="1309" r="802" b="1332" charConfidence="35">r</charParams>
<charParams l="800" t="1331" r="806" b="1334" charConfidence="81">.</charParams>
<charParams l="807" t="1310" r="825" b="1334"> </charParams>
<charParams l="826" t="1310" r="853" b="1334" charConfidence="100">m</charParams>
<charParams l="858" t="1304" r="865" b="1334" charConfidence="36">i</charParams>
<charParams l="869" t="1312" r="882" b="1336" charConfidence="43">r</charParams>
<charParams l="883" t="1308" r="905" b="1336"> </charParams>
<charParams l="906" t="1308" r="921" b="1336" charConfidence="25">d</charParams>
<charParams l="925" t="1314" r="940" b="1336" charConfidence="38">o</charParams>
<charParams l="945" t="1306" r="972" b="1344" charConfidence="93">c</charParams>
<charParams l="945" t="1306" r="972" b="1344" charConfidence="93">h</charParams></formatting></line>
<line baseline="1397" l="179" t="1359" r="972" b="1407"><formatting lang="OldGerman">
<charParams l="179" t="1359" r="199" b="1400" suspicious="1" charConfidence="34">h</charParams>
<charParams l="203" t="1369" r="215" b="1392" charConfidence="32">e</charParams>
<charParams l="218" t="1370" r="234" b="1393" charConfidence="34">u</charParams>
<charParams l="238" t="1368" r="248" b="1393" charConfidence="100">t</charParams>
<charParams l="251" t="1372" r="264" b="1394" charConfidence="32">e</charParams>
<charParams l="265" t="1372" r="295" b="1397"> </charParams>
<charParams l="296" t="1374" r="313" b="1397" charConfidence="75">n</charParams>
<charParams l="318" t="1366" r="325" b="1397" charConfidence="100">i</charParams>
<charParams l="328" t="1365" r="355" b="1404" charConfidence="85">c</charParams>
<charParams l="328" t="1365" r="355" b="1404" charConfidence="85">h</charParams>
<charParams l="359" t="1371" r="370" b="1397" charConfidence="27">t</charParams>
<charParams l="371" t="1371" r="390" b="1397"> </charParams>
<charParams l="391" t="1373" r="410" b="1396" charConfidence="45">v</charParams>
<charParams l="414" t="1373" r="425" b="1396" charConfidence="25">e</charParams>
<charParams l="428" t="1373" r="442" b="1396" charConfidence="100">r</charParams>
<charParams l="444" t="1374" r="459" b="1397" charConfidence="100">a</charParams>
<charParams l="463" t="1373" r="476" b="1397" charConfidence="100">r</charParams>
<charParams l="477" t="1374" r="494" b="1404" charConfidence="55">g</charParams>
<charParams l="498" t="1375" r="510" b="1397" charConfidence="100">e</charParams>
<charParams l="513" t="1374" r="530" b="1398" charConfidence="29">n</charParams>
<charParams l="539" t="1388" r="549" b="1403" charConfidence="100">,</charParams>
<charParams l="550" t="1372" r="588" b="1403"> </charParams>
<charParams l="589" t="1372" r="601" b="1394" charConfidence="39">e</charParams>
<charParams l="605" t="1365" r="613" b="1396" charConfidence="25">i</charParams>
<charParams l="616" t="1371" r="632" b="1394" charConfidence="62">n</charParams>
<charParams l="636" t="1371" r="648" b="1395" charConfidence="52">e</charParams>
<charParams l="650" t="1370" r="679" b="1394" charConfidence="64">m</charParams>
<charParams l="680" t="1364" r="704" b="1394"> </charParams>
<charParams l="705" t="1364" r="720" b="1394" charConfidence="33">d</charParams>
<charParams l="724" t="1370" r="737" b="1394" charConfidence="81">r</charParams>
<charParams l="740" t="1371" r="752" b="1395" charConfidence="34">e</charParams>
<charParams l="755" t="1371" r="770" b="1404" charConfidence="25">y</charParams>
<charParams l="774" t="1363" r="789" b="1404" charConfidence="54">f</charParams>
<charParams l="788" t="1374" r="803" b="1397" charConfidence="24">a</charParams>
<charParams l="807" t="1366" r="834" b="1406" charConfidence="55">c</charParams>
<charParams l="807" t="1366" r="834" b="1406" charConfidence="55">h</charParams>
<charParams l="838" t="1374" r="850" b="1398" charConfidence="100">e</charParams>
<charParams l="852" t="1374" r="871" b="1399" charConfidence="59">n</charParams>
<charParams l="872" t="1366" r="894" b="1407"> </charParams>
<charParams l="895" t="1366" r="919" b="1407" charConfidence="30">F</charParams>
<charParams l="920" t="1376" r="933" b="1399" charConfidence="43">e</charParams>
<charParams l="936" t="1368" r="954" b="1407" charConfidence="30">s</charParams>
<charParams l="936" t="1368" r="954" b="1407" charConfidence="30">t</charParams>
<charParams l="958" t="1375" r="972" b="1399" charConfidence="30">e</charParams></formatting></line>
<line baseline="1458" l="179" t="1422" r="755" b="1468"><formatting lang="OldGerman">
<charParams l="179" t="1426" r="194" b="1452" charConfidence="24">d</charParams>
<charParams l="198" t="1422" r="206" b="1454" charConfidence="32">i</charParams>
<charParams l="210" t="1431" r="221" b="1453" charConfidence="25">e</charParams>
<charParams l="225" t="1423" r="237" b="1460" charConfidence="100">s</charParams>
<charParams l="236" t="1432" r="249" b="1453" charConfidence="68">e</charParams>
<charParams l="250" t="1432" r="269" b="1457"> </charParams>
<charParams l="270" t="1432" r="296" b="1457" charConfidence="27">w</charParams>
<charParams l="301" t="1435" r="312" b="1458" charConfidence="100">e</charParams>
<charParams l="315" t="1435" r="332" b="1457" charConfidence="39">n</charParams>
<charParams l="336" t="1428" r="345" b="1457" charConfidence="30">i</charParams>
<charParams l="347" t="1436" r="363" b="1465" charConfidence="31">g</charParams>
<charParams l="367" t="1436" r="379" b="1459" charConfidence="28">e</charParams>
<charParams l="382" t="1436" r="400" b="1460" charConfidence="26">n</charParams>
<charParams l="401" t="1426" r="422" b="1460"> </charParams>
<charParams l="423" t="1426" r="453" b="1459" charConfidence="31">K</charParams>
<charParams l="457" t="1436" r="469" b="1458" charConfidence="100">r</charParams>
<charParams l="472" t="1429" r="486" b="1461" charConfidence="22">ä</charParams>
<charParams l="490" t="1437" r="507" b="1460" charConfidence="87">n</charParams>
<charParams l="510" t="1436" r="521" b="1468" charConfidence="94">z</charParams>
<charParams l="526" t="1437" r="539" b="1459" charConfidence="26">e</charParams>
<charParams l="540" t="1435" r="560" b="1468"> </charParams>
<charParams l="561" t="1435" r="573" b="1468" charConfidence="42">z</charParams>
<charParams l="576" t="1435" r="594" b="1460" charConfidence="52">u</charParams>
<charParams l="595" t="1433" r="616" b="1460"> </charParams>
<charParams l="617" t="1433" r="644" b="1456" charConfidence="24">w</charParams>
<charParams l="648" t="1426" r="655" b="1457" charConfidence="-1">i</charParams>
<charParams l="659" t="1427" r="674" b="1456" charConfidence="28">d</charParams>
<charParams l="677" t="1432" r="706" b="1457" charConfidence="55">m</charParams>
<charParams l="710" t="1434" r="722" b="1458" charConfidence="24">e</charParams>
<charParams l="725" t="1434" r="743" b="1458" charConfidence="100">n</charParams>
<charParams l="746" t="1449" r="755" b="1458" charConfidence="68">.</charParams></formatting></line></par>
</text>
</block>
</page>
</document>