﻿<?xml version="1.0" encoding="UTF-8" standalone="yes"?>
<document xmlns="http://www.abbyy.com/FineReader_xml/FineReader10-schema-v1.xml" version="1.0" producer="ABBYY FineReader Engine 11" languages="" xmlns:xsi="http://www.w3.org/2001/XMLSchema-instance" xsi:schemaLocation="http://www.abbyy.com/FineReader_xml/FineReader10-schema-v1.xml http://www.abbyy.com/FineReader_xml/FineReader10-schema-v1.xml">
<page width="1156" height="1782" resolution="300" originalCoords="1">
<block blockType="Text" blockName="">
<text>
<par align="Center">
<line baseline="86" l="574" t="59" r="618" b="87"><formatting lang="OldGerman">
<charParams l="574" t="59" r="597" b="87" charConfidence="22">4</charParams>
<charParams l="600" t="60" r="618" b="86" suspicious="1" charConfidence="14">d</charParams></formatting></line></par>
<par align="Justified" startIndent="416" lineSpacing="1536">
<line baseline="173" l="195" t="135" r="987" b="185"><formatting lang="OldGerman">
<charParams l="195" t="152" r="214" b="176" charConfidence="30">n</charParams>
<charParams l="218" t="152" r="234" b="176" charConfidence="74">u</charParams>
<charParams l="238" t="153" r="253" b="177" charConfidence="47">r</charParams>
<charParams l="254" t="145" r="284" b="183"> </charParams>
<charParams l="285" t="145" r="298" b="183" charConfidence="32">s</charParams>
<charParams l="296" t="153" r="308" b="176" charConfidence="25">e</charParams>
<charParams l="311" t="153" r="328" b="185" charConfidence="26">y</charParams>
<charParams l="329" t="152" r="360" b="185"> </charParams>
<charParams l="361" t="152" r="379" b="176" charConfidence="-1">u</charParams>
<charParams l="382" t="151" r="399" b="175" charConfidence="93">n</charParams>
<charParams l="403" t="143" r="418" b="181" charConfidence="43">s</charParams>
<charParams l="415" t="152" r="427" b="174" charConfidence="54">e</charParams>
<charParams l="430" t="150" r="445" b="174" charConfidence="27">r</charParams>
<charParams l="446" t="137" r="474" b="174"> </charParams>
<charParams l="475" t="137" r="502" b="171" charConfidence="-1">E</charParams>
<charParams l="504" t="146" r="517" b="170" charConfidence="28">r</charParams>
<charParams l="519" t="135" r="535" b="168" charConfidence="26">b</charParams>
<charParams l="537" t="144" r="554" b="176" charConfidence="27">g</charParams>
<charParams l="558" t="145" r="574" b="168" charConfidence="44">u</charParams>
<charParams l="578" t="141" r="590" b="168" charConfidence="47">t</charParams>
<charParams l="591" t="141" r="620" b="168"> </charParams>
<charParams l="621" t="144" r="639" b="168" charConfidence="100">u</charParams>
<charParams l="643" t="144" r="660" b="168" charConfidence="84">n</charParams>
<charParams l="663" t="139" r="679" b="169" charConfidence="27">d</charParams>
<charParams l="680" t="136" r="704" b="171"> </charParams>
<charParams l="705" t="136" r="734" b="171" charConfidence="26">A</charParams>
<charParams l="736" t="148" r="752" b="172" charConfidence="26">u</charParams>
<charParams l="755" t="140" r="770" b="178" charConfidence="100">f</charParams>
<charParams l="768" t="150" r="781" b="173" charConfidence="35">e</charParams>
<charParams l="784" t="149" r="800" b="172" charConfidence="66">n</charParams>
<charParams l="803" t="145" r="815" b="173" charConfidence="39">t</charParams>
<charParams l="817" t="140" r="834" b="179" charConfidence="50">h</charParams>
<charParams l="838" t="150" r="855" b="172" charConfidence="32">a</charParams>
<charParams l="857" t="142" r="866" b="173" charConfidence="43">l</charParams>
<charParams l="868" t="145" r="879" b="173" charConfidence="50">t</charParams>
<charParams l="888" t="149" r="898" b="180" charConfidence="33">;</charParams>
<charParams l="899" t="145" r="939" b="180"> </charParams>
<charParams l="940" t="145" r="955" b="175" charConfidence="28">d</charParams>
<charParams l="959" t="153" r="970" b="177" charConfidence="26">e</charParams>
<charParams l="974" t="154" r="987" b="177" charConfidence="43">r</charParams></formatting></line>
<line baseline="235" l="195" t="199" r="987" b="245"><formatting lang="OldGerman">
<charParams l="195" t="206" r="229" b="240" charConfidence="32">B</charParams>
<charParams l="233" t="209" r="242" b="239" charConfidence="100">l</charParams>
<charParams l="245" t="209" r="253" b="239" charConfidence="77">i</charParams>
<charParams l="255" t="208" r="280" b="239" charConfidence="22">c</charParams>
<charParams l="255" t="208" r="280" b="239" charConfidence="22">k</charParams>
<charParams l="281" t="208" r="302" b="239"> </charParams>
<charParams l="303" t="214" r="329" b="239" charConfidence="85">w</charParams>
<charParams l="334" t="208" r="342" b="239" charConfidence="56">i</charParams>
<charParams l="345" t="215" r="358" b="244" charConfidence="24">r</charParams>
<charParams l="361" t="209" r="376" b="238" charConfidence="27">d</charParams>
<charParams l="377" t="209" r="400" b="238"> </charParams>
<charParams l="401" t="214" r="416" b="237" charConfidence="38">o</charParams>
<charParams l="420" t="203" r="436" b="237" charConfidence="55">b</charParams>
<charParams l="439" t="211" r="451" b="234" charConfidence="26">e</charParams>
<charParams l="453" t="210" r="472" b="235" charConfidence="59">n</charParams>
<charParams l="473" t="199" r="502" b="238"> </charParams>
<charParams l="503" t="199" r="518" b="238" charConfidence="45">f</charParams>
<charParams l="517" t="208" r="530" b="230" charConfidence="34">r</charParams>
<charParams l="533" t="207" r="545" b="230" charConfidence="24">e</charParams>
<charParams l="548" t="207" r="563" b="239" charConfidence="52">y</charParams>
<charParams l="567" t="207" r="579" b="230" charConfidence="29">e</charParams>
<charParams l="582" t="206" r="596" b="230" charConfidence="35">r</charParams>
<charParams l="597" t="206" r="618" b="230"> </charParams>
<charParams l="619" t="206" r="637" b="230" charConfidence="62">u</charParams>
<charParams l="640" t="206" r="658" b="231" charConfidence="57">n</charParams>
<charParams l="661" t="201" r="677" b="231" charConfidence="36">d</charParams>
<charParams l="678" t="201" r="702" b="232"> </charParams>
<charParams l="703" t="202" r="719" b="232" charConfidence="32">d</charParams>
<charParams l="723" t="202" r="731" b="234" charConfidence="26">i</charParams>
<charParams l="735" t="210" r="747" b="233" charConfidence="31">e</charParams>
<charParams l="748" t="201" r="770" b="236"> </charParams>
<charParams l="771" t="201" r="805" b="236" charConfidence="100">B</charParams>
<charParams l="808" t="212" r="822" b="236" charConfidence="40">r</charParams>
<charParams l="824" t="213" r="841" b="236" charConfidence="29">u</charParams>
<charParams l="845" t="205" r="866" b="245" suspicious="1" charConfidence="30">s</charParams>
<charParams l="845" t="205" r="866" b="245" suspicious="1" charConfidence="30">t</charParams>
<charParams l="867" t="205" r="891" b="245"> </charParams>
<charParams l="892" t="212" r="904" b="236" charConfidence="26">e</charParams>
<charParams l="907" t="212" r="920" b="236" charConfidence="61">r</charParams>
<charParams l="922" t="212" r="948" b="237" charConfidence="33">w</charParams>
<charParams l="952" t="214" r="964" b="237" charConfidence="27">e</charParams>
<charParams l="968" t="206" r="976" b="239" charConfidence="37">i</charParams>
<charParams l="976" t="219" r="987" b="235" charConfidence="22">¬</charParams></formatting></line>
<line baseline="302" l="191" t="269" r="334" b="309"><formatting lang="OldGerman">
<charParams l="191" t="275" r="207" b="302" charConfidence="25">t</charParams>
<charParams l="208" t="278" r="221" b="301" charConfidence="26">e</charParams>
<charParams l="221" t="277" r="236" b="301" charConfidence="25">r</charParams>
<charParams l="239" t="275" r="250" b="302" charConfidence="97">t</charParams>
<charParams l="251" t="269" r="273" b="309"> </charParams>
<charParams l="274" t="269" r="283" b="309" charConfidence="20">s</charParams>
<charParams l="285" t="278" r="291" b="301" suspicious="1" charConfidence="100">i</charParams>
<charParams l="295" t="269" r="322" b="307" charConfidence="32">c</charParams>
<charParams l="295" t="269" r="322" b="307" charConfidence="32">h</charParams>
<charParams l="325" t="290" r="334" b="300" charConfidence="55">.</charParams></formatting></line></par>
</text>
</block>
<block blockType="Text" blockName="">
<text>
<par align="Justified" startIndent="2196" lineSpacing="1512">
<line baseline="419" l="257" t="384" r="985" b="431"><formatting lang="OldGerman">
<charParams l="257" t="391" r="293" b="424" charConfidence="32">S</charParams>
<charParams l="298" t="399" r="313" b="423" charConfidence="46">o</charParams>
<charParams l="314" t="398" r="344" b="423"> </charParams>
<charParams l="345" t="398" r="373" b="421" charConfidence="41">m</charParams>
<charParams l="377" t="389" r="394" b="421" charConfidence="25">ü</charParams>
<charParams l="398" t="389" r="423" b="425" charConfidence="100">s</charParams>
<charParams l="398" t="389" r="423" b="425" charConfidence="100">s</charParams>
<charParams l="420" t="393" r="432" b="420" charConfidence="24">e</charParams>
<charParams l="435" t="395" r="453" b="419" charConfidence="35">n</charParams>
<charParams l="454" t="391" r="484" b="419"> </charParams>
<charParams l="485" t="391" r="511" b="418" charConfidence="29">w</charParams>
<charParams l="515" t="386" r="524" b="416" charConfidence="34">i</charParams>
<charParams l="527" t="394" r="540" b="417" charConfidence="55">r</charParams>
<charParams l="541" t="386" r="573" b="417"> </charParams>
<charParams l="574" t="386" r="589" b="417" charConfidence="37">d</charParams>
<charParams l="592" t="385" r="601" b="416" charConfidence="100">i</charParams>
<charParams l="604" t="391" r="617" b="416" charConfidence="27">e</charParams>
<charParams l="619" t="384" r="636" b="422" charConfidence="29">ß</charParams>
<charParams l="639" t="391" r="666" b="416" charConfidence="84">m</charParams>
<charParams l="670" t="392" r="685" b="415" charConfidence="30">a</charParams>
<charParams l="689" t="385" r="700" b="416" charConfidence="63">l</charParams>
<charParams l="701" t="385" r="729" b="417"> </charParams>
<charParams l="730" t="392" r="748" b="417" charConfidence="40">n</charParams>
<charParams l="752" t="392" r="767" b="417" charConfidence="30">o</charParams>
<charParams l="770" t="386" r="798" b="424" charConfidence="81">c</charParams>
<charParams l="770" t="386" r="798" b="424" charConfidence="81">h</charParams>
<charParams l="805" t="409" r="816" b="425" charConfidence="100">,</charParams>
<charParams l="817" t="396" r="856" b="425"> </charParams>
<charParams l="857" t="396" r="876" b="421" charConfidence="34">v</charParams>
<charParams l="879" t="397" r="892" b="422" charConfidence="31">e</charParams>
<charParams l="895" t="397" r="908" b="422" charConfidence="25">r</charParams>
<charParams l="910" t="390" r="924" b="428" charConfidence="100">s</charParams>
<charParams l="921" t="400" r="935" b="423" charConfidence="25">e</charParams>
<charParams l="937" t="395" r="954" b="431" charConfidence="22">t</charParams>
<charParams l="937" t="395" r="954" b="431" charConfidence="22">z</charParams>
<charParams l="957" t="396" r="969" b="424" charConfidence="29">t</charParams>
<charParams l="971" t="401" r="985" b="424" charConfidence="28">e</charParams></formatting></line>
<line baseline="481" l="189" t="446" r="983" b="492"><formatting lang="OldGerman">
<charParams l="189" t="453" r="216" b="486" charConfidence="31">C</charParams>
<charParams l="217" t="452" r="234" b="492" charConfidence="76">h</charParams>
<charParams l="238" t="460" r="253" b="483" charConfidence="26">a</charParams>
<charParams l="257" t="460" r="271" b="482" charConfidence="61">r</charParams>
<charParams l="274" t="453" r="284" b="482" charConfidence="24">l</charParams>
<charParams l="285" t="460" r="299" b="482" charConfidence="47">o</charParams>
<charParams l="302" t="457" r="314" b="482" charConfidence="36">t</charParams>
<charParams l="317" t="457" r="327" b="482" charConfidence="34">t</charParams>
<charParams l="329" t="459" r="342" b="482" charConfidence="26">e</charParams>
<charParams l="343" t="463" r="352" b="488" charConfidence="-1">-</charParams>
<charParams l="353" t="452" r="371" b="488"> </charParams>
<charParams l="372" t="452" r="388" b="481" charConfidence="31">d</charParams>
<charParams l="392" t="458" r="404" b="481" charConfidence="24">e</charParams>
<charParams l="406" t="457" r="425" b="480" charConfidence="100">n</charParams>
<charParams l="426" t="457" r="440" b="480"> </charParams>
<charParams l="441" t="457" r="456" b="479" charConfidence="24">a</charParams>
<charParams l="462" t="448" r="470" b="479" charConfidence="58">l</charParams>
<charParams l="472" t="452" r="483" b="479" charConfidence="69">t</charParams>
<charParams l="486" t="456" r="498" b="479" charConfidence="26">e</charParams>
<charParams l="501" t="456" r="518" b="479" charConfidence="25">n</charParams>
<charParams l="520" t="471" r="529" b="485" charConfidence="79">,</charParams>
<charParams l="530" t="456" r="554" b="485"> </charParams>
<charParams l="555" t="456" r="567" b="479" charConfidence="36">e</charParams>
<charParams l="570" t="452" r="580" b="479" charConfidence="85">t</charParams>
<charParams l="583" t="455" r="608" b="478" charConfidence="26">w</charParams>
<charParams l="612" t="455" r="627" b="477" charConfidence="24">a</charParams>
<charParams l="631" t="450" r="647" b="478" charConfidence="100">s</charParams>
<charParams l="648" t="446" r="666" b="478"> </charParams>
<charParams l="667" t="446" r="682" b="478" charConfidence="32">b</charParams>
<charParams l="686" t="455" r="698" b="477" charConfidence="62">e</charParams>
<charParams l="702" t="446" r="715" b="484" charConfidence="34">s</charParams>
<charParams l="712" t="446" r="739" b="484" charConfidence="55">c</charParams>
<charParams l="712" t="446" r="739" b="484" suspicious="1" charConfidence="55">h</charParams>
<charParams l="742" t="454" r="769" b="478" charConfidence="100">w</charParams>
<charParams l="772" t="456" r="785" b="478" charConfidence="28">e</charParams>
<charParams l="787" t="456" r="801" b="479" charConfidence="63">r</charParams>
<charParams l="804" t="451" r="811" b="479" charConfidence="32">l</charParams>
<charParams l="815" t="449" r="822" b="479" charConfidence="100">i</charParams>
<charParams l="825" t="457" r="835" b="479" charConfidence="32">c</charParams>
<charParams l="836" t="448" r="852" b="486" charConfidence="39">h</charParams>
<charParams l="856" t="458" r="868" b="480" charConfidence="28">e</charParams>
<charParams l="871" t="458" r="889" b="481" charConfidence="63">n</charParams>
<charParams l="890" t="450" r="907" b="488"> </charParams>
<charParams l="908" t="450" r="932" b="488" charConfidence="31">F</charParams>
<charParams l="934" t="460" r="950" b="482" charConfidence="24">u</charParams>
<charParams l="954" t="453" r="971" b="488" charConfidence="28">ß</charParams>
<charParams l="972" t="466" r="983" b="480" charConfidence="91">.</charParams></formatting></line>
<line baseline="542" l="187" t="508" r="983" b="552"><formatting lang="OldGerman">
<charParams l="187" t="522" r="203" b="552" charConfidence="74">p</charParams>
<charParams l="206" t="513" r="222" b="547" charConfidence="55">f</charParams>
<charParams l="221" t="522" r="237" b="544" charConfidence="26">a</charParams>
<charParams l="241" t="516" r="256" b="544" charConfidence="27">d</charParams>
<charParams l="257" t="516" r="282" b="544"> </charParams>
<charParams l="283" t="520" r="295" b="544" charConfidence="25">e</charParams>
<charParams l="298" t="520" r="312" b="544" charConfidence="100">r</charParams>
<charParams l="314" t="512" r="327" b="543" charConfidence="39">k</charParams>
<charParams l="330" t="513" r="336" b="544" charConfidence="77">l</charParams>
<charParams l="341" t="512" r="348" b="543" charConfidence="100">i</charParams>
<charParams l="352" t="518" r="379" b="542" charConfidence="54">m</charParams>
<charParams l="383" t="518" r="410" b="542" charConfidence="69">m</charParams>
<charParams l="415" t="519" r="427" b="542" charConfidence="34">e</charParams>
<charParams l="430" t="519" r="447" b="542" charConfidence="100">n</charParams>
<charParams l="459" t="520" r="468" b="550" charConfidence="59">;</charParams>
<charParams l="469" t="513" r="493" b="550"> </charParams>
<charParams l="494" t="513" r="510" b="542" charConfidence="0">d</charParams>
<charParams l="514" t="519" r="528" b="542" charConfidence="34">o</charParams>
<charParams l="532" t="512" r="559" b="549" charConfidence="32">c</charParams>
<charParams l="532" t="512" r="559" b="549" charConfidence="32">h</charParams>
<charParams l="569" t="533" r="578" b="549" charConfidence="64">,</charParams>
<charParams l="579" t="508" r="603" b="551"> </charParams>
<charParams l="604" t="508" r="621" b="551" suspicious="1" charConfidence="65">h</charParams>
<charParams l="626" t="518" r="640" b="540" charConfidence="39">o</charParams>
<charParams l="644" t="508" r="667" b="547" charConfidence="100">f</charParams>
<charParams l="644" t="508" r="667" b="547" charConfidence="100">f</charParams>
<charParams l="667" t="518" r="680" b="541" charConfidence="26">e</charParams>
<charParams l="681" t="510" r="697" b="541"> </charParams>
<charParams l="698" t="510" r="706" b="540" charConfidence="78">i</charParams>
<charParams l="710" t="509" r="737" b="548" charConfidence="55">c</charParams>
<charParams l="710" t="509" r="737" b="548" charConfidence="55">h</charParams>
<charParams l="746" t="533" r="755" b="547" charConfidence="71">,</charParams>
<charParams l="756" t="509" r="780" b="547"> </charParams>
<charParams l="781" t="509" r="793" b="546" charConfidence="83">s</charParams>
<charParams l="793" t="517" r="807" b="541" charConfidence="56">o</charParams>
<charParams l="811" t="508" r="821" b="540" charConfidence="71">l</charParams>
<charParams l="821" t="509" r="829" b="540" charConfidence="32">l</charParams>
<charParams l="831" t="517" r="843" b="540" charConfidence="32">e</charParams>
<charParams l="847" t="518" r="864" b="540" charConfidence="37">n</charParams>
<charParams l="865" t="518" r="888" b="542"> </charParams>
<charParams l="889" t="518" r="917" b="542" charConfidence="72">m</charParams>
<charParams l="922" t="519" r="934" b="542" charConfidence="64">e</charParams>
<charParams l="937" t="514" r="945" b="543" charConfidence="26">i</charParams>
<charParams l="948" t="519" r="966" b="544" charConfidence="100">n</charParams>
<charParams l="969" t="522" r="983" b="545" charConfidence="26">e</charParams></formatting></line>
<line baseline="606" l="187" t="572" r="982" b="615"><formatting lang="OldGerman">
<charParams l="187" t="575" r="222" b="610" charConfidence="31">S</charParams>
<charParams l="227" t="583" r="236" b="609" charConfidence="45">t</charParams>
<charParams l="239" t="585" r="255" b="609" charConfidence="25">u</charParams>
<charParams l="260" t="575" r="273" b="615" charConfidence="63">f</charParams>
<charParams l="273" t="585" r="284" b="608" charConfidence="100">e</charParams>
<charParams l="288" t="584" r="305" b="608" charConfidence="45">n</charParams>
<charParams l="306" t="584" r="336" b="608"> </charParams>
<charParams l="337" t="585" r="354" b="608" charConfidence="46">u</charParams>
<charParams l="358" t="584" r="375" b="608" charConfidence="35">n</charParams>
<charParams l="380" t="577" r="396" b="608" charConfidence="29">d</charParams>
<charParams l="397" t="573" r="429" b="608"> </charParams>
<charParams l="430" t="573" r="465" b="608" charConfidence="51">S</charParams>
<charParams l="470" t="580" r="480" b="607" charConfidence="82">t</charParams>
<charParams l="484" t="583" r="497" b="607" charConfidence="46">e</charParams>
<charParams l="500" t="575" r="506" b="606" charConfidence="-1">i</charParams>
<charParams l="509" t="582" r="525" b="615" charConfidence="26">g</charParams>
<charParams l="530" t="582" r="542" b="607" charConfidence="46">e</charParams>
<charParams l="543" t="581" r="572" b="607"> </charParams>
<charParams l="573" t="581" r="590" b="607" charConfidence="29">n</charParams>
<charParams l="594" t="572" r="610" b="606" charConfidence="35">ä</charParams>
<charParams l="613" t="573" r="639" b="614" charConfidence="38">c</charParams>
<charParams l="613" t="573" r="639" b="614" charConfidence="38">h</charParams>
<charParams l="644" t="573" r="663" b="615" charConfidence="37">s</charParams>
<charParams l="644" t="573" r="663" b="615" charConfidence="37">t</charParams>
<charParams l="667" t="581" r="679" b="606" charConfidence="36">e</charParams>
<charParams l="682" t="581" r="699" b="606" charConfidence="57">n</charParams>
<charParams l="703" t="576" r="719" b="606" charConfidence="96">s</charParams>
<charParams l="720" t="572" r="751" b="606"> </charParams>
<charParams l="752" t="572" r="767" b="606" charConfidence="26">b</charParams>
<charParams l="772" t="581" r="784" b="605" charConfidence="26">e</charParams>
<charParams l="787" t="581" r="801" b="614" charConfidence="22">q</charParams>
<charParams l="805" t="581" r="822" b="606" charConfidence="38">u</charParams>
<charParams l="826" t="582" r="838" b="606" charConfidence="26">e</charParams>
<charParams l="841" t="581" r="869" b="606" charConfidence="100">m</charParams>
<charParams l="873" t="581" r="884" b="606" charConfidence="26">e</charParams>
<charParams l="887" t="581" r="902" b="605" charConfidence="91">r</charParams>
<charParams l="903" t="572" r="933" b="605"> </charParams>
<charParams l="934" t="572" r="950" b="605" charConfidence="57">b</charParams>
<charParams l="954" t="574" r="962" b="605" charConfidence="93">i</charParams>
<charParams l="965" t="577" r="982" b="606" charConfidence="96">s</charParams></formatting></line>
<line baseline="673" l="184" t="639" r="507" b="683"><formatting lang="OldGerman">
<charParams l="184" t="651" r="202" b="682" charConfidence="88">g</charParams>
<charParams l="206" t="650" r="221" b="674" charConfidence="36">a</charParams>
<charParams l="224" t="649" r="242" b="674" charConfidence="59">n</charParams>
<charParams l="245" t="649" r="259" b="683" charConfidence="25">z</charParams>
<charParams l="260" t="639" r="281" b="683"> </charParams>
<charParams l="282" t="639" r="300" b="682" suspicious="1" charConfidence="37">h</charParams>
<charParams l="304" t="641" r="312" b="673" charConfidence="65">i</charParams>
<charParams l="316" t="649" r="332" b="673" charConfidence="39">n</charParams>
<charParams l="337" t="649" r="352" b="673" charConfidence="27">a</charParams>
<charParams l="356" t="649" r="373" b="673" charConfidence="42">u</charParams>
<charParams l="376" t="639" r="391" b="679" charConfidence="100">f</charParams>
<charParams l="392" t="639" r="411" b="679"> </charParams>
<charParams l="412" t="640" r="421" b="673" charConfidence="100">l</charParams>
<charParams l="424" t="648" r="436" b="672" charConfidence="26">e</charParams>
<charParams l="439" t="640" r="447" b="673" charConfidence="53">i</charParams>
<charParams l="451" t="644" r="460" b="672" charConfidence="40">t</charParams>
<charParams l="464" t="647" r="475" b="672" charConfidence="42">e</charParams>
<charParams l="478" t="647" r="495" b="671" charConfidence="32">n</charParams>
<charParams l="498" t="662" r="507" b="671" charConfidence="100">.</charParams></formatting></line></par>
<par align="Justified" startIndent="2196" lineSpacing="1464">
<line baseline="796" l="252" t="761" r="979" b="805"><formatting lang="OldGerman">
<charParams l="252" t="766" r="277" b="800" charConfidence="48">U</charParams>
<charParams l="280" t="775" r="297" b="799" charConfidence="43">n</charParams>
<charParams l="302" t="768" r="318" b="798" charConfidence="30">d</charParams>
<charParams l="319" t="767" r="351" b="804"> </charParams>
<charParams l="352" t="767" r="365" b="804" charConfidence="32">s</charParams>
<charParams l="363" t="776" r="378" b="798" charConfidence="32">o</charParams>
<charParams l="379" t="773" r="410" b="805"> </charParams>
<charParams l="411" t="773" r="428" b="805" charConfidence="27">g</charParams>
<charParams l="432" t="774" r="444" b="797" charConfidence="27">e</charParams>
<charParams l="447" t="766" r="457" b="798" charConfidence="86">l</charParams>
<charParams l="458" t="773" r="473" b="797" charConfidence="29">a</charParams>
<charParams l="477" t="772" r="495" b="796" charConfidence="63">n</charParams>
<charParams l="497" t="772" r="514" b="804" charConfidence="33">g</charParams>
<charParams l="517" t="769" r="528" b="797" charConfidence="53">t</charParams>
<charParams l="530" t="771" r="545" b="797" charConfidence="24">e</charParams>
<charParams l="546" t="770" r="575" b="797"> </charParams>
<charParams l="576" t="770" r="605" b="797" charConfidence="26">m</charParams>
<charParams l="608" t="773" r="624" b="797" charConfidence="56">a</charParams>
<charParams l="627" t="772" r="646" b="797" charConfidence="64">n</charParams>
<charParams l="647" t="767" r="679" b="797"> </charParams>
<charParams l="680" t="767" r="697" b="796" charConfidence="27">d</charParams>
<charParams l="701" t="773" r="713" b="797" charConfidence="100">e</charParams>
<charParams l="716" t="772" r="732" b="798" charConfidence="33">n</charParams>
<charParams l="736" t="772" r="755" b="797" charConfidence="25">n</charParams>
<charParams l="756" t="763" r="776" b="797"> </charParams>
<charParams l="777" t="763" r="796" b="797" charConfidence="24">ü</charParams>
<charParams l="800" t="763" r="815" b="795" charConfidence="45">b</charParams>
<charParams l="819" t="773" r="832" b="797" charConfidence="39">e</charParams>
<charParams l="834" t="772" r="849" b="796" charConfidence="77">r</charParams>
<charParams l="850" t="761" r="869" b="802"> </charParams>
<charParams l="870" t="761" r="894" b="802" charConfidence="34">F</charParams>
<charParams l="896" t="773" r="908" b="795" charConfidence="26">e</charParams>
<charParams l="911" t="764" r="920" b="795" charConfidence="55">l</charParams>
<charParams l="921" t="761" r="936" b="802" charConfidence="39">s</charParams>
<charParams l="933" t="771" r="946" b="794" charConfidence="28">e</charParams>
<charParams l="948" t="770" r="966" b="794" charConfidence="69">n</charParams>
<charParams l="967" t="784" r="979" b="800" charConfidence="88">,</charParams></formatting></line>
<line baseline="858" l="182" t="822" r="977" b="866"><formatting lang="OldGerman">
<charParams l="182" t="828" r="200" b="860" charConfidence="25">d</charParams>
<charParams l="202" t="837" r="220" b="860" charConfidence="63">u</charParams>
<charParams l="223" t="836" r="238" b="859" charConfidence="32">r</charParams>
<charParams l="239" t="829" r="271" b="866" suspicious="1" charConfidence="25">c</charParams>
<charParams l="239" t="829" r="271" b="866" suspicious="1" charConfidence="25">h</charParams>
<charParams l="272" t="827" r="299" b="866"> </charParams>
<charParams l="300" t="827" r="334" b="859" charConfidence="39">D</charParams>
<charParams l="338" t="837" r="355" b="859" charConfidence="47">u</charParams>
<charParams l="359" t="828" r="372" b="864" charConfidence="52">s</charParams>
<charParams l="370" t="828" r="398" b="865" charConfidence="91">c</charParams>
<charParams l="370" t="828" r="398" b="865" charConfidence="91">h</charParams>
<charParams l="399" t="828" r="421" b="865"> </charParams>
<charParams l="422" t="836" r="432" b="858" charConfidence="-1">»</charParams>
<charParams l="433" t="835" r="461" b="859" charConfidence="35">m</charParams>
<charParams l="465" t="828" r="481" b="857" charConfidence="27">d</charParams>
<charParams l="482" t="825" r="505" b="858"> </charParams>
<charParams l="506" t="825" r="539" b="858" charConfidence="25">G</charParams>
<charParams l="543" t="834" r="556" b="858" charConfidence="33">e</charParams>
<charParams l="558" t="827" r="579" b="866" charConfidence="42">s</charParams>
<charParams l="558" t="827" r="579" b="866" charConfidence="42">t</charParams>
<charParams l="581" t="833" r="595" b="858" charConfidence="27">r</charParams>
<charParams l="596" t="826" r="612" b="857" charConfidence="25">ä</charParams>
<charParams l="616" t="835" r="633" b="858" charConfidence="30">u</charParams>
<charParams l="636" t="826" r="664" b="864" charConfidence="64">c</charParams>
<charParams l="636" t="826" r="664" b="864" charConfidence="64">h</charParams>
<charParams l="665" t="826" r="686" b="866"> </charParams>
<charParams l="687" t="834" r="699" b="866" charConfidence="31">z</charParams>
<charParams l="703" t="834" r="720" b="857" charConfidence="42">u</charParams>
<charParams l="723" t="834" r="737" b="857" charConfidence="30">r</charParams>
<charParams l="738" t="827" r="760" b="857"> </charParams>
<charParams l="761" t="827" r="770" b="857" charConfidence="59">l</charParams>
<charParams l="772" t="833" r="785" b="856" charConfidence="28">e</charParams>
<charParams l="787" t="828" r="806" b="864" charConfidence="52">t</charParams>
<charParams l="787" t="828" r="806" b="864" charConfidence="52">z</charParams>
<charParams l="809" t="830" r="821" b="857" charConfidence="35">t</charParams>
<charParams l="822" t="834" r="836" b="857" charConfidence="26">e</charParams>
<charParams l="837" t="833" r="857" b="858" charConfidence="31">n</charParams>
<charParams l="858" t="822" r="878" b="862"> </charParams>
<charParams l="879" t="822" r="911" b="862" charConfidence="25">H</charParams>
<charParams l="914" t="823" r="929" b="855" charConfidence="22">ö</charParams>
<charParams l="933" t="822" r="951" b="863" charConfidence="26">h</charParams>
<charParams l="953" t="831" r="967" b="855" charConfidence="25">e</charParams>
<charParams l="966" t="845" r="977" b="861" charConfidence="80">,</charParams></formatting></line>
<line baseline="915" l="181" t="883" r="978" b="925"><formatting lang="OldGerman">
<charParams l="181" t="888" r="198" b="917" charConfidence="39">d</charParams>
<charParams l="201" t="888" r="210" b="917" charConfidence="43">i</charParams>
<charParams l="212" t="895" r="226" b="916" charConfidence="27">e</charParams>
<charParams l="227" t="894" r="248" b="925"> </charParams>
<charParams l="249" t="894" r="262" b="925" charConfidence="25">z</charParams>
<charParams l="264" t="892" r="291" b="916" charConfidence="29">w</charParams>
<charParams l="294" t="895" r="310" b="915" charConfidence="30">a</charParams>
<charParams l="313" t="894" r="328" b="916" charConfidence="45">r</charParams>
<charParams l="329" t="886" r="349" b="916"> </charParams>
<charParams l="350" t="886" r="364" b="915" charConfidence="27">k</charParams>
<charParams l="367" t="894" r="378" b="916" charConfidence="26">e</charParams>
<charParams l="382" t="887" r="390" b="915" charConfidence="26">i</charParams>
<charParams l="392" t="893" r="410" b="915" charConfidence="50">n</charParams>
<charParams l="414" t="893" r="427" b="915" charConfidence="27">e</charParams>
<charParams l="428" t="884" r="443" b="921"> </charParams>
<charParams l="444" t="884" r="469" b="921" charConfidence="55">F</charParams>
<charParams l="470" t="886" r="479" b="915" charConfidence="79">l</charParams>
<charParams l="481" t="885" r="496" b="915" charConfidence="25">ä</charParams>
<charParams l="500" t="885" r="528" b="921" charConfidence="100">c</charParams>
<charParams l="500" t="885" r="528" b="921" charConfidence="100">h</charParams>
<charParams l="530" t="893" r="545" b="914" charConfidence="75">e</charParams>
<charParams l="543" t="906" r="554" b="920" charConfidence="100">,</charParams>
<charParams l="555" t="886" r="577" b="920"> </charParams>
<charParams l="578" t="886" r="595" b="914" charConfidence="28">d</charParams>
<charParams l="598" t="892" r="613" b="914" charConfidence="53">o</charParams>
<charParams l="617" t="885" r="645" b="920" charConfidence="81">c</charParams>
<charParams l="617" t="885" r="645" b="920" charConfidence="81">h</charParams>
<charParams l="646" t="883" r="662" b="920"> </charParams>
<charParams l="663" t="883" r="680" b="920" charConfidence="100">f</charParams>
<charParams l="678" t="892" r="693" b="914" charConfidence="33">o</charParams>
<charParams l="696" t="892" r="709" b="914" charConfidence="44">r</charParams>
<charParams l="712" t="888" r="723" b="914" charConfidence="68">t</charParams>
<charParams l="726" t="885" r="735" b="914" charConfidence="54">l</charParams>
<charParams l="736" t="892" r="752" b="914" charConfidence="26">a</charParams>
<charParams l="755" t="891" r="773" b="914" charConfidence="32">u</charParams>
<charParams l="776" t="883" r="792" b="920" charConfidence="36">f</charParams>
<charParams l="790" t="891" r="802" b="913" charConfidence="26">e</charParams>
<charParams l="805" t="891" r="823" b="913" charConfidence="68">n</charParams>
<charParams l="826" t="885" r="842" b="914" charConfidence="33">d</charParams>
<charParams l="846" t="892" r="860" b="913" charConfidence="37">e</charParams>
<charParams l="861" t="883" r="873" b="920"> </charParams>
<charParams l="874" t="883" r="891" b="920" charConfidence="41">f</charParams>
<charParams l="889" t="892" r="902" b="914" charConfidence="31">r</charParams>
<charParams l="904" t="891" r="922" b="915" charConfidence="43">u</charParams>
<charParams l="925" t="883" r="952" b="922" charConfidence="62">c</charParams>
<charParams l="925" t="883" r="952" b="922" charConfidence="62">h</charParams>
<charParams l="956" t="888" r="966" b="916" charConfidence="44">t</charParams>
<charParams l="967" t="896" r="978" b="912" charConfidence="22">¬</charParams></formatting></line>
<line baseline="975" l="179" t="941" r="975" b="984"><formatting lang="OldGerman">
<charParams l="179" t="946" r="195" b="979" charConfidence="32">b</charParams>
<charParams l="198" t="955" r="214" b="978" charConfidence="50">a</charParams>
<charParams l="218" t="954" r="231" b="977" charConfidence="67">r</charParams>
<charParams l="234" t="953" r="248" b="977" charConfidence="100">e</charParams>
<charParams l="249" t="941" r="271" b="977"> </charParams>
<charParams l="272" t="941" r="303" b="976" charConfidence="26">R</charParams>
<charParams l="308" t="943" r="325" b="975" charConfidence="31">ü</charParams>
<charParams l="329" t="945" r="353" b="975" charConfidence="52">c</charParams>
<charParams l="329" t="945" r="353" b="975" suspicious="1" charConfidence="52">k</charParams>
<charParams l="355" t="951" r="367" b="974" charConfidence="25">e</charParams>
<charParams l="370" t="951" r="389" b="974" charConfidence="25">n</charParams>
<charParams l="390" t="943" r="418" b="974"> </charParams>
<charParams l="419" t="943" r="435" b="974" charConfidence="37">b</charParams>
<charParams l="438" t="944" r="447" b="973" charConfidence="40">i</charParams>
<charParams l="451" t="945" r="458" b="974" charConfidence="60">l</charParams>
<charParams l="462" t="945" r="477" b="973" charConfidence="28">d</charParams>
<charParams l="481" t="951" r="493" b="974" charConfidence="44">e</charParams>
<charParams l="497" t="946" r="507" b="973" charConfidence="57">t</charParams>
<charParams l="510" t="950" r="523" b="973" charConfidence="25">e</charParams>
<charParams l="524" t="961" r="532" b="974" charConfidence="79">.</charParams>
<charParams l="533" t="941" r="579" b="974"> </charParams>
<charParams l="580" t="941" r="616" b="974" charConfidence="83">D</charParams>
<charParams l="619" t="950" r="634" b="974" charConfidence="38">o</charParams>
<charParams l="637" t="950" r="651" b="974" charConfidence="100">r</charParams>
<charParams l="653" t="942" r="668" b="980" charConfidence="76">f</charParams>
<charParams l="669" t="942" r="686" b="980"> </charParams>
<charParams l="687" t="951" r="705" b="974" charConfidence="100">u</charParams>
<charParams l="708" t="950" r="726" b="974" charConfidence="92">n</charParams>
<charParams l="729" t="945" r="745" b="974" charConfidence="26">d</charParams>
<charParams l="746" t="941" r="770" b="975"> </charParams>
<charParams l="771" t="941" r="807" b="975" charConfidence="31">S</charParams>
<charParams l="810" t="944" r="837" b="983" charConfidence="75">c</charParams>
<charParams l="810" t="944" r="837" b="983" charConfidence="75">h</charParams>
<charParams l="842" t="945" r="849" b="976" charConfidence="59">l</charParams>
<charParams l="852" t="952" r="867" b="975" charConfidence="50">o</charParams>
<charParams l="871" t="944" r="887" b="981" charConfidence="25">ß</charParams>
<charParams l="888" t="944" r="912" b="984"> </charParams>
<charParams l="913" t="944" r="930" b="984" suspicious="1" charConfidence="41">h</charParams>
<charParams l="934" t="946" r="942" b="977" charConfidence="41">i</charParams>
<charParams l="946" t="954" r="962" b="979" charConfidence="44">n</charParams>
<charParams l="965" t="958" r="975" b="974" charConfidence="96">¬</charParams></formatting></line>
<line baseline="1037" l="176" t="1003" r="973" b="1047"><formatting lang="OldGerman">
<charParams l="176" t="1014" r="188" b="1041" charConfidence="100">t</charParams>
<charParams l="191" t="1017" r="203" b="1041" charConfidence="64">e</charParams>
<charParams l="206" t="1017" r="219" b="1040" charConfidence="48">r</charParams>
<charParams l="221" t="1015" r="247" b="1039" charConfidence="26">w</charParams>
<charParams l="250" t="1005" r="265" b="1038" charConfidence="25">ä</charParams>
<charParams l="269" t="1014" r="282" b="1038" charConfidence="100">r</charParams>
<charParams l="285" t="1011" r="296" b="1037" charConfidence="48">t</charParams>
<charParams l="298" t="1009" r="314" b="1037" charConfidence="100">s</charParams>
<charParams l="315" t="1009" r="337" b="1037"> </charParams>
<charParams l="338" t="1012" r="365" b="1036" charConfidence="24">w</charParams>
<charParams l="369" t="1012" r="384" b="1035" charConfidence="65">a</charParams>
<charParams l="387" t="1011" r="401" b="1035" charConfidence="100">r</charParams>
<charParams l="404" t="1011" r="416" b="1035" charConfidence="25">e</charParams>
<charParams l="418" t="1011" r="437" b="1035" charConfidence="100">n</charParams>
<charParams l="438" t="1011" r="460" b="1035"> </charParams>
<charParams l="461" t="1011" r="480" b="1035" charConfidence="100">n</charParams>
<charParams l="483" t="1004" r="491" b="1035" charConfidence="46">i</charParams>
<charParams l="495" t="1004" r="522" b="1042" charConfidence="100">c</charParams>
<charParams l="495" t="1004" r="522" b="1042" charConfidence="100">h</charParams>
<charParams l="525" t="1007" r="536" b="1035" charConfidence="50">t</charParams>
<charParams l="537" t="1007" r="561" b="1036"> </charParams>
<charParams l="562" t="1011" r="590" b="1036" charConfidence="100">m</charParams>
<charParams l="594" t="1013" r="606" b="1037" charConfidence="28">e</charParams>
<charParams l="610" t="1003" r="626" b="1045" charConfidence="100">h</charParams>
<charParams l="630" t="1012" r="644" b="1036" charConfidence="100">r</charParams>
<charParams l="645" t="1012" r="665" b="1047"> </charParams>
<charParams l="666" t="1012" r="679" b="1047" charConfidence="25">z</charParams>
<charParams l="684" t="1014" r="701" b="1038" charConfidence="100">u</charParams>
<charParams l="702" t="1005" r="719" b="1044"> </charParams>
<charParams l="720" t="1005" r="733" b="1044" charConfidence="40">s</charParams>
<charParams l="731" t="1015" r="743" b="1039" charConfidence="30">e</charParams>
<charParams l="746" t="1004" r="763" b="1047" charConfidence="67">h</charParams>
<charParams l="767" t="1014" r="779" b="1038" charConfidence="38">e</charParams>
<charParams l="782" t="1014" r="799" b="1038" charConfidence="42">n</charParams>
<charParams l="803" t="1029" r="811" b="1039" charConfidence="79">.</charParams>
<charParams l="812" t="1004" r="859" b="1045"> </charParams>
<charParams l="860" t="1004" r="886" b="1045" suspicious="1" charConfidence="-1">I</charParams>
<charParams l="889" t="1015" r="907" b="1038" charConfidence="56">n</charParams>
<charParams l="908" t="1009" r="924" b="1039"> </charParams>
<charParams l="925" t="1009" r="940" b="1039" charConfidence="26">d</charParams>
<charParams l="944" t="1016" r="956" b="1039" charConfidence="27">e</charParams>
<charParams l="959" t="1016" r="973" b="1040" charConfidence="25">r</charParams></formatting></line>
<line baseline="1099" l="175" t="1065" r="971" b="1108"><formatting lang="OldGerman">
<charParams l="175" t="1069" r="203" b="1103" charConfidence="30">T</charParams>
<charParams l="207" t="1070" r="214" b="1100" charConfidence="72">i</charParams>
<charParams l="218" t="1077" r="230" b="1101" charConfidence="30">e</charParams>
<charParams l="232" t="1068" r="246" b="1106" charConfidence="30">f</charParams>
<charParams l="245" t="1076" r="259" b="1099" charConfidence="43">e</charParams>
<charParams l="260" t="1074" r="308" b="1099"> </charParams>
<charParams l="309" t="1074" r="321" b="1097" charConfidence="25">e</charParams>
<charParams l="325" t="1073" r="338" b="1097" charConfidence="25">r</charParams>
<charParams l="341" t="1065" r="355" b="1096" charConfidence="38">b</charParams>
<charParams l="360" t="1066" r="368" b="1096" charConfidence="39">l</charParams>
<charParams l="371" t="1066" r="378" b="1096" charConfidence="32">i</charParams>
<charParams l="382" t="1065" r="406" b="1096" charConfidence="22">c</charParams>
<charParams l="382" t="1065" r="406" b="1096" charConfidence="22">k</charParams>
<charParams l="409" t="1069" r="419" b="1096" charConfidence="56">t</charParams>
<charParams l="422" t="1073" r="436" b="1096" charConfidence="62">e</charParams>
<charParams l="437" t="1073" r="481" b="1097"> </charParams>
<charParams l="482" t="1073" r="509" b="1097" charConfidence="58">m</charParams>
<charParams l="514" t="1074" r="529" b="1097" charConfidence="30">a</charParams>
<charParams l="533" t="1074" r="551" b="1098" charConfidence="77">n</charParams>
<charParams l="552" t="1074" r="597" b="1099"> </charParams>
<charParams l="598" t="1076" r="614" b="1099" charConfidence="100">a</charParams>
<charParams l="619" t="1077" r="635" b="1100" charConfidence="100">u</charParams>
<charParams l="639" t="1071" r="654" b="1100" charConfidence="100">s</charParams>
<charParams l="656" t="1077" r="674" b="1107" charConfidence="25">g</charParams>
<charParams l="676" t="1077" r="690" b="1100" charConfidence="39">e</charParams>
<charParams l="692" t="1067" r="708" b="1100" charConfidence="32">b</charParams>
<charParams l="711" t="1077" r="724" b="1101" charConfidence="54">r</charParams>
<charParams l="727" t="1077" r="739" b="1101" charConfidence="35">e</charParams>
<charParams l="742" t="1070" r="750" b="1100" charConfidence="100">i</charParams>
<charParams l="754" t="1075" r="764" b="1102" charConfidence="39">t</charParams>
<charParams l="767" t="1078" r="778" b="1101" charConfidence="28">e</charParams>
<charParams l="782" t="1075" r="792" b="1101" charConfidence="48">t</charParams>
<charParams l="795" t="1078" r="809" b="1101" suspicious="1" charConfidence="27">e</charParams>
<charParams l="810" t="1068" r="849" b="1103"> </charParams>
<charParams l="850" t="1068" r="878" b="1103" charConfidence="47">T</charParams>
<charParams l="881" t="1078" r="893" b="1101" charConfidence="33">e</charParams>
<charParams l="897" t="1071" r="905" b="1100" charConfidence="27">i</charParams>
<charParams l="908" t="1069" r="935" b="1106" charConfidence="61">c</charParams>
<charParams l="908" t="1069" r="935" b="1106" charConfidence="61">h</charParams>
<charParams l="938" t="1078" r="951" b="1101" charConfidence="25">e</charParams>
<charParams l="960" t="1080" r="971" b="1108" charConfidence="49">;</charParams></formatting></line>
<line baseline="1162" l="173" t="1125" r="971" b="1171"><formatting lang="OldGerman">
<charParams l="173" t="1134" r="189" b="1162" charConfidence="27">d</charParams>
<charParams l="193" t="1139" r="206" b="1162" charConfidence="39">r</charParams>
<charParams l="209" t="1130" r="226" b="1161" charConfidence="22">ü</charParams>
<charParams l="230" t="1129" r="245" b="1160" charConfidence="34">b</charParams>
<charParams l="249" t="1138" r="261" b="1160" charConfidence="76">e</charParams>
<charParams l="264" t="1137" r="281" b="1159" charConfidence="50">n</charParams>
<charParams l="282" t="1126" r="314" b="1159"> </charParams>
<charParams l="315" t="1126" r="331" b="1158" charConfidence="54">b</charParams>
<charParams l="335" t="1134" r="347" b="1158" charConfidence="26">e</charParams>
<charParams l="350" t="1133" r="376" b="1158" charConfidence="58">w</charParams>
<charParams l="379" t="1135" r="395" b="1158" charConfidence="100">a</charParams>
<charParams l="399" t="1127" r="425" b="1164" charConfidence="55">c</charParams>
<charParams l="399" t="1127" r="425" b="1164" charConfidence="55">h</charParams>
<charParams l="430" t="1125" r="443" b="1166" charConfidence="28">s</charParams>
<charParams l="441" t="1136" r="453" b="1159" charConfidence="26">e</charParams>
<charParams l="456" t="1137" r="473" b="1160" charConfidence="100">n</charParams>
<charParams l="477" t="1137" r="491" b="1161" charConfidence="40">e</charParams>
<charParams l="492" t="1126" r="512" b="1170"> </charParams>
<charParams l="513" t="1126" r="543" b="1170" charConfidence="54">H</charParams>
<charParams l="547" t="1128" r="564" b="1162" charConfidence="40">ü</charParams>
<charParams l="567" t="1139" r="583" b="1169" charConfidence="56">g</charParams>
<charParams l="588" t="1138" r="600" b="1162" charConfidence="65">e</charParams>
<charParams l="603" t="1131" r="612" b="1163" charConfidence="68">l</charParams>
<charParams l="620" t="1154" r="629" b="1169" charConfidence="71">,</charParams>
<charParams l="630" t="1140" r="672" b="1169"> </charParams>
<charParams l="673" t="1140" r="689" b="1163" charConfidence="48">a</charParams>
<charParams l="693" t="1140" r="711" b="1163" charConfidence="99">n</charParams>
<charParams l="712" t="1134" r="743" b="1163"> </charParams>
<charParams l="744" t="1134" r="759" b="1163" charConfidence="27">d</charParams>
<charParams l="763" t="1140" r="776" b="1165" charConfidence="28">e</charParams>
<charParams l="779" t="1141" r="795" b="1164" charConfidence="66">n</charParams>
<charParams l="799" t="1141" r="812" b="1164" charConfidence="75">e</charParams>
<charParams l="814" t="1141" r="832" b="1164" charConfidence="100">n</charParams>
<charParams l="833" t="1132" r="863" b="1171"> </charParams>
<charParams l="864" t="1132" r="872" b="1171" charConfidence="25">s</charParams>
<charParams l="872" t="1132" r="882" b="1163" charConfidence="-1">i</charParams>
<charParams l="885" t="1140" r="898" b="1163" charConfidence="54">e</charParams>
<charParams l="899" t="1131" r="920" b="1171"> </charParams>
<charParams l="921" t="1131" r="940" b="1171" charConfidence="82">s</charParams>
<charParams l="921" t="1131" r="940" b="1171" charConfidence="82">i</charParams>
<charParams l="942" t="1132" r="971" b="1171" charConfidence="55">c</charParams>
<charParams l="942" t="1132" r="971" b="1171" charConfidence="55">h</charParams></formatting></line>
<line baseline="1223" l="172" t="1190" r="971" b="1234"><formatting lang="OldGerman">
<charParams l="172" t="1191" r="189" b="1233" suspicious="1" charConfidence="84">h</charParams>
<charParams l="194" t="1193" r="201" b="1225" charConfidence="100">i</charParams>
<charParams l="205" t="1200" r="221" b="1224" charConfidence="68">n</charParams>
<charParams l="225" t="1199" r="237" b="1234" charConfidence="27">z</charParams>
<charParams l="241" t="1200" r="254" b="1223" charConfidence="51">o</charParams>
<charParams l="258" t="1198" r="274" b="1230" charConfidence="62">g</charParams>
<charParams l="278" t="1197" r="290" b="1221" charConfidence="25">e</charParams>
<charParams l="293" t="1197" r="311" b="1221" charConfidence="97">n</charParams>
<charParams l="321" t="1198" r="330" b="1228" charConfidence="99">;</charParams>
<charParams l="331" t="1198" r="374" b="1228"> </charParams>
<charParams l="375" t="1198" r="388" b="1220" charConfidence="100">e</charParams>
<charParams l="391" t="1197" r="408" b="1221" charConfidence="34">n</charParams>
<charParams l="412" t="1192" r="427" b="1221" charConfidence="33">d</charParams>
<charParams l="432" t="1192" r="439" b="1221" charConfidence="33">l</charParams>
<charParams l="443" t="1190" r="450" b="1222" charConfidence="100">i</charParams>
<charParams l="454" t="1191" r="481" b="1228" charConfidence="55">c</charParams>
<charParams l="454" t="1191" r="481" b="1228" charConfidence="55">h</charParams>
<charParams l="482" t="1191" r="513" b="1231"> </charParams>
<charParams l="514" t="1192" r="533" b="1231" charConfidence="32">s</charParams>
<charParams l="514" t="1192" r="533" b="1231" charConfidence="32">t</charParams>
<charParams l="537" t="1200" r="549" b="1223" charConfidence="38">e</charParams>
<charParams l="551" t="1193" r="560" b="1223" charConfidence="100">i</charParams>
<charParams l="563" t="1194" r="571" b="1224" charConfidence="99">l</charParams>
<charParams l="575" t="1201" r="588" b="1224" charConfidence="55">e</charParams>
<charParams l="589" t="1192" r="617" b="1231"> </charParams>
<charParams l="618" t="1192" r="642" b="1231" charConfidence="31">F</charParams>
<charParams l="643" t="1201" r="655" b="1225" charConfidence="25">e</charParams>
<charParams l="659" t="1195" r="666" b="1226" charConfidence="37">l</charParams>
<charParams l="670" t="1194" r="682" b="1232" charConfidence="43">s</charParams>
<charParams l="681" t="1203" r="693" b="1226" charConfidence="35">e</charParams>
<charParams l="696" t="1203" r="714" b="1226" charConfidence="71">n</charParams>
<charParams l="722" t="1216" r="733" b="1232" charConfidence="59">,</charParams>
<charParams l="734" t="1201" r="773" b="1232"> </charParams>
<charParams l="774" t="1201" r="800" b="1227" charConfidence="97">w</charParams>
<charParams l="804" t="1203" r="816" b="1226" charConfidence="30">e</charParams>
<charParams l="820" t="1195" r="828" b="1226" charConfidence="33">l</charParams>
<charParams l="830" t="1194" r="856" b="1232" charConfidence="56">c</charParams>
<charParams l="830" t="1194" r="856" b="1232" charConfidence="56">h</charParams>
<charParams l="861" t="1202" r="873" b="1226" charConfidence="56">e</charParams>
<charParams l="874" t="1193" r="896" b="1231"> </charParams>
<charParams l="897" t="1193" r="912" b="1231" charConfidence="65">s</charParams>
<charParams l="910" t="1201" r="922" b="1225" charConfidence="38">e</charParams>
<charParams l="925" t="1201" r="941" b="1225" charConfidence="58">n</charParams>
<charParams l="946" t="1192" r="958" b="1224" charConfidence="26">k</charParams>
<charParams l="960" t="1205" r="971" b="1220" charConfidence="22">¬</charParams></formatting></line>
<line baseline="1286" l="171" t="1252" r="969" b="1294"><formatting lang="OldGerman">
<charParams l="171" t="1264" r="184" b="1288" charConfidence="39">r</charParams>
<charParams l="187" t="1264" r="200" b="1287" charConfidence="50">e</charParams>
<charParams l="203" t="1256" r="229" b="1294" charConfidence="41">c</charParams>
<charParams l="203" t="1256" r="229" b="1294" charConfidence="41">h</charParams>
<charParams l="233" t="1260" r="243" b="1286" charConfidence="28">t</charParams>
<charParams l="244" t="1255" r="289" b="1286"> </charParams>
<charParams l="290" t="1255" r="305" b="1283" charConfidence="26">d</charParams>
<charParams l="310" t="1259" r="322" b="1283" charConfidence="25">e</charParams>
<charParams l="325" t="1258" r="342" b="1283" charConfidence="25">n</charParams>
<charParams l="343" t="1252" r="392" b="1283"> </charParams>
<charParams l="393" t="1252" r="402" b="1283" charConfidence="53">l</charParams>
<charParams l="405" t="1260" r="416" b="1283" charConfidence="25">e</charParams>
<charParams l="420" t="1255" r="437" b="1289" charConfidence="100">t</charParams>
<charParams l="420" t="1255" r="437" b="1289" charConfidence="100">z</charParams>
<charParams l="441" t="1256" r="451" b="1283" charConfidence="61">t</charParams>
<charParams l="454" t="1260" r="466" b="1283" charConfidence="27">e</charParams>
<charParams l="469" t="1260" r="488" b="1283" charConfidence="26">n</charParams>
<charParams l="489" t="1252" r="528" b="1286"> </charParams>
<charParams l="529" t="1252" r="569" b="1286" charConfidence="36">W</charParams>
<charParams l="573" t="1263" r="587" b="1285" charConfidence="54">a</charParams>
<charParams l="592" t="1255" r="617" b="1291" charConfidence="91">s</charParams>
<charParams l="592" t="1255" r="617" b="1291" charConfidence="91">s</charParams>
<charParams l="615" t="1264" r="627" b="1286" charConfidence="38">e</charParams>
<charParams l="630" t="1264" r="643" b="1286" charConfidence="65">r</charParams>
<charParams l="646" t="1256" r="660" b="1292" charConfidence="55">s</charParams>
<charParams l="657" t="1264" r="673" b="1293" charConfidence="100">p</charParams>
<charParams l="678" t="1256" r="685" b="1286" charConfidence="71">i</charParams>
<charParams l="689" t="1264" r="701" b="1286" charConfidence="25">e</charParams>
<charParams l="703" t="1264" r="720" b="1294" charConfidence="28">g</charParams>
<charParams l="723" t="1264" r="736" b="1287" charConfidence="36">e</charParams>
<charParams l="739" t="1256" r="748" b="1287" charConfidence="48">l</charParams>
<charParams l="749" t="1256" r="795" b="1287"> </charParams>
<charParams l="796" t="1265" r="809" b="1287" charConfidence="30">e</charParams>
<charParams l="812" t="1265" r="829" b="1287" charConfidence="100">n</charParams>
<charParams l="833" t="1262" r="843" b="1287" charConfidence="27">t</charParams>
<charParams l="845" t="1256" r="862" b="1293" charConfidence="38">s</charParams>
<charParams l="857" t="1257" r="884" b="1294" charConfidence="55">c</charParams>
<charParams l="857" t="1257" r="884" b="1294" charConfidence="55">h</charParams>
<charParams l="888" t="1257" r="895" b="1286" charConfidence="25">i</charParams>
<charParams l="899" t="1264" r="911" b="1287" charConfidence="62">e</charParams>
<charParams l="914" t="1256" r="929" b="1286" charConfidence="27">d</charParams>
<charParams l="933" t="1263" r="946" b="1285" charConfidence="25">e</charParams>
<charParams l="949" t="1263" r="969" b="1287" charConfidence="25">n</charParams></formatting></line>
<line baseline="1347" l="170" t="1312" r="969" b="1357"><formatting lang="OldGerman">
<charParams l="170" t="1317" r="186" b="1351" suspicious="1" charConfidence="24">V</charParams>
<charParams l="191" t="1327" r="203" b="1350" charConfidence="27">e</charParams>
<charParams l="204" t="1326" r="223" b="1357" charConfidence="23">g</charParams>
<charParams l="223" t="1326" r="237" b="1349" charConfidence="35">r</charParams>
<charParams l="240" t="1316" r="255" b="1348" suspicious="1" charConfidence="25">ä</charParams>
<charParams l="259" t="1324" r="276" b="1348" charConfidence="27">n</charParams>
<charParams l="279" t="1323" r="290" b="1357" suspicious="1" charConfidence="29">z</charParams>
<charParams l="295" t="1320" r="305" b="1347" charConfidence="92">t</charParams>
<charParams l="307" t="1323" r="320" b="1347" charConfidence="40">e</charParams>
<charParams l="323" t="1321" r="340" b="1346" charConfidence="34">n</charParams>
<charParams l="341" t="1321" r="373" b="1346"> </charParams>
<charParams l="374" t="1321" r="391" b="1345" charConfidence="100">u</charParams>
<charParams l="394" t="1320" r="412" b="1344" charConfidence="91">n</charParams>
<charParams l="416" t="1314" r="432" b="1343" charConfidence="64">d</charParams>
<charParams l="433" t="1314" r="461" b="1343"> </charParams>
<charParams l="462" t="1314" r="470" b="1343" charConfidence="29">i</charParams>
<charParams l="474" t="1312" r="490" b="1351" charConfidence="100">h</charParams>
<charParams l="495" t="1322" r="508" b="1345" charConfidence="100">r</charParams>
<charParams l="511" t="1323" r="524" b="1347" charConfidence="27">e</charParams>
<charParams l="525" t="1314" r="547" b="1347"> </charParams>
<charParams l="548" t="1314" r="564" b="1346" charConfidence="30">b</charParams>
<charParams l="568" t="1324" r="580" b="1346" charConfidence="31">e</charParams>
<charParams l="584" t="1318" r="598" b="1347" charConfidence="29">d</charParams>
<charParams l="603" t="1325" r="614" b="1347" charConfidence="27">e</charParams>
<charParams l="618" t="1325" r="634" b="1347" charConfidence="25">u</charParams>
<charParams l="639" t="1322" r="649" b="1348" charConfidence="38">t</charParams>
<charParams l="651" t="1325" r="663" b="1347" charConfidence="54">e</charParams>
<charParams l="667" t="1325" r="683" b="1348" charConfidence="38">n</charParams>
<charParams l="688" t="1318" r="702" b="1347" charConfidence="32">d</charParams>
<charParams l="707" t="1325" r="719" b="1347" charConfidence="32">e</charParams>
<charParams l="723" t="1324" r="740" b="1348" charConfidence="31">n</charParams>
<charParams l="741" t="1314" r="764" b="1355"> </charParams>
<charParams l="765" t="1314" r="789" b="1355" charConfidence="34">F</charParams>
<charParams l="791" t="1326" r="806" b="1348" charConfidence="35">o</charParams>
<charParams l="810" t="1325" r="823" b="1348" charConfidence="27">r</charParams>
<charParams l="825" t="1324" r="853" b="1348" charConfidence="100">m</charParams>
<charParams l="857" t="1325" r="869" b="1350" charConfidence="26">e</charParams>
<charParams l="872" t="1325" r="890" b="1348" charConfidence="58">n</charParams>
<charParams l="891" t="1324" r="913" b="1348"> </charParams>
<charParams l="914" t="1324" r="930" b="1348" charConfidence="46">a</charParams>
<charParams l="934" t="1324" r="951" b="1348" charConfidence="31">u</charParams>
<charParams l="954" t="1315" r="969" b="1355" charConfidence="88">f</charParams></formatting></line>
<line baseline="1408" l="170" t="1374" r="964" b="1417"><formatting lang="OldGerman">
<charParams l="170" t="1381" r="186" b="1411" charConfidence="27">d</charParams>
<charParams l="190" t="1388" r="201" b="1411" charConfidence="29">e</charParams>
<charParams l="204" t="1388" r="218" b="1411" charConfidence="67">r</charParams>
<charParams l="219" t="1378" r="250" b="1411"> </charParams>
<charParams l="251" t="1378" r="279" b="1411" charConfidence="42">O</charParams>
<charParams l="284" t="1377" r="299" b="1410" charConfidence="28">b</charParams>
<charParams l="303" t="1386" r="314" b="1409" charConfidence="32">e</charParams>
<charParams l="318" t="1385" r="331" b="1409" charConfidence="62">r</charParams>
<charParams l="334" t="1376" r="353" b="1417" charConfidence="22">f</charParams>
<charParams l="334" t="1376" r="353" b="1417" charConfidence="22">l</charParams>
<charParams l="356" t="1374" r="371" b="1407" charConfidence="22">ä</charParams>
<charParams l="374" t="1374" r="400" b="1412" charConfidence="61">c</charParams>
<charParams l="374" t="1374" r="400" b="1412" charConfidence="61">h</charParams>
<charParams l="405" t="1383" r="418" b="1406" charConfidence="27">e</charParams>
<charParams l="419" t="1376" r="442" b="1406"> </charParams>
<charParams l="443" t="1376" r="458" b="1405" charConfidence="25">d</charParams>
<charParams l="463" t="1383" r="474" b="1405" charConfidence="25">e</charParams>
<charParams l="479" t="1374" r="503" b="1411" charConfidence="88">s</charParams>
<charParams l="479" t="1374" r="503" b="1411" charConfidence="88">s</charParams>
<charParams l="500" t="1384" r="513" b="1405" charConfidence="31">e</charParams>
<charParams l="516" t="1376" r="524" b="1407" charConfidence="76">l</charParams>
<charParams l="528" t="1375" r="542" b="1406" charConfidence="63">b</charParams>
<charParams l="547" t="1385" r="559" b="1408" charConfidence="100">e</charParams>
<charParams l="562" t="1385" r="580" b="1408" charConfidence="33">n</charParams>
<charParams l="581" t="1385" r="603" b="1408"> </charParams>
<charParams l="604" t="1385" r="619" b="1406" charConfidence="24">a</charParams>
<charParams l="624" t="1376" r="639" b="1407" charConfidence="57">b</charParams>
<charParams l="644" t="1376" r="659" b="1408" charConfidence="45">b</charParams>
<charParams l="664" t="1378" r="671" b="1407" charConfidence="28">i</charParams>
<charParams l="675" t="1379" r="683" b="1408" charConfidence="27">l</charParams>
<charParams l="687" t="1380" r="701" b="1408" charConfidence="26">d</charParams>
<charParams l="706" t="1385" r="718" b="1409" charConfidence="25">e</charParams>
<charParams l="721" t="1382" r="732" b="1408" charConfidence="58">t</charParams>
<charParams l="734" t="1386" r="746" b="1408" charConfidence="69">e</charParams>
<charParams l="749" t="1385" r="767" b="1408" charConfidence="94">n</charParams>
<charParams l="770" t="1399" r="779" b="1410" charConfidence="63">.</charParams>
<charParams l="780" t="1377" r="826" b="1410"> </charParams>
<charParams l="827" t="1377" r="862" b="1410" charConfidence="69">D</charParams>
<charParams l="866" t="1386" r="880" b="1408" charConfidence="33">o</charParams>
<charParams l="884" t="1386" r="897" b="1408" charConfidence="84">r</charParams>
<charParams l="900" t="1382" r="911" b="1408" charConfidence="58">t</charParams>
<charParams l="912" t="1378" r="933" b="1409"> </charParams>
<charParams l="934" t="1378" r="942" b="1409" charConfidence="29">i</charParams>
<charParams l="945" t="1386" r="964" b="1412" charConfidence="24">n</charParams></formatting></line>
<line baseline="1470" l="169" t="1435" r="963" b="1478"><formatting lang="OldGerman">
<charParams l="169" t="1442" r="184" b="1471" charConfidence="28">d</charParams>
<charParams l="188" t="1448" r="200" b="1471" charConfidence="26">e</charParams>
<charParams l="203" t="1449" r="217" b="1471" charConfidence="24">r</charParams>
<charParams l="218" t="1439" r="239" b="1472"> </charParams>
<charParams l="240" t="1439" r="275" b="1472" charConfidence="40">S</charParams>
<charParams l="280" t="1441" r="307" b="1478" charConfidence="100">c</charParams>
<charParams l="280" t="1441" r="307" b="1478" charConfidence="100">h</charParams>
<charParams l="311" t="1441" r="318" b="1471" charConfidence="75">l</charParams>
<charParams l="322" t="1448" r="338" b="1472" charConfidence="24">u</charParams>
<charParams l="342" t="1440" r="368" b="1478" charConfidence="55">c</charParams>
<charParams l="342" t="1440" r="368" b="1478" charConfidence="55">h</charParams>
<charParams l="373" t="1444" r="383" b="1471" charConfidence="26">t</charParams>
<charParams l="392" t="1462" r="401" b="1475" charConfidence="57">,</charParams>
<charParams l="402" t="1443" r="439" b="1475"> </charParams>
<charParams l="440" t="1443" r="466" b="1469" charConfidence="75">w</charParams>
<charParams l="471" t="1445" r="486" b="1468" charConfidence="30">o</charParams>
<charParams l="487" t="1445" r="511" b="1468"> </charParams>
<charParams l="512" t="1445" r="524" b="1468" charConfidence="27">e</charParams>
<charParams l="527" t="1438" r="536" b="1468" charConfidence="60">i</charParams>
<charParams l="538" t="1445" r="556" b="1468" charConfidence="77">n</charParams>
<charParams l="557" t="1439" r="581" b="1478"> </charParams>
<charParams l="582" t="1439" r="601" b="1478" charConfidence="30">s</charParams>
<charParams l="582" t="1439" r="601" b="1478" charConfidence="30">t</charParams>
<charParams l="604" t="1445" r="620" b="1469" charConfidence="27">a</charParams>
<charParams l="623" t="1447" r="636" b="1470" charConfidence="96">r</charParams>
<charParams l="640" t="1438" r="652" b="1469" charConfidence="52">k</charParams>
<charParams l="654" t="1446" r="666" b="1469" charConfidence="100">e</charParams>
<charParams l="669" t="1446" r="683" b="1470" charConfidence="34">r</charParams>
<charParams l="684" t="1435" r="708" b="1470"> </charParams>
<charParams l="709" t="1435" r="743" b="1470" charConfidence="26">D</charParams>
<charParams l="747" t="1448" r="762" b="1470" charConfidence="34">a</charParams>
<charParams l="766" t="1439" r="793" b="1478" charConfidence="84">c</charParams>
<charParams l="766" t="1439" r="793" b="1478" charConfidence="84">h</charParams>
<charParams l="794" t="1439" r="817" b="1478"> </charParams>
<charParams l="818" t="1442" r="834" b="1471" charConfidence="31">d</charParams>
<charParams l="838" t="1447" r="850" b="1470" charConfidence="59">e</charParams>
<charParams l="853" t="1446" r="871" b="1470" charConfidence="28">n</charParams>
<charParams l="872" t="1437" r="896" b="1472"> </charParams>
<charParams l="897" t="1437" r="925" b="1472" suspicious="1" charConfidence="32">T</charParams>
<charParams l="928" t="1447" r="939" b="1472" charConfidence="27">e</charParams>
<charParams l="944" t="1441" r="951" b="1473" suspicious="1" charConfidence="61">i</charParams>
<charParams l="953" t="1451" r="963" b="1468" suspicious="1" charConfidence="-1">»</charParams></formatting></line></par>
</text>
</block>
</page>
</document>