﻿<?xml version="1.0" encoding="UTF-8" standalone="yes"?>
<document xmlns="http://www.abbyy.com/FineReader_xml/FineReader10-schema-v1.xml" version="1.0" producer="ABBYY FineReader Engine 11" languages="" xmlns:xsi="http://www.w3.org/2001/XMLSchema-instance" xsi:schemaLocation="http://www.abbyy.com/FineReader_xml/FineReader10-schema-v1.xml http://www.abbyy.com/FineReader_xml/FineReader10-schema-v1.xml">
<page width="1156" height="1782" resolution="300" originalCoords="1">
<block blockType="Text" blockName="">
<text>
<par startIndent="144">
<line baseline="89" l="562" t="59" r="608" b="89"><formatting lang="OldGerman">
<charParams l="562" t="59" r="586" b="89" charConfidence="48">4</charParams>
<charParams l="588" t="61" r="608" b="89" charConfidence="97">9</charParams></formatting></line></par>
</text>
</block>
<block blockType="Text" blockName="">
<text>
<par align="Justified" startIndent="383" lineSpacing="1440">
<line baseline="172" l="188" t="135" r="976" b="182"><formatting lang="OldGerman">
<charParams l="188" t="142" r="215" b="179" suspicious="1" charConfidence="21">c</charParams>
<charParams l="188" t="142" r="215" b="179" suspicious="1" charConfidence="21">h</charParams>
<charParams l="219" t="150" r="231" b="173" charConfidence="32">e</charParams>
<charParams l="234" t="149" r="252" b="172" suspicious="1" charConfidence="39">n</charParams>
<charParams l="253" t="148" r="283" b="181"> </charParams>
<charParams l="284" t="148" r="295" b="181" charConfidence="25">z</charParams>
<charParams l="299" t="149" r="316" b="173" charConfidence="80">u</charParams>
<charParams l="319" t="141" r="337" b="180" charConfidence="100">f</charParams>
<charParams l="319" t="141" r="337" b="180" charConfidence="100">i</charParams>
<charParams l="341" t="150" r="353" b="173" charConfidence="37">e</charParams>
<charParams l="355" t="142" r="364" b="173" charConfidence="45">l</charParams>
<charParams l="373" t="164" r="383" b="179" charConfidence="100">,</charParams>
<charParams l="384" t="140" r="431" b="179"> </charParams>
<charParams l="432" t="140" r="441" b="172" charConfidence="34">l</charParams>
<charParams l="443" t="147" r="457" b="170" charConfidence="25">a</charParams>
<charParams l="461" t="147" r="478" b="178" charConfidence="43">g</charParams>
<charParams l="479" t="146" r="509" b="178"> </charParams>
<charParams l="510" t="146" r="523" b="169" charConfidence="44">e</charParams>
<charParams l="526" t="138" r="534" b="168" charConfidence="67">i</charParams>
<charParams l="537" t="146" r="554" b="168" charConfidence="57">n</charParams>
<charParams l="558" t="146" r="571" b="168" charConfidence="37">e</charParams>
<charParams l="572" t="135" r="594" b="168"> </charParams>
<charParams l="595" t="135" r="639" b="168" charConfidence="34">M</charParams>
<charParams l="642" t="136" r="658" b="169" charConfidence="28">ü</charParams>
<charParams l="663" t="137" r="680" b="179" charConfidence="75">h</charParams>
<charParams l="684" t="140" r="694" b="171" charConfidence="46">l</charParams>
<charParams l="695" t="149" r="709" b="171" charConfidence="60">e</charParams>
<charParams l="710" t="139" r="737" b="181"> </charParams>
<charParams l="738" t="139" r="756" b="181" suspicious="1" charConfidence="44">h</charParams>
<charParams l="760" t="150" r="775" b="173" charConfidence="27">a</charParams>
<charParams l="779" t="141" r="790" b="174" charConfidence="50">l</charParams>
<charParams l="790" t="140" r="806" b="174" charConfidence="31">b</charParams>
<charParams l="807" t="140" r="837" b="174"> </charParams>
<charParams l="838" t="151" r="856" b="174" charConfidence="100">v</charParams>
<charParams l="860" t="152" r="872" b="175" charConfidence="49">e</charParams>
<charParams l="876" t="152" r="888" b="175" charConfidence="54">r</charParams>
<charParams l="891" t="143" r="911" b="182" charConfidence="45">s</charParams>
<charParams l="891" t="143" r="911" b="182" charConfidence="45">t</charParams>
<charParams l="914" t="151" r="926" b="174" charConfidence="27">e</charParams>
<charParams l="929" t="142" r="953" b="174" charConfidence="22">c</charParams>
<charParams l="929" t="142" r="953" b="174" charConfidence="22">k</charParams>
<charParams l="956" t="146" r="967" b="174" charConfidence="33">t</charParams>
<charParams l="966" t="165" r="976" b="179" charConfidence="58">,</charParams></formatting></line>
<line baseline="232" l="187" t="197" r="978" b="241"><formatting lang="OldGerman">
<charParams l="187" t="204" r="203" b="232" charConfidence="26">d</charParams>
<charParams l="206" t="203" r="215" b="233" charConfidence="38">i</charParams>
<charParams l="218" t="210" r="231" b="232" charConfidence="32">e</charParams>
<charParams l="232" t="208" r="262" b="232"> </charParams>
<charParams l="263" t="208" r="291" b="232" charConfidence="43">m</charParams>
<charParams l="295" t="202" r="303" b="233" charConfidence="38">i</charParams>
<charParams l="307" t="207" r="317" b="233" charConfidence="60">t</charParams>
<charParams l="318" t="203" r="348" b="233"> </charParams>
<charParams l="349" t="203" r="357" b="233" charConfidence="25">i</charParams>
<charParams l="361" t="202" r="378" b="240" charConfidence="61">h</charParams>
<charParams l="382" t="209" r="395" b="233" charConfidence="28">r</charParams>
<charParams l="397" t="209" r="409" b="232" charConfidence="35">e</charParams>
<charParams l="412" t="208" r="430" b="232" charConfidence="58">n</charParams>
<charParams l="431" t="199" r="461" b="232"> </charParams>
<charParams l="462" t="199" r="487" b="230" charConfidence="38">U</charParams>
<charParams l="491" t="206" r="517" b="229" charConfidence="42">m</charParams>
<charParams l="520" t="205" r="537" b="234" charConfidence="28">g</charParams>
<charParams l="541" t="205" r="552" b="228" charConfidence="27">e</charParams>
<charParams l="556" t="197" r="571" b="228" charConfidence="26">b</charParams>
<charParams l="575" t="205" r="592" b="228" charConfidence="38">u</charParams>
<charParams l="596" t="205" r="613" b="227" charConfidence="34">n</charParams>
<charParams l="616" t="205" r="632" b="235" charConfidence="43">g</charParams>
<charParams l="636" t="205" r="648" b="228" charConfidence="33">e</charParams>
<charParams l="651" t="205" r="669" b="228" charConfidence="29">n</charParams>
<charParams l="670" t="205" r="700" b="232"> </charParams>
<charParams l="701" t="209" r="718" b="232" charConfidence="53">a</charParams>
<charParams l="721" t="202" r="730" b="232" charConfidence="66">l</charParams>
<charParams l="732" t="205" r="748" b="233" charConfidence="-1">s</charParams>
<charParams l="749" t="205" r="772" b="233"> </charParams>
<charParams l="773" t="211" r="785" b="233" charConfidence="26">e</charParams>
<charParams l="789" t="204" r="796" b="234" charConfidence="87">i</charParams>
<charParams l="800" t="211" r="817" b="234" charConfidence="62">n</charParams>
<charParams l="818" t="202" r="840" b="241"> </charParams>
<charParams l="841" t="202" r="856" b="241" charConfidence="28">f</charParams>
<charParams l="856" t="212" r="869" b="235" charConfidence="97">r</charParams>
<charParams l="871" t="213" r="883" b="234" charConfidence="25">e</charParams>
<charParams l="886" t="213" r="903" b="236" charConfidence="30">u</charParams>
<charParams l="907" t="213" r="923" b="235" charConfidence="51">n</charParams>
<charParams l="928" t="208" r="943" b="236" charConfidence="26">d</charParams>
<charParams l="947" t="205" r="955" b="236" charConfidence="64">l</charParams>
<charParams l="958" t="204" r="967" b="235" charConfidence="100">i</charParams>
<charParams l="969" t="215" r="978" b="230" charConfidence="100">¬</charParams></formatting></line>
<line baseline="291" l="184" t="257" r="976" b="303"><formatting lang="OldGerman">
<charParams l="184" t="263" r="213" b="299" charConfidence="28">c</charParams>
<charParams l="184" t="263" r="213" b="299" charConfidence="28">h</charParams>
<charParams l="217" t="271" r="229" b="293" charConfidence="41">e</charParams>
<charParams l="232" t="266" r="248" b="293" charConfidence="100">s</charParams>
<charParams l="249" t="261" r="296" b="294"> </charParams>
<charParams l="297" t="261" r="328" b="294" suspicious="1" charConfidence="33">N</charParams>
<charParams l="332" t="271" r="349" b="293" charConfidence="43">u</charParams>
<charParams l="354" t="261" r="370" b="301" charConfidence="83">h</charParams>
<charParams l="374" t="270" r="386" b="292" charConfidence="55">e</charParams>
<charParams l="388" t="270" r="405" b="298" charConfidence="100">p</charParams>
<charParams l="409" t="263" r="416" b="291" charConfidence="77">l</charParams>
<charParams l="419" t="260" r="434" b="291" charConfidence="25">ä</charParams>
<charParams l="439" t="262" r="456" b="296" suspicious="1" charConfidence="27">h</charParams>
<charParams l="459" t="259" r="486" b="295" charConfidence="91">c</charParams>
<charParams l="459" t="259" r="486" b="295" suspicious="1" charConfidence="91">h</charParams>
<charParams l="490" t="267" r="502" b="289" charConfidence="32">e</charParams>
<charParams l="505" t="266" r="522" b="288" suspicious="1" charConfidence="54">n</charParams>
<charParams l="523" t="265" r="562" b="288"> </charParams>
<charParams l="563" t="265" r="575" b="288" charConfidence="36">e</charParams>
<charParams l="579" t="265" r="591" b="288" charConfidence="25">r</charParams>
<charParams l="594" t="257" r="607" b="293" charConfidence="75">s</charParams>
<charParams l="605" t="257" r="632" b="293" charConfidence="59">c</charParams>
<charParams l="605" t="257" r="632" b="293" charConfidence="59">h</charParams>
<charParams l="635" t="257" r="643" b="288" charConfidence="59">i</charParams>
<charParams l="647" t="266" r="660" b="289" charConfidence="30">e</charParams>
<charParams l="662" t="265" r="680" b="289" charConfidence="33">n</charParams>
<charParams l="682" t="280" r="692" b="289" charConfidence="59">.</charParams>
<charParams l="693" t="261" r="753" b="294"> </charParams>
<charParams l="754" t="261" r="799" b="294" charConfidence="55">M</charParams>
<charParams l="802" t="272" r="817" b="294" charConfidence="100">a</charParams>
<charParams l="822" t="272" r="838" b="294" charConfidence="24">n</charParams>
<charParams l="842" t="272" r="859" b="295" charConfidence="74">n</charParams>
<charParams l="863" t="265" r="871" b="294" charConfidence="59">i</charParams>
<charParams l="873" t="272" r="889" b="302" charConfidence="28">g</charParams>
<charParams l="893" t="264" r="908" b="301" charConfidence="68">f</charParams>
<charParams l="906" t="273" r="921" b="295" charConfidence="26">a</charParams>
<charParams l="926" t="266" r="934" b="295" charConfidence="35">l</charParams>
<charParams l="937" t="271" r="947" b="295" charConfidence="60">t</charParams>
<charParams l="950" t="265" r="957" b="295" charConfidence="31">i</charParams>
<charParams l="960" t="272" r="976" b="303" charConfidence="34">g</charParams></formatting></line>
<line baseline="351" l="183" t="315" r="978" b="358"><formatting lang="OldGerman">
<charParams l="183" t="329" r="210" b="353" charConfidence="25">w</charParams>
<charParams l="214" t="332" r="227" b="354" charConfidence="27">e</charParams>
<charParams l="229" t="324" r="256" b="356" charConfidence="54">c</charParams>
<charParams l="229" t="324" r="256" b="356" charConfidence="54">h</charParams>
<charParams l="260" t="323" r="272" b="358" charConfidence="39">s</charParams>
<charParams l="271" t="332" r="282" b="353" charConfidence="33">e</charParams>
<charParams l="286" t="324" r="294" b="353" charConfidence="40">l</charParams>
<charParams l="297" t="327" r="306" b="352" charConfidence="32">t</charParams>
<charParams l="309" t="331" r="321" b="352" charConfidence="37">e</charParams>
<charParams l="325" t="330" r="342" b="353" charConfidence="25">n</charParams>
<charParams l="343" t="322" r="365" b="353"> </charParams>
<charParams l="366" t="322" r="375" b="351" charConfidence="26">i</charParams>
<charParams l="378" t="327" r="405" b="350" charConfidence="54">m</charParams>
<charParams l="406" t="327" r="424" b="357"> </charParams>
<charParams l="425" t="327" r="442" b="357" charConfidence="25">g</charParams>
<charParams l="447" t="326" r="462" b="348" charConfidence="29">a</charParams>
<charParams l="466" t="326" r="483" b="348" charConfidence="34">n</charParams>
<charParams l="486" t="326" r="498" b="357" charConfidence="45">z</charParams>
<charParams l="502" t="326" r="514" b="347" charConfidence="32">e</charParams>
<charParams l="517" t="325" r="534" b="347" charConfidence="78">n</charParams>
<charParams l="535" t="315" r="554" b="354"> </charParams>
<charParams l="555" t="315" r="588" b="354" charConfidence="15">H</charParams>
<charParams l="591" t="325" r="606" b="347" charConfidence="26">a</charParams>
<charParams l="611" t="318" r="618" b="347" charConfidence="27">l</charParams>
<charParams l="623" t="317" r="638" b="346" charConfidence="62">b</charParams>
<charParams l="641" t="317" r="654" b="348" charConfidence="40">k</charParams>
<charParams l="657" t="325" r="669" b="348" charConfidence="25">r</charParams>
<charParams l="672" t="327" r="685" b="348" charConfidence="26">e</charParams>
<charParams l="688" t="319" r="696" b="349" charConfidence="49">i</charParams>
<charParams l="699" t="320" r="712" b="356" charConfidence="66">s</charParams>
<charParams l="711" t="329" r="723" b="351" charConfidence="26">e</charParams>
<charParams l="724" t="324" r="740" b="352"> </charParams>
<charParams l="741" t="324" r="756" b="352" charConfidence="26">d</charParams>
<charParams l="760" t="331" r="773" b="353" charConfidence="56">e</charParams>
<charParams l="775" t="331" r="793" b="353" charConfidence="28">n</charParams>
<charParams l="794" t="331" r="810" b="355"> </charParams>
<charParams l="811" t="331" r="838" b="355" charConfidence="67">m</charParams>
<charParams l="843" t="333" r="859" b="354" charConfidence="62">a</charParams>
<charParams l="862" t="332" r="879" b="354" suspicious="1" charConfidence="24">u</charParams>
<charParams l="880" t="323" r="897" b="355"> </charParams>
<charParams l="898" t="323" r="915" b="355" charConfidence="35">ü</charParams>
<charParams l="920" t="324" r="934" b="354" charConfidence="81">b</charParams>
<charParams l="938" t="333" r="950" b="355" charConfidence="26">e</charParams>
<charParams l="954" t="333" r="967" b="356" charConfidence="68">r</charParams>
<charParams l="969" t="336" r="978" b="351" charConfidence="100">¬</charParams></formatting></line>
<line baseline="411" l="183" t="375" r="975" b="422"><formatting lang="OldGerman">
<charParams l="183" t="382" r="197" b="418" charConfidence="54">s</charParams>
<charParams l="194" t="391" r="210" b="412" charConfidence="29">a</charParams>
<charParams l="213" t="382" r="231" b="422" charConfidence="33">h</charParams>
<charParams l="232" t="404" r="242" b="418" charConfidence="93">,</charParams>
<charParams l="243" t="380" r="266" b="418"> </charParams>
<charParams l="267" t="380" r="295" b="413" charConfidence="74">T</charParams>
<charParams l="300" t="382" r="307" b="411" charConfidence="100">i</charParams>
<charParams l="310" t="389" r="323" b="411" charConfidence="28">e</charParams>
<charParams l="326" t="380" r="341" b="416" charConfidence="60">f</charParams>
<charParams l="338" t="389" r="351" b="410" charConfidence="25">e</charParams>
<charParams l="353" t="388" r="372" b="410" charConfidence="44">n</charParams>
<charParams l="373" t="386" r="396" b="410"> </charParams>
<charParams l="397" t="386" r="415" b="408" charConfidence="30">u</charParams>
<charParams l="419" t="386" r="436" b="408" charConfidence="100">n</charParams>
<charParams l="440" t="380" r="456" b="407" charConfidence="27">d</charParams>
<charParams l="457" t="375" r="479" b="413"> </charParams>
<charParams l="480" t="375" r="511" b="413" charConfidence="25">H</charParams>
<charParams l="515" t="377" r="530" b="408" charConfidence="26">ö</charParams>
<charParams l="534" t="376" r="551" b="413" charConfidence="34">h</charParams>
<charParams l="554" t="386" r="567" b="408" charConfidence="39">e</charParams>
<charParams l="570" t="386" r="586" b="408" charConfidence="88">n</charParams>
<charParams l="590" t="399" r="599" b="412" charConfidence="63">,</charParams>
<charParams l="600" t="375" r="622" b="412"> </charParams>
<charParams l="623" t="375" r="658" b="408" charConfidence="31">B</charParams>
<charParams l="661" t="376" r="679" b="408" charConfidence="22">ü</charParams>
<charParams l="683" t="378" r="696" b="414" charConfidence="61">s</charParams>
<charParams l="693" t="379" r="722" b="416" charConfidence="55">c</charParams>
<charParams l="693" t="379" r="722" b="416" charConfidence="55">h</charParams>
<charParams l="722" t="389" r="737" b="411" charConfidence="30">e</charParams>
<charParams l="738" t="389" r="760" b="413"> </charParams>
<charParams l="761" t="390" r="778" b="413" charConfidence="27">u</charParams>
<charParams l="782" t="390" r="799" b="413" charConfidence="39">n</charParams>
<charParams l="802" t="385" r="819" b="413" charConfidence="36">d</charParams>
<charParams l="820" t="382" r="842" b="414"> </charParams>
<charParams l="843" t="382" r="884" b="414" charConfidence="82">W</charParams>
<charParams l="887" t="384" r="902" b="414" charConfidence="26">ä</charParams>
<charParams l="906" t="386" r="914" b="415" charConfidence="46">l</charParams>
<charParams l="917" t="386" r="933" b="415" charConfidence="28">d</charParams>
<charParams l="936" t="393" r="949" b="415" charConfidence="38">e</charParams>
<charParams l="951" t="392" r="964" b="416" charConfidence="77">r</charParams>
<charParams l="964" t="406" r="975" b="422" suspicious="1" charConfidence="61">,</charParams></formatting></line>
<line baseline="471" l="181" t="435" r="975" b="480"><formatting lang="OldGerman">
<charParams l="181" t="443" r="198" b="471" charConfidence="29">d</charParams>
<charParams l="201" t="448" r="214" b="470" charConfidence="27">e</charParams>
<charParams l="216" t="448" r="230" b="470" charConfidence="100">r</charParams>
<charParams l="232" t="448" r="245" b="470" charConfidence="28">e</charParams>
<charParams l="247" t="447" r="266" b="470" charConfidence="28">n</charParams>
<charParams l="267" t="447" r="288" b="470"> </charParams>
<charParams l="289" t="447" r="303" b="469" charConfidence="55">e</charParams>
<charParams l="306" t="447" r="319" b="468" charConfidence="92">r</charParams>
<charParams l="322" t="440" r="341" b="477" charConfidence="31">s</charParams>
<charParams l="322" t="440" r="341" b="477" charConfidence="31">t</charParams>
<charParams l="344" t="447" r="356" b="468" charConfidence="30">e</charParams>
<charParams l="360" t="442" r="376" b="469" charConfidence="100">s</charParams>
<charParams l="377" t="435" r="394" b="469"> </charParams>
<charParams l="395" t="435" r="433" b="469" charConfidence="52">G</charParams>
<charParams l="437" t="445" r="450" b="468" charConfidence="100">r</charParams>
<charParams l="452" t="436" r="470" b="468" charConfidence="22">ü</charParams>
<charParams l="474" t="444" r="491" b="468" charConfidence="34">n</charParams>
<charParams l="492" t="436" r="515" b="475"> </charParams>
<charParams l="516" t="436" r="530" b="475" charConfidence="30">f</charParams>
<charParams l="530" t="436" r="547" b="468" charConfidence="68">ü</charParams>
<charParams l="551" t="445" r="564" b="468" charConfidence="53">r</charParams>
<charParams l="565" t="439" r="583" b="468"> </charParams>
<charParams l="584" t="439" r="600" b="467" charConfidence="29">d</charParams>
<charParams l="603" t="437" r="611" b="466" charConfidence="58">i</charParams>
<charParams l="615" t="445" r="627" b="467" charConfidence="25">e</charParams>
<charParams l="628" t="435" r="644" b="473"> </charParams>
<charParams l="645" t="435" r="669" b="473" charConfidence="43">F</charParams>
<charParams l="670" t="445" r="685" b="468" charConfidence="38">o</charParams>
<charParams l="689" t="439" r="697" b="468" charConfidence="32">l</charParams>
<charParams l="698" t="447" r="715" b="477" charConfidence="26">g</charParams>
<charParams l="719" t="448" r="732" b="471" charConfidence="27">e</charParams>
<charParams l="733" t="442" r="753" b="471"> </charParams>
<charParams l="754" t="442" r="769" b="470" charConfidence="30">d</charParams>
<charParams l="773" t="449" r="785" b="471" charConfidence="27">e</charParams>
<charParams l="788" t="448" r="806" b="470" charConfidence="47">n</charParams>
<charParams l="807" t="441" r="822" b="477"> </charParams>
<charParams l="823" t="441" r="839" b="477" charConfidence="51">f</charParams>
<charParams l="838" t="441" r="854" b="471" charConfidence="28">ü</charParams>
<charParams l="858" t="442" r="868" b="471" charConfidence="100">l</charParams>
<charParams l="868" t="442" r="876" b="472" charConfidence="100">l</charParams>
<charParams l="879" t="451" r="891" b="472" charConfidence="35">e</charParams>
<charParams l="894" t="450" r="907" b="473" charConfidence="35">r</charParams>
<charParams l="910" t="451" r="923" b="473" charConfidence="26">e</charParams>
<charParams l="926" t="444" r="934" b="473" charConfidence="68">i</charParams>
<charParams l="936" t="444" r="963" b="480" charConfidence="100">c</charParams>
<charParams l="936" t="444" r="963" b="480" charConfidence="100">h</charParams>
<charParams l="965" t="454" r="975" b="469" charConfidence="22">-</charParams></formatting></line>
<line baseline="529" l="180" t="496" r="973" b="539"><formatting lang="OldGerman">
<charParams l="180" t="500" r="202" b="538" charConfidence="40">s</charParams>
<charParams l="180" t="500" r="202" b="538" charConfidence="40">t</charParams>
<charParams l="204" t="507" r="216" b="530" suspicious="1" charConfidence="26">e</charParams>
<charParams l="219" t="507" r="237" b="530" charConfidence="48">n</charParams>
<charParams l="238" t="497" r="262" b="530"> </charParams>
<charParams l="263" t="497" r="292" b="530" charConfidence="26">A</charParams>
<charParams l="293" t="507" r="311" b="530" charConfidence="100">n</charParams>
<charParams l="314" t="498" r="330" b="529" charConfidence="35">b</charParams>
<charParams l="334" t="500" r="342" b="530" charConfidence="46">l</charParams>
<charParams l="346" t="499" r="353" b="529" charConfidence="35">i</charParams>
<charParams l="356" t="500" r="381" b="530" charConfidence="52">c</charParams>
<charParams l="356" t="500" r="381" b="530" charConfidence="52">k</charParams>
<charParams l="382" t="500" r="403" b="530"> </charParams>
<charParams l="404" t="507" r="422" b="530" charConfidence="58">v</charParams>
<charParams l="426" t="506" r="437" b="529" charConfidence="25">e</charParams>
<charParams l="440" t="506" r="453" b="529" charConfidence="24">r</charParams>
<charParams l="457" t="498" r="469" b="535" charConfidence="44">s</charParams>
<charParams l="467" t="506" r="483" b="536" charConfidence="48">p</charParams>
<charParams l="488" t="506" r="501" b="529" charConfidence="79">r</charParams>
<charParams l="504" t="506" r="518" b="528" charConfidence="35">a</charParams>
<charParams l="522" t="498" r="549" b="537" charConfidence="67">c</charParams>
<charParams l="522" t="498" r="549" b="537" charConfidence="67">h</charParams>
<charParams l="552" t="521" r="561" b="529" charConfidence="99">.</charParams>
<charParams l="562" t="496" r="606" b="529"> </charParams>
<charParams l="607" t="496" r="637" b="529" charConfidence="24">A</charParams>
<charParams l="638" t="506" r="654" b="528" charConfidence="30">u</charParams>
<charParams l="658" t="498" r="685" b="535" charConfidence="79">c</charParams>
<charParams l="658" t="498" r="685" b="535" charConfidence="79">h</charParams>
<charParams l="686" t="498" r="709" b="535"> </charParams>
<charParams l="710" t="507" r="722" b="528" charConfidence="100">e</charParams>
<charParams l="726" t="499" r="733" b="529" charConfidence="33">i</charParams>
<charParams l="737" t="506" r="753" b="529" charConfidence="40">n</charParams>
<charParams l="757" t="505" r="769" b="539" charConfidence="54">z</charParams>
<charParams l="773" t="507" r="785" b="529" charConfidence="35">e</charParams>
<charParams l="789" t="500" r="798" b="529" charConfidence="33">l</charParams>
<charParams l="800" t="507" r="816" b="530" charConfidence="47">n</charParams>
<charParams l="820" t="508" r="833" b="530" charConfidence="49">e</charParams>
<charParams l="834" t="498" r="854" b="531"> </charParams>
<charParams l="855" t="498" r="889" b="531" charConfidence="29">B</charParams>
<charParams l="893" t="509" r="908" b="530" charConfidence="25">a</charParams>
<charParams l="913" t="509" r="929" b="531" charConfidence="26">u</charParams>
<charParams l="933" t="509" r="960" b="531" charConfidence="100">m</charParams>
<charParams l="963" t="513" r="973" b="528" charConfidence="22">-</charParams></formatting></line>
<line baseline="593" l="179" t="558" r="973" b="602"><formatting lang="OldGerman">
<charParams l="179" t="570" r="196" b="601" charConfidence="24">g</charParams>
<charParams l="201" t="569" r="213" b="594" charConfidence="40">r</charParams>
<charParams l="217" t="570" r="233" b="593" charConfidence="100">u</charParams>
<charParams l="237" t="569" r="253" b="599" charConfidence="100">p</charParams>
<charParams l="257" t="570" r="273" b="600" charConfidence="46">p</charParams>
<charParams l="277" t="570" r="289" b="594" charConfidence="24">e</charParams>
<charParams l="293" t="570" r="310" b="593" charConfidence="25">n</charParams>
<charParams l="311" t="561" r="335" b="602"> </charParams>
<charParams l="336" t="561" r="353" b="602" suspicious="1" charConfidence="99">h</charParams>
<charParams l="359" t="562" r="365" b="593" charConfidence="100">i</charParams>
<charParams l="370" t="571" r="382" b="593" charConfidence="25">e</charParams>
<charParams l="386" t="563" r="393" b="594" charConfidence="100">l</charParams>
<charParams l="396" t="567" r="406" b="594" charConfidence="66">t</charParams>
<charParams l="410" t="570" r="422" b="594" charConfidence="25">e</charParams>
<charParams l="425" t="570" r="442" b="593" charConfidence="31">n</charParams>
<charParams l="443" t="570" r="466" b="593"> </charParams>
<charParams l="467" t="570" r="483" b="593" charConfidence="54">a</charParams>
<charParams l="487" t="569" r="505" b="593" charConfidence="29">n</charParams>
<charParams l="506" t="569" r="529" b="593"> </charParams>
<charParams l="530" t="569" r="558" b="593" charConfidence="54">m</charParams>
<charParams l="562" t="570" r="577" b="592" charConfidence="100">a</charParams>
<charParams l="581" t="570" r="598" b="593" charConfidence="94">n</charParams>
<charParams l="602" t="560" r="628" b="600" charConfidence="41">c</charParams>
<charParams l="602" t="560" r="628" b="600" charConfidence="41">h</charParams>
<charParams l="632" t="570" r="644" b="592" charConfidence="53">e</charParams>
<charParams l="647" t="569" r="660" b="592" charConfidence="88">r</charParams>
<charParams l="661" t="558" r="683" b="593"> </charParams>
<charParams l="684" t="558" r="719" b="593" charConfidence="37">S</charParams>
<charParams l="723" t="566" r="734" b="592" charConfidence="100">t</charParams>
<charParams l="737" t="569" r="748" b="592" charConfidence="25">e</charParams>
<charParams l="753" t="561" r="760" b="592" charConfidence="56">l</charParams>
<charParams l="762" t="561" r="768" b="592" charConfidence="100">l</charParams>
<charParams l="773" t="570" r="785" b="592" charConfidence="24">e</charParams>
<charParams l="786" t="564" r="808" b="592"> </charParams>
<charParams l="809" t="564" r="825" b="592" charConfidence="27">d</charParams>
<charParams l="829" t="569" r="844" b="593" charConfidence="54">a</charParams>
<charParams l="848" t="564" r="863" b="593" charConfidence="100">s</charParams>
<charParams l="864" t="560" r="889" b="594"> </charParams>
<charParams l="890" t="560" r="917" b="594" charConfidence="34">A</charParams>
<charParams l="920" t="570" r="936" b="594" charConfidence="42">u</charParams>
<charParams l="939" t="570" r="955" b="601" charConfidence="78">g</charParams>
<charParams l="959" t="571" r="973" b="594" charConfidence="26">e</charParams></formatting></line>
<line baseline="657" l="178" t="623" r="971" b="667"><formatting lang="OldGerman">
<charParams l="178" t="624" r="194" b="663" charConfidence="36">f</charParams>
<charParams l="193" t="634" r="205" b="656" charConfidence="74">e</charParams>
<charParams l="208" t="626" r="228" b="665" charConfidence="73">s</charParams>
<charParams l="208" t="626" r="228" b="665" charConfidence="73">t</charParams>
<charParams l="230" t="649" r="239" b="657" charConfidence="64">.</charParams>
<charParams l="240" t="623" r="286" b="657"> </charParams>
<charParams l="287" t="623" r="319" b="657" charConfidence="29">B</charParams>
<charParams l="325" t="634" r="336" b="659" charConfidence="24">e</charParams>
<charParams l="340" t="625" r="353" b="663" charConfidence="58">s</charParams>
<charParams l="352" t="634" r="365" b="656" charConfidence="50">o</charParams>
<charParams l="369" t="634" r="386" b="657" charConfidence="90">n</charParams>
<charParams l="392" t="628" r="406" b="657" charConfidence="26">d</charParams>
<charParams l="410" t="633" r="423" b="657" charConfidence="31">e</charParams>
<charParams l="426" t="634" r="438" b="657" charConfidence="40">r</charParams>
<charParams l="441" t="628" r="457" b="658" charConfidence="100">s</charParams>
<charParams l="458" t="628" r="487" b="667"> </charParams>
<charParams l="488" t="633" r="500" b="667" charConfidence="54">z</charParams>
<charParams l="504" t="634" r="516" b="657" charConfidence="30">e</charParams>
<charParams l="519" t="626" r="526" b="657" charConfidence="26">i</charParams>
<charParams l="530" t="626" r="557" b="661" charConfidence="55">c</charParams>
<charParams l="530" t="626" r="557" b="661" charConfidence="55">h</charParams>
<charParams l="561" t="633" r="577" b="657" charConfidence="53">n</charParams>
<charParams l="582" t="634" r="593" b="657" charConfidence="26">e</charParams>
<charParams l="598" t="630" r="607" b="656" charConfidence="35">t</charParams>
<charParams l="610" t="633" r="623" b="656" charConfidence="31">e</charParams>
<charParams l="624" t="632" r="656" b="666"> </charParams>
<charParams l="657" t="632" r="668" b="666" charConfidence="100">z</charParams>
<charParams l="672" t="633" r="690" b="656" charConfidence="73">u</charParams>
<charParams l="691" t="626" r="723" b="656"> </charParams>
<charParams l="724" t="626" r="739" b="656" charConfidence="28">d</charParams>
<charParams l="744" t="633" r="754" b="656" charConfidence="27">e</charParams>
<charParams l="759" t="633" r="775" b="655" charConfidence="55">n</charParams>
<charParams l="776" t="623" r="800" b="663"> </charParams>
<charParams l="801" t="623" r="824" b="663" charConfidence="27">F</charParams>
<charParams l="827" t="625" r="843" b="656" charConfidence="69">ü</charParams>
<charParams l="847" t="624" r="862" b="662" suspicious="1" charConfidence="27">ß</charParams>
<charParams l="867" t="633" r="877" b="657" charConfidence="24">e</charParams>
<charParams l="881" t="633" r="898" b="657" charConfidence="39">n</charParams>
<charParams l="899" t="628" r="923" b="657"> </charParams>
<charParams l="924" t="628" r="939" b="657" charConfidence="27">d</charParams>
<charParams l="943" t="634" r="955" b="658" charConfidence="25">e</charParams>
<charParams l="958" t="634" r="971" b="657" charConfidence="62">r</charParams></formatting></line>
<line baseline="720" l="176" t="686" r="970" b="728"><formatting lang="OldGerman">
<charParams l="176" t="688" r="191" b="725" charConfidence="100">s</charParams>
<charParams l="189" t="688" r="215" b="725" charConfidence="93">c</charParams>
<charParams l="189" t="688" r="215" b="725" charConfidence="93">h</charParams>
<charParams l="219" t="697" r="234" b="719" charConfidence="42">a</charParams>
<charParams l="238" t="697" r="255" b="720" charConfidence="98">u</charParams>
<charParams l="259" t="697" r="271" b="720" charConfidence="29">e</charParams>
<charParams l="274" t="696" r="291" b="719" charConfidence="50">n</charParams>
<charParams l="296" t="690" r="311" b="720" charConfidence="37">d</charParams>
<charParams l="315" t="697" r="327" b="721" charConfidence="30">e</charParams>
<charParams l="330" t="697" r="348" b="720" charConfidence="100">n</charParams>
<charParams l="349" t="687" r="380" b="726"> </charParams>
<charParams l="381" t="687" r="405" b="726" charConfidence="52">F</charParams>
<charParams l="407" t="696" r="420" b="720" charConfidence="30">r</charParams>
<charParams l="422" t="696" r="434" b="720" charConfidence="26">e</charParams>
<charParams l="438" t="696" r="454" b="721" charConfidence="34">u</charParams>
<charParams l="458" t="696" r="475" b="720" charConfidence="100">n</charParams>
<charParams l="479" t="692" r="494" b="720" charConfidence="25">d</charParams>
<charParams l="498" t="697" r="512" b="720" charConfidence="50">e</charParams>
<charParams l="513" t="688" r="541" b="728"> </charParams>
<charParams l="542" t="688" r="560" b="728" suspicious="1" charConfidence="22">f</charParams>
<charParams l="542" t="688" r="560" b="728" suspicious="1" charConfidence="22">i</charParams>
<charParams l="562" t="688" r="589" b="726" charConfidence="61">c</charParams>
<charParams l="562" t="688" r="589" b="726" suspicious="1" charConfidence="61">h</charParams>
<charParams l="590" t="688" r="621" b="726"> </charParams>
<charParams l="622" t="696" r="635" b="719" charConfidence="29">e</charParams>
<charParams l="639" t="689" r="645" b="719" charConfidence="76">i</charParams>
<charParams l="649" t="696" r="665" b="719" charConfidence="43">n</charParams>
<charParams l="670" t="695" r="682" b="719" charConfidence="26">e</charParams>
<charParams l="683" t="686" r="706" b="719"> </charParams>
<charParams l="707" t="686" r="750" b="719" charConfidence="77">M</charParams>
<charParams l="754" t="695" r="769" b="718" charConfidence="58">a</charParams>
<charParams l="774" t="687" r="798" b="724" charConfidence="93">s</charParams>
<charParams l="774" t="687" r="798" b="724" charConfidence="93">s</charParams>
<charParams l="796" t="697" r="809" b="719" charConfidence="29">e</charParams>
<charParams l="810" t="687" r="831" b="727"> </charParams>
<charParams l="832" t="687" r="864" b="727" charConfidence="47">P</charParams>
<charParams l="867" t="696" r="882" b="719" charConfidence="100">a</charParams>
<charParams l="886" t="697" r="903" b="727" charConfidence="100">p</charParams>
<charParams l="907" t="697" r="922" b="727" charConfidence="61">p</charParams>
<charParams l="926" t="697" r="938" b="720" charConfidence="30">e</charParams>
<charParams l="941" t="690" r="949" b="720" charConfidence="74">l</charParams>
<charParams l="952" t="695" r="970" b="720" charConfidence="27">n</charParams></formatting></line>
<line baseline="781" l="177" t="747" r="969" b="791"><formatting lang="OldGerman">
<charParams l="177" t="758" r="197" b="781" charConfidence="100">u</charParams>
<charParams l="199" t="758" r="217" b="781" charConfidence="51">n</charParams>
<charParams l="221" t="752" r="237" b="780" charConfidence="30">d</charParams>
<charParams l="238" t="750" r="270" b="789"> </charParams>
<charParams l="271" t="750" r="304" b="789" charConfidence="90">P</charParams>
<charParams l="309" t="752" r="317" b="782" charConfidence="52">l</charParams>
<charParams l="320" t="759" r="335" b="781" charConfidence="30">a</charParams>
<charParams l="340" t="755" r="350" b="781" charConfidence="52">t</charParams>
<charParams l="352" t="758" r="368" b="782" charConfidence="89">a</charParams>
<charParams l="372" t="759" r="390" b="781" charConfidence="100">n</charParams>
<charParams l="393" t="759" r="406" b="782" charConfidence="35">e</charParams>
<charParams l="408" t="759" r="426" b="782" charConfidence="30">n</charParams>
<charParams l="427" t="757" r="457" b="791"> </charParams>
<charParams l="458" t="757" r="471" b="791" charConfidence="54">z</charParams>
<charParams l="473" t="759" r="491" b="781" charConfidence="63">u</charParams>
<charParams l="495" t="758" r="511" b="781" charConfidence="53">n</charParams>
<charParams l="515" t="750" r="531" b="781" suspicious="1" charConfidence="56">ä</charParams>
<charParams l="534" t="751" r="561" b="786" charConfidence="55">c</charParams>
<charParams l="534" t="751" r="561" b="786" charConfidence="55">h</charParams>
<charParams l="565" t="750" r="585" b="789" charConfidence="33">s</charParams>
<charParams l="565" t="750" r="585" b="789" charConfidence="33">t</charParams>
<charParams l="586" t="750" r="615" b="789"> </charParams>
<charParams l="616" t="758" r="632" b="781" charConfidence="25">a</charParams>
<charParams l="636" t="758" r="654" b="780" charConfidence="58">n</charParams>
<charParams l="655" t="751" r="688" b="780"> </charParams>
<charParams l="689" t="751" r="705" b="780" charConfidence="26">d</charParams>
<charParams l="708" t="758" r="720" b="781" charConfidence="26">e</charParams>
<charParams l="723" t="756" r="752" b="781" charConfidence="81">m</charParams>
<charParams l="753" t="747" r="786" b="781"> </charParams>
<charParams l="787" t="747" r="818" b="781" charConfidence="29">R</charParams>
<charParams l="822" t="758" r="837" b="780" charConfidence="31">a</charParams>
<charParams l="841" t="757" r="859" b="781" charConfidence="100">n</charParams>
<charParams l="863" t="751" r="878" b="780" charConfidence="35">d</charParams>
<charParams l="882" t="758" r="894" b="781" charConfidence="26">e</charParams>
<charParams l="895" t="753" r="917" b="781"> </charParams>
<charParams l="918" t="753" r="934" b="781" charConfidence="47">d</charParams>
<charParams l="938" t="759" r="950" b="781" charConfidence="31">e</charParams>
<charParams l="953" t="752" r="969" b="781" charConfidence="100">S</charParams></formatting></line>
<line baseline="841" l="174" t="808" r="969" b="851"><formatting lang="OldGerman">
<charParams l="174" t="816" r="205" b="840" charConfidence="32">m</charParams>
<charParams l="209" t="810" r="217" b="839" charConfidence="32">i</charParams>
<charParams l="219" t="815" r="230" b="839" charConfidence="100">t</charParams>
<charParams l="233" t="815" r="244" b="839" charConfidence="100">t</charParams>
<charParams l="248" t="811" r="257" b="840" charConfidence="48">l</charParams>
<charParams l="259" t="818" r="271" b="840" charConfidence="47">e</charParams>
<charParams l="274" t="817" r="287" b="839" charConfidence="35">r</charParams>
<charParams l="290" t="818" r="302" b="840" charConfidence="31">e</charParams>
<charParams l="304" t="818" r="323" b="840" charConfidence="100">n</charParams>
<charParams l="324" t="809" r="347" b="842"> </charParams>
<charParams l="348" t="809" r="375" b="842" charConfidence="42">T</charParams>
<charParams l="378" t="820" r="390" b="841" charConfidence="31">e</charParams>
<charParams l="393" t="811" r="402" b="841" charConfidence="100">i</charParams>
<charParams l="404" t="811" r="431" b="847" charConfidence="77">c</charParams>
<charParams l="404" t="811" r="431" b="847" charConfidence="77">h</charParams>
<charParams l="435" t="819" r="448" b="841" charConfidence="52">e</charParams>
<charParams l="450" t="814" r="466" b="841" charConfidence="100">s</charParams>
<charParams l="467" t="814" r="483" b="841"> </charParams>
<charParams l="484" t="818" r="501" b="841" charConfidence="86">V</charParams>
<charParams l="505" t="819" r="520" b="841" charConfidence="35">o</charParams>
<charParams l="523" t="819" r="536" b="841" charConfidence="49">r</charParams>
<charParams l="539" t="816" r="550" b="841" charConfidence="100">t</charParams>
<charParams l="553" t="809" r="570" b="851" charConfidence="72">h</charParams>
<charParams l="574" t="818" r="587" b="841" charConfidence="90">e</charParams>
<charParams l="590" t="811" r="598" b="841" charConfidence="31">i</charParams>
<charParams l="601" t="813" r="608" b="841" charConfidence="36">l</charParams>
<charParams l="612" t="808" r="628" b="847" charConfidence="100">h</charParams>
<charParams l="632" t="818" r="647" b="840" charConfidence="32">a</charParams>
<charParams l="652" t="809" r="665" b="846" charConfidence="46">f</charParams>
<charParams l="666" t="816" r="675" b="841" charConfidence="30">t</charParams>
<charParams l="676" t="816" r="693" b="841"> </charParams>
<charParams l="694" t="819" r="710" b="841" charConfidence="32">a</charParams>
<charParams l="714" t="819" r="731" b="842" charConfidence="52">u</charParams>
<charParams l="734" t="813" r="750" b="841" charConfidence="100">s</charParams>
<charParams l="753" t="833" r="761" b="841" charConfidence="100">.</charParams>
<charParams l="762" t="808" r="808" b="841"> </charParams>
<charParams l="809" t="808" r="845" b="841" charConfidence="26">S</charParams>
<charParams l="848" t="810" r="857" b="840" charConfidence="66">i</charParams>
<charParams l="860" t="818" r="873" b="841" charConfidence="32">e</charParams>
<charParams l="874" t="811" r="889" b="849"> </charParams>
<charParams l="890" t="811" r="910" b="849" charConfidence="33">s</charParams>
<charParams l="890" t="811" r="910" b="849" charConfidence="33">t</charParams>
<charParams l="912" t="818" r="928" b="841" charConfidence="38">a</charParams>
<charParams l="931" t="818" r="949" b="842" charConfidence="100">n</charParams>
<charParams l="953" t="812" r="969" b="841" charConfidence="25">d</charParams></formatting></line>
<line baseline="899" l="174" t="867" r="965" b="907"><formatting lang="OldGerman">
<charParams l="174" t="869" r="185" b="898" charConfidence="33">i</charParams>
<charParams l="187" t="875" r="206" b="898" charConfidence="64">n</charParams>
<charParams l="207" t="869" r="230" b="898"> </charParams>
<charParams l="231" t="869" r="240" b="897" charConfidence="28">i</charParams>
<charParams l="242" t="867" r="259" b="904" charConfidence="52">h</charParams>
<charParams l="263" t="875" r="276" b="897" charConfidence="44">r</charParams>
<charParams l="279" t="875" r="291" b="898" charConfidence="29">e</charParams>
<charParams l="294" t="874" r="322" b="896" charConfidence="65">m</charParams>
<charParams l="323" t="868" r="346" b="898"> </charParams>
<charParams l="347" t="868" r="364" b="898" charConfidence="55">b</charParams>
<charParams l="366" t="877" r="379" b="898" charConfidence="34">e</charParams>
<charParams l="382" t="869" r="402" b="906" charConfidence="37">s</charParams>
<charParams l="382" t="869" r="402" b="906" charConfidence="37">t</charParams>
<charParams l="405" t="877" r="417" b="899" charConfidence="31">e</charParams>
<charParams l="419" t="877" r="438" b="899" charConfidence="100">n</charParams>
<charParams l="439" t="867" r="461" b="900"> </charParams>
<charParams l="462" t="867" r="503" b="900" charConfidence="36">W</charParams>
<charParams l="505" t="876" r="521" b="899" charConfidence="55">a</charParams>
<charParams l="525" t="871" r="552" b="904" charConfidence="55">c</charParams>
<charParams l="525" t="871" r="552" b="904" charConfidence="55">h</charParams>
<charParams l="556" t="874" r="572" b="900" charConfidence="100">s</charParams>
<charParams l="574" t="876" r="585" b="899" charConfidence="75">t</charParams>
<charParams l="587" t="869" r="604" b="903" charConfidence="28">h</charParams>
<charParams l="608" t="878" r="626" b="900" charConfidence="59">u</charParams>
<charParams l="629" t="877" r="657" b="900" charConfidence="100">m</charParams>
<charParams l="667" t="890" r="678" b="904" charConfidence="62">,</charParams>
<charParams l="679" t="869" r="716" b="906"> </charParams>
<charParams l="717" t="869" r="733" b="906" charConfidence="42">f</charParams>
<charParams l="731" t="877" r="745" b="899" charConfidence="47">r</charParams>
<charParams l="747" t="870" r="756" b="899" charConfidence="30">i</charParams>
<charParams l="759" t="869" r="772" b="905" charConfidence="35">s</charParams>
<charParams l="769" t="870" r="797" b="906" charConfidence="83">c</charParams>
<charParams l="769" t="870" r="797" b="906" charConfidence="83">h</charParams>
<charParams l="804" t="890" r="815" b="905" charConfidence="84">,</charParams>
<charParams l="816" t="877" r="848" b="907"> </charParams>
<charParams l="849" t="877" r="867" b="907" charConfidence="27">g</charParams>
<charParams l="870" t="876" r="883" b="899" charConfidence="100">e</charParams>
<charParams l="886" t="868" r="900" b="905" charConfidence="28">s</charParams>
<charParams l="897" t="876" r="914" b="899" charConfidence="38">u</charParams>
<charParams l="917" t="876" r="935" b="899" charConfidence="77">n</charParams>
<charParams l="938" t="870" r="954" b="899" charConfidence="100">d</charParams>
<charParams l="955" t="889" r="965" b="905" charConfidence="81">,</charParams></formatting></line>
<line baseline="957" l="176" t="925" r="770" b="965"><formatting lang="OldGerman">
<charParams l="176" t="936" r="189" b="958" charConfidence="25">e</charParams>
<charParams l="192" t="935" r="219" b="957" charConfidence="100">m</charParams>
<charParams l="222" t="935" r="238" b="964" charConfidence="100">p</charParams>
<charParams l="243" t="935" r="257" b="957" charConfidence="37">o</charParams>
<charParams l="261" t="935" r="274" b="958" charConfidence="100">r</charParams>
<charParams l="275" t="935" r="296" b="958"> </charParams>
<charParams l="297" t="935" r="315" b="958" charConfidence="35">u</charParams>
<charParams l="319" t="935" r="336" b="958" charConfidence="39">n</charParams>
<charParams l="339" t="928" r="355" b="957" charConfidence="32">d</charParams>
<charParams l="356" t="926" r="380" b="957"> </charParams>
<charParams l="381" t="926" r="389" b="957" charConfidence="27">i</charParams>
<charParams l="393" t="934" r="411" b="957" charConfidence="29">n</charParams>
<charParams l="412" t="928" r="435" b="957"> </charParams>
<charParams l="436" t="928" r="451" b="957" charConfidence="31">d</charParams>
<charParams l="455" t="927" r="463" b="957" charConfidence="26">i</charParams>
<charParams l="466" t="935" r="479" b="957" charConfidence="57">e</charParams>
<charParams l="480" t="925" r="503" b="958"> </charParams>
<charParams l="504" t="925" r="536" b="958" charConfidence="26">B</charParams>
<charParams l="541" t="934" r="554" b="956" charConfidence="24">r</charParams>
<charParams l="557" t="935" r="569" b="957" charConfidence="29">e</charParams>
<charParams l="572" t="927" r="580" b="956" charConfidence="100">i</charParams>
<charParams l="583" t="932" r="593" b="958" charConfidence="57">t</charParams>
<charParams l="597" t="934" r="609" b="956" charConfidence="28">e</charParams>
<charParams l="610" t="927" r="632" b="965"> </charParams>
<charParams l="633" t="927" r="652" b="965" charConfidence="100">s</charParams>
<charParams l="633" t="927" r="652" b="965" charConfidence="100">t</charParams>
<charParams l="656" t="935" r="669" b="957" charConfidence="62">r</charParams>
<charParams l="672" t="934" r="684" b="957" charConfidence="27">e</charParams>
<charParams l="687" t="925" r="703" b="957" charConfidence="57">b</charParams>
<charParams l="707" t="934" r="719" b="957" charConfidence="54">e</charParams>
<charParams l="721" t="933" r="739" b="957" charConfidence="100">n</charParams>
<charParams l="742" t="928" r="758" b="957" charConfidence="53">d</charParams>
<charParams l="761" t="948" r="770" b="957" charConfidence="62">.</charParams></formatting></line></par>
<par align="Justified" startIndent="1896" lineSpacing="1464">
<line baseline="1081" l="240" t="1047" r="964" b="1091"><formatting lang="OldGerman">
<charParams l="240" t="1052" r="266" b="1086" charConfidence="28">E</charParams>
<charParams l="270" t="1056" r="285" b="1086" charConfidence="90">d</charParams>
<charParams l="289" t="1062" r="306" b="1085" charConfidence="-1">u</charParams>
<charParams l="310" t="1062" r="325" b="1085" charConfidence="27">a</charParams>
<charParams l="329" t="1061" r="342" b="1085" charConfidence="100">r</charParams>
<charParams l="345" t="1055" r="361" b="1085" charConfidence="30">d</charParams>
<charParams l="362" t="1053" r="385" b="1085"> </charParams>
<charParams l="386" t="1053" r="395" b="1085" charConfidence="100">l</charParams>
<charParams l="398" t="1060" r="409" b="1084" charConfidence="33">e</charParams>
<charParams l="413" t="1060" r="429" b="1084" charConfidence="27">n</charParams>
<charParams l="433" t="1050" r="445" b="1083" charConfidence="41">k</charParams>
<charParams l="448" t="1055" r="458" b="1083" charConfidence="100">t</charParams>
<charParams l="461" t="1059" r="473" b="1082" charConfidence="51">e</charParams>
<charParams l="474" t="1049" r="497" b="1082"> </charParams>
<charParams l="498" t="1049" r="513" b="1081" charConfidence="31">b</charParams>
<charParams l="518" t="1059" r="528" b="1081" charConfidence="29">e</charParams>
<charParams l="533" t="1049" r="546" b="1087" charConfidence="33">s</charParams>
<charParams l="544" t="1059" r="558" b="1081" charConfidence="39">o</charParams>
<charParams l="562" t="1058" r="580" b="1081" charConfidence="30">n</charParams>
<charParams l="583" t="1051" r="598" b="1081" charConfidence="38">d</charParams>
<charParams l="602" t="1057" r="613" b="1080" charConfidence="25">e</charParams>
<charParams l="617" t="1056" r="629" b="1080" charConfidence="100">r</charParams>
<charParams l="633" t="1051" r="648" b="1080" charConfidence="100">s</charParams>
<charParams l="649" t="1051" r="672" b="1080"> </charParams>
<charParams l="673" t="1056" r="689" b="1080" charConfidence="25">a</charParams>
<charParams l="692" t="1056" r="708" b="1079" charConfidence="31">u</charParams>
<charParams l="712" t="1047" r="727" b="1086" charConfidence="56">f</charParams>
<charParams l="728" t="1047" r="740" b="1086"> </charParams>
<charParams l="741" t="1050" r="756" b="1079" charConfidence="26">d</charParams>
<charParams l="760" t="1048" r="768" b="1079" charConfidence="76">i</charParams>
<charParams l="772" t="1057" r="784" b="1080" charConfidence="26">e</charParams>
<charParams l="787" t="1048" r="801" b="1087" charConfidence="97">s</charParams>
<charParams l="798" t="1057" r="811" b="1080" charConfidence="34">e</charParams>
<charParams l="812" t="1051" r="827" b="1081"> </charParams>
<charParams l="828" t="1051" r="844" b="1081" charConfidence="38">d</charParams>
<charParams l="847" t="1050" r="856" b="1081" charConfidence="100">i</charParams>
<charParams l="859" t="1059" r="873" b="1081" charConfidence="69">e</charParams>
<charParams l="874" t="1049" r="891" b="1083"> </charParams>
<charParams l="892" t="1049" r="921" b="1083" charConfidence="57">A</charParams>
<charParams l="923" t="1060" r="939" b="1083" charConfidence="35">u</charParams>
<charParams l="943" t="1051" r="957" b="1091" charConfidence="62">f</charParams>
<charParams l="955" t="1064" r="964" b="1079" charConfidence="22">¬</charParams></formatting></line>
<line baseline="1145" l="171" t="1109" r="961" b="1154"><formatting lang="OldGerman">
<charParams l="171" t="1123" r="200" b="1147" charConfidence="26">m</charParams>
<charParams l="205" t="1125" r="217" b="1148" charConfidence="55">e</charParams>
<charParams l="220" t="1125" r="233" b="1147" charConfidence="24">r</charParams>
<charParams l="236" t="1117" r="247" b="1147" charConfidence="54">k</charParams>
<charParams l="251" t="1117" r="263" b="1154" charConfidence="30">s</charParams>
<charParams l="262" t="1126" r="277" b="1147" charConfidence="100">a</charParams>
<charParams l="281" t="1124" r="307" b="1148" charConfidence="56">m</charParams>
<charParams l="313" t="1117" r="324" b="1148" charConfidence="87">k</charParams>
<charParams l="327" t="1126" r="339" b="1148" charConfidence="64">e</charParams>
<charParams l="342" t="1118" r="350" b="1148" charConfidence="100">i</charParams>
<charParams l="353" t="1123" r="364" b="1148" charConfidence="28">t</charParams>
<charParams l="365" t="1116" r="387" b="1154"> </charParams>
<charParams l="388" t="1116" r="401" b="1154" charConfidence="100">s</charParams>
<charParams l="400" t="1125" r="412" b="1147" charConfidence="87">e</charParams>
<charParams l="415" t="1117" r="422" b="1147" charConfidence="27">i</charParams>
<charParams l="426" t="1123" r="443" b="1146" charConfidence="34">n</charParams>
<charParams l="447" t="1124" r="459" b="1147" charConfidence="29">e</charParams>
<charParams l="462" t="1118" r="477" b="1146" charConfidence="100">s</charParams>
<charParams l="478" t="1112" r="501" b="1151"> </charParams>
<charParams l="502" t="1112" r="526" b="1151" charConfidence="42">F</charParams>
<charParams l="528" t="1123" r="540" b="1145" charConfidence="100">r</charParams>
<charParams l="544" t="1122" r="555" b="1145" charConfidence="26">e</charParams>
<charParams l="559" t="1122" r="575" b="1145" charConfidence="100">u</charParams>
<charParams l="579" t="1122" r="596" b="1145" charConfidence="54">n</charParams>
<charParams l="599" t="1115" r="615" b="1144" charConfidence="62">d</charParams>
<charParams l="619" t="1122" r="631" b="1144" charConfidence="30">e</charParams>
<charParams l="634" t="1116" r="649" b="1144" charConfidence="100">s</charParams>
<charParams l="652" t="1135" r="661" b="1144" charConfidence="91">.</charParams>
<charParams l="662" t="1109" r="706" b="1144"> </charParams>
<charParams l="707" t="1109" r="742" b="1142" charConfidence="39">D</charParams>
<charParams l="747" t="1111" r="754" b="1142" charConfidence="81">i</charParams>
<charParams l="757" t="1118" r="769" b="1141" charConfidence="28">e</charParams>
<charParams l="773" t="1110" r="786" b="1147" charConfidence="53">s</charParams>
<charParams l="784" t="1119" r="797" b="1141" charConfidence="60">e</charParams>
<charParams l="798" t="1110" r="815" b="1149"> </charParams>
<charParams l="816" t="1110" r="833" b="1149" suspicious="1" charConfidence="44">h</charParams>
<charParams l="838" t="1120" r="853" b="1142" charConfidence="51">a</charParams>
<charParams l="857" t="1111" r="873" b="1143" charConfidence="70">b</charParams>
<charParams l="877" t="1121" r="890" b="1143" charConfidence="37">e</charParams>
<charParams l="891" t="1115" r="910" b="1145"> </charParams>
<charParams l="911" t="1115" r="920" b="1145" charConfidence="56">i</charParams>
<charParams l="922" t="1114" r="950" b="1152" charConfidence="43">c</charParams>
<charParams l="922" t="1114" r="950" b="1152" charConfidence="43">h</charParams>
<charParams l="951" t="1137" r="961" b="1152" charConfidence="96">,</charParams></formatting></line>
<line baseline="1208" l="171" t="1172" r="960" b="1218"><formatting lang="OldGerman">
<charParams l="171" t="1185" r="184" b="1208" charConfidence="27">r</charParams>
<charParams l="188" t="1179" r="195" b="1209" charConfidence="65">i</charParams>
<charParams l="199" t="1184" r="212" b="1209" charConfidence="25">e</charParams>
<charParams l="212" t="1178" r="227" b="1215" charConfidence="28">f</charParams>
<charParams l="228" t="1178" r="243" b="1215"> </charParams>
<charParams l="244" t="1188" r="256" b="1210" charConfidence="26">e</charParams>
<charParams l="259" t="1188" r="272" b="1210" charConfidence="82">r</charParams>
<charParams l="273" t="1188" r="288" b="1210"> </charParams>
<charParams l="289" t="1188" r="303" b="1210" charConfidence="24">a</charParams>
<charParams l="309" t="1188" r="324" b="1211" charConfidence="23">u</charParams>
<charParams l="329" t="1182" r="344" b="1210" charConfidence="100">s</charParams>
<charParams l="352" t="1202" r="361" b="1218" charConfidence="71">,</charParams>
<charParams l="362" t="1180" r="386" b="1218"> </charParams>
<charParams l="387" t="1180" r="396" b="1210" charConfidence="98">i</charParams>
<charParams l="399" t="1188" r="416" b="1210" charConfidence="54">n</charParams>
<charParams l="417" t="1185" r="440" b="1210"> </charParams>
<charParams l="441" t="1185" r="469" b="1209" charConfidence="54">m</charParams>
<charParams l="474" t="1188" r="485" b="1209" charConfidence="100">e</charParams>
<charParams l="489" t="1179" r="496" b="1209" charConfidence="62">i</charParams>
<charParams l="500" t="1186" r="517" b="1209" charConfidence="54">n</charParams>
<charParams l="521" t="1186" r="532" b="1208" charConfidence="100">e</charParams>
<charParams l="536" t="1186" r="548" b="1208" charConfidence="23">r</charParams>
<charParams l="549" t="1174" r="564" b="1214"> </charParams>
<charParams l="565" t="1174" r="593" b="1214" suspicious="1" charConfidence="27">J</charParams>
<charParams l="598" t="1185" r="613" b="1207" charConfidence="23">u</charParams>
<charParams l="617" t="1185" r="632" b="1215" charConfidence="78">g</charParams>
<charParams l="637" t="1185" r="648" b="1207" charConfidence="28">e</charParams>
<charParams l="652" t="1184" r="668" b="1207" charConfidence="54">n</charParams>
<charParams l="672" t="1177" r="688" b="1206" charConfidence="55">d</charParams>
<charParams l="689" t="1174" r="712" b="1213"> </charParams>
<charParams l="713" t="1174" r="726" b="1213" charConfidence="100">s</charParams>
<charParams l="726" t="1183" r="737" b="1205" charConfidence="25">e</charParams>
<charParams l="741" t="1174" r="748" b="1205" charConfidence="52">l</charParams>
<charParams l="752" t="1172" r="767" b="1205" charConfidence="47">b</charParams>
<charParams l="771" t="1173" r="791" b="1211" charConfidence="40">s</charParams>
<charParams l="771" t="1173" r="791" b="1211" charConfidence="40">t</charParams>
<charParams l="792" t="1173" r="806" b="1212"> </charParams>
<charParams l="807" t="1181" r="823" b="1212" charConfidence="55">g</charParams>
<charParams l="829" t="1183" r="840" b="1205" charConfidence="54">e</charParams>
<charParams l="843" t="1182" r="859" b="1212" charConfidence="100">p</charParams>
<charParams l="864" t="1175" r="881" b="1213" charConfidence="22">f</charParams>
<charParams l="864" t="1175" r="881" b="1213" charConfidence="22">l</charParams>
<charParams l="885" t="1183" r="900" b="1205" charConfidence="54">a</charParams>
<charParams l="904" t="1184" r="920" b="1206" charConfidence="25">n</charParams>
<charParams l="924" t="1184" r="935" b="1217" charConfidence="54">z</charParams>
<charParams l="939" t="1180" r="950" b="1208" charConfidence="43">t</charParams>
<charParams l="952" t="1200" r="960" b="1208" charConfidence="59">.</charParams></formatting></line>
<line baseline="1270" l="171" t="1237" r="960" b="1280"><formatting lang="OldGerman">
<charParams l="171" t="1238" r="197" b="1271" charConfidence="33">E</charParams>
<charParams l="200" t="1244" r="216" b="1270" charConfidence="100">s</charParams>
<charParams l="217" t="1244" r="239" b="1272"> </charParams>
<charParams l="240" t="1249" r="266" b="1272" charConfidence="24">w</charParams>
<charParams l="270" t="1250" r="285" b="1272" charConfidence="77">a</charParams>
<charParams l="289" t="1250" r="302" b="1273" charConfidence="27">r</charParams>
<charParams l="306" t="1250" r="317" b="1272" charConfidence="100">e</charParams>
<charParams l="321" t="1250" r="339" b="1272" charConfidence="51">n</charParams>
<charParams l="340" t="1243" r="362" b="1280"> </charParams>
<charParams l="363" t="1243" r="371" b="1280" charConfidence="51">j</charParams>
<charParams l="375" t="1250" r="392" b="1273" charConfidence="100">u</charParams>
<charParams l="396" t="1250" r="413" b="1273" charConfidence="48">n</charParams>
<charParams l="416" t="1250" r="433" b="1280" charConfidence="44">g</charParams>
<charParams l="436" t="1250" r="449" b="1272" charConfidence="36">e</charParams>
<charParams l="450" t="1239" r="472" b="1273"> </charParams>
<charParams l="473" t="1239" r="509" b="1273" charConfidence="63">S</charParams>
<charParams l="513" t="1247" r="523" b="1272" charConfidence="46">t</charParams>
<charParams l="525" t="1240" r="541" b="1271" charConfidence="31">ä</charParams>
<charParams l="544" t="1248" r="571" b="1271" charConfidence="46">m</charParams>
<charParams l="576" t="1247" r="603" b="1270" charConfidence="79">m</charParams>
<charParams l="607" t="1240" r="633" b="1276" charConfidence="56">c</charParams>
<charParams l="607" t="1240" r="633" b="1276" charConfidence="56">h</charParams>
<charParams l="637" t="1246" r="648" b="1269" charConfidence="28">e</charParams>
<charParams l="652" t="1246" r="669" b="1269" charConfidence="67">n</charParams>
<charParams l="677" t="1259" r="685" b="1273" charConfidence="59">,</charParams>
<charParams l="686" t="1238" r="720" b="1273"> </charParams>
<charParams l="721" t="1238" r="737" b="1267" charConfidence="29">d</charParams>
<charParams l="741" t="1237" r="748" b="1267" charConfidence="-1">i</charParams>
<charParams l="752" t="1244" r="764" b="1267" charConfidence="46">e</charParams>
<charParams l="765" t="1237" r="787" b="1267"> </charParams>
<charParams l="788" t="1237" r="796" b="1266" charConfidence="26">i</charParams>
<charParams l="800" t="1237" r="826" b="1273" charConfidence="59">c</charParams>
<charParams l="800" t="1237" r="826" b="1273" charConfidence="59">h</charParams>
<charParams l="827" t="1237" r="851" b="1273"> </charParams>
<charParams l="852" t="1245" r="864" b="1268" charConfidence="54">r</charParams>
<charParams l="868" t="1246" r="879" b="1269" charConfidence="32">e</charParams>
<charParams l="883" t="1243" r="893" b="1269" charConfidence="42">t</charParams>
<charParams l="897" t="1244" r="906" b="1269" charConfidence="27">t</charParams>
<charParams l="910" t="1247" r="921" b="1269" charConfidence="26">e</charParams>
<charParams l="926" t="1244" r="935" b="1270" charConfidence="49">t</charParams>
<charParams l="938" t="1247" r="951" b="1270" charConfidence="29">e</charParams>
<charParams l="951" t="1261" r="960" b="1276" charConfidence="73">,</charParams></formatting></line>
<line baseline="1333" l="170" t="1297" r="960" b="1342"><formatting lang="OldGerman">
<charParams l="170" t="1310" r="185" b="1333" charConfidence="26">a</charParams>
<charParams l="191" t="1304" r="197" b="1333" charConfidence="33">l</charParams>
<charParams l="201" t="1306" r="216" b="1334" charConfidence="100">s</charParams>
<charParams l="217" t="1306" r="248" b="1335"> </charParams>
<charParams l="249" t="1312" r="277" b="1335" charConfidence="75">m</charParams>
<charParams l="281" t="1313" r="293" b="1336" charConfidence="31">e</charParams>
<charParams l="296" t="1305" r="304" b="1334" charConfidence="42">i</charParams>
<charParams l="308" t="1313" r="326" b="1335" charConfidence="34">n</charParams>
<charParams l="327" t="1304" r="358" b="1336"> </charParams>
<charParams l="359" t="1304" r="388" b="1336" charConfidence="29">V</charParams>
<charParams l="393" t="1314" r="409" b="1335" charConfidence="30">a</charParams>
<charParams l="413" t="1310" r="422" b="1336" charConfidence="100">t</charParams>
<charParams l="426" t="1313" r="437" b="1335" charConfidence="26">e</charParams>
<charParams l="441" t="1313" r="454" b="1336" charConfidence="41">r</charParams>
<charParams l="463" t="1327" r="472" b="1342" charConfidence="60">,</charParams>
<charParams l="473" t="1303" r="511" b="1342"> </charParams>
<charParams l="512" t="1303" r="528" b="1335" charConfidence="31">b</charParams>
<charParams l="532" t="1313" r="543" b="1334" charConfidence="100">e</charParams>
<charParams l="547" t="1311" r="562" b="1342" charConfidence="26">y</charParams>
<charParams l="563" t="1304" r="595" b="1342"> </charParams>
<charParams l="596" t="1304" r="611" b="1332" charConfidence="26">d</charParams>
<charParams l="615" t="1309" r="626" b="1332" charConfidence="28">e</charParams>
<charParams l="630" t="1308" r="643" b="1331" charConfidence="47">r</charParams>
<charParams l="644" t="1297" r="674" b="1331"> </charParams>
<charParams l="675" t="1297" r="703" b="1331" charConfidence="29">A</charParams>
<charParams l="705" t="1307" r="722" b="1330" charConfidence="60">n</charParams>
<charParams l="726" t="1299" r="735" b="1330" charConfidence="100">l</charParams>
<charParams l="737" t="1307" r="752" b="1329" charConfidence="100">a</charParams>
<charParams l="756" t="1306" r="772" b="1337" charConfidence="35">g</charParams>
<charParams l="776" t="1307" r="788" b="1330" charConfidence="29">e</charParams>
<charParams l="789" t="1307" r="811" b="1340"> </charParams>
<charParams l="812" t="1307" r="823" b="1340" charConfidence="25">z</charParams>
<charParams l="827" t="1309" r="844" b="1331" charConfidence="30">u</charParams>
<charParams l="845" t="1309" r="869" b="1332"> </charParams>
<charParams l="870" t="1309" r="881" b="1332" charConfidence="26">e</charParams>
<charParams l="886" t="1302" r="892" b="1332" charConfidence="65">i</charParams>
<charParams l="897" t="1310" r="913" b="1333" charConfidence="54">n</charParams>
<charParams l="917" t="1310" r="929" b="1333" charConfidence="32">e</charParams>
<charParams l="933" t="1309" r="960" b="1333" charConfidence="62">m</charParams></formatting></line>
<line baseline="1396" l="169" t="1359" r="960" b="1406"><formatting lang="OldGerman">
<charParams l="169" t="1370" r="186" b="1393" charConfidence="59">n</charParams>
<charParams l="190" t="1371" r="202" b="1393" charConfidence="29">e</charParams>
<charParams l="206" t="1371" r="222" b="1394" charConfidence="30">u</charParams>
<charParams l="226" t="1374" r="237" b="1395" charConfidence="34">e</charParams>
<charParams l="241" t="1374" r="259" b="1396" charConfidence="27">n</charParams>
<charParams l="260" t="1365" r="291" b="1399"> </charParams>
<charParams l="292" t="1365" r="318" b="1399" charConfidence="69">T</charParams>
<charParams l="323" t="1365" r="339" b="1406" charConfidence="66">h</charParams>
<charParams l="343" t="1374" r="355" b="1397" charConfidence="27">e</charParams>
<charParams l="359" t="1367" r="366" b="1398" charConfidence="62">i</charParams>
<charParams l="370" t="1367" r="378" b="1398" charConfidence="53">l</charParams>
<charParams l="379" t="1367" r="410" b="1398"> </charParams>
<charParams l="411" t="1369" r="426" b="1398" charConfidence="27">d</charParams>
<charParams l="430" t="1375" r="441" b="1398" charConfidence="25">e</charParams>
<charParams l="445" t="1370" r="460" b="1398" charConfidence="100">s</charParams>
<charParams l="461" t="1370" r="493" b="1406"> </charParams>
<charParams l="494" t="1375" r="510" b="1406" charConfidence="36">g</charParams>
<charParams l="515" t="1374" r="528" b="1397" charConfidence="53">r</charParams>
<charParams l="531" t="1375" r="545" b="1397" charConfidence="27">o</charParams>
<charParams l="549" t="1365" r="564" b="1403" charConfidence="28">ß</charParams>
<charParams l="568" t="1373" r="580" b="1396" charConfidence="26">e</charParams>
<charParams l="583" t="1372" r="600" b="1395" charConfidence="25">n</charParams>
<charParams l="601" t="1359" r="631" b="1395"> </charParams>
<charParams l="632" t="1359" r="666" b="1393" charConfidence="78">S</charParams>
<charParams l="670" t="1361" r="697" b="1399" charConfidence="74">c</charParams>
<charParams l="670" t="1361" r="697" b="1399" charConfidence="74">h</charParams>
<charParams l="701" t="1361" r="709" b="1393" charConfidence="43">l</charParams>
<charParams l="712" t="1369" r="726" b="1392" charConfidence="50">o</charParams>
<charParams l="730" t="1360" r="746" b="1397" charConfidence="27">ß</charParams>
<charParams l="749" t="1369" r="764" b="1400" charConfidence="33">g</charParams>
<charParams l="769" t="1370" r="784" b="1392" charConfidence="25">a</charParams>
<charParams l="789" t="1370" r="800" b="1393" charConfidence="25">r</charParams>
<charParams l="805" t="1368" r="814" b="1394" charConfidence="59">t</charParams>
<charParams l="817" t="1372" r="829" b="1395" charConfidence="26">e</charParams>
<charParams l="833" t="1372" r="849" b="1395" charConfidence="53">n</charParams>
<charParams l="853" t="1367" r="869" b="1395" charConfidence="100">s</charParams>
<charParams l="877" t="1387" r="887" b="1402" charConfidence="100">,</charParams>
<charParams l="888" t="1363" r="926" b="1403"> </charParams>
<charParams l="927" t="1363" r="946" b="1403" charConfidence="82">s</charParams>
<charParams l="927" t="1363" r="946" b="1403" charConfidence="82">i</charParams>
<charParams l="948" t="1372" r="960" b="1395" charConfidence="27">e</charParams></formatting></line>
<line baseline="1457" l="167" t="1425" r="960" b="1463"><formatting lang="OldGerman">
<charParams l="167" t="1432" r="196" b="1454" charConfidence="55">m</charParams>
<charParams l="201" t="1425" r="208" b="1455" charConfidence="49">i</charParams>
<charParams l="212" t="1430" r="221" b="1455" charConfidence="58">t</charParams>
<charParams l="225" t="1430" r="235" b="1455" charConfidence="38">t</charParams>
<charParams l="238" t="1434" r="249" b="1456" charConfidence="37">e</charParams>
<charParams l="253" t="1434" r="271" b="1457" charConfidence="37">n</charParams>
<charParams l="272" t="1431" r="313" b="1460"> </charParams>
<charParams l="314" t="1431" r="321" b="1460" charConfidence="38">i</charParams>
<charParams l="325" t="1437" r="353" b="1460" charConfidence="58">m</charParams>
<charParams l="354" t="1427" r="385" b="1461"> </charParams>
<charParams l="386" t="1427" r="421" b="1461" charConfidence="40">S</charParams>
<charParams l="426" t="1438" r="441" b="1460" charConfidence="42">o</charParams>
<charParams l="445" t="1437" r="472" b="1460" charConfidence="55">m</charParams>
<charParams l="476" t="1437" r="503" b="1459" charConfidence="100">m</charParams>
<charParams l="507" t="1437" r="519" b="1459" charConfidence="29">e</charParams>
<charParams l="522" t="1436" r="536" b="1460" charConfidence="100">r</charParams>
<charParams l="537" t="1436" r="549" b="1460"> </charParams>
<charParams l="550" t="1441" r="554" b="1451" suspicious="1" charConfidence="-1">&gt;</charParams>
<charParams l="555" t="1435" r="574" b="1457"> </charParams>
<charParams l="575" t="1435" r="591" b="1457" charConfidence="35">a</charParams>
<charParams l="595" t="1433" r="612" b="1456" charConfidence="42">u</charParams>
<charParams l="615" t="1428" r="630" b="1455" charConfidence="100">s</charParams>
<charParams l="634" t="1433" r="646" b="1456" charConfidence="33">r</charParams>
<charParams l="649" t="1432" r="664" b="1455" charConfidence="34">o</charParams>
<charParams l="668" t="1426" r="682" b="1455" charConfidence="27">d</charParams>
<charParams l="687" t="1432" r="698" b="1454" charConfidence="30">e</charParams>
<charParams l="702" t="1432" r="719" b="1455" charConfidence="52">n</charParams>
<charParams l="720" t="1425" r="753" b="1456"> </charParams>
<charParams l="754" t="1425" r="762" b="1456" charConfidence="37">l</charParams>
<charParams l="765" t="1426" r="772" b="1455" charConfidence="52">i</charParams>
<charParams l="776" t="1434" r="788" b="1456" charConfidence="24">e</charParams>
<charParams l="791" t="1425" r="807" b="1462" charConfidence="29">ß</charParams>
<charParams l="810" t="1449" r="818" b="1457" charConfidence="84">.</charParams>
<charParams l="819" t="1425" r="872" b="1457"> </charParams>
<charParams l="873" t="1425" r="901" b="1456" charConfidence="46">O</charParams>
<charParams l="905" t="1425" r="922" b="1463" charConfidence="80">h</charParams>
<charParams l="926" t="1433" r="942" b="1455" charConfidence="76">n</charParams>
<charParams l="946" t="1432" r="960" b="1453" suspicious="1" charConfidence="26">e</charParams></formatting></line>
<line baseline="1510" l="210" t="1485" r="230" b="1511"><formatting lang="OldGerman">
<charParams l="210" t="1485" r="221" b="1510" suspicious="1" charConfidence="100">l</charParams>
<charParams l="224" t="1504" r="230" b="1511" charConfidence="100">.</charParams></formatting></line></par>
</text>
</block>
<block blockType="Text" blockName="">
<text>
<par startIndent="144">
<line baseline="1525" l="774" t="1494" r="798" b="1525"><formatting lang="OldGerman">
<charParams l="774" t="1494" r="798" b="1525" charConfidence="32">4</charParams></formatting></line></par>
</text>
</block>
</page>
</document>