﻿<?xml version="1.0" encoding="UTF-8" standalone="yes"?>
<document xmlns="http://www.abbyy.com/FineReader_xml/FineReader10-schema-v1.xml" version="1.0" producer="ABBYY FineReader Engine 11" languages="" xmlns:xsi="http://www.w3.org/2001/XMLSchema-instance" xsi:schemaLocation="http://www.abbyy.com/FineReader_xml/FineReader10-schema-v1.xml http://www.abbyy.com/FineReader_xml/FineReader10-schema-v1.xml">
<page width="1156" height="1782" resolution="300" originalCoords="1">
<block blockType="Text" blockName="">
<text>
<par align="Center" rightIndent="100">
<line baseline="81" l="560" t="59" r="603" b="86"><formatting lang="OldGerman">
<charParams l="560" t="59" r="579" b="86" suspicious="1" charConfidence="-1">L</charParams>
<charParams l="582" t="60" r="603" b="81" suspicious="1" charConfidence="-1">o</charParams></formatting></line></par>
<par align="Justified" startIndent="455" lineSpacing="1512">
<line baseline="175" l="193" t="138" r="987" b="187"><formatting lang="OldGerman">
<charParams l="193" t="141" r="214" b="179" charConfidence="39">Z</charParams>
<charParams l="218" t="149" r="243" b="175" charConfidence="25">w</charParams>
<charParams l="247" t="152" r="259" b="176" charConfidence="26">e</charParams>
<charParams l="263" t="145" r="271" b="175" charConfidence="95">i</charParams>
<charParams l="274" t="144" r="288" b="182" charConfidence="52">f</charParams>
<charParams l="287" t="154" r="299" b="177" charConfidence="29">e</charParams>
<charParams l="302" t="146" r="311" b="177" charConfidence="47">l</charParams>
<charParams l="312" t="146" r="333" b="177"> </charParams>
<charParams l="334" t="150" r="361" b="176" charConfidence="29">w</charParams>
<charParams l="364" t="152" r="376" b="176" charConfidence="26">e</charParams>
<charParams l="379" t="152" r="392" b="176" charConfidence="76">r</charParams>
<charParams l="395" t="146" r="410" b="175" charConfidence="28">d</charParams>
<charParams l="414" t="151" r="427" b="175" charConfidence="39">e</charParams>
<charParams l="429" t="151" r="447" b="175" charConfidence="27">n</charParams>
<charParams l="448" t="142" r="471" b="182"> </charParams>
<charParams l="472" t="142" r="486" b="182" charConfidence="49">s</charParams>
<charParams l="482" t="150" r="490" b="173" suspicious="1" charConfidence="100">i</charParams>
<charParams l="493" t="149" r="506" b="173" charConfidence="26">e</charParams>
<charParams l="515" t="165" r="525" b="179" charConfidence="24">,</charParams>
<charParams l="528" t="147" r="544" b="170" suspicious="1" charConfidence="14">a</charParams>
<charParams l="548" t="147" r="565" b="170" charConfidence="35">u</charParams>
<charParams l="568" t="138" r="596" b="176" charConfidence="29">c</charParams>
<charParams l="568" t="138" r="596" b="176" charConfidence="29">h</charParams>
<charParams l="597" t="138" r="619" b="176"> </charParams>
<charParams l="620" t="140" r="637" b="169" charConfidence="34">d</charParams>
<charParams l="641" t="138" r="649" b="169" charConfidence="37">i</charParams>
<charParams l="652" t="148" r="664" b="169" charConfidence="39">e</charParams>
<charParams l="668" t="139" r="681" b="176" charConfidence="26">s</charParams>
<charParams l="679" t="147" r="690" b="170" charConfidence="55">e</charParams>
<charParams l="694" t="142" r="710" b="171" charConfidence="100">s</charParams>
<charParams l="711" t="139" r="725" b="178" suspicious="1"> </charParams>
<charParams l="726" t="139" r="756" b="178" charConfidence="-1">J</charParams>
<charParams l="759" t="150" r="775" b="173" charConfidence="30">a</charParams>
<charParams l="780" t="141" r="796" b="183" charConfidence="35">h</charParams>
<charParams l="800" t="152" r="814" b="175" charConfidence="28">r</charParams>
<charParams l="815" t="143" r="834" b="184"> </charParams>
<charParams l="835" t="143" r="848" b="184" charConfidence="25">s</charParams>
<charParams l="846" t="145" r="854" b="176" charConfidence="24">i</charParams>
<charParams l="855" t="145" r="884" b="182" charConfidence="28">c</charParams>
<charParams l="855" t="145" r="884" b="182" suspicious="1" charConfidence="28">h</charParams>
<charParams l="885" t="145" r="903" b="182"> </charParams>
<charParams l="904" t="146" r="920" b="175" charConfidence="29">d</charParams>
<charParams l="923" t="152" r="940" b="177" charConfidence="27">u</charParams>
<charParams l="943" t="154" r="957" b="178" charConfidence="49">r</charParams>
<charParams l="958" t="148" r="987" b="187" charConfidence="75">c</charParams>
<charParams l="958" t="148" r="987" b="187" charConfidence="75">h</charParams></formatting></line>
<line baseline="237" l="193" t="199" r="885" b="246"><formatting lang="OldGerman">
<charParams l="193" t="215" r="210" b="239" charConfidence="55">n</charParams>
<charParams l="214" t="216" r="226" b="240" charConfidence="67">e</charParams>
<charParams l="229" t="217" r="247" b="241" charConfidence="100">u</charParams>
<charParams l="250" t="216" r="263" b="240" charConfidence="29">e</charParams>
<charParams l="264" t="206" r="286" b="241"> </charParams>
<charParams l="287" t="206" r="314" b="241" charConfidence="37">T</charParams>
<charParams l="317" t="215" r="330" b="239" charConfidence="100">r</charParams>
<charParams l="333" t="207" r="341" b="238" charConfidence="40">i</charParams>
<charParams l="345" t="216" r="357" b="239" charConfidence="30">e</charParams>
<charParams l="359" t="205" r="375" b="240" charConfidence="29">b</charParams>
<charParams l="379" t="215" r="392" b="240" charConfidence="26">e</charParams>
<charParams l="393" t="213" r="413" b="240"> </charParams>
<charParams l="414" t="213" r="441" b="238" charConfidence="27">w</charParams>
<charParams l="444" t="205" r="453" b="238" charConfidence="27">i</charParams>
<charParams l="455" t="212" r="468" b="237" charConfidence="29">e</charParams>
<charParams l="471" t="205" r="486" b="235" charConfidence="52">d</charParams>
<charParams l="490" t="210" r="502" b="235" charConfidence="26">e</charParams>
<charParams l="504" t="209" r="518" b="234" charConfidence="32">r</charParams>
<charParams l="519" t="202" r="540" b="234"> </charParams>
<charParams l="541" t="202" r="557" b="232" charConfidence="26">d</charParams>
<charParams l="561" t="208" r="577" b="232" charConfidence="25">a</charParams>
<charParams l="580" t="208" r="597" b="232" charConfidence="30">n</charParams>
<charParams l="599" t="200" r="614" b="232" charConfidence="25">k</charParams>
<charParams l="617" t="199" r="632" b="233" charConfidence="36">b</charParams>
<charParams l="636" t="208" r="651" b="232" charConfidence="31">a</charParams>
<charParams l="654" t="208" r="669" b="233" charConfidence="39">r</charParams>
<charParams l="670" t="201" r="692" b="243"> </charParams>
<charParams l="693" t="201" r="710" b="243" charConfidence="69">h</charParams>
<charParams l="715" t="211" r="727" b="235" charConfidence="38">e</charParams>
<charParams l="730" t="211" r="743" b="236" charConfidence="63">r</charParams>
<charParams l="743" t="212" r="762" b="237" charConfidence="100">v</charParams>
<charParams l="765" t="213" r="781" b="237" charConfidence="44">o</charParams>
<charParams l="783" t="213" r="797" b="238" charConfidence="25">r</charParams>
<charParams l="800" t="210" r="811" b="239" charConfidence="44">t</charParams>
<charParams l="813" t="204" r="830" b="246" charConfidence="68">h</charParams>
<charParams l="834" t="214" r="851" b="239" charConfidence="61">u</charParams>
<charParams l="855" t="214" r="873" b="239" charConfidence="98">n</charParams>
<charParams l="876" t="229" r="885" b="238" charConfidence="62">.</charParams></formatting></line></par>
<par align="Justified" startIndent="2052" lineSpacing="1464">
<line baseline="361" l="257" t="324" r="984" b="373"><formatting lang="OldGerman">
<charParams l="257" t="331" r="301" b="364" charConfidence="55">M</charParams>
<charParams l="304" t="341" r="319" b="362" charConfidence="53">a</charParams>
<charParams l="323" t="339" r="342" b="364" charConfidence="26">n</charParams>
<charParams l="343" t="331" r="370" b="364"> </charParams>
<charParams l="371" t="331" r="385" b="362" charConfidence="27">k</charParams>
<charParams l="387" t="339" r="399" b="363" charConfidence="100">e</charParams>
<charParams l="401" t="329" r="420" b="372" charConfidence="27">h</charParams>
<charParams l="423" t="337" r="436" b="361" charConfidence="77">r</charParams>
<charParams l="439" t="332" r="450" b="360" charConfidence="35">t</charParams>
<charParams l="451" t="336" r="465" b="359" charConfidence="33">e</charParams>
<charParams l="466" t="331" r="496" b="366"> </charParams>
<charParams l="497" t="331" r="510" b="366" charConfidence="24">z</charParams>
<charParams l="513" t="333" r="530" b="357" charConfidence="38">u</charParams>
<charParams l="534" t="324" r="549" b="363" charConfidence="51">f</charParams>
<charParams l="547" t="334" r="560" b="357" charConfidence="54">r</charParams>
<charParams l="564" t="326" r="572" b="357" charConfidence="44">i</charParams>
<charParams l="575" t="334" r="586" b="357" charConfidence="28">e</charParams>
<charParams l="590" t="326" r="605" b="357" charConfidence="48">d</charParams>
<charParams l="609" t="333" r="621" b="357" charConfidence="27">e</charParams>
<charParams l="625" t="332" r="644" b="357" charConfidence="24">n</charParams>
<charParams l="645" t="332" r="676" b="358"> </charParams>
<charParams l="677" t="334" r="695" b="358" charConfidence="42">u</charParams>
<charParams l="698" t="334" r="716" b="358" charConfidence="36">n</charParams>
<charParams l="720" t="328" r="736" b="358" suspicious="1" charConfidence="39">d</charParams>
<charParams l="737" t="328" r="760" b="370"> </charParams>
<charParams l="761" t="328" r="778" b="370" suspicious="1" charConfidence="67">h</charParams>
<charParams l="783" t="338" r="797" b="361" charConfidence="26">e</charParams>
<charParams l="797" t="330" r="806" b="362" charConfidence="26">i</charParams>
<charParams l="810" t="335" r="820" b="362" charConfidence="50">t</charParams>
<charParams l="823" t="339" r="835" b="362" charConfidence="25">e</charParams>
<charParams l="838" t="339" r="852" b="363" charConfidence="100">r</charParams>
<charParams l="853" t="339" r="873" b="373"> </charParams>
<charParams l="874" t="339" r="887" b="373" charConfidence="100">z</charParams>
<charParams l="890" t="341" r="907" b="365" charConfidence="100">u</charParams>
<charParams l="911" t="341" r="924" b="365" charConfidence="100">r</charParams>
<charParams l="926" t="332" r="944" b="365" charConfidence="65">ü</charParams>
<charParams l="947" t="333" r="974" b="365" charConfidence="22">c</charParams>
<charParams l="947" t="333" r="974" b="365" charConfidence="22">k</charParams>
<charParams l="976" t="355" r="984" b="364" charConfidence="100">.</charParams></formatting></line>
<line baseline="423" l="191" t="387" r="984" b="432"><formatting lang="OldGerman">
<charParams l="191" t="393" r="225" b="426" charConfidence="40">D</charParams>
<charParams l="229" t="403" r="241" b="426" charConfidence="100">e</charParams>
<charParams l="243" t="401" r="272" b="425" charConfidence="100">m</charParams>
<charParams l="273" t="391" r="290" b="425"> </charParams>
<charParams l="291" t="391" r="324" b="425" charConfidence="24">G</charParams>
<charParams l="328" t="401" r="344" b="424" charConfidence="63">a</charParams>
<charParams l="348" t="393" r="369" b="432" charConfidence="22">s</charParams>
<charParams l="348" t="393" r="369" b="432" charConfidence="22">t</charParams>
<charParams l="370" t="400" r="384" b="424" charConfidence="41">e</charParams>
<charParams l="385" t="397" r="406" b="424"> </charParams>
<charParams l="407" t="397" r="433" b="423" charConfidence="36">w</charParams>
<charParams l="436" t="398" r="452" b="421" charConfidence="31">a</charParams>
<charParams l="456" t="396" r="469" b="420" charConfidence="35">r</charParams>
<charParams l="472" t="389" r="488" b="420" charConfidence="53">b</charParams>
<charParams l="489" t="389" r="509" b="420"> </charParams>
<charParams l="510" t="396" r="526" b="419" charConfidence="27">a</charParams>
<charParams l="529" t="395" r="547" b="419" charConfidence="29">u</charParams>
<charParams l="551" t="387" r="565" b="426" charConfidence="47">f</charParams>
<charParams l="566" t="387" r="584" b="426"> </charParams>
<charParams l="585" t="388" r="601" b="419" charConfidence="35">d</charParams>
<charParams l="605" t="396" r="617" b="419" charConfidence="28">e</charParams>
<charParams l="620" t="395" r="648" b="420" charConfidence="88">m</charParams>
<charParams l="649" t="395" r="672" b="420"> </charParams>
<charParams l="673" t="396" r="688" b="419" charConfidence="27">r</charParams>
<charParams l="690" t="396" r="703" b="420" charConfidence="26">e</charParams>
<charParams l="705" t="389" r="734" b="426" charConfidence="78">c</charParams>
<charParams l="705" t="389" r="734" b="426" charConfidence="78">h</charParams>
<charParams l="737" t="393" r="747" b="420" charConfidence="59">t</charParams>
<charParams l="750" t="397" r="763" b="420" charConfidence="26">e</charParams>
<charParams l="763" t="397" r="783" b="421" charConfidence="55">n</charParams>
<charParams l="784" t="390" r="807" b="428"> </charParams>
<charParams l="808" t="390" r="832" b="428" charConfidence="41">F</charParams>
<charParams l="834" t="393" r="842" b="425" charConfidence="34">l</charParams>
<charParams l="844" t="391" r="861" b="424" charConfidence="30">ü</charParams>
<charParams l="863" t="401" r="881" b="431" charConfidence="25">g</charParams>
<charParams l="885" t="402" r="897" b="424" charConfidence="33">e</charParams>
<charParams l="900" t="396" r="909" b="425" charConfidence="35">l</charParams>
<charParams l="910" t="396" r="931" b="426"> </charParams>
<charParams l="932" t="397" r="948" b="426" charConfidence="27">d</charParams>
<charParams l="952" t="403" r="965" b="427" charConfidence="61">e</charParams>
<charParams l="968" t="398" r="984" b="426" charConfidence="100">s</charParams></formatting></line>
<line baseline="483" l="187" t="449" r="984" b="491"><formatting lang="OldGerman">
<charParams l="187" t="453" r="223" b="487" charConfidence="28">S</charParams>
<charParams l="226" t="456" r="253" b="491" charConfidence="100">c</charParams>
<charParams l="226" t="456" r="253" b="491" charConfidence="100">h</charParams>
<charParams l="257" t="456" r="267" b="485" charConfidence="81">l</charParams>
<charParams l="269" t="462" r="284" b="484" charConfidence="35">o</charParams>
<charParams l="287" t="453" r="313" b="489" charConfidence="94">s</charParams>
<charParams l="287" t="453" r="313" b="489" charConfidence="94">s</charParams>
<charParams l="310" t="461" r="322" b="483" charConfidence="34">e</charParams>
<charParams l="325" t="457" r="341" b="484" charConfidence="100">s</charParams>
<charParams l="342" t="457" r="373" b="484"> </charParams>
<charParams l="374" t="461" r="388" b="483" charConfidence="32">e</charParams>
<charParams l="390" t="453" r="398" b="483" charConfidence="30">i</charParams>
<charParams l="401" t="459" r="419" b="483" charConfidence="40">n</charParams>
<charParams l="420" t="450" r="449" b="488"> </charParams>
<charParams l="450" t="450" r="467" b="488" charConfidence="44">f</charParams>
<charParams l="464" t="457" r="478" b="481" charConfidence="29">r</charParams>
<charParams l="480" t="458" r="492" b="481" charConfidence="25">e</charParams>
<charParams l="495" t="457" r="512" b="481" charConfidence="43">u</charParams>
<charParams l="516" t="457" r="533" b="481" charConfidence="94">n</charParams>
<charParams l="537" t="451" r="552" b="481" charConfidence="26">d</charParams>
<charParams l="557" t="450" r="565" b="482" charConfidence="90">l</charParams>
<charParams l="568" t="450" r="576" b="481" charConfidence="52">i</charParams>
<charParams l="579" t="449" r="609" b="488" charConfidence="100">c</charParams>
<charParams l="579" t="449" r="609" b="488" charConfidence="100">h</charParams>
<charParams l="610" t="458" r="622" b="481" charConfidence="69">e</charParams>
<charParams l="625" t="453" r="641" b="481" charConfidence="100">s</charParams>
<charParams l="642" t="453" r="670" b="490"> </charParams>
<charParams l="671" t="458" r="688" b="490" charConfidence="49">g</charParams>
<charParams l="692" t="458" r="704" b="481" charConfidence="41">e</charParams>
<charParams l="707" t="457" r="721" b="481" charConfidence="100">r</charParams>
<charParams l="722" t="449" r="739" b="481" charConfidence="58">ä</charParams>
<charParams l="739" t="454" r="759" b="483" charConfidence="24">u</charParams>
<charParams l="762" t="458" r="793" b="482" charConfidence="33">m</charParams>
<charParams l="793" t="453" r="804" b="482" charConfidence="26">i</charParams>
<charParams l="805" t="459" r="822" b="491" charConfidence="36">g</charParams>
<charParams l="826" t="460" r="840" b="483" charConfidence="31">e</charParams>
<charParams l="839" t="456" r="857" b="483" charConfidence="100">s</charParams>
<charParams l="858" t="452" r="879" b="485"> </charParams>
<charParams l="880" t="452" r="916" b="485" charConfidence="22">Q</charParams>
<charParams l="918" t="462" r="936" b="486" charConfidence="65">u</charParams>
<charParams l="939" t="462" r="955" b="485" charConfidence="45">a</charParams>
<charParams l="957" t="462" r="973" b="486" charConfidence="72">r</charParams>
<charParams l="973" t="467" r="984" b="483" charConfidence="22">¬</charParams></formatting></line>
<line baseline="545" l="188" t="511" r="986" b="555"><formatting lang="OldGerman">
<charParams l="188" t="520" r="199" b="547" charConfidence="39">t</charParams>
<charParams l="202" t="516" r="210" b="547" charConfidence="39">i</charParams>
<charParams l="213" t="523" r="226" b="546" charConfidence="27">e</charParams>
<charParams l="228" t="522" r="242" b="546" charConfidence="44">r</charParams>
<charParams l="243" t="522" r="265" b="546"> </charParams>
<charParams l="266" t="522" r="282" b="545" charConfidence="38">a</charParams>
<charParams l="286" t="521" r="303" b="545" charConfidence="100">n</charParams>
<charParams l="305" t="522" r="322" b="553" charConfidence="55">g</charParams>
<charParams l="327" t="522" r="339" b="545" charConfidence="42">e</charParams>
<charParams l="342" t="521" r="368" b="545" charConfidence="26">w</charParams>
<charParams l="372" t="514" r="380" b="544" charConfidence="100">i</charParams>
<charParams l="383" t="521" r="396" b="544" charConfidence="40">e</charParams>
<charParams l="398" t="512" r="412" b="551" charConfidence="44">s</charParams>
<charParams l="410" t="521" r="422" b="544" charConfidence="26">e</charParams>
<charParams l="426" t="520" r="443" b="544" charConfidence="24">n</charParams>
<charParams l="445" t="535" r="454" b="550" charConfidence="61">,</charParams>
<charParams l="455" t="519" r="478" b="550"> </charParams>
<charParams l="479" t="519" r="505" b="545" charConfidence="55">w</charParams>
<charParams l="509" t="521" r="525" b="545" charConfidence="60">o</charParams>
<charParams l="526" t="521" r="549" b="545"> </charParams>
<charParams l="550" t="521" r="562" b="545" charConfidence="25">e</charParams>
<charParams l="566" t="521" r="579" b="544" charConfidence="54">r</charParams>
<charParams l="580" t="512" r="598" b="552"> </charParams>
<charParams l="599" t="512" r="613" b="552" charConfidence="100">s</charParams>
<charParams l="611" t="521" r="624" b="545" charConfidence="40">e</charParams>
<charParams l="626" t="512" r="643" b="555" charConfidence="71">h</charParams>
<charParams l="648" t="520" r="661" b="545" charConfidence="57">r</charParams>
<charParams l="662" t="512" r="678" b="545"> </charParams>
<charParams l="679" t="512" r="694" b="545" charConfidence="31">b</charParams>
<charParams l="699" t="521" r="714" b="544" charConfidence="38">a</charParams>
<charParams l="718" t="514" r="727" b="545" charConfidence="95">l</charParams>
<charParams l="729" t="515" r="746" b="544" charConfidence="27">d</charParams>
<charParams l="750" t="535" r="762" b="552" charConfidence="85">,</charParams>
<charParams l="767" t="511" r="801" b="545" charConfidence="30">B</charParams>
<charParams l="803" t="512" r="822" b="545" charConfidence="37">ü</charParams>
<charParams l="824" t="513" r="852" b="553" charConfidence="32">c</charParams>
<charParams l="824" t="513" r="852" b="553" charConfidence="32">h</charParams>
<charParams l="856" t="522" r="868" b="546" charConfidence="36">e</charParams>
<charParams l="871" t="522" r="885" b="546" charConfidence="79">r</charParams>
<charParams l="885" t="537" r="895" b="551" charConfidence="96">,</charParams>
<charParams l="896" t="514" r="918" b="553"> </charParams>
<charParams l="919" t="514" r="952" b="553" charConfidence="48">P</charParams>
<charParams l="957" t="523" r="972" b="547" charConfidence="24">a</charParams>
<charParams l="975" t="527" r="986" b="543" charConfidence="22">¬</charParams></formatting></line>
<line baseline="609" l="184" t="574" r="984" b="618"><formatting lang="OldGerman">
<charParams l="184" t="586" r="201" b="616" charConfidence="39">p</charParams>
<charParams l="205" t="578" r="213" b="609" charConfidence="28">i</charParams>
<charParams l="216" t="585" r="228" b="609" charConfidence="28">e</charParams>
<charParams l="232" t="585" r="244" b="609" charConfidence="25">r</charParams>
<charParams l="248" t="586" r="260" b="609" charConfidence="33">e</charParams>
<charParams l="261" t="585" r="289" b="609"> </charParams>
<charParams l="290" t="585" r="307" b="609" charConfidence="100">u</charParams>
<charParams l="311" t="585" r="328" b="609" charConfidence="35">n</charParams>
<charParams l="332" t="579" r="348" b="608" charConfidence="36">d</charParams>
<charParams l="349" t="574" r="378" b="615"> </charParams>
<charParams l="379" t="574" r="408" b="615" charConfidence="82">I</charParams>
<charParams l="412" t="584" r="429" b="608" charConfidence="100">n</charParams>
<charParams l="434" t="576" r="453" b="617" charConfidence="30">s</charParams>
<charParams l="434" t="576" r="453" b="617" charConfidence="30">t</charParams>
<charParams l="457" t="584" r="468" b="608" charConfidence="23">r</charParams>
<charParams l="472" t="586" r="488" b="609" charConfidence="28">u</charParams>
<charParams l="493" t="585" r="520" b="609" charConfidence="25">m</charParams>
<charParams l="524" t="585" r="536" b="608" charConfidence="29">e</charParams>
<charParams l="540" t="585" r="557" b="609" charConfidence="42">n</charParams>
<charParams l="561" t="581" r="572" b="609" charConfidence="100">t</charParams>
<charParams l="574" t="586" r="588" b="609" charConfidence="46">e</charParams>
<charParams l="589" t="585" r="617" b="610"> </charParams>
<charParams l="618" t="585" r="634" b="610" charConfidence="55">a</charParams>
<charParams l="638" t="586" r="655" b="609" charConfidence="25">u</charParams>
<charParams l="658" t="576" r="673" b="616" charConfidence="39">f</charParams>
<charParams l="670" t="585" r="687" b="617" charConfidence="52">g</charParams>
<charParams l="691" t="585" r="704" b="609" charConfidence="37">e</charParams>
<charParams l="708" t="577" r="727" b="618" charConfidence="65">s</charParams>
<charParams l="708" t="577" r="727" b="618" charConfidence="65">t</charParams>
<charParams l="730" t="586" r="743" b="610" charConfidence="26">e</charParams>
<charParams l="746" t="576" r="755" b="609" charConfidence="68">l</charParams>
<charParams l="754" t="576" r="764" b="610" charConfidence="37">l</charParams>
<charParams l="765" t="581" r="777" b="609" charConfidence="69">t</charParams>
<charParams l="778" t="581" r="799" b="610"> </charParams>
<charParams l="800" t="586" r="820" b="610" charConfidence="31">u</charParams>
<charParams l="821" t="586" r="839" b="610" charConfidence="55">n</charParams>
<charParams l="844" t="579" r="859" b="610" suspicious="1" charConfidence="29">d</charParams>
<charParams l="860" t="579" r="883" b="617"> </charParams>
<charParams l="884" t="586" r="901" b="617" charConfidence="58">g</charParams>
<charParams l="906" t="586" r="917" b="610" charConfidence="55">e</charParams>
<charParams l="921" t="586" r="935" b="609" charConfidence="35">o</charParams>
<charParams l="939" t="586" r="952" b="609" charConfidence="100">r</charParams>
<charParams l="955" t="579" r="970" b="609" charConfidence="27">d</charParams>
<charParams l="973" t="589" r="984" b="605" charConfidence="22">¬</charParams></formatting></line>
<line baseline="673" l="184" t="640" r="984" b="683"><formatting lang="OldGerman">
<charParams l="184" t="649" r="202" b="673" charConfidence="33">n</charParams>
<charParams l="206" t="650" r="218" b="673" charConfidence="51">e</charParams>
<charParams l="222" t="647" r="232" b="674" charConfidence="34">t</charParams>
<charParams l="233" t="641" r="256" b="683"> </charParams>
<charParams l="257" t="641" r="274" b="683" suspicious="1" charConfidence="31">h</charParams>
<charParams l="278" t="650" r="293" b="673" charConfidence="30">a</charParams>
<charParams l="297" t="647" r="307" b="674" charConfidence="46">t</charParams>
<charParams l="310" t="647" r="320" b="673" charConfidence="33">t</charParams>
<charParams l="324" t="650" r="336" b="674" charConfidence="58">e</charParams>
<charParams l="343" t="665" r="353" b="680" charConfidence="100">,</charParams>
<charParams l="354" t="650" r="377" b="680"> </charParams>
<charParams l="378" t="650" r="396" b="674" charConfidence="100">u</charParams>
<charParams l="399" t="648" r="428" b="673" charConfidence="100">m</charParams>
<charParams l="429" t="642" r="451" b="673"> </charParams>
<charParams l="452" t="642" r="461" b="673" charConfidence="34">i</charParams>
<charParams l="464" t="650" r="483" b="674" charConfidence="25">n</charParams>
<charParams l="484" t="642" r="505" b="681"> </charParams>
<charParams l="506" t="642" r="519" b="681" charConfidence="40">s</charParams>
<charParams l="519" t="651" r="530" b="674" charConfidence="100">e</charParams>
<charParams l="534" t="642" r="541" b="673" charConfidence="65">i</charParams>
<charParams l="545" t="650" r="561" b="673" charConfidence="65">n</charParams>
<charParams l="566" t="650" r="578" b="673" charConfidence="68">e</charParams>
<charParams l="581" t="651" r="595" b="674" charConfidence="26">r</charParams>
<charParams l="596" t="650" r="617" b="682"> </charParams>
<charParams l="618" t="650" r="635" b="682" charConfidence="33">g</charParams>
<charParams l="639" t="650" r="651" b="674" charConfidence="37">e</charParams>
<charParams l="653" t="648" r="679" b="674" charConfidence="74">w</charParams>
<charParams l="684" t="650" r="698" b="674" charConfidence="37">o</charParams>
<charParams l="702" t="641" r="719" b="683" charConfidence="91">h</charParams>
<charParams l="723" t="650" r="740" b="674" charConfidence="68">n</charParams>
<charParams l="744" t="646" r="755" b="674" charConfidence="89">t</charParams>
<charParams l="758" t="650" r="770" b="674" charConfidence="56">e</charParams>
<charParams l="773" t="650" r="791" b="674" charConfidence="100">n</charParams>
<charParams l="792" t="641" r="815" b="675"> </charParams>
<charParams l="816" t="641" r="844" b="675" charConfidence="41">T</charParams>
<charParams l="847" t="641" r="864" b="682" charConfidence="91">h</charParams>
<charParams l="868" t="641" r="884" b="673" charConfidence="55">ä</charParams>
<charParams l="887" t="647" r="897" b="672" charConfidence="28">t</charParams>
<charParams l="900" t="642" r="908" b="671" charConfidence="30">i</charParams>
<charParams l="911" t="650" r="928" b="680" charConfidence="39">g</charParams>
<charParams l="931" t="641" r="943" b="671" charConfidence="33">k</charParams>
<charParams l="946" t="648" r="957" b="671" charConfidence="27">e</charParams>
<charParams l="961" t="640" r="969" b="671" charConfidence="26">i</charParams>
<charParams l="973" t="644" r="984" b="671" charConfidence="28">t</charParams></formatting></line>
<line baseline="737" l="185" t="704" r="983" b="747"><formatting lang="OldGerman">
<charParams l="185" t="704" r="200" b="743" charConfidence="53">f</charParams>
<charParams l="199" t="714" r="213" b="737" charConfidence="41">o</charParams>
<charParams l="217" t="713" r="230" b="737" charConfidence="73">r</charParams>
<charParams l="233" t="710" r="243" b="737" charConfidence="93">t</charParams>
<charParams l="245" t="713" r="257" b="747" charConfidence="25">z</charParams>
<charParams l="261" t="714" r="278" b="738" charConfidence="88">u</charParams>
<charParams l="282" t="705" r="296" b="744" charConfidence="56">f</charParams>
<charParams l="294" t="712" r="310" b="737" charConfidence="54">a</charParams>
<charParams l="314" t="704" r="331" b="745" charConfidence="100">h</charParams>
<charParams l="336" t="713" r="348" b="738" charConfidence="30">r</charParams>
<charParams l="351" t="714" r="364" b="738" charConfidence="38">e</charParams>
<charParams l="367" t="713" r="385" b="737" charConfidence="27">n</charParams>
<charParams l="388" t="729" r="397" b="738" charConfidence="84">.</charParams>
<charParams l="398" t="704" r="442" b="738"> </charParams>
<charParams l="443" t="704" r="471" b="738" charConfidence="45">A</charParams>
<charParams l="474" t="704" r="489" b="738" charConfidence="45">b</charParams>
<charParams l="493" t="714" r="505" b="738" charConfidence="29">e</charParams>
<charParams l="508" t="713" r="522" b="738" charConfidence="26">r</charParams>
<charParams l="523" t="704" r="555" b="738"> </charParams>
<charParams l="556" t="704" r="583" b="738" charConfidence="27">E</charParams>
<charParams l="585" t="708" r="600" b="738" charConfidence="29">d</charParams>
<charParams l="604" t="713" r="621" b="738" charConfidence="59">u</charParams>
<charParams l="625" t="713" r="640" b="737" charConfidence="41">a</charParams>
<charParams l="644" t="714" r="657" b="737" charConfidence="100">r</charParams>
<charParams l="660" t="707" r="676" b="737" charConfidence="30">d</charParams>
<charParams l="677" t="706" r="707" b="737"> </charParams>
<charParams l="708" t="706" r="717" b="737" charConfidence="100">l</charParams>
<charParams l="720" t="707" r="728" b="737" charConfidence="53">i</charParams>
<charParams l="732" t="714" r="743" b="737" charConfidence="55">e</charParams>
<charParams l="746" t="705" r="763" b="744" charConfidence="29">ß</charParams>
<charParams l="764" t="705" r="786" b="744"> </charParams>
<charParams l="787" t="706" r="796" b="736" charConfidence="26">i</charParams>
<charParams l="799" t="704" r="816" b="747" charConfidence="55">h</charParams>
<charParams l="819" t="712" r="849" b="736" charConfidence="100">m</charParams>
<charParams l="850" t="705" r="873" b="736"> </charParams>
<charParams l="874" t="705" r="882" b="736" charConfidence="100">i</charParams>
<charParams l="886" t="711" r="903" b="735" charConfidence="49">n</charParams>
<charParams l="904" t="704" r="928" b="735"> </charParams>
<charParams l="929" t="704" r="944" b="733" charConfidence="26">d</charParams>
<charParams l="949" t="709" r="961" b="733" charConfidence="53">e</charParams>
<charParams l="964" t="709" r="983" b="733" charConfidence="27">n</charParams></formatting></line>
<line baseline="798" l="184" t="764" r="981" b="808"><formatting lang="OldGerman">
<charParams l="184" t="776" r="196" b="798" charConfidence="26">e</charParams>
<charParams l="200" t="777" r="213" b="799" charConfidence="100">r</charParams>
<charParams l="216" t="769" r="235" b="807" charConfidence="68">s</charParams>
<charParams l="216" t="769" r="235" b="807" charConfidence="68">t</charParams>
<charParams l="239" t="776" r="251" b="799" charConfidence="28">e</charParams>
<charParams l="254" t="776" r="272" b="799" charConfidence="50">n</charParams>
<charParams l="273" t="767" r="296" b="800"> </charParams>
<charParams l="297" t="767" r="325" b="800" charConfidence="70">T</charParams>
<charParams l="328" t="776" r="343" b="799" charConfidence="100">a</charParams>
<charParams l="345" t="776" r="362" b="807" charConfidence="55">g</charParams>
<charParams l="366" t="776" r="379" b="799" charConfidence="31">e</charParams>
<charParams l="382" t="776" r="400" b="799" charConfidence="26">n</charParams>
<charParams l="401" t="767" r="424" b="799"> </charParams>
<charParams l="425" t="767" r="438" b="799" charConfidence="43">k</charParams>
<charParams l="440" t="776" r="453" b="799" charConfidence="30">e</charParams>
<charParams l="456" t="769" r="464" b="799" charConfidence="26">i</charParams>
<charParams l="467" t="776" r="484" b="799" charConfidence="100">n</charParams>
<charParams l="488" t="776" r="501" b="799" charConfidence="28">e</charParams>
<charParams l="502" t="765" r="524" b="800"> </charParams>
<charParams l="525" t="765" r="557" b="800" charConfidence="31">R</charParams>
<charParams l="561" t="776" r="577" b="799" charConfidence="28">u</charParams>
<charParams l="582" t="766" r="598" b="807" charConfidence="100">h</charParams>
<charParams l="602" t="775" r="615" b="799" charConfidence="26">e</charParams>
<charParams l="624" t="777" r="634" b="806" charConfidence="100">;</charParams>
<charParams l="635" t="776" r="658" b="806"> </charParams>
<charParams l="659" t="776" r="672" b="798" charConfidence="71">e</charParams>
<charParams l="675" t="776" r="689" b="799" charConfidence="25">r</charParams>
<charParams l="690" t="766" r="710" b="805"> </charParams>
<charParams l="711" t="766" r="725" b="805" charConfidence="26">f</charParams>
<charParams l="726" t="766" r="743" b="799" charConfidence="65">ü</charParams>
<charParams l="747" t="766" r="764" b="808" charConfidence="63">h</charParams>
<charParams l="767" t="776" r="781" b="798" charConfidence="100">r</charParams>
<charParams l="784" t="772" r="795" b="799" charConfidence="35">t</charParams>
<charParams l="796" t="775" r="809" b="798" charConfidence="27">e</charParams>
<charParams l="810" t="768" r="829" b="798"> </charParams>
<charParams l="830" t="768" r="838" b="798" charConfidence="26">i</charParams>
<charParams l="843" t="766" r="859" b="806" charConfidence="100">h</charParams>
<charParams l="863" t="773" r="881" b="798" charConfidence="33">n</charParams>
<charParams l="882" t="764" r="898" b="798"> </charParams>
<charParams l="899" t="764" r="917" b="797" charConfidence="22">ü</charParams>
<charParams l="921" t="765" r="937" b="796" charConfidence="45">b</charParams>
<charParams l="941" t="772" r="952" b="796" charConfidence="29">e</charParams>
<charParams l="956" t="772" r="970" b="795" charConfidence="24">r</charParams>
<charParams l="971" t="775" r="981" b="791" charConfidence="22">¬</charParams></formatting></line>
<line baseline="859" l="181" t="825" r="978" b="869"><formatting lang="OldGerman">
<charParams l="181" t="836" r="198" b="858" charConfidence="26">a</charParams>
<charParams l="202" t="829" r="210" b="858" charConfidence="52">l</charParams>
<charParams l="210" t="829" r="221" b="859" charConfidence="43">l</charParams>
<charParams l="222" t="827" r="249" b="868"> </charParams>
<charParams l="250" t="827" r="269" b="868" suspicious="1" charConfidence="28">h</charParams>
<charParams l="273" t="837" r="285" b="859" charConfidence="35">e</charParams>
<charParams l="288" t="837" r="301" b="860" charConfidence="28">r</charParams>
<charParams l="304" t="837" r="321" b="860" charConfidence="66">u</charParams>
<charParams l="324" t="836" r="353" b="860" charConfidence="100">m</charParams>
<charParams l="362" t="850" r="373" b="867" charConfidence="100">,</charParams>
<charParams l="374" t="828" r="413" b="867"> </charParams>
<charParams l="414" t="828" r="430" b="861" charConfidence="32">b</charParams>
<charParams l="434" t="838" r="449" b="860" charConfidence="32">a</charParams>
<charParams l="454" t="830" r="463" b="860" charConfidence="46">l</charParams>
<charParams l="465" t="832" r="481" b="860" charConfidence="27">d</charParams>
<charParams l="482" t="832" r="510" b="869"> </charParams>
<charParams l="511" t="836" r="524" b="869" charConfidence="38">z</charParams>
<charParams l="528" t="838" r="545" b="861" charConfidence="26">u</charParams>
<charParams l="546" t="828" r="577" b="867"> </charParams>
<charParams l="578" t="828" r="612" b="867" charConfidence="53">P</charParams>
<charParams l="615" t="828" r="630" b="866" charConfidence="54">f</charParams>
<charParams l="628" t="837" r="641" b="860" charConfidence="30">e</charParams>
<charParams l="643" t="837" r="656" b="859" charConfidence="43">r</charParams>
<charParams l="659" t="830" r="674" b="860" charConfidence="26">d</charParams>
<charParams l="678" t="837" r="692" b="860" charConfidence="26">e</charParams>
<charParams l="693" t="827" r="721" b="860"> </charParams>
<charParams l="722" t="827" r="739" b="859" charConfidence="27">b</charParams>
<charParams l="743" t="836" r="758" b="858" charConfidence="27">a</charParams>
<charParams l="762" t="829" r="770" b="859" charConfidence="32">l</charParams>
<charParams l="773" t="830" r="789" b="859" charConfidence="27">d</charParams>
<charParams l="790" t="830" r="819" b="867"> </charParams>
<charParams l="820" t="834" r="833" b="867" charConfidence="55">z</charParams>
<charParams l="837" t="835" r="854" b="858" charConfidence="40">u</charParams>
<charParams l="855" t="825" r="887" b="864"> </charParams>
<charParams l="888" t="825" r="912" b="864" charConfidence="38">F</charParams>
<charParams l="914" t="834" r="930" b="857" charConfidence="47">u</charParams>
<charParams l="935" t="825" r="951" b="863" charConfidence="28">ß</charParams>
<charParams l="954" t="833" r="967" b="856" charConfidence="26">e</charParams>
<charParams l="967" t="847" r="978" b="861" charConfidence="74">,</charParams></formatting></line>
<line baseline="917" l="181" t="886" r="979" b="926"><formatting lang="OldGerman">
<charParams l="181" t="894" r="198" b="917" charConfidence="52">u</charParams>
<charParams l="201" t="893" r="219" b="916" charConfidence="100">n</charParams>
<charParams l="222" t="888" r="239" b="916" charConfidence="30">d</charParams>
<charParams l="240" t="888" r="270" b="916"> </charParams>
<charParams l="271" t="894" r="300" b="916" charConfidence="100">m</charParams>
<charParams l="303" t="895" r="320" b="917" charConfidence="33">a</charParams>
<charParams l="323" t="888" r="350" b="923" charConfidence="100">c</charParams>
<charParams l="323" t="888" r="350" b="923" charConfidence="100">h</charParams>
<charParams l="353" t="892" r="365" b="916" charConfidence="32">t</charParams>
<charParams l="366" t="896" r="381" b="916" charConfidence="34">e</charParams>
<charParams l="382" t="889" r="409" b="917"> </charParams>
<charParams l="410" t="889" r="421" b="917" charConfidence="25">i</charParams>
<charParams l="424" t="888" r="441" b="926" charConfidence="37">h</charParams>
<charParams l="445" t="896" r="464" b="918" charConfidence="25">n</charParams>
<charParams l="465" t="894" r="492" b="918"> </charParams>
<charParams l="493" t="894" r="522" b="918" charConfidence="85">m</charParams>
<charParams l="526" t="889" r="534" b="918" charConfidence="69">i</charParams>
<charParams l="536" t="893" r="549" b="919" charConfidence="56">t</charParams>
<charParams l="550" t="890" r="579" b="919"> </charParams>
<charParams l="580" t="890" r="597" b="917" charConfidence="99">d</charParams>
<charParams l="600" t="896" r="612" b="917" charConfidence="43">e</charParams>
<charParams l="615" t="895" r="629" b="918" charConfidence="27">r</charParams>
<charParams l="630" t="886" r="652" b="918"> </charParams>
<charParams l="653" t="886" r="686" b="917" charConfidence="26">G</charParams>
<charParams l="690" t="895" r="703" b="917" charConfidence="26">e</charParams>
<charParams l="703" t="895" r="721" b="924" charConfidence="27">g</charParams>
<charParams l="724" t="895" r="737" b="916" charConfidence="35">e</charParams>
<charParams l="739" t="894" r="759" b="917" charConfidence="100">n</charParams>
<charParams l="761" t="888" r="777" b="916" charConfidence="27">d</charParams>
<charParams l="788" t="907" r="799" b="921" charConfidence="79">,</charParams>
<charParams l="800" t="892" r="834" b="921"> </charParams>
<charParams l="835" t="892" r="864" b="915" charConfidence="100">m</charParams>
<charParams l="868" t="886" r="875" b="915" charConfidence="32">i</charParams>
<charParams l="879" t="890" r="890" b="915" charConfidence="54">t</charParams>
<charParams l="891" t="887" r="913" b="915"> </charParams>
<charParams l="914" t="887" r="930" b="915" charConfidence="29">d</charParams>
<charParams l="934" t="893" r="946" b="915" charConfidence="32">e</charParams>
<charParams l="949" t="892" r="979" b="917" charConfidence="79">m</charParams></formatting></line>
<line baseline="976" l="180" t="943" r="977" b="985"><formatting lang="OldGerman">
<charParams l="180" t="944" r="212" b="977" charConfidence="25">G</charParams>
<charParams l="217" t="954" r="233" b="976" charConfidence="100">u</charParams>
<charParams l="237" t="950" r="248" b="975" charConfidence="50">t</charParams>
<charParams l="250" t="953" r="263" b="975" charConfidence="47">e</charParams>
<charParams l="264" t="945" r="300" b="976"> </charParams>
<charParams l="301" t="945" r="317" b="976" charConfidence="42">b</charParams>
<charParams l="321" t="953" r="333" b="975" charConfidence="41">e</charParams>
<charParams l="336" t="944" r="349" b="975" charConfidence="64">k</charParams>
<charParams l="350" t="952" r="366" b="974" charConfidence="38">a</charParams>
<charParams l="370" t="953" r="387" b="975" charConfidence="29">n</charParams>
<charParams l="391" t="951" r="409" b="975" charConfidence="100">n</charParams>
<charParams l="413" t="949" r="424" b="976" charConfidence="32">t</charParams>
<charParams l="432" t="952" r="442" b="981" suspicious="1" charConfidence="0">;</charParams>
<charParams l="443" t="951" r="488" b="981"> </charParams>
<charParams l="489" t="951" r="517" b="977" charConfidence="34">w</charParams>
<charParams l="520" t="953" r="535" b="975" charConfidence="49">o</charParams>
<charParams l="539" t="944" r="554" b="976" charConfidence="47">b</charParams>
<charParams l="558" t="952" r="571" b="976" charConfidence="46">e</charParams>
<charParams l="573" t="952" r="589" b="984" charConfidence="25">y</charParams>
<charParams l="590" t="952" r="621" b="984"> </charParams>
<charParams l="622" t="953" r="634" b="975" charConfidence="39">e</charParams>
<charParams l="637" t="952" r="651" b="976" charConfidence="100">r</charParams>
<charParams l="652" t="945" r="681" b="976"> </charParams>
<charParams l="682" t="945" r="692" b="975" charConfidence="53">i</charParams>
<charParams l="695" t="943" r="713" b="985" charConfidence="31">h</charParams>
<charParams l="716" t="952" r="745" b="975" charConfidence="100">m</charParams>
<charParams l="746" t="952" r="776" b="984"> </charParams>
<charParams l="777" t="952" r="789" b="984" charConfidence="26">z</charParams>
<charParams l="793" t="952" r="810" b="975" charConfidence="30">u</charParams>
<charParams l="813" t="952" r="830" b="983" charConfidence="39">g</charParams>
<charParams l="833" t="944" r="844" b="976" charConfidence="25">l</charParams>
<charParams l="845" t="952" r="858" b="976" charConfidence="40">e</charParams>
<charParams l="860" t="945" r="869" b="976" charConfidence="39">i</charParams>
<charParams l="872" t="945" r="900" b="984" charConfidence="68">c</charParams>
<charParams l="872" t="945" r="900" b="984" charConfidence="68">h</charParams>
<charParams l="901" t="945" r="933" b="984"> </charParams>
<charParams l="934" t="948" r="949" b="977" charConfidence="26">d</charParams>
<charParams l="954" t="947" r="962" b="978" charConfidence="28">i</charParams>
<charParams l="966" t="956" r="977" b="979" charConfidence="25">e</charParams></formatting></line>
<line baseline="1037" l="178" t="1004" r="977" b="1047"><formatting lang="OldGerman">
<charParams l="178" t="1005" r="218" b="1039" charConfidence="27">W</charParams>
<charParams l="222" t="1005" r="239" b="1038" charConfidence="22">ü</charParams>
<charParams l="243" t="1014" r="260" b="1037" charConfidence="58">n</charParams>
<charParams l="264" t="1005" r="277" b="1043" charConfidence="46">s</charParams>
<charParams l="275" t="1006" r="301" b="1044" charConfidence="100">c</charParams>
<charParams l="275" t="1006" r="301" b="1044" suspicious="1" charConfidence="100">h</charParams>
<charParams l="305" t="1014" r="320" b="1037" charConfidence="100">e</charParams>
<charParams l="321" t="1012" r="341" b="1037"> </charParams>
<charParams l="342" t="1012" r="370" b="1037" charConfidence="57">m</charParams>
<charParams l="375" t="1006" r="384" b="1037" charConfidence="88">i</charParams>
<charParams l="387" t="1009" r="396" b="1036" charConfidence="60">t</charParams>
<charParams l="400" t="1010" r="409" b="1036" charConfidence="56">t</charParams>
<charParams l="412" t="1004" r="430" b="1045" charConfidence="68">h</charParams>
<charParams l="434" t="1012" r="446" b="1036" charConfidence="49">e</charParams>
<charParams l="450" t="1005" r="458" b="1035" charConfidence="38">i</charParams>
<charParams l="461" t="1005" r="469" b="1036" charConfidence="55">l</charParams>
<charParams l="473" t="1010" r="482" b="1036" charConfidence="100">t</charParams>
<charParams l="485" t="1012" r="499" b="1036" charConfidence="65">e</charParams>
<charParams l="506" t="1028" r="516" b="1043" charConfidence="100">,</charParams>
<charParams l="517" t="1007" r="541" b="1043"> </charParams>
<charParams l="542" t="1007" r="557" b="1036" charConfidence="35">d</charParams>
<charParams l="562" t="1005" r="569" b="1036" charConfidence="42">i</charParams>
<charParams l="573" t="1013" r="586" b="1036" charConfidence="62">e</charParams>
<charParams l="587" t="1013" r="610" b="1037"> </charParams>
<charParams l="611" t="1013" r="624" b="1037" charConfidence="44">e</charParams>
<charParams l="627" t="1013" r="641" b="1038" charConfidence="26">r</charParams>
<charParams l="642" t="1012" r="664" b="1047"> </charParams>
<charParams l="665" t="1012" r="676" b="1047" charConfidence="54">z</charParams>
<charParams l="680" t="1013" r="698" b="1037" charConfidence="100">u</charParams>
<charParams l="699" t="1004" r="722" b="1038"> </charParams>
<charParams l="723" t="1004" r="739" b="1038" charConfidence="27">b</charParams>
<charParams l="743" t="1014" r="755" b="1036" charConfidence="41">e</charParams>
<charParams l="759" t="1005" r="782" b="1043" charConfidence="100">s</charParams>
<charParams l="759" t="1005" r="782" b="1043" charConfidence="100">s</charParams>
<charParams l="781" t="1013" r="793" b="1037" charConfidence="32">e</charParams>
<charParams l="796" t="1013" r="809" b="1037" charConfidence="100">r</charParams>
<charParams l="812" t="1014" r="824" b="1037" charConfidence="39">e</charParams>
<charParams l="827" t="1013" r="841" b="1038" charConfidence="30">r</charParams>
<charParams l="842" t="1006" r="863" b="1039"> </charParams>
<charParams l="864" t="1006" r="895" b="1039" charConfidence="28">K</charParams>
<charParams l="897" t="1016" r="909" b="1039" charConfidence="31">e</charParams>
<charParams l="913" t="1016" r="929" b="1039" charConfidence="25">n</charParams>
<charParams l="934" t="1016" r="951" b="1040" charConfidence="36">n</charParams>
<charParams l="955" t="1014" r="966" b="1041" charConfidence="51">t</charParams>
<charParams l="967" t="1021" r="977" b="1036" charConfidence="100">¬</charParams></formatting></line>
<line baseline="1100" l="177" t="1065" r="974" b="1108"><formatting lang="OldGerman">
<charParams l="177" t="1077" r="194" b="1100" charConfidence="32">n</charParams>
<charParams l="198" t="1070" r="206" b="1099" charConfidence="28">i</charParams>
<charParams l="210" t="1068" r="227" b="1105" charConfidence="34">ß</charParams>
<charParams l="228" t="1068" r="258" b="1105"> </charParams>
<charParams l="259" t="1076" r="277" b="1098" charConfidence="89">u</charParams>
<charParams l="281" t="1076" r="297" b="1098" charConfidence="77">n</charParams>
<charParams l="302" t="1069" r="317" b="1098" charConfidence="26">d</charParams>
<charParams l="318" t="1069" r="348" b="1098"> </charParams>
<charParams l="349" t="1076" r="366" b="1098" suspicious="1" charConfidence="30">v</charParams>
<charParams l="369" t="1075" r="385" b="1097" charConfidence="69">o</charParams>
<charParams l="389" t="1074" r="402" b="1097" charConfidence="35">r</charParams>
<charParams l="405" t="1071" r="415" b="1096" charConfidence="45">t</charParams>
<charParams l="418" t="1065" r="435" b="1103" charConfidence="100">h</charParams>
<charParams l="440" t="1074" r="452" b="1097" charConfidence="33">e</charParams>
<charParams l="456" t="1067" r="463" b="1097" charConfidence="32">i</charParams>
<charParams l="467" t="1067" r="475" b="1097" charConfidence="45">l</charParams>
<charParams l="478" t="1065" r="494" b="1106" charConfidence="84">h</charParams>
<charParams l="499" t="1076" r="514" b="1097" charConfidence="77">a</charParams>
<charParams l="518" t="1066" r="542" b="1104" suspicious="1" charConfidence="34">s</charParams>
<charParams l="518" t="1066" r="542" b="1104" suspicious="1" charConfidence="34">t</charParams>
<charParams l="545" t="1076" r="556" b="1098" suspicious="1" charConfidence="29">c</charParams>
<charParams l="560" t="1075" r="574" b="1099" charConfidence="100">r</charParams>
<charParams l="577" t="1076" r="588" b="1099" charConfidence="29">e</charParams>
<charParams l="592" t="1076" r="605" b="1100" charConfidence="27">r</charParams>
<charParams l="606" t="1066" r="628" b="1101"> </charParams>
<charParams l="629" t="1066" r="662" b="1101" charConfidence="27">D</charParams>
<charParams l="667" t="1077" r="679" b="1100" charConfidence="62">e</charParams>
<charParams l="682" t="1077" r="712" b="1100" suspicious="1" charConfidence="28">m</charParams>
<charParams l="712" t="1072" r="742" b="1108" suspicious="1" charConfidence="0">c</charParams>
<charParams l="712" t="1072" r="742" b="1108" suspicious="1" charConfidence="0">h</charParams>
<charParams l="745" t="1076" r="763" b="1100" charConfidence="27">u</charParams>
<charParams l="766" t="1076" r="783" b="1099" charConfidence="26">n</charParams>
<charParams l="786" t="1076" r="803" b="1108" charConfidence="55">g</charParams>
<charParams l="804" t="1070" r="834" b="1108"> </charParams>
<charParams l="835" t="1070" r="852" b="1100" charConfidence="39">d</charParams>
<charParams l="855" t="1077" r="867" b="1101" charConfidence="30">e</charParams>
<charParams l="871" t="1069" r="896" b="1106" charConfidence="100">s</charParams>
<charParams l="871" t="1069" r="896" b="1106" charConfidence="100">s</charParams>
<charParams l="893" t="1078" r="905" b="1102" charConfidence="25">e</charParams>
<charParams l="909" t="1072" r="917" b="1102" charConfidence="41">l</charParams>
<charParams l="920" t="1070" r="936" b="1103" charConfidence="25">b</charParams>
<charParams l="939" t="1080" r="952" b="1104" charConfidence="28">e</charParams>
<charParams l="954" t="1079" r="974" b="1104" charConfidence="29">n</charParams></formatting></line>
<line baseline="1162" l="176" t="1126" r="703" b="1174"><formatting lang="OldGerman">
<charParams l="176" t="1130" r="191" b="1170" charConfidence="55">s</charParams>
<charParams l="188" t="1138" r="200" b="1162" charConfidence="27">e</charParams>
<charParams l="204" t="1131" r="212" b="1162" charConfidence="28">i</charParams>
<charParams l="216" t="1135" r="227" b="1162" charConfidence="71">t</charParams>
<charParams l="228" t="1131" r="249" b="1162"> </charParams>
<charParams l="250" t="1131" r="259" b="1162" charConfidence="68">l</charParams>
<charParams l="261" t="1137" r="277" b="1160" charConfidence="39">a</charParams>
<charParams l="281" t="1137" r="298" b="1160" charConfidence="54">n</charParams>
<charParams l="301" t="1137" r="317" b="1168" charConfidence="44">g</charParams>
<charParams l="321" t="1136" r="333" b="1160" charConfidence="29">e</charParams>
<charParams l="336" t="1136" r="350" b="1160" charConfidence="68">r</charParams>
<charParams l="351" t="1126" r="372" b="1165"> </charParams>
<charParams l="373" t="1126" r="395" b="1165" charConfidence="72">Z</charParams>
<charParams l="399" t="1135" r="411" b="1160" charConfidence="35">e</charParams>
<charParams l="416" t="1130" r="423" b="1161" charConfidence="27">i</charParams>
<charParams l="426" t="1133" r="437" b="1161" charConfidence="47">t</charParams>
<charParams l="438" t="1128" r="460" b="1161"> </charParams>
<charParams l="461" t="1128" r="476" b="1161" charConfidence="29">b</charParams>
<charParams l="481" t="1138" r="492" b="1162" charConfidence="25">e</charParams>
<charParams l="496" t="1138" r="511" b="1171" charConfidence="22">y</charParams>
<charParams l="512" t="1130" r="536" b="1171"> </charParams>
<charParams l="537" t="1130" r="556" b="1171" charConfidence="83">s</charParams>
<charParams l="537" t="1130" r="556" b="1171" charConfidence="83">i</charParams>
<charParams l="558" t="1132" r="585" b="1171" charConfidence="55">c</charParams>
<charParams l="558" t="1132" r="585" b="1171" charConfidence="55">h</charParams>
<charParams l="586" t="1130" r="609" b="1174"> </charParams>
<charParams l="610" t="1130" r="628" b="1174" suspicious="1" charConfidence="62">h</charParams>
<charParams l="632" t="1140" r="644" b="1164" charConfidence="58">e</charParams>
<charParams l="646" t="1141" r="662" b="1172" charConfidence="30">g</charParams>
<charParams l="666" t="1137" r="677" b="1165" charConfidence="39">t</charParams>
<charParams l="680" t="1141" r="693" b="1165" charConfidence="27">e</charParams>
<charParams l="695" t="1155" r="703" b="1164" charConfidence="100">.</charParams></formatting></line></par>
<par align="Justified" startIndent="2052" lineSpacing="1488">
<line baseline="1288" l="240" t="1253" r="969" b="1298"><formatting lang="OldGerman">
<charParams l="240" t="1253" r="275" b="1287" charConfidence="70">D</charParams>
<charParams l="279" t="1262" r="294" b="1285" charConfidence="54">a</charParams>
<charParams l="298" t="1257" r="314" b="1285" charConfidence="-1">s</charParams>
<charParams l="315" t="1257" r="337" b="1285"> </charParams>
<charParams l="338" t="1261" r="351" b="1284" charConfidence="27">e</charParams>
<charParams l="354" t="1261" r="367" b="1284" charConfidence="100">r</charParams>
<charParams l="371" t="1253" r="390" b="1294" charConfidence="30">s</charParams>
<charParams l="371" t="1253" r="390" b="1294" charConfidence="30">t</charParams>
<charParams l="393" t="1261" r="407" b="1284" charConfidence="28">e</charParams>
<charParams l="408" t="1261" r="428" b="1286"> </charParams>
<charParams l="429" t="1261" r="456" b="1286" charConfidence="24">w</charParams>
<charParams l="459" t="1263" r="475" b="1286" charConfidence="33">a</charParams>
<charParams l="479" t="1258" r="495" b="1286" suspicious="1" charConfidence="22">ö</charParams>
<charParams l="496" t="1258" r="513" b="1288"> </charParams>
<charParams l="514" t="1262" r="542" b="1288" charConfidence="29">w</charParams>
<charParams l="546" t="1256" r="553" b="1288" charConfidence="50">i</charParams>
<charParams l="557" t="1265" r="570" b="1288" charConfidence="31">r</charParams>
<charParams l="571" t="1261" r="586" b="1289"> </charParams>
<charParams l="587" t="1261" r="599" b="1289" charConfidence="64">t</charParams>
<charParams l="601" t="1256" r="618" b="1296" charConfidence="46">h</charParams>
<charParams l="623" t="1266" r="639" b="1289" charConfidence="52">u</charParams>
<charParams l="643" t="1266" r="661" b="1290" charConfidence="28">n</charParams>
<charParams l="662" t="1258" r="679" b="1296"> </charParams>
<charParams l="680" t="1258" r="694" b="1296" charConfidence="29">s</charParams>
<charParams l="692" t="1266" r="706" b="1289" charConfidence="94">o</charParams>
<charParams l="710" t="1258" r="719" b="1290" charConfidence="100">l</charParams>
<charParams l="721" t="1259" r="731" b="1290" charConfidence="32">l</charParams>
<charParams l="733" t="1262" r="744" b="1290" charConfidence="38">t</charParams>
<charParams l="745" t="1267" r="758" b="1290" charConfidence="31">e</charParams>
<charParams l="760" t="1267" r="779" b="1290" charConfidence="56">n</charParams>
<charParams l="787" t="1281" r="797" b="1297" charConfidence="90">,</charParams>
<charParams l="798" t="1260" r="822" b="1297"> </charParams>
<charParams l="823" t="1260" r="839" b="1297" charConfidence="78">s</charParams>
<charParams l="836" t="1269" r="852" b="1291" charConfidence="25">a</charParams>
<charParams l="854" t="1268" r="871" b="1298" charConfidence="55">g</charParams>
<charParams l="876" t="1263" r="886" b="1291" charConfidence="59">t</charParams>
<charParams l="889" t="1268" r="902" b="1291" charConfidence="33">e</charParams>
<charParams l="903" t="1260" r="920" b="1291"> </charParams>
<charParams l="921" t="1260" r="936" b="1290" charConfidence="29">d</charParams>
<charParams l="940" t="1267" r="952" b="1290" charConfidence="100">e</charParams>
<charParams l="955" t="1266" r="969" b="1291" charConfidence="25">r</charParams></formatting></line>
<line baseline="1350" l="173" t="1315" r="969" b="1360"><formatting lang="OldGerman">
<charParams l="173" t="1315" r="204" b="1355" charConfidence="28">H</charParams>
<charParams l="208" t="1326" r="223" b="1349" charConfidence="40">a</charParams>
<charParams l="228" t="1326" r="244" b="1349" charConfidence="28">u</charParams>
<charParams l="248" t="1326" r="264" b="1355" charConfidence="52">p</charParams>
<charParams l="268" t="1323" r="278" b="1349" charConfidence="100">t</charParams>
<charParams l="281" t="1324" r="308" b="1348" charConfidence="96">m</charParams>
<charParams l="312" t="1324" r="327" b="1348" charConfidence="55">a</charParams>
<charParams l="331" t="1324" r="349" b="1348" charConfidence="100">n</charParams>
<charParams l="352" t="1323" r="369" b="1347" charConfidence="100">n</charParams>
<charParams l="379" t="1339" r="389" b="1354" charConfidence="93">,</charParams>
<charParams l="390" t="1322" r="420" b="1354"> </charParams>
<charParams l="421" t="1322" r="447" b="1348" charConfidence="23">w</charParams>
<charParams l="451" t="1315" r="466" b="1347" charConfidence="55">ä</charParams>
<charParams l="470" t="1325" r="483" b="1348" charConfidence="25">r</charParams>
<charParams l="486" t="1326" r="500" b="1348" charConfidence="52">e</charParams>
<charParams l="508" t="1340" r="518" b="1354" charConfidence="100">,</charParams>
<charParams l="519" t="1321" r="551" b="1354"> </charParams>
<charParams l="552" t="1321" r="567" b="1351" charConfidence="26">d</charParams>
<charParams l="571" t="1327" r="586" b="1350" charConfidence="56">a</charParams>
<charParams l="591" t="1319" r="608" b="1357" charConfidence="30">ß</charParams>
<charParams l="609" t="1319" r="631" b="1357"> </charParams>
<charParams l="632" t="1320" r="640" b="1352" charConfidence="50">i</charParams>
<charParams l="643" t="1320" r="670" b="1359" charConfidence="55">c</charParams>
<charParams l="643" t="1320" r="670" b="1359" charConfidence="55">h</charParams>
<charParams l="671" t="1320" r="695" b="1359"> </charParams>
<charParams l="696" t="1322" r="711" b="1351" charConfidence="30">d</charParams>
<charParams l="716" t="1321" r="722" b="1352" charConfidence="100">i</charParams>
<charParams l="727" t="1329" r="740" b="1352" charConfidence="28">e</charParams>
<charParams l="741" t="1317" r="762" b="1352"> </charParams>
<charParams l="763" t="1317" r="797" b="1352" charConfidence="52">G</charParams>
<charParams l="801" t="1329" r="814" b="1352" charConfidence="26">e</charParams>
<charParams l="814" t="1329" r="832" b="1360" charConfidence="26">g</charParams>
<charParams l="836" t="1330" r="848" b="1352" charConfidence="49">e</charParams>
<charParams l="851" t="1330" r="869" b="1352" charConfidence="27">n</charParams>
<charParams l="873" t="1323" r="889" b="1353" charConfidence="28">d</charParams>
<charParams l="890" t="1323" r="913" b="1353"> </charParams>
<charParams l="914" t="1329" r="942" b="1352" charConfidence="32">m</charParams>
<charParams l="947" t="1321" r="954" b="1352" charConfidence="96">i</charParams>
<charParams l="958" t="1326" r="969" b="1353" charConfidence="39">t</charParams></formatting></line>
<line baseline="1412" l="171" t="1378" r="965" b="1422"><formatting lang="OldGerman">
<charParams l="171" t="1380" r="187" b="1410" charConfidence="26">d</charParams>
<charParams l="191" t="1388" r="203" b="1411" charConfidence="32">e</charParams>
<charParams l="206" t="1387" r="220" b="1411" charConfidence="29">r</charParams>
<charParams l="221" t="1378" r="243" b="1412"> </charParams>
<charParams l="244" t="1378" r="288" b="1412" charConfidence="28">M</charParams>
<charParams l="291" t="1389" r="307" b="1411" charConfidence="54">a</charParams>
<charParams l="309" t="1389" r="325" b="1419" charConfidence="25">g</charParams>
<charParams l="330" t="1388" r="347" b="1411" charConfidence="27">n</charParams>
<charParams l="351" t="1387" r="363" b="1411" charConfidence="27">e</charParams>
<charParams l="366" t="1384" r="376" b="1410" charConfidence="36">t</charParams>
<charParams l="379" t="1386" r="396" b="1409" charConfidence="43">n</charParams>
<charParams l="400" t="1385" r="415" b="1408" charConfidence="100">a</charParams>
<charParams l="420" t="1380" r="436" b="1408" charConfidence="26">d</charParams>
<charParams l="439" t="1387" r="452" b="1408" charConfidence="100">e</charParams>
<charParams l="455" t="1379" r="464" b="1409" suspicious="1" charConfidence="62">l</charParams>
<charParams l="465" t="1379" r="487" b="1409"> </charParams>
<charParams l="488" t="1386" r="504" b="1409" charConfidence="100">a</charParams>
<charParams l="508" t="1387" r="525" b="1410" charConfidence="46">u</charParams>
<charParams l="529" t="1379" r="544" b="1416" charConfidence="46">f</charParams>
<charParams l="542" t="1389" r="558" b="1411" charConfidence="33">n</charParams>
<charParams l="563" t="1381" r="578" b="1412" charConfidence="22">ä</charParams>
<charParams l="582" t="1381" r="599" b="1422" charConfidence="64">h</charParams>
<charParams l="602" t="1390" r="631" b="1413" charConfidence="54">m</charParams>
<charParams l="634" t="1391" r="648" b="1413" charConfidence="32">e</charParams>
<charParams l="649" t="1405" r="658" b="1413" charConfidence="70">.</charParams>
<charParams l="659" t="1380" r="712" b="1413"> </charParams>
<charParams l="713" t="1380" r="740" b="1413" charConfidence="51">E</charParams>
<charParams l="742" t="1386" r="759" b="1413" charConfidence="100">s</charParams>
<charParams l="760" t="1383" r="782" b="1413"> </charParams>
<charParams l="783" t="1383" r="792" b="1413" charConfidence="29">i</charParams>
<charParams l="795" t="1383" r="816" b="1421" charConfidence="32">s</charParams>
<charParams l="795" t="1383" r="816" b="1421" charConfidence="32">t</charParams>
<charParams l="817" t="1383" r="839" b="1421"> </charParams>
<charParams l="840" t="1385" r="856" b="1414" charConfidence="65">d</charParams>
<charParams l="860" t="1391" r="875" b="1413" charConfidence="54">a</charParams>
<charParams l="879" t="1386" r="895" b="1413" suspicious="1" charConfidence="100">s</charParams>
<charParams l="896" t="1386" r="919" b="1413"> </charParams>
<charParams l="920" t="1391" r="933" b="1413" charConfidence="26">e</charParams>
<charParams l="936" t="1383" r="943" b="1413" charConfidence="100">i</charParams>
<charParams l="947" t="1391" r="965" b="1414" charConfidence="35">n</charParams></formatting></line>
<line baseline="1474" l="169" t="1438" r="963" b="1482"><formatting lang="OldGerman">
<charParams l="169" t="1440" r="178" b="1471" charConfidence="40">l</charParams>
<charParams l="180" t="1448" r="193" b="1471" charConfidence="26">e</charParams>
<charParams l="197" t="1442" r="205" b="1472" charConfidence="91">i</charParams>
<charParams l="207" t="1441" r="234" b="1479" charConfidence="55">c</charParams>
<charParams l="207" t="1441" r="234" b="1479" charConfidence="55">h</charParams>
<charParams l="238" t="1447" r="248" b="1473" charConfidence="56">t</charParams>
<charParams l="251" t="1450" r="263" b="1473" charConfidence="34">e</charParams>
<charParams l="266" t="1446" r="282" b="1473" charConfidence="72">s</charParams>
<charParams l="283" t="1442" r="306" b="1482"> </charParams>
<charParams l="307" t="1442" r="325" b="1482" suspicious="1" charConfidence="29">h</charParams>
<charParams l="329" t="1451" r="341" b="1474" charConfidence="100">e</charParams>
<charParams l="345" t="1443" r="352" b="1474" charConfidence="48">i</charParams>
<charParams l="356" t="1447" r="366" b="1473" charConfidence="62">t</charParams>
<charParams l="369" t="1450" r="381" b="1473" charConfidence="32">e</charParams>
<charParams l="384" t="1449" r="397" b="1473" charConfidence="25">r</charParams>
<charParams l="400" t="1449" r="411" b="1473" charConfidence="33">e</charParams>
<charParams l="415" t="1443" r="431" b="1472" charConfidence="98">s</charParams>
<charParams l="432" t="1438" r="454" b="1472"> </charParams>
<charParams l="455" t="1438" r="488" b="1472" charConfidence="57">G</charParams>
<charParams l="492" t="1448" r="505" b="1472" charConfidence="25">e</charParams>
<charParams l="508" t="1440" r="521" b="1479" charConfidence="58">s</charParams>
<charParams l="519" t="1441" r="545" b="1480" charConfidence="59">c</charParams>
<charParams l="519" t="1441" r="545" b="1480" charConfidence="59">h</charParams>
<charParams l="549" t="1442" r="564" b="1474" charConfidence="22">ä</charParams>
<charParams l="569" t="1442" r="583" b="1481" charConfidence="31">f</charParams>
<charParams l="582" t="1448" r="592" b="1475" charConfidence="57">t</charParams>
<charParams l="600" t="1466" r="610" b="1481" charConfidence="93">,</charParams>
<charParams l="611" t="1452" r="649" b="1481"> </charParams>
<charParams l="650" t="1452" r="668" b="1476" charConfidence="100">u</charParams>
<charParams l="672" t="1452" r="689" b="1477" charConfidence="51">n</charParams>
<charParams l="693" t="1447" r="709" b="1476" charConfidence="27">d</charParams>
<charParams l="710" t="1447" r="732" b="1477"> </charParams>
<charParams l="733" t="1451" r="760" b="1477" charConfidence="56">w</charParams>
<charParams l="764" t="1453" r="776" b="1476" charConfidence="26">e</charParams>
<charParams l="779" t="1452" r="796" b="1477" charConfidence="54">n</charParams>
<charParams l="800" t="1452" r="818" b="1476" charConfidence="90">n</charParams>
<charParams l="819" t="1452" r="838" b="1477"> </charParams>
<charParams l="839" t="1453" r="852" b="1477" charConfidence="34">e</charParams>
<charParams l="854" t="1447" r="870" b="1475" suspicious="1" charConfidence="98">S</charParams>
<charParams l="871" t="1447" r="894" b="1475"> </charParams>
<charParams l="895" t="1452" r="911" b="1475" charConfidence="30">a</charParams>
<charParams l="915" t="1451" r="931" b="1475" charConfidence="25">u</charParams>
<charParams l="936" t="1444" r="963" b="1482" charConfidence="55">c</charParams>
<charParams l="936" t="1444" r="963" b="1482" charConfidence="55">h</charParams></formatting></line></par>
</text>
</block>
<block blockType="Text" blockName="">
<text>
<par lineSpacing="-1"></par>
</text>
</block>
</page>
</document>