﻿<?xml version="1.0" encoding="UTF-8" standalone="yes"?>
<document xmlns="http://www.abbyy.com/FineReader_xml/FineReader10-schema-v1.xml" version="1.0" producer="ABBYY FineReader Engine 11" languages="" xmlns:xsi="http://www.w3.org/2001/XMLSchema-instance" xsi:schemaLocation="http://www.abbyy.com/FineReader_xml/FineReader10-schema-v1.xml http://www.abbyy.com/FineReader_xml/FineReader10-schema-v1.xml">
<page width="1156" height="1782" resolution="300" originalCoords="1">
<block blockType="Text" blockName="">
<text>
<par startIndent="384">
<line baseline="87" l="563" t="60" r="606" b="87"><formatting lang="OldGerman">
<charParams l="563" t="60" r="583" b="87" charConfidence="38">2</charParams>
<charParams l="586" t="60" r="606" b="87" charConfidence="38">2</charParams></formatting></line></par>
</text>
</block>
<block blockType="Text" blockName="">
<text>
<par align="Justified" startIndent="2052" lineSpacing="1464">
<line baseline="174" l="258" t="137" r="983" b="186"><formatting lang="OldGerman">
<charParams l="258" t="158" r="266" b="169" suspicious="1" charConfidence="100">-</charParams>
<charParams l="266" t="140" r="290" b="180" charConfidence="57">H</charParams>
<charParams l="294" t="150" r="310" b="174" charConfidence="31">a</charParams>
<charParams l="314" t="146" r="324" b="174" charConfidence="100">t</charParams>
<charParams l="327" t="147" r="338" b="175" charConfidence="28">t</charParams>
<charParams l="339" t="151" r="352" b="176" charConfidence="25">e</charParams>
<charParams l="354" t="151" r="373" b="175" charConfidence="46">n</charParams>
<charParams l="374" t="151" r="396" b="175"> </charParams>
<charParams l="397" t="151" r="413" b="174" charConfidence="52">a</charParams>
<charParams l="416" t="150" r="434" b="174" charConfidence="31">u</charParams>
<charParams l="437" t="140" r="452" b="179" charConfidence="42">f</charParams>
<charParams l="453" t="140" r="470" b="179"> </charParams>
<charParams l="471" t="142" r="487" b="171" charConfidence="31">d</charParams>
<charParams l="491" t="141" r="499" b="171" charConfidence="29">i</charParams>
<charParams l="503" t="147" r="514" b="171" charConfidence="26">e</charParams>
<charParams l="518" t="139" r="531" b="177" charConfidence="50">s</charParams>
<charParams l="529" t="147" r="541" b="169" charConfidence="26">e</charParams>
<charParams l="542" t="137" r="564" b="171"> </charParams>
<charParams l="565" t="137" r="606" b="171" charConfidence="53">W</charParams>
<charParams l="609" t="148" r="621" b="170" charConfidence="57">e</charParams>
<charParams l="624" t="140" r="632" b="171" charConfidence="33">i</charParams>
<charParams l="636" t="140" r="649" b="177" charConfidence="47">s</charParams>
<charParams l="646" t="149" r="660" b="171" charConfidence="29">e</charParams>
<charParams l="661" t="143" r="683" b="173"> </charParams>
<charParams l="684" t="143" r="700" b="173" charConfidence="30">d</charParams>
<charParams l="704" t="143" r="712" b="174" charConfidence="26">i</charParams>
<charParams l="714" t="152" r="728" b="175" charConfidence="55">e</charParams>
<charParams l="729" t="144" r="751" b="177"> </charParams>
<charParams l="752" t="144" r="768" b="177" charConfidence="30">b</charParams>
<charParams l="772" t="154" r="784" b="177" charConfidence="26">e</charParams>
<charParams l="787" t="154" r="802" b="186" charConfidence="25">y</charParams>
<charParams l="806" t="147" r="822" b="177" charConfidence="100">d</charParams>
<charParams l="826" t="154" r="838" b="177" charConfidence="100">e</charParams>
<charParams l="841" t="153" r="859" b="177" charConfidence="37">n</charParams>
<charParams l="860" t="144" r="876" b="184"> </charParams>
<charParams l="877" t="144" r="901" b="184" charConfidence="40">F</charParams>
<charParams l="903" t="153" r="917" b="178" charConfidence="35">r</charParams>
<charParams l="918" t="154" r="931" b="177" charConfidence="39">e</charParams>
<charParams l="934" t="153" r="951" b="177" charConfidence="57">u</charParams>
<charParams l="955" t="153" r="972" b="177" charConfidence="33">n</charParams>
<charParams l="975" t="156" r="983" b="172" charConfidence="100">¬</charParams></formatting></line>
<line baseline="234" l="192" t="201" r="982" b="247"><formatting lang="OldGerman">
<charParams l="192" t="204" r="208" b="234" charConfidence="100">d</charParams>
<charParams l="211" t="211" r="224" b="234" charConfidence="26">e</charParams>
<charParams l="225" t="211" r="255" b="234"> </charParams>
<charParams l="256" t="212" r="272" b="234" charConfidence="26">a</charParams>
<charParams l="276" t="211" r="304" b="235" charConfidence="100">m</charParams>
<charParams l="305" t="203" r="328" b="236"> </charParams>
<charParams l="329" t="203" r="363" b="236" charConfidence="15">G</charParams>
<charParams l="367" t="212" r="379" b="235" charConfidence="24">e</charParams>
<charParams l="380" t="213" r="397" b="242" charConfidence="27">g</charParams>
<charParams l="401" t="212" r="413" b="234" charConfidence="29">e</charParams>
<charParams l="413" t="211" r="434" b="234" charConfidence="15">n</charParams>
<charParams l="436" t="208" r="462" b="233" charConfidence="16">w</charParams>
<charParams l="465" t="201" r="481" b="232" charConfidence="17">ä</charParams>
<charParams l="485" t="209" r="498" b="231" charConfidence="28">r</charParams>
<charParams l="501" t="205" r="511" b="231" charConfidence="72">t</charParams>
<charParams l="514" t="201" r="521" b="230" charConfidence="33">i</charParams>
<charParams l="523" t="208" r="539" b="237" charConfidence="26">g</charParams>
<charParams l="544" t="207" r="555" b="230" charConfidence="25">e</charParams>
<charParams l="558" t="208" r="577" b="230" charConfidence="14">n</charParams>
<charParams l="578" t="207" r="600" b="230"> </charParams>
<charParams l="601" t="207" r="628" b="230" charConfidence="30">m</charParams>
<charParams l="633" t="209" r="648" b="231" charConfidence="27">a</charParams>
<charParams l="653" t="208" r="669" b="231" charConfidence="24">n</charParams>
<charParams l="673" t="203" r="700" b="241" charConfidence="34">c</charParams>
<charParams l="673" t="203" r="700" b="241" charConfidence="34">h</charParams>
<charParams l="704" t="213" r="717" b="235" charConfidence="30">e</charParams>
<charParams l="718" t="205" r="743" b="238"> </charParams>
<charParams l="744" t="205" r="777" b="238" charConfidence="27">B</charParams>
<charParams l="781" t="216" r="793" b="238" charConfidence="31">e</charParams>
<charParams l="797" t="207" r="810" b="245" charConfidence="51">s</charParams>
<charParams l="807" t="208" r="834" b="245" charConfidence="96">c</charParams>
<charParams l="807" t="208" r="834" b="245" charConfidence="96">h</charParams>
<charParams l="837" t="217" r="853" b="238" suspicious="1" charConfidence="29">ä</charParams>
<charParams l="856" t="207" r="871" b="244" charConfidence="30">f</charParams>
<charParams l="870" t="214" r="880" b="238" charConfidence="26">t</charParams>
<charParams l="883" t="209" r="891" b="238" charConfidence="26">i</charParams>
<charParams l="893" t="217" r="909" b="247" charConfidence="59">g</charParams>
<charParams l="913" t="216" r="930" b="239" charConfidence="49">u</charParams>
<charParams l="934" t="215" r="951" b="239" charConfidence="40">n</charParams>
<charParams l="953" t="215" r="970" b="246" charConfidence="26">g</charParams>
<charParams l="972" t="228" r="982" b="244" charConfidence="69">,</charParams></formatting></line>
<line baseline="296" l="190" t="260" r="983" b="307"><formatting lang="OldGerman">
<charParams l="190" t="264" r="204" b="302" charConfidence="61">s</charParams>
<charParams l="202" t="272" r="217" b="296" charConfidence="40">o</charParams>
<charParams l="218" t="264" r="240" b="302"> </charParams>
<charParams l="241" t="264" r="257" b="302" charConfidence="57">f</charParams>
<charParams l="255" t="274" r="267" b="296" charConfidence="25">e</charParams>
<charParams l="271" t="264" r="287" b="304" charConfidence="59">h</charParams>
<charParams l="292" t="268" r="298" b="296" charConfidence="100">l</charParams>
<charParams l="303" t="270" r="313" b="296" charConfidence="44">t</charParams>
<charParams l="316" t="273" r="329" b="297" charConfidence="28">e</charParams>
<charParams l="330" t="273" r="351" b="297"> </charParams>
<charParams l="352" t="273" r="365" b="296" charConfidence="25">e</charParams>
<charParams l="368" t="267" r="383" b="295" charConfidence="-1">s</charParams>
<charParams l="384" t="267" r="407" b="295"> </charParams>
<charParams l="408" t="270" r="425" b="293" charConfidence="25">n</charParams>
<charParams l="429" t="262" r="438" b="292" charConfidence="29">i</charParams>
<charParams l="440" t="261" r="467" b="298" charConfidence="59">c</charParams>
<charParams l="440" t="261" r="467" b="298" charConfidence="59">h</charParams>
<charParams l="471" t="266" r="484" b="291" charConfidence="59">t</charParams>
<charParams l="485" t="266" r="504" b="291"> </charParams>
<charParams l="505" t="267" r="521" b="289" charConfidence="38">a</charParams>
<charParams l="525" t="267" r="542" b="290" charConfidence="54">n</charParams>
<charParams l="543" t="261" r="566" b="291"> </charParams>
<charParams l="567" t="261" r="575" b="291" charConfidence="34">l</charParams>
<charParams l="578" t="269" r="590" b="291" charConfidence="33">e</charParams>
<charParams l="594" t="260" r="609" b="291" charConfidence="64">b</charParams>
<charParams l="613" t="260" r="629" b="299" charConfidence="100">h</charParams>
<charParams l="633" t="270" r="649" b="291" charConfidence="27">a</charParams>
<charParams l="653" t="261" r="668" b="299" charConfidence="48">f</charParams>
<charParams l="666" t="268" r="677" b="293" charConfidence="51">t</charParams>
<charParams l="679" t="272" r="691" b="294" charConfidence="29">e</charParams>
<charParams l="694" t="272" r="708" b="296" charConfidence="38">r</charParams>
<charParams l="709" t="272" r="731" b="298"> </charParams>
<charParams l="732" t="275" r="749" b="298" charConfidence="28">u</charParams>
<charParams l="753" t="276" r="771" b="298" charConfidence="38">n</charParams>
<charParams l="775" t="270" r="790" b="299" charConfidence="29">d</charParams>
<charParams l="791" t="270" r="817" b="299"> </charParams>
<charParams l="818" t="277" r="836" b="298" charConfidence="36">v</charParams>
<charParams l="840" t="277" r="852" b="300" charConfidence="37">e</charParams>
<charParams l="855" t="276" r="868" b="299" charConfidence="23">r</charParams>
<charParams l="869" t="277" r="885" b="307" charConfidence="30">g</charParams>
<charParams l="890" t="276" r="906" b="299" charConfidence="45">n</charParams>
<charParams l="910" t="267" r="927" b="299" charConfidence="22">ü</charParams>
<charParams l="930" t="277" r="947" b="306" charConfidence="30">g</charParams>
<charParams l="951" t="269" r="958" b="300" charConfidence="100">l</charParams>
<charParams l="961" t="268" r="969" b="298" charConfidence="32">i</charParams>
<charParams l="974" t="278" r="983" b="294" charConfidence="22">¬</charParams></formatting></line>
<line baseline="355" l="188" t="324" r="982" b="366"><formatting lang="OldGerman">
<charParams l="188" t="326" r="216" b="363" charConfidence="55">c</charParams>
<charParams l="188" t="326" r="216" b="363" charConfidence="55">h</charParams>
<charParams l="220" t="334" r="232" b="357" charConfidence="25">e</charParams>
<charParams l="235" t="334" r="249" b="357" charConfidence="24">r</charParams>
<charParams l="250" t="324" r="287" b="357"> </charParams>
<charParams l="288" t="324" r="315" b="356" charConfidence="47">E</charParams>
<charParams l="317" t="333" r="330" b="356" charConfidence="57">r</charParams>
<charParams l="334" t="325" r="343" b="355" charConfidence="81">i</charParams>
<charParams l="343" t="332" r="362" b="355" charConfidence="27">n</charParams>
<charParams l="366" t="331" r="383" b="354" charConfidence="38">n</charParams>
<charParams l="386" t="330" r="399" b="353" charConfidence="34">e</charParams>
<charParams l="402" t="329" r="415" b="352" charConfidence="26">r</charParams>
<charParams l="417" t="329" r="434" b="352" charConfidence="26">u</charParams>
<charParams l="438" t="328" r="455" b="351" charConfidence="39">n</charParams>
<charParams l="456" t="328" r="474" b="357" charConfidence="27">g</charParams>
<charParams l="475" t="328" r="505" b="357"> </charParams>
<charParams l="506" t="328" r="523" b="350" charConfidence="36">v</charParams>
<charParams l="527" t="328" r="539" b="350" charConfidence="51">e</charParams>
<charParams l="543" t="328" r="555" b="350" charConfidence="24">r</charParams>
<charParams l="556" t="329" r="573" b="359" charConfidence="55">g</charParams>
<charParams l="577" t="328" r="592" b="351" charConfidence="100">a</charParams>
<charParams l="597" t="329" r="614" b="351" charConfidence="24">n</charParams>
<charParams l="616" t="330" r="632" b="359" charConfidence="33">g</charParams>
<charParams l="637" t="329" r="649" b="351" charConfidence="43">e</charParams>
<charParams l="651" t="329" r="669" b="353" charConfidence="100">n</charParams>
<charParams l="672" t="332" r="684" b="353" charConfidence="100">e</charParams>
<charParams l="687" t="332" r="701" b="355" charConfidence="39">r</charParams>
<charParams l="702" t="325" r="730" b="360"> </charParams>
<charParams l="731" t="325" r="760" b="360" charConfidence="36">T</charParams>
<charParams l="762" t="335" r="777" b="358" charConfidence="54">a</charParams>
<charParams l="779" t="337" r="796" b="366" charConfidence="55">g</charParams>
<charParams l="800" t="337" r="814" b="359" charConfidence="96">e</charParams>
<charParams l="821" t="350" r="832" b="365" charConfidence="90">,</charParams>
<charParams l="833" t="336" r="878" b="365"> </charParams>
<charParams l="879" t="336" r="905" b="359" charConfidence="28">w</charParams>
<charParams l="908" t="337" r="924" b="359" charConfidence="40">o</charParams>
<charParams l="928" t="337" r="940" b="359" charConfidence="37">r</charParams>
<charParams l="943" t="337" r="959" b="359" charConfidence="50">a</charParams>
<charParams l="962" t="336" r="982" b="359" charConfidence="100">n</charParams></formatting></line>
<line baseline="415" l="188" t="378" r="980" b="427"><formatting lang="OldGerman">
<charParams l="188" t="384" r="214" b="417" charConfidence="32">C</charParams>
<charParams l="215" t="385" r="233" b="425" charConfidence="57">h</charParams>
<charParams l="236" t="393" r="252" b="415" charConfidence="54">a</charParams>
<charParams l="255" t="392" r="268" b="415" charConfidence="32">r</charParams>
<charParams l="271" t="386" r="280" b="414" charConfidence="30">l</charParams>
<charParams l="282" t="393" r="297" b="415" charConfidence="40">o</charParams>
<charParams l="302" t="389" r="310" b="414" charConfidence="53">t</charParams>
<charParams l="315" t="389" r="326" b="413" charConfidence="100">t</charParams>
<charParams l="328" t="391" r="341" b="413" charConfidence="38">e</charParams>
<charParams l="342" t="389" r="355" b="413"> </charParams>
<charParams l="356" t="389" r="383" b="412" charConfidence="25">w</charParams>
<charParams l="386" t="390" r="401" b="411" charConfidence="36">o</charParams>
<charParams l="405" t="379" r="422" b="420" charConfidence="61">h</charParams>
<charParams l="427" t="382" r="434" b="411" charConfidence="57">l</charParams>
<charParams l="435" t="378" r="451" b="412"> </charParams>
<charParams l="452" t="378" r="479" b="412" charConfidence="46">T</charParams>
<charParams l="483" t="379" r="499" b="419" charConfidence="100">h</charParams>
<charParams l="504" t="389" r="516" b="411" charConfidence="64">e</charParams>
<charParams l="520" t="381" r="527" b="410" charConfidence="-1">i</charParams>
<charParams l="531" t="382" r="538" b="412" charConfidence="46">l</charParams>
<charParams l="539" t="382" r="554" b="421"> </charParams>
<charParams l="555" t="388" r="567" b="421" charConfidence="28">z</charParams>
<charParams l="571" t="389" r="588" b="413" charConfidence="53">u</charParams>
<charParams l="589" t="389" r="604" b="413"> </charParams>
<charParams l="605" t="389" r="623" b="412" charConfidence="85">n</charParams>
<charParams l="626" t="391" r="640" b="412" charConfidence="63">e</charParams>
<charParams l="642" t="381" r="659" b="421" charConfidence="100">h</charParams>
<charParams l="663" t="390" r="690" b="414" charConfidence="54">m</charParams>
<charParams l="695" t="393" r="707" b="415" charConfidence="72">e</charParams>
<charParams l="710" t="393" r="728" b="417" charConfidence="25">n</charParams>
<charParams l="729" t="393" r="745" b="424"> </charParams>
<charParams l="746" t="395" r="764" b="424" charConfidence="26">p</charParams>
<charParams l="768" t="388" r="788" b="426" charConfidence="22">f</charParams>
<charParams l="768" t="388" r="788" b="426" charConfidence="22">l</charParams>
<charParams l="790" t="397" r="803" b="419" charConfidence="26">e</charParams>
<charParams l="804" t="397" r="821" b="427" charConfidence="28">g</charParams>
<charParams l="825" t="393" r="836" b="419" charConfidence="40">t</charParams>
<charParams l="837" t="397" r="850" b="419" charConfidence="26">e</charParams>
<charParams l="852" t="411" r="860" b="420" charConfidence="55">.</charParams>
<charParams l="861" t="388" r="899" b="420"> </charParams>
<charParams l="900" t="388" r="929" b="420" charConfidence="45">A</charParams>
<charParams l="931" t="398" r="949" b="420" charConfidence="34">u</charParams>
<charParams l="952" t="389" r="980" b="424" charConfidence="59">c</charParams>
<charParams l="952" t="389" r="980" b="424" charConfidence="59">h</charParams></formatting></line>
<line baseline="474" l="186" t="441" r="979" b="486"><formatting lang="OldGerman">
<charParams l="186" t="445" r="200" b="481" charConfidence="97">s</charParams>
<charParams l="198" t="452" r="210" b="475" charConfidence="31">e</charParams>
<charParams l="213" t="446" r="232" b="481" charConfidence="25">h</charParams>
<charParams l="234" t="447" r="245" b="473" charConfidence="48">t</charParams>
<charParams l="247" t="451" r="261" b="473" charConfidence="44">e</charParams>
<charParams l="262" t="449" r="290" b="473"> </charParams>
<charParams l="291" t="449" r="320" b="472" charConfidence="55">m</charParams>
<charParams l="324" t="450" r="339" b="472" charConfidence="100">a</charParams>
<charParams l="343" t="449" r="360" b="472" charConfidence="100">n</charParams>
<charParams l="361" t="441" r="385" b="480"> </charParams>
<charParams l="386" t="441" r="404" b="480" charConfidence="55">s</charParams>
<charParams l="386" t="441" r="404" b="480" charConfidence="55">i</charParams>
<charParams l="407" t="441" r="434" b="478" charConfidence="70">c</charParams>
<charParams l="407" t="441" r="434" b="478" suspicious="1" charConfidence="70">h</charParams>
<charParams l="435" t="441" r="457" b="478"> </charParams>
<charParams l="458" t="449" r="475" b="472" charConfidence="33">v</charParams>
<charParams l="479" t="450" r="494" b="472" charConfidence="38">o</charParams>
<charParams l="497" t="449" r="511" b="472" charConfidence="100">r</charParams>
<charParams l="520" t="463" r="529" b="478" charConfidence="78">,</charParams>
<charParams l="530" t="448" r="568" b="478"> </charParams>
<charParams l="569" t="448" r="596" b="473" charConfidence="55">w</charParams>
<charParams l="600" t="450" r="612" b="472" charConfidence="36">e</charParams>
<charParams l="615" t="450" r="632" b="473" charConfidence="100">n</charParams>
<charParams l="636" t="451" r="654" b="473" charConfidence="100">n</charParams>
<charParams l="655" t="451" r="685" b="476"> </charParams>
<charParams l="686" t="451" r="705" b="476" charConfidence="28">n</charParams>
<charParams l="708" t="453" r="725" b="476" charConfidence="100">u</charParams>
<charParams l="729" t="454" r="743" b="477" charConfidence="33">r</charParams>
<charParams l="744" t="449" r="773" b="477"> </charParams>
<charParams l="774" t="449" r="790" b="477" charConfidence="52">d</charParams>
<charParams l="794" t="448" r="802" b="478" charConfidence="34">i</charParams>
<charParams l="805" t="456" r="819" b="477" charConfidence="100">e</charParams>
<charParams l="820" t="456" r="850" b="478"> </charParams>
<charParams l="851" t="456" r="870" b="478" charConfidence="26">n</charParams>
<charParams l="872" t="447" r="888" b="478" charConfidence="57">ä</charParams>
<charParams l="891" t="449" r="918" b="479" charConfidence="14">c</charParams>
<charParams l="891" t="449" r="918" b="479" suspicious="1" charConfidence="14">h</charParams>
<charParams l="922" t="448" r="942" b="486" charConfidence="29">s</charParams>
<charParams l="922" t="448" r="942" b="486" suspicious="1" charConfidence="29">t</charParams>
<charParams l="945" t="456" r="957" b="479" charConfidence="26">e</charParams>
<charParams l="960" t="456" r="979" b="479" suspicious="1" charConfidence="-1">»</charParams></formatting></line>
<line baseline="535" l="184" t="502" r="978" b="544"><formatting lang="OldGerman">
<charParams l="184" t="502" r="214" b="536" charConfidence="24">A</charParams>
<charParams l="215" t="512" r="228" b="535" charConfidence="31">r</charParams>
<charParams l="231" t="502" r="246" b="534" charConfidence="36">b</charParams>
<charParams l="250" t="511" r="262" b="535" charConfidence="100">e</charParams>
<charParams l="266" t="504" r="274" b="535" charConfidence="27">i</charParams>
<charParams l="277" t="508" r="288" b="535" charConfidence="55">t</charParams>
<charParams l="290" t="511" r="301" b="534" charConfidence="25">e</charParams>
<charParams l="305" t="511" r="323" b="534" charConfidence="61">n</charParams>
<charParams l="324" t="511" r="354" b="534"> </charParams>
<charParams l="355" t="511" r="367" b="534" charConfidence="100">e</charParams>
<charParams l="370" t="511" r="383" b="534" charConfidence="25">r</charParams>
<charParams l="387" t="503" r="407" b="542" charConfidence="31">s</charParams>
<charParams l="387" t="503" r="407" b="542" charConfidence="31">t</charParams>
<charParams l="408" t="503" r="436" b="542"> </charParams>
<charParams l="437" t="511" r="454" b="542" charConfidence="26">g</charParams>
<charParams l="459" t="511" r="470" b="534" charConfidence="25">e</charParams>
<charParams l="474" t="507" r="484" b="535" charConfidence="40">t</charParams>
<charParams l="487" t="502" r="504" b="543" charConfidence="96">h</charParams>
<charParams l="508" t="510" r="523" b="533" charConfidence="25">a</charParams>
<charParams l="527" t="511" r="546" b="535" charConfidence="30">n</charParams>
<charParams l="547" t="510" r="575" b="535"> </charParams>
<charParams l="576" t="510" r="602" b="534" charConfidence="34">w</charParams>
<charParams l="606" t="503" r="621" b="535" charConfidence="32">ä</charParams>
<charParams l="626" t="511" r="639" b="534" charConfidence="28">r</charParams>
<charParams l="641" t="512" r="653" b="536" charConfidence="30">e</charParams>
<charParams l="657" t="513" r="673" b="535" charConfidence="55">n</charParams>
<charParams l="683" t="527" r="692" b="543" charConfidence="80">,</charParams>
<charParams l="693" t="514" r="734" b="543"> </charParams>
<charParams l="735" t="514" r="751" b="536" charConfidence="28">a</charParams>
<charParams l="755" t="514" r="773" b="536" charConfidence="100">n</charParams>
<charParams l="774" t="509" r="804" b="537"> </charParams>
<charParams l="805" t="509" r="820" b="537" charConfidence="27">d</charParams>
<charParams l="824" t="508" r="833" b="537" charConfidence="28">i</charParams>
<charParams l="835" t="515" r="849" b="537" charConfidence="62">e</charParams>
<charParams l="850" t="505" r="879" b="538"> </charParams>
<charParams l="880" t="505" r="912" b="538" charConfidence="31">N</charParams>
<charParams l="916" t="517" r="927" b="538" charConfidence="51">e</charParams>
<charParams l="931" t="509" r="938" b="537" charConfidence="28">i</charParams>
<charParams l="943" t="508" r="956" b="544" charConfidence="26">s</charParams>
<charParams l="953" t="516" r="965" b="538" charConfidence="25">e</charParams>
<charParams l="968" t="518" r="978" b="534" charConfidence="22">-</charParams></formatting></line>
<line baseline="599" l="181" t="565" r="978" b="609"><formatting lang="OldGerman">
<charParams l="181" t="568" r="191" b="607" charConfidence="80">j</charParams>
<charParams l="195" t="576" r="209" b="599" charConfidence="40">o</charParams>
<charParams l="213" t="575" r="230" b="599" charConfidence="54">u</charParams>
<charParams l="234" t="575" r="246" b="599" charConfidence="44">r</charParams>
<charParams l="250" t="574" r="266" b="598" suspicious="1" charConfidence="24">u</charParams>
<charParams l="271" t="575" r="285" b="599" charConfidence="24">a</charParams>
<charParams l="290" t="567" r="299" b="599" charConfidence="100">l</charParams>
<charParams l="301" t="575" r="314" b="599" charConfidence="30">e</charParams>
<charParams l="315" t="574" r="345" b="609"> </charParams>
<charParams l="346" t="574" r="358" b="609" charConfidence="37">z</charParams>
<charParams l="362" t="575" r="380" b="599" charConfidence="52">u</charParams>
<charParams l="381" t="575" r="413" b="607"> </charParams>
<charParams l="414" t="575" r="430" b="607" charConfidence="53">g</charParams>
<charParams l="434" t="575" r="445" b="598" charConfidence="100">e</charParams>
<charParams l="449" t="565" r="465" b="606" charConfidence="100">h</charParams>
<charParams l="470" t="575" r="482" b="599" charConfidence="34">e</charParams>
<charParams l="485" t="574" r="503" b="599" charConfidence="34">n</charParams>
<charParams l="504" t="574" r="535" b="599"> </charParams>
<charParams l="536" t="575" r="553" b="599" charConfidence="54">u</charParams>
<charParams l="557" t="575" r="574" b="599" charConfidence="100">n</charParams>
<charParams l="578" t="569" r="593" b="599" charConfidence="35">d</charParams>
<charParams l="594" t="569" r="618" b="599"> </charParams>
<charParams l="619" t="576" r="634" b="598" charConfidence="36">a</charParams>
<charParams l="639" t="576" r="656" b="600" charConfidence="54">u</charParams>
<charParams l="659" t="567" r="686" b="607" charConfidence="62">c</charParams>
<charParams l="659" t="567" r="686" b="607" charConfidence="62">h</charParams>
<charParams l="687" t="567" r="711" b="607"> </charParams>
<charParams l="712" t="576" r="727" b="600" charConfidence="25">a</charParams>
<charParams l="732" t="576" r="748" b="600" charConfidence="54">u</charParams>
<charParams l="752" t="567" r="766" b="607" charConfidence="57">f</charParams>
<charParams l="767" t="567" r="787" b="607"> </charParams>
<charParams l="788" t="570" r="803" b="600" charConfidence="26">d</charParams>
<charParams l="808" t="568" r="815" b="601" charConfidence="-1">i</charParams>
<charParams l="819" t="576" r="830" b="600" charConfidence="28">e</charParams>
<charParams l="835" t="567" r="847" b="608" charConfidence="38">s</charParams>
<charParams l="846" t="577" r="859" b="599" charConfidence="66">e</charParams>
<charParams l="860" t="566" r="881" b="601"> </charParams>
<charParams l="882" t="566" r="923" b="601" charConfidence="46">W</charParams>
<charParams l="926" t="576" r="938" b="599" charConfidence="46">e</charParams>
<charParams l="942" t="569" r="950" b="600" charConfidence="32">i</charParams>
<charParams l="953" t="567" r="966" b="607" charConfidence="100">s</charParams>
<charParams l="964" t="576" r="978" b="600" charConfidence="53">e</charParams></formatting></line>
<line baseline="664" l="183" t="629" r="749" b="674"><formatting lang="OldGerman">
<charParams l="183" t="633" r="198" b="662" charConfidence="29">d</charParams>
<charParams l="203" t="631" r="211" b="663" charConfidence="69">i</charParams>
<charParams l="214" t="638" r="227" b="663" charConfidence="31">e</charParams>
<charParams l="228" t="630" r="250" b="663"> </charParams>
<charParams l="251" t="630" r="281" b="663" charConfidence="33">V</charParams>
<charParams l="285" t="639" r="296" b="663" charConfidence="100">e</charParams>
<charParams l="300" t="639" r="313" b="663" charConfidence="93">r</charParams>
<charParams l="314" t="639" r="331" b="670" charConfidence="25">g</charParams>
<charParams l="335" t="639" r="350" b="662" charConfidence="24">a</charParams>
<charParams l="354" t="639" r="371" b="663" charConfidence="27">n</charParams>
<charParams l="374" t="639" r="391" b="671" charConfidence="25">g</charParams>
<charParams l="395" t="639" r="407" b="663" charConfidence="32">e</charParams>
<charParams l="410" t="639" r="426" b="663" charConfidence="47">n</charParams>
<charParams l="430" t="629" r="447" b="672" charConfidence="100">h</charParams>
<charParams l="452" t="639" r="464" b="664" charConfidence="33">e</charParams>
<charParams l="468" t="631" r="475" b="663" charConfidence="82">i</charParams>
<charParams l="479" t="635" r="490" b="664" charConfidence="37">t</charParams>
<charParams l="491" t="630" r="513" b="672"> </charParams>
<charParams l="514" t="630" r="531" b="672" suspicious="1" charConfidence="83">h</charParams>
<charParams l="536" t="640" r="547" b="663" charConfidence="25">e</charParams>
<charParams l="550" t="639" r="563" b="664" charConfidence="91">r</charParams>
<charParams l="565" t="640" r="582" b="664" charConfidence="74">v</charParams>
<charParams l="585" t="640" r="600" b="664" charConfidence="44">o</charParams>
<charParams l="604" t="639" r="617" b="664" charConfidence="34">r</charParams>
<charParams l="619" t="639" r="631" b="674" charConfidence="25">z</charParams>
<charParams l="634" t="640" r="652" b="665" charConfidence="62">u</charParams>
<charParams l="655" t="639" r="668" b="664" charConfidence="62">r</charParams>
<charParams l="671" t="640" r="688" b="664" charConfidence="100">u</charParams>
<charParams l="692" t="630" r="706" b="670" charConfidence="40">f</charParams>
<charParams l="704" t="640" r="716" b="664" charConfidence="100">e</charParams>
<charParams l="719" t="639" r="736" b="664" charConfidence="73">n</charParams>
<charParams l="739" t="652" r="749" b="664" charConfidence="59">.</charParams></formatting></line></par>
<par align="Justified" startIndent="2052" lineSpacing="1464">
<line baseline="791" l="247" t="757" r="975" b="801"><formatting lang="OldGerman">
<charParams l="247" t="757" r="274" b="791" charConfidence="100">U</charParams>
<charParams l="277" t="767" r="289" b="790" charConfidence="34">e</charParams>
<charParams l="292" t="757" r="307" b="790" charConfidence="32">b</charParams>
<charParams l="311" t="766" r="324" b="790" charConfidence="96">r</charParams>
<charParams l="327" t="758" r="335" b="790" charConfidence="50">i</charParams>
<charParams l="336" t="766" r="353" b="798" charConfidence="25">g</charParams>
<charParams l="357" t="767" r="370" b="790" charConfidence="30">e</charParams>
<charParams l="372" t="766" r="390" b="790" charConfidence="56">n</charParams>
<charParams l="391" t="761" r="409" b="790" suspicious="1" charConfidence="-1">s</charParams>
<charParams l="410" t="758" r="447" b="801"> </charParams>
<charParams l="448" t="758" r="465" b="801" suspicious="1" charConfidence="88">h</charParams>
<charParams l="469" t="767" r="485" b="790" charConfidence="100">a</charParams>
<charParams l="488" t="762" r="499" b="791" charConfidence="100">t</charParams>
<charParams l="502" t="763" r="512" b="791" charConfidence="50">t</charParams>
<charParams l="514" t="767" r="528" b="791" charConfidence="62">e</charParams>
<charParams l="529" t="757" r="559" b="793"> </charParams>
<charParams l="560" t="757" r="588" b="793" charConfidence="45">E</charParams>
<charParams l="590" t="761" r="605" b="792" charConfidence="32">d</charParams>
<charParams l="609" t="767" r="625" b="791" charConfidence="24">u</charParams>
<charParams l="630" t="767" r="645" b="791" charConfidence="30">a</charParams>
<charParams l="649" t="767" r="662" b="791" charConfidence="88">r</charParams>
<charParams l="665" t="761" r="681" b="791" charConfidence="29">d</charParams>
<charParams l="682" t="761" r="712" b="792"> </charParams>
<charParams l="713" t="766" r="742" b="792" charConfidence="46">m</charParams>
<charParams l="746" t="760" r="754" b="791" charConfidence="100">i</charParams>
<charParams l="759" t="764" r="771" b="792" charConfidence="46">t</charParams>
<charParams l="772" t="757" r="801" b="792"> </charParams>
<charParams l="802" t="757" r="826" b="792" charConfidence="41">C</charParams>
<charParams l="829" t="757" r="846" b="800" charConfidence="66">h</charParams>
<charParams l="849" t="766" r="865" b="790" charConfidence="54">a</charParams>
<charParams l="869" t="766" r="881" b="790" charConfidence="61">r</charParams>
<charParams l="885" t="759" r="894" b="790" charConfidence="75">l</charParams>
<charParams l="896" t="767" r="910" b="789" charConfidence="43">o</charParams>
<charParams l="915" t="762" r="925" b="790" charConfidence="63">t</charParams>
<charParams l="928" t="762" r="938" b="789" charConfidence="100">t</charParams>
<charParams l="941" t="766" r="952" b="790" charConfidence="30">e</charParams>
<charParams l="955" t="765" r="975" b="790" charConfidence="30">n</charParams></formatting></line>
<line baseline="850" l="179" t="817" r="974" b="862"><formatting lang="OldGerman">
<charParams l="179" t="825" r="195" b="848" charConfidence="25">a</charParams>
<charParams l="200" t="818" r="208" b="848" charConfidence="42">l</charParams>
<charParams l="209" t="817" r="218" b="848" charConfidence="99">l</charParams>
<charParams l="220" t="825" r="232" b="847" charConfidence="57">e</charParams>
<charParams l="235" t="818" r="243" b="847" charConfidence="76">i</charParams>
<charParams l="247" t="826" r="265" b="848" charConfidence="23">n</charParams>
<charParams l="266" t="824" r="296" b="849"> </charParams>
<charParams l="297" t="824" r="323" b="849" charConfidence="31">w</charParams>
<charParams l="327" t="827" r="339" b="849" charConfidence="30">e</charParams>
<charParams l="342" t="827" r="359" b="849" charConfidence="46">n</charParams>
<charParams l="363" t="820" r="372" b="850" charConfidence="100">i</charParams>
<charParams l="373" t="828" r="389" b="858" charConfidence="27">g</charParams>
<charParams l="394" t="828" r="406" b="851" charConfidence="27">e</charParams>
<charParams l="407" t="827" r="423" b="851" suspicious="1" charConfidence="25">r</charParams>
<charParams l="424" t="819" r="454" b="852"> </charParams>
<charParams l="455" t="819" r="491" b="852" charConfidence="30">S</charParams>
<charParams l="495" t="826" r="506" b="851" charConfidence="59">t</charParams>
<charParams l="509" t="829" r="523" b="851" charConfidence="47">o</charParams>
<charParams l="528" t="821" r="551" b="861" charConfidence="81">f</charParams>
<charParams l="528" t="821" r="551" b="861" charConfidence="81">f</charParams>
<charParams l="552" t="821" r="576" b="861"> </charParams>
<charParams l="577" t="828" r="591" b="861" charConfidence="51">z</charParams>
<charParams l="595" t="829" r="611" b="852" charConfidence="28">u</charParams>
<charParams l="615" t="829" r="629" b="852" charConfidence="28">r</charParams>
<charParams l="630" t="821" r="652" b="852"> </charParams>
<charParams l="653" t="821" r="678" b="852" charConfidence="100">U</charParams>
<charParams l="681" t="829" r="698" b="852" charConfidence="37">n</charParams>
<charParams l="702" t="826" r="712" b="852" charConfidence="100">t</charParams>
<charParams l="715" t="829" r="728" b="852" charConfidence="29">e</charParams>
<charParams l="731" t="830" r="743" b="852" charConfidence="92">r</charParams>
<charParams l="746" t="820" r="763" b="862" charConfidence="36">h</charParams>
<charParams l="767" t="830" r="782" b="852" charConfidence="100">a</charParams>
<charParams l="787" t="822" r="795" b="852" charConfidence="37">l</charParams>
<charParams l="798" t="827" r="808" b="852" charConfidence="48">t</charParams>
<charParams l="810" t="829" r="827" b="853" charConfidence="100">u</charParams>
<charParams l="831" t="829" r="848" b="851" charConfidence="36">n</charParams>
<charParams l="850" t="829" r="867" b="858" charConfidence="29">g</charParams>
<charParams l="877" t="842" r="887" b="856" charConfidence="90">,</charParams>
<charParams l="888" t="820" r="928" b="856"> </charParams>
<charParams l="929" t="820" r="945" b="850" charConfidence="70">b</charParams>
<charParams l="949" t="827" r="962" b="850" charConfidence="28">e</charParams>
<charParams l="963" t="831" r="974" b="846" charConfidence="100">¬</charParams></formatting></line>
<line baseline="908" l="178" t="875" r="972" b="919"><formatting lang="OldGerman">
<charParams l="178" t="875" r="192" b="913" charConfidence="41">s</charParams>
<charParams l="190" t="884" r="205" b="904" charConfidence="35">o</charParams>
<charParams l="209" t="883" r="225" b="905" charConfidence="53">n</charParams>
<charParams l="229" t="877" r="245" b="904" charConfidence="36">d</charParams>
<charParams l="248" t="883" r="261" b="904" charConfidence="30">e</charParams>
<charParams l="264" t="883" r="277" b="904" charConfidence="57">r</charParams>
<charParams l="280" t="878" r="297" b="904" charConfidence="-1">s</charParams>
<charParams l="298" t="877" r="327" b="911"> </charParams>
<charParams l="328" t="877" r="341" b="911" charConfidence="47">s</charParams>
<charParams l="340" t="885" r="353" b="906" charConfidence="29">e</charParams>
<charParams l="356" t="878" r="364" b="906" charConfidence="37">i</charParams>
<charParams l="367" t="883" r="377" b="906" charConfidence="49">t</charParams>
<charParams l="380" t="880" r="396" b="908" charConfidence="75">d</charParams>
<charParams l="400" t="887" r="412" b="908" charConfidence="100">e</charParams>
<charParams l="414" t="886" r="443" b="908" suspicious="1" charConfidence="100">m</charParams>
<charParams l="444" t="886" r="473" b="909"> </charParams>
<charParams l="474" t="888" r="487" b="909" charConfidence="27">e</charParams>
<charParams l="489" t="888" r="504" b="909" charConfidence="32">r</charParams>
<charParams l="505" t="881" r="534" b="910"> </charParams>
<charParams l="535" t="881" r="552" b="910" charConfidence="26">d</charParams>
<charParams l="555" t="888" r="567" b="910" charConfidence="25">e</charParams>
<charParams l="569" t="888" r="589" b="910" suspicious="1" charConfidence="73">n</charParams>
<charParams l="590" t="880" r="618" b="912"> </charParams>
<charParams l="619" t="880" r="649" b="912" charConfidence="34">T</charParams>
<charParams l="649" t="890" r="666" b="911" charConfidence="51">a</charParams>
<charParams l="669" t="883" r="685" b="911" charConfidence="41">d</charParams>
<charParams l="688" t="888" r="702" b="910" charConfidence="33">e</charParams>
<charParams l="703" t="881" r="714" b="910" charConfidence="36">l</charParams>
<charParams l="715" t="881" r="736" b="911"> </charParams>
<charParams l="737" t="882" r="745" b="911" charConfidence="25">i</charParams>
<charParams l="749" t="880" r="766" b="919" charConfidence="68">h</charParams>
<charParams l="769" t="889" r="783" b="911" charConfidence="33">r</charParams>
<charParams l="785" t="889" r="798" b="910" charConfidence="28">e</charParams>
<charParams l="800" t="888" r="814" b="910" charConfidence="97">r</charParams>
<charParams l="815" t="879" r="836" b="917"> </charParams>
<charParams l="837" t="879" r="869" b="917" charConfidence="54">P</charParams>
<charParams l="873" t="888" r="889" b="909" charConfidence="96">a</charParams>
<charParams l="892" t="887" r="906" b="909" charConfidence="100">r</charParams>
<charParams l="908" t="878" r="921" b="908" charConfidence="47">k</charParams>
<charParams l="922" t="887" r="938" b="910" charConfidence="32">a</charParams>
<charParams l="941" t="886" r="959" b="909" charConfidence="100">n</charParams>
<charParams l="962" t="890" r="972" b="905" charConfidence="22">¬</charParams></formatting></line>
<line baseline="968" l="178" t="935" r="970" b="975"><formatting lang="OldGerman">
<charParams l="178" t="936" r="187" b="966" charConfidence="77">l</charParams>
<charParams l="190" t="942" r="205" b="965" charConfidence="100">a</charParams>
<charParams l="208" t="943" r="224" b="973" charConfidence="24">g</charParams>
<charParams l="229" t="942" r="240" b="965" charConfidence="100">e</charParams>
<charParams l="244" t="943" r="261" b="966" charConfidence="24">n</charParams>
<charParams l="270" t="958" r="279" b="973" charConfidence="71">,</charParams>
<charParams l="280" t="937" r="320" b="973"> </charParams>
<charParams l="321" t="937" r="335" b="966" charConfidence="26">d</charParams>
<charParams l="340" t="943" r="352" b="966" charConfidence="29">e</charParams>
<charParams l="354" t="942" r="368" b="966" charConfidence="38">r</charParams>
<charParams l="369" t="937" r="399" b="966"> </charParams>
<charParams l="400" t="937" r="408" b="966" charConfidence="26">i</charParams>
<charParams l="412" t="935" r="429" b="975" charConfidence="79">h</charParams>
<charParams l="430" t="943" r="461" b="967" charConfidence="49">m</charParams>
<charParams l="462" t="936" r="491" b="974"> </charParams>
<charParams l="492" t="936" r="507" b="974" charConfidence="54">s</charParams>
<charParams l="505" t="944" r="520" b="967" charConfidence="46">o</charParams>
<charParams l="521" t="944" r="548" b="975"> </charParams>
<charParams l="549" t="944" r="567" b="975" charConfidence="27">g</charParams>
<charParams l="572" t="944" r="584" b="967" charConfidence="31">e</charParams>
<charParams l="587" t="945" r="600" b="968" charConfidence="40">r</charParams>
<charParams l="602" t="946" r="614" b="968" charConfidence="26">e</charParams>
<charParams l="617" t="939" r="643" b="974" charConfidence="59">c</charParams>
<charParams l="617" t="939" r="643" b="974" charConfidence="59">h</charParams>
<charParams l="647" t="943" r="659" b="968" charConfidence="39">t</charParams>
<charParams l="660" t="938" r="681" b="974"> </charParams>
<charParams l="682" t="938" r="696" b="974" charConfidence="46">s</charParams>
<charParams l="694" t="938" r="721" b="974" charConfidence="71">c</charParams>
<charParams l="694" t="938" r="721" b="974" charConfidence="71">h</charParams>
<charParams l="724" t="939" r="733" b="968" charConfidence="50">i</charParams>
<charParams l="735" t="946" r="748" b="968" charConfidence="36">e</charParams>
<charParams l="751" t="945" r="769" b="969" charConfidence="41">n</charParams>
<charParams l="777" t="959" r="789" b="975" charConfidence="71">,</charParams>
<charParams l="790" t="947" r="831" b="975"> </charParams>
<charParams l="832" t="947" r="848" b="971" charConfidence="25">a</charParams>
<charParams l="852" t="947" r="868" b="969" charConfidence="28">u</charParams>
<charParams l="872" t="937" r="887" b="975" charConfidence="100">f</charParams>
<charParams l="888" t="937" r="906" b="975"> </charParams>
<charParams l="907" t="941" r="922" b="968" charConfidence="27">d</charParams>
<charParams l="926" t="946" r="938" b="969" charConfidence="62">e</charParams>
<charParams l="942" t="946" r="970" b="970" charConfidence="84">m</charParams></formatting></line>
<line baseline="1030" l="177" t="995" r="968" b="1041"><formatting lang="OldGerman">
<charParams l="177" t="995" r="208" b="1037" charConfidence="30">H</charParams>
<charParams l="212" t="1007" r="223" b="1030" charConfidence="100">e</charParams>
<charParams l="227" t="1007" r="240" b="1030" charConfidence="100">r</charParams>
<charParams l="242" t="1007" r="254" b="1041" charConfidence="26">z</charParams>
<charParams l="259" t="1008" r="269" b="1031" charConfidence="100">e</charParams>
<charParams l="274" t="1007" r="292" b="1030" charConfidence="24">n</charParams>
<charParams l="293" t="998" r="309" b="1037"> </charParams>
<charParams l="310" t="998" r="330" b="1037" charConfidence="23">f</charParams>
<charParams l="329" t="997" r="346" b="1029" charConfidence="26">ü</charParams>
<charParams l="351" t="997" r="366" b="1039" charConfidence="84">h</charParams>
<charParams l="370" t="999" r="379" b="1030" charConfidence="57">l</charParams>
<charParams l="383" t="1003" r="392" b="1030" charConfidence="30">t</charParams>
<charParams l="395" t="1005" r="409" b="1030" charConfidence="55">e</charParams>
<charParams l="409" t="1019" r="417" b="1029" suspicious="1" charConfidence="88">.</charParams>
<charParams l="418" t="996" r="463" b="1030"> </charParams>
<charParams l="464" t="996" r="482" b="1030" charConfidence="38">L</charParams>
<charParams l="486" t="1006" r="502" b="1029" charConfidence="54">a</charParams>
<charParams l="505" t="1006" r="522" b="1029" charConfidence="67">n</charParams>
<charParams l="524" t="1006" r="542" b="1036" charConfidence="27">g</charParams>
<charParams l="545" t="1005" r="558" b="1029" charConfidence="31">e</charParams>
<charParams l="559" t="1005" r="580" b="1029"> </charParams>
<charParams l="581" t="1007" r="597" b="1028" charConfidence="57">v</charParams>
<charParams l="603" t="1006" r="614" b="1028" charConfidence="27">e</charParams>
<charParams l="618" t="1006" r="630" b="1029" charConfidence="100">r</charParams>
<charParams l="633" t="998" r="646" b="1035" charConfidence="31">s</charParams>
<charParams l="644" t="999" r="670" b="1036" charConfidence="100">c</charParams>
<charParams l="644" t="999" r="670" b="1036" charConfidence="100">h</charParams>
<charParams l="674" t="1006" r="700" b="1029" charConfidence="24">w</charParams>
<charParams l="704" t="999" r="711" b="1030" charConfidence="66">i</charParams>
<charParams l="715" t="1006" r="728" b="1029" charConfidence="27">e</charParams>
<charParams l="728" t="1006" r="746" b="1037" charConfidence="26">g</charParams>
<charParams l="747" t="1006" r="770" b="1037"> </charParams>
<charParams l="771" t="1007" r="785" b="1031" charConfidence="49">e</charParams>
<charParams l="787" t="1007" r="801" b="1030" charConfidence="100">r</charParams>
<charParams l="802" t="1006" r="823" b="1031"> </charParams>
<charParams l="824" t="1006" r="850" b="1031" charConfidence="38">w</charParams>
<charParams l="854" t="1008" r="869" b="1031" charConfidence="29">a</charParams>
<charParams l="874" t="1003" r="889" b="1032" charConfidence="100">s</charParams>
<charParams l="890" t="1001" r="906" b="1032"> </charParams>
<charParams l="907" t="1001" r="915" b="1032" charConfidence="26">i</charParams>
<charParams l="919" t="1001" r="935" b="1041" charConfidence="100">h</charParams>
<charParams l="939" t="1009" r="968" b="1033" charConfidence="55">m</charParams></formatting></line>
<line baseline="1092" l="177" t="1059" r="968" b="1102"><formatting lang="OldGerman">
<charParams l="177" t="1063" r="192" b="1093" charConfidence="26">d</charParams>
<charParams l="197" t="1070" r="209" b="1093" charConfidence="51">e</charParams>
<charParams l="212" t="1070" r="225" b="1093" charConfidence="24">r</charParams>
<charParams l="226" t="1060" r="247" b="1101"> </charParams>
<charParams l="248" t="1060" r="280" b="1101" charConfidence="28">H</charParams>
<charParams l="283" t="1071" r="299" b="1094" charConfidence="100">a</charParams>
<charParams l="303" t="1070" r="320" b="1094" charConfidence="47">u</charParams>
<charParams l="323" t="1070" r="339" b="1102" charConfidence="100">p</charParams>
<charParams l="343" t="1067" r="353" b="1094" charConfidence="100">t</charParams>
<charParams l="357" t="1069" r="384" b="1094" charConfidence="25">m</charParams>
<charParams l="388" t="1069" r="403" b="1093" charConfidence="100">a</charParams>
<charParams l="407" t="1068" r="424" b="1093" charConfidence="100">n</charParams>
<charParams l="428" t="1068" r="446" b="1092" charConfidence="40">n</charParams>
<charParams l="447" t="1068" r="477" b="1092"> </charParams>
<charParams l="478" t="1068" r="495" b="1092" charConfidence="26">v</charParams>
<charParams l="500" t="1069" r="511" b="1092" charConfidence="100">e</charParams>
<charParams l="515" t="1068" r="527" b="1091" charConfidence="100">r</charParams>
<charParams l="531" t="1065" r="541" b="1092" charConfidence="28">t</charParams>
<charParams l="544" t="1068" r="556" b="1092" charConfidence="100">r</charParams>
<charParams l="559" t="1068" r="574" b="1092" charConfidence="100">a</charParams>
<charParams l="579" t="1068" r="595" b="1091" charConfidence="25">u</charParams>
<charParams l="599" t="1065" r="610" b="1091" charConfidence="51">t</charParams>
<charParams l="611" t="1059" r="633" b="1100"> </charParams>
<charParams l="634" t="1059" r="651" b="1100" suspicious="1" charConfidence="100">h</charParams>
<charParams l="655" t="1068" r="670" b="1091" charConfidence="54">a</charParams>
<charParams l="674" t="1064" r="685" b="1090" charConfidence="83">t</charParams>
<charParams l="687" t="1064" r="698" b="1091" charConfidence="100">t</charParams>
<charParams l="700" t="1067" r="714" b="1091" charConfidence="61">e</charParams>
<charParams l="722" t="1069" r="733" b="1099" charConfidence="47">;</charParams>
<charParams l="734" t="1069" r="774" b="1099"> </charParams>
<charParams l="775" t="1069" r="791" b="1092" charConfidence="100">a</charParams>
<charParams l="796" t="1061" r="811" b="1093" charConfidence="51">b</charParams>
<charParams l="815" t="1070" r="826" b="1093" charConfidence="46">e</charParams>
<charParams l="830" t="1070" r="843" b="1093" charConfidence="26">r</charParams>
<charParams l="844" t="1070" r="866" b="1093"> </charParams>
<charParams l="867" t="1070" r="882" b="1092" charConfidence="54">a</charParams>
<charParams l="887" t="1063" r="895" b="1093" charConfidence="36">l</charParams>
<charParams l="898" t="1066" r="913" b="1095" charConfidence="100">s</charParams>
<charParams l="914" t="1066" r="938" b="1095"> </charParams>
<charParams l="939" t="1072" r="951" b="1095" charConfidence="42">e</charParams>
<charParams l="954" t="1072" r="968" b="1095" charConfidence="32">r</charParams></formatting></line>
<line baseline="1156" l="174" t="1121" r="966" b="1166"><formatting lang="OldGerman">
<charParams l="174" t="1124" r="188" b="1162" charConfidence="52">s</charParams>
<charParams l="187" t="1133" r="199" b="1155" charConfidence="56">e</charParams>
<charParams l="203" t="1125" r="211" b="1156" charConfidence="56">i</charParams>
<charParams l="214" t="1133" r="231" b="1157" charConfidence="61">n</charParams>
<charParams l="235" t="1134" r="248" b="1157" charConfidence="31">e</charParams>
<charParams l="249" t="1124" r="273" b="1159"> </charParams>
<charParams l="274" t="1124" r="307" b="1159" charConfidence="22">G</charParams>
<charParams l="312" t="1135" r="326" b="1157" charConfidence="24">a</charParams>
<charParams l="331" t="1131" r="354" b="1158" charConfidence="70">t</charParams>
<charParams l="331" t="1131" r="354" b="1158" charConfidence="70">t</charParams>
<charParams l="356" t="1127" r="365" b="1157" charConfidence="38">i</charParams>
<charParams l="369" t="1134" r="385" b="1158" charConfidence="54">n</charParams>
<charParams l="389" t="1133" r="408" b="1158" charConfidence="25">n</charParams>
<charParams l="409" t="1132" r="437" b="1166"> </charParams>
<charParams l="438" t="1132" r="450" b="1166" charConfidence="54">z</charParams>
<charParams l="454" t="1133" r="470" b="1157" charConfidence="37">u</charParams>
<charParams l="475" t="1125" r="483" b="1157" charConfidence="66">l</charParams>
<charParams l="485" t="1132" r="497" b="1156" charConfidence="32">e</charParams>
<charParams l="501" t="1128" r="518" b="1164" charConfidence="36">t</charParams>
<charParams l="501" t="1128" r="518" b="1164" charConfidence="36">z</charParams>
<charParams l="522" t="1129" r="532" b="1156" charConfidence="31">t</charParams>
<charParams l="533" t="1123" r="556" b="1156"> </charParams>
<charParams l="557" t="1123" r="572" b="1156" charConfidence="27">b</charParams>
<charParams l="577" t="1132" r="588" b="1155" charConfidence="28">e</charParams>
<charParams l="592" t="1123" r="605" b="1161" charConfidence="31">s</charParams>
<charParams l="603" t="1123" r="629" b="1162" charConfidence="38">c</charParams>
<charParams l="603" t="1123" r="629" b="1162" charConfidence="38">h</charParams>
<charParams l="633" t="1121" r="648" b="1155" charConfidence="25">ä</charParams>
<charParams l="651" t="1122" r="666" b="1160" charConfidence="43">f</charParams>
<charParams l="665" t="1128" r="674" b="1154" charConfidence="85">t</charParams>
<charParams l="678" t="1123" r="685" b="1154" charConfidence="43">i</charParams>
<charParams l="687" t="1130" r="704" b="1161" charConfidence="55">g</charParams>
<charParams l="708" t="1127" r="719" b="1154" charConfidence="93">t</charParams>
<charParams l="720" t="1122" r="742" b="1160"> </charParams>
<charParams l="743" t="1122" r="756" b="1160" charConfidence="44">s</charParams>
<charParams l="754" t="1131" r="769" b="1153" charConfidence="24">a</charParams>
<charParams l="773" t="1123" r="791" b="1164" charConfidence="58">h</charParams>
<charParams l="801" t="1146" r="811" b="1160" charConfidence="100">,</charParams>
<charParams l="812" t="1132" r="833" b="1160"> </charParams>
<charParams l="834" t="1132" r="852" b="1155" charConfidence="100">v</charParams>
<charParams l="856" t="1133" r="870" b="1155" charConfidence="45">o</charParams>
<charParams l="875" t="1133" r="892" b="1156" charConfidence="25">n</charParams>
<charParams l="893" t="1128" r="917" b="1156"> </charParams>
<charParams l="918" t="1128" r="933" b="1156" charConfidence="26">d</charParams>
<charParams l="937" t="1134" r="949" b="1157" charConfidence="26">e</charParams>
<charParams l="952" t="1135" r="966" b="1158" charConfidence="100">r</charParams></formatting></line>
<line baseline="1220" l="175" t="1184" r="967" b="1231"><formatting lang="OldGerman">
<charParams l="175" t="1185" r="219" b="1219" charConfidence="30">M</charParams>
<charParams l="223" t="1197" r="237" b="1219" charConfidence="42">o</charParams>
<charParams l="241" t="1198" r="255" b="1220" charConfidence="58">o</charParams>
<charParams l="259" t="1196" r="274" b="1220" charConfidence="100">s</charParams>
<charParams l="278" t="1188" r="295" b="1229" charConfidence="70">h</charParams>
<charParams l="299" t="1187" r="316" b="1221" charConfidence="77">ü</charParams>
<charParams l="320" t="1194" r="329" b="1221" charConfidence="48">t</charParams>
<charParams l="333" t="1193" r="343" b="1221" charConfidence="30">t</charParams>
<charParams l="346" t="1197" r="359" b="1221" suspicious="1" charConfidence="45">e</charParams>
<charParams l="360" t="1187" r="395" b="1231"> </charParams>
<charParams l="396" t="1187" r="416" b="1231" suspicious="1" charConfidence="26">h</charParams>
<charParams l="421" t="1188" r="428" b="1220" charConfidence="100">i</charParams>
<charParams l="432" t="1197" r="448" b="1220" charConfidence="100">n</charParams>
<charParams l="452" t="1197" r="468" b="1220" charConfidence="54">a</charParams>
<charParams l="471" t="1197" r="488" b="1221" charConfidence="41">u</charParams>
<charParams l="492" t="1188" r="507" b="1227" charConfidence="51">f</charParams>
<charParams l="508" t="1188" r="540" b="1229"> </charParams>
<charParams l="541" t="1195" r="554" b="1229" charConfidence="54">z</charParams>
<charParams l="558" t="1195" r="574" b="1220" charConfidence="37">u</charParams>
<charParams l="578" t="1195" r="592" b="1219" charConfidence="100">r</charParams>
<charParams l="593" t="1184" r="622" b="1220"> </charParams>
<charParams l="623" t="1184" r="651" b="1220" charConfidence="56">A</charParams>
<charParams l="652" t="1194" r="669" b="1217" charConfidence="69">n</charParams>
<charParams l="673" t="1184" r="690" b="1227" charConfidence="84">h</charParams>
<charParams l="695" t="1184" r="708" b="1217" charConfidence="22">ö</charParams>
<charParams l="713" t="1184" r="729" b="1226" charConfidence="75">h</charParams>
<charParams l="733" t="1192" r="746" b="1220" charConfidence="24">e</charParams>
<charParams l="747" t="1191" r="775" b="1220"> </charParams>
<charParams l="776" t="1191" r="803" b="1217" charConfidence="36">w</charParams>
<charParams l="807" t="1186" r="814" b="1219" charConfidence="35">i</charParams>
<charParams l="818" t="1194" r="830" b="1217" charConfidence="60">e</charParams>
<charParams l="833" t="1187" r="848" b="1218" charConfidence="44">d</charParams>
<charParams l="853" t="1195" r="864" b="1218" charConfidence="26">e</charParams>
<charParams l="868" t="1195" r="881" b="1218" charConfidence="51">r</charParams>
<charParams l="882" t="1195" r="911" b="1220"> </charParams>
<charParams l="912" t="1195" r="940" b="1220" charConfidence="100">m</charParams>
<charParams l="944" t="1188" r="952" b="1220" charConfidence="45">i</charParams>
<charParams l="956" t="1193" r="967" b="1221" charConfidence="39">t</charParams></formatting></line>
<line baseline="1282" l="174" t="1248" r="965" b="1291"><formatting lang="OldGerman">
<charParams l="174" t="1248" r="209" b="1282" charConfidence="33">S</charParams>
<charParams l="214" t="1256" r="224" b="1281" charConfidence="66">t</charParams>
<charParams l="227" t="1250" r="244" b="1282" charConfidence="39">ü</charParams>
<charParams l="248" t="1250" r="262" b="1289" charConfidence="100">f</charParams>
<charParams l="260" t="1251" r="287" b="1289" charConfidence="35">c</charParams>
<charParams l="260" t="1251" r="287" b="1289" charConfidence="35">h</charParams>
<charParams l="291" t="1260" r="304" b="1283" charConfidence="33">e</charParams>
<charParams l="307" t="1260" r="324" b="1283" charConfidence="100">n</charParams>
<charParams l="325" t="1260" r="341" b="1283"> </charParams>
<charParams l="342" t="1260" r="359" b="1283" charConfidence="100">u</charParams>
<charParams l="363" t="1260" r="380" b="1283" charConfidence="43">n</charParams>
<charParams l="385" t="1254" r="400" b="1283" charConfidence="32">d</charParams>
<charParams l="401" t="1252" r="410" b="1291"> </charParams>
<charParams l="411" t="1252" r="443" b="1291" charConfidence="44">P</charParams>
<charParams l="448" t="1251" r="461" b="1290" suspicious="1" charConfidence="44">f</charParams>
<charParams l="460" t="1251" r="476" b="1283" suspicious="1" charConfidence="56">ä</charParams>
<charParams l="480" t="1254" r="495" b="1283" charConfidence="27">d</charParams>
<charParams l="499" t="1255" r="525" b="1291" charConfidence="55">c</charParams>
<charParams l="499" t="1255" r="525" b="1291" suspicious="1" charConfidence="55">h</charParams>
<charParams l="530" t="1260" r="541" b="1282" suspicious="1" charConfidence="41">c</charParams>
<charParams l="545" t="1259" r="562" b="1282" charConfidence="31">n</charParams>
<charParams l="563" t="1250" r="581" b="1290"> </charParams>
<charParams l="582" t="1250" r="599" b="1290" charConfidence="53">s</charParams>
<charParams l="582" t="1250" r="599" b="1290" charConfidence="53">i</charParams>
<charParams l="602" t="1250" r="629" b="1288" charConfidence="54">c</charParams>
<charParams l="602" t="1250" r="629" b="1288" charConfidence="54">h</charParams>
<charParams l="630" t="1250" r="648" b="1288"> </charParams>
<charParams l="649" t="1257" r="662" b="1280" charConfidence="33">e</charParams>
<charParams l="665" t="1255" r="693" b="1280" charConfidence="36">m</charParams>
<charParams l="696" t="1257" r="712" b="1288" charConfidence="30">p</charParams>
<charParams l="716" t="1257" r="731" b="1279" charConfidence="57">o</charParams>
<charParams l="735" t="1256" r="748" b="1280" charConfidence="25">r</charParams>
<charParams l="749" t="1255" r="764" b="1289"> </charParams>
<charParams l="765" t="1255" r="776" b="1289" charConfidence="26">z</charParams>
<charParams l="781" t="1257" r="798" b="1280" charConfidence="38">u</charParams>
<charParams l="799" t="1257" r="815" b="1281"> </charParams>
<charParams l="816" t="1258" r="832" b="1281" charConfidence="100">a</charParams>
<charParams l="836" t="1258" r="849" b="1281" charConfidence="75">r</charParams>
<charParams l="853" t="1249" r="867" b="1281" charConfidence="32">b</charParams>
<charParams l="872" t="1259" r="884" b="1282" charConfidence="32">e</charParams>
<charParams l="888" t="1252" r="894" b="1281" charConfidence="-1">i</charParams>
<charParams l="900" t="1256" r="909" b="1282" charConfidence="55">t</charParams>
<charParams l="912" t="1260" r="924" b="1282" charConfidence="77">e</charParams>
<charParams l="927" t="1259" r="944" b="1282" charConfidence="72">n</charParams>
<charParams l="955" t="1261" r="965" b="1289" charConfidence="2">;</charParams></formatting></line>
<line baseline="1345" l="173" t="1310" r="964" b="1353"><formatting lang="OldGerman">
<charParams l="173" t="1311" r="187" b="1349" charConfidence="100">s</charParams>
<charParams l="186" t="1321" r="201" b="1344" charConfidence="40">o</charParams>
<charParams l="202" t="1312" r="225" b="1353"> </charParams>
<charParams l="226" t="1312" r="242" b="1353" suspicious="1" charConfidence="100">h</charParams>
<charParams l="247" t="1314" r="254" b="1345" charConfidence="100">i</charParams>
<charParams l="259" t="1323" r="270" b="1345" charConfidence="60">e</charParams>
<charParams l="275" t="1315" r="281" b="1346" charConfidence="70">l</charParams>
<charParams l="285" t="1319" r="296" b="1345" charConfidence="57">t</charParams>
<charParams l="297" t="1319" r="319" b="1346"> </charParams>
<charParams l="320" t="1323" r="332" b="1346" charConfidence="47">e</charParams>
<charParams l="335" t="1323" r="348" b="1346" charConfidence="56">r</charParams>
<charParams l="349" t="1323" r="369" b="1346"> </charParams>
<charParams l="370" t="1323" r="387" b="1346" charConfidence="46">n</charParams>
<charParams l="392" t="1315" r="399" b="1347" charConfidence="100">i</charParams>
<charParams l="403" t="1314" r="429" b="1353" charConfidence="55">c</charParams>
<charParams l="403" t="1314" r="429" b="1353" charConfidence="55">h</charParams>
<charParams l="434" t="1320" r="444" b="1347" charConfidence="75">t</charParams>
<charParams l="445" t="1315" r="464" b="1347"> </charParams>
<charParams l="465" t="1315" r="473" b="1347" charConfidence="71">l</charParams>
<charParams l="476" t="1314" r="491" b="1347" charConfidence="56">ä</charParams>
<charParams l="495" t="1322" r="511" b="1346" charConfidence="100">n</charParams>
<charParams l="514" t="1322" r="530" b="1353" charConfidence="57">g</charParams>
<charParams l="535" t="1322" r="546" b="1345" charConfidence="100">e</charParams>
<charParams l="550" t="1322" r="563" b="1346" charConfidence="63">r</charParams>
<charParams l="564" t="1320" r="579" b="1353"> </charParams>
<charParams l="580" t="1320" r="592" b="1353" charConfidence="54">z</charParams>
<charParams l="596" t="1321" r="612" b="1344" charConfidence="33">u</charParams>
<charParams l="616" t="1320" r="629" b="1343" charConfidence="54">r</charParams>
<charParams l="632" t="1311" r="648" b="1343" charConfidence="25">ü</charParams>
<charParams l="652" t="1311" r="677" b="1343" charConfidence="22">c</charParams>
<charParams l="652" t="1311" r="677" b="1343" charConfidence="22">k</charParams>
<charParams l="684" t="1334" r="693" b="1349" charConfidence="74">,</charParams>
<charParams l="694" t="1310" r="720" b="1350"> </charParams>
<charParams l="721" t="1310" r="733" b="1350" charConfidence="37">s</charParams>
<charParams l="732" t="1320" r="746" b="1342" charConfidence="36">o</charParams>
<charParams l="750" t="1318" r="766" b="1342" charConfidence="25">n</charParams>
<charParams l="771" t="1313" r="786" b="1343" charConfidence="26">d</charParams>
<charParams l="790" t="1321" r="802" b="1344" charConfidence="38">e</charParams>
<charParams l="806" t="1321" r="818" b="1344" charConfidence="23">r</charParams>
<charParams l="821" t="1321" r="838" b="1344" charConfidence="26">n</charParams>
<charParams l="839" t="1321" r="856" b="1345"> </charParams>
<charParams l="857" t="1321" r="885" b="1345" charConfidence="51">m</charParams>
<charParams l="889" t="1324" r="904" b="1345" charConfidence="100">a</charParams>
<charParams l="908" t="1315" r="934" b="1353" charConfidence="27">c</charParams>
<charParams l="908" t="1315" r="934" b="1353" charConfidence="27">h</charParams>
<charParams l="939" t="1320" r="949" b="1346" charConfidence="35">t</charParams>
<charParams l="952" t="1323" r="964" b="1345" charConfidence="62">e</charParams></formatting></line>
<line baseline="1407" l="173" t="1372" r="961" b="1417"><formatting lang="OldGerman">
<charParams l="173" t="1372" r="192" b="1411" charConfidence="80">s</charParams>
<charParams l="173" t="1372" r="192" b="1411" charConfidence="80">i</charParams>
<charParams l="194" t="1382" r="207" b="1404" charConfidence="37">e</charParams>
<charParams l="208" t="1382" r="229" b="1407"> </charParams>
<charParams l="230" t="1383" r="248" b="1407" charConfidence="59">n</charParams>
<charParams l="252" t="1384" r="268" b="1408" charConfidence="54">a</charParams>
<charParams l="271" t="1376" r="298" b="1414" charConfidence="55">c</charParams>
<charParams l="271" t="1376" r="298" b="1414" suspicious="1" charConfidence="55">h</charParams>
<charParams l="299" t="1376" r="321" b="1414"> </charParams>
<charParams l="322" t="1385" r="335" b="1408" charConfidence="26">e</charParams>
<charParams l="339" t="1377" r="347" b="1408" charConfidence="67">i</charParams>
<charParams l="350" t="1385" r="366" b="1408" charConfidence="54">n</charParams>
<charParams l="371" t="1377" r="378" b="1408" charConfidence="93">i</charParams>
<charParams l="381" t="1385" r="397" b="1417" charConfidence="77">g</charParams>
<charParams l="401" t="1386" r="413" b="1410" charConfidence="34">e</charParams>
<charParams l="416" t="1385" r="434" b="1409" charConfidence="46">n</charParams>
<charParams l="435" t="1377" r="457" b="1411"> </charParams>
<charParams l="458" t="1377" r="482" b="1411" charConfidence="43">U</charParams>
<charParams l="486" t="1385" r="513" b="1409" charConfidence="38">m</charParams>
<charParams l="518" t="1376" r="530" b="1416" charConfidence="26">s</charParams>
<charParams l="529" t="1377" r="554" b="1416" charConfidence="59">c</charParams>
<charParams l="529" t="1377" r="554" b="1416" charConfidence="59">h</charParams>
<charParams l="558" t="1382" r="583" b="1407" charConfidence="28">w</charParams>
<charParams l="586" t="1383" r="599" b="1408" charConfidence="100">e</charParams>
<charParams l="603" t="1375" r="610" b="1406" charConfidence="44">i</charParams>
<charParams l="613" t="1373" r="627" b="1412" charConfidence="57">f</charParams>
<charParams l="626" t="1382" r="637" b="1406" charConfidence="26">e</charParams>
<charParams l="642" t="1382" r="660" b="1407" charConfidence="24">n</charParams>
<charParams l="661" t="1381" r="682" b="1407"> </charParams>
<charParams l="683" t="1381" r="712" b="1405" charConfidence="46">m</charParams>
<charParams l="716" t="1375" r="723" b="1407" charConfidence="40">i</charParams>
<charParams l="727" t="1378" r="737" b="1407" charConfidence="36">t</charParams>
<charParams l="738" t="1374" r="760" b="1414"> </charParams>
<charParams l="761" t="1374" r="773" b="1414" charConfidence="100">s</charParams>
<charParams l="774" t="1383" r="784" b="1407" charConfidence="100">e</charParams>
<charParams l="789" t="1376" r="797" b="1409" charConfidence="32">i</charParams>
<charParams l="800" t="1384" r="816" b="1409" charConfidence="38">n</charParams>
<charParams l="821" t="1385" r="832" b="1409" charConfidence="31">e</charParams>
<charParams l="835" t="1385" r="854" b="1409" charConfidence="27">n</charParams>
<charParams l="855" t="1385" r="871" b="1409"> </charParams>
<charParams l="872" t="1386" r="889" b="1409" charConfidence="25">n</charParams>
<charParams l="894" t="1386" r="905" b="1409" charConfidence="100">e</charParams>
<charParams l="910" t="1385" r="926" b="1409" charConfidence="24">u</charParams>
<charParams l="930" t="1385" r="941" b="1409" charConfidence="25">e</charParams>
<charParams l="945" t="1384" r="961" b="1408" charConfidence="100">n</charParams></formatting></line>
<line baseline="1471" l="174" t="1433" r="489" b="1477"><formatting lang="OldGerman">
<charParams l="174" t="1433" r="199" b="1465" charConfidence="28">E</charParams>
<charParams l="203" t="1436" r="210" b="1466" charConfidence="52">i</charParams>
<charParams l="214" t="1444" r="230" b="1467" charConfidence="53">n</charParams>
<charParams l="235" t="1437" r="253" b="1476" charConfidence="22">s</charParams>
<charParams l="235" t="1437" r="253" b="1476" charConfidence="22">i</charParams>
<charParams l="255" t="1440" r="281" b="1477" charConfidence="55">c</charParams>
<charParams l="255" t="1440" r="281" b="1477" charConfidence="55">h</charParams>
<charParams l="286" t="1444" r="296" b="1470" charConfidence="70">t</charParams>
<charParams l="298" t="1448" r="311" b="1470" charConfidence="26">e</charParams>
<charParams l="313" t="1448" r="331" b="1471" charConfidence="33">n</charParams>
<charParams l="332" t="1439" r="356" b="1472"> </charParams>
<charParams l="357" t="1439" r="373" b="1472" charConfidence="31">b</charParams>
<charParams l="376" t="1449" r="388" b="1472" charConfidence="26">e</charParams>
<charParams l="392" t="1440" r="404" b="1472" charConfidence="39">k</charParams>
<charParams l="406" t="1449" r="421" b="1472" charConfidence="27">a</charParams>
<charParams l="425" t="1449" r="442" b="1473" charConfidence="51">n</charParams>
<charParams l="447" t="1449" r="464" b="1473" charConfidence="48">n</charParams>
<charParams l="468" t="1446" r="479" b="1472" charConfidence="37">t</charParams>
<charParams l="481" t="1463" r="489" b="1472" charConfidence="100">.</charParams></formatting></line></par>
</text>
</block>
</page>
</document>