﻿<?xml version="1.0" encoding="UTF-8" standalone="yes"?>
<document xmlns="http://www.abbyy.com/FineReader_xml/FineReader10-schema-v1.xml" version="1.0" producer="ABBYY FineReader Engine 11" languages="" xmlns:xsi="http://www.w3.org/2001/XMLSchema-instance" xsi:schemaLocation="http://www.abbyy.com/FineReader_xml/FineReader10-schema-v1.xml http://www.abbyy.com/FineReader_xml/FineReader10-schema-v1.xml">
<page width="1156" height="1782" resolution="300" originalCoords="1">
<block blockType="Text" blockName="">
<text>
<par startIndent="144">
<line baseline="89" l="580" t="60" r="623" b="90"><formatting lang="OldGerman">
<charParams l="580" t="60" r="598" b="90" charConfidence="32">6</charParams>
<charParams l="601" t="66" r="623" b="89" suspicious="1" charConfidence="16">o</charParams></formatting></line></par>
</text>
</block>
<block blockType="Text" blockName="">
<text>
<par align="Justified" startIndent="536" lineSpacing="1488">
<line baseline="182" l="198" t="145" r="988" b="193"><formatting lang="OldGerman">
<charParams l="198" t="161" r="214" b="184" charConfidence="35">u</charParams>
<charParams l="219" t="160" r="235" b="185" charConfidence="25">n</charParams>
<charParams l="240" t="154" r="255" b="185" charConfidence="48">d</charParams>
<charParams l="256" t="153" r="272" b="186"> </charParams>
<charParams l="273" t="153" r="303" b="186" charConfidence="31">V</charParams>
<charParams l="307" t="162" r="321" b="186" charConfidence="96">o</charParams>
<charParams l="325" t="162" r="338" b="185" charConfidence="44">r</charParams>
<charParams l="339" t="161" r="356" b="193" charConfidence="16">g</charParams>
<charParams l="360" t="162" r="372" b="186" charConfidence="27">e</charParams>
<charParams l="376" t="153" r="389" b="192" charConfidence="27">s</charParams>
<charParams l="387" t="161" r="399" b="184" charConfidence="18">e</charParams>
<charParams l="402" t="155" r="420" b="193" charConfidence="20">t</charParams>
<charParams l="402" t="155" r="420" b="193" suspicious="1" charConfidence="20">z</charParams>
<charParams l="423" t="157" r="434" b="185" charConfidence="33">t</charParams>
<charParams l="436" t="161" r="449" b="185" charConfidence="29">e</charParams>
<charParams l="451" t="159" r="469" b="183" charConfidence="94">n</charParams>
<charParams l="470" t="156" r="492" b="183"> </charParams>
<charParams l="493" t="156" r="521" b="180" charConfidence="50">m</charParams>
<charParams l="525" t="149" r="534" b="179" charConfidence="28">i</charParams>
<charParams l="537" t="152" r="547" b="179" charConfidence="27">t</charParams>
<charParams l="550" t="151" r="560" b="179" charConfidence="38">t</charParams>
<charParams l="563" t="146" r="579" b="187" charConfidence="44">h</charParams>
<charParams l="584" t="155" r="596" b="177" charConfidence="58">e</charParams>
<charParams l="599" t="148" r="607" b="177" charConfidence="27">i</charParams>
<charParams l="611" t="147" r="620" b="178" charConfidence="39">l</charParams>
<charParams l="621" t="151" r="633" b="178" charConfidence="27">t</charParams>
<charParams l="635" t="168" r="644" b="178" charConfidence="85">.</charParams>
<charParams l="645" t="145" r="690" b="179"> </charParams>
<charParams l="691" t="145" r="727" b="179" charConfidence="90">D</charParams>
<charParams l="731" t="148" r="738" b="178" charConfidence="-1">i</charParams>
<charParams l="742" t="157" r="753" b="180" charConfidence="35">e</charParams>
<charParams l="755" t="151" r="764" b="188" charConfidence="54">j</charParams>
<charParams l="769" t="159" r="781" b="181" charConfidence="100">e</charParams>
<charParams l="784" t="159" r="800" b="182" charConfidence="62">n</charParams>
<charParams l="805" t="151" r="812" b="181" charConfidence="100">i</charParams>
<charParams l="814" t="159" r="831" b="190" charConfidence="24">g</charParams>
<charParams l="835" t="159" r="847" b="182" charConfidence="26">e</charParams>
<charParams l="850" t="159" r="868" b="183" charConfidence="100">n</charParams>
<charParams l="869" t="152" r="886" b="183"> </charParams>
<charParams l="887" t="152" r="903" b="182" charConfidence="41">d</charParams>
<charParams l="908" t="151" r="915" b="182" charConfidence="100">i</charParams>
<charParams l="919" t="160" r="932" b="183" charConfidence="26">e</charParams>
<charParams l="933" t="160" r="949" b="184"> </charParams>
<charParams l="950" t="162" r="965" b="184" charConfidence="14">a</charParams>
<charParams l="970" t="162" r="988" b="186" charConfidence="30">n</charParams></formatting></line>
<line baseline="244" l="197" t="209" r="991" b="254"><formatting lang="OldGerman">
<charParams l="197" t="216" r="223" b="250" charConfidence="27">E</charParams>
<charParams l="226" t="226" r="252" b="250" charConfidence="54">w</charParams>
<charParams l="255" t="242" r="263" b="249" charConfidence="100">.</charParams>
<charParams l="264" t="216" r="283" b="250"> </charParams>
<charParams l="284" t="216" r="317" b="250" charConfidence="58">G</charParams>
<charParams l="321" t="225" r="338" b="249" charConfidence="46">n</charParams>
<charParams l="342" t="226" r="358" b="248" charConfidence="26">a</charParams>
<charParams l="361" t="219" r="376" b="248" charConfidence="29">d</charParams>
<charParams l="381" t="225" r="394" b="248" charConfidence="36">e</charParams>
<charParams l="396" t="224" r="415" b="247" charConfidence="38">n</charParams>
<charParams l="416" t="223" r="434" b="254"> </charParams>
<charParams l="435" t="223" r="451" b="254" charConfidence="81">g</charParams>
<charParams l="455" t="222" r="468" b="245" charConfidence="26">e</charParams>
<charParams l="470" t="222" r="484" b="245" charConfidence="66">r</charParams>
<charParams l="487" t="214" r="494" b="244" charConfidence="100">i</charParams>
<charParams l="497" t="210" r="523" b="247" charConfidence="28">c</charParams>
<charParams l="497" t="210" r="523" b="247" charConfidence="28">h</charParams>
<charParams l="527" t="215" r="537" b="241" charConfidence="56">t</charParams>
<charParams l="540" t="217" r="552" b="240" charConfidence="90">e</charParams>
<charParams l="556" t="213" r="566" b="240" charConfidence="38">t</charParams>
<charParams l="567" t="209" r="589" b="248"> </charParams>
<charParams l="590" t="209" r="610" b="248" charConfidence="50">s</charParams>
<charParams l="590" t="209" r="610" b="248" charConfidence="50">i</charParams>
<charParams l="611" t="216" r="628" b="240" charConfidence="70">n</charParams>
<charParams l="632" t="210" r="648" b="239" charConfidence="28">d</charParams>
<charParams l="649" t="210" r="673" b="241"> </charParams>
<charParams l="674" t="210" r="683" b="241" charConfidence="41">l</charParams>
<charParams l="685" t="218" r="696" b="241" charConfidence="25">e</charParams>
<charParams l="701" t="211" r="714" b="249" charConfidence="37">s</charParams>
<charParams l="712" t="220" r="725" b="243" charConfidence="26">e</charParams>
<charParams l="726" t="213" r="748" b="244"> </charParams>
<charParams l="749" t="213" r="757" b="244" charConfidence="30">i</charParams>
<charParams l="761" t="214" r="788" b="252" charConfidence="32">c</charParams>
<charParams l="761" t="214" r="788" b="252" charConfidence="32">h</charParams>
<charParams l="789" t="214" r="813" b="252"> </charParams>
<charParams l="814" t="215" r="821" b="246" charConfidence="83">i</charParams>
<charParams l="826" t="223" r="852" b="246" charConfidence="44">m</charParams>
<charParams l="857" t="223" r="884" b="246" charConfidence="26">m</charParams>
<charParams l="888" t="224" r="900" b="247" charConfidence="42">e</charParams>
<charParams l="903" t="222" r="917" b="246" charConfidence="55">r</charParams>
<charParams l="918" t="222" r="935" b="247"> </charParams>
<charParams l="936" t="222" r="963" b="247" charConfidence="54">m</charParams>
<charParams l="968" t="218" r="976" b="248" charConfidence="26">i</charParams>
<charParams l="980" t="222" r="991" b="249" charConfidence="60">t</charParams></formatting></line>
<line baseline="307" l="196" t="272" r="989" b="319"><formatting lang="OldGerman">
<charParams l="196" t="283" r="210" b="312" charConfidence="26">d</charParams>
<charParams l="215" t="289" r="230" b="312" charConfidence="41">o</charParams>
<charParams l="233" t="289" r="250" b="318" charConfidence="52">p</charParams>
<charParams l="253" t="288" r="269" b="319" charConfidence="81">p</charParams>
<charParams l="273" t="288" r="286" b="311" charConfidence="41">e</charParams>
<charParams l="288" t="281" r="297" b="312" charConfidence="68">l</charParams>
<charParams l="300" t="285" r="310" b="311" charConfidence="57">t</charParams>
<charParams l="313" t="288" r="325" b="311" charConfidence="30">e</charParams>
<charParams l="328" t="287" r="342" b="311" charConfidence="45">r</charParams>
<charParams l="343" t="276" r="361" b="311"> </charParams>
<charParams l="362" t="276" r="392" b="310" charConfidence="34">A</charParams>
<charParams l="394" t="286" r="410" b="309" charConfidence="23">u</charParams>
<charParams l="413" t="276" r="428" b="315" charConfidence="69">f</charParams>
<charParams l="427" t="284" r="454" b="308" charConfidence="63">m</charParams>
<charParams l="458" t="284" r="470" b="307" charConfidence="29">e</charParams>
<charParams l="473" t="282" r="485" b="306" charConfidence="62">r</charParams>
<charParams l="489" t="272" r="501" b="304" charConfidence="25">k</charParams>
<charParams l="503" t="272" r="516" b="310" charConfidence="27">s</charParams>
<charParams l="514" t="279" r="529" b="303" charConfidence="25">a</charParams>
<charParams l="533" t="279" r="561" b="302" charConfidence="55">m</charParams>
<charParams l="566" t="272" r="577" b="303" charConfidence="39">k</charParams>
<charParams l="580" t="279" r="592" b="303" charConfidence="35">e</charParams>
<charParams l="596" t="272" r="603" b="302" charConfidence="31">i</charParams>
<charParams l="607" t="276" r="618" b="303" charConfidence="51">t</charParams>
<charParams l="618" t="296" r="627" b="308" charConfidence="62">,</charParams>
<charParams l="628" t="278" r="653" b="308"> </charParams>
<charParams l="654" t="278" r="682" b="302" charConfidence="73">m</charParams>
<charParams l="686" t="272" r="693" b="303" charConfidence="29">i</charParams>
<charParams l="697" t="276" r="709" b="304" charConfidence="74">t</charParams>
<charParams l="710" t="274" r="731" b="304"> </charParams>
<charParams l="732" t="274" r="748" b="304" charConfidence="27">d</charParams>
<charParams l="752" t="282" r="767" b="306" charConfidence="44">o</charParams>
<charParams l="771" t="282" r="787" b="312" charConfidence="85">p</charParams>
<charParams l="791" t="283" r="807" b="314" charConfidence="67">p</charParams>
<charParams l="810" t="284" r="823" b="308" charConfidence="29">e</charParams>
<charParams l="826" t="278" r="835" b="308" charConfidence="100">l</charParams>
<charParams l="838" t="282" r="848" b="309" charConfidence="26">t</charParams>
<charParams l="850" t="286" r="863" b="309" charConfidence="26">e</charParams>
<charParams l="866" t="286" r="893" b="309" charConfidence="58">m</charParams>
<charParams l="894" t="277" r="914" b="311"> </charParams>
<charParams l="915" t="277" r="944" b="311" charConfidence="34">V</charParams>
<charParams l="949" t="287" r="960" b="310" charConfidence="25">e</charParams>
<charParams l="963" t="287" r="976" b="311" charConfidence="54">r</charParams>
<charParams l="979" t="291" r="989" b="307" charConfidence="22">¬</charParams></formatting></line>
<line baseline="369" l="193" t="331" r="988" b="381"><formatting lang="OldGerman">
<charParams l="193" t="350" r="209" b="381" charConfidence="73">g</charParams>
<charParams l="213" t="351" r="230" b="373" charConfidence="70">n</charParams>
<charParams l="234" t="341" r="251" b="373" charConfidence="22">ü</charParams>
<charParams l="254" t="350" r="270" b="381" charConfidence="63">g</charParams>
<charParams l="274" t="350" r="286" b="373" charConfidence="30">e</charParams>
<charParams l="289" t="349" r="307" b="373" charConfidence="62">n</charParams>
<charParams l="318" t="350" r="325" b="371" charConfidence="35">:</charParams>
<charParams l="326" t="342" r="374" b="371"> </charParams>
<charParams l="375" t="342" r="391" b="371" charConfidence="76">d</charParams>
<charParams l="394" t="348" r="407" b="369" charConfidence="49">e</charParams>
<charParams l="410" t="347" r="426" b="374" charConfidence="24">n</charParams>
<charParams l="430" t="346" r="449" b="368" charConfidence="85">n</charParams>
<charParams l="450" t="336" r="487" b="368"> </charParams>
<charParams l="488" t="336" r="497" b="366" charConfidence="25">i</charParams>
<charParams l="501" t="343" r="518" b="366" charConfidence="31">n</charParams>
<charParams l="522" t="337" r="537" b="365" charConfidence="25">d</charParams>
<charParams l="541" t="341" r="553" b="365" charConfidence="29">e</charParams>
<charParams l="557" t="341" r="584" b="364" charConfidence="55">m</charParams>
<charParams l="585" t="339" r="616" b="364"> </charParams>
<charParams l="617" t="339" r="644" b="364" charConfidence="72">w</charParams>
<charParams l="648" t="332" r="656" b="364" charConfidence="100">i</charParams>
<charParams l="659" t="340" r="674" b="363" charConfidence="26">r</charParams>
<charParams l="675" t="331" r="702" b="371"> </charParams>
<charParams l="703" t="331" r="733" b="371" suspicious="1" charConfidence="28">Z</charParams>
<charParams l="737" t="333" r="753" b="374" charConfidence="100">h</charParams>
<charParams l="757" t="342" r="774" b="366" charConfidence="58">n</charParams>
<charParams l="779" t="345" r="790" b="367" charConfidence="25">e</charParams>
<charParams l="793" t="344" r="812" b="368" charConfidence="36">n</charParams>
<charParams l="813" t="344" r="843" b="379"> </charParams>
<charParams l="844" t="346" r="856" b="379" charConfidence="30">z</charParams>
<charParams l="861" t="348" r="878" b="371" charConfidence="24">u</charParams>
<charParams l="879" t="348" r="911" b="372"> </charParams>
<charParams l="912" t="350" r="924" b="372" charConfidence="28">e</charParams>
<charParams l="927" t="342" r="934" b="372" charConfidence="-1">i</charParams>
<charParams l="938" t="349" r="954" b="372" charConfidence="25">n</charParams>
<charParams l="959" t="350" r="971" b="372" charConfidence="25">e</charParams>
<charParams l="974" t="349" r="988" b="373" charConfidence="62">r</charParams></formatting></line>
<line baseline="431" l="192" t="394" r="987" b="442"><formatting lang="OldGerman">
<charParams l="192" t="403" r="220" b="437" charConfidence="47">T</charParams>
<charParams l="223" t="412" r="239" b="437" charConfidence="34">o</charParams>
<charParams l="240" t="404" r="267" b="442" charConfidence="93">c</charParams>
<charParams l="240" t="404" r="267" b="442" charConfidence="93">h</charParams>
<charParams l="272" t="409" r="282" b="434" charConfidence="26">t</charParams>
<charParams l="284" t="411" r="296" b="434" charConfidence="27">e</charParams>
<charParams l="299" t="408" r="313" b="434" charConfidence="25">r</charParams>
<charParams l="314" t="395" r="343" b="434"> </charParams>
<charParams l="344" t="395" r="377" b="434" charConfidence="25">G</charParams>
<charParams l="381" t="401" r="389" b="432" charConfidence="49">l</charParams>
<charParams l="392" t="400" r="409" b="432" charConfidence="100">ü</charParams>
<charParams l="413" t="408" r="423" b="430" charConfidence="27">c</charParams>
<charParams l="423" t="400" r="438" b="430" charConfidence="44">k</charParams>
<charParams l="439" t="400" r="466" b="438"> </charParams>
<charParams l="467" t="405" r="479" b="438" charConfidence="32">z</charParams>
<charParams l="483" t="404" r="500" b="428" charConfidence="53">u</charParams>
<charParams l="501" t="403" r="531" b="428"> </charParams>
<charParams l="532" t="403" r="558" b="427" charConfidence="45">w</charParams>
<charParams l="563" t="395" r="580" b="427" charConfidence="52">ü</charParams>
<charParams l="584" t="404" r="600" b="427" charConfidence="68">n</charParams>
<charParams l="604" t="395" r="618" b="434" charConfidence="100">s</charParams>
<charParams l="615" t="395" r="642" b="433" charConfidence="56">c</charParams>
<charParams l="615" t="395" r="642" b="433" charConfidence="56">h</charParams>
<charParams l="646" t="403" r="658" b="426" charConfidence="26">e</charParams>
<charParams l="661" t="403" r="680" b="427" charConfidence="29">n</charParams>
<charParams l="681" t="394" r="709" b="437"> </charParams>
<charParams l="710" t="394" r="728" b="437" suspicious="1" charConfidence="30">h</charParams>
<charParams l="731" t="405" r="746" b="428" charConfidence="100">a</charParams>
<charParams l="751" t="396" r="767" b="428" charConfidence="28">b</charParams>
<charParams l="771" t="405" r="783" b="429" charConfidence="37">e</charParams>
<charParams l="786" t="406" r="804" b="429" charConfidence="56">n</charParams>
<charParams l="814" t="422" r="824" b="436" charConfidence="84">,</charParams>
<charParams l="825" t="403" r="865" b="436"> </charParams>
<charParams l="866" t="403" r="881" b="431" charConfidence="26">d</charParams>
<charParams l="886" t="402" r="893" b="432" charConfidence="85">i</charParams>
<charParams l="897" t="410" r="910" b="433" charConfidence="29">e</charParams>
<charParams l="911" t="410" r="933" b="433"> </charParams>
<charParams l="934" t="412" r="949" b="433" charConfidence="100">a</charParams>
<charParams l="954" t="404" r="961" b="434" charConfidence="48">l</charParams>
<charParams l="962" t="403" r="971" b="435" charConfidence="68">l</charParams>
<charParams l="973" t="412" r="987" b="435" charConfidence="37">e</charParams></formatting></line>
<line baseline="492" l="188" t="457" r="987" b="503"><formatting lang="OldGerman">
<charParams l="188" t="466" r="197" b="503" charConfidence="46">j</charParams>
<charParams l="200" t="473" r="212" b="497" charConfidence="30">e</charParams>
<charParams l="215" t="473" r="232" b="496" charConfidence="100">n</charParams>
<charParams l="236" t="473" r="250" b="496" charConfidence="36">e</charParams>
<charParams l="251" t="471" r="279" b="502"> </charParams>
<charParams l="280" t="471" r="297" b="502" charConfidence="27">g</charParams>
<charParams l="302" t="463" r="310" b="494" charConfidence="40">l</charParams>
<charParams l="312" t="461" r="327" b="493" charConfidence="25">ä</charParams>
<charParams l="331" t="470" r="348" b="493" charConfidence="100">n</charParams>
<charParams l="351" t="469" r="363" b="502" charConfidence="26">z</charParams>
<charParams l="367" t="469" r="380" b="492" charConfidence="43">e</charParams>
<charParams l="382" t="469" r="400" b="492" charConfidence="100">n</charParams>
<charParams l="404" t="463" r="419" b="492" charConfidence="27">d</charParams>
<charParams l="423" t="469" r="436" b="493" charConfidence="29">e</charParams>
<charParams l="438" t="468" r="456" b="491" charConfidence="68">n</charParams>
<charParams l="457" t="457" r="488" b="491"> </charParams>
<charParams l="489" t="457" r="515" b="491" charConfidence="27">E</charParams>
<charParams l="519" t="459" r="526" b="489" charConfidence="100">i</charParams>
<charParams l="529" t="467" r="545" b="498" charConfidence="72">g</charParams>
<charParams l="549" t="466" r="562" b="490" charConfidence="33">e</charParams>
<charParams l="564" t="465" r="581" b="490" charConfidence="29">n</charParams>
<charParams l="586" t="458" r="598" b="497" charConfidence="26">s</charParams>
<charParams l="596" t="459" r="623" b="497" charConfidence="26">c</charParams>
<charParams l="596" t="459" r="623" b="497" charConfidence="26">h</charParams>
<charParams l="628" t="467" r="642" b="491" charConfidence="24">a</charParams>
<charParams l="646" t="457" r="662" b="497" charConfidence="100">f</charParams>
<charParams l="661" t="464" r="671" b="490" charConfidence="27">t</charParams>
<charParams l="673" t="467" r="685" b="491" charConfidence="26">e</charParams>
<charParams l="689" t="466" r="706" b="490" charConfidence="44">n</charParams>
<charParams l="707" t="466" r="729" b="491"> </charParams>
<charParams l="730" t="467" r="748" b="491" charConfidence="34">v</charParams>
<charParams l="752" t="467" r="764" b="491" charConfidence="29">e</charParams>
<charParams l="768" t="466" r="781" b="491" charConfidence="62">r</charParams>
<charParams l="784" t="467" r="796" b="491" charConfidence="45">e</charParams>
<charParams l="799" t="461" r="807" b="491" charConfidence="30">i</charParams>
<charParams l="811" t="468" r="827" b="491" charConfidence="54">n</charParams>
<charParams l="832" t="459" r="840" b="490" charConfidence="26">i</charParams>
<charParams l="842" t="468" r="859" b="499" charConfidence="56">g</charParams>
<charParams l="863" t="465" r="874" b="491" charConfidence="48">t</charParams>
<charParams l="881" t="483" r="890" b="498" charConfidence="73">,</charParams>
<charParams l="891" t="469" r="928" b="498"> </charParams>
<charParams l="929" t="469" r="956" b="493" charConfidence="25">w</charParams>
<charParams l="960" t="473" r="974" b="496" charConfidence="43">o</charParams>
<charParams l="977" t="476" r="987" b="492" charConfidence="100">¬</charParams></formatting></line>
<line baseline="555" l="188" t="520" r="983" b="563"><formatting lang="OldGerman">
<charParams l="188" t="528" r="203" b="558" charConfidence="25">d</charParams>
<charParams l="207" t="534" r="224" b="557" charConfidence="27">u</charParams>
<charParams l="228" t="534" r="241" b="556" charConfidence="100">r</charParams>
<charParams l="243" t="525" r="270" b="563" charConfidence="85">c</charParams>
<charParams l="243" t="525" r="270" b="563" charConfidence="85">h</charParams>
<charParams l="271" t="525" r="294" b="563"> </charParams>
<charParams l="295" t="532" r="323" b="555" charConfidence="79">m</charParams>
<charParams l="327" t="532" r="342" b="554" charConfidence="34">a</charParams>
<charParams l="347" t="531" r="364" b="554" charConfidence="35">n</charParams>
<charParams l="365" t="524" r="387" b="555"> </charParams>
<charParams l="388" t="524" r="397" b="555" charConfidence="100">i</charParams>
<charParams l="401" t="530" r="418" b="554" charConfidence="78">n</charParams>
<charParams l="419" t="524" r="442" b="554"> </charParams>
<charParams l="443" t="524" r="458" b="553" charConfidence="29">d</charParams>
<charParams l="463" t="532" r="475" b="554" charConfidence="100">e</charParams>
<charParams l="479" t="532" r="492" b="555" charConfidence="34">r</charParams>
<charParams l="493" t="520" r="516" b="555"> </charParams>
<charParams l="517" t="520" r="556" b="554" charConfidence="28">W</charParams>
<charParams l="561" t="531" r="572" b="553" charConfidence="37">e</charParams>
<charParams l="576" t="522" r="584" b="553" charConfidence="65">l</charParams>
<charParams l="587" t="526" r="598" b="554" charConfidence="42">t</charParams>
<charParams l="599" t="526" r="617" b="555"> </charParams>
<charParams l="618" t="530" r="631" b="555" charConfidence="25">e</charParams>
<charParams l="634" t="529" r="661" b="553" charConfidence="55">m</charParams>
<charParams l="666" t="530" r="681" b="561" charConfidence="43">p</charParams>
<charParams l="686" t="531" r="699" b="554" charConfidence="88">o</charParams>
<charParams l="703" t="530" r="716" b="554" charConfidence="100">r</charParams>
<charParams l="720" t="522" r="740" b="562" charConfidence="39">s</charParams>
<charParams l="720" t="522" r="740" b="562" charConfidence="39">t</charParams>
<charParams l="743" t="531" r="755" b="554" charConfidence="35">e</charParams>
<charParams l="759" t="522" r="766" b="554" charConfidence="100">i</charParams>
<charParams l="769" t="531" r="785" b="562" charConfidence="65">g</charParams>
<charParams l="789" t="527" r="800" b="554" charConfidence="32">t</charParams>
<charParams l="809" t="532" r="818" b="562" charConfidence="36">;</charParams>
<charParams l="819" t="522" r="860" b="562"> </charParams>
<charParams l="861" t="522" r="875" b="561" charConfidence="45">s</charParams>
<charParams l="873" t="530" r="888" b="555" charConfidence="45">o</charParams>
<charParams l="889" t="530" r="912" b="555"> </charParams>
<charParams l="913" t="531" r="941" b="555" charConfidence="100">m</charParams>
<charParams l="945" t="532" r="962" b="556" charConfidence="54">u</charParams>
<charParams l="966" t="525" r="983" b="563" charConfidence="28">ß</charParams></formatting></line>
<line baseline="620" l="187" t="585" r="982" b="629"><formatting lang="OldGerman">
<charParams l="187" t="591" r="194" b="621" charConfidence="100">i</charParams>
<charParams l="198" t="589" r="225" b="629" charConfidence="55">c</charParams>
<charParams l="198" t="589" r="225" b="629" charConfidence="55">h</charParams>
<charParams l="226" t="589" r="240" b="629"> </charParams>
<charParams l="241" t="596" r="267" b="621" charConfidence="53">w</charParams>
<charParams l="272" t="597" r="283" b="621" charConfidence="26">e</charParams>
<charParams l="287" t="596" r="303" b="620" charConfidence="73">n</charParams>
<charParams l="308" t="589" r="315" b="619" charConfidence="100">i</charParams>
<charParams l="318" t="596" r="334" b="628" charConfidence="27">g</charParams>
<charParams l="338" t="587" r="359" b="628" charConfidence="39">s</charParams>
<charParams l="338" t="587" r="359" b="628" charConfidence="39">t</charParams>
<charParams l="361" t="596" r="373" b="619" charConfidence="26">e</charParams>
<charParams l="377" t="596" r="393" b="620" charConfidence="36">n</charParams>
<charParams l="398" t="591" r="413" b="621" charConfidence="100">s</charParams>
<charParams l="414" t="585" r="424" b="621"> </charParams>
<charParams l="425" t="585" r="460" b="621" charConfidence="48">S</charParams>
<charParams l="465" t="588" r="472" b="620" charConfidence="100">i</charParams>
<charParams l="477" t="595" r="489" b="620" charConfidence="72">e</charParams>
<charParams l="490" t="595" r="506" b="620"> </charParams>
<charParams l="507" t="596" r="524" b="620" charConfidence="100">n</charParams>
<charParams l="529" t="587" r="536" b="620" charConfidence="100">i</charParams>
<charParams l="539" t="588" r="566" b="627" charConfidence="62">c</charParams>
<charParams l="539" t="588" r="566" b="627" charConfidence="62">h</charParams>
<charParams l="570" t="593" r="581" b="621" charConfidence="31">t</charParams>
<charParams l="582" t="593" r="597" b="621"> </charParams>
<charParams l="598" t="594" r="627" b="620" charConfidence="36">m</charParams>
<charParams l="631" t="588" r="638" b="619" charConfidence="100">i</charParams>
<charParams l="643" t="596" r="659" b="619" charConfidence="100">n</charParams>
<charParams l="664" t="589" r="679" b="620" charConfidence="33">d</charParams>
<charParams l="683" t="595" r="695" b="620" charConfidence="25">e</charParams>
<charParams l="698" t="595" r="712" b="619" charConfidence="100">r</charParams>
<charParams l="713" t="595" r="720" b="628"> </charParams>
<charParams l="721" t="596" r="737" b="628" charConfidence="28">g</charParams>
<charParams l="742" t="589" r="750" b="618" charConfidence="36">l</charParams>
<charParams l="753" t="585" r="769" b="619" charConfidence="32">ü</charParams>
<charParams l="774" t="587" r="798" b="619" charConfidence="22">c</charParams>
<charParams l="774" t="587" r="798" b="619" charConfidence="22">k</charParams>
<charParams l="803" t="588" r="810" b="620" charConfidence="70">l</charParams>
<charParams l="813" t="588" r="820" b="619" charConfidence="100">i</charParams>
<charParams l="824" t="587" r="851" b="627" charConfidence="59">c</charParams>
<charParams l="824" t="587" r="851" b="627" charConfidence="59">h</charParams>
<charParams l="852" t="587" r="862" b="627"> </charParams>
<charParams l="863" t="595" r="879" b="627" charConfidence="100">p</charParams>
<charParams l="883" t="595" r="896" b="619" charConfidence="64">r</charParams>
<charParams l="900" t="595" r="911" b="619" charConfidence="29">e</charParams>
<charParams l="915" t="588" r="922" b="619" charConfidence="100">i</charParams>
<charParams l="926" t="586" r="939" b="626" charConfidence="53">s</charParams>
<charParams l="937" t="595" r="949" b="619" charConfidence="28">e</charParams>
<charParams l="953" t="595" r="970" b="619" charConfidence="27">n</charParams>
<charParams l="972" t="611" r="982" b="625" charConfidence="100">,</charParams></formatting></line>
<line baseline="684" l="187" t="649" r="979" b="694"><formatting lang="OldGerman">
<charParams l="187" t="656" r="201" b="685" charConfidence="34">d</charParams>
<charParams l="205" t="663" r="220" b="685" charConfidence="25">a</charParams>
<charParams l="225" t="653" r="241" b="691" charConfidence="29">ß</charParams>
<charParams l="242" t="651" r="271" b="692"> </charParams>
<charParams l="272" t="651" r="301" b="692" charConfidence="-1">I</charParams>
<charParams l="305" t="652" r="322" b="693" charConfidence="51">h</charParams>
<charParams l="326" t="661" r="343" b="685" charConfidence="77">n</charParams>
<charParams l="347" t="661" r="359" b="685" charConfidence="35">e</charParams>
<charParams l="362" t="661" r="380" b="685" charConfidence="66">n</charParams>
<charParams l="381" t="653" r="410" b="685"> </charParams>
<charParams l="411" t="653" r="419" b="684" charConfidence="100">i</charParams>
<charParams l="423" t="661" r="441" b="684" charConfidence="27">n</charParams>
<charParams l="442" t="650" r="469" b="691"> </charParams>
<charParams l="470" t="650" r="499" b="691" charConfidence="-1">I</charParams>
<charParams l="504" t="651" r="519" b="694" charConfidence="93">h</charParams>
<charParams l="523" t="660" r="537" b="684" charConfidence="78">r</charParams>
<charParams l="540" t="661" r="551" b="684" charConfidence="42">e</charParams>
<charParams l="555" t="661" r="568" b="684" charConfidence="24">r</charParams>
<charParams l="569" t="651" r="591" b="692"> </charParams>
<charParams l="592" t="651" r="625" b="692" charConfidence="59">P</charParams>
<charParams l="629" t="651" r="649" b="693" charConfidence="22">f</charParams>
<charParams l="629" t="651" r="649" b="693" charConfidence="22">l</charParams>
<charParams l="651" t="660" r="663" b="683" charConfidence="26">e</charParams>
<charParams l="664" t="660" r="681" b="693" charConfidence="43">g</charParams>
<charParams l="685" t="661" r="697" b="684" charConfidence="26">e</charParams>
<charParams l="701" t="656" r="711" b="683" charConfidence="47">t</charParams>
<charParams l="714" t="661" r="728" b="684" charConfidence="44">o</charParams>
<charParams l="732" t="651" r="759" b="691" charConfidence="55">c</charParams>
<charParams l="732" t="651" r="759" b="691" charConfidence="55">h</charParams>
<charParams l="763" t="657" r="773" b="684" charConfidence="55">t</charParams>
<charParams l="776" t="661" r="787" b="684" charConfidence="32">e</charParams>
<charParams l="791" t="661" r="804" b="685" charConfidence="58">r</charParams>
<charParams l="805" t="661" r="828" b="685"> </charParams>
<charParams l="829" t="661" r="841" b="684" charConfidence="29">e</charParams>
<charParams l="845" t="652" r="851" b="683" charConfidence="100">i</charParams>
<charParams l="855" t="660" r="873" b="683" charConfidence="100">n</charParams>
<charParams l="874" t="649" r="897" b="683"> </charParams>
<charParams l="898" t="649" r="927" b="683" charConfidence="44">K</charParams>
<charParams l="931" t="652" r="938" b="682" charConfidence="100">i</charParams>
<charParams l="942" t="659" r="959" b="682" charConfidence="42">n</charParams>
<charParams l="963" t="652" r="979" b="682" charConfidence="27">d</charParams></formatting></line>
<line baseline="748" l="186" t="714" r="980" b="759"><formatting lang="OldGerman">
<charParams l="186" t="716" r="200" b="748" charConfidence="26">b</charParams>
<charParams l="205" t="726" r="217" b="749" charConfidence="56">e</charParams>
<charParams l="220" t="718" r="233" b="756" charConfidence="57">s</charParams>
<charParams l="231" t="718" r="258" b="755" charConfidence="60">c</charParams>
<charParams l="231" t="718" r="258" b="755" charConfidence="60">h</charParams>
<charParams l="262" t="726" r="274" b="749" charConfidence="26">e</charParams>
<charParams l="277" t="726" r="290" b="749" charConfidence="78">r</charParams>
<charParams l="293" t="723" r="303" b="749" charConfidence="32">t</charParams>
<charParams l="304" t="718" r="326" b="749"> </charParams>
<charParams l="327" t="718" r="335" b="749" charConfidence="100">i</charParams>
<charParams l="340" t="717" r="360" b="756" charConfidence="22">s</charParams>
<charParams l="340" t="717" r="360" b="756" charConfidence="22">t</charParams>
<charParams l="368" t="740" r="378" b="755" charConfidence="100">,</charParams>
<charParams l="379" t="719" r="417" b="755"> </charParams>
<charParams l="418" t="719" r="433" b="748" charConfidence="33">d</charParams>
<charParams l="437" t="726" r="452" b="748" charConfidence="54">a</charParams>
<charParams l="456" t="720" r="472" b="749" charConfidence="-1">s</charParams>
<charParams l="473" t="720" r="498" b="759"> </charParams>
<charParams l="499" t="724" r="511" b="759" charConfidence="35">z</charParams>
<charParams l="515" t="725" r="531" b="749" charConfidence="23">u</charParams>
<charParams l="535" t="724" r="564" b="748" charConfidence="100">m</charParams>
<charParams l="565" t="714" r="588" b="749"> </charParams>
<charParams l="589" t="714" r="629" b="749" charConfidence="28">W</charParams>
<charParams l="633" t="725" r="647" b="749" charConfidence="77">o</charParams>
<charParams l="652" t="715" r="669" b="756" charConfidence="62">h</charParams>
<charParams l="673" t="717" r="681" b="749" charConfidence="44">l</charParams>
<charParams l="690" t="740" r="700" b="754" charConfidence="100">,</charParams>
<charParams l="701" t="724" r="738" b="758"> </charParams>
<charParams l="739" t="724" r="751" b="758" charConfidence="55">z</charParams>
<charParams l="756" t="725" r="772" b="748" suspicious="1" charConfidence="100">u</charParams>
<charParams l="776" t="725" r="790" b="748" charConfidence="100">r</charParams>
<charParams l="791" t="714" r="812" b="754"> </charParams>
<charParams l="813" t="714" r="834" b="754" charConfidence="46">Z</charParams>
<charParams l="839" t="725" r="855" b="748" charConfidence="28">u</charParams>
<charParams l="859" t="715" r="874" b="754" charConfidence="100">f</charParams>
<charParams l="873" t="724" r="885" b="748" charConfidence="94">r</charParams>
<charParams l="889" t="716" r="896" b="747" charConfidence="100">i</charParams>
<charParams l="900" t="724" r="912" b="747" charConfidence="33">e</charParams>
<charParams l="916" t="717" r="931" b="747" charConfidence="29">d</charParams>
<charParams l="935" t="723" r="946" b="746" charConfidence="100">e</charParams>
<charParams l="950" t="722" r="967" b="746" charConfidence="100">n</charParams>
<charParams l="970" t="725" r="980" b="741" charConfidence="100">¬</charParams></formatting></line>
<line baseline="810" l="184" t="779" r="978" b="821"><formatting lang="OldGerman">
<charParams l="184" t="779" r="201" b="820" charConfidence="72">h</charParams>
<charParams l="206" t="788" r="216" b="810" charConfidence="28">e</charParams>
<charParams l="220" t="781" r="229" b="811" charConfidence="28">i</charParams>
<charParams l="233" t="785" r="243" b="811" charConfidence="46">t</charParams>
<charParams l="244" t="785" r="266" b="811"> </charParams>
<charParams l="267" t="788" r="282" b="810" charConfidence="25">a</charParams>
<charParams l="287" t="787" r="304" b="811" charConfidence="30">n</charParams>
<charParams l="307" t="782" r="323" b="810" charConfidence="29">d</charParams>
<charParams l="327" t="788" r="339" b="810" charConfidence="26">e</charParams>
<charParams l="343" t="787" r="356" b="811" charConfidence="55">r</charParams>
<charParams l="358" t="787" r="370" b="810" charConfidence="27">e</charParams>
<charParams l="374" t="788" r="387" b="811" charConfidence="36">r</charParams>
<charParams l="388" t="787" r="410" b="811"> </charParams>
<charParams l="411" t="787" r="428" b="811" charConfidence="58">u</charParams>
<charParams l="433" t="787" r="448" b="810" charConfidence="47">n</charParams>
<charParams l="452" t="781" r="469" b="810" charConfidence="25">d</charParams>
<charParams l="470" t="781" r="489" b="817"> </charParams>
<charParams l="490" t="787" r="507" b="817" charConfidence="59">g</charParams>
<charParams l="511" t="788" r="523" b="810" charConfidence="58">e</charParams>
<charParams l="526" t="787" r="552" b="811" charConfidence="27">w</charParams>
<charParams l="556" t="780" r="564" b="811" charConfidence="100">i</charParams>
<charParams l="567" t="779" r="584" b="817" charConfidence="30">ß</charParams>
<charParams l="585" t="779" r="599" b="817"> </charParams>
<charParams l="600" t="787" r="616" b="810" charConfidence="61">a</charParams>
<charParams l="620" t="787" r="637" b="810" charConfidence="90">u</charParams>
<charParams l="641" t="779" r="668" b="817" charConfidence="100">c</charParams>
<charParams l="641" t="779" r="668" b="817" charConfidence="100">h</charParams>
<charParams l="669" t="779" r="686" b="821"> </charParams>
<charParams l="687" t="786" r="698" b="821" charConfidence="32">z</charParams>
<charParams l="703" t="786" r="720" b="811" charConfidence="68">u</charParams>
<charParams l="721" t="779" r="738" b="817"> </charParams>
<charParams l="739" t="779" r="753" b="817" charConfidence="34">s</charParams>
<charParams l="751" t="787" r="763" b="810" charConfidence="57">e</charParams>
<charParams l="767" t="780" r="773" b="809" charConfidence="100">i</charParams>
<charParams l="777" t="787" r="794" b="811" charConfidence="100">n</charParams>
<charParams l="798" t="788" r="810" b="811" charConfidence="27">e</charParams>
<charParams l="814" t="786" r="842" b="810" charConfidence="55">m</charParams>
<charParams l="843" t="786" r="860" b="810"> </charParams>
<charParams l="861" t="787" r="873" b="809" charConfidence="55">e</charParams>
<charParams l="877" t="779" r="884" b="809" charConfidence="100">i</charParams>
<charParams l="886" t="787" r="902" b="817" charConfidence="27">g</charParams>
<charParams l="907" t="786" r="919" b="809" charConfidence="28">e</charParams>
<charParams l="923" t="786" r="939" b="809" charConfidence="25">n</charParams>
<charParams l="944" t="784" r="956" b="808" charConfidence="30">e</charParams>
<charParams l="959" t="784" r="978" b="808" charConfidence="52">n</charParams></formatting></line>
<line baseline="870" l="182" t="839" r="977" b="879"><formatting lang="OldGerman">
<charParams l="182" t="840" r="215" b="872" charConfidence="56">G</charParams>
<charParams l="219" t="842" r="227" b="871" charConfidence="55">l</charParams>
<charParams l="230" t="840" r="247" b="870" charConfidence="22">ü</charParams>
<charParams l="250" t="842" r="275" b="871" charConfidence="22">c</charParams>
<charParams l="250" t="842" r="275" b="871" charConfidence="22">k</charParams>
<charParams l="276" t="842" r="289" b="879"> </charParams>
<charParams l="290" t="850" r="307" b="879" charConfidence="26">g</charParams>
<charParams l="311" t="849" r="324" b="870" charConfidence="72">e</charParams>
<charParams l="327" t="840" r="342" b="870" charConfidence="47">b</charParams>
<charParams l="346" t="848" r="361" b="871" charConfidence="35">o</charParams>
<charParams l="365" t="849" r="377" b="871" charConfidence="32">r</charParams>
<charParams l="380" t="849" r="392" b="870" charConfidence="27">e</charParams>
<charParams l="395" t="849" r="414" b="871" charConfidence="36">n</charParams>
<charParams l="415" t="847" r="436" b="872"> </charParams>
<charParams l="437" t="847" r="463" b="872" charConfidence="97">w</charParams>
<charParams l="467" t="849" r="483" b="871" charConfidence="71">a</charParams>
<charParams l="487" t="849" r="500" b="871" charConfidence="89">r</charParams>
<charParams l="503" t="842" r="518" b="871" charConfidence="26">d</charParams>
<charParams l="521" t="863" r="530" b="871" charConfidence="100">.</charParams>
<charParams l="531" t="839" r="575" b="871"> </charParams>
<charParams l="576" t="839" r="605" b="871" charConfidence="44">O</charParams>
<charParams l="609" t="845" r="619" b="871" charConfidence="56">t</charParams>
<charParams l="622" t="844" r="633" b="871" charConfidence="100">t</charParams>
<charParams l="636" t="840" r="645" b="870" charConfidence="32">i</charParams>
<charParams l="648" t="840" r="656" b="871" charConfidence="33">l</charParams>
<charParams l="659" t="841" r="667" b="870" charConfidence="100">i</charParams>
<charParams l="670" t="848" r="683" b="870" charConfidence="42">e</charParams>
<charParams l="684" t="841" r="699" b="871"> </charParams>
<charParams l="700" t="841" r="708" b="871" charConfidence="30">i</charParams>
<charParams l="712" t="841" r="733" b="879" charConfidence="22">s</charParams>
<charParams l="712" t="841" r="733" b="879" charConfidence="22">t</charParams>
<charParams l="734" t="839" r="748" b="879"> </charParams>
<charParams l="749" t="839" r="765" b="876" charConfidence="49">f</charParams>
<charParams l="764" t="848" r="779" b="870" charConfidence="39">a</charParams>
<charParams l="784" t="841" r="805" b="878" charConfidence="29">s</charParams>
<charParams l="784" t="841" r="805" b="878" charConfidence="29">t</charParams>
<charParams l="806" t="841" r="819" b="878"> </charParams>
<charParams l="820" t="847" r="838" b="870" charConfidence="100">u</charParams>
<charParams l="841" t="847" r="859" b="870" charConfidence="81">n</charParams>
<charParams l="862" t="839" r="876" b="873" charConfidence="100">s</charParams>
<charParams l="874" t="847" r="886" b="870" charConfidence="27">e</charParams>
<charParams l="889" t="847" r="903" b="870" charConfidence="39">r</charParams>
<charParams l="904" t="846" r="920" b="870"> </charParams>
<charParams l="921" t="846" r="933" b="869" charConfidence="26">e</charParams>
<charParams l="936" t="839" r="944" b="870" charConfidence="100">i</charParams>
<charParams l="947" t="845" r="964" b="869" charConfidence="100">n</charParams>
<charParams l="967" t="848" r="977" b="864" charConfidence="100">¬</charParams></formatting></line>
<line baseline="928" l="180" t="897" r="974" b="940"><formatting lang="OldGerman">
<charParams l="180" t="907" r="191" b="940" charConfidence="30">z</charParams>
<charParams l="196" t="900" r="203" b="928" charConfidence="98">i</charParams>
<charParams l="205" t="906" r="221" b="937" charConfidence="55">g</charParams>
<charParams l="226" t="907" r="238" b="929" charConfidence="25">e</charParams>
<charParams l="241" t="906" r="255" b="929" charConfidence="41">r</charParams>
<charParams l="256" t="897" r="285" b="934"> </charParams>
<charParams l="286" t="897" r="308" b="934" charConfidence="79">Z</charParams>
<charParams l="312" t="899" r="326" b="929" charConfidence="22">ö</charParams>
<charParams l="328" t="907" r="345" b="936" charConfidence="30">g</charParams>
<charParams l="349" t="900" r="358" b="929" charConfidence="64">l</charParams>
<charParams l="361" t="899" r="369" b="928" charConfidence="27">i</charParams>
<charParams l="372" t="906" r="389" b="927" charConfidence="30">n</charParams>
<charParams l="391" t="906" r="410" b="936" charConfidence="32">g</charParams>
<charParams l="418" t="920" r="428" b="935" charConfidence="100">,</charParams>
<charParams l="429" t="898" r="467" b="935"> </charParams>
<charParams l="468" t="898" r="487" b="930" charConfidence="65">ü</charParams>
<charParams l="491" t="897" r="506" b="929" charConfidence="27">b</charParams>
<charParams l="509" t="907" r="523" b="929" charConfidence="26">e</charParams>
<charParams l="524" t="906" r="539" b="929" charConfidence="67">r</charParams>
<charParams l="540" t="902" r="569" b="929"> </charParams>
<charParams l="570" t="902" r="587" b="929" charConfidence="31">d</charParams>
<charParams l="591" t="907" r="603" b="928" charConfidence="51">e</charParams>
<charParams l="606" t="906" r="625" b="928" suspicious="1" charConfidence="39">n</charParams>
<charParams l="626" t="899" r="656" b="928"> </charParams>
<charParams l="657" t="899" r="666" b="928" charConfidence="38">i</charParams>
<charParams l="669" t="899" r="697" b="935" charConfidence="39">c</charParams>
<charParams l="669" t="899" r="697" b="935" charConfidence="39">h</charParams>
<charParams l="698" t="899" r="730" b="935"> </charParams>
<charParams l="731" t="906" r="760" b="928" charConfidence="100">m</charParams>
<charParams l="764" t="899" r="771" b="927" charConfidence="25">i</charParams>
<charParams l="775" t="903" r="786" b="928" charConfidence="42">t</charParams>
<charParams l="787" t="903" r="808" b="928"> </charParams>
<charParams l="809" t="905" r="827" b="928" charConfidence="78">u</charParams>
<charParams l="830" t="905" r="848" b="928" charConfidence="82">n</charParams>
<charParams l="852" t="897" r="864" b="935" charConfidence="61">s</charParams>
<charParams l="863" t="905" r="875" b="927" charConfidence="49">e</charParams>
<charParams l="878" t="905" r="892" b="928" charConfidence="40">r</charParams>
<charParams l="894" t="905" r="906" b="928" charConfidence="28">e</charParams>
<charParams l="909" t="905" r="924" b="928" charConfidence="74">r</charParams>
<charParams l="925" t="897" r="946" b="935"> </charParams>
<charParams l="947" t="897" r="960" b="935" charConfidence="100">s</charParams>
<charParams l="959" t="907" r="974" b="929" charConfidence="48">o</charParams></formatting></line>
<line baseline="989" l="178" t="956" r="974" b="999"><formatting lang="OldGerman">
<charParams l="178" t="960" r="191" b="999" charConfidence="26">s</charParams>
<charParams l="190" t="968" r="202" b="991" charConfidence="27">e</charParams>
<charParams l="206" t="959" r="222" b="999" charConfidence="35">h</charParams>
<charParams l="227" t="967" r="240" b="991" charConfidence="26">r</charParams>
<charParams l="241" t="966" r="261" b="991"> </charParams>
<charParams l="262" t="966" r="279" b="989" charConfidence="32">v</charParams>
<charParams l="284" t="966" r="296" b="989" charConfidence="55">e</charParams>
<charParams l="299" t="965" r="312" b="988" charConfidence="42">r</charParams>
<charParams l="314" t="966" r="327" b="988" charConfidence="29">e</charParams>
<charParams l="330" t="957" r="346" b="996" charConfidence="100">h</charParams>
<charParams l="351" t="965" r="364" b="988" charConfidence="25">r</charParams>
<charParams l="367" t="962" r="377" b="988" charConfidence="30">t</charParams>
<charParams l="380" t="965" r="393" b="988" charConfidence="25">e</charParams>
<charParams l="395" t="965" r="413" b="988" charConfidence="75">n</charParams>
<charParams l="414" t="956" r="437" b="988"> </charParams>
<charParams l="438" t="956" r="470" b="988" charConfidence="31">V</charParams>
<charParams l="472" t="965" r="487" b="989" charConfidence="44">o</charParams>
<charParams l="491" t="965" r="503" b="988" charConfidence="37">r</charParams>
<charParams l="507" t="958" r="527" b="996" charConfidence="68">s</charParams>
<charParams l="507" t="958" r="527" b="996" charConfidence="68">t</charParams>
<charParams l="529" t="965" r="542" b="988" charConfidence="28">e</charParams>
<charParams l="545" t="956" r="562" b="998" charConfidence="59">h</charParams>
<charParams l="566" t="965" r="578" b="989" charConfidence="28">e</charParams>
<charParams l="581" t="965" r="594" b="988" charConfidence="61">r</charParams>
<charParams l="597" t="957" r="605" b="988" charConfidence="59">i</charParams>
<charParams l="608" t="966" r="625" b="989" charConfidence="85">n</charParams>
<charParams l="629" t="963" r="647" b="988" charConfidence="52">n</charParams>
<charParams l="648" t="963" r="671" b="989"> </charParams>
<charParams l="672" t="965" r="689" b="989" charConfidence="50">n</charParams>
<charParams l="694" t="958" r="702" b="989" charConfidence="38">i</charParams>
<charParams l="705" t="958" r="731" b="995" charConfidence="62">c</charParams>
<charParams l="705" t="958" r="731" b="995" charConfidence="62">h</charParams>
<charParams l="736" t="962" r="747" b="990" charConfidence="38">t</charParams>
<charParams l="748" t="962" r="764" b="990"> </charParams>
<charParams l="765" t="965" r="778" b="988" charConfidence="29">e</charParams>
<charParams l="781" t="958" r="788" b="988" charConfidence="44">i</charParams>
<charParams l="792" t="965" r="809" b="989" charConfidence="100">n</charParams>
<charParams l="814" t="958" r="821" b="989" charConfidence="100">i</charParams>
<charParams l="824" t="965" r="840" b="997" charConfidence="61">g</charParams>
<charParams l="841" t="965" r="857" b="997"> </charParams>
<charParams l="858" t="965" r="885" b="990" charConfidence="39">w</charParams>
<charParams l="889" t="967" r="901" b="991" charConfidence="58">e</charParams>
<charParams l="904" t="967" r="917" b="990" charConfidence="100">r</charParams>
<charParams l="920" t="961" r="935" b="990" charConfidence="27">d</charParams>
<charParams l="940" t="966" r="951" b="988" charConfidence="25">e</charParams>
<charParams l="955" t="967" r="974" b="992" charConfidence="27">n</charParams></formatting></line>
<line baseline="1052" l="177" t="1017" r="972" b="1060"><formatting lang="OldGerman">
<charParams l="177" t="1022" r="189" b="1053" charConfidence="52">k</charParams>
<charParams l="192" t="1030" r="207" b="1052" charConfidence="25">a</charParams>
<charParams l="212" t="1029" r="228" b="1052" charConfidence="100">n</charParams>
<charParams l="232" t="1029" r="249" b="1052" charConfidence="100">n</charParams>
<charParams l="253" t="1043" r="262" b="1052" charConfidence="57">.</charParams>
<charParams l="263" t="1017" r="304" b="1057"> </charParams>
<charParams l="305" t="1017" r="335" b="1057" suspicious="1" charConfidence="19">Z</charParams>
<charParams l="338" t="1019" r="366" b="1057" charConfidence="62">c</charParams>
<charParams l="338" t="1019" r="366" b="1057" suspicious="1" charConfidence="62">h</charParams>
<charParams l="367" t="1019" r="398" b="1057"> </charParams>
<charParams l="399" t="1027" r="416" b="1049" charConfidence="100">v</charParams>
<charParams l="420" t="1026" r="432" b="1049" charConfidence="55">e</charParams>
<charParams l="436" t="1025" r="448" b="1049" charConfidence="24">r</charParams>
<charParams l="451" t="1027" r="466" b="1049" charConfidence="100">a</charParams>
<charParams l="470" t="1027" r="483" b="1051" charConfidence="30">r</charParams>
<charParams l="486" t="1026" r="502" b="1057" charConfidence="55">g</charParams>
<charParams l="506" t="1026" r="518" b="1049" charConfidence="59">e</charParams>
<charParams l="519" t="1020" r="552" b="1050"> </charParams>
<charParams l="553" t="1020" r="568" b="1050" charConfidence="32">d</charParams>
<charParams l="573" t="1020" r="581" b="1050" charConfidence="100">i</charParams>
<charParams l="583" t="1027" r="595" b="1050" charConfidence="27">e</charParams>
<charParams l="599" t="1018" r="612" b="1057" charConfidence="80">s</charParams>
<charParams l="610" t="1028" r="621" b="1050" charConfidence="62">e</charParams>
<charParams l="625" t="1027" r="639" b="1050" charConfidence="31">r</charParams>
<charParams l="640" t="1025" r="661" b="1052"> </charParams>
<charParams l="662" t="1025" r="672" b="1052" charConfidence="36">t</charParams>
<charParams l="676" t="1019" r="693" b="1060" charConfidence="51">h</charParams>
<charParams l="697" t="1018" r="712" b="1052" charConfidence="22">ä</charParams>
<charParams l="717" t="1024" r="726" b="1052" charConfidence="38">t</charParams>
<charParams l="730" t="1020" r="737" b="1051" charConfidence="100">i</charParams>
<charParams l="740" t="1028" r="757" b="1060" charConfidence="55">g</charParams>
<charParams l="761" t="1028" r="772" b="1052" charConfidence="100">e</charParams>
<charParams l="776" t="1029" r="793" b="1052" charConfidence="24">n</charParams>
<charParams l="794" t="1019" r="817" b="1059"> </charParams>
<charParams l="818" t="1019" r="842" b="1059" charConfidence="32">F</charParams>
<charParams l="844" t="1029" r="857" b="1052" charConfidence="64">r</charParams>
<charParams l="859" t="1030" r="874" b="1053" charConfidence="54">a</charParams>
<charParams l="879" t="1031" r="896" b="1054" charConfidence="46">u</charParams>
<charParams l="897" t="1023" r="919" b="1054"> </charParams>
<charParams l="920" t="1023" r="934" b="1054" charConfidence="29">k</charParams>
<charParams l="936" t="1031" r="948" b="1055" charConfidence="40">e</charParams>
<charParams l="952" t="1023" r="959" b="1054" charConfidence="100">i</charParams>
<charParams l="963" t="1035" r="972" b="1050" charConfidence="22">¬</charParams></formatting></line>
<line baseline="1113" l="176" t="1079" r="972" b="1123"><formatting lang="OldGerman">
<charParams l="176" t="1091" r="193" b="1114" charConfidence="91">n</charParams>
<charParams l="198" t="1091" r="210" b="1114" charConfidence="31">e</charParams>
<charParams l="212" t="1086" r="227" b="1114" charConfidence="96">s</charParams>
<charParams l="231" t="1089" r="256" b="1113" charConfidence="58">w</charParams>
<charParams l="261" t="1089" r="272" b="1112" charConfidence="26">e</charParams>
<charParams l="274" t="1089" r="290" b="1119" charConfidence="32">g</charParams>
<charParams l="295" t="1083" r="325" b="1111" suspicious="1" charConfidence="-1">s</charParams>
<charParams l="335" t="1102" r="345" b="1116" charConfidence="67">,</charParams>
<charParams l="346" t="1081" r="391" b="1116"> </charParams>
<charParams l="392" t="1081" r="408" b="1110" charConfidence="32">d</charParams>
<charParams l="412" t="1088" r="426" b="1110" charConfidence="55">a</charParams>
<charParams l="431" t="1079" r="448" b="1116" charConfidence="28">ß</charParams>
<charParams l="449" t="1079" r="478" b="1120"> </charParams>
<charParams l="479" t="1080" r="499" b="1120" charConfidence="53">s</charParams>
<charParams l="479" t="1080" r="499" b="1120" charConfidence="53">i</charParams>
<charParams l="501" t="1089" r="513" b="1111" charConfidence="47">e</charParams>
<charParams l="514" t="1089" r="545" b="1113"> </charParams>
<charParams l="546" t="1089" r="563" b="1113" charConfidence="38">v</charParams>
<charParams l="568" t="1089" r="579" b="1113" charConfidence="26">e</charParams>
<charParams l="583" t="1090" r="596" b="1115" charConfidence="55">r</charParams>
<charParams l="599" t="1083" r="607" b="1114" charConfidence="53">l</charParams>
<charParams l="610" t="1090" r="625" b="1113" charConfidence="54">a</charParams>
<charParams l="630" t="1091" r="647" b="1113" charConfidence="57">n</charParams>
<charParams l="649" t="1091" r="666" b="1123" charConfidence="27">g</charParams>
<charParams l="670" t="1088" r="681" b="1115" charConfidence="41">t</charParams>
<charParams l="691" t="1107" r="701" b="1122" charConfidence="99">,</charParams>
<charParams l="702" t="1091" r="740" b="1122"> </charParams>
<charParams l="741" t="1091" r="769" b="1115" charConfidence="100">m</charParams>
<charParams l="773" t="1092" r="788" b="1115" charConfidence="47">a</charParams>
<charParams l="792" t="1092" r="810" b="1115" charConfidence="31">n</charParams>
<charParams l="811" t="1083" r="843" b="1123"> </charParams>
<charParams l="844" t="1083" r="857" b="1123" charConfidence="61">s</charParams>
<charParams l="856" t="1092" r="870" b="1115" charConfidence="98">o</charParams>
<charParams l="874" t="1084" r="882" b="1115" charConfidence="46">l</charParams>
<charParams l="883" t="1084" r="892" b="1115" charConfidence="48">l</charParams>
<charParams l="893" t="1084" r="926" b="1116"> </charParams>
<charParams l="927" t="1087" r="943" b="1116" charConfidence="28">d</charParams>
<charParams l="947" t="1086" r="954" b="1117" charConfidence="100">i</charParams>
<charParams l="958" t="1095" r="972" b="1117" charConfidence="100">e</charParams></formatting></line>
<line baseline="1176" l="174" t="1140" r="969" b="1187"><formatting lang="OldGerman">
<charParams l="174" t="1144" r="197" b="1182" charConfidence="37">F</charParams>
<charParams l="200" t="1153" r="212" b="1175" charConfidence="24">r</charParams>
<charParams l="216" t="1143" r="232" b="1175" charConfidence="22">ü</charParams>
<charParams l="236" t="1142" r="262" b="1180" charConfidence="57">c</charParams>
<charParams l="236" t="1142" r="262" b="1180" charConfidence="57">h</charParams>
<charParams l="266" t="1149" r="276" b="1174" charConfidence="30">t</charParams>
<charParams l="280" t="1151" r="293" b="1173" charConfidence="41">e</charParams>
<charParams l="294" t="1143" r="326" b="1173"> </charParams>
<charParams l="327" t="1143" r="336" b="1172" charConfidence="27">i</charParams>
<charParams l="340" t="1140" r="356" b="1181" charConfidence="100">h</charParams>
<charParams l="360" t="1149" r="373" b="1172" charConfidence="43">r</charParams>
<charParams l="377" t="1149" r="388" b="1172" charConfidence="26">e</charParams>
<charParams l="391" t="1149" r="405" b="1172" charConfidence="46">r</charParams>
<charParams l="406" t="1140" r="429" b="1174"> </charParams>
<charParams l="430" t="1140" r="465" b="1174" charConfidence="61">S</charParams>
<charParams l="470" t="1151" r="484" b="1175" charConfidence="36">o</charParams>
<charParams l="488" t="1151" r="501" b="1175" charConfidence="99">r</charParams>
<charParams l="503" t="1153" r="519" b="1183" charConfidence="26">g</charParams>
<charParams l="522" t="1143" r="538" b="1181" charConfidence="77">f</charParams>
<charParams l="536" t="1153" r="552" b="1176" charConfidence="28">a</charParams>
<charParams l="557" t="1145" r="564" b="1176" charConfidence="56">l</charParams>
<charParams l="568" t="1150" r="578" b="1176" charConfidence="38">t</charParams>
<charParams l="579" t="1144" r="601" b="1176"> </charParams>
<charParams l="602" t="1144" r="617" b="1176" charConfidence="22">ä</charParams>
<charParams l="622" t="1154" r="638" b="1177" charConfidence="24">u</charParams>
<charParams l="643" t="1145" r="658" b="1182" charConfidence="57">ß</charParams>
<charParams l="662" t="1155" r="673" b="1177" charConfidence="26">e</charParams>
<charParams l="677" t="1155" r="689" b="1178" charConfidence="65">r</charParams>
<charParams l="693" t="1146" r="701" b="1178" charConfidence="46">l</charParams>
<charParams l="705" t="1147" r="712" b="1177" charConfidence="100">i</charParams>
<charParams l="715" t="1146" r="742" b="1184" charConfidence="55">c</charParams>
<charParams l="715" t="1146" r="742" b="1184" charConfidence="55">h</charParams>
<charParams l="743" t="1146" r="766" b="1184"> </charParams>
<charParams l="767" t="1156" r="784" b="1179" charConfidence="100">u</charParams>
<charParams l="788" t="1156" r="805" b="1179" charConfidence="45">n</charParams>
<charParams l="810" t="1149" r="826" b="1179" charConfidence="26">d</charParams>
<charParams l="827" t="1149" r="850" b="1180"> </charParams>
<charParams l="851" t="1150" r="866" b="1180" charConfidence="27">d</charParams>
<charParams l="871" t="1156" r="882" b="1179" charConfidence="55">e</charParams>
<charParams l="886" t="1157" r="902" b="1180" charConfidence="-1">u</charParams>
<charParams l="907" t="1153" r="916" b="1180" charConfidence="48">t</charParams>
<charParams l="920" t="1149" r="928" b="1180" charConfidence="40">l</charParams>
<charParams l="931" t="1149" r="938" b="1180" charConfidence="100">i</charParams>
<charParams l="942" t="1148" r="969" b="1187" charConfidence="55">c</charParams>
<charParams l="942" t="1148" r="969" b="1187" charConfidence="55">h</charParams></formatting></line>
<line baseline="1239" l="172" t="1204" r="966" b="1249"><formatting lang="OldGerman">
<charParams l="172" t="1207" r="186" b="1246" charConfidence="40">s</charParams>
<charParams l="185" t="1216" r="195" b="1238" charConfidence="43">e</charParams>
<charParams l="200" t="1205" r="215" b="1245" charConfidence="49">h</charParams>
<charParams l="220" t="1214" r="232" b="1237" charConfidence="58">e</charParams>
<charParams l="235" t="1213" r="252" b="1236" suspicious="1" charConfidence="82">n</charParams>
<charParams l="264" t="1213" r="273" b="1244" charConfidence="43">;</charParams>
<charParams l="274" t="1211" r="298" b="1244"> </charParams>
<charParams l="299" t="1211" r="314" b="1235" charConfidence="26">a</charParams>
<charParams l="319" t="1204" r="334" b="1235" charConfidence="35">b</charParams>
<charParams l="338" t="1211" r="350" b="1235" charConfidence="36">e</charParams>
<charParams l="353" t="1211" r="367" b="1235" charConfidence="38">r</charParams>
<charParams l="368" t="1211" r="390" b="1235"> </charParams>
<charParams l="391" t="1212" r="404" b="1235" charConfidence="26">e</charParams>
<charParams l="406" t="1207" r="422" b="1235" suspicious="1" charConfidence="100">s</charParams>
<charParams l="423" t="1207" r="445" b="1244"> </charParams>
<charParams l="446" t="1214" r="463" b="1244" charConfidence="58">g</charParams>
<charParams l="467" t="1206" r="474" b="1235" charConfidence="100">i</charParams>
<charParams l="478" t="1213" r="489" b="1236" charConfidence="79">e</charParams>
<charParams l="494" t="1205" r="508" b="1236" charConfidence="81">b</charParams>
<charParams l="513" t="1211" r="524" b="1238" charConfidence="33">t</charParams>
<charParams l="525" t="1211" r="539" b="1238"> </charParams>
<charParams l="540" t="1215" r="555" b="1237" charConfidence="100">a</charParams>
<charParams l="560" t="1214" r="577" b="1239" charConfidence="41">u</charParams>
<charParams l="581" t="1208" r="608" b="1246" charConfidence="68">c</charParams>
<charParams l="581" t="1208" r="608" b="1246" charConfidence="68">h</charParams>
<charParams l="609" t="1208" r="625" b="1246"> </charParams>
<charParams l="626" t="1217" r="642" b="1240" charConfidence="30">v</charParams>
<charParams l="647" t="1217" r="658" b="1239" charConfidence="35">e</charParams>
<charParams l="662" t="1217" r="674" b="1241" charConfidence="36">r</charParams>
<charParams l="678" t="1209" r="691" b="1247" charConfidence="41">s</charParams>
<charParams l="689" t="1210" r="716" b="1247" charConfidence="56">c</charParams>
<charParams l="689" t="1210" r="716" b="1247" charConfidence="56">h</charParams>
<charParams l="720" t="1212" r="728" b="1241" charConfidence="45">l</charParams>
<charParams l="731" t="1218" r="745" b="1241" charConfidence="64">o</charParams>
<charParams l="750" t="1210" r="775" b="1246" charConfidence="96">s</charParams>
<charParams l="750" t="1210" r="775" b="1246" charConfidence="96">s</charParams>
<charParams l="773" t="1218" r="784" b="1241" charConfidence="35">e</charParams>
<charParams l="788" t="1218" r="805" b="1242" charConfidence="32">n</charParams>
<charParams l="809" t="1219" r="822" b="1242" charConfidence="51">e</charParams>
<charParams l="823" t="1210" r="837" b="1249"> </charParams>
<charParams l="838" t="1210" r="862" b="1249" charConfidence="40">F</charParams>
<charParams l="864" t="1219" r="876" b="1242" charConfidence="35">r</charParams>
<charParams l="879" t="1211" r="896" b="1243" charConfidence="22">ü</charParams>
<charParams l="900" t="1221" r="910" b="1243" charConfidence="36">c</charParams>
<charParams l="911" t="1212" r="926" b="1249" charConfidence="79">h</charParams>
<charParams l="931" t="1216" r="941" b="1242" charConfidence="45">t</charParams>
<charParams l="944" t="1220" r="956" b="1243" charConfidence="25">e</charParams>
<charParams l="956" t="1234" r="966" b="1249" charConfidence="85">,</charParams></formatting></line>
<line baseline="1301" l="171" t="1266" r="967" b="1310"><formatting lang="OldGerman">
<charParams l="171" t="1272" r="186" b="1300" charConfidence="26">d</charParams>
<charParams l="191" t="1269" r="197" b="1299" charConfidence="100">i</charParams>
<charParams l="202" t="1276" r="214" b="1299" charConfidence="47">e</charParams>
<charParams l="215" t="1276" r="237" b="1300"> </charParams>
<charParams l="238" t="1277" r="250" b="1300" charConfidence="26">e</charParams>
<charParams l="254" t="1276" r="267" b="1299" charConfidence="84">r</charParams>
<charParams l="270" t="1268" r="290" b="1307" charConfidence="68">s</charParams>
<charParams l="270" t="1268" r="290" b="1307" charConfidence="68">t</charParams>
<charParams l="291" t="1267" r="313" b="1307"> </charParams>
<charParams l="314" t="1267" r="329" b="1297" charConfidence="33">d</charParams>
<charParams l="334" t="1266" r="341" b="1297" charConfidence="100">i</charParams>
<charParams l="345" t="1274" r="357" b="1297" charConfidence="31">e</charParams>
<charParams l="358" t="1274" r="388" b="1297"> </charParams>
<charParams l="389" t="1274" r="403" b="1296" charConfidence="61">r</charParams>
<charParams l="406" t="1274" r="418" b="1297" charConfidence="62">e</charParams>
<charParams l="421" t="1267" r="447" b="1302" charConfidence="63">c</charParams>
<charParams l="421" t="1267" r="447" b="1302" charConfidence="63">h</charParams>
<charParams l="452" t="1272" r="462" b="1298" charConfidence="42">t</charParams>
<charParams l="465" t="1274" r="478" b="1299" charConfidence="26">e</charParams>
<charParams l="480" t="1275" r="499" b="1298" charConfidence="54">n</charParams>
<charParams l="500" t="1267" r="530" b="1299"> </charParams>
<charParams l="531" t="1267" r="543" b="1299" charConfidence="77">k</charParams>
<charParams l="546" t="1277" r="557" b="1299" charConfidence="27">e</charParams>
<charParams l="561" t="1277" r="574" b="1300" charConfidence="51">r</charParams>
<charParams l="577" t="1277" r="593" b="1300" suspicious="1" charConfidence="25">n</charParams>
<charParams l="598" t="1269" r="615" b="1310" charConfidence="55">h</charParams>
<charParams l="619" t="1278" r="634" b="1301" charConfidence="56">a</charParams>
<charParams l="639" t="1270" r="653" b="1308" charConfidence="33">f</charParams>
<charParams l="652" t="1276" r="661" b="1302" charConfidence="28">t</charParams>
<charParams l="665" t="1279" r="677" b="1302" charConfidence="29">e</charParams>
<charParams l="680" t="1279" r="697" b="1302" charConfidence="32">n</charParams>
<charParams l="698" t="1272" r="722" b="1310"> </charParams>
<charParams l="723" t="1272" r="742" b="1310" charConfidence="22">s</charParams>
<charParams l="723" t="1272" r="742" b="1310" charConfidence="22">i</charParams>
<charParams l="744" t="1280" r="760" b="1303" charConfidence="100">n</charParams>
<charParams l="766" t="1275" r="781" b="1303" charConfidence="26">d</charParams>
<charParams l="791" t="1296" r="801" b="1310" suspicious="1" charConfidence="100">,</charParams>
<charParams l="802" t="1283" r="838" b="1310"> </charParams>
<charParams l="839" t="1283" r="856" b="1305" charConfidence="31">u</charParams>
<charParams l="860" t="1283" r="876" b="1305" charConfidence="39">n</charParams>
<charParams l="881" t="1277" r="897" b="1305" charConfidence="26">d</charParams>
<charParams l="898" t="1276" r="923" b="1305"> </charParams>
<charParams l="924" t="1276" r="939" b="1305" charConfidence="27">d</charParams>
<charParams l="943" t="1274" r="950" b="1304" charConfidence="100">i</charParams>
<charParams l="954" t="1282" r="967" b="1305" charConfidence="28">e</charParams></formatting></line>
<line baseline="1363" l="170" t="1326" r="965" b="1372"><formatting lang="OldGerman">
<charParams l="170" t="1331" r="189" b="1370" charConfidence="84">s</charParams>
<charParams l="170" t="1331" r="189" b="1370" charConfidence="84">i</charParams>
<charParams l="191" t="1332" r="218" b="1369" charConfidence="55">c</charParams>
<charParams l="191" t="1332" r="218" b="1369" charConfidence="55">h</charParams>
<charParams l="219" t="1330" r="252" b="1369"> </charParams>
<charParams l="253" t="1330" r="268" b="1369" charConfidence="42">f</charParams>
<charParams l="267" t="1339" r="279" b="1363" charConfidence="64">r</charParams>
<charParams l="282" t="1329" r="299" b="1362" charConfidence="33">ü</charParams>
<charParams l="304" t="1333" r="320" b="1369" charConfidence="27">h</charParams>
<charParams l="325" t="1338" r="336" b="1361" charConfidence="100">e</charParams>
<charParams l="339" t="1337" r="353" b="1361" charConfidence="66">r</charParams>
<charParams l="354" t="1335" r="382" b="1361"> </charParams>
<charParams l="383" t="1335" r="398" b="1359" charConfidence="43">o</charParams>
<charParams l="402" t="1329" r="417" b="1359" charConfidence="27">d</charParams>
<charParams l="421" t="1335" r="433" b="1359" charConfidence="30">e</charParams>
<charParams l="436" t="1336" r="451" b="1359" charConfidence="87">r</charParams>
<charParams l="452" t="1328" r="480" b="1366"> </charParams>
<charParams l="481" t="1328" r="495" b="1366" charConfidence="86">s</charParams>
<charParams l="493" t="1335" r="509" b="1367" charConfidence="96">p</charParams>
<charParams l="512" t="1326" r="528" b="1360" charConfidence="22">ä</charParams>
<charParams l="533" t="1334" r="542" b="1360" charConfidence="27">t</charParams>
<charParams l="545" t="1338" r="557" b="1360" charConfidence="25">e</charParams>
<charParams l="560" t="1338" r="574" b="1361" charConfidence="99">r</charParams>
<charParams l="575" t="1338" r="604" b="1372"> </charParams>
<charParams l="605" t="1338" r="618" b="1372" charConfidence="54">z</charParams>
<charParams l="622" t="1340" r="639" b="1363" charConfidence="30">u</charParams>
<charParams l="640" t="1340" r="663" b="1364"> </charParams>
<charParams l="664" t="1342" r="676" b="1364" charConfidence="31">e</charParams>
<charParams l="680" t="1334" r="687" b="1364" charConfidence="100">i</charParams>
<charParams l="690" t="1342" r="708" b="1365" charConfidence="51">n</charParams>
<charParams l="712" t="1342" r="724" b="1365" charConfidence="26">e</charParams>
<charParams l="727" t="1341" r="755" b="1364" charConfidence="100">m</charParams>
<charParams l="756" t="1334" r="779" b="1372"> </charParams>
<charParams l="780" t="1334" r="794" b="1372" charConfidence="100">s</charParams>
<charParams l="792" t="1335" r="818" b="1368" charConfidence="54">c</charParams>
<charParams l="792" t="1335" r="818" b="1368" charConfidence="54">h</charParams>
<charParams l="822" t="1334" r="837" b="1366" charConfidence="22">ö</charParams>
<charParams l="841" t="1344" r="857" b="1366" charConfidence="42">n</charParams>
<charParams l="862" t="1344" r="874" b="1366" charConfidence="100">e</charParams>
<charParams l="877" t="1344" r="895" b="1367" charConfidence="51">n</charParams>
<charParams l="896" t="1334" r="919" b="1367"> </charParams>
<charParams l="920" t="1334" r="937" b="1367" charConfidence="38">L</charParams>
<charParams l="941" t="1344" r="953" b="1366" charConfidence="36">e</charParams>
<charParams l="955" t="1347" r="965" b="1362" charConfidence="52">¬</charParams></formatting></line>
<line baseline="1425" l="169" t="1388" r="963" b="1436"><formatting lang="OldGerman">
<charParams l="169" t="1391" r="183" b="1422" charConfidence="26">b</charParams>
<charParams l="188" t="1401" r="199" b="1423" charConfidence="25">e</charParams>
<charParams l="203" t="1401" r="220" b="1424" charConfidence="39">n</charParams>
<charParams l="221" t="1401" r="251" b="1425"> </charParams>
<charParams l="252" t="1402" r="265" b="1425" charConfidence="34">e</charParams>
<charParams l="268" t="1402" r="285" b="1424" charConfidence="42">n</charParams>
<charParams l="289" t="1398" r="299" b="1425" charConfidence="92">t</charParams>
<charParams l="302" t="1399" r="328" b="1424" charConfidence="32">w</charParams>
<charParams l="332" t="1392" r="339" b="1423" charConfidence="100">i</charParams>
<charParams l="344" t="1392" r="367" b="1424" charConfidence="52">c</charParams>
<charParams l="344" t="1392" r="367" b="1424" charConfidence="52">k</charParams>
<charParams l="370" t="1399" r="381" b="1423" charConfidence="41">e</charParams>
<charParams l="385" t="1392" r="393" b="1423" charConfidence="27">l</charParams>
<charParams l="396" t="1399" r="413" b="1422" charConfidence="37">n</charParams>
<charParams l="417" t="1414" r="425" b="1423" charConfidence="58">.</charParams>
<charParams l="426" t="1388" r="471" b="1423"> </charParams>
<charParams l="472" t="1388" r="508" b="1421" charConfidence="100">D</charParams>
<charParams l="512" t="1399" r="524" b="1421" charConfidence="44">e</charParams>
<charParams l="527" t="1398" r="541" b="1422" charConfidence="26">r</charParams>
<charParams l="542" t="1399" r="559" b="1429" charConfidence="55">g</charParams>
<charParams l="563" t="1393" r="572" b="1423" charConfidence="82">l</charParams>
<charParams l="574" t="1401" r="586" b="1423" charConfidence="35">e</charParams>
<charParams l="590" t="1395" r="598" b="1423" charConfidence="27">i</charParams>
<charParams l="600" t="1394" r="627" b="1432" charConfidence="55">c</charParams>
<charParams l="600" t="1394" r="627" b="1432" charConfidence="55">h</charParams>
<charParams l="631" t="1402" r="643" b="1425" charConfidence="26">e</charParams>
<charParams l="646" t="1402" r="664" b="1425" charConfidence="100">n</charParams>
<charParams l="665" t="1396" r="696" b="1425"> </charParams>
<charParams l="697" t="1396" r="705" b="1425" charConfidence="100">i</charParams>
<charParams l="709" t="1395" r="730" b="1434" charConfidence="35">s</charParams>
<charParams l="709" t="1395" r="730" b="1434" charConfidence="35">t</charParams>
<charParams l="731" t="1395" r="758" b="1434"> </charParams>
<charParams l="759" t="1403" r="776" b="1434" charConfidence="29">g</charParams>
<charParams l="780" t="1404" r="791" b="1427" charConfidence="37">e</charParams>
<charParams l="795" t="1402" r="821" b="1427" charConfidence="52">w</charParams>
<charParams l="825" t="1397" r="832" b="1427" charConfidence="100">i</charParams>
<charParams l="836" t="1397" r="852" b="1435" charConfidence="28">ß</charParams>
<charParams l="853" t="1395" r="879" b="1435"> </charParams>
<charParams l="880" t="1395" r="910" b="1434" suspicious="1" charConfidence="30">Z</charParams>
<charParams l="914" t="1396" r="929" b="1436" charConfidence="25">h</charParams>
<charParams l="934" t="1404" r="946" b="1428" charConfidence="100">r</charParams>
<charParams l="950" t="1405" r="963" b="1427" charConfidence="26">e</charParams></formatting></line>
<line baseline="1487" l="166" t="1449" r="961" b="1495"><formatting lang="OldGerman">
<charParams l="166" t="1453" r="197" b="1491" charConfidence="35">P</charParams>
<charParams l="202" t="1454" r="221" b="1492" charConfidence="22">f</charParams>
<charParams l="202" t="1454" r="221" b="1492" charConfidence="22">l</charParams>
<charParams l="224" t="1463" r="236" b="1484" charConfidence="44">e</charParams>
<charParams l="238" t="1463" r="254" b="1492" charConfidence="31">g</charParams>
<charParams l="259" t="1464" r="271" b="1486" charConfidence="27">e</charParams>
<charParams l="275" t="1461" r="285" b="1487" charConfidence="27">t</charParams>
<charParams l="287" t="1464" r="302" b="1487" charConfidence="58">o</charParams>
<charParams l="306" t="1456" r="333" b="1494" charConfidence="81">c</charParams>
<charParams l="306" t="1456" r="333" b="1494" charConfidence="81">h</charParams>
<charParams l="337" t="1459" r="347" b="1487" charConfidence="51">t</charParams>
<charParams l="349" t="1464" r="361" b="1487" charConfidence="27">e</charParams>
<charParams l="365" t="1463" r="378" b="1486" charConfidence="37">r</charParams>
<charParams l="380" t="1478" r="388" b="1487" charConfidence="100">.</charParams>
<charParams l="389" t="1449" r="441" b="1487"> </charParams>
<charParams l="442" t="1449" r="477" b="1485" charConfidence="43">S</charParams>
<charParams l="482" t="1461" r="497" b="1484" charConfidence="34">o</charParams>
<charParams l="498" t="1456" r="537" b="1486"> </charParams>
<charParams l="538" t="1456" r="545" b="1486" charConfidence="67">l</charParams>
<charParams l="549" t="1463" r="564" b="1486" charConfidence="100">a</charParams>
<charParams l="567" t="1462" r="585" b="1486" charConfidence="38">n</charParams>
<charParams l="587" t="1463" r="605" b="1494" charConfidence="27">g</charParams>
<charParams l="608" t="1465" r="623" b="1487" charConfidence="26">e</charParams>
<charParams l="624" t="1457" r="651" b="1487"> </charParams>
<charParams l="652" t="1457" r="660" b="1487" charConfidence="100">i</charParams>
<charParams l="663" t="1456" r="690" b="1492" charConfidence="56">c</charParams>
<charParams l="663" t="1456" r="690" b="1492" charConfidence="56">h</charParams>
<charParams l="691" t="1456" r="723" b="1495"> </charParams>
<charParams l="724" t="1456" r="744" b="1495" charConfidence="85">s</charParams>
<charParams l="724" t="1456" r="744" b="1495" charConfidence="85">i</charParams>
<charParams l="746" t="1465" r="759" b="1488" charConfidence="33">e</charParams>
<charParams l="760" t="1465" r="789" b="1490"> </charParams>
<charParams l="790" t="1465" r="808" b="1490" charConfidence="27">u</charParams>
<charParams l="812" t="1466" r="829" b="1489" charConfidence="100">n</charParams>
<charParams l="833" t="1464" r="843" b="1489" charConfidence="41">t</charParams>
<charParams l="846" t="1466" r="858" b="1489" charConfidence="25">e</charParams>
<charParams l="861" t="1466" r="874" b="1490" charConfidence="91">r</charParams>
<charParams l="877" t="1466" r="889" b="1488" charConfidence="45">r</charParams>
<charParams l="893" t="1458" r="900" b="1488" charConfidence="100">i</charParams>
<charParams l="904" t="1456" r="930" b="1495" charConfidence="55">c</charParams>
<charParams l="904" t="1456" r="930" b="1495" charConfidence="55">h</charParams>
<charParams l="936" t="1463" r="945" b="1490" charConfidence="26">t</charParams>
<charParams l="948" t="1466" r="961" b="1489" charConfidence="29">e</charParams></formatting></line></par>
</text>
</block>
</page>
</document>