﻿<?xml version="1.0" encoding="UTF-8" standalone="yes"?>
<document xmlns="http://www.abbyy.com/FineReader_xml/FineReader10-schema-v1.xml" version="1.0" producer="ABBYY FineReader Engine 11" languages="" xmlns:xsi="http://www.w3.org/2001/XMLSchema-instance" xsi:schemaLocation="http://www.abbyy.com/FineReader_xml/FineReader10-schema-v1.xml http://www.abbyy.com/FineReader_xml/FineReader10-schema-v1.xml">
<page width="1156" height="1782" resolution="300" originalCoords="1">
<block blockType="Text" blockName="">
<text>
<par align="Center" rightIndent="300">
<line baseline="88" l="564" t="59" r="604" b="88"><formatting lang="OldGerman">
<charParams l="564" t="59" r="584" b="88" charConfidence="47">6</charParams>
<charParams l="589" t="65" r="604" b="88" suspicious="1" charConfidence="22">l</charParams></formatting></line></par>
<par align="Justified" startIndent="535" lineSpacing="1464">
<line baseline="180" l="194" t="144" r="984" b="190"><formatting lang="OldGerman">
<charParams l="194" t="152" r="208" b="189" charConfidence="100">s</charParams>
<charParams l="206" t="161" r="219" b="182" charConfidence="26">e</charParams>
<charParams l="222" t="150" r="238" b="190" charConfidence="100">h</charParams>
<charParams l="243" t="160" r="257" b="182" charConfidence="43">e</charParams>
<charParams l="258" t="151" r="286" b="182"> </charParams>
<charParams l="287" t="151" r="295" b="182" charConfidence="32">i</charParams>
<charParams l="298" t="150" r="326" b="189" charConfidence="29">c</charParams>
<charParams l="298" t="150" r="326" b="189" charConfidence="29">h</charParams>
<charParams l="327" t="150" r="358" b="190"> </charParams>
<charParams l="359" t="151" r="379" b="190" charConfidence="84">s</charParams>
<charParams l="359" t="151" r="379" b="190" charConfidence="84">i</charParams>
<charParams l="381" t="158" r="394" b="182" charConfidence="26">e</charParams>
<charParams l="395" t="149" r="425" b="182"> </charParams>
<charParams l="426" t="149" r="435" b="180" charConfidence="30">i</charParams>
<charParams l="438" t="155" r="465" b="179" charConfidence="66">m</charParams>
<charParams l="469" t="154" r="496" b="178" charConfidence="28">m</charParams>
<charParams l="500" t="154" r="512" b="177" charConfidence="26">e</charParams>
<charParams l="515" t="154" r="530" b="177" charConfidence="88">r</charParams>
<charParams l="531" t="153" r="558" b="183"> </charParams>
<charParams l="559" t="153" r="577" b="183" charConfidence="26">g</charParams>
<charParams l="581" t="146" r="589" b="177" charConfidence="47">l</charParams>
<charParams l="592" t="154" r="604" b="177" charConfidence="40">e</charParams>
<charParams l="608" t="146" r="614" b="176" charConfidence="-1">i</charParams>
<charParams l="617" t="144" r="644" b="182" charConfidence="67">c</charParams>
<charParams l="617" t="144" r="644" b="182" charConfidence="67">h</charParams>
<charParams l="648" t="153" r="661" b="177" charConfidence="53">e</charParams>
<charParams l="664" t="153" r="681" b="179" charConfidence="28">n</charParams>
<charParams l="682" t="147" r="705" b="181"> </charParams>
<charParams l="706" t="147" r="741" b="181" charConfidence="45">S</charParams>
<charParams l="746" t="150" r="772" b="188" charConfidence="77">c</charParams>
<charParams l="746" t="150" r="772" b="188" charConfidence="77">h</charParams>
<charParams l="776" t="158" r="789" b="182" charConfidence="100">r</charParams>
<charParams l="792" t="151" r="800" b="181" charConfidence="-1">i</charParams>
<charParams l="804" t="155" r="813" b="181" charConfidence="35">t</charParams>
<charParams l="816" t="155" r="827" b="181" charConfidence="100">t</charParams>
<charParams l="830" t="158" r="843" b="182" charConfidence="26">e</charParams>
<charParams l="844" t="153" r="861" b="181" charConfidence="100">s</charParams>
<charParams l="862" t="153" r="884" b="190"> </charParams>
<charParams l="885" t="159" r="902" b="190" charConfidence="27">g</charParams>
<charParams l="906" t="160" r="918" b="183" charConfidence="27">e</charParams>
<charParams l="921" t="149" r="937" b="189" charConfidence="45">h</charParams>
<charParams l="942" t="159" r="953" b="182" charConfidence="25">e</charParams>
<charParams l="957" t="159" r="974" b="182" charConfidence="66">n</charParams>
<charParams l="976" t="175" r="984" b="187" charConfidence="56">,</charParams></formatting></line>
<line baseline="240" l="193" t="206" r="985" b="251"><formatting lang="OldGerman">
<charParams l="193" t="212" r="203" b="242" charConfidence="86">l</charParams>
<charParams l="206" t="220" r="221" b="242" charConfidence="25">a</charParams>
<charParams l="225" t="221" r="241" b="243" charConfidence="25">n</charParams>
<charParams l="244" t="220" r="261" b="250" charConfidence="37">g</charParams>
<charParams l="265" t="211" r="278" b="248" charConfidence="63">s</charParams>
<charParams l="276" t="219" r="291" b="241" charConfidence="24">a</charParams>
<charParams l="295" t="219" r="322" b="243" charConfidence="55">m</charParams>
<charParams l="325" t="234" r="334" b="249" charConfidence="85">,</charParams>
<charParams l="335" t="213" r="359" b="249"> </charParams>
<charParams l="360" t="213" r="369" b="243" charConfidence="100">l</charParams>
<charParams l="372" t="220" r="387" b="241" charConfidence="45">a</charParams>
<charParams l="391" t="219" r="407" b="241" charConfidence="28">n</charParams>
<charParams l="410" t="218" r="427" b="248" charConfidence="26">g</charParams>
<charParams l="431" t="209" r="445" b="247" charConfidence="27">s</charParams>
<charParams l="441" t="218" r="457" b="239" charConfidence="55">a</charParams>
<charParams l="461" t="215" r="489" b="238" charConfidence="100">m</charParams>
<charParams l="490" t="215" r="502" b="238"> </charParams>
<charParams l="503" t="215" r="521" b="237" charConfidence="28">v</charParams>
<charParams l="524" t="214" r="539" b="236" charConfidence="36">o</charParams>
<charParams l="543" t="214" r="557" b="237" charConfidence="0">r</charParams>
<charParams l="559" t="213" r="584" b="237" charConfidence="29">w</charParams>
<charParams l="588" t="206" r="603" b="237" charConfidence="65">ä</charParams>
<charParams l="607" t="215" r="620" b="237" charConfidence="41">r</charParams>
<charParams l="623" t="211" r="634" b="237" charConfidence="62">t</charParams>
<charParams l="636" t="210" r="653" b="237" charConfidence="100">s</charParams>
<charParams l="653" t="228" r="663" b="243" charConfidence="100">,</charParams>
<charParams l="664" t="216" r="683" b="243"> </charParams>
<charParams l="684" t="216" r="702" b="240" charConfidence="61">n</charParams>
<charParams l="707" t="210" r="714" b="240" charConfidence="-1">i</charParams>
<charParams l="719" t="219" r="731" b="241" charConfidence="27">e</charParams>
<charParams l="732" t="217" r="745" b="251"> </charParams>
<charParams l="746" t="217" r="758" b="251" charConfidence="31">z</charParams>
<charParams l="762" t="219" r="779" b="242" charConfidence="84">u</charParams>
<charParams l="783" t="219" r="796" b="242" charConfidence="40">r</charParams>
<charParams l="799" t="210" r="816" b="243" charConfidence="44">ü</charParams>
<charParams l="820" t="221" r="831" b="243" charConfidence="27">c</charParams>
<charParams l="831" t="212" r="844" b="242" charConfidence="53">k</charParams>
<charParams l="845" t="234" r="854" b="242" charConfidence="100">.</charParams>
<charParams l="855" t="210" r="887" b="244"> </charParams>
<charParams l="888" t="210" r="929" b="244" charConfidence="57">W</charParams>
<charParams l="933" t="221" r="945" b="244" charConfidence="46">e</charParams>
<charParams l="948" t="221" r="964" b="244" charConfidence="100">n</charParams>
<charParams l="968" t="221" r="985" b="243" charConfidence="100">n</charParams></formatting></line>
<line baseline="301" l="192" t="265" r="985" b="313"><formatting lang="OldGerman">
<charParams l="192" t="280" r="205" b="303" charConfidence="30">e</charParams>
<charParams l="208" t="276" r="223" b="303" charConfidence="100">s</charParams>
<charParams l="224" t="273" r="247" b="304"> </charParams>
<charParams l="248" t="273" r="264" b="304" charConfidence="36">b</charParams>
<charParams l="267" t="282" r="280" b="304" charConfidence="29">e</charParams>
<charParams l="283" t="281" r="299" b="312" charConfidence="28">y</charParams>
<charParams l="300" t="281" r="323" b="312"> </charParams>
<charParams l="324" t="281" r="336" b="303" charConfidence="33">e</charParams>
<charParams l="340" t="274" r="348" b="304" charConfidence="100">i</charParams>
<charParams l="351" t="280" r="367" b="303" charConfidence="86">n</charParams>
<charParams l="371" t="280" r="384" b="303" charConfidence="25">e</charParams>
<charParams l="387" t="278" r="415" b="301" charConfidence="100">m</charParams>
<charParams l="416" t="267" r="437" b="301"> </charParams>
<charParams l="438" t="267" r="470" b="299" charConfidence="30">K</charParams>
<charParams l="472" t="268" r="479" b="298" charConfidence="100">i</charParams>
<charParams l="483" t="276" r="500" b="298" charConfidence="53">n</charParams>
<charParams l="504" t="269" r="519" b="298" charConfidence="27">d</charParams>
<charParams l="522" t="274" r="536" b="297" charConfidence="31">e</charParams>
<charParams l="537" t="274" r="558" b="298"> </charParams>
<charParams l="559" t="274" r="577" b="298" charConfidence="70">n</charParams>
<charParams l="581" t="266" r="596" b="297" charConfidence="22">ö</charParams>
<charParams l="599" t="271" r="608" b="299" charConfidence="41">t</charParams>
<charParams l="612" t="265" r="629" b="307" charConfidence="45">h</charParams>
<charParams l="632" t="267" r="641" b="298" charConfidence="100">i</charParams>
<charParams l="642" t="274" r="661" b="304" charConfidence="26">g</charParams>
<charParams l="662" t="269" r="684" b="304"> </charParams>
<charParams l="685" t="269" r="694" b="299" charConfidence="100">i</charParams>
<charParams l="698" t="270" r="719" b="307" suspicious="1" charConfidence="98">s</charParams>
<charParams l="698" t="270" r="719" b="307" suspicious="1" charConfidence="98">i</charParams>
<charParams l="727" t="293" r="738" b="308" charConfidence="73">,</charParams>
<charParams l="739" t="280" r="759" b="308"> </charParams>
<charParams l="760" t="280" r="778" b="303" charConfidence="28">v</charParams>
<charParams l="782" t="281" r="797" b="303" charConfidence="51">o</charParams>
<charParams l="801" t="280" r="829" b="305" charConfidence="-1">r</charParams>
<charParams l="801" t="280" r="829" b="305" charConfidence="-1">n</charParams>
<charParams l="830" t="271" r="848" b="306"> </charParams>
<charParams l="849" t="271" r="875" b="306" charConfidence="47">A</charParams>
<charParams l="879" t="282" r="897" b="305" charConfidence="68">n</charParams>
<charParams l="900" t="273" r="915" b="311" charConfidence="76">f</charParams>
<charParams l="914" t="283" r="929" b="305" charConfidence="35">a</charParams>
<charParams l="933" t="282" r="951" b="305" charConfidence="100">n</charParams>
<charParams l="953" t="283" r="970" b="313" charConfidence="36">g</charParams>
<charParams l="973" t="282" r="985" b="304" charConfidence="100">e</charParams></formatting></line>
<line baseline="361" l="187" t="327" r="985" b="374"><formatting lang="OldGerman">
<charParams l="187" t="340" r="206" b="363" charConfidence="25">a</charParams>
<charParams l="211" t="341" r="228" b="365" charConfidence="45">n</charParams>
<charParams l="231" t="341" r="243" b="374" charConfidence="100">z</charParams>
<charParams l="246" t="342" r="263" b="364" charConfidence="52">u</charParams>
<charParams l="267" t="333" r="282" b="370" charConfidence="66">f</charParams>
<charParams l="280" t="342" r="296" b="364" charConfidence="82">a</charParams>
<charParams l="299" t="341" r="317" b="364" charConfidence="100">n</charParams>
<charParams l="319" t="341" r="335" b="370" charConfidence="37">g</charParams>
<charParams l="339" t="339" r="352" b="363" charConfidence="28">e</charParams>
<charParams l="354" t="339" r="372" b="362" charConfidence="83">n</charParams>
<charParams l="381" t="352" r="391" b="367" charConfidence="100">,</charParams>
<charParams l="392" t="327" r="429" b="367"> </charParams>
<charParams l="430" t="327" r="445" b="364" charConfidence="86">s</charParams>
<charParams l="442" t="336" r="457" b="358" charConfidence="64">o</charParams>
<charParams l="458" t="328" r="488" b="358"> </charParams>
<charParams l="489" t="328" r="498" b="358" charConfidence="100">i</charParams>
<charParams l="502" t="327" r="522" b="365" charConfidence="31">s</charParams>
<charParams l="502" t="327" r="522" b="365" charConfidence="31">t</charParams>
<charParams l="523" t="327" r="552" b="365"> </charParams>
<charParams l="553" t="334" r="566" b="357" charConfidence="34">e</charParams>
<charParams l="570" t="330" r="585" b="357" charConfidence="100">s</charParams>
<charParams l="586" t="330" r="607" b="365"> </charParams>
<charParams l="608" t="335" r="625" b="365" charConfidence="32">g</charParams>
<charParams l="629" t="335" r="641" b="358" charConfidence="37">e</charParams>
<charParams l="644" t="333" r="670" b="358" charConfidence="24">w</charParams>
<charParams l="673" t="328" r="682" b="358" charConfidence="100">i</charParams>
<charParams l="684" t="328" r="701" b="364" charConfidence="28">ß</charParams>
<charParams l="702" t="328" r="725" b="364"> </charParams>
<charParams l="726" t="330" r="742" b="361" charConfidence="29">b</charParams>
<charParams l="746" t="340" r="758" b="362" charConfidence="25">e</charParams>
<charParams l="761" t="340" r="777" b="371" charConfidence="56">y</charParams>
<charParams l="778" t="333" r="801" b="371"> </charParams>
<charParams l="802" t="333" r="811" b="363" charConfidence="100">i</charParams>
<charParams l="814" t="332" r="830" b="372" charConfidence="92">h</charParams>
<charParams l="835" t="341" r="849" b="365" charConfidence="62">r</charParams>
<charParams l="851" t="356" r="858" b="364" suspicious="1" charConfidence="100">.</charParams>
<charParams l="859" t="332" r="906" b="365"> </charParams>
<charParams l="907" t="332" r="947" b="365" charConfidence="29">W</charParams>
<charParams l="951" t="343" r="966" b="366" charConfidence="100">a</charParams>
<charParams l="970" t="340" r="985" b="366" charConfidence="100">s</charParams></formatting></line>
<line baseline="422" l="188" t="386" r="985" b="432"><formatting lang="OldGerman">
<charParams l="188" t="401" r="206" b="423" charConfidence="35">n</charParams>
<charParams l="211" t="394" r="220" b="423" charConfidence="100">i</charParams>
<charParams l="222" t="394" r="248" b="430" charConfidence="67">c</charParams>
<charParams l="222" t="394" r="248" b="430" charConfidence="67">h</charParams>
<charParams l="253" t="398" r="264" b="423" charConfidence="98">t</charParams>
<charParams l="265" t="398" r="285" b="423"> </charParams>
<charParams l="286" t="401" r="302" b="423" charConfidence="35">a</charParams>
<charParams l="306" t="400" r="323" b="423" charConfidence="32">u</charParams>
<charParams l="327" t="394" r="343" b="420" charConfidence="100">s</charParams>
<charParams l="344" t="393" r="364" b="420"> </charParams>
<charParams l="365" t="393" r="381" b="420" charConfidence="26">d</charParams>
<charParams l="384" t="396" r="397" b="420" charConfidence="26">e</charParams>
<charParams l="400" t="395" r="428" b="419" charConfidence="100">m</charParams>
<charParams l="429" t="387" r="452" b="419"> </charParams>
<charParams l="453" t="387" r="483" b="418" charConfidence="29">V</charParams>
<charParams l="487" t="395" r="501" b="418" charConfidence="78">o</charParams>
<charParams l="505" t="394" r="518" b="419" charConfidence="100">r</charParams>
<charParams l="520" t="386" r="537" b="426" charConfidence="38">h</charParams>
<charParams l="542" t="396" r="553" b="418" charConfidence="25">e</charParams>
<charParams l="557" t="396" r="570" b="419" charConfidence="24">r</charParams>
<charParams l="571" t="396" r="588" b="426" charConfidence="26">g</charParams>
<charParams l="592" t="396" r="604" b="419" charConfidence="100">e</charParams>
<charParams l="606" t="387" r="624" b="426" charConfidence="34">h</charParams>
<charParams l="628" t="395" r="640" b="418" charConfidence="25">e</charParams>
<charParams l="641" t="395" r="661" b="419" charConfidence="46">n</charParams>
<charParams l="665" t="391" r="680" b="419" charConfidence="27">d</charParams>
<charParams l="684" t="396" r="697" b="420" charConfidence="27">e</charParams>
<charParams l="699" t="397" r="717" b="420" suspicious="1" charConfidence="91">n</charParams>
<charParams l="718" t="391" r="740" b="429"> </charParams>
<charParams l="741" t="391" r="757" b="429" charConfidence="76">f</charParams>
<charParams l="756" t="401" r="770" b="423" charConfidence="38">o</charParams>
<charParams l="775" t="394" r="782" b="424" charConfidence="58">l</charParams>
<charParams l="784" t="401" r="801" b="431" charConfidence="37">g</charParams>
<charParams l="806" t="398" r="817" b="424" suspicious="1" charConfidence="100">t</charParams>
<charParams l="827" t="415" r="837" b="430" charConfidence="71">,</charParams>
<charParams l="838" t="393" r="862" b="430"> </charParams>
<charParams l="863" t="393" r="879" b="424" charConfidence="36">b</charParams>
<charParams l="883" t="402" r="895" b="424" charConfidence="30">e</charParams>
<charParams l="897" t="402" r="914" b="432" charConfidence="59">g</charParams>
<charParams l="917" t="403" r="931" b="426" charConfidence="29">r</charParams>
<charParams l="933" t="404" r="946" b="425" charConfidence="55">e</charParams>
<charParams l="949" t="396" r="957" b="426" charConfidence="100">i</charParams>
<charParams l="960" t="395" r="975" b="431" charConfidence="100">f</charParams>
<charParams l="974" t="401" r="985" b="426" charConfidence="30">t</charParams></formatting></line>
<line baseline="481" l="187" t="447" r="982" b="490"><formatting lang="OldGerman">
<charParams l="187" t="453" r="206" b="490" charConfidence="83">s</charParams>
<charParams l="187" t="453" r="206" b="490" charConfidence="83">i</charParams>
<charParams l="208" t="461" r="222" b="484" charConfidence="27">e</charParams>
<charParams l="223" t="460" r="244" b="484"> </charParams>
<charParams l="245" t="460" r="262" b="481" charConfidence="34">n</charParams>
<charParams l="266" t="452" r="274" b="481" charConfidence="100">i</charParams>
<charParams l="278" t="451" r="304" b="488" charConfidence="100">c</charParams>
<charParams l="278" t="451" r="304" b="488" charConfidence="100">h</charParams>
<charParams l="308" t="455" r="318" b="481" charConfidence="65">t</charParams>
<charParams l="321" t="472" r="328" b="481" charConfidence="100">.</charParams>
<charParams l="329" t="447" r="375" b="481"> </charParams>
<charParams l="376" t="447" r="412" b="481" charConfidence="28">S</charParams>
<charParams l="416" t="449" r="424" b="480" charConfidence="100">i</charParams>
<charParams l="428" t="457" r="440" b="479" charConfidence="55">e</charParams>
<charParams l="441" t="449" r="464" b="488"> </charParams>
<charParams l="465" t="449" r="485" b="488" charConfidence="22">s</charParams>
<charParams l="465" t="449" r="485" b="488" suspicious="1" charConfidence="22">i</charParams>
<charParams l="488" t="458" r="499" b="480" charConfidence="100">e</charParams>
<charParams l="503" t="447" r="520" b="488" charConfidence="75">h</charParams>
<charParams l="524" t="454" r="535" b="480" charConfidence="48">t</charParams>
<charParams l="536" t="454" r="559" b="480"> </charParams>
<charParams l="560" t="457" r="576" b="480" charConfidence="28">u</charParams>
<charParams l="581" t="456" r="598" b="479" charConfidence="70">n</charParams>
<charParams l="601" t="448" r="615" b="485" charConfidence="100">f</charParams>
<charParams l="614" t="449" r="630" b="479" charConfidence="22">ä</charParams>
<charParams l="635" t="448" r="652" b="485" charConfidence="71">h</charParams>
<charParams l="656" t="449" r="663" b="480" charConfidence="100">i</charParams>
<charParams l="665" t="457" r="683" b="487" charConfidence="25">g</charParams>
<charParams l="693" t="471" r="702" b="486" charConfidence="66">,</charParams>
<charParams l="703" t="452" r="725" b="489"> </charParams>
<charParams l="726" t="452" r="736" b="489" charConfidence="67">j</charParams>
<charParams l="739" t="459" r="756" b="482" charConfidence="35">a</charParams>
<charParams l="757" t="452" r="780" b="490"> </charParams>
<charParams l="781" t="452" r="803" b="490" charConfidence="41">s</charParams>
<charParams l="781" t="452" r="803" b="490" suspicious="1" charConfidence="41">t</charParams>
<charParams l="805" t="452" r="821" b="483" charConfidence="22">ö</charParams>
<charParams l="824" t="461" r="835" b="482" suspicious="1" charConfidence="51">c</charParams>
<charParams l="835" t="453" r="849" b="483" charConfidence="43">k</charParams>
<charParams l="851" t="454" r="859" b="482" charConfidence="100">i</charParams>
<charParams l="863" t="453" r="876" b="490" charConfidence="100">s</charParams>
<charParams l="875" t="454" r="903" b="490" charConfidence="68">c</charParams>
<charParams l="875" t="454" r="903" b="490" suspicious="1" charConfidence="68">h</charParams>
<charParams l="904" t="454" r="927" b="490"> </charParams>
<charParams l="928" t="463" r="945" b="485" charConfidence="29">v</charParams>
<charParams l="950" t="463" r="965" b="484" charConfidence="63">o</charParams>
<charParams l="968" t="463" r="982" b="485" charConfidence="28">r</charParams></formatting></line>
<line baseline="542" l="187" t="507" r="983" b="550"><formatting lang="OldGerman">
<charParams l="187" t="520" r="200" b="543" charConfidence="30">e</charParams>
<charParams l="204" t="513" r="211" b="542" charConfidence="100">i</charParams>
<charParams l="214" t="519" r="231" b="542" charConfidence="55">n</charParams>
<charParams l="236" t="519" r="247" b="542" charConfidence="26">e</charParams>
<charParams l="251" t="519" r="264" b="542" charConfidence="33">r</charParams>
<charParams l="265" t="513" r="297" b="542"> </charParams>
<charParams l="298" t="513" r="306" b="542" charConfidence="28">l</charParams>
<charParams l="310" t="519" r="321" b="542" charConfidence="29">e</charParams>
<charParams l="325" t="512" r="332" b="542" charConfidence="100">i</charParams>
<charParams l="336" t="510" r="362" b="547" charConfidence="59">c</charParams>
<charParams l="336" t="510" r="362" b="547" charConfidence="59">h</charParams>
<charParams l="366" t="515" r="377" b="541" charConfidence="100">t</charParams>
<charParams l="378" t="509" r="400" b="547"> </charParams>
<charParams l="401" t="509" r="416" b="547" charConfidence="67">f</charParams>
<charParams l="414" t="519" r="429" b="541" charConfidence="27">a</charParams>
<charParams l="434" t="509" r="450" b="548" charConfidence="32">ß</charParams>
<charParams l="454" t="511" r="461" b="542" charConfidence="100">l</charParams>
<charParams l="465" t="511" r="473" b="542" charConfidence="100">i</charParams>
<charParams l="476" t="510" r="503" b="548" charConfidence="75">c</charParams>
<charParams l="476" t="510" r="503" b="548" charConfidence="75">h</charParams>
<charParams l="507" t="518" r="519" b="541" charConfidence="79">e</charParams>
<charParams l="522" t="518" r="539" b="541" charConfidence="30">n</charParams>
<charParams l="540" t="507" r="564" b="543"> </charParams>
<charParams l="565" t="507" r="599" b="543" charConfidence="27">C</charParams>
<charParams l="601" t="517" r="617" b="541" charConfidence="25">a</charParams>
<charParams l="621" t="510" r="648" b="549" charConfidence="66">c</charParams>
<charParams l="621" t="510" r="648" b="549" charConfidence="66">h</charParams>
<charParams l="652" t="519" r="664" b="542" charConfidence="26">e</charParams>
<charParams l="674" t="533" r="683" b="548" charConfidence="63">,</charParams>
<charParams l="684" t="513" r="726" b="548"> </charParams>
<charParams l="727" t="513" r="743" b="541" charConfidence="26">d</charParams>
<charParams l="748" t="511" r="755" b="542" charConfidence="100">i</charParams>
<charParams l="758" t="519" r="772" b="542" charConfidence="26">e</charParams>
<charParams l="773" t="511" r="794" b="548"> </charParams>
<charParams l="795" t="511" r="811" b="548" charConfidence="39">f</charParams>
<charParams l="810" t="511" r="827" b="542" charConfidence="65">ü</charParams>
<charParams l="831" t="520" r="845" b="542" charConfidence="23">r</charParams>
<charParams l="846" t="512" r="867" b="550"> </charParams>
<charParams l="868" t="512" r="888" b="550" charConfidence="83">s</charParams>
<charParams l="868" t="512" r="888" b="550" charConfidence="83">i</charParams>
<charParams l="891" t="520" r="903" b="542" charConfidence="37">e</charParams>
<charParams l="904" t="520" r="926" b="544"> </charParams>
<charParams l="927" t="520" r="955" b="544" charConfidence="68">m</charParams>
<charParams l="960" t="515" r="968" b="544" charConfidence="100">i</charParams>
<charParams l="971" t="519" r="983" b="544" charConfidence="29">t</charParams></formatting></line>
<line baseline="606" l="187" t="572" r="981" b="617"><formatting lang="OldGerman">
<charParams l="187" t="583" r="204" b="606" charConfidence="25">n</charParams>
<charParams l="209" t="576" r="217" b="606" charConfidence="100">i</charParams>
<charParams l="220" t="583" r="231" b="606" charConfidence="25">c</charParams>
<charParams l="232" t="574" r="246" b="613" charConfidence="39">h</charParams>
<charParams l="251" t="580" r="260" b="607" charConfidence="69">t</charParams>
<charParams l="264" t="578" r="279" b="606" charConfidence="100">s</charParams>
<charParams l="280" t="578" r="310" b="617"> </charParams>
<charParams l="311" t="583" r="322" b="617" charConfidence="54">z</charParams>
<charParams l="327" t="584" r="343" b="606" charConfidence="37">u</charParams>
<charParams l="348" t="573" r="360" b="613" charConfidence="28">s</charParams>
<charParams l="359" t="583" r="374" b="606" charConfidence="24">a</charParams>
<charParams l="378" t="581" r="405" b="606" charConfidence="64">m</charParams>
<charParams l="409" t="581" r="436" b="606" charConfidence="100">m</charParams>
<charParams l="441" t="581" r="452" b="606" charConfidence="100">e</charParams>
<charParams l="456" t="582" r="472" b="606" charConfidence="24">n</charParams>
<charParams l="477" t="572" r="493" b="615" charConfidence="43">h</charParams>
<charParams l="497" t="573" r="512" b="606" charConfidence="52">ä</charParams>
<charParams l="517" t="582" r="533" b="606" charConfidence="-1">n</charParams>
<charParams l="536" t="582" r="552" b="613" charConfidence="25">g</charParams>
<charParams l="557" t="579" r="567" b="607" charConfidence="29">t</charParams>
<charParams l="569" t="596" r="576" b="603" charConfidence="100">.</charParams>
<charParams l="577" t="572" r="624" b="607"> </charParams>
<charParams l="625" t="572" r="655" b="607" charConfidence="90">K</charParams>
<charParams l="658" t="582" r="673" b="606" charConfidence="54">a</charParams>
<charParams l="677" t="583" r="694" b="606" charConfidence="37">n</charParams>
<charParams l="698" t="582" r="715" b="606" charConfidence="32">n</charParams>
<charParams l="716" t="581" r="747" b="606"> </charParams>
<charParams l="748" t="581" r="775" b="605" charConfidence="66">m</charParams>
<charParams l="780" t="582" r="795" b="605" charConfidence="26">a</charParams>
<charParams l="799" t="582" r="817" b="606" charConfidence="34">n</charParams>
<charParams l="818" t="582" r="842" b="606"> </charParams>
<charParams l="843" t="582" r="858" b="606" charConfidence="100">a</charParams>
<charParams l="863" t="572" r="878" b="605" charConfidence="28">b</charParams>
<charParams l="882" t="582" r="894" b="606" charConfidence="25">e</charParams>
<charParams l="898" t="582" r="911" b="606" charConfidence="100">r</charParams>
<charParams l="912" t="576" r="935" b="607"> </charParams>
<charParams l="936" t="576" r="951" b="607" charConfidence="28">d</charParams>
<charParams l="956" t="576" r="964" b="607" charConfidence="60">i</charParams>
<charParams l="968" t="584" r="981" b="607" charConfidence="28">e</charParams></formatting></line>
<line baseline="671" l="187" t="636" r="977" b="679"><formatting lang="OldGerman">
<charParams l="187" t="636" r="231" b="671" charConfidence="37">M</charParams>
<charParams l="236" t="639" r="242" b="670" charConfidence="100">i</charParams>
<charParams l="246" t="644" r="256" b="671" charConfidence="44">t</charParams>
<charParams l="260" t="644" r="270" b="671" charConfidence="40">t</charParams>
<charParams l="273" t="647" r="284" b="670" charConfidence="100">e</charParams>
<charParams l="289" t="640" r="296" b="670" charConfidence="61">l</charParams>
<charParams l="298" t="647" r="314" b="678" charConfidence="24">g</charParams>
<charParams l="319" t="639" r="326" b="671" charConfidence="55">l</charParams>
<charParams l="332" t="639" r="338" b="670" charConfidence="100">i</charParams>
<charParams l="342" t="648" r="354" b="671" charConfidence="31">e</charParams>
<charParams l="357" t="640" r="372" b="670" charConfidence="42">d</charParams>
<charParams l="377" t="647" r="389" b="671" charConfidence="48">e</charParams>
<charParams l="392" t="647" r="405" b="671" charConfidence="61">r</charParams>
<charParams l="406" t="638" r="428" b="676"> </charParams>
<charParams l="429" t="638" r="447" b="676" charConfidence="100">f</charParams>
<charParams l="429" t="638" r="447" b="676" charConfidence="100">i</charParams>
<charParams l="452" t="647" r="467" b="670" charConfidence="100">n</charParams>
<charParams l="472" t="641" r="487" b="671" charConfidence="28">d</charParams>
<charParams l="491" t="647" r="503" b="671" charConfidence="62">e</charParams>
<charParams l="507" t="647" r="524" b="671" charConfidence="32">n</charParams>
<charParams l="525" t="647" r="548" b="671"> </charParams>
<charParams l="549" t="647" r="566" b="671" charConfidence="25">u</charParams>
<charParams l="571" t="647" r="587" b="670" charConfidence="57">n</charParams>
<charParams l="592" t="640" r="607" b="670" charConfidence="30">d</charParams>
<charParams l="608" t="639" r="633" b="671"> </charParams>
<charParams l="634" t="639" r="642" b="671" charConfidence="100">i</charParams>
<charParams l="646" t="637" r="662" b="679" charConfidence="100">h</charParams>
<charParams l="667" t="646" r="679" b="670" charConfidence="31">r</charParams>
<charParams l="680" t="640" r="704" b="670"> </charParams>
<charParams l="705" t="640" r="720" b="670" charConfidence="24">d</charParams>
<charParams l="724" t="646" r="736" b="670" charConfidence="100">e</charParams>
<charParams l="740" t="646" r="756" b="670" charConfidence="100">u</charParams>
<charParams l="761" t="644" r="771" b="670" charConfidence="74">t</charParams>
<charParams l="774" t="639" r="782" b="671" charConfidence="40">l</charParams>
<charParams l="785" t="639" r="793" b="670" charConfidence="100">i</charParams>
<charParams l="797" t="638" r="823" b="677" charConfidence="100">c</charParams>
<charParams l="797" t="638" r="823" b="677" charConfidence="100">h</charParams>
<charParams l="824" t="638" r="848" b="677"> </charParams>
<charParams l="849" t="646" r="878" b="670" charConfidence="53">m</charParams>
<charParams l="882" t="647" r="897" b="670" charConfidence="26">a</charParams>
<charParams l="902" t="639" r="928" b="679" charConfidence="100">c</charParams>
<charParams l="902" t="639" r="928" b="679" charConfidence="100">h</charParams>
<charParams l="933" t="648" r="945" b="671" charConfidence="100">e</charParams>
<charParams l="949" t="647" r="966" b="670" charConfidence="-1">»</charParams>
<charParams l="966" t="661" r="977" b="677" charConfidence="69">,</charParams></formatting></line>
<line baseline="734" l="185" t="702" r="780" b="743"><formatting lang="OldGerman">
<charParams l="185" t="702" r="199" b="740" charConfidence="100">s</charParams>
<charParams l="197" t="711" r="212" b="733" charConfidence="50">o</charParams>
<charParams l="213" t="704" r="237" b="734"> </charParams>
<charParams l="238" t="704" r="247" b="734" charConfidence="32">i</charParams>
<charParams l="251" t="704" r="270" b="743" charConfidence="31">s</charParams>
<charParams l="251" t="704" r="270" b="743" charConfidence="31">t</charParams>
<charParams l="271" t="704" r="294" b="743"> </charParams>
<charParams l="295" t="704" r="303" b="734" charConfidence="100">i</charParams>
<charParams l="307" t="702" r="323" b="742" charConfidence="100">h</charParams>
<charParams l="328" t="711" r="341" b="735" charConfidence="51">r</charParams>
<charParams l="342" t="706" r="365" b="735"> </charParams>
<charParams l="366" t="706" r="381" b="734" charConfidence="27">d</charParams>
<charParams l="385" t="711" r="401" b="734" charConfidence="35">a</charParams>
<charParams l="404" t="706" r="420" b="734" charConfidence="-1">s</charParams>
<charParams l="421" t="704" r="444" b="741"> </charParams>
<charParams l="445" t="704" r="459" b="741" charConfidence="55">s</charParams>
<charParams l="457" t="704" r="484" b="742" charConfidence="73">c</charParams>
<charParams l="457" t="704" r="484" b="742" charConfidence="73">h</charParams>
<charParams l="488" t="710" r="513" b="735" charConfidence="24">w</charParams>
<charParams l="518" t="712" r="530" b="734" charConfidence="55">e</charParams>
<charParams l="533" t="712" r="545" b="735" charConfidence="61">r</charParams>
<charParams l="549" t="703" r="568" b="742" charConfidence="69">s</charParams>
<charParams l="549" t="703" r="568" b="742" charConfidence="69">t</charParams>
<charParams l="572" t="711" r="584" b="735" charConfidence="31">e</charParams>
<charParams l="585" t="702" r="609" b="735"> </charParams>
<charParams l="610" t="702" r="625" b="735" charConfidence="37">b</charParams>
<charParams l="629" t="711" r="641" b="734" charConfidence="25">e</charParams>
<charParams l="644" t="711" r="661" b="740" charConfidence="45">g</charParams>
<charParams l="664" t="711" r="677" b="735" charConfidence="100">r</charParams>
<charParams l="681" t="710" r="693" b="734" charConfidence="25">e</charParams>
<charParams l="696" t="703" r="704" b="734" charConfidence="100">i</charParams>
<charParams l="708" t="703" r="727" b="741" charConfidence="100">f</charParams>
<charParams l="708" t="703" r="727" b="741" charConfidence="100">l</charParams>
<charParams l="729" t="703" r="738" b="733" charConfidence="100">i</charParams>
<charParams l="741" t="702" r="768" b="740" charConfidence="84">c</charParams>
<charParams l="741" t="702" r="768" b="740" charConfidence="84">h</charParams>
<charParams l="771" t="725" r="780" b="734" charConfidence="100">.</charParams></formatting></line></par>
<par align="Justified" startIndent="2136" lineSpacing="1488">
<line baseline="857" l="253" t="823" r="980" b="865"><formatting lang="OldGerman">
<charParams l="253" t="823" r="286" b="855" suspicious="1" charConfidence="60">D</charParams>
<charParams l="290" t="833" r="302" b="854" charConfidence="46">e</charParams>
<charParams l="306" t="833" r="322" b="863" charConfidence="56">y</charParams>
<charParams l="323" t="827" r="345" b="863"> </charParams>
<charParams l="346" t="827" r="362" b="856" charConfidence="26">d</charParams>
<charParams l="367" t="827" r="374" b="855" charConfidence="100">i</charParams>
<charParams l="378" t="834" r="390" b="856" charConfidence="55">e</charParams>
<charParams l="393" t="826" r="407" b="863" charConfidence="76">s</charParams>
<charParams l="404" t="835" r="416" b="857" charConfidence="26">e</charParams>
<charParams l="419" t="833" r="449" b="858" charConfidence="75">m</charParams>
<charParams l="450" t="827" r="473" b="858"> </charParams>
<charParams l="474" t="827" r="484" b="858" charConfidence="100">l</charParams>
<charParams l="486" t="835" r="503" b="857" charConfidence="77">a</charParams>
<charParams l="506" t="834" r="523" b="857" charConfidence="55">n</charParams>
<charParams l="526" t="834" r="543" b="865" charConfidence="63">g</charParams>
<charParams l="547" t="825" r="561" b="864" charConfidence="32">s</charParams>
<charParams l="558" t="834" r="573" b="857" charConfidence="30">a</charParams>
<charParams l="577" t="833" r="604" b="858" charConfidence="85">m</charParams>
<charParams l="609" t="835" r="621" b="858" charConfidence="28">e</charParams>
<charParams l="624" t="834" r="642" b="858" charConfidence="30">n</charParams>
<charParams l="643" t="825" r="665" b="858"> </charParams>
<charParams l="666" t="825" r="698" b="858" suspicious="1" charConfidence="27">D</charParams>
<charParams l="700" t="834" r="715" b="858" charConfidence="52">o</charParams>
<charParams l="719" t="833" r="733" b="857" charConfidence="32">r</charParams>
<charParams l="735" t="825" r="749" b="862" charConfidence="55">f</charParams>
<charParams l="748" t="825" r="775" b="864" charConfidence="79">c</charParams>
<charParams l="748" t="825" r="775" b="864" suspicious="1" charConfidence="79">h</charParams>
<charParams l="778" t="833" r="792" b="857" charConfidence="100">r</charParams>
<charParams l="794" t="833" r="807" b="857" suspicious="1" charConfidence="100">e</charParams>
<charParams l="810" t="826" r="818" b="857" charConfidence="100">i</charParams>
<charParams l="821" t="830" r="832" b="857" charConfidence="77">t</charParams>
<charParams l="834" t="834" r="847" b="857" charConfidence="39">e</charParams>
<charParams l="849" t="834" r="867" b="857" charConfidence="48">n</charParams>
<charParams l="868" t="825" r="890" b="858"> </charParams>
<charParams l="891" t="825" r="908" b="858" charConfidence="32">b</charParams>
<charParams l="911" t="826" r="920" b="857" charConfidence="85">l</charParams>
<charParams l="922" t="834" r="936" b="855" charConfidence="32">e</charParams>
<charParams l="938" t="827" r="946" b="856" charConfidence="100">i</charParams>
<charParams l="950" t="824" r="964" b="856" charConfidence="64">b</charParams>
<charParams l="968" t="830" r="980" b="856" charConfidence="62">t</charParams></formatting></line>
<line baseline="915" l="186" t="883" r="979" b="924"><formatting lang="OldGerman">
<charParams l="186" t="883" r="205" b="921" charConfidence="83">s</charParams>
<charParams l="186" t="883" r="205" b="921" charConfidence="83">i</charParams>
<charParams l="208" t="890" r="221" b="913" charConfidence="28">e</charParams>
<charParams l="222" t="890" r="242" b="919"> </charParams>
<charParams l="243" t="891" r="260" b="919" charConfidence="27">g</charParams>
<charParams l="264" t="891" r="277" b="913" charConfidence="31">e</charParams>
<charParams l="278" t="891" r="294" b="919" charConfidence="70">g</charParams>
<charParams l="298" t="890" r="311" b="913" charConfidence="28">e</charParams>
<charParams l="314" t="890" r="332" b="912" charConfidence="26">n</charParams>
<charParams l="333" t="884" r="354" b="913"> </charParams>
<charParams l="355" t="884" r="364" b="913" charConfidence="100">i</charParams>
<charParams l="368" t="883" r="385" b="921" charConfidence="100">h</charParams>
<charParams l="388" t="892" r="402" b="914" charConfidence="49">r</charParams>
<charParams l="405" t="892" r="418" b="914" charConfidence="27">e</charParams>
<charParams l="419" t="883" r="441" b="917"> </charParams>
<charParams l="442" t="883" r="487" b="917" charConfidence="33">M</charParams>
<charParams l="491" t="887" r="499" b="915" charConfidence="80">i</charParams>
<charParams l="502" t="890" r="512" b="915" charConfidence="47">t</charParams>
<charParams l="515" t="885" r="529" b="921" charConfidence="45">s</charParams>
<charParams l="525" t="887" r="553" b="919" charConfidence="39">c</charParams>
<charParams l="525" t="887" r="553" b="919" suspicious="1" charConfidence="39">h</charParams>
<charParams l="557" t="885" r="574" b="915" charConfidence="22">ü</charParams>
<charParams l="578" t="887" r="587" b="916" charConfidence="47">l</charParams>
<charParams l="589" t="893" r="602" b="917" charConfidence="100">e</charParams>
<charParams l="605" t="893" r="619" b="916" charConfidence="44">r</charParams>
<charParams l="622" t="886" r="630" b="915" charConfidence="100">i</charParams>
<charParams l="632" t="892" r="650" b="917" charConfidence="32">n</charParams>
<charParams l="653" t="892" r="671" b="916" charConfidence="78">n</charParams>
<charParams l="674" t="893" r="688" b="916" charConfidence="32">e</charParams>
<charParams l="689" t="893" r="708" b="917" charConfidence="34">n</charParams>
<charParams l="709" t="891" r="723" b="924"> </charParams>
<charParams l="724" t="891" r="737" b="924" charConfidence="55">z</charParams>
<charParams l="740" t="893" r="758" b="915" charConfidence="36">u</charParams>
<charParams l="761" t="892" r="775" b="915" charConfidence="100">r</charParams>
<charParams l="777" t="884" r="795" b="915" charConfidence="22">ü</charParams>
<charParams l="798" t="886" r="824" b="915" charConfidence="22">c</charParams>
<charParams l="798" t="886" r="824" b="915" charConfidence="22">k</charParams>
<charParams l="830" t="906" r="840" b="922" charConfidence="93">,</charParams>
<charParams l="841" t="887" r="863" b="922"> </charParams>
<charParams l="864" t="887" r="881" b="915" charConfidence="48">d</charParams>
<charParams l="884" t="885" r="893" b="915" charConfidence="100">i</charParams>
<charParams l="896" t="893" r="909" b="916" charConfidence="29">e</charParams>
<charParams l="910" t="892" r="924" b="916"> </charParams>
<charParams l="925" t="892" r="953" b="915" charConfidence="93">m</charParams>
<charParams l="957" t="886" r="966" b="916" charConfidence="100">i</charParams>
<charParams l="969" t="890" r="979" b="916" charConfidence="82">t</charParams></formatting></line>
<line baseline="975" l="183" t="941" r="978" b="984"><formatting lang="OldGerman">
<charParams l="183" t="951" r="200" b="981" charConfidence="66">g</charParams>
<charParams l="204" t="952" r="219" b="974" charConfidence="100">a</charParams>
<charParams l="223" t="950" r="240" b="974" charConfidence="74">n</charParams>
<charParams l="242" t="951" r="257" b="984" charConfidence="27">z</charParams>
<charParams l="258" t="951" r="288" b="984"> </charParams>
<charParams l="289" t="951" r="305" b="974" charConfidence="68">a</charParams>
<charParams l="309" t="951" r="326" b="974" charConfidence="35">n</charParams>
<charParams l="330" t="945" r="345" b="975" charConfidence="26">d</charParams>
<charParams l="349" t="951" r="361" b="975" charConfidence="100">e</charParams>
<charParams l="364" t="950" r="377" b="974" charConfidence="64">r</charParams>
<charParams l="380" t="950" r="398" b="974" charConfidence="50">n</charParams>
<charParams l="399" t="941" r="421" b="980"> </charParams>
<charParams l="422" t="941" r="446" b="980" charConfidence="40">F</charParams>
<charParams l="447" t="942" r="462" b="974" charConfidence="27">ä</charParams>
<charParams l="467" t="942" r="483" b="983" charConfidence="100">h</charParams>
<charParams l="489" t="944" r="495" b="974" charConfidence="100">i</charParams>
<charParams l="498" t="951" r="515" b="981" charConfidence="28">g</charParams>
<charParams l="519" t="942" r="531" b="974" charConfidence="49">k</charParams>
<charParams l="533" t="951" r="546" b="975" charConfidence="35">e</charParams>
<charParams l="549" t="945" r="557" b="974" charConfidence="100">i</charParams>
<charParams l="560" t="947" r="571" b="974" charConfidence="88">t</charParams>
<charParams l="573" t="951" r="585" b="974" charConfidence="28">e</charParams>
<charParams l="588" t="951" r="606" b="975" charConfidence="67">n</charParams>
<charParams l="607" t="944" r="629" b="975"> </charParams>
<charParams l="630" t="944" r="639" b="974" charConfidence="100">i</charParams>
<charParams l="643" t="950" r="670" b="975" charConfidence="100">m</charParams>
<charParams l="674" t="950" r="702" b="974" charConfidence="100">m</charParams>
<charParams l="706" t="951" r="718" b="974" charConfidence="25">e</charParams>
<charParams l="722" t="951" r="735" b="975" charConfidence="25">r</charParams>
<charParams l="736" t="951" r="757" b="975"> </charParams>
<charParams l="758" t="951" r="776" b="975" charConfidence="26">v</charParams>
<charParams l="779" t="950" r="795" b="974" charConfidence="47">o</charParams>
<charParams l="798" t="951" r="812" b="975" charConfidence="45">r</charParams>
<charParams l="813" t="950" r="839" b="974" charConfidence="26">w</charParams>
<charParams l="842" t="943" r="858" b="974" charConfidence="56">ä</charParams>
<charParams l="862" t="952" r="875" b="974" charConfidence="100">r</charParams>
<charParams l="878" t="948" r="889" b="976" charConfidence="40">t</charParams>
<charParams l="891" t="947" r="907" b="976" charConfidence="100">s</charParams>
<charParams l="908" t="947" r="941" b="976"> </charParams>
<charParams l="942" t="953" r="955" b="976" charConfidence="45">e</charParams>
<charParams l="959" t="946" r="966" b="977" charConfidence="100">i</charParams>
<charParams l="970" t="958" r="978" b="973" charConfidence="100">¬</charParams></formatting></line>
<line baseline="1038" l="185" t="1003" r="978" b="1045"><formatting lang="OldGerman">
<charParams l="185" t="1006" r="194" b="1038" charConfidence="72">l</charParams>
<charParams l="198" t="1015" r="210" b="1038" charConfidence="32">e</charParams>
<charParams l="213" t="1014" r="229" b="1038" charConfidence="97">n</charParams>
<charParams l="239" t="1030" r="249" b="1045" charConfidence="100">,</charParams>
<charParams l="250" t="1017" r="285" b="1045"> </charParams>
<charParams l="286" t="1017" r="303" b="1039" charConfidence="81">a</charParams>
<charParams l="306" t="1007" r="315" b="1039" charConfidence="100">l</charParams>
<charParams l="316" t="1007" r="324" b="1039" charConfidence="90">l</charParams>
<charParams l="327" t="1015" r="338" b="1039" charConfidence="26">e</charParams>
<charParams l="342" t="1009" r="356" b="1039" charConfidence="96">s</charParams>
<charParams l="367" t="1029" r="376" b="1044" suspicious="1" charConfidence="58">,</charParams>
<charParams l="377" t="1013" r="414" b="1044"> </charParams>
<charParams l="415" t="1013" r="432" b="1037" charConfidence="60">a</charParams>
<charParams l="436" t="1014" r="452" b="1037" charConfidence="40">u</charParams>
<charParams l="455" t="1005" r="483" b="1043" charConfidence="85">c</charParams>
<charParams l="455" t="1005" r="483" b="1043" charConfidence="85">h</charParams>
<charParams l="484" t="1005" r="513" b="1043"> </charParams>
<charParams l="514" t="1007" r="530" b="1036" charConfidence="35">d</charParams>
<charParams l="534" t="1013" r="548" b="1037" charConfidence="24">a</charParams>
<charParams l="553" t="1007" r="568" b="1036" suspicious="1" charConfidence="100">S</charParams>
<charParams l="569" t="1003" r="599" b="1036"> </charParams>
<charParams l="600" t="1003" r="626" b="1036" charConfidence="100">U</charParams>
<charParams l="629" t="1012" r="646" b="1035" charConfidence="42">n</charParams>
<charParams l="650" t="1012" r="662" b="1044" charConfidence="54">z</charParams>
<charParams l="665" t="1012" r="682" b="1035" charConfidence="38">u</charParams>
<charParams l="686" t="1003" r="700" b="1041" suspicious="1" charConfidence="71">s</charParams>
<charParams l="697" t="1012" r="713" b="1036" charConfidence="25">a</charParams>
<charParams l="717" t="1010" r="745" b="1035" charConfidence="84">m</charParams>
<charParams l="749" t="1011" r="777" b="1035" charConfidence="100">m</charParams>
<charParams l="781" t="1012" r="793" b="1036" charConfidence="38">e</charParams>
<charParams l="796" t="1013" r="814" b="1036" charConfidence="46">n</charParams>
<charParams l="817" t="1004" r="834" b="1044" charConfidence="53">h</charParams>
<charParams l="838" t="1005" r="853" b="1037" charConfidence="56">ä</charParams>
<charParams l="857" t="1013" r="874" b="1036" charConfidence="28">n</charParams>
<charParams l="877" t="1013" r="894" b="1044" charConfidence="29">g</charParams>
<charParams l="898" t="1014" r="910" b="1037" charConfidence="27">e</charParams>
<charParams l="913" t="1014" r="931" b="1038" charConfidence="94">n</charParams>
<charParams l="935" t="1009" r="949" b="1039" charConfidence="31">d</charParams>
<charParams l="954" t="1016" r="967" b="1039" charConfidence="32">e</charParams>
<charParams l="968" t="1031" r="978" b="1045" charConfidence="70">,</charParams></formatting></line>
<line baseline="1100" l="183" t="1065" r="977" b="1110"><formatting lang="OldGerman">
<charParams l="183" t="1069" r="194" b="1101" charConfidence="47">l</charParams>
<charParams l="196" t="1077" r="208" b="1101" charConfidence="32">e</charParams>
<charParams l="211" t="1070" r="219" b="1102" charConfidence="100">i</charParams>
<charParams l="222" t="1070" r="248" b="1110" charConfidence="63">c</charParams>
<charParams l="222" t="1070" r="248" b="1110" charConfidence="63">h</charParams>
<charParams l="253" t="1075" r="264" b="1103" charConfidence="71">t</charParams>
<charParams l="265" t="1069" r="286" b="1109"> </charParams>
<charParams l="287" t="1069" r="303" b="1109" charConfidence="82">f</charParams>
<charParams l="301" t="1078" r="316" b="1103" charConfidence="64">a</charParams>
<charParams l="320" t="1069" r="345" b="1108" charConfidence="100">s</charParams>
<charParams l="320" t="1069" r="345" b="1108" charConfidence="100">s</charParams>
<charParams l="343" t="1079" r="355" b="1102" charConfidence="42">e</charParams>
<charParams l="358" t="1078" r="376" b="1102" charConfidence="54">n</charParams>
<charParams l="384" t="1093" r="394" b="1108" charConfidence="83">,</charParams>
<charParams l="395" t="1069" r="424" b="1108"> </charParams>
<charParams l="425" t="1069" r="434" b="1102" charConfidence="98">l</charParams>
<charParams l="436" t="1077" r="449" b="1100" charConfidence="29">e</charParams>
<charParams l="452" t="1069" r="459" b="1101" charConfidence="41">i</charParams>
<charParams l="463" t="1067" r="489" b="1108" charConfidence="69">c</charParams>
<charParams l="463" t="1067" r="489" b="1108" charConfidence="69">h</charParams>
<charParams l="493" t="1072" r="503" b="1099" charConfidence="75">t</charParams>
<charParams l="504" t="1066" r="526" b="1100"> </charParams>
<charParams l="527" t="1066" r="543" b="1100" charConfidence="25">b</charParams>
<charParams l="547" t="1075" r="559" b="1099" charConfidence="37">e</charParams>
<charParams l="563" t="1066" r="580" b="1108" charConfidence="85">h</charParams>
<charParams l="584" t="1075" r="599" b="1099" charConfidence="54">a</charParams>
<charParams l="603" t="1067" r="612" b="1098" charConfidence="85">l</charParams>
<charParams l="615" t="1072" r="625" b="1098" charConfidence="39">t</charParams>
<charParams l="628" t="1074" r="640" b="1098" charConfidence="55">e</charParams>
<charParams l="643" t="1074" r="662" b="1099" charConfidence="29">n</charParams>
<charParams l="663" t="1074" r="683" b="1099"> </charParams>
<charParams l="684" t="1074" r="703" b="1098" charConfidence="31">u</charParams>
<charParams l="707" t="1074" r="725" b="1098" charConfidence="29">n</charParams>
<charParams l="728" t="1068" r="743" b="1097" charConfidence="28">d</charParams>
<charParams l="744" t="1065" r="768" b="1098"> </charParams>
<charParams l="769" t="1065" r="785" b="1098" charConfidence="56">b</charParams>
<charParams l="789" t="1075" r="802" b="1098" charConfidence="33">e</charParams>
<charParams l="804" t="1075" r="818" b="1107" charConfidence="22">q</charParams>
<charParams l="823" t="1075" r="839" b="1099" charConfidence="100">u</charParams>
<charParams l="843" t="1076" r="856" b="1098" charConfidence="63">e</charParams>
<charParams l="858" t="1076" r="887" b="1099" charConfidence="100">m</charParams>
<charParams l="888" t="1076" r="911" b="1101"> </charParams>
<charParams l="912" t="1076" r="938" b="1101" charConfidence="32">w</charParams>
<charParams l="942" t="1070" r="950" b="1101" charConfidence="100">i</charParams>
<charParams l="954" t="1078" r="966" b="1101" charConfidence="64">e</charParams>
<charParams l="969" t="1082" r="977" b="1097" charConfidence="100">¬</charParams></formatting></line>
<line baseline="1164" l="184" t="1129" r="979" b="1171"><formatting lang="OldGerman">
<charParams l="184" t="1134" r="200" b="1163" charConfidence="30">d</charParams>
<charParams l="204" t="1142" r="216" b="1165" charConfidence="35">e</charParams>
<charParams l="219" t="1142" r="232" b="1165" charConfidence="73">r</charParams>
<charParams l="233" t="1142" r="264" b="1166"> </charParams>
<charParams l="265" t="1143" r="282" b="1166" charConfidence="26">a</charParams>
<charParams l="284" t="1143" r="302" b="1166" charConfidence="100">n</charParams>
<charParams l="305" t="1142" r="331" b="1167" charConfidence="57">w</charParams>
<charParams l="335" t="1143" r="348" b="1167" charConfidence="34">e</charParams>
<charParams l="350" t="1143" r="367" b="1166" charConfidence="32">n</charParams>
<charParams l="371" t="1136" r="386" b="1166" charConfidence="40">d</charParams>
<charParams l="390" t="1143" r="402" b="1166" charConfidence="46">e</charParams>
<charParams l="406" t="1142" r="423" b="1166" charConfidence="27">n</charParams>
<charParams l="426" t="1157" r="434" b="1165" charConfidence="100">.</charParams>
<charParams l="435" t="1130" r="480" b="1165"> </charParams>
<charParams l="481" t="1130" r="516" b="1165" charConfidence="34">S</charParams>
<charParams l="521" t="1141" r="536" b="1163" charConfidence="34">o</charParams>
<charParams l="537" t="1133" r="560" b="1164"> </charParams>
<charParams l="561" t="1133" r="570" b="1164" charConfidence="55">l</charParams>
<charParams l="573" t="1141" r="585" b="1164" charConfidence="25">e</charParams>
<charParams l="588" t="1140" r="601" b="1163" charConfidence="54">r</charParams>
<charParams l="604" t="1140" r="621" b="1163" charConfidence="100">n</charParams>
<charParams l="625" t="1135" r="636" b="1163" charConfidence="46">t</charParams>
<charParams l="637" t="1130" r="657" b="1171"> </charParams>
<charParams l="658" t="1130" r="678" b="1171" charConfidence="53">s</charParams>
<charParams l="658" t="1130" r="678" b="1171" charConfidence="53">i</charParams>
<charParams l="680" t="1139" r="693" b="1162" charConfidence="37">e</charParams>
<charParams l="700" t="1152" r="709" b="1168" charConfidence="84">,</charParams>
<charParams l="710" t="1129" r="746" b="1169"> </charParams>
<charParams l="747" t="1129" r="762" b="1169" charConfidence="73">s</charParams>
<charParams l="761" t="1138" r="776" b="1161" charConfidence="31">o</charParams>
<charParams l="777" t="1138" r="798" b="1161"> </charParams>
<charParams l="799" t="1138" r="817" b="1161" charConfidence="100">v</charParams>
<charParams l="821" t="1138" r="833" b="1161" charConfidence="28">e</charParams>
<charParams l="836" t="1138" r="849" b="1160" charConfidence="49">r</charParams>
<charParams l="852" t="1137" r="880" b="1161" charConfidence="100">m</charParams>
<charParams l="883" t="1139" r="899" b="1162" charConfidence="49">a</charParams>
<charParams l="903" t="1139" r="919" b="1170" charConfidence="67">g</charParams>
<charParams l="920" t="1132" r="943" b="1170"> </charParams>
<charParams l="944" t="1132" r="963" b="1170" charConfidence="83">s</charParams>
<charParams l="944" t="1132" r="963" b="1170" charConfidence="83">i</charParams>
<charParams l="965" t="1141" r="979" b="1164" charConfidence="28">e</charParams></formatting></line>
<line baseline="1227" l="184" t="1192" r="978" b="1237"><formatting lang="OldGerman">
<charParams l="184" t="1194" r="200" b="1227" charConfidence="28">b</charParams>
<charParams l="204" t="1205" r="216" b="1228" charConfidence="26">e</charParams>
<charParams l="219" t="1205" r="235" b="1237" charConfidence="58">y</charParams>
<charParams l="236" t="1205" r="283" b="1237"> </charParams>
<charParams l="284" t="1207" r="297" b="1230" charConfidence="29">e</charParams>
<charParams l="300" t="1199" r="308" b="1230" charConfidence="100">i</charParams>
<charParams l="311" t="1206" r="328" b="1230" charConfidence="100">n</charParams>
<charParams l="333" t="1207" r="344" b="1230" charConfidence="31">e</charParams>
<charParams l="348" t="1206" r="375" b="1230" charConfidence="46">m</charParams>
<charParams l="376" t="1197" r="414" b="1231"> </charParams>
<charParams l="415" t="1197" r="431" b="1231" charConfidence="30">b</charParams>
<charParams l="435" t="1207" r="447" b="1230" charConfidence="25">e</charParams>
<charParams l="451" t="1195" r="463" b="1236" charConfidence="32">s</charParams>
<charParams l="461" t="1197" r="488" b="1237" charConfidence="73">c</charParams>
<charParams l="461" t="1197" r="488" b="1237" charConfidence="73">h</charParams>
<charParams l="492" t="1198" r="500" b="1230" charConfidence="84">l</charParams>
<charParams l="503" t="1207" r="515" b="1229" charConfidence="100">e</charParams>
<charParams l="519" t="1205" r="535" b="1229" charConfidence="29">u</charParams>
<charParams l="540" t="1205" r="556" b="1228" charConfidence="24">n</charParams>
<charParams l="560" t="1196" r="568" b="1228" charConfidence="49">i</charParams>
<charParams l="571" t="1205" r="587" b="1236" charConfidence="37">g</charParams>
<charParams l="591" t="1201" r="601" b="1229" charConfidence="40">t</charParams>
<charParams l="604" t="1204" r="615" b="1228" charConfidence="28">e</charParams>
<charParams l="619" t="1203" r="637" b="1228" charConfidence="27">n</charParams>
<charParams l="638" t="1192" r="675" b="1228"> </charParams>
<charParams l="676" t="1192" r="694" b="1227" charConfidence="37">L</charParams>
<charParams l="698" t="1202" r="710" b="1226" charConfidence="58">e</charParams>
<charParams l="713" t="1193" r="729" b="1234" charConfidence="100">h</charParams>
<charParams l="733" t="1201" r="747" b="1226" charConfidence="56">r</charParams>
<charParams l="749" t="1201" r="765" b="1225" charConfidence="100">v</charParams>
<charParams l="768" t="1200" r="784" b="1224" charConfidence="78">o</charParams>
<charParams l="787" t="1199" r="801" b="1224" charConfidence="26">r</charParams>
<charParams l="803" t="1197" r="813" b="1223" charConfidence="61">t</charParams>
<charParams l="816" t="1200" r="830" b="1224" charConfidence="50">r</charParams>
<charParams l="832" t="1200" r="846" b="1224" charConfidence="31">a</charParams>
<charParams l="850" t="1201" r="867" b="1233" charConfidence="96">g</charParams>
<charParams l="870" t="1201" r="884" b="1225" charConfidence="52">e</charParams>
<charParams l="885" t="1201" r="923" b="1234"> </charParams>
<charParams l="924" t="1202" r="941" b="1234" charConfidence="28">g</charParams>
<charParams l="945" t="1203" r="960" b="1227" charConfidence="31">a</charParams>
<charParams l="964" t="1204" r="978" b="1228" charConfidence="35">r</charParams></formatting></line>
<line baseline="1290" l="184" t="1254" r="976" b="1299"><formatting lang="OldGerman">
<charParams l="184" t="1265" r="202" b="1289" charConfidence="100">n</charParams>
<charParams l="206" t="1259" r="214" b="1290" charConfidence="100">i</charParams>
<charParams l="217" t="1260" r="243" b="1298" charConfidence="55">c</charParams>
<charParams l="217" t="1260" r="243" b="1298" charConfidence="55">h</charParams>
<charParams l="248" t="1266" r="257" b="1292" charConfidence="32">t</charParams>
<charParams l="261" t="1263" r="276" b="1291" charConfidence="100">s</charParams>
<charParams l="284" t="1270" r="295" b="1299" charConfidence="31">;</charParams>
<charParams l="296" t="1268" r="331" b="1299"> </charParams>
<charParams l="332" t="1268" r="360" b="1292" charConfidence="25">w</charParams>
<charParams l="364" t="1262" r="372" b="1292" charConfidence="100">i</charParams>
<charParams l="375" t="1269" r="388" b="1292" charConfidence="36">e</charParams>
<charParams l="389" t="1269" r="422" b="1292"> </charParams>
<charParams l="423" t="1270" r="435" b="1292" charConfidence="27">e</charParams>
<charParams l="439" t="1264" r="454" b="1292" charConfidence="100">s</charParams>
<charParams l="455" t="1263" r="478" b="1292"> </charParams>
<charParams l="479" t="1263" r="495" b="1292" charConfidence="32">d</charParams>
<charParams l="499" t="1270" r="510" b="1293" charConfidence="46">e</charParams>
<charParams l="514" t="1269" r="527" b="1292" charConfidence="65">r</charParams>
<charParams l="528" t="1258" r="550" b="1297"> </charParams>
<charParams l="551" t="1258" r="574" b="1297" charConfidence="37">F</charParams>
<charParams l="577" t="1268" r="592" b="1290" charConfidence="50">a</charParams>
<charParams l="597" t="1259" r="605" b="1290" charConfidence="27">l</charParams>
<charParams l="605" t="1259" r="614" b="1291" charConfidence="69">l</charParams>
<charParams l="615" t="1258" r="636" b="1291"> </charParams>
<charParams l="637" t="1258" r="646" b="1289" charConfidence="100">i</charParams>
<charParams l="649" t="1266" r="668" b="1289" charConfidence="31">n</charParams>
<charParams l="669" t="1265" r="691" b="1289"> </charParams>
<charParams l="692" t="1265" r="704" b="1288" charConfidence="29">e</charParams>
<charParams l="708" t="1257" r="716" b="1288" charConfidence="100">i</charParams>
<charParams l="719" t="1264" r="736" b="1288" charConfidence="54">n</charParams>
<charParams l="740" t="1256" r="748" b="1287" charConfidence="100">i</charParams>
<charParams l="750" t="1263" r="766" b="1295" charConfidence="45">g</charParams>
<charParams l="770" t="1263" r="782" b="1287" charConfidence="33">e</charParams>
<charParams l="786" t="1262" r="804" b="1287" charConfidence="25">n</charParams>
<charParams l="805" t="1254" r="828" b="1289"> </charParams>
<charParams l="829" t="1254" r="865" b="1289" charConfidence="35">S</charParams>
<charParams l="869" t="1262" r="879" b="1289" charConfidence="39">t</charParams>
<charParams l="882" t="1266" r="899" b="1290" charConfidence="32">u</charParams>
<charParams l="902" t="1266" r="920" b="1290" charConfidence="27">n</charParams>
<charParams l="924" t="1261" r="940" b="1290" charConfidence="28">d</charParams>
<charParams l="944" t="1266" r="956" b="1290" charConfidence="30">e</charParams>
<charParams l="958" t="1266" r="976" b="1290" charConfidence="100">n</charParams></formatting></line>
<line baseline="1353" l="184" t="1318" r="976" b="1362"><formatting lang="OldGerman">
<charParams l="184" t="1320" r="194" b="1351" charConfidence="100">i</charParams>
<charParams l="197" t="1321" r="217" b="1356" charConfidence="22">s</charParams>
<charParams l="197" t="1321" r="217" b="1356" suspicious="1" charConfidence="22">i</charParams>
<charParams l="225" t="1345" r="235" b="1359" charConfidence="83">,</charParams>
<charParams l="236" t="1330" r="277" b="1359"> </charParams>
<charParams l="278" t="1330" r="304" b="1355" charConfidence="52">w</charParams>
<charParams l="308" t="1332" r="321" b="1354" charConfidence="46">e</charParams>
<charParams l="325" t="1324" r="333" b="1355" charConfidence="34">l</charParams>
<charParams l="335" t="1324" r="361" b="1360" charConfidence="57">c</charParams>
<charParams l="335" t="1324" r="361" b="1360" charConfidence="57">h</charParams>
<charParams l="366" t="1331" r="379" b="1354" charConfidence="29">e</charParams>
<charParams l="380" t="1331" r="402" b="1355"> </charParams>
<charParams l="403" t="1333" r="419" b="1355" charConfidence="41">v</charParams>
<charParams l="424" t="1332" r="438" b="1355" charConfidence="38">o</charParams>
<charParams l="442" t="1333" r="460" b="1356" charConfidence="60">n</charParams>
<charParams l="461" t="1330" r="483" b="1356"> </charParams>
<charParams l="484" t="1330" r="495" b="1356" charConfidence="100">t</charParams>
<charParams l="498" t="1333" r="512" b="1356" charConfidence="55">r</charParams>
<charParams l="514" t="1332" r="526" b="1355" charConfidence="30">e</charParams>
<charParams l="529" t="1323" r="543" b="1360" charConfidence="68">f</charParams>
<charParams l="543" t="1323" r="562" b="1362" charConfidence="22">f</charParams>
<charParams l="543" t="1323" r="562" b="1362" charConfidence="22">l</charParams>
<charParams l="565" t="1323" r="572" b="1354" charConfidence="100">i</charParams>
<charParams l="575" t="1321" r="601" b="1361" charConfidence="68">c</charParams>
<charParams l="575" t="1321" r="601" b="1361" charConfidence="68">h</charParams>
<charParams l="605" t="1330" r="617" b="1353" charConfidence="25">e</charParams>
<charParams l="620" t="1329" r="638" b="1353" charConfidence="26">n</charParams>
<charParams l="649" t="1342" r="659" b="1358" charConfidence="100">,</charParams>
<charParams l="660" t="1327" r="689" b="1358"> </charParams>
<charParams l="690" t="1327" r="707" b="1351" charConfidence="100">a</charParams>
<charParams l="710" t="1318" r="726" b="1352" charConfidence="31">b</charParams>
<charParams l="729" t="1327" r="741" b="1351" charConfidence="35">e</charParams>
<charParams l="745" t="1326" r="758" b="1351" charConfidence="33">r</charParams>
<charParams l="759" t="1326" r="781" b="1351"> </charParams>
<charParams l="782" t="1327" r="795" b="1351" charConfidence="100">r</charParams>
<charParams l="798" t="1328" r="813" b="1351" charConfidence="25">a</charParams>
<charParams l="818" t="1319" r="830" b="1358" charConfidence="42">s</charParams>
<charParams l="829" t="1320" r="855" b="1360" charConfidence="55">c</charParams>
<charParams l="829" t="1320" r="855" b="1360" charConfidence="55">h</charParams>
<charParams l="860" t="1329" r="872" b="1353" charConfidence="27">e</charParams>
<charParams l="875" t="1328" r="893" b="1353" charConfidence="45">n</charParams>
<charParams l="894" t="1328" r="916" b="1353"> </charParams>
<charParams l="917" t="1331" r="935" b="1353" charConfidence="28">u</charParams>
<charParams l="939" t="1330" r="956" b="1353" charConfidence="40">n</charParams>
<charParams l="960" t="1324" r="976" b="1353" charConfidence="26">d</charParams></formatting></line>
<line baseline="1416" l="184" t="1381" r="976" b="1427"><formatting lang="OldGerman">
<charParams l="184" t="1388" r="202" b="1412" charConfidence="31">u</charParams>
<charParams l="205" t="1390" r="223" b="1413" charConfidence="100">n</charParams>
<charParams l="225" t="1392" r="242" b="1421" charConfidence="45">g</charParams>
<charParams l="246" t="1393" r="258" b="1415" charConfidence="37">e</charParams>
<charParams l="262" t="1387" r="277" b="1416" charConfidence="27">d</charParams>
<charParams l="281" t="1395" r="298" b="1418" charConfidence="52">u</charParams>
<charParams l="302" t="1387" r="310" b="1418" charConfidence="34">l</charParams>
<charParams l="313" t="1389" r="328" b="1417" charConfidence="26">d</charParams>
<charParams l="333" t="1387" r="341" b="1417" charConfidence="100">i</charParams>
<charParams l="344" t="1394" r="360" b="1425" charConfidence="36">g</charParams>
<charParams l="363" t="1394" r="374" b="1417" charConfidence="100">e</charParams>
<charParams l="378" t="1394" r="397" b="1418" charConfidence="66">n</charParams>
<charParams l="398" t="1385" r="427" b="1419"> </charParams>
<charParams l="428" t="1385" r="446" b="1419" charConfidence="45">L</charParams>
<charParams l="450" t="1395" r="461" b="1418" charConfidence="100">e</charParams>
<charParams l="464" t="1386" r="481" b="1427" charConfidence="46">h</charParams>
<charParams l="485" t="1396" r="498" b="1419" charConfidence="25">r</charParams>
<charParams l="502" t="1395" r="514" b="1418" charConfidence="53">e</charParams>
<charParams l="517" t="1394" r="530" b="1418" charConfidence="78">r</charParams>
<charParams l="533" t="1395" r="550" b="1417" charConfidence="54">n</charParams>
<charParams l="551" t="1394" r="574" b="1424"> </charParams>
<charParams l="575" t="1394" r="591" b="1424" charConfidence="96">g</charParams>
<charParams l="595" t="1392" r="606" b="1415" charConfidence="28">e</charParams>
<charParams l="608" t="1392" r="626" b="1423" charConfidence="28">g</charParams>
<charParams l="628" t="1392" r="640" b="1415" charConfidence="26">e</charParams>
<charParams l="643" t="1381" r="658" b="1414" charConfidence="45">b</charParams>
<charParams l="662" t="1390" r="674" b="1414" charConfidence="100">e</charParams>
<charParams l="677" t="1390" r="696" b="1413" charConfidence="40">n</charParams>
<charParams l="697" t="1389" r="717" b="1413"> </charParams>
<charParams l="718" t="1389" r="746" b="1413" charConfidence="33">w</charParams>
<charParams l="750" t="1391" r="761" b="1414" charConfidence="27">e</charParams>
<charParams l="764" t="1390" r="777" b="1414" charConfidence="100">r</charParams>
<charParams l="781" t="1384" r="796" b="1414" charConfidence="32">d</charParams>
<charParams l="801" t="1392" r="812" b="1415" charConfidence="38">e</charParams>
<charParams l="815" t="1392" r="833" b="1415" charConfidence="28">n</charParams>
<charParams l="836" t="1407" r="845" b="1416" charConfidence="57">.</charParams>
<charParams l="846" t="1383" r="891" b="1417"> </charParams>
<charParams l="892" t="1383" r="935" b="1417" charConfidence="34">M</charParams>
<charParams l="940" t="1394" r="955" b="1415" charConfidence="33">a</charParams>
<charParams l="959" t="1392" r="976" b="1415" charConfidence="24">u</charParams></formatting></line>
<line baseline="1479" l="182" t="1442" r="976" b="1490"><formatting lang="OldGerman">
<charParams l="182" t="1442" r="201" b="1482" suspicious="1" charConfidence="25">h</charParams>
<charParams l="206" t="1453" r="221" b="1476" charConfidence="55">a</charParams>
<charParams l="225" t="1449" r="236" b="1475" charConfidence="32">t</charParams>
<charParams l="237" t="1445" r="265" b="1477"> </charParams>
<charParams l="266" t="1445" r="285" b="1477" charConfidence="22">ü</charParams>
<charParams l="289" t="1446" r="303" b="1479" charConfidence="34">b</charParams>
<charParams l="308" t="1457" r="320" b="1480" charConfidence="27">e</charParams>
<charParams l="323" t="1457" r="337" b="1481" charConfidence="37">r</charParams>
<charParams l="338" t="1451" r="359" b="1481"> </charParams>
<charParams l="360" t="1451" r="369" b="1481" charConfidence="100">i</charParams>
<charParams l="373" t="1450" r="389" b="1490" charConfidence="67">h</charParams>
<charParams l="393" t="1459" r="406" b="1482" charConfidence="72">r</charParams>
<charParams l="409" t="1458" r="422" b="1481" charConfidence="31">e</charParams>
<charParams l="423" t="1448" r="444" b="1488"> </charParams>
<charParams l="445" t="1448" r="476" b="1488" charConfidence="28">H</charParams>
<charParams l="480" t="1459" r="495" b="1482" charConfidence="24">a</charParams>
<charParams l="499" t="1459" r="517" b="1482" charConfidence="43">n</charParams>
<charParams l="521" t="1453" r="536" b="1481" charConfidence="26">d</charParams>
<charParams l="541" t="1450" r="553" b="1488" charConfidence="55">s</charParams>
<charParams l="551" t="1450" r="578" b="1489" charConfidence="66">c</charParams>
<charParams l="551" t="1450" r="578" b="1489" charConfidence="66">h</charParams>
<charParams l="582" t="1456" r="595" b="1480" charConfidence="24">r</charParams>
<charParams l="598" t="1448" r="605" b="1479" charConfidence="100">i</charParams>
<charParams l="609" t="1446" r="623" b="1485" charConfidence="100">f</charParams>
<charParams l="621" t="1452" r="633" b="1478" charConfidence="33">t</charParams>
<charParams l="634" t="1452" r="654" b="1484"> </charParams>
<charParams l="655" t="1453" r="672" b="1484" charConfidence="27">g</charParams>
<charParams l="676" t="1453" r="689" b="1479" charConfidence="25">e</charParams>
<charParams l="693" t="1445" r="706" b="1478" charConfidence="100">k</charParams>
<charParams l="708" t="1446" r="715" b="1479" charConfidence="32">l</charParams>
<charParams l="718" t="1455" r="733" b="1478" charConfidence="24">a</charParams>
<charParams l="736" t="1455" r="752" b="1486" charConfidence="25">g</charParams>
<charParams l="757" t="1453" r="768" b="1480" charConfidence="26">t</charParams>
<charParams l="775" t="1471" r="786" b="1487" charConfidence="62">,</charParams>
<charParams l="787" t="1447" r="820" b="1487"> </charParams>
<charParams l="821" t="1447" r="839" b="1480" charConfidence="23">ü</charParams>
<charParams l="844" t="1447" r="859" b="1480" charConfidence="33">b</charParams>
<charParams l="863" t="1457" r="875" b="1480" charConfidence="26">e</charParams>
<charParams l="878" t="1456" r="891" b="1480" charConfidence="62">r</charParams>
<charParams l="892" t="1449" r="914" b="1480"> </charParams>
<charParams l="915" t="1449" r="923" b="1478" charConfidence="100">i</charParams>
<charParams l="927" t="1447" r="943" b="1486" charConfidence="100">h</charParams>
<charParams l="948" t="1454" r="961" b="1476" charConfidence="32">r</charParams>
<charParams l="964" t="1454" r="976" b="1476" charConfidence="34">e</charParams></formatting></line></par>
</text>
</block>
</page>
</document>