﻿<?xml version="1.0" encoding="UTF-8" standalone="yes"?>
<document xmlns="http://www.abbyy.com/FineReader_xml/FineReader10-schema-v1.xml" version="1.0" producer="ABBYY FineReader Engine 11" languages="" xmlns:xsi="http://www.w3.org/2001/XMLSchema-instance" xsi:schemaLocation="http://www.abbyy.com/FineReader_xml/FineReader10-schema-v1.xml http://www.abbyy.com/FineReader_xml/FineReader10-schema-v1.xml">
<page width="1156" height="1782" resolution="300" originalCoords="1">
<block blockType="Text" blockName="">
<text>
<par align="Justified" startIndent="250" lineSpacing="1464">
<line baseline="188" l="183" t="133" r="976" b="202"><formatting lang="OldGerman">
<charParams l="183" t="155" r="191" b="187" suspicious="1" charConfidence="100">I</charParams>
<charParams l="193" t="155" r="202" b="178" suspicious="1" charConfidence="-1">«</charParams>
<charParams l="204" t="155" r="219" b="179" charConfidence="49">e</charParams>
<charParams l="219" t="147" r="248" b="189"> </charParams>
<charParams l="248" t="146" r="267" b="189" suspicious="1" charConfidence="39">h</charParams>
<charParams l="269" t="156" r="286" b="179" charConfidence="37">a</charParams>
<charParams l="289" t="153" r="300" b="179" charConfidence="31">t</charParams>
<charParams l="303" t="152" r="313" b="179" charConfidence="58">t</charParams>
<charParams l="317" t="156" r="330" b="179" charConfidence="25">e</charParams>
<charParams l="330" t="148" r="360" b="179"> </charParams>
<charParams l="360" t="148" r="371" b="179" charConfidence="29">i</charParams>
<charParams l="372" t="155" r="391" b="179" charConfidence="86">n</charParams>
<charParams l="391" t="147" r="423" b="179"> </charParams>
<charParams l="423" t="146" r="433" b="179" charConfidence="24">i</charParams>
<charParams l="435" t="144" r="452" b="185" charConfidence="43">h</charParams>
<charParams l="456" t="152" r="470" b="175" charConfidence="25">r</charParams>
<charParams l="470" t="150" r="484" b="174" charConfidence="96">e</charParams>
<charParams l="485" t="149" r="515" b="175" charConfidence="43">m</charParams>
<charParams l="515" t="141" r="538" b="176"> </charParams>
<charParams l="538" t="140" r="559" b="176" charConfidence="43">L</charParams>
<charParams l="560" t="151" r="573" b="173" charConfidence="43">e</charParams>
<charParams l="575" t="140" r="592" b="173" charConfidence="24">b</charParams>
<charParams l="595" t="150" r="609" b="174" charConfidence="33">e</charParams>
<charParams l="610" t="149" r="630" b="173" charConfidence="33">n</charParams>
<charParams l="630" t="148" r="658" b="183"> </charParams>
<charParams l="658" t="150" r="677" b="182" charConfidence="28">g</charParams>
<charParams l="680" t="151" r="693" b="175" charConfidence="28">e</charParams>
<charParams l="695" t="151" r="713" b="175" charConfidence="58">n</charParams>
<charParams l="716" t="152" r="734" b="176" charConfidence="53">u</charParams>
<charParams l="737" t="153" r="753" b="184" charConfidence="32">g</charParams>
<charParams l="756" t="144" r="771" b="183" charConfidence="28">s</charParams>
<charParams l="768" t="154" r="784" b="177" charConfidence="27">a</charParams>
<charParams l="788" t="152" r="816" b="178" charConfidence="32">m</charParams>
<charParams l="816" t="151" r="846" b="178"> </charParams>
<charParams l="847" t="153" r="861" b="177" charConfidence="57">e</charParams>
<charParams l="864" t="147" r="873" b="177" charConfidence="100">i</charParams>
<charParams l="876" t="153" r="892" b="179" charConfidence="26">n</charParams>
<charParams l="895" t="148" r="910" b="185" charConfidence="92">s</charParams>
<charParams l="908" t="157" r="920" b="180" charConfidence="55">e</charParams>
<charParams l="922" t="149" r="939" b="189" charConfidence="81">h</charParams>
<charParams l="945" t="159" r="956" b="181" charConfidence="37">e</charParams>
<charParams l="959" t="159" r="976" b="182" charConfidence="100">n</charParams></formatting></line>
<line baseline="250" l="181" t="195" r="976" b="266"><formatting lang="OldGerman">
<charParams l="182" t="220" r="199" b="251" charConfidence="29">g</charParams>
<charParams l="203" t="220" r="215" b="245" charConfidence="32">e</charParams>
<charParams l="218" t="211" r="228" b="244" charConfidence="65">l</charParams>
<charParams l="230" t="220" r="241" b="243" charConfidence="25">e</charParams>
<charParams l="245" t="219" r="258" b="243" charConfidence="100">r</charParams>
<charParams l="260" t="219" r="277" b="244" charConfidence="93">n</charParams>
<charParams l="281" t="215" r="292" b="243" charConfidence="100">t</charParams>
<charParams l="301" t="233" r="311" b="248" charConfidence="100">,</charParams>
<charParams l="312" t="217" r="358" b="248"> </charParams>
<charParams l="359" t="216" r="385" b="243" charConfidence="35">w</charParams>
<charParams l="388" t="210" r="397" b="241" charConfidence="-1">i</charParams>
<charParams l="401" t="217" r="414" b="241" charConfidence="37">e</charParams>
<charParams l="414" t="204" r="448" b="247"> </charParams>
<charParams l="448" t="204" r="467" b="246" suspicious="1" charConfidence="31">h</charParams>
<charParams l="471" t="213" r="485" b="236" charConfidence="41">o</charParams>
<charParams l="487" t="203" r="516" b="241" charConfidence="34">c</charParams>
<charParams l="487" t="203" r="516" b="241" suspicious="1" charConfidence="34">h</charParams>
<charParams l="516" t="202" r="545" b="244"> </charParams>
<charParams l="545" t="206" r="557" b="243" charConfidence="39">j</charParams>
<charParams l="560" t="212" r="572" b="236" charConfidence="32">e</charParams>
<charParams l="574" t="206" r="590" b="235" charConfidence="26">d</charParams>
<charParams l="594" t="211" r="608" b="235" charConfidence="47">e</charParams>
<charParams l="609" t="211" r="637" b="238"> </charParams>
<charParams l="638" t="210" r="664" b="238" charConfidence="29">w</charParams>
<charParams l="668" t="214" r="683" b="238" charConfidence="60">a</charParams>
<charParams l="686" t="206" r="705" b="246" charConfidence="62">h</charParams>
<charParams l="709" t="214" r="722" b="240" charConfidence="29">r</charParams>
<charParams l="725" t="217" r="738" b="240" charConfidence="31">e</charParams>
<charParams l="738" t="208" r="769" b="243"> </charParams>
<charParams l="769" t="207" r="805" b="243" charConfidence="38">N</charParams>
<charParams l="808" t="218" r="821" b="242" charConfidence="32">e</charParams>
<charParams l="824" t="210" r="831" b="242" charConfidence="-1">i</charParams>
<charParams l="834" t="218" r="850" b="249" charConfidence="100">g</charParams>
<charParams l="854" t="217" r="871" b="241" charConfidence="46">u</charParams>
<charParams l="875" t="216" r="891" b="241" charConfidence="59">n</charParams>
<charParams l="894" t="217" r="912" b="249" charConfidence="27">g</charParams>
<charParams l="913" t="216" r="942" b="253"> </charParams>
<charParams l="943" t="218" r="955" b="252" charConfidence="30">z</charParams>
<charParams l="960" t="220" r="976" b="245" charConfidence="57">u</charParams></formatting></line>
<line baseline="313" l="180" t="257" r="976" b="327"><formatting lang="OldGerman">
<charParams l="181" t="273" r="196" b="312" charConfidence="100">s</charParams>
<charParams l="194" t="274" r="220" b="312" charConfidence="100">c</charParams>
<charParams l="194" t="274" r="220" b="312" charConfidence="100">h</charParams>
<charParams l="223" t="273" r="239" b="305" charConfidence="40">ä</charParams>
<charParams l="243" t="277" r="261" b="313" charConfidence="36">t</charParams>
<charParams l="243" t="277" r="261" b="313" charConfidence="36">z</charParams>
<charParams l="264" t="282" r="276" b="305" charConfidence="26">e</charParams>
<charParams l="279" t="282" r="297" b="305" charConfidence="93">n</charParams>
<charParams l="298" t="274" r="328" b="311"> </charParams>
<charParams l="329" t="274" r="342" b="310" charConfidence="100">s</charParams>
<charParams l="341" t="281" r="353" b="303" charConfidence="25">e</charParams>
<charParams l="356" t="281" r="372" b="312" charConfidence="25">y</charParams>
<charParams l="374" t="294" r="383" b="309" charConfidence="71">,</charParams>
<charParams l="384" t="271" r="423" b="308"> </charParams>
<charParams l="424" t="270" r="432" b="301" charConfidence="100">i</charParams>
<charParams l="436" t="277" r="453" b="300" charConfidence="26">n</charParams>
<charParams l="454" t="275" r="484" b="300"> </charParams>
<charParams l="485" t="274" r="498" b="299" charConfidence="28">e</charParams>
<charParams l="501" t="266" r="509" b="296" charConfidence="32">i</charParams>
<charParams l="513" t="273" r="529" b="297" charConfidence="100">n</charParams>
<charParams l="533" t="273" r="546" b="297" charConfidence="55">e</charParams>
<charParams l="549" t="274" r="563" b="297" charConfidence="32">r</charParams>
<charParams l="563" t="264" r="585" b="298"> </charParams>
<charParams l="585" t="263" r="627" b="298" charConfidence="57">W</charParams>
<charParams l="630" t="274" r="642" b="297" charConfidence="27">e</charParams>
<charParams l="646" t="268" r="653" b="298" charConfidence="32">l</charParams>
<charParams l="657" t="272" r="668" b="300" charConfidence="28">t</charParams>
<charParams l="669" t="272" r="696" b="301"> </charParams>
<charParams l="697" t="274" r="724" b="301" charConfidence="58">w</charParams>
<charParams l="728" t="278" r="744" b="301" charConfidence="29">o</charParams>
<charParams l="745" t="270" r="768" b="304"> </charParams>
<charParams l="769" t="269" r="802" b="304" charConfidence="58">G</charParams>
<charParams l="806" t="273" r="813" b="304" charConfidence="37">l</charParams>
<charParams l="817" t="280" r="829" b="304" charConfidence="55">e</charParams>
<charParams l="831" t="274" r="840" b="305" charConfidence="28">i</charParams>
<charParams l="843" t="273" r="869" b="312" charConfidence="74">c</charParams>
<charParams l="843" t="273" r="869" b="312" charConfidence="74">h</charParams>
<charParams l="872" t="280" r="889" b="313" charConfidence="41">g</charParams>
<charParams l="892" t="272" r="909" b="304" charConfidence="27">ü</charParams>
<charParams l="914" t="274" r="921" b="305" charConfidence="28">l</charParams>
<charParams l="925" t="278" r="934" b="304" charConfidence="30">t</charParams>
<charParams l="938" t="275" r="945" b="305" charConfidence="25">i</charParams>
<charParams l="948" t="282" r="964" b="313" charConfidence="27">g</charParams>
<charParams l="968" t="287" r="976" b="301" charConfidence="100">¬</charParams></formatting></line>
<line baseline="373" l="181" t="321" r="977" b="387"><formatting lang="OldGerman">
<charParams l="181" t="336" r="194" b="366" charConfidence="67">k</charParams>
<charParams l="197" t="344" r="208" b="367" charConfidence="32">e</charParams>
<charParams l="213" t="337" r="220" b="366" charConfidence="81">i</charParams>
<charParams l="224" t="341" r="235" b="366" charConfidence="40">t</charParams>
<charParams l="236" t="340" r="265" b="367"> </charParams>
<charParams l="266" t="344" r="284" b="366" charConfidence="43">u</charParams>
<charParams l="287" t="344" r="304" b="366" charConfidence="28">n</charParams>
<charParams l="308" t="336" r="324" b="365" charConfidence="31">d</charParams>
<charParams l="325" t="332" r="348" b="364"> </charParams>
<charParams l="349" t="331" r="377" b="364" charConfidence="29">A</charParams>
<charParams l="380" t="332" r="394" b="363" charConfidence="29">b</charParams>
<charParams l="399" t="340" r="415" b="362" charConfidence="93">n</charParams>
<charParams l="419" t="340" r="431" b="361" charConfidence="33">e</charParams>
<charParams l="435" t="332" r="442" b="360" charConfidence="33">i</charParams>
<charParams l="443" t="337" r="460" b="368" charConfidence="26">g</charParams>
<charParams l="464" t="337" r="481" b="359" charConfidence="73">u</charParams>
<charParams l="485" t="335" r="501" b="360" charConfidence="50">n</charParams>
<charParams l="504" t="336" r="522" b="366" charConfidence="26">g</charParams>
<charParams l="523" t="335" r="552" b="366"> </charParams>
<charParams l="553" t="336" r="566" b="361" charConfidence="27">e</charParams>
<charParams l="569" t="328" r="577" b="359" charConfidence="27">i</charParams>
<charParams l="578" t="336" r="596" b="366" charConfidence="25">g</charParams>
<charParams l="600" t="335" r="611" b="360" charConfidence="27">e</charParams>
<charParams l="615" t="335" r="633" b="360" charConfidence="70">n</charParams>
<charParams l="636" t="333" r="646" b="359" charConfidence="63">t</charParams>
<charParams l="650" t="329" r="658" b="360" charConfidence="45">l</charParams>
<charParams l="661" t="329" r="669" b="359" charConfidence="100">i</charParams>
<charParams l="673" t="338" r="683" b="358" charConfidence="54">c</charParams>
<charParams l="683" t="329" r="700" b="375" charConfidence="54">h</charParams>
<charParams l="701" t="328" r="724" b="375"> </charParams>
<charParams l="725" t="339" r="738" b="362" charConfidence="34">r</charParams>
<charParams l="741" t="340" r="753" b="363" charConfidence="26">e</charParams>
<charParams l="756" t="333" r="783" b="372" charConfidence="89">c</charParams>
<charParams l="756" t="333" r="783" b="372" charConfidence="89">h</charParams>
<charParams l="787" t="339" r="798" b="365" charConfidence="66">t</charParams>
<charParams l="799" t="339" r="819" b="376"> </charParams>
<charParams l="820" t="342" r="833" b="376" charConfidence="100">z</charParams>
<charParams l="837" t="343" r="854" b="367" charConfidence="76">u</charParams>
<charParams l="855" t="335" r="877" b="375"> </charParams>
<charParams l="878" t="334" r="909" b="375" charConfidence="28">H</charParams>
<charParams l="913" t="344" r="929" b="368" charConfidence="55">a</charParams>
<charParams l="933" t="344" r="950" b="368" charConfidence="35">u</charParams>
<charParams l="954" t="336" r="966" b="373" charConfidence="40">s</charParams>
<charParams l="965" t="345" r="977" b="367" charConfidence="29">e</charParams></formatting></line>
<line baseline="432" l="179" t="396" r="247" b="434"><formatting lang="OldGerman">
<charParams l="179" t="397" r="193" b="434" charConfidence="45">s</charParams>
<charParams l="190" t="406" r="196" b="428" suspicious="1" charConfidence="100">i</charParams>
<charParams l="200" t="405" r="216" b="429" charConfidence="25">n</charParams>
<charParams l="221" t="400" r="237" b="428" charConfidence="28">d</charParams>
<charParams l="241" t="420" r="247" b="428" charConfidence="100">.</charParams></formatting></line></par>
</text>
</block>
</page>
</document>