﻿<?xml version="1.0" encoding="UTF-8" standalone="yes"?>
<document xmlns="http://www.abbyy.com/FineReader_xml/FineReader10-schema-v1.xml" version="1.0" producer="ABBYY FineReader Engine 11" languages="" xmlns:xsi="http://www.w3.org/2001/XMLSchema-instance" xsi:schemaLocation="http://www.abbyy.com/FineReader_xml/FineReader10-schema-v1.xml http://www.abbyy.com/FineReader_xml/FineReader10-schema-v1.xml">
<page width="1156" height="1782" resolution="300" originalCoords="1">
<block blockType="Text" blockName="">
<text>
<par align="Center">
<line baseline="90" l="557" t="59" r="600" b="88"><formatting lang="OldGerman">
<charParams l="557" t="59" r="577" b="87" suspicious="1" charConfidence="32">6</charParams>
<charParams l="580" t="59" r="600" b="87" suspicious="1" charConfidence="13">b</charParams></formatting></line></par>
<par align="Justified" startIndent="376" lineSpacing="1464">
<line baseline="183" l="189" t="143" r="985" b="192"><formatting lang="OldGerman">
<charParams l="189" t="150" r="203" b="188" charConfidence="100">s</charParams>
<charParams l="201" t="149" r="229" b="186" charConfidence="29">c</charParams>
<charParams l="201" t="149" r="229" b="186" charConfidence="29">h</charParams>
<charParams l="231" t="158" r="246" b="181" charConfidence="14">r</charParams>
<charParams l="247" t="159" r="260" b="181" charConfidence="29">e</charParams>
<charParams l="264" t="151" r="272" b="181" charConfidence="22">i</charParams>
<charParams l="274" t="147" r="290" b="181" charConfidence="24">t</charParams>
<charParams l="292" t="159" r="301" b="187" charConfidence="25">)</charParams>
<charParams l="303" t="158" r="322" b="180" charConfidence="-1">»</charParams>
<charParams l="323" t="158" r="332" b="179" charConfidence="78">,</charParams>
<charParams l="335" t="158" r="352" b="190" suspicious="1" charConfidence="32">g</charParams>
<charParams l="360" t="172" r="372" b="188" charConfidence="32">,</charParams>
<charParams l="372" t="157" r="409" b="188"> </charParams>
<charParams l="409" t="157" r="436" b="181" charConfidence="24">w</charParams>
<charParams l="439" t="157" r="455" b="181" charConfidence="32">o</charParams>
<charParams l="457" t="155" r="470" b="189" charConfidence="25">z</charParams>
<charParams l="471" t="155" r="491" b="178" charConfidence="26">u</charParams>
<charParams l="491" t="145" r="519" b="182"> </charParams>
<charParams l="519" t="145" r="535" b="182" charConfidence="100">s</charParams>
<charParams l="531" t="144" r="559" b="182" charConfidence="55">c</charParams>
<charParams l="531" t="144" r="559" b="182" charConfidence="55">h</charParams>
<charParams l="562" t="152" r="577" b="175" charConfidence="39">o</charParams>
<charParams l="580" t="151" r="599" b="176" charConfidence="39">n</charParams>
<charParams l="599" t="152" r="628" b="183"> </charParams>
<charParams l="628" t="152" r="646" b="183" charConfidence="100">g</charParams>
<charParams l="648" t="153" r="661" b="175" charConfidence="33">e</charParams>
<charParams l="663" t="152" r="681" b="176" charConfidence="39">n</charParams>
<charParams l="684" t="152" r="702" b="176" suspicious="1" charConfidence="54">ü</charParams>
<charParams l="704" t="153" r="722" b="184" charConfidence="38">g</charParams>
<charParams l="724" t="146" r="738" b="185" charConfidence="92">s</charParams>
<charParams l="736" t="155" r="753" b="178" charConfidence="49">a</charParams>
<charParams l="754" t="154" r="784" b="179" charConfidence="31">m</charParams>
<charParams l="786" t="156" r="800" b="180" charConfidence="27">e</charParams>
<charParams l="800" t="147" r="823" b="181"> </charParams>
<charParams l="823" t="148" r="855" b="180" charConfidence="32">V</charParams>
<charParams l="857" t="157" r="872" b="179" charConfidence="35">o</charParams>
<charParams l="875" t="157" r="889" b="179" charConfidence="62">r</charParams>
<charParams l="890" t="157" r="908" b="179" charConfidence="26">a</charParams>
<charParams l="910" t="159" r="924" b="182" charConfidence="25">r</charParams>
<charParams l="926" t="150" r="943" b="182" charConfidence="27">b</charParams>
<charParams l="945" t="161" r="958" b="184" charConfidence="24">e</charParams>
<charParams l="961" t="153" r="970" b="184" charConfidence="81">i</charParams>
<charParams l="972" t="159" r="985" b="185" charConfidence="28">t</charParams></formatting></line>
<line baseline="244" l="190" t="203" r="983" b="256"><formatting lang="OldGerman">
<charParams l="190" t="215" r="204" b="245" charConfidence="27">d</charParams>
<charParams l="209" t="223" r="224" b="246" charConfidence="100">a</charParams>
<charParams l="225" t="214" r="249" b="252"> </charParams>
<charParams l="250" t="214" r="263" b="252" charConfidence="100">s</charParams>
<charParams l="262" t="224" r="274" b="245" charConfidence="40">e</charParams>
<charParams l="277" t="223" r="293" b="253" charConfidence="25">y</charParams>
<charParams l="297" t="222" r="314" b="245" charConfidence="64">n</charParams>
<charParams l="315" t="220" r="338" b="245"> </charParams>
<charParams l="339" t="220" r="367" b="244" charConfidence="57">m</charParams>
<charParams l="371" t="221" r="388" b="244" charConfidence="32">u</charParams>
<charParams l="391" t="212" r="408" b="249" charConfidence="28">ß</charParams>
<charParams l="416" t="233" r="427" b="249" charConfidence="100">,</charParams>
<charParams l="428" t="217" r="464" b="249"> </charParams>
<charParams l="465" t="217" r="480" b="240" charConfidence="44">a</charParams>
<charParams l="484" t="216" r="501" b="239" charConfidence="50">u</charParams>
<charParams l="503" t="210" r="521" b="237" charConfidence="98">s</charParams>
<charParams l="522" t="207" r="545" b="237"> </charParams>
<charParams l="546" t="207" r="561" b="236" charConfidence="25">d</charParams>
<charParams l="566" t="215" r="578" b="237" charConfidence="46">e</charParams>
<charParams l="581" t="214" r="595" b="237" charConfidence="34">r</charParams>
<charParams l="596" t="205" r="617" b="245"> </charParams>
<charParams l="618" t="205" r="637" b="245" charConfidence="84">s</charParams>
<charParams l="618" t="205" r="637" b="245" charConfidence="84">i</charParams>
<charParams l="639" t="206" r="666" b="245" charConfidence="55">c</charParams>
<charParams l="639" t="206" r="666" b="245" charConfidence="55">h</charParams>
<charParams l="667" t="206" r="690" b="245"> </charParams>
<charParams l="691" t="216" r="708" b="239" charConfidence="48">n</charParams>
<charParams l="712" t="217" r="728" b="240" charConfidence="31">a</charParams>
<charParams l="731" t="209" r="758" b="248" charConfidence="29">c</charParams>
<charParams l="731" t="209" r="758" b="248" charConfidence="29">h</charParams>
<charParams l="763" t="209" r="779" b="250" charConfidence="46">h</charParams>
<charParams l="783" t="220" r="795" b="243" charConfidence="25">e</charParams>
<charParams l="798" t="219" r="811" b="244" charConfidence="54">r</charParams>
<charParams l="812" t="209" r="834" b="251"> </charParams>
<charParams l="835" t="210" r="867" b="251" charConfidence="39">P</charParams>
<charParams l="872" t="219" r="886" b="242" charConfidence="30">a</charParams>
<charParams l="890" t="211" r="917" b="250" charConfidence="58">c</charParams>
<charParams l="890" t="211" r="917" b="250" charConfidence="58">h</charParams>
<charParams l="921" t="216" r="932" b="243" charConfidence="48">t</charParams>
<charParams l="934" t="221" r="950" b="244" charConfidence="35">a</charParams>
<charParams l="954" t="221" r="970" b="245" charConfidence="54">n</charParams>
<charParams l="973" t="226" r="983" b="241" charConfidence="12">¬</charParams></formatting></line>
<line baseline="306" l="189" t="265" r="983" b="317"><formatting lang="OldGerman">
<charParams l="189" t="276" r="202" b="314" charConfidence="62">s</charParams>
<charParams l="200" t="277" r="226" b="313" charConfidence="56">c</charParams>
<charParams l="200" t="277" r="226" b="313" charConfidence="56">h</charParams>
<charParams l="231" t="278" r="239" b="307" charConfidence="22">l</charParams>
<charParams l="241" t="277" r="256" b="307" charConfidence="20">ä</charParams>
<charParams l="259" t="285" r="275" b="314" charConfidence="30">g</charParams>
<charParams l="280" t="284" r="293" b="307" charConfidence="28">e</charParams>
<charParams l="294" t="284" r="323" b="307"> </charParams>
<charParams l="324" t="284" r="342" b="308" charConfidence="38">u</charParams>
<charParams l="345" t="283" r="361" b="306" charConfidence="32">n</charParams>
<charParams l="366" t="277" r="382" b="306" charConfidence="27">d</charParams>
<charParams l="383" t="277" r="414" b="306"> </charParams>
<charParams l="415" t="281" r="430" b="303" charConfidence="48">a</charParams>
<charParams l="434" t="279" r="451" b="303" charConfidence="31">n</charParams>
<charParams l="455" t="272" r="470" b="301" charConfidence="28">d</charParams>
<charParams l="474" t="278" r="485" b="300" charConfidence="31">e</charParams>
<charParams l="489" t="276" r="501" b="299" charConfidence="53">r</charParams>
<charParams l="505" t="276" r="516" b="298" charConfidence="26">e</charParams>
<charParams l="520" t="271" r="535" b="298" charConfidence="-1">s</charParams>
<charParams l="536" t="266" r="567" b="305"> </charParams>
<charParams l="568" t="266" r="582" b="306" charConfidence="86">s</charParams>
<charParams l="579" t="266" r="606" b="305" charConfidence="75">c</charParams>
<charParams l="579" t="266" r="606" b="305" charConfidence="75">h</charParams>
<charParams l="610" t="275" r="625" b="298" charConfidence="52">o</charParams>
<charParams l="628" t="274" r="646" b="299" charConfidence="77">n</charParams>
<charParams l="647" t="274" r="670" b="300"> </charParams>
<charParams l="671" t="277" r="684" b="300" charConfidence="25">e</charParams>
<charParams l="687" t="277" r="705" b="300" charConfidence="67">n</charParams>
<charParams l="708" t="274" r="718" b="301" charConfidence="53">t</charParams>
<charParams l="720" t="276" r="746" b="302" charConfidence="59">w</charParams>
<charParams l="750" t="272" r="758" b="303" charConfidence="65">i</charParams>
<charParams l="762" t="281" r="773" b="303" charConfidence="43">c</charParams>
<charParams l="773" t="273" r="786" b="303" charConfidence="33">k</charParams>
<charParams l="789" t="282" r="801" b="305" charConfidence="51">e</charParams>
<charParams l="804" t="274" r="813" b="305" charConfidence="76">l</charParams>
<charParams l="815" t="281" r="834" b="306" charConfidence="41">n</charParams>
<charParams l="835" t="281" r="856" b="306"> </charParams>
<charParams l="857" t="281" r="883" b="306" charConfidence="53">w</charParams>
<charParams l="887" t="283" r="899" b="306" charConfidence="39">e</charParams>
<charParams l="903" t="283" r="915" b="306" charConfidence="44">r</charParams>
<charParams l="918" t="276" r="934" b="305" charConfidence="27">d</charParams>
<charParams l="938" t="283" r="950" b="307" charConfidence="35">e</charParams>
<charParams l="953" t="283" r="971" b="307" charConfidence="100">n</charParams>
<charParams l="973" t="299" r="983" b="307" charConfidence="73">.</charParams></formatting></line>
<line baseline="367" l="188" t="326" r="982" b="376"><formatting lang="OldGerman">
<charParams l="188" t="337" r="223" b="370" charConfidence="32">N</charParams>
<charParams l="227" t="347" r="243" b="368" charConfidence="35">u</charParams>
<charParams l="247" t="346" r="261" b="369" charConfidence="24">r</charParams>
<charParams l="262" t="346" r="292" b="369"> </charParams>
<charParams l="293" t="346" r="306" b="368" charConfidence="26">e</charParams>
<charParams l="307" t="337" r="317" b="368" charConfidence="92">i</charParams>
<charParams l="320" t="344" r="337" b="367" charConfidence="65">n</charParams>
<charParams l="341" t="343" r="353" b="368" charConfidence="32">e</charParams>
<charParams l="356" t="339" r="372" b="367" charConfidence="100">s</charParams>
<charParams l="373" t="335" r="403" b="367"> </charParams>
<charParams l="404" t="335" r="413" b="366" charConfidence="38">l</charParams>
<charParams l="415" t="342" r="431" b="365" charConfidence="50">a</charParams>
<charParams l="435" t="332" r="451" b="370" charConfidence="29">ß</charParams>
<charParams l="452" t="332" r="482" b="370"> </charParams>
<charParams l="483" t="338" r="500" b="361" charConfidence="42">u</charParams>
<charParams l="504" t="337" r="520" b="360" charConfidence="100">n</charParams>
<charParams l="524" t="333" r="540" b="360" charConfidence="100">s</charParams>
<charParams l="541" t="327" r="570" b="367"> </charParams>
<charParams l="571" t="327" r="586" b="368" charConfidence="26">f</charParams>
<charParams l="586" t="337" r="597" b="360" charConfidence="26">e</charParams>
<charParams l="602" t="328" r="620" b="368" charConfidence="31">s</charParams>
<charParams l="602" t="328" r="620" b="368" charConfidence="31">t</charParams>
<charParams l="624" t="329" r="637" b="367" charConfidence="100">s</charParams>
<charParams l="635" t="337" r="647" b="360" charConfidence="29">e</charParams>
<charParams l="650" t="333" r="668" b="368" charConfidence="39">t</charParams>
<charParams l="650" t="333" r="668" b="368" charConfidence="39">z</charParams>
<charParams l="671" t="338" r="684" b="361" charConfidence="55">e</charParams>
<charParams l="687" t="338" r="705" b="361" charConfidence="27">n</charParams>
<charParams l="706" t="338" r="728" b="370"> </charParams>
<charParams l="729" t="340" r="748" b="370" suspicious="1" charConfidence="22">u</charParams>
<charParams l="750" t="341" r="768" b="364" suspicious="1" charConfidence="100">n</charParams>
<charParams l="771" t="336" r="787" b="365" suspicious="1" charConfidence="27">d</charParams>
<charParams l="788" t="336" r="811" b="366"> </charParams>
<charParams l="812" t="343" r="824" b="367" charConfidence="28">e</charParams>
<charParams l="828" t="336" r="835" b="367" charConfidence="39">i</charParams>
<charParams l="839" t="344" r="856" b="368" charConfidence="80">n</charParams>
<charParams l="860" t="345" r="873" b="368" charConfidence="29">r</charParams>
<charParams l="876" t="338" r="884" b="369" charConfidence="100">i</charParams>
<charParams l="886" t="337" r="914" b="376" charConfidence="63">c</charParams>
<charParams l="886" t="337" r="914" b="376" charConfidence="63">h</charParams>
<charParams l="918" t="342" r="927" b="369" charConfidence="31">t</charParams>
<charParams l="931" t="346" r="942" b="370" charConfidence="27">e</charParams>
<charParams l="946" t="345" r="964" b="369" suspicious="1" charConfidence="26">n</charParams>
<charParams l="975" t="346" r="982" b="369" charConfidence="100">:</charParams></formatting></line>
<line baseline="428" l="185" t="386" r="984" b="438"><formatting lang="OldGerman">
<charParams l="185" t="405" r="198" b="431" charConfidence="89">t</charParams>
<charParams l="199" t="408" r="214" b="431" charConfidence="100">r</charParams>
<charParams l="216" t="408" r="229" b="429" charConfidence="34">e</charParams>
<charParams l="230" t="408" r="248" b="430" charConfidence="25">n</charParams>
<charParams l="251" t="407" r="269" b="430" charConfidence="30">n</charParams>
<charParams l="273" t="407" r="287" b="430" charConfidence="27">e</charParams>
<charParams l="287" t="406" r="317" b="430"> </charParams>
<charParams l="317" t="406" r="333" b="428" charConfidence="24">a</charParams>
<charParams l="336" t="396" r="355" b="429" charConfidence="-1">l</charParams>
<charParams l="336" t="396" r="355" b="429" charConfidence="-1">l</charParams>
<charParams l="357" t="405" r="369" b="427" charConfidence="27">e</charParams>
<charParams l="372" t="400" r="388" b="427" charConfidence="100">s</charParams>
<charParams l="388" t="400" r="419" b="427"> </charParams>
<charParams l="419" t="401" r="447" b="427" charConfidence="23">w</charParams>
<charParams l="449" t="400" r="466" b="423" suspicious="1" charConfidence="42">a</charParams>
<charParams l="468" t="396" r="485" b="423" charConfidence="100">s</charParams>
<charParams l="485" t="396" r="516" b="423"> </charParams>
<charParams l="516" t="399" r="529" b="422" charConfidence="26">e</charParams>
<charParams l="532" t="391" r="541" b="422" charConfidence="100">i</charParams>
<charParams l="542" t="399" r="560" b="430" charConfidence="26">g</charParams>
<charParams l="562" t="399" r="575" b="422" charConfidence="28">e</charParams>
<charParams l="577" t="398" r="596" b="422" charConfidence="71">n</charParams>
<charParams l="599" t="396" r="609" b="422" charConfidence="28">t</charParams>
<charParams l="613" t="390" r="621" b="422" charConfidence="48">l</charParams>
<charParams l="624" t="391" r="633" b="421" charConfidence="100">i</charParams>
<charParams l="635" t="391" r="664" b="428" charConfidence="59">c</charParams>
<charParams l="635" t="391" r="664" b="428" charConfidence="59">h</charParams>
<charParams l="664" t="388" r="687" b="428"> </charParams>
<charParams l="687" t="388" r="722" b="423" suspicious="1" charConfidence="22">G</charParams>
<charParams l="724" t="401" r="738" b="423" charConfidence="28">e</charParams>
<charParams l="740" t="393" r="754" b="431" charConfidence="100">s</charParams>
<charParams l="751" t="395" r="780" b="432" charConfidence="70">c</charParams>
<charParams l="751" t="395" r="780" b="432" suspicious="1" charConfidence="70">h</charParams>
<charParams l="783" t="395" r="799" b="427" charConfidence="57">ä</charParams>
<charParams l="800" t="396" r="817" b="433" charConfidence="29">f</charParams>
<charParams l="815" t="401" r="827" b="428" charConfidence="32">t</charParams>
<charParams l="827" t="399" r="856" b="429"> </charParams>
<charParams l="856" t="399" r="867" b="429" charConfidence="100">i</charParams>
<charParams l="869" t="399" r="890" b="438" charConfidence="36">s</charParams>
<charParams l="869" t="399" r="890" b="438" charConfidence="36">t</charParams>
<charParams l="890" t="399" r="913" b="438"> </charParams>
<charParams l="913" t="409" r="932" b="432" suspicious="1" charConfidence="25">v</charParams>
<charParams l="935" t="409" r="951" b="432" charConfidence="47">o</charParams>
<charParams l="952" t="407" r="984" b="432" charConfidence="100">m</charParams></formatting></line>
<line baseline="489" l="184" t="451" r="982" b="496"><formatting lang="OldGerman">
<charParams l="184" t="460" r="202" b="492" charConfidence="40">L</charParams>
<charParams l="205" t="469" r="217" b="490" charConfidence="27">e</charParams>
<charParams l="220" t="461" r="235" b="490" charConfidence="27">b</charParams>
<charParams l="240" t="469" r="252" b="490" charConfidence="34">e</charParams>
<charParams l="255" t="468" r="273" b="489" charConfidence="61">n</charParams>
<charParams l="275" t="481" r="284" b="489" charConfidence="61">.</charParams>
<charParams l="285" t="456" r="348" b="490"> </charParams>
<charParams l="349" t="457" r="384" b="487" charConfidence="84">D</charParams>
<charParams l="388" t="465" r="403" b="486" charConfidence="29">a</charParams>
<charParams l="407" t="460" r="423" b="487" suspicious="1" charConfidence="100">s</charParams>
<charParams l="424" t="452" r="455" b="487"> </charParams>
<charParams l="456" t="452" r="488" b="486" charConfidence="27">G</charParams>
<charParams l="492" t="462" r="504" b="484" charConfidence="33">e</charParams>
<charParams l="509" t="453" r="520" b="491" charConfidence="56">s</charParams>
<charParams l="519" t="454" r="545" b="490" charConfidence="63">c</charParams>
<charParams l="519" t="454" r="545" b="490" charConfidence="63">h</charParams>
<charParams l="548" t="453" r="564" b="484" charConfidence="28">ä</charParams>
<charParams l="567" t="452" r="582" b="492" charConfidence="43">f</charParams>
<charParams l="582" t="458" r="592" b="484" charConfidence="33">t</charParams>
<charParams l="593" t="458" r="629" b="485"> </charParams>
<charParams l="630" t="462" r="647" b="485" charConfidence="100">v</charParams>
<charParams l="652" t="462" r="663" b="484" charConfidence="40">e</charParams>
<charParams l="667" t="461" r="679" b="484" charConfidence="47">r</charParams>
<charParams l="683" t="454" r="690" b="485" charConfidence="67">l</charParams>
<charParams l="694" t="462" r="709" b="484" charConfidence="24">a</charParams>
<charParams l="713" t="462" r="731" b="484" charConfidence="38">n</charParams>
<charParams l="733" t="462" r="750" b="493" charConfidence="32">g</charParams>
<charParams l="754" t="460" r="765" b="486" charConfidence="63">t</charParams>
<charParams l="766" t="454" r="795" b="487"> </charParams>
<charParams l="796" t="454" r="823" b="488" charConfidence="27">E</charParams>
<charParams l="826" t="465" r="839" b="488" charConfidence="39">r</charParams>
<charParams l="842" t="466" r="859" b="488" charConfidence="25">n</charParams>
<charParams l="863" t="459" r="884" b="496" charConfidence="39">s</charParams>
<charParams l="863" t="459" r="884" b="496" charConfidence="39">t</charParams>
<charParams l="885" t="459" r="922" b="496"> </charParams>
<charParams l="923" t="470" r="941" b="492" charConfidence="44">u</charParams>
<charParams l="943" t="470" r="962" b="491" charConfidence="80">n</charParams>
<charParams l="965" t="463" r="982" b="492" charConfidence="25">d</charParams></formatting></line>
<line baseline="551" l="183" t="511" r="983" b="560"><formatting lang="OldGerman">
<charParams l="183" t="519" r="218" b="552" charConfidence="30">S</charParams>
<charParams l="223" t="526" r="232" b="549" charConfidence="38">t</charParams>
<charParams l="235" t="527" r="249" b="549" charConfidence="100">r</charParams>
<charParams l="252" t="527" r="264" b="549" charConfidence="47">e</charParams>
<charParams l="268" t="527" r="283" b="548" charConfidence="100">n</charParams>
<charParams l="287" t="527" r="303" b="557" charConfidence="100">g</charParams>
<charParams l="307" t="526" r="320" b="548" charConfidence="41">e</charParams>
<charParams l="329" t="541" r="338" b="555" charConfidence="59">,</charParams>
<charParams l="339" t="519" r="369" b="556"> </charParams>
<charParams l="370" t="520" r="386" b="548" charConfidence="39">d</charParams>
<charParams l="390" t="526" r="405" b="547" charConfidence="27">a</charParams>
<charParams l="409" t="520" r="425" b="547" suspicious="1" charConfidence="88">s</charParams>
<charParams l="426" t="515" r="449" b="548"> </charParams>
<charParams l="450" t="515" r="467" b="548" charConfidence="40">L</charParams>
<charParams l="471" t="525" r="482" b="547" charConfidence="100">e</charParams>
<charParams l="487" t="514" r="502" b="548" charConfidence="32">b</charParams>
<charParams l="506" t="524" r="518" b="547" charConfidence="100">e</charParams>
<charParams l="521" t="524" r="538" b="547" charConfidence="59">n</charParams>
<charParams l="539" t="512" r="563" b="547"> </charParams>
<charParams l="564" t="512" r="604" b="548" charConfidence="29">W</charParams>
<charParams l="608" t="516" r="615" b="546" charConfidence="43">i</charParams>
<charParams l="619" t="515" r="627" b="547" charConfidence="67">l</charParams>
<charParams l="629" t="516" r="637" b="547" charConfidence="92">l</charParams>
<charParams l="640" t="515" r="652" b="547" charConfidence="50">k</charParams>
<charParams l="655" t="516" r="671" b="547" suspicious="1" charConfidence="22">ü</charParams>
<charParams l="675" t="514" r="692" b="556" charConfidence="68">h</charParams>
<charParams l="696" t="523" r="710" b="547" charConfidence="26">r</charParams>
<charParams l="722" t="525" r="731" b="555" charConfidence="89">;</charParams>
<charParams l="732" t="518" r="764" b="555"> </charParams>
<charParams l="765" t="518" r="781" b="547" charConfidence="31">d</charParams>
<charParams l="784" t="526" r="800" b="548" charConfidence="25">a</charParams>
<charParams l="805" t="520" r="820" b="549" suspicious="1" charConfidence="100">S</charParams>
<charParams l="821" t="516" r="844" b="550"> </charParams>
<charParams l="845" t="516" r="878" b="550" charConfidence="27">G</charParams>
<charParams l="882" t="528" r="894" b="550" charConfidence="46">e</charParams>
<charParams l="897" t="520" r="909" b="558" charConfidence="100">s</charParams>
<charParams l="908" t="520" r="936" b="558" charConfidence="80">c</charParams>
<charParams l="908" t="520" r="936" b="558" charConfidence="80">h</charParams>
<charParams l="939" t="521" r="954" b="553" charConfidence="26">ä</charParams>
<charParams l="958" t="521" r="972" b="560" charConfidence="84">f</charParams>
<charParams l="971" t="527" r="983" b="555" charConfidence="56">t</charParams></formatting></line>
<line baseline="614" l="183" t="575" r="982" b="623"><formatting lang="OldGerman">
<charParams l="183" t="583" r="198" b="612" charConfidence="26">d</charParams>
<charParams l="202" t="583" r="211" b="611" charConfidence="27">i</charParams>
<charParams l="215" t="590" r="225" b="611" suspicious="1" charConfidence="24">e</charParams>
<charParams l="226" t="589" r="251" b="612"> </charParams>
<charParams l="252" t="589" r="264" b="612" charConfidence="65">r</charParams>
<charParams l="268" t="589" r="279" b="611" charConfidence="25">e</charParams>
<charParams l="284" t="581" r="290" b="610" charConfidence="30">i</charParams>
<charParams l="294" t="588" r="310" b="610" charConfidence="38">n</charParams>
<charParams l="316" t="580" r="334" b="620" charConfidence="22">s</charParams>
<charParams l="316" t="580" r="334" b="620" charConfidence="22">t</charParams>
<charParams l="338" t="586" r="351" b="611" charConfidence="43">e</charParams>
<charParams l="352" t="578" r="367" b="618"> </charParams>
<charParams l="368" t="578" r="392" b="618" charConfidence="46">F</charParams>
<charParams l="395" t="588" r="408" b="611" charConfidence="31">o</charParams>
<charParams l="413" t="581" r="420" b="610" charConfidence="36">l</charParams>
<charParams l="422" t="589" r="439" b="619" charConfidence="55">g</charParams>
<charParams l="443" t="588" r="456" b="611" charConfidence="54">e</charParams>
<charParams l="457" t="602" r="465" b="617" charConfidence="69">,</charParams>
<charParams l="466" t="580" r="495" b="617"> </charParams>
<charParams l="496" t="580" r="511" b="610" charConfidence="46">d</charParams>
<charParams l="516" t="587" r="527" b="611" charConfidence="26">e</charParams>
<charParams l="530" t="587" r="558" b="611" suspicious="1" charConfidence="55">m</charParams>
<charParams l="559" t="577" r="583" b="612"> </charParams>
<charParams l="584" t="578" r="601" b="612" charConfidence="38">L</charParams>
<charParams l="604" t="589" r="616" b="611" charConfidence="100">e</charParams>
<charParams l="620" t="578" r="635" b="611" charConfidence="40">b</charParams>
<charParams l="640" t="587" r="650" b="611" charConfidence="29">e</charParams>
<charParams l="655" t="587" r="672" b="611" charConfidence="25">n</charParams>
<charParams l="673" t="585" r="697" b="611"> </charParams>
<charParams l="698" t="585" r="708" b="611" charConfidence="27">t</charParams>
<charParams l="711" t="577" r="728" b="620" charConfidence="51">h</charParams>
<charParams l="732" t="587" r="749" b="612" charConfidence="38">u</charParams>
<charParams l="754" t="585" r="764" b="612" charConfidence="100">t</charParams>
<charParams l="765" t="585" r="788" b="612"> </charParams>
<charParams l="789" t="589" r="801" b="612" charConfidence="53">e</charParams>
<charParams l="804" t="581" r="813" b="613" charConfidence="44">i</charParams>
<charParams l="817" t="587" r="833" b="612" charConfidence="53">n</charParams>
<charParams l="837" t="589" r="850" b="612" charConfidence="58">e</charParams>
<charParams l="851" t="578" r="863" b="619"> </charParams>
<charParams l="864" t="578" r="893" b="619" suspicious="1" charConfidence="32">Z</charParams>
<charParams l="898" t="589" r="914" b="612" charConfidence="24">n</charParams>
<charParams l="918" t="589" r="930" b="613" charConfidence="39">c</charParams>
<charParams l="932" t="591" r="947" b="613" charConfidence="66">o</charParams>
<charParams l="951" t="591" r="968" b="615" charConfidence="53">u</charParams>
<charParams l="973" t="597" r="982" b="612" charConfidence="22">-</charParams></formatting></line>
<line baseline="679" l="182" t="641" r="982" b="689"><formatting lang="OldGerman">
<charParams l="182" t="644" r="195" b="684" charConfidence="100">s</charParams>
<charParams l="194" t="654" r="207" b="677" charConfidence="24">e</charParams>
<charParams l="209" t="654" r="223" b="686" suspicious="1" charConfidence="22">g</charParams>
<charParams l="228" t="654" r="245" b="677" charConfidence="46">u</charParams>
<charParams l="249" t="653" r="260" b="677" suspicious="1" charConfidence="27">c</charParams>
<charParams l="264" t="653" r="281" b="676" suspicious="1" charConfidence="60">n</charParams>
<charParams l="285" t="653" r="297" b="686" charConfidence="26">z</charParams>
<charParams l="298" t="653" r="321" b="686"> </charParams>
<charParams l="322" t="653" r="337" b="676" charConfidence="35">o</charParams>
<charParams l="342" t="644" r="355" b="684" charConfidence="50">f</charParams>
<charParams l="355" t="650" r="366" b="677" charConfidence="58">t</charParams>
<charParams l="366" t="650" r="389" b="677"> </charParams>
<charParams l="389" t="653" r="407" b="677" charConfidence="100">n</charParams>
<charParams l="411" t="654" r="426" b="677" charConfidence="34">o</charParams>
<charParams l="429" t="650" r="441" b="677" charConfidence="34">t</charParams>
<charParams l="442" t="644" r="460" b="684" charConfidence="100">h</charParams>
<charParams l="472" t="669" r="480" b="683" charConfidence="62">,</charParams>
<charParams l="481" t="646" r="504" b="684"> </charParams>
<charParams l="504" t="646" r="514" b="684" charConfidence="48">j</charParams>
<charParams l="517" t="653" r="533" b="677" charConfidence="33">a</charParams>
<charParams l="534" t="645" r="558" b="685"> </charParams>
<charParams l="558" t="645" r="577" b="685" charConfidence="86">s</charParams>
<charParams l="558" t="645" r="577" b="685" charConfidence="86">i</charParams>
<charParams l="579" t="653" r="592" b="677" charConfidence="29">e</charParams>
<charParams l="593" t="645" r="615" b="677"> </charParams>
<charParams l="615" t="645" r="625" b="676" charConfidence="45">i</charParams>
<charParams l="628" t="645" r="648" b="685" charConfidence="40">s</charParams>
<charParams l="628" t="645" r="648" b="685" charConfidence="40">t</charParams>
<charParams l="648" t="645" r="671" b="685"> </charParams>
<charParams l="671" t="646" r="681" b="677" charConfidence="27">l</charParams>
<charParams l="685" t="644" r="693" b="676" charConfidence="27">i</charParams>
<charParams l="695" t="654" r="707" b="677" charConfidence="27">e</charParams>
<charParams l="710" t="643" r="726" b="677" charConfidence="41">b</charParams>
<charParams l="730" t="653" r="742" b="677" charConfidence="69">e</charParams>
<charParams l="745" t="653" r="762" b="677" charConfidence="30">n</charParams>
<charParams l="766" t="649" r="783" b="677" charConfidence="98">s</charParams>
<charParams l="784" t="652" r="811" b="678" charConfidence="39">w</charParams>
<charParams l="814" t="643" r="832" b="677" charConfidence="34">ü</charParams>
<charParams l="836" t="653" r="849" b="677" charConfidence="37">r</charParams>
<charParams l="851" t="647" r="867" b="677" charConfidence="27">d</charParams>
<charParams l="871" t="645" r="879" b="677" charConfidence="64">i</charParams>
<charParams l="881" t="653" r="898" b="685" charConfidence="24">g</charParams>
<charParams l="898" t="653" r="923" b="685"> </charParams>
<charParams l="923" t="653" r="941" b="677" charConfidence="73">u</charParams>
<charParams l="944" t="652" r="962" b="681" suspicious="1" charConfidence="-1">n</charParams>
<charParams l="964" t="647" r="982" b="677" suspicious="1" charConfidence="29">d</charParams></formatting></line>
<line baseline="743" l="183" t="705" r="981" b="752"><formatting lang="OldGerman">
<charParams l="183" t="718" r="197" b="741" charConfidence="31">e</charParams>
<charParams l="199" t="718" r="211" b="740" charConfidence="100">r</charParams>
<charParams l="215" t="708" r="231" b="749" charConfidence="73">h</charParams>
<charParams l="236" t="718" r="249" b="740" charConfidence="25">e</charParams>
<charParams l="252" t="710" r="259" b="740" charConfidence="71">i</charParams>
<charParams l="263" t="715" r="273" b="741" charConfidence="41">t</charParams>
<charParams l="276" t="717" r="287" b="741" charConfidence="29">e</charParams>
<charParams l="291" t="717" r="304" b="740" charConfidence="52">r</charParams>
<charParams l="307" t="718" r="323" b="741" charConfidence="42">n</charParams>
<charParams l="328" t="711" r="343" b="742" charConfidence="26">d</charParams>
<charParams l="347" t="732" r="355" b="741" suspicious="1" charConfidence="100">.</charParams>
<charParams l="356" t="707" r="418" b="741"> </charParams>
<charParams l="419" t="707" r="452" b="741" charConfidence="30">B</charParams>
<charParams l="456" t="709" r="465" b="740" charConfidence="100">i</charParams>
<charParams l="469" t="709" r="489" b="749" suspicious="1" charConfidence="22">s</charParams>
<charParams l="469" t="709" r="489" b="749" suspicious="1" charConfidence="22">t</charParams>
<charParams l="490" t="709" r="525" b="749"> </charParams>
<charParams l="526" t="711" r="542" b="741" charConfidence="26">d</charParams>
<charParams l="546" t="717" r="563" b="741" charConfidence="29">u</charParams>
<charParams l="564" t="707" r="595" b="742"> </charParams>
<charParams l="596" t="708" r="611" b="741" charConfidence="38">b</charParams>
<charParams l="615" t="716" r="627" b="740" charConfidence="38">e</charParams>
<charParams l="631" t="717" r="646" b="749" charConfidence="27">y</charParams>
<charParams l="647" t="711" r="680" b="749"> </charParams>
<charParams l="681" t="711" r="696" b="740" charConfidence="34">d</charParams>
<charParams l="700" t="718" r="711" b="741" charConfidence="100">e</charParams>
<charParams l="716" t="716" r="743" b="741" suspicious="1" charConfidence="100">m</charParams>
<charParams l="744" t="716" r="775" b="741"> </charParams>
<charParams l="776" t="717" r="789" b="741" charConfidence="26">e</charParams>
<charParams l="793" t="710" r="800" b="740" charConfidence="100">i</charParams>
<charParams l="804" t="717" r="821" b="742" charConfidence="33">n</charParams>
<charParams l="825" t="717" r="837" b="741" charConfidence="38">e</charParams>
<charParams l="840" t="717" r="857" b="741" charConfidence="42">n</charParams>
<charParams l="858" t="708" r="889" b="749"> </charParams>
<charParams l="890" t="708" r="909" b="749" charConfidence="84">s</charParams>
<charParams l="890" t="708" r="909" b="749" charConfidence="84">i</charParams>
<charParams l="910" t="708" r="937" b="747" charConfidence="58">c</charParams>
<charParams l="910" t="708" r="937" b="747" charConfidence="58">h</charParams>
<charParams l="942" t="716" r="953" b="740" charConfidence="30">e</charParams>
<charParams l="958" t="716" r="970" b="739" charConfidence="23">r</charParams>
<charParams l="971" t="731" r="981" b="746" charConfidence="74">,</charParams></formatting></line>
<line baseline="804" l="181" t="769" r="979" b="813"><formatting lang="OldGerman">
<charParams l="181" t="772" r="195" b="810" charConfidence="100">s</charParams>
<charParams l="194" t="782" r="209" b="803" charConfidence="53">o</charParams>
<charParams l="210" t="773" r="233" b="803"> </charParams>
<charParams l="234" t="773" r="248" b="802" charConfidence="30">k</charParams>
<charParams l="249" t="781" r="265" b="802" charConfidence="43">a</charParams>
<charParams l="269" t="778" r="288" b="803" charConfidence="98">n</charParams>
<charParams l="290" t="780" r="306" b="802" charConfidence="83">n</charParams>
<charParams l="311" t="773" r="332" b="810" suspicious="1" charConfidence="22">s</charParams>
<charParams l="311" t="773" r="332" b="810" suspicious="1" charConfidence="22">t</charParams>
<charParams l="333" t="773" r="355" b="811"> </charParams>
<charParams l="356" t="774" r="372" b="802" charConfidence="42">d</charParams>
<charParams l="376" t="780" r="397" b="802" charConfidence="22">u</charParams>
<charParams l="398" t="773" r="418" b="802"> </charParams>
<charParams l="419" t="773" r="427" b="802" charConfidence="38">i</charParams>
<charParams l="430" t="780" r="447" b="802" charConfidence="48">n</charParams>
<charParams l="448" t="774" r="472" b="802"> </charParams>
<charParams l="473" t="774" r="489" b="802" charConfidence="35">d</charParams>
<charParams l="493" t="780" r="506" b="802" charConfidence="46">e</charParams>
<charParams l="508" t="779" r="536" b="802" charConfidence="81">m</charParams>
<charParams l="537" t="779" r="560" b="803"> </charParams>
<charParams l="561" t="781" r="577" b="803" charConfidence="27">a</charParams>
<charParams l="581" t="779" r="598" b="802" charConfidence="43">n</charParams>
<charParams l="602" t="774" r="618" b="802" charConfidence="26">d</charParams>
<charParams l="621" t="780" r="634" b="803" charConfidence="26">e</charParams>
<charParams l="637" t="780" r="650" b="803" charConfidence="38">r</charParams>
<charParams l="653" t="779" r="671" b="803" charConfidence="26">n</charParams>
<charParams l="672" t="774" r="692" b="803"> </charParams>
<charParams l="693" t="774" r="709" b="803" charConfidence="27">d</charParams>
<charParams l="713" t="781" r="726" b="803" charConfidence="25">e</charParams>
<charParams l="728" t="774" r="748" b="812" charConfidence="29">s</charParams>
<charParams l="728" t="774" r="748" b="812" charConfidence="29">t</charParams>
<charParams l="752" t="782" r="766" b="804" charConfidence="38">o</charParams>
<charParams l="767" t="772" r="784" b="810"> </charParams>
<charParams l="785" t="772" r="801" b="810" charConfidence="51">f</charParams>
<charParams l="800" t="781" r="813" b="804" charConfidence="26">r</charParams>
<charParams l="815" t="779" r="827" b="804" charConfidence="25">e</charParams>
<charParams l="830" t="780" r="848" b="811" charConfidence="52">y</charParams>
<charParams l="848" t="781" r="862" b="803" charConfidence="27">e</charParams>
<charParams l="866" t="781" r="879" b="803" charConfidence="53">r</charParams>
<charParams l="880" t="772" r="894" b="809"> </charParams>
<charParams l="895" t="772" r="910" b="809" charConfidence="72">s</charParams>
<charParams l="908" t="781" r="919" b="802" charConfidence="55">e</charParams>
<charParams l="923" t="781" r="938" b="811" charConfidence="59">y</charParams>
<charParams l="942" t="780" r="960" b="802" suspicious="1" charConfidence="34">n</charParams>
<charParams l="969" t="781" r="979" b="809" suspicious="1" charConfidence="100">;</charParams></formatting></line>
<line baseline="866" l="181" t="828" r="982" b="875"><formatting lang="OldGerman">
<charParams l="181" t="842" r="197" b="864" charConfidence="29">a</charParams>
<charParams l="201" t="841" r="218" b="864" charConfidence="32">n</charParams>
<charParams l="223" t="834" r="243" b="871" charConfidence="33">s</charParams>
<charParams l="223" t="834" r="243" b="871" charConfidence="33">t</charParams>
<charParams l="245" t="841" r="261" b="863" charConfidence="54">a</charParams>
<charParams l="265" t="838" r="276" b="864" charConfidence="35">t</charParams>
<charParams l="279" t="838" r="289" b="864" charConfidence="46">t</charParams>
<charParams l="290" t="834" r="310" b="864"> </charParams>
<charParams l="311" t="834" r="328" b="864" charConfidence="26">d</charParams>
<charParams l="332" t="840" r="347" b="864" charConfidence="0">a</charParams>
<charParams l="352" t="832" r="368" b="869" charConfidence="25">ß</charParams>
<charParams l="369" t="832" r="392" b="869"> </charParams>
<charParams l="393" t="832" r="410" b="864" charConfidence="32">b</charParams>
<charParams l="413" t="841" r="426" b="864" charConfidence="54">e</charParams>
<charParams l="428" t="841" r="444" b="873" charConfidence="28">y</charParams>
<charParams l="445" t="841" r="469" b="873"> </charParams>
<charParams l="470" t="841" r="483" b="865" charConfidence="26">e</charParams>
<charParams l="486" t="833" r="493" b="863" charConfidence="100">i</charParams>
<charParams l="497" t="841" r="513" b="864" charConfidence="31">n</charParams>
<charParams l="517" t="841" r="530" b="864" charConfidence="100">e</charParams>
<charParams l="530" t="841" r="546" b="865" charConfidence="26">r</charParams>
<charParams l="547" t="831" r="558" b="865"> </charParams>
<charParams l="559" t="831" r="596" b="864" charConfidence="90">V</charParams>
<charParams l="597" t="842" r="611" b="865" charConfidence="28">e</charParams>
<charParams l="613" t="841" r="627" b="865" charConfidence="100">r</charParams>
<charParams l="628" t="841" r="657" b="865" charConfidence="100">m</charParams>
<charParams l="661" t="834" r="669" b="864" charConfidence="30">i</charParams>
<charParams l="672" t="833" r="686" b="871" charConfidence="43">s</charParams>
<charParams l="683" t="834" r="710" b="871" charConfidence="93">c</charParams>
<charParams l="683" t="834" r="710" b="871" charConfidence="93">h</charParams>
<charParams l="714" t="841" r="731" b="864" charConfidence="68">u</charParams>
<charParams l="735" t="840" r="752" b="864" charConfidence="26">n</charParams>
<charParams l="754" t="842" r="772" b="872" charConfidence="25">g</charParams>
<charParams l="773" t="835" r="796" b="872"> </charParams>
<charParams l="797" t="835" r="815" b="864" charConfidence="26">d</charParams>
<charParams l="814" t="839" r="836" b="864" charConfidence="86">a</charParams>
<charParams l="836" t="837" r="854" b="864" charConfidence="100">s</charParams>
<charParams l="857" t="851" r="863" b="858" suspicious="1" charConfidence="100">-</charParams>
<charParams l="870" t="831" r="905" b="864" suspicious="1" charConfidence="25">S</charParams>
<charParams l="910" t="832" r="918" b="862" charConfidence="28">i</charParams>
<charParams l="920" t="831" r="948" b="869" charConfidence="63">c</charParams>
<charParams l="920" t="831" r="948" b="869" charConfidence="63">h</charParams>
<charParams l="952" t="839" r="965" b="862" charConfidence="34">r</charParams>
<charParams l="967" t="839" r="982" b="863" suspicious="1" charConfidence="26">e</charParams></formatting></line>
<line baseline="926" l="179" t="888" r="980" b="933"><formatting lang="OldGerman">
<charParams l="179" t="894" r="195" b="923" charConfidence="55">d</charParams>
<charParams l="198" t="900" r="217" b="924" charConfidence="34">u</charParams>
<charParams l="219" t="900" r="233" b="922" charConfidence="63">r</charParams>
<charParams l="234" t="892" r="263" b="928" charConfidence="66">c</charParams>
<charParams l="234" t="892" r="263" b="928" suspicious="1" charConfidence="66">h</charParams>
<charParams l="273" t="915" r="289" b="922" suspicious="1" charConfidence="-1">^</charParams>
<charParams l="294" t="894" r="310" b="922" suspicious="1" charConfidence="27">d</charParams>
<charParams l="314" t="900" r="330" b="924" suspicious="1" charConfidence="31">a</charParams>
<charParams l="333" t="895" r="349" b="923" suspicious="1" charConfidence="100">S</charParams>
<charParams l="350" t="891" r="374" b="928"> </charParams>
<charParams l="375" t="891" r="399" b="928" charConfidence="31">F</charParams>
<charParams l="399" t="900" r="414" b="922" charConfidence="66">r</charParams>
<charParams l="416" t="900" r="429" b="923" charConfidence="27">e</charParams>
<charParams l="431" t="900" r="447" b="931" charConfidence="26">y</charParams>
<charParams l="450" t="900" r="465" b="923" charConfidence="27">e</charParams>
<charParams l="466" t="900" r="494" b="924"> </charParams>
<charParams l="495" t="900" r="524" b="924" charConfidence="100">w</charParams>
<charParams l="526" t="901" r="539" b="923" charConfidence="35">e</charParams>
<charParams l="539" t="900" r="557" b="931" charConfidence="26">g</charParams>
<charParams l="559" t="901" r="576" b="931" charConfidence="34">g</charParams>
<charParams l="580" t="901" r="592" b="923" charConfidence="36">e</charParams>
<charParams l="595" t="901" r="608" b="923" charConfidence="43">r</charParams>
<charParams l="611" t="894" r="620" b="923" charConfidence="100">i</charParams>
<charParams l="621" t="892" r="647" b="928" charConfidence="93">s</charParams>
<charParams l="621" t="892" r="647" b="928" charConfidence="93">s</charParams>
<charParams l="643" t="901" r="657" b="923" charConfidence="27">e</charParams>
<charParams l="659" t="901" r="678" b="924" charConfidence="73">n</charParams>
<charParams l="679" t="900" r="709" b="924"> </charParams>
<charParams l="710" t="900" r="728" b="923" charConfidence="35">u</charParams>
<charParams l="731" t="899" r="749" b="924" charConfidence="25">n</charParams>
<charParams l="750" t="894" r="768" b="923" charConfidence="29">d</charParams>
<charParams l="769" t="894" r="797" b="924"> </charParams>
<charParams l="798" t="899" r="815" b="924" charConfidence="26">a</charParams>
<charParams l="818" t="899" r="836" b="922" charConfidence="47">u</charParams>
<charParams l="838" t="891" r="855" b="928" charConfidence="57">f</charParams>
<charParams l="850" t="900" r="868" b="929" charConfidence="39">g</charParams>
<charParams l="871" t="900" r="883" b="922" charConfidence="34">e</charParams>
<charParams l="886" t="891" r="904" b="931" charConfidence="53">h</charParams>
<charParams l="907" t="899" r="922" b="924" charConfidence="28">o</charParams>
<charParams l="926" t="891" r="943" b="923" charConfidence="32">b</charParams>
<charParams l="946" t="900" r="958" b="923" charConfidence="28">e</charParams>
<charParams l="960" t="900" r="979" b="924" suspicious="1" charConfidence="55">n</charParams></formatting></line>
<line baseline="985" l="176" t="952" r="545" b="984"><formatting lang="OldGerman">
<charParams l="176" t="958" r="202" b="983" suspicious="1" charConfidence="31">w</charParams>
<charParams l="206" t="952" r="215" b="982" charConfidence="81">i</charParams>
<charParams l="217" t="959" r="231" b="982" charConfidence="31">r</charParams>
<charParams l="233" t="953" r="249" b="982" charConfidence="27">d</charParams>
<charParams l="251" t="972" r="261" b="982" suspicious="1" charConfidence="59">.</charParams>
<charParams l="262" t="972" r="536" b="983">    </charParams>
<charParams l="537" t="973" r="545" b="978" suspicious="1" charConfidence="54">,</charParams></formatting></line></par>
<par align="Justified" startIndent="376" lineSpacing="1488">
<line baseline="1109" l="188" t="1064" r="974" b="1116"><formatting lang="OldGerman">
<charParams l="188" t="1101" r="197" b="1106" charConfidence="61">.</charParams>
<charParams l="198" t="1064" r="241" b="1106"> </charParams>
<charParams l="242" t="1064" r="269" b="1105" suspicious="1" charConfidence="-1">E</charParams>
<charParams l="272" t="1075" r="287" b="1104" charConfidence="26">d</charParams>
<charParams l="291" t="1081" r="308" b="1104" charConfidence="100">u</charParams>
<charParams l="311" t="1080" r="327" b="1103" charConfidence="26">a</charParams>
<charParams l="331" t="1079" r="344" b="1104" charConfidence="55">r</charParams>
<charParams l="347" t="1073" r="363" b="1103" charConfidence="26">d</charParams>
<charParams l="364" t="1071" r="387" b="1107"> </charParams>
<charParams l="388" t="1071" r="403" b="1107" charConfidence="60">f</charParams>
<charParams l="401" t="1070" r="418" b="1103" charConfidence="25">ü</charParams>
<charParams l="423" t="1071" r="439" b="1111" charConfidence="100">h</charParams>
<charParams l="444" t="1073" r="453" b="1103" charConfidence="58">l</charParams>
<charParams l="454" t="1077" r="465" b="1103" charConfidence="76">t</charParams>
<charParams l="467" t="1080" r="480" b="1104" charConfidence="27">e</charParams>
<charParams l="481" t="1073" r="503" b="1104"> </charParams>
<charParams l="504" t="1073" r="513" b="1104" charConfidence="84">i</charParams>
<charParams l="516" t="1081" r="534" b="1104" charConfidence="70">n</charParams>
<charParams l="535" t="1075" r="558" b="1105"> </charParams>
<charParams l="559" t="1075" r="574" b="1105" charConfidence="49">d</charParams>
<charParams l="579" t="1074" r="587" b="1106" charConfidence="33">i</charParams>
<charParams l="590" t="1082" r="602" b="1105" charConfidence="30">e</charParams>
<charParams l="606" t="1074" r="619" b="1113" charConfidence="38">s</charParams>
<charParams l="617" t="1082" r="629" b="1105" charConfidence="27">e</charParams>
<charParams l="632" t="1082" r="651" b="1106" charConfidence="25">n</charParams>
<charParams l="652" t="1075" r="675" b="1107"> </charParams>
<charParams l="676" t="1075" r="706" b="1107" charConfidence="35">V</charParams>
<charParams l="709" t="1084" r="724" b="1107" charConfidence="88">o</charParams>
<charParams l="728" t="1083" r="740" b="1108" charConfidence="27">r</charParams>
<charParams l="744" t="1076" r="757" b="1114" charConfidence="30">s</charParams>
<charParams l="755" t="1076" r="781" b="1115" charConfidence="62">c</charParams>
<charParams l="755" t="1076" r="781" b="1115" charConfidence="62">h</charParams>
<charParams l="786" t="1076" r="795" b="1107" charConfidence="40">l</charParams>
<charParams l="795" t="1074" r="811" b="1107" charConfidence="22">ä</charParams>
<charParams l="815" t="1083" r="831" b="1116" charConfidence="27">g</charParams>
<charParams l="835" t="1084" r="847" b="1107" charConfidence="30">e</charParams>
<charParams l="850" t="1083" r="868" b="1108" charConfidence="74">n</charParams>
<charParams l="869" t="1083" r="892" b="1109"> </charParams>
<charParams l="893" t="1086" r="906" b="1109" charConfidence="29">e</charParams>
<charParams l="909" t="1079" r="917" b="1108" charConfidence="42">i</charParams>
<charParams l="921" t="1086" r="938" b="1110" charConfidence="44">n</charParams>
<charParams l="941" t="1087" r="953" b="1110" charConfidence="100">e</charParams>
<charParams l="957" t="1087" r="974" b="1111" suspicious="1" charConfidence="53">n</charParams></formatting></line>
<line baseline="1171" l="174" t="1132" r="981" b="1179"><formatting lang="OldGerman">
<charParams l="174" t="1136" r="184" b="1168" charConfidence="45">l</charParams>
<charParams l="186" t="1143" r="198" b="1167" charConfidence="26">e</charParams>
<charParams l="202" t="1136" r="209" b="1167" charConfidence="77">i</charParams>
<charParams l="213" t="1135" r="226" b="1172" charConfidence="30">s</charParams>
<charParams l="224" t="1143" r="236" b="1165" charConfidence="39">e</charParams>
<charParams l="238" t="1143" r="257" b="1166" charConfidence="42">n</charParams>
<charParams l="258" t="1133" r="281" b="1166"> </charParams>
<charParams l="282" t="1133" r="312" b="1165" suspicious="1" charConfidence="26">D</charParams>
<charParams l="316" t="1142" r="331" b="1165" suspicious="1" charConfidence="35">o</charParams>
<charParams l="334" t="1141" r="347" b="1165" charConfidence="45">r</charParams>
<charParams l="349" t="1139" r="375" b="1165" charConfidence="30">w</charParams>
<charParams l="379" t="1141" r="396" b="1165" charConfidence="29">u</charParams>
<charParams l="401" t="1142" r="413" b="1165" charConfidence="26">r</charParams>
<charParams l="417" t="1133" r="431" b="1171" charConfidence="41">f</charParams>
<charParams l="428" t="1157" r="437" b="1166" charConfidence="100">.</charParams>
<charParams l="438" t="1134" r="483" b="1172"> </charParams>
<charParams l="484" t="1134" r="506" b="1172" charConfidence="51">Z</charParams>
<charParams l="509" t="1143" r="535" b="1168" charConfidence="28">w</charParams>
<charParams l="539" t="1145" r="554" b="1168" charConfidence="28">a</charParams>
<charParams l="559" t="1146" r="573" b="1169" charConfidence="40">r</charParams>
<charParams l="574" t="1145" r="603" b="1170"> </charParams>
<charParams l="604" t="1146" r="621" b="1169" charConfidence="72">v</charParams>
<charParams l="626" t="1146" r="640" b="1169" charConfidence="50">o</charParams>
<charParams l="644" t="1147" r="661" b="1170" charConfidence="35">n</charParams>
<charParams l="662" t="1136" r="686" b="1171"> </charParams>
<charParams l="687" t="1136" r="722" b="1171" charConfidence="40">N</charParams>
<charParams l="725" t="1147" r="741" b="1171" charConfidence="55">a</charParams>
<charParams l="746" t="1144" r="755" b="1170" charConfidence="33">t</charParams>
<charParams l="758" t="1147" r="775" b="1171" charConfidence="33">u</charParams>
<charParams l="779" t="1147" r="792" b="1171" charConfidence="54">r</charParams>
<charParams l="793" t="1146" r="816" b="1172"> </charParams>
<charParams l="817" t="1147" r="834" b="1171" charConfidence="35">n</charParams>
<charParams l="838" t="1140" r="846" b="1171" charConfidence="41">i</charParams>
<charParams l="849" t="1140" r="876" b="1179" charConfidence="55">c</charParams>
<charParams l="849" t="1140" r="876" b="1179" charConfidence="55">h</charParams>
<charParams l="879" t="1144" r="891" b="1172" charConfidence="79">t</charParams>
<charParams l="892" t="1144" r="921" b="1173"> </charParams>
<charParams l="922" t="1149" r="941" b="1173" suspicious="1" charConfidence="25">u</charParams>
<charParams l="944" t="1149" r="961" b="1172" charConfidence="49">n</charParams>
<charParams l="966" t="1153" r="981" b="1169" suspicious="1" charConfidence="-1">»</charParams></formatting></line>
<line baseline="1235" l="174" t="1194" r="974" b="1245"><formatting lang="OldGerman">
<charParams l="174" t="1207" r="189" b="1230" charConfidence="66">o</charParams>
<charParams l="192" t="1206" r="205" b="1229" charConfidence="38">r</charParams>
<charParams l="209" t="1200" r="224" b="1228" charConfidence="26">d</charParams>
<charParams l="228" t="1205" r="239" b="1228" charConfidence="31">e</charParams>
<charParams l="243" t="1205" r="260" b="1228" charConfidence="35">n</charParams>
<charParams l="263" t="1201" r="275" b="1227" charConfidence="78">t</charParams>
<charParams l="278" t="1198" r="285" b="1227" charConfidence="43">l</charParams>
<charParams l="289" t="1196" r="296" b="1226" charConfidence="79">i</charParams>
<charParams l="300" t="1195" r="327" b="1232" charConfidence="63">c</charParams>
<charParams l="300" t="1195" r="327" b="1232" charConfidence="63">h</charParams>
<charParams l="337" t="1216" r="346" b="1233" charConfidence="100">,</charParams>
<charParams l="347" t="1195" r="379" b="1233"> </charParams>
<charParams l="380" t="1195" r="393" b="1225" charConfidence="59">k</charParams>
<charParams l="396" t="1204" r="411" b="1226" charConfidence="49">o</charParams>
<charParams l="414" t="1205" r="431" b="1227" charConfidence="31">n</charParams>
<charParams l="436" t="1205" r="452" b="1228" charConfidence="45">n</charParams>
<charParams l="456" t="1202" r="467" b="1228" charConfidence="27">t</charParams>
<charParams l="470" t="1206" r="483" b="1229" charConfidence="55">e</charParams>
<charParams l="484" t="1206" r="506" b="1230"> </charParams>
<charParams l="507" t="1207" r="519" b="1230" charConfidence="27">e</charParams>
<charParams l="522" t="1208" r="536" b="1231" charConfidence="25">r</charParams>
<charParams l="537" t="1203" r="559" b="1231"> </charParams>
<charParams l="560" t="1203" r="575" b="1231" charConfidence="26">d</charParams>
<charParams l="580" t="1209" r="594" b="1232" charConfidence="51">o</charParams>
<charParams l="598" t="1202" r="626" b="1240" charConfidence="55">c</charParams>
<charParams l="598" t="1202" r="626" b="1240" charConfidence="55">h</charParams>
<charParams l="627" t="1202" r="650" b="1240"> </charParams>
<charParams l="651" t="1211" r="668" b="1233" charConfidence="25">n</charParams>
<charParams l="672" t="1203" r="680" b="1234" charConfidence="54">i</charParams>
<charParams l="684" t="1211" r="696" b="1234" charConfidence="25">e</charParams>
<charParams l="699" t="1211" r="726" b="1234" charConfidence="52">m</charParams>
<charParams l="731" t="1212" r="746" b="1235" charConfidence="25">a</charParams>
<charParams l="751" t="1204" r="759" b="1235" charConfidence="35">l</charParams>
<charParams l="762" t="1207" r="777" b="1236" charConfidence="100">s</charParams>
<charParams l="778" t="1205" r="802" b="1236"> </charParams>
<charParams l="803" t="1205" r="818" b="1236" charConfidence="66">d</charParams>
<charParams l="822" t="1212" r="837" b="1235" charConfidence="24">a</charParams>
<charParams l="841" t="1211" r="853" b="1245" charConfidence="26">z</charParams>
<charParams l="857" t="1212" r="874" b="1236" charConfidence="41">u</charParams>
<charParams l="875" t="1204" r="898" b="1236"> </charParams>
<charParams l="899" t="1204" r="913" b="1236" suspicious="1" charConfidence="36">k</charParams>
<charParams l="915" t="1213" r="928" b="1236" suspicious="1" charConfidence="47">ö</charParams>
<charParams l="933" t="1211" r="950" b="1235" charConfidence="95">n</charParams>
<charParams l="952" t="1212" r="974" b="1236" suspicious="1" charConfidence="66">n</charParams></formatting></line>
<line baseline="1297" l="173" t="1256" r="971" b="1308"><formatting lang="OldGerman">
<charParams l="173" t="1269" r="200" b="1292" suspicious="1" charConfidence="53">m</charParams>
<charParams l="205" t="1269" r="216" b="1291" charConfidence="26">e</charParams>
<charParams l="220" t="1269" r="237" b="1291" charConfidence="81">n</charParams>
<charParams l="248" t="1284" r="257" b="1299" charConfidence="72">,</charParams>
<charParams l="258" t="1259" r="281" b="1299"> </charParams>
<charParams l="282" t="1259" r="295" b="1296" charConfidence="100">s</charParams>
<charParams l="294" t="1267" r="306" b="1290" charConfidence="26">e</charParams>
<charParams l="310" t="1259" r="317" b="1289" charConfidence="80">i</charParams>
<charParams l="321" t="1266" r="337" b="1289" charConfidence="56">n</charParams>
<charParams l="342" t="1266" r="355" b="1289" charConfidence="34">e</charParams>
<charParams l="356" t="1257" r="378" b="1296"> </charParams>
<charParams l="379" t="1257" r="412" b="1296" charConfidence="72">P</charParams>
<charParams l="416" t="1267" r="430" b="1288" charConfidence="24">a</charParams>
<charParams l="435" t="1267" r="451" b="1295" charConfidence="100">p</charParams>
<charParams l="456" t="1261" r="462" b="1289" charConfidence="-1">i</charParams>
<charParams l="467" t="1269" r="478" b="1289" charConfidence="100">e</charParams>
<charParams l="482" t="1268" r="495" b="1289" charConfidence="72">r</charParams>
<charParams l="498" t="1269" r="511" b="1291" charConfidence="26">e</charParams>
<charParams l="512" t="1269" r="533" b="1292"> </charParams>
<charParams l="534" t="1270" r="552" b="1292" charConfidence="28">n</charParams>
<charParams l="557" t="1271" r="571" b="1292" charConfidence="37">a</charParams>
<charParams l="576" t="1263" r="603" b="1300" charConfidence="55">c</charParams>
<charParams l="576" t="1263" r="603" b="1300" charConfidence="55">h</charParams>
<charParams l="604" t="1263" r="628" b="1300"> </charParams>
<charParams l="629" t="1263" r="653" b="1300" charConfidence="34">F</charParams>
<charParams l="654" t="1263" r="668" b="1294" charConfidence="52">ä</charParams>
<charParams l="674" t="1265" r="699" b="1302" charConfidence="65">c</charParams>
<charParams l="674" t="1265" r="699" b="1302" charConfidence="65">h</charParams>
<charParams l="704" t="1274" r="715" b="1295" charConfidence="100">e</charParams>
<charParams l="720" t="1274" r="732" b="1297" charConfidence="23">r</charParams>
<charParams l="735" t="1275" r="753" b="1297" charConfidence="25">n</charParams>
<charParams l="754" t="1275" r="778" b="1297"> </charParams>
<charParams l="779" t="1275" r="794" b="1297" charConfidence="25">a</charParams>
<charParams l="800" t="1267" r="815" b="1298" charConfidence="48">b</charParams>
<charParams l="817" t="1275" r="829" b="1308" charConfidence="96">z</charParams>
<charParams l="834" t="1276" r="850" b="1298" charConfidence="43">u</charParams>
<charParams l="855" t="1272" r="864" b="1298" charConfidence="45">t</charParams>
<charParams l="868" t="1266" r="884" b="1307" charConfidence="78">h</charParams>
<charParams l="890" t="1277" r="900" b="1299" charConfidence="25">e</charParams>
<charParams l="905" t="1276" r="912" b="1298" charConfidence="22">i</charParams>
<charParams l="916" t="1269" r="924" b="1299" charConfidence="48">l</charParams>
<charParams l="927" t="1276" r="939" b="1299" charConfidence="24">e</charParams>
<charParams l="942" t="1275" r="959" b="1299" charConfidence="39">n</charParams>
<charParams l="963" t="1291" r="971" b="1298" charConfidence="100">.</charParams></formatting></line>
<line baseline="1358" l="169" t="1322" r="970" b="1368"><formatting lang="OldGerman">
<charParams l="169" t="1323" r="205" b="1355" charConfidence="29">D</charParams>
<charParams l="209" t="1332" r="224" b="1352" charConfidence="24">a</charParams>
<charParams l="229" t="1327" r="244" b="1355" charConfidence="100">s</charParams>
<charParams l="245" t="1327" r="264" b="1355"> </charParams>
<charParams l="265" t="1330" r="291" b="1354" charConfidence="25">w</charParams>
<charParams l="295" t="1331" r="309" b="1352" charConfidence="24">a</charParams>
<charParams l="314" t="1325" r="329" b="1353" suspicious="1" charConfidence="22">ö</charParams>
<charParams l="330" t="1325" r="355" b="1354"> </charParams>
<charParams l="356" t="1328" r="368" b="1352" charConfidence="26">e</charParams>
<charParams l="371" t="1328" r="384" b="1351" charConfidence="33">r</charParams>
<charParams l="385" t="1327" r="402" b="1351"> </charParams>
<charParams l="403" t="1327" r="430" b="1350" charConfidence="54">m</charParams>
<charParams l="435" t="1323" r="442" b="1351" charConfidence="-1">i</charParams>
<charParams l="447" t="1327" r="457" b="1351" charConfidence="26">t</charParams>
<charParams l="458" t="1327" r="480" b="1351"> </charParams>
<charParams l="481" t="1329" r="496" b="1351" charConfidence="100">a</charParams>
<charParams l="501" t="1329" r="517" b="1351" charConfidence="26">n</charParams>
<charParams l="522" t="1324" r="537" b="1352" charConfidence="28">d</charParams>
<charParams l="541" t="1331" r="554" b="1353" charConfidence="29">e</charParams>
<charParams l="557" t="1331" r="569" b="1353" charConfidence="23">r</charParams>
<charParams l="572" t="1330" r="589" b="1354" charConfidence="34">n</charParams>
<charParams l="590" t="1331" r="607" b="1354"> </charParams>
<charParams l="608" t="1333" r="624" b="1354" charConfidence="51">a</charParams>
<charParams l="629" t="1324" r="644" b="1355" charConfidence="31">b</charParams>
<charParams l="647" t="1333" r="659" b="1365" charConfidence="27">z</charParams>
<charParams l="664" t="1334" r="680" b="1357" charConfidence="31">u</charParams>
<charParams l="685" t="1332" r="694" b="1356" charConfidence="31">t</charParams>
<charParams l="697" t="1325" r="714" b="1365" charConfidence="68">h</charParams>
<charParams l="719" t="1335" r="735" b="1358" charConfidence="28">u</charParams>
<charParams l="740" t="1335" r="757" b="1358" charConfidence="32">n</charParams>
<charParams l="758" t="1327" r="781" b="1367"> </charParams>
<charParams l="782" t="1327" r="799" b="1367" suspicious="1" charConfidence="63">h</charParams>
<charParams l="803" t="1337" r="818" b="1361" charConfidence="100">a</charParams>
<charParams l="823" t="1335" r="832" b="1360" charConfidence="41">t</charParams>
<charParams l="836" t="1335" r="846" b="1361" charConfidence="83">t</charParams>
<charParams l="849" t="1338" r="862" b="1361" charConfidence="24">e</charParams>
<charParams l="871" t="1353" r="880" b="1367" charConfidence="78">,</charParams>
<charParams l="881" t="1337" r="904" b="1367"> </charParams>
<charParams l="905" t="1337" r="931" b="1361" charConfidence="23">w</charParams>
<charParams l="935" t="1338" r="950" b="1360" charConfidence="100">a</charParams>
<charParams l="954" t="1333" r="970" b="1360" charConfidence="100">s</charParams></formatting></line>
<line baseline="1419" l="170" t="1381" r="970" b="1429"><formatting lang="OldGerman">
<charParams l="170" t="1385" r="186" b="1417" charConfidence="27">b</charParams>
<charParams l="191" t="1388" r="197" b="1416" suspicious="1" charConfidence="100">l</charParams>
<charParams l="202" t="1395" r="216" b="1416" suspicious="1" charConfidence="45">o</charParams>
<charParams l="220" t="1392" r="236" b="1415" suspicious="1" charConfidence="26">o</charParams>
<charParams l="237" t="1392" r="259" b="1416"> </charParams>
<charParams l="260" t="1394" r="278" b="1416" charConfidence="100">v</charParams>
<charParams l="282" t="1394" r="296" b="1416" charConfidence="43">o</charParams>
<charParams l="300" t="1393" r="317" b="1415" charConfidence="29">n</charParams>
<charParams l="318" t="1384" r="341" b="1416"> </charParams>
<charParams l="342" t="1385" r="351" b="1415" charConfidence="24">i</charParams>
<charParams l="355" t="1382" r="371" b="1424" charConfidence="74">h</charParams>
<charParams l="376" t="1391" r="403" b="1414" suspicious="1" charConfidence="41">m</charParams>
<charParams l="404" t="1382" r="428" b="1419"> </charParams>
<charParams l="429" t="1382" r="441" b="1419" charConfidence="22">s</charParams>
<charParams l="438" t="1391" r="453" b="1413" charConfidence="86">e</charParams>
<charParams l="456" t="1384" r="463" b="1415" charConfidence="27">l</charParams>
<charParams l="465" t="1383" r="482" b="1413" charConfidence="24">b</charParams>
<charParams l="487" t="1383" r="507" b="1421" charConfidence="33">s</charParams>
<charParams l="487" t="1383" r="507" b="1421" charConfidence="33">t</charParams>
<charParams l="508" t="1383" r="531" b="1421"> </charParams>
<charParams l="532" t="1392" r="547" b="1413" suspicious="1" charConfidence="26">a</charParams>
<charParams l="547" t="1383" r="568" b="1414" suspicious="1" charConfidence="22">b</charParams>
<charParams l="571" t="1383" r="589" b="1422" charConfidence="50">h</charParams>
<charParams l="593" t="1385" r="600" b="1414" charConfidence="39">i</charParams>
<charParams l="604" t="1392" r="621" b="1415" suspicious="1" charConfidence="25">u</charParams>
<charParams l="624" t="1393" r="640" b="1422" charConfidence="84">g</charParams>
<charParams l="649" t="1408" r="658" b="1421" charConfidence="71">,</charParams>
<charParams l="659" t="1394" r="684" b="1421"> </charParams>
<charParams l="685" t="1394" r="697" b="1417" suspicious="1" charConfidence="26">e</charParams>
<charParams l="698" t="1390" r="715" b="1416" suspicious="1" charConfidence="25">S</charParams>
<charParams l="717" t="1401" r="721" b="1412" suspicious="1" charConfidence="-1">&gt;</charParams>
<charParams l="722" t="1395" r="739" b="1418"> </charParams>
<charParams l="740" t="1395" r="767" b="1418" charConfidence="24">w</charParams>
<charParams l="771" t="1396" r="786" b="1419" charConfidence="26">a</charParams>
<charParams l="790" t="1398" r="804" b="1419" charConfidence="24">r</charParams>
<charParams l="805" t="1398" r="827" b="1421"> </charParams>
<charParams l="828" t="1399" r="845" b="1421" charConfidence="49">n</charParams>
<charParams l="850" t="1392" r="857" b="1422" charConfidence="42">i</charParams>
<charParams l="861" t="1393" r="888" b="1428" charConfidence="57">c</charParams>
<charParams l="861" t="1393" r="888" b="1428" charConfidence="57">h</charParams>
<charParams l="892" t="1395" r="902" b="1422" charConfidence="35">t</charParams>
<charParams l="903" t="1395" r="925" b="1429"> </charParams>
<charParams l="926" t="1399" r="942" b="1429" charConfidence="24">g</charParams>
<charParams l="946" t="1399" r="958" b="1421" charConfidence="25">e</charParams>
<charParams l="961" t="1403" r="970" b="1417" charConfidence="100">¬</charParams></formatting></line>
<line baseline="1483" l="168" t="1442" r="958" b="1490"><formatting lang="OldGerman">
<charParams l="168" t="1445" r="182" b="1482" charConfidence="37">s</charParams>
<charParams l="180" t="1447" r="207" b="1483" charConfidence="58">c</charParams>
<charParams l="180" t="1447" r="207" b="1483" charConfidence="58">h</charParams>
<charParams l="211" t="1448" r="218" b="1478" charConfidence="25">i</charParams>
<charParams l="223" t="1455" r="234" b="1477" charConfidence="32">e</charParams>
<charParams l="238" t="1450" r="253" b="1479" charConfidence="25">d</charParams>
<charParams l="258" t="1456" r="270" b="1479" charConfidence="27">e</charParams>
<charParams l="273" t="1455" r="291" b="1479" charConfidence="24">n</charParams>
<charParams l="300" t="1457" r="310" b="1487" charConfidence="57">;</charParams>
<charParams l="311" t="1445" r="349" b="1488"> </charParams>
<charParams l="350" t="1446" r="363" b="1486" charConfidence="80">s</charParams>
<charParams l="362" t="1454" r="377" b="1479" charConfidence="34">o</charParams>
<charParams l="378" t="1452" r="406" b="1479"> </charParams>
<charParams l="407" t="1452" r="435" b="1478" charConfidence="25">w</charParams>
<charParams l="438" t="1446" r="446" b="1477" charConfidence="26">i</charParams>
<charParams l="450" t="1453" r="463" b="1477" charConfidence="31">e</charParams>
<charParams l="464" t="1453" r="493" b="1477"> </charParams>
<charParams l="494" t="1453" r="507" b="1477" charConfidence="36">e</charParams>
<charParams l="510" t="1453" r="527" b="1478" charConfidence="23">r</charParams>
<charParams l="528" t="1453" r="543" b="1478"> </charParams>
<charParams l="544" t="1453" r="563" b="1477" charConfidence="24">a</charParams>
<charParams l="568" t="1452" r="584" b="1480" charConfidence="100">u</charParams>
<charParams l="588" t="1445" r="616" b="1486" charConfidence="55">c</charParams>
<charParams l="588" t="1445" r="616" b="1486" charConfidence="55">h</charParams>
<charParams l="617" t="1444" r="639" b="1486" suspicious="1"> </charParams>
<charParams l="640" t="1444" r="674" b="1478" charConfidence="26">G</charParams>
<charParams l="677" t="1455" r="690" b="1478" charConfidence="34">e</charParams>
<charParams l="694" t="1446" r="706" b="1486" charConfidence="27">s</charParams>
<charParams l="704" t="1448" r="731" b="1485" charConfidence="100">c</charParams>
<charParams l="704" t="1448" r="731" b="1485" charConfidence="100">h</charParams>
<charParams l="734" t="1447" r="749" b="1480" charConfidence="52">ä</charParams>
<charParams l="755" t="1448" r="768" b="1486" charConfidence="37">f</charParams>
<charParams l="767" t="1455" r="777" b="1481" charConfidence="100">t</charParams>
<charParams l="780" t="1458" r="793" b="1482" charConfidence="26">e</charParams>
<charParams l="794" t="1458" r="824" b="1484"> </charParams>
<charParams l="825" t="1460" r="842" b="1484" charConfidence="100">u</charParams>
<charParams l="846" t="1461" r="863" b="1485" charConfidence="30">n</charParams>
<charParams l="867" t="1454" r="883" b="1481" charConfidence="27">d</charParams>
<charParams l="884" t="1450" r="908" b="1482"> </charParams>
<charParams l="909" t="1450" r="941" b="1482" suspicious="1" charConfidence="25">D</charParams>
<charParams l="946" t="1460" r="958" b="1483" suspicious="1" charConfidence="25">e</charParams></formatting></line></par>
</text>
</block>
</page>
</document>