﻿<?xml version="1.0" encoding="UTF-8" standalone="yes"?>
<document xmlns="http://www.abbyy.com/FineReader_xml/FineReader10-schema-v1.xml" version="1.0" producer="ABBYY FineReader Engine 11" languages="" xmlns:xsi="http://www.w3.org/2001/XMLSchema-instance" xsi:schemaLocation="http://www.abbyy.com/FineReader_xml/FineReader10-schema-v1.xml http://www.abbyy.com/FineReader_xml/FineReader10-schema-v1.xml">
<page width="1156" height="1782" resolution="300" originalCoords="1">
<block blockType="Text" blockName="">
<text>
<par startIndent="144">
<line baseline="90" l="562" t="59" r="604" b="93"><formatting lang="OldGerman">
<charParams l="562" t="59" r="581" b="87" suspicious="1" charConfidence="33">6</charParams>
<charParams l="585" t="64" r="604" b="93" suspicious="1" charConfidence="45">7</charParams></formatting></line></par>
</text>
</block>
<block blockType="Text" blockName="">
<text>
<par align="Justified" startIndent="283" lineSpacing="1440">
<line baseline="178" l="185" t="144" r="984" b="190"><formatting lang="OldGerman">
<charParams l="185" t="146" r="200" b="184" suspicious="1" charConfidence="100">s</charParams>
<charParams l="198" t="147" r="225" b="182" charConfidence="64">c</charParams>
<charParams l="198" t="147" r="225" b="182" suspicious="1" charConfidence="64">h</charParams>
<charParams l="228" t="145" r="243" b="176" charConfidence="52">ä</charParams>
<charParams l="247" t="144" r="261" b="181" charConfidence="38">f</charParams>
<charParams l="261" t="149" r="271" b="176" charConfidence="30">t</charParams>
<charParams l="274" t="145" r="282" b="176" suspicious="1" charConfidence="42">i</charParams>
<charParams l="283" t="153" r="300" b="184" charConfidence="61">g</charParams>
<charParams l="304" t="154" r="321" b="178" charConfidence="51">u</charParams>
<charParams l="324" t="154" r="340" b="178" charConfidence="31">n</charParams>
<charParams l="343" t="154" r="361" b="186" charConfidence="55">g</charParams>
<charParams l="371" t="169" r="381" b="185" charConfidence="100">,</charParams>
<charParams l="399" t="149" r="404" b="161" suspicious="1" charConfidence="74">&apos;</charParams>
<charParams l="405" t="144" r="425" b="177"> </charParams>
<charParams l="426" t="144" r="452" b="177" suspicious="1" charConfidence="29">U</charParams>
<charParams l="455" t="147" r="465" b="176" suspicious="1" charConfidence="24">i</charParams>
<charParams l="465" t="148" r="473" b="176" suspicious="1" charConfidence="24">l</charParams>
<charParams l="476" t="149" r="487" b="177" charConfidence="28">t</charParams>
<charParams l="490" t="152" r="501" b="175" charConfidence="55">e</charParams>
<charParams l="505" t="152" r="516" b="174" charConfidence="28">r</charParams>
<charParams l="521" t="144" r="537" b="182" charConfidence="100">h</charParams>
<charParams l="541" t="152" r="556" b="174" charConfidence="100">a</charParams>
<charParams l="560" t="144" r="570" b="174" charConfidence="43">l</charParams>
<charParams l="572" t="149" r="582" b="175" charConfidence="54">t</charParams>
<charParams l="585" t="152" r="601" b="175" charConfidence="67">u</charParams>
<charParams l="605" t="152" r="623" b="175" charConfidence="100">n</charParams>
<charParams l="626" t="152" r="642" b="182" charConfidence="100">g</charParams>
<charParams l="643" t="152" r="688" b="182"> </charParams>
<charParams l="689" t="156" r="707" b="179" charConfidence="30">u</charParams>
<charParams l="711" t="157" r="728" b="179" charConfidence="31">n</charParams>
<charParams l="732" t="151" r="748" b="180" charConfidence="29">d</charParams>
<charParams l="749" t="149" r="794" b="187"> </charParams>
<charParams l="795" t="149" r="816" b="187" charConfidence="100">Z</charParams>
<charParams l="820" t="158" r="831" b="181" charConfidence="25">e</charParams>
<charParams l="836" t="159" r="848" b="181" charConfidence="48">r</charParams>
<charParams l="852" t="151" r="870" b="190" charConfidence="17">s</charParams>
<charParams l="852" t="151" r="870" b="190" charConfidence="17">t</charParams>
<charParams l="874" t="158" r="888" b="182" charConfidence="17">r</charParams>
<charParams l="890" t="159" r="902" b="183" charConfidence="28">e</charParams>
<charParams l="906" t="159" r="922" b="182" charConfidence="51">u</charParams>
<charParams l="926" t="159" r="943" b="182" charConfidence="28">u</charParams>
<charParams l="947" t="158" r="963" b="181" charConfidence="49">n</charParams>
<charParams l="967" t="159" r="984" b="190" charConfidence="28">g</charParams></formatting></line>
<line baseline="238" l="184" t="201" r="985" b="250"><formatting lang="OldGerman">
<charParams l="184" t="213" r="203" b="235" charConfidence="54">n</charParams>
<charParams l="207" t="206" r="215" b="235" charConfidence="34">i</charParams>
<charParams l="219" t="206" r="245" b="242" charConfidence="29">c</charParams>
<charParams l="219" t="206" r="245" b="242" charConfidence="29">h</charParams>
<charParams l="248" t="211" r="260" b="236" charConfidence="33">t</charParams>
<charParams l="261" t="211" r="279" b="245"> </charParams>
<charParams l="280" t="215" r="296" b="245" charConfidence="28">g</charParams>
<charParams l="301" t="216" r="313" b="239" charConfidence="28">e</charParams>
<charParams l="316" t="216" r="333" b="240" charConfidence="48">n</charParams>
<charParams l="337" t="217" r="353" b="239" charConfidence="26">u</charParams>
<charParams l="356" t="216" r="372" b="246" charConfidence="27">g</charParams>
<charParams l="375" t="207" r="385" b="246" charConfidence="25">s</charParams>
<charParams l="385" t="201" r="406" b="238" suspicious="1" charConfidence="-1">a</charParams>
<charParams l="407" t="214" r="434" b="237" charConfidence="100">m</charParams>
<charParams l="435" t="214" r="451" b="237"> </charParams>
<charParams l="452" t="216" r="470" b="237" charConfidence="100">v</charParams>
<charParams l="474" t="214" r="489" b="236" charConfidence="51">o</charParams>
<charParams l="492" t="213" r="510" b="236" charConfidence="29">n</charParams>
<charParams l="511" t="213" r="528" b="236"> </charParams>
<charParams l="529" t="214" r="541" b="234" charConfidence="100">e</charParams>
<charParams l="545" t="214" r="552" b="234" charConfidence="25">i</charParams>
<charParams l="556" t="213" r="572" b="235" charConfidence="53">n</charParams>
<charParams l="577" t="213" r="591" b="233" charConfidence="55">a</charParams>
<charParams l="596" t="213" r="613" b="235" charConfidence="64">n</charParams>
<charParams l="617" t="207" r="632" b="235" charConfidence="35">d</charParams>
<charParams l="637" t="213" r="649" b="236" charConfidence="31">e</charParams>
<charParams l="652" t="213" r="666" b="236" charConfidence="27">r</charParams>
<charParams l="667" t="213" r="684" b="238"> </charParams>
<charParams l="685" t="216" r="701" b="238" charConfidence="56">a</charParams>
<charParams l="705" t="209" r="720" b="240" charConfidence="53">b</charParams>
<charParams l="724" t="210" r="738" b="241" charConfidence="69">s</charParams>
<charParams l="736" t="219" r="750" b="240" charConfidence="100">o</charParams>
<charParams l="755" t="220" r="771" b="241" charConfidence="25">n</charParams>
<charParams l="776" t="214" r="791" b="242" charConfidence="38">d</charParams>
<charParams l="795" t="221" r="807" b="242" charConfidence="28">e</charParams>
<charParams l="811" t="220" r="823" b="242" charConfidence="27">r</charParams>
<charParams l="827" t="216" r="837" b="243" charConfidence="31">t</charParams>
<charParams l="840" t="220" r="852" b="241" charConfidence="100">e</charParams>
<charParams l="855" t="235" r="862" b="243" charConfidence="100">.</charParams>
<charParams l="863" t="211" r="903" b="250"> </charParams>
<charParams l="904" t="211" r="933" b="250" suspicious="1" charConfidence="32">Z</charParams>
<charParams l="939" t="221" r="950" b="243" charConfidence="24">e</charParams>
<charParams l="952" t="216" r="971" b="250" suspicious="1" charConfidence="29">h</charParams>
<charParams l="973" t="216" r="985" b="243" charConfidence="44">t</charParams></formatting></line>
<line baseline="300" l="181" t="265" r="983" b="311"><formatting lang="OldGerman">
<charParams l="181" t="271" r="209" b="297" suspicious="1" charConfidence="26">w</charParams>
<charParams l="213" t="275" r="230" b="298" charConfidence="45">u</charParams>
<charParams l="234" t="275" r="246" b="299" charConfidence="62">r</charParams>
<charParams l="250" t="270" r="265" b="299" charConfidence="28">d</charParams>
<charParams l="269" t="277" r="282" b="299" charConfidence="36">e</charParams>
<charParams l="283" t="277" r="315" b="300"> </charParams>
<charParams l="316" t="278" r="330" b="300" charConfidence="29">e</charParams>
<charParams l="333" t="272" r="349" b="300" charConfidence="100">S</charParams>
<charParams l="350" t="269" r="379" b="300"> </charParams>
<charParams l="380" t="269" r="389" b="298" charConfidence="55">i</charParams>
<charParams l="393" t="272" r="409" b="306" charConfidence="27">h</charParams>
<charParams l="412" t="274" r="441" b="298" charConfidence="47">m</charParams>
<charParams l="442" t="268" r="477" b="298"> </charParams>
<charParams l="478" t="268" r="487" b="297" charConfidence="26">l</charParams>
<charParams l="489" t="275" r="502" b="297" charConfidence="30">e</charParams>
<charParams l="505" t="266" r="513" b="295" charConfidence="59">i</charParams>
<charParams l="516" t="265" r="542" b="298" charConfidence="54">c</charParams>
<charParams l="516" t="265" r="542" b="298" charConfidence="54">h</charParams>
<charParams l="547" t="270" r="558" b="295" charConfidence="57">t</charParams>
<charParams l="565" t="287" r="574" b="302" charConfidence="93">,</charParams>
<charParams l="575" t="267" r="616" b="302"> </charParams>
<charParams l="617" t="267" r="633" b="295" charConfidence="28">d</charParams>
<charParams l="637" t="274" r="653" b="296" charConfidence="39">a</charParams>
<charParams l="654" t="274" r="685" b="299"> </charParams>
<charParams l="686" t="276" r="698" b="299" charConfidence="28">e</charParams>
<charParams l="702" t="270" r="709" b="299" charConfidence="44">i</charParams>
<charParams l="713" t="278" r="730" b="300" charConfidence="26">n</charParams>
<charParams l="731" t="271" r="764" b="308"> </charParams>
<charParams l="765" t="271" r="788" b="308" charConfidence="32">F</charParams>
<charParams l="790" t="281" r="803" b="302" charConfidence="25">r</charParams>
<charParams l="806" t="281" r="817" b="303" charConfidence="55">e</charParams>
<charParams l="821" t="281" r="838" b="304" charConfidence="50">u</charParams>
<charParams l="842" t="281" r="859" b="303" charConfidence="26">n</charParams>
<charParams l="864" t="276" r="879" b="304" charConfidence="27">d</charParams>
<charParams l="880" t="276" r="912" b="304"> </charParams>
<charParams l="913" t="276" r="929" b="304" charConfidence="26">d</charParams>
<charParams l="934" t="274" r="941" b="304" charConfidence="100">i</charParams>
<charParams l="945" t="282" r="957" b="305" charConfidence="34">e</charParams>
<charParams l="960" t="273" r="972" b="311" charConfidence="28">s</charParams>
<charParams l="971" t="282" r="983" b="305" charConfidence="100">e</charParams></formatting></line>
<line baseline="360" l="183" t="324" r="985" b="371"><formatting lang="OldGerman">
<charParams l="183" t="325" r="217" b="359" charConfidence="27">B</charParams>
<charParams l="221" t="336" r="233" b="359" charConfidence="31">e</charParams>
<charParams l="236" t="336" r="264" b="359" charConfidence="75">m</charParams>
<charParams l="268" t="328" r="284" b="359" charConfidence="14">ü</charParams>
<charParams l="290" t="328" r="306" b="367" charConfidence="38">h</charParams>
<charParams l="310" t="337" r="327" b="359" charConfidence="27">u</charParams>
<charParams l="330" t="336" r="347" b="359" charConfidence="62">n</charParams>
<charParams l="350" t="337" r="367" b="366" charConfidence="31">g</charParams>
<charParams l="368" t="326" r="399" b="366"> </charParams>
<charParams l="400" t="326" r="417" b="357" charConfidence="26">ü</charParams>
<charParams l="423" t="328" r="438" b="357" charConfidence="24">b</charParams>
<charParams l="441" t="334" r="454" b="357" charConfidence="26">e</charParams>
<charParams l="457" t="334" r="470" b="356" charConfidence="24">r</charParams>
<charParams l="473" t="334" r="489" b="355" charConfidence="33">n</charParams>
<charParams l="493" t="333" r="508" b="355" charConfidence="27">a</charParams>
<charParams l="513" t="324" r="529" b="363" charConfidence="98">h</charParams>
<charParams l="534" t="332" r="561" b="356" charConfidence="69">m</charParams>
<charParams l="571" t="347" r="580" b="362" charConfidence="85">,</charParams>
<charParams l="581" t="334" r="618" b="362"> </charParams>
<charParams l="619" t="334" r="632" b="356" charConfidence="33">e</charParams>
<charParams l="635" t="326" r="643" b="356" charConfidence="52">i</charParams>
<charParams l="646" t="333" r="664" b="356" charConfidence="29">n</charParams>
<charParams l="665" t="333" r="694" b="368"> </charParams>
<charParams l="695" t="335" r="707" b="368" charConfidence="29">z</charParams>
<charParams l="710" t="335" r="736" b="360" charConfidence="35">w</charParams>
<charParams l="740" t="339" r="753" b="360" charConfidence="29">e</charParams>
<charParams l="755" t="338" r="771" b="370" charConfidence="25">y</charParams>
<charParams l="775" t="336" r="785" b="362" charConfidence="40">t</charParams>
<charParams l="788" t="340" r="800" b="362" charConfidence="26">e</charParams>
<charParams l="803" t="336" r="819" b="363" charConfidence="-1">s</charParams>
<charParams l="820" t="332" r="841" b="370"> </charParams>
<charParams l="842" t="332" r="872" b="370" suspicious="1" charConfidence="27">I</charParams>
<charParams l="875" t="335" r="902" b="371" charConfidence="55">c</charParams>
<charParams l="875" t="335" r="902" b="371" suspicious="1" charConfidence="55">h</charParams>
<charParams l="903" t="335" r="939" b="371"> </charParams>
<charParams l="940" t="337" r="955" b="365" charConfidence="27">d</charParams>
<charParams l="960" t="336" r="967" b="365" charConfidence="69">i</charParams>
<charParams l="971" t="343" r="985" b="365" charConfidence="40">e</charParams></formatting></line>
<line baseline="419" l="181" t="386" r="982" b="433"><formatting lang="OldGerman">
<charParams l="181" t="386" r="217" b="420" charConfidence="39">S</charParams>
<charParams l="221" t="397" r="236" b="418" charConfidence="34">o</charParams>
<charParams l="240" t="397" r="260" b="418" charConfidence="23">n</charParams>
<charParams l="261" t="390" r="277" b="417" charConfidence="40">d</charParams>
<charParams l="281" t="397" r="293" b="418" charConfidence="48">e</charParams>
<charParams l="296" t="397" r="309" b="418" charConfidence="24">r</charParams>
<charParams l="312" t="397" r="320" b="417" charConfidence="33">l</charParams>
<charParams l="322" t="396" r="329" b="418" charConfidence="100">i</charParams>
<charParams l="333" t="396" r="350" b="417" charConfidence="35">n</charParams>
<charParams l="351" t="396" r="370" b="424" charConfidence="26">g</charParams>
<charParams l="371" t="386" r="400" b="424"> </charParams>
<charParams l="401" t="386" r="417" b="416" charConfidence="59">b</charParams>
<charParams l="421" t="395" r="433" b="416" charConfidence="35">e</charParams>
<charParams l="436" t="393" r="461" b="416" charConfidence="29">w</charParams>
<charParams l="465" t="387" r="473" b="416" charConfidence="34">i</charParams>
<charParams l="477" t="394" r="490" b="416" charConfidence="28">r</charParams>
<charParams l="493" t="386" r="505" b="416" charConfidence="31">k</charParams>
<charParams l="508" t="392" r="517" b="416" charConfidence="25">t</charParams>
<charParams l="521" t="394" r="533" b="416" charConfidence="100">e</charParams>
<charParams l="542" t="409" r="551" b="421" charConfidence="63">,</charParams>
<charParams l="552" t="387" r="588" b="421"> </charParams>
<charParams l="589" t="387" r="597" b="417" charConfidence="46">i</charParams>
<charParams l="601" t="394" r="618" b="416" charConfidence="30">n</charParams>
<charParams l="619" t="388" r="657" b="417"> </charParams>
<charParams l="658" t="388" r="674" b="417" charConfidence="27">d</charParams>
<charParams l="678" t="388" r="685" b="418" charConfidence="100">i</charParams>
<charParams l="689" t="396" r="702" b="417" charConfidence="100">e</charParams>
<charParams l="703" t="392" r="733" b="420"> </charParams>
<charParams l="734" t="392" r="749" b="420" charConfidence="27">d</charParams>
<charParams l="753" t="399" r="769" b="420" charConfidence="100">a</charParams>
<charParams l="774" t="395" r="789" b="421" charConfidence="-1">s</charParams>
<charParams l="790" t="395" r="822" b="423"> </charParams>
<charParams l="823" t="402" r="835" b="423" charConfidence="100">e</charParams>
<charParams l="839" t="394" r="847" b="423" charConfidence="27">i</charParams>
<charParams l="850" t="402" r="867" b="423" charConfidence="45">n</charParams>
<charParams l="871" t="403" r="885" b="425" charConfidence="28">e</charParams>
<charParams l="886" t="394" r="921" b="431"> </charParams>
<charParams l="922" t="394" r="952" b="431" suspicious="1" charConfidence="-1">I</charParams>
<charParams l="956" t="396" r="982" b="433" charConfidence="70">c</charParams>
<charParams l="956" t="396" r="982" b="433" charConfidence="70">h</charParams></formatting></line>
<line baseline="478" l="179" t="444" r="690" b="487"><formatting lang="OldGerman">
<charParams l="179" t="455" r="199" b="478" charConfidence="47">n</charParams>
<charParams l="202" t="448" r="211" b="479" charConfidence="48">i</charParams>
<charParams l="214" t="448" r="240" b="486" charConfidence="62">c</charParams>
<charParams l="214" t="448" r="240" b="486" suspicious="1" charConfidence="62">h</charParams>
<charParams l="244" t="452" r="255" b="479" suspicious="1" charConfidence="59">t</charParams>
<charParams l="256" t="448" r="278" b="479"> </charParams>
<charParams l="279" t="448" r="287" b="478" charConfidence="25">i</charParams>
<charParams l="290" t="455" r="318" b="478" charConfidence="100">m</charParams>
<charParams l="322" t="454" r="350" b="478" charConfidence="33">m</charParams>
<charParams l="354" t="456" r="366" b="478" charConfidence="26">e</charParams>
<charParams l="368" t="454" r="382" b="478" charConfidence="24">r</charParams>
<charParams l="383" t="444" r="399" b="486"> </charParams>
<charParams l="400" t="444" r="420" b="486" suspicious="1" charConfidence="24">s</charParams>
<charParams l="420" t="448" r="424" b="477" suspicious="1" charConfidence="23">i</charParams>
<charParams l="427" t="447" r="454" b="485" suspicious="1" charConfidence="54">c</charParams>
<charParams l="427" t="447" r="454" b="485" suspicious="1" charConfidence="54">h</charParams>
<charParams l="455" t="446" r="478" b="485"> </charParams>
<charParams l="479" t="446" r="492" b="485" charConfidence="46">s</charParams>
<charParams l="490" t="455" r="507" b="485" charConfidence="53">p</charParams>
<charParams l="511" t="455" r="525" b="478" charConfidence="24">a</charParams>
<charParams l="531" t="447" r="539" b="478" charConfidence="61">l</charParams>
<charParams l="542" t="452" r="552" b="478" charConfidence="33">t</charParams>
<charParams l="555" t="455" r="567" b="478" charConfidence="57">e</charParams>
<charParams l="570" t="454" r="589" b="478" charConfidence="24">n</charParams>
<charParams l="590" t="454" r="611" b="478"> </charParams>
<charParams l="612" t="454" r="640" b="478" charConfidence="71">m</charParams>
<charParams l="645" t="456" r="659" b="478" charConfidence="25">a</charParams>
<charParams l="662" t="455" r="679" b="487" charConfidence="24">g</charParams>
<charParams l="683" t="470" r="690" b="478" charConfidence="100">.</charParams></formatting></line></par>
<par align="Justified" startIndent="1920" lineSpacing="1488">
<line baseline="607" l="245" t="571" r="982" b="616"><formatting lang="OldGerman">
<charParams l="245" t="572" r="281" b="607" charConfidence="38">S</charParams>
<charParams l="287" t="575" r="294" b="606" charConfidence="77">i</charParams>
<charParams l="298" t="583" r="310" b="607" charConfidence="58">e</charParams>
<charParams l="311" t="583" r="333" b="607"> </charParams>
<charParams l="334" t="583" r="346" b="606" charConfidence="100">e</charParams>
<charParams l="349" t="582" r="362" b="606" charConfidence="70">r</charParams>
<charParams l="365" t="582" r="378" b="606" charConfidence="91">r</charParams>
<charParams l="382" t="574" r="390" b="607" charConfidence="-1">i</charParams>
<charParams l="393" t="575" r="420" b="615" charConfidence="55">c</charParams>
<charParams l="393" t="575" r="420" b="615" charConfidence="55">h</charParams>
<charParams l="424" t="579" r="433" b="607" charConfidence="45">t</charParams>
<charParams l="438" t="584" r="449" b="607" charConfidence="100">e</charParams>
<charParams l="453" t="579" r="463" b="607" charConfidence="29">t</charParams>
<charParams l="467" t="583" r="478" b="608" charConfidence="25">e</charParams>
<charParams l="482" t="582" r="499" b="607" charConfidence="26">n</charParams>
<charParams l="500" t="582" r="522" b="607"> </charParams>
<charParams l="523" t="583" r="538" b="607" charConfidence="31">a</charParams>
<charParams l="542" t="583" r="559" b="607" charConfidence="91">u</charParams>
<charParams l="562" t="572" r="578" b="614" charConfidence="100">f</charParams>
<charParams l="579" t="572" r="598" b="614"> </charParams>
<charParams l="599" t="575" r="614" b="607" charConfidence="44">d</charParams>
<charParams l="619" t="584" r="630" b="607" charConfidence="27">e</charParams>
<charParams l="633" t="582" r="662" b="607" charConfidence="28">m</charParams>
<charParams l="663" t="572" r="680" b="613"> </charParams>
<charParams l="681" t="572" r="705" b="613" charConfidence="38">F</charParams>
<charParams l="708" t="574" r="716" b="606" charConfidence="40">l</charParams>
<charParams l="718" t="571" r="735" b="606" charConfidence="27">ü</charParams>
<charParams l="738" t="582" r="754" b="614" charConfidence="25">g</charParams>
<charParams l="759" t="582" r="770" b="606" charConfidence="100">e</charParams>
<charParams l="774" t="574" r="783" b="607" charConfidence="100">l</charParams>
<charParams l="784" t="574" r="799" b="607"> </charParams>
<charParams l="800" t="575" r="816" b="606" charConfidence="46">d</charParams>
<charParams l="820" t="583" r="832" b="607" charConfidence="24">e</charParams>
<charParams l="836" t="577" r="850" b="606" charConfidence="100">s</charParams>
<charParams l="851" t="572" r="864" b="614"> </charParams>
<charParams l="865" t="572" r="897" b="614" charConfidence="28">H</charParams>
<charParams l="901" t="584" r="917" b="609" charConfidence="31">a</charParams>
<charParams l="920" t="584" r="937" b="608" charConfidence="100">u</charParams>
<charParams l="941" t="584" r="957" b="616" charConfidence="46">p</charParams>
<charParams l="961" t="581" r="971" b="610" charConfidence="43">t</charParams>
<charParams l="973" t="589" r="982" b="604" suspicious="1" charConfidence="100">¬</charParams></formatting></line>
<line baseline="671" l="178" t="636" r="981" b="681"><formatting lang="OldGerman">
<charParams l="178" t="645" r="207" b="670" charConfidence="28">m</charParams>
<charParams l="210" t="646" r="225" b="670" charConfidence="100">a</charParams>
<charParams l="230" t="646" r="246" b="670" charConfidence="26">n</charParams>
<charParams l="250" t="647" r="267" b="670" charConfidence="36">n</charParams>
<charParams l="272" t="642" r="287" b="670" charConfidence="100">s</charParams>
<charParams l="288" t="642" r="318" b="671"> </charParams>
<charParams l="319" t="647" r="331" b="671" charConfidence="26">e</charParams>
<charParams l="336" t="639" r="343" b="671" charConfidence="100">i</charParams>
<charParams l="347" t="647" r="363" b="671" charConfidence="25">n</charParams>
<charParams l="367" t="647" r="381" b="671" charConfidence="100">e</charParams>
<charParams l="382" t="636" r="405" b="671"> </charParams>
<charParams l="406" t="636" r="438" b="671" charConfidence="37">N</charParams>
<charParams l="442" t="648" r="454" b="671" charConfidence="63">e</charParams>
<charParams l="456" t="647" r="473" b="679" charConfidence="100">p</charParams>
<charParams l="478" t="648" r="492" b="671" charConfidence="35">o</charParams>
<charParams l="496" t="639" r="515" b="681" suspicious="1" charConfidence="54">s</charParams>
<charParams l="496" t="639" r="515" b="681" suspicious="1" charConfidence="54">i</charParams>
<charParams l="517" t="645" r="526" b="671" charConfidence="42">t</charParams>
<charParams l="530" t="647" r="546" b="671" charConfidence="64">u</charParams>
<charParams l="551" t="647" r="563" b="671" charConfidence="41">r</charParams>
<charParams l="564" t="638" r="587" b="678"> </charParams>
<charParams l="588" t="638" r="603" b="678" charConfidence="39">f</charParams>
<charParams l="602" t="638" r="619" b="671" charConfidence="22">ü</charParams>
<charParams l="623" t="648" r="636" b="671" charConfidence="90">r</charParams>
<charParams l="637" t="641" r="660" b="671"> </charParams>
<charParams l="661" t="641" r="676" b="671" charConfidence="30">d</charParams>
<charParams l="680" t="647" r="696" b="670" charConfidence="51">a</charParams>
<charParams l="700" t="643" r="715" b="671" charConfidence="100">s</charParams>
<charParams l="716" t="637" r="740" b="671"> </charParams>
<charParams l="741" t="637" r="773" b="671" charConfidence="25">G</charParams>
<charParams l="778" t="648" r="790" b="672" charConfidence="55">e</charParams>
<charParams l="792" t="647" r="808" b="679" charConfidence="55">g</charParams>
<charParams l="814" t="647" r="825" b="671" charConfidence="38">e</charParams>
<charParams l="829" t="648" r="845" b="671" charConfidence="24">n</charParams>
<charParams l="849" t="647" r="875" b="673" charConfidence="1">w</charParams>
<charParams l="879" t="639" r="893" b="672" charConfidence="64">ä</charParams>
<charParams l="898" t="649" r="911" b="672" charConfidence="24">r</charParams>
<charParams l="914" t="645" r="924" b="672" charConfidence="100">t</charParams>
<charParams l="928" t="641" r="935" b="672" charConfidence="100">i</charParams>
<charParams l="937" t="649" r="953" b="680" charConfidence="55">g</charParams>
<charParams l="958" t="649" r="971" b="673" charConfidence="24">e</charParams>
<charParams l="972" t="664" r="981" b="679" charConfidence="64">,</charParams></formatting></line>
<line baseline="735" l="176" t="701" r="983" b="743"><formatting lang="OldGerman">
<charParams l="176" t="711" r="190" b="734" charConfidence="29">e</charParams>
<charParams l="193" t="702" r="200" b="734" charConfidence="100">i</charParams>
<charParams l="204" t="711" r="222" b="733" charConfidence="33">n</charParams>
<charParams l="223" t="701" r="245" b="735"> </charParams>
<charParams l="246" t="701" r="275" b="735" charConfidence="32">A</charParams>
<charParams l="277" t="711" r="290" b="734" charConfidence="85">r</charParams>
<charParams l="292" t="703" r="320" b="742" charConfidence="73">c</charParams>
<charParams l="292" t="703" r="320" b="742" charConfidence="73">h</charParams>
<charParams l="324" t="702" r="331" b="734" charConfidence="78">i</charParams>
<charParams l="334" t="711" r="351" b="734" charConfidence="65">v</charParams>
<charParams l="352" t="702" r="374" b="741"> </charParams>
<charParams l="375" t="702" r="391" b="741" charConfidence="55">f</charParams>
<charParams l="390" t="702" r="407" b="735" charConfidence="38">ü</charParams>
<charParams l="411" t="712" r="424" b="735" charConfidence="24">r</charParams>
<charParams l="425" t="706" r="448" b="735"> </charParams>
<charParams l="449" t="706" r="464" b="735" charConfidence="26">d</charParams>
<charParams l="469" t="712" r="483" b="735" charConfidence="100">a</charParams>
<charParams l="488" t="706" r="504" b="735" suspicious="1" charConfidence="100">S</charParams>
<charParams l="505" t="703" r="529" b="735"> </charParams>
<charParams l="530" t="703" r="559" b="735" charConfidence="30">V</charParams>
<charParams l="563" t="712" r="575" b="735" charConfidence="57">e</charParams>
<charParams l="578" t="711" r="591" b="734" charConfidence="30">r</charParams>
<charParams l="593" t="712" r="609" b="743" charConfidence="58">g</charParams>
<charParams l="613" t="712" r="629" b="734" charConfidence="54">a</charParams>
<charParams l="633" t="711" r="649" b="735" charConfidence="50">n</charParams>
<charParams l="652" t="712" r="669" b="743" charConfidence="41">g</charParams>
<charParams l="673" t="712" r="685" b="735" charConfidence="39">e</charParams>
<charParams l="689" t="711" r="705" b="735" charConfidence="49">n</charParams>
<charParams l="710" t="712" r="722" b="735" charConfidence="41">e</charParams>
<charParams l="732" t="713" r="742" b="742" charConfidence="41">;</charParams>
<charParams l="743" t="703" r="772" b="742"> </charParams>
<charParams l="773" t="703" r="787" b="742" charConfidence="100">s</charParams>
<charParams l="786" t="703" r="812" b="741" charConfidence="56">c</charParams>
<charParams l="786" t="703" r="812" b="741" charConfidence="56">h</charParams>
<charParams l="816" t="712" r="831" b="734" charConfidence="24">a</charParams>
<charParams l="836" t="702" r="859" b="742" charConfidence="97">f</charParams>
<charParams l="836" t="702" r="859" b="742" charConfidence="97">f</charParams>
<charParams l="859" t="708" r="869" b="735" charConfidence="43">t</charParams>
<charParams l="872" t="711" r="884" b="735" charConfidence="39">e</charParams>
<charParams l="887" t="712" r="904" b="736" charConfidence="36">n</charParams>
<charParams l="905" t="712" r="928" b="736"> </charParams>
<charParams l="929" t="712" r="945" b="735" charConfidence="63">a</charParams>
<charParams l="950" t="703" r="958" b="735" charConfidence="61">l</charParams>
<charParams l="959" t="703" r="967" b="736" charConfidence="46">l</charParams>
<charParams l="969" t="712" r="983" b="735" charConfidence="32">e</charParams></formatting></line>
<line baseline="797" l="175" t="763" r="982" b="805"><formatting lang="OldGerman">
<charParams l="175" t="763" r="212" b="796" charConfidence="100">D</charParams>
<charParams l="215" t="774" r="230" b="796" charConfidence="45">o</charParams>
<charParams l="234" t="773" r="246" b="796" suspicious="1" charConfidence="28">r</charParams>
<charParams l="249" t="774" r="266" b="797" charConfidence="49">u</charParams>
<charParams l="269" t="772" r="297" b="796" charConfidence="68">m</charParams>
<charParams l="301" t="774" r="313" b="797" charConfidence="30">e</charParams>
<charParams l="316" t="773" r="333" b="797" charConfidence="36">n</charParams>
<charParams l="336" t="770" r="348" b="797" charConfidence="100">t</charParams>
<charParams l="350" t="774" r="363" b="797" charConfidence="30">e</charParams>
<charParams l="369" t="788" r="379" b="803" charConfidence="83">,</charParams>
<charParams l="380" t="765" r="405" b="805"> </charParams>
<charParams l="406" t="765" r="440" b="805" charConfidence="55">P</charParams>
<charParams l="443" t="774" r="458" b="796" charConfidence="37">a</charParams>
<charParams l="462" t="775" r="478" b="805" charConfidence="100">p</charParams>
<charParams l="483" t="766" r="490" b="796" charConfidence="64">i</charParams>
<charParams l="494" t="774" r="506" b="797" charConfidence="26">e</charParams>
<charParams l="509" t="774" r="521" b="797" charConfidence="44">r</charParams>
<charParams l="524" t="775" r="538" b="797" charConfidence="41">e</charParams>
<charParams l="546" t="788" r="555" b="803" charConfidence="100">,</charParams>
<charParams l="556" t="764" r="591" b="803"> </charParams>
<charParams l="592" t="764" r="627" b="798" charConfidence="37">N</charParams>
<charParams l="630" t="774" r="646" b="796" charConfidence="62">a</charParams>
<charParams l="650" t="765" r="677" b="803" charConfidence="96">c</charParams>
<charParams l="650" t="765" r="677" b="803" charConfidence="96">h</charParams>
<charParams l="681" t="774" r="694" b="797" charConfidence="94">r</charParams>
<charParams l="698" t="766" r="705" b="797" charConfidence="42">i</charParams>
<charParams l="708" t="765" r="735" b="799" charConfidence="55">c</charParams>
<charParams l="708" t="765" r="735" b="799" charConfidence="55">h</charParams>
<charParams l="739" t="769" r="750" b="797" charConfidence="57">t</charParams>
<charParams l="752" t="774" r="764" b="797" charConfidence="31">e</charParams>
<charParams l="768" t="774" r="785" b="797" charConfidence="24">n</charParams>
<charParams l="795" t="788" r="805" b="804" charConfidence="100">,</charParams>
<charParams l="806" t="773" r="838" b="804"> </charParams>
<charParams l="839" t="773" r="855" b="796" charConfidence="24">a</charParams>
<charParams l="860" t="774" r="876" b="798" charConfidence="51">u</charParams>
<charParams l="880" t="769" r="896" b="797" charConfidence="100">s</charParams>
<charParams l="897" t="769" r="919" b="798"> </charParams>
<charParams l="920" t="775" r="938" b="798" charConfidence="32">v</charParams>
<charParams l="942" t="775" r="953" b="798" charConfidence="29">e</charParams>
<charParams l="957" t="774" r="970" b="798" charConfidence="32">r</charParams>
<charParams l="972" t="777" r="982" b="793" charConfidence="100">¬</charParams></formatting></line>
<line baseline="857" l="174" t="824" r="980" b="866"><formatting lang="OldGerman">
<charParams l="174" t="824" r="190" b="862" charConfidence="58">s</charParams>
<charParams l="187" t="825" r="214" b="863" charConfidence="73">c</charParams>
<charParams l="187" t="825" r="214" b="863" charConfidence="73">h</charParams>
<charParams l="218" t="825" r="226" b="855" charConfidence="38">i</charParams>
<charParams l="229" t="833" r="242" b="855" charConfidence="55">e</charParams>
<charParams l="244" t="827" r="260" b="857" charConfidence="36">d</charParams>
<charParams l="264" t="833" r="277" b="856" charConfidence="33">e</charParams>
<charParams l="279" t="833" r="297" b="855" charConfidence="40">n</charParams>
<charParams l="300" t="833" r="313" b="856" charConfidence="30">e</charParams>
<charParams l="316" t="832" r="334" b="856" charConfidence="26">n</charParams>
<charParams l="335" t="824" r="357" b="858"> </charParams>
<charParams l="358" t="824" r="393" b="858" charConfidence="29">B</charParams>
<charParams l="397" t="835" r="409" b="857" charConfidence="27">e</charParams>
<charParams l="412" t="826" r="429" b="866" charConfidence="39">h</charParams>
<charParams l="433" t="827" r="449" b="858" charConfidence="25">ä</charParams>
<charParams l="453" t="828" r="462" b="857" charConfidence="67">l</charParams>
<charParams l="464" t="833" r="475" b="857" charConfidence="32">t</charParams>
<charParams l="477" t="835" r="494" b="858" charConfidence="54">n</charParams>
<charParams l="499" t="828" r="506" b="857" charConfidence="39">i</charParams>
<charParams l="510" t="827" r="535" b="862" charConfidence="91">s</charParams>
<charParams l="510" t="827" r="535" b="862" charConfidence="91">s</charParams>
<charParams l="533" t="835" r="545" b="858" charConfidence="29">e</charParams>
<charParams l="547" t="834" r="565" b="857" charConfidence="41">n</charParams>
<charParams l="573" t="849" r="583" b="863" charConfidence="90">,</charParams>
<charParams l="584" t="825" r="618" b="863"> </charParams>
<charParams l="619" t="825" r="649" b="858" charConfidence="31">K</charParams>
<charParams l="652" t="835" r="668" b="857" charConfidence="54">a</charParams>
<charParams l="673" t="835" r="699" b="857" charConfidence="26">m</charParams>
<charParams l="703" t="834" r="731" b="857" charConfidence="57">m</charParams>
<charParams l="736" t="835" r="748" b="858" charConfidence="27">e</charParams>
<charParams l="751" t="835" r="764" b="857" charConfidence="61">r</charParams>
<charParams l="766" t="835" r="785" b="858" charConfidence="52">n</charParams>
<charParams l="793" t="849" r="802" b="864" charConfidence="69">,</charParams>
<charParams l="803" t="825" r="845" b="864"> </charParams>
<charParams l="846" t="825" r="881" b="858" charConfidence="84">S</charParams>
<charParams l="885" t="826" r="911" b="864" charConfidence="68">c</charParams>
<charParams l="885" t="826" r="911" b="864" charConfidence="68">h</charParams>
<charParams l="916" t="835" r="930" b="858" charConfidence="100">r</charParams>
<charParams l="931" t="827" r="947" b="858" charConfidence="28">ä</charParams>
<charParams l="950" t="835" r="968" b="858" charConfidence="46">n</charParams>
<charParams l="970" t="838" r="980" b="853" charConfidence="22">¬</charParams></formatting></line>
<line baseline="916" l="173" t="883" r="981" b="923"><formatting lang="OldGerman">
<charParams l="173" t="883" r="189" b="914" charConfidence="27">k</charParams>
<charParams l="191" t="891" r="204" b="914" charConfidence="32">e</charParams>
<charParams l="206" t="892" r="224" b="914" charConfidence="100">n</charParams>
<charParams l="225" t="891" r="244" b="914"> </charParams>
<charParams l="245" t="891" r="263" b="914" charConfidence="47">u</charParams>
<charParams l="266" t="890" r="284" b="913" charConfidence="69">n</charParams>
<charParams l="286" t="885" r="303" b="913" charConfidence="27">d</charParams>
<charParams l="304" t="883" r="328" b="914"> </charParams>
<charParams l="329" t="883" r="360" b="914" charConfidence="28">K</charParams>
<charParams l="361" t="885" r="369" b="913" charConfidence="55">i</charParams>
<charParams l="372" t="885" r="394" b="921" charConfidence="40">s</charParams>
<charParams l="372" t="885" r="394" b="921" charConfidence="40">t</charParams>
<charParams l="395" t="891" r="408" b="914" charConfidence="100">e</charParams>
<charParams l="410" t="891" r="429" b="915" charConfidence="33">n</charParams>
<charParams l="430" t="885" r="453" b="923"> </charParams>
<charParams l="454" t="885" r="472" b="923" suspicious="1" charConfidence="48">h</charParams>
<charParams l="476" t="893" r="488" b="915" charConfidence="75">e</charParams>
<charParams l="492" t="893" r="504" b="915" charConfidence="26">r</charParams>
<charParams l="507" t="885" r="523" b="915" charConfidence="43">b</charParams>
<charParams l="527" t="893" r="539" b="915" charConfidence="27">e</charParams>
<charParams l="541" t="893" r="558" b="919" charConfidence="44">y</charParams>
<charParams l="567" t="906" r="577" b="922" charConfidence="62">,</charParams>
<charParams l="578" t="894" r="602" b="922"> </charParams>
<charParams l="603" t="894" r="621" b="917" charConfidence="59">u</charParams>
<charParams l="624" t="894" r="641" b="916" charConfidence="44">n</charParams>
<charParams l="645" t="888" r="661" b="916" charConfidence="28">d</charParams>
<charParams l="662" t="888" r="686" b="916"> </charParams>
<charParams l="687" t="894" r="703" b="915" charConfidence="31">a</charParams>
<charParams l="708" t="893" r="724" b="916" charConfidence="34">u</charParams>
<charParams l="728" t="885" r="743" b="922" charConfidence="67">f</charParams>
<charParams l="744" t="885" r="758" b="922"> </charParams>
<charParams l="759" t="888" r="776" b="915" charConfidence="38">d</charParams>
<charParams l="778" t="893" r="795" b="916" charConfidence="88">a</charParams>
<charParams l="798" t="890" r="815" b="916" charConfidence="100">s</charParams>
<charParams l="816" t="890" r="829" b="923"> </charParams>
<charParams l="830" t="894" r="848" b="923" charConfidence="55">g</charParams>
<charParams l="852" t="894" r="864" b="916" charConfidence="27">e</charParams>
<charParams l="868" t="886" r="881" b="922" charConfidence="40">s</charParams>
<charParams l="878" t="886" r="905" b="917" charConfidence="54">c</charParams>
<charParams l="878" t="886" r="905" b="917" charConfidence="54">h</charParams>
<charParams l="909" t="893" r="935" b="916" charConfidence="25">w</charParams>
<charParams l="938" t="887" r="946" b="916" charConfidence="54">i</charParams>
<charParams l="950" t="894" r="967" b="917" charConfidence="33">n</charParams>
<charParams l="971" t="897" r="981" b="912" charConfidence="22">¬</charParams></formatting></line>
<line baseline="975" l="175" t="940" r="980" b="986"><formatting lang="OldGerman">
<charParams l="175" t="947" r="191" b="976" charConfidence="28">d</charParams>
<charParams l="195" t="953" r="207" b="976" charConfidence="27">e</charParams>
<charParams l="211" t="944" r="232" b="986" charConfidence="22">s</charParams>
<charParams l="211" t="944" r="232" b="986" charConfidence="22">t</charParams>
<charParams l="234" t="953" r="246" b="976" charConfidence="39">e</charParams>
<charParams l="247" t="952" r="268" b="976"> </charParams>
<charParams l="269" t="952" r="296" b="976" charConfidence="25">w</charParams>
<charParams l="300" t="952" r="315" b="975" charConfidence="54">a</charParams>
<charParams l="319" t="952" r="333" b="976" charConfidence="26">r</charParams>
<charParams l="334" t="945" r="363" b="976"> </charParams>
<charParams l="364" t="945" r="380" b="974" charConfidence="37">d</charParams>
<charParams l="384" t="951" r="395" b="974" charConfidence="32">e</charParams>
<charParams l="399" t="950" r="413" b="972" charConfidence="36">r</charParams>
<charParams l="414" t="940" r="436" b="974"> </charParams>
<charParams l="437" t="940" r="477" b="974" charConfidence="29">W</charParams>
<charParams l="481" t="951" r="497" b="973" charConfidence="40">u</charParams>
<charParams l="502" t="943" r="523" b="981" charConfidence="66">s</charParams>
<charParams l="502" t="943" r="523" b="981" charConfidence="66">t</charParams>
<charParams l="524" t="943" r="553" b="981"> </charParams>
<charParams l="554" t="944" r="563" b="974" charConfidence="55">i</charParams>
<charParams l="567" t="951" r="584" b="974" charConfidence="25">n</charParams>
<charParams l="585" t="951" r="616" b="974"> </charParams>
<charParams l="617" t="952" r="629" b="974" charConfidence="32">e</charParams>
<charParams l="634" t="945" r="641" b="974" charConfidence="56">i</charParams>
<charParams l="645" t="952" r="661" b="974" charConfidence="38">n</charParams>
<charParams l="665" t="952" r="679" b="974" charConfidence="41">e</charParams>
<charParams l="680" t="952" r="708" b="974"> </charParams>
<charParams l="709" t="952" r="722" b="974" charConfidence="45">e</charParams>
<charParams l="725" t="951" r="738" b="975" charConfidence="24">r</charParams>
<charParams l="741" t="943" r="756" b="981" charConfidence="48">f</charParams>
<charParams l="754" t="951" r="767" b="974" charConfidence="100">r</charParams>
<charParams l="771" t="952" r="783" b="974" charConfidence="85">e</charParams>
<charParams l="786" t="952" r="802" b="975" charConfidence="24">u</charParams>
<charParams l="807" t="946" r="815" b="975" charConfidence="35">l</charParams>
<charParams l="818" t="944" r="826" b="974" charConfidence="42">i</charParams>
<charParams l="829" t="945" r="856" b="982" charConfidence="83">c</charParams>
<charParams l="829" t="945" r="856" b="982" charConfidence="83">h</charParams>
<charParams l="860" t="953" r="873" b="975" charConfidence="27">e</charParams>
<charParams l="874" t="944" r="903" b="976"> </charParams>
<charParams l="904" t="944" r="933" b="976" charConfidence="63">O</charParams>
<charParams l="937" t="954" r="949" b="977" charConfidence="24">r</charParams>
<charParams l="953" t="947" r="968" b="977" charConfidence="56">d</charParams>
<charParams l="970" t="957" r="980" b="973" charConfidence="22">¬</charParams></formatting></line>
<line baseline="1038" l="175" t="1002" r="979" b="1049"><formatting lang="OldGerman">
<charParams l="175" t="1017" r="193" b="1040" charConfidence="28">n</charParams>
<charParams l="197" t="1018" r="215" b="1041" charConfidence="26">u</charParams>
<charParams l="218" t="1017" r="235" b="1041" charConfidence="78">n</charParams>
<charParams l="239" t="1018" r="255" b="1049" charConfidence="35">g</charParams>
<charParams l="256" t="1017" r="286" b="1049"> </charParams>
<charParams l="287" t="1017" r="303" b="1049" charConfidence="100">g</charParams>
<charParams l="307" t="1017" r="319" b="1040" charConfidence="35">e</charParams>
<charParams l="323" t="1007" r="338" b="1040" charConfidence="33">b</charParams>
<charParams l="341" t="1015" r="355" b="1039" charConfidence="25">r</charParams>
<charParams l="358" t="1015" r="373" b="1038" charConfidence="27">a</charParams>
<charParams l="377" t="1006" r="403" b="1044" charConfidence="56">c</charParams>
<charParams l="377" t="1006" r="403" b="1044" charConfidence="56">h</charParams>
<charParams l="408" t="1010" r="418" b="1037" charConfidence="52">t</charParams>
<charParams l="427" t="1028" r="437" b="1043" charConfidence="100">,</charParams>
<charParams l="438" t="1005" r="474" b="1043"> </charParams>
<charParams l="475" t="1005" r="484" b="1036" charConfidence="100">l</charParams>
<charParams l="487" t="1013" r="501" b="1036" charConfidence="25">a</charParams>
<charParams l="505" t="1012" r="521" b="1044" charConfidence="33">g</charParams>
<charParams l="522" t="1012" r="555" b="1044"> </charParams>
<charParams l="556" t="1012" r="569" b="1036" charConfidence="100">r</charParams>
<charParams l="573" t="1012" r="589" b="1036" charConfidence="30">u</charParams>
<charParams l="594" t="1002" r="608" b="1035" charConfidence="27">b</charParams>
<charParams l="612" t="1012" r="626" b="1035" charConfidence="100">r</charParams>
<charParams l="629" t="1005" r="636" b="1035" charConfidence="100">i</charParams>
<charParams l="640" t="1012" r="652" b="1036" suspicious="1" charConfidence="38">c</charParams>
<charParams l="655" t="1005" r="662" b="1035" charConfidence="32">l</charParams>
<charParams l="665" t="1012" r="678" b="1035" charConfidence="54">r</charParams>
<charParams l="682" t="1009" r="693" b="1036" charConfidence="31">t</charParams>
<charParams l="694" t="1005" r="723" b="1037"> </charParams>
<charParams l="724" t="1005" r="733" b="1037" charConfidence="26">i</charParams>
<charParams l="736" t="1012" r="754" b="1035" charConfidence="68">n</charParams>
<charParams l="755" t="1004" r="786" b="1036"> </charParams>
<charParams l="787" t="1004" r="803" b="1036" charConfidence="59">b</charParams>
<charParams l="808" t="1014" r="819" b="1036" charConfidence="31">e</charParams>
<charParams l="822" t="1013" r="834" b="1046" charConfidence="26">z</charParams>
<charParams l="838" t="1014" r="850" b="1037" charConfidence="28">e</charParams>
<charParams l="853" t="1006" r="860" b="1036" charConfidence="100">i</charParams>
<charParams l="864" t="1005" r="891" b="1043" charConfidence="79">c</charParams>
<charParams l="864" t="1005" r="891" b="1043" charConfidence="79">h</charParams>
<charParams l="895" t="1015" r="912" b="1039" charConfidence="32">n</charParams>
<charParams l="916" t="1016" r="927" b="1039" charConfidence="100">e</charParams>
<charParams l="932" t="1015" r="942" b="1040" charConfidence="30">t</charParams>
<charParams l="945" t="1018" r="956" b="1040" charConfidence="26">e</charParams>
<charParams l="960" t="1016" r="979" b="1040" charConfidence="52">n</charParams></formatting></line>
<line baseline="1101" l="176" t="1067" r="979" b="1112"><formatting lang="OldGerman">
<charParams l="176" t="1070" r="200" b="1111" charConfidence="33">F</charParams>
<charParams l="202" t="1073" r="217" b="1105" charConfidence="96">ä</charParams>
<charParams l="221" t="1082" r="231" b="1104" charConfidence="54">c</charParams>
<charParams l="232" t="1073" r="248" b="1112" charConfidence="35">h</charParams>
<charParams l="252" t="1082" r="264" b="1105" charConfidence="34">e</charParams>
<charParams l="267" t="1081" r="280" b="1105" charConfidence="25">r</charParams>
<charParams l="283" t="1081" r="300" b="1105" charConfidence="35">n</charParams>
<charParams l="303" t="1095" r="312" b="1105" charConfidence="100">.</charParams>
<charParams l="313" t="1068" r="360" b="1105"> </charParams>
<charParams l="361" t="1068" r="401" b="1103" charConfidence="27">W</charParams>
<charParams l="405" t="1078" r="420" b="1101" charConfidence="87">a</charParams>
<charParams l="424" t="1072" r="439" b="1101" charConfidence="100">s</charParams>
<charParams l="440" t="1072" r="464" b="1101"> </charParams>
<charParams l="465" t="1076" r="493" b="1101" charConfidence="79">m</charParams>
<charParams l="497" t="1077" r="512" b="1100" charConfidence="25">a</charParams>
<charParams l="516" t="1076" r="534" b="1100" charConfidence="100">n</charParams>
<charParams l="535" t="1074" r="558" b="1100"> </charParams>
<charParams l="559" t="1074" r="584" b="1099" charConfidence="25">w</charParams>
<charParams l="589" t="1067" r="605" b="1098" charConfidence="22">ü</charParams>
<charParams l="610" t="1074" r="626" b="1098" charConfidence="28">n</charParams>
<charParams l="631" t="1067" r="643" b="1106" charConfidence="51">s</charParams>
<charParams l="642" t="1067" r="668" b="1105" charConfidence="55">c</charParams>
<charParams l="642" t="1067" r="668" b="1105" charConfidence="55">h</charParams>
<charParams l="673" t="1072" r="683" b="1098" charConfidence="32">t</charParams>
<charParams l="686" t="1075" r="699" b="1098" charConfidence="44">e</charParams>
<charParams l="700" t="1074" r="731" b="1098"> </charParams>
<charParams l="732" t="1074" r="758" b="1098" charConfidence="26">w</charParams>
<charParams l="763" t="1075" r="778" b="1098" charConfidence="79">a</charParams>
<charParams l="782" t="1075" r="795" b="1098" charConfidence="68">r</charParams>
<charParams l="799" t="1069" r="814" b="1098" charConfidence="28">d</charParams>
<charParams l="815" t="1069" r="845" b="1099"> </charParams>
<charParams l="846" t="1076" r="863" b="1099" charConfidence="55">v</charParams>
<charParams l="867" t="1077" r="882" b="1099" charConfidence="47">o</charParams>
<charParams l="886" t="1068" r="895" b="1100" charConfidence="84">l</charParams>
<charParams l="896" t="1069" r="904" b="1100" charConfidence="48">l</charParams>
<charParams l="907" t="1070" r="927" b="1109" charConfidence="29">s</charParams>
<charParams l="907" t="1070" r="927" b="1109" charConfidence="29">t</charParams>
<charParams l="929" t="1070" r="944" b="1102" charConfidence="57">ä</charParams>
<charParams l="949" t="1079" r="966" b="1102" charConfidence="53">n</charParams>
<charParams l="970" t="1082" r="979" b="1098" charConfidence="22">¬</charParams></formatting></line>
<line baseline="1164" l="175" t="1128" r="979" b="1177"><formatting lang="OldGerman">
<charParams l="175" t="1136" r="193" b="1167" charConfidence="27">d</charParams>
<charParams l="195" t="1137" r="204" b="1168" charConfidence="25">i</charParams>
<charParams l="208" t="1144" r="224" b="1176" charConfidence="40">g</charParams>
<charParams l="228" t="1146" r="239" b="1169" charConfidence="38">e</charParams>
<charParams l="243" t="1145" r="256" b="1169" charConfidence="44">r</charParams>
<charParams l="257" t="1145" r="278" b="1177"> </charParams>
<charParams l="279" t="1146" r="296" b="1177" charConfidence="30">g</charParams>
<charParams l="300" t="1145" r="312" b="1168" charConfidence="46">e</charParams>
<charParams l="314" t="1135" r="328" b="1175" charConfidence="30">f</charParams>
<charParams l="328" t="1145" r="345" b="1168" charConfidence="53">u</charParams>
<charParams l="349" t="1144" r="366" b="1168" charConfidence="100">n</charParams>
<charParams l="371" t="1137" r="386" b="1167" charConfidence="40">d</charParams>
<charParams l="390" t="1144" r="402" b="1167" charConfidence="79">e</charParams>
<charParams l="405" t="1143" r="423" b="1166" charConfidence="100">n</charParams>
<charParams l="424" t="1143" r="447" b="1166"> </charParams>
<charParams l="448" t="1143" r="464" b="1166" charConfidence="66">a</charParams>
<charParams l="468" t="1135" r="475" b="1166" charConfidence="28">l</charParams>
<charParams l="479" t="1136" r="494" b="1165" charConfidence="100">s</charParams>
<charParams l="495" t="1136" r="518" b="1165"> </charParams>
<charParams l="519" t="1140" r="548" b="1164" charConfidence="100">m</charParams>
<charParams l="551" t="1141" r="567" b="1164" charConfidence="36">a</charParams>
<charParams l="571" t="1141" r="589" b="1164" charConfidence="52">u</charParams>
<charParams l="590" t="1140" r="612" b="1171"> </charParams>
<charParams l="613" t="1140" r="629" b="1171" charConfidence="59">g</charParams>
<charParams l="634" t="1140" r="645" b="1162" charConfidence="100">e</charParams>
<charParams l="650" t="1131" r="666" b="1169" charConfidence="34">h</charParams>
<charParams l="670" t="1139" r="684" b="1162" charConfidence="49">o</charParams>
<charParams l="688" t="1130" r="711" b="1170" charConfidence="100">f</charParams>
<charParams l="688" t="1130" r="711" b="1170" charConfidence="100">f</charParams>
<charParams l="712" t="1137" r="721" b="1162" charConfidence="26">t</charParams>
<charParams l="722" t="1128" r="745" b="1170"> </charParams>
<charParams l="746" t="1128" r="763" b="1170" suspicious="1" charConfidence="68">h</charParams>
<charParams l="767" t="1138" r="782" b="1160" charConfidence="54">a</charParams>
<charParams l="787" t="1134" r="797" b="1160" charConfidence="78">t</charParams>
<charParams l="800" t="1134" r="810" b="1161" charConfidence="100">t</charParams>
<charParams l="813" t="1137" r="827" b="1161" charConfidence="92">e</charParams>
<charParams l="828" t="1153" r="836" b="1161" charConfidence="75">.</charParams>
<charParams l="837" t="1129" r="890" b="1169"> </charParams>
<charParams l="891" t="1129" r="924" b="1169" charConfidence="27">H</charParams>
<charParams l="928" t="1133" r="936" b="1163" charConfidence="91">i</charParams>
<charParams l="940" t="1141" r="952" b="1164" charConfidence="31">e</charParams>
<charParams l="955" t="1140" r="968" b="1164" charConfidence="100">r</charParams>
<charParams l="970" t="1145" r="979" b="1160" charConfidence="100">¬</charParams></formatting></line>
<line baseline="1228" l="174" t="1191" r="977" b="1241"><formatting lang="OldGerman">
<charParams l="174" t="1198" r="191" b="1232" charConfidence="25">b</charParams>
<charParams l="195" t="1209" r="207" b="1231" charConfidence="35">e</charParams>
<charParams l="210" t="1209" r="218" b="1231" charConfidence="22">i</charParams>
<charParams l="214" t="1210" r="226" b="1241" suspicious="1" charConfidence="29">)</charParams>
<charParams l="227" t="1210" r="257" b="1241"> </charParams>
<charParams l="258" t="1210" r="275" b="1240" charConfidence="25">g</charParams>
<charParams l="280" t="1201" r="287" b="1231" charConfidence="100">i</charParams>
<charParams l="290" t="1209" r="307" b="1232" charConfidence="-1">n</charParams>
<charParams l="310" t="1209" r="327" b="1240" charConfidence="46">g</charParams>
<charParams l="328" t="1199" r="358" b="1240"> </charParams>
<charParams l="359" t="1199" r="370" b="1230" charConfidence="50">i</charParams>
<charParams l="373" t="1198" r="390" b="1240" charConfidence="63">h</charParams>
<charParams l="393" t="1207" r="410" b="1231" charConfidence="30">n</charParams>
<charParams l="415" t="1207" r="426" b="1231" charConfidence="31">e</charParams>
<charParams l="430" t="1207" r="447" b="1230" suspicious="1" charConfidence="-1">n</charParams>
<charParams l="448" t="1206" r="478" b="1230"> </charParams>
<charParams l="479" t="1206" r="490" b="1230" charConfidence="42">e</charParams>
<charParams l="495" t="1199" r="501" b="1230" charConfidence="-1">i</charParams>
<charParams l="506" t="1206" r="524" b="1230" charConfidence="28">n</charParams>
<charParams l="525" t="1205" r="555" b="1230"> </charParams>
<charParams l="556" t="1205" r="572" b="1228" charConfidence="25">a</charParams>
<charParams l="576" t="1197" r="583" b="1229" charConfidence="56">l</charParams>
<charParams l="587" t="1202" r="596" b="1228" charConfidence="32">t</charParams>
<charParams l="600" t="1205" r="611" b="1227" charConfidence="26">e</charParams>
<charParams l="615" t="1203" r="628" b="1227" charConfidence="100">r</charParams>
<charParams l="629" t="1192" r="659" b="1227"> </charParams>
<charParams l="660" t="1192" r="695" b="1227" charConfidence="86">S</charParams>
<charParams l="700" t="1193" r="726" b="1232" charConfidence="62">c</charParams>
<charParams l="700" t="1193" r="726" b="1232" charConfidence="62">h</charParams>
<charParams l="730" t="1201" r="743" b="1224" charConfidence="25">r</charParams>
<charParams l="746" t="1201" r="757" b="1224" charConfidence="30">e</charParams>
<charParams l="761" t="1192" r="769" b="1223" charConfidence="61">i</charParams>
<charParams l="774" t="1191" r="788" b="1223" charConfidence="93">b</charParams>
<charParams l="792" t="1201" r="804" b="1224" charConfidence="35">e</charParams>
<charParams l="807" t="1201" r="820" b="1224" charConfidence="54">r</charParams>
<charParams l="821" t="1193" r="851" b="1232"> </charParams>
<charParams l="852" t="1193" r="866" b="1232" charConfidence="97">s</charParams>
<charParams l="864" t="1202" r="876" b="1226" charConfidence="95">e</charParams>
<charParams l="880" t="1193" r="896" b="1235" charConfidence="100">h</charParams>
<charParams l="900" t="1203" r="914" b="1227" charConfidence="81">r</charParams>
<charParams l="915" t="1203" r="938" b="1228"> </charParams>
<charParams l="939" t="1204" r="955" b="1228" charConfidence="35">a</charParams>
<charParams l="959" t="1204" r="977" b="1229" charConfidence="51">n</charParams></formatting></line>
<line baseline="1291" l="174" t="1256" r="979" b="1301"><formatting lang="OldGerman">
<charParams l="174" t="1264" r="190" b="1293" charConfidence="29">d</charParams>
<charParams l="194" t="1263" r="203" b="1293" charConfidence="100">i</charParams>
<charParams l="206" t="1272" r="218" b="1294" charConfidence="83">e</charParams>
<charParams l="219" t="1261" r="240" b="1301"> </charParams>
<charParams l="241" t="1261" r="272" b="1301" charConfidence="57">H</charParams>
<charParams l="276" t="1272" r="292" b="1295" charConfidence="54">a</charParams>
<charParams l="296" t="1272" r="312" b="1295" charConfidence="26">n</charParams>
<charParams l="317" t="1264" r="334" b="1293" suspicious="1" charConfidence="27">d</charParams>
<charParams l="346" t="1285" r="355" b="1300" charConfidence="72">,</charParams>
<charParams l="356" t="1265" r="379" b="1300"> </charParams>
<charParams l="380" t="1265" r="396" b="1293" charConfidence="29">d</charParams>
<charParams l="400" t="1271" r="412" b="1294" charConfidence="50">e</charParams>
<charParams l="416" t="1270" r="429" b="1294" charConfidence="68">r</charParams>
<charParams l="430" t="1264" r="452" b="1294"> </charParams>
<charParams l="453" t="1264" r="469" b="1293" charConfidence="38">d</charParams>
<charParams l="473" t="1271" r="484" b="1294" charConfidence="100">e</charParams>
<charParams l="488" t="1269" r="506" b="1293" charConfidence="35">n</charParams>
<charParams l="507" t="1260" r="531" b="1294"> </charParams>
<charParams l="532" t="1260" r="558" b="1294" charConfidence="34">T</charParams>
<charParams l="563" t="1268" r="577" b="1290" charConfidence="30">a</charParams>
<charParams l="580" t="1268" r="597" b="1299" charConfidence="25">g</charParams>
<charParams l="598" t="1258" r="622" b="1299"> </charParams>
<charParams l="623" t="1258" r="640" b="1290" charConfidence="30">ü</charParams>
<charParams l="644" t="1257" r="659" b="1290" charConfidence="58">b</charParams>
<charParams l="663" t="1266" r="674" b="1289" charConfidence="26">e</charParams>
<charParams l="678" t="1266" r="691" b="1289" suspicious="1" charConfidence="56">r</charParams>
<charParams l="702" t="1279" r="710" b="1295" charConfidence="58">,</charParams>
<charParams l="711" t="1258" r="732" b="1296"> </charParams>
<charParams l="733" t="1258" r="742" b="1296" charConfidence="56">j</charParams>
<charParams l="747" t="1265" r="762" b="1287" charConfidence="100">a</charParams>
<charParams l="763" t="1264" r="787" b="1287"> </charParams>
<charParams l="788" t="1264" r="801" b="1287" charConfidence="100">e</charParams>
<charParams l="805" t="1256" r="812" b="1287" charConfidence="100">i</charParams>
<charParams l="816" t="1265" r="833" b="1288" charConfidence="42">n</charParams>
<charParams l="837" t="1265" r="849" b="1288" charConfidence="42">e</charParams>
<charParams l="852" t="1265" r="869" b="1289" charConfidence="66">n</charParams>
<charParams l="870" t="1257" r="888" b="1293"> </charParams>
<charParams l="889" t="1257" r="916" b="1293" charConfidence="34">T</charParams>
<charParams l="921" t="1258" r="937" b="1300" charConfidence="28">h</charParams>
<charParams l="942" t="1268" r="953" b="1290" charConfidence="26">e</charParams>
<charParams l="957" t="1260" r="965" b="1290" charConfidence="72">i</charParams>
<charParams l="969" t="1261" r="979" b="1292" charConfidence="50">l</charParams></formatting></line>
<line baseline="1355" l="174" t="1319" r="976" b="1364"><formatting lang="OldGerman">
<charParams l="174" t="1325" r="191" b="1354" charConfidence="27">d</charParams>
<charParams l="195" t="1335" r="206" b="1357" charConfidence="34">e</charParams>
<charParams l="210" t="1334" r="223" b="1357" charConfidence="31">r</charParams>
<charParams l="224" t="1324" r="247" b="1358"> </charParams>
<charParams l="248" t="1324" r="283" b="1358" charConfidence="33">N</charParams>
<charParams l="287" t="1335" r="302" b="1357" charConfidence="55">a</charParams>
<charParams l="306" t="1326" r="333" b="1363" charConfidence="100">c</charParams>
<charParams l="306" t="1326" r="333" b="1363" suspicious="1" charConfidence="100">h</charParams>
<charParams l="337" t="1330" r="348" b="1358" charConfidence="47">t</charParams>
<charParams l="356" t="1349" r="365" b="1363" charConfidence="71">,</charParams>
<charParams l="366" t="1334" r="403" b="1363"> </charParams>
<charParams l="404" t="1334" r="421" b="1357" charConfidence="70">n</charParams>
<charParams l="425" t="1326" r="433" b="1358" charConfidence="31">i</charParams>
<charParams l="437" t="1327" r="463" b="1364" charConfidence="66">c</charParams>
<charParams l="437" t="1327" r="463" b="1364" suspicious="1" charConfidence="66">h</charParams>
<charParams l="467" t="1330" r="478" b="1357" charConfidence="100">t</charParams>
<charParams l="479" t="1330" r="500" b="1357"> </charParams>
<charParams l="501" t="1332" r="518" b="1356" charConfidence="30">v</charParams>
<charParams l="523" t="1333" r="537" b="1356" charConfidence="34">o</charParams>
<charParams l="540" t="1331" r="559" b="1355" charConfidence="46">n</charParams>
<charParams l="560" t="1331" r="568" b="1354" charConfidence="54">,</charParams>
<charParams l="569" t="1321" r="593" b="1361"> </charParams>
<charParams l="594" t="1321" r="626" b="1361" charConfidence="47">P</charParams>
<charParams l="630" t="1329" r="646" b="1352" charConfidence="26">u</charParams>
<charParams l="651" t="1323" r="659" b="1352" charConfidence="31">l</charParams>
<charParams l="662" t="1326" r="672" b="1352" charConfidence="47">t</charParams>
<charParams l="675" t="1328" r="688" b="1352" charConfidence="33">e</charParams>
<charParams l="689" t="1319" r="718" b="1352"> </charParams>
<charParams l="719" t="1319" r="732" b="1351" charConfidence="57">k</charParams>
<charParams l="735" t="1328" r="749" b="1351" charConfidence="26">a</charParams>
<charParams l="754" t="1327" r="781" b="1351" charConfidence="39">m</charParams>
<charParams l="792" t="1343" r="801" b="1358" charConfidence="78">,</charParams>
<charParams l="802" t="1330" r="837" b="1358"> </charParams>
<charParams l="838" t="1330" r="855" b="1354" charConfidence="32">u</charParams>
<charParams l="860" t="1330" r="876" b="1354" charConfidence="24">n</charParams>
<charParams l="881" t="1324" r="897" b="1354" charConfidence="27">d</charParams>
<charParams l="898" t="1324" r="922" b="1354"> </charParams>
<charParams l="923" t="1330" r="950" b="1354" charConfidence="32">m</charParams>
<charParams l="955" t="1324" r="962" b="1354" charConfidence="63">i</charParams>
<charParams l="966" t="1327" r="976" b="1354" charConfidence="49">t</charParams></formatting></line>
<line baseline="1418" l="173" t="1383" r="975" b="1430"><formatting lang="OldGerman">
<charParams l="173" t="1389" r="189" b="1418" charConfidence="100">d</charParams>
<charParams l="193" t="1396" r="205" b="1419" charConfidence="64">e</charParams>
<charParams l="209" t="1395" r="236" b="1419" charConfidence="69">m</charParams>
<charParams l="237" t="1388" r="261" b="1422"> </charParams>
<charParams l="262" t="1388" r="288" b="1422" charConfidence="30">E</charParams>
<charParams l="292" t="1392" r="307" b="1422" charConfidence="42">d</charParams>
<charParams l="311" t="1398" r="328" b="1422" charConfidence="55">u</charParams>
<charParams l="332" t="1397" r="347" b="1420" charConfidence="100">a</charParams>
<charParams l="350" t="1396" r="364" b="1420" charConfidence="26">r</charParams>
<charParams l="367" t="1391" r="382" b="1421" charConfidence="27">d</charParams>
<charParams l="383" t="1388" r="407" b="1421"> </charParams>
<charParams l="408" t="1388" r="424" b="1421" charConfidence="25">b</charParams>
<charParams l="428" t="1390" r="436" b="1421" charConfidence="26">i</charParams>
<charParams l="440" t="1393" r="455" b="1421" charConfidence="100">s</charParams>
<charParams l="459" t="1388" r="476" b="1430" charConfidence="62">h</charParams>
<charParams l="480" t="1398" r="492" b="1421" charConfidence="40">e</charParams>
<charParams l="495" t="1397" r="509" b="1420" charConfidence="26">r</charParams>
<charParams l="510" t="1388" r="531" b="1420"> </charParams>
<charParams l="532" t="1388" r="542" b="1419" charConfidence="40">i</charParams>
<charParams l="544" t="1394" r="572" b="1418" charConfidence="37">m</charParams>
<charParams l="577" t="1393" r="603" b="1416" charConfidence="100">m</charParams>
<charParams l="607" t="1392" r="619" b="1416" charConfidence="26">e</charParams>
<charParams l="622" t="1392" r="636" b="1415" charConfidence="46">r</charParams>
<charParams l="637" t="1392" r="667" b="1416"> </charParams>
<charParams l="668" t="1392" r="686" b="1416" charConfidence="78">u</charParams>
<charParams l="690" t="1391" r="707" b="1415" charConfidence="36">n</charParams>
<charParams l="710" t="1391" r="722" b="1425" charConfidence="29">z</charParams>
<charParams l="726" t="1392" r="743" b="1415" charConfidence="42">u</charParams>
<charParams l="747" t="1383" r="762" b="1423" charConfidence="45">f</charParams>
<charParams l="761" t="1392" r="773" b="1416" charConfidence="51">r</charParams>
<charParams l="776" t="1386" r="784" b="1418" charConfidence="-1">i</charParams>
<charParams l="788" t="1393" r="800" b="1416" charConfidence="28">e</charParams>
<charParams l="804" t="1387" r="819" b="1416" charConfidence="30">d</charParams>
<charParams l="823" t="1394" r="835" b="1417" charConfidence="48">e</charParams>
<charParams l="838" t="1394" r="856" b="1417" charConfidence="54">n</charParams>
<charParams l="857" t="1394" r="886" b="1425"> </charParams>
<charParams l="887" t="1394" r="903" b="1425" charConfidence="55">g</charParams>
<charParams l="908" t="1395" r="919" b="1417" charConfidence="25">e</charParams>
<charParams l="924" t="1393" r="948" b="1418" charConfidence="54">w</charParams>
<charParams l="953" t="1394" r="964" b="1416" charConfidence="30">e</charParams>
<charParams l="966" t="1396" r="975" b="1410" charConfidence="100">¬</charParams></formatting></line>
<line baseline="1482" l="171" t="1449" r="315" b="1488"><formatting lang="OldGerman">
<charParams l="171" t="1449" r="184" b="1488" charConfidence="61">s</charParams>
<charParams l="184" t="1458" r="195" b="1481" charConfidence="24">e</charParams>
<charParams l="199" t="1458" r="217" b="1480" charConfidence="79">n</charParams>
<charParams l="218" t="1458" r="241" b="1482"> </charParams>
<charParams l="242" t="1458" r="268" b="1482" charConfidence="32">w</charParams>
<charParams l="272" t="1459" r="287" b="1482" charConfidence="100">a</charParams>
<charParams l="291" t="1460" r="305" b="1483" charConfidence="72">r</charParams>
<charParams l="307" t="1474" r="315" b="1483" charConfidence="67">.</charParams></formatting></line></par>
</text>
</block>
<block blockType="Text" blockName="">
<text>
<par startIndent="144">
<line baseline="1547" l="753" t="1518" r="772" b="1547"><formatting lang="OldGerman">
<charParams l="753" t="1518" r="772" b="1547" charConfidence="100">5</charParams></formatting></line></par>
</text>
</block>
</page>
</document>