﻿<?xml version="1.0" encoding="UTF-8" standalone="yes"?>
<document xmlns="http://www.abbyy.com/FineReader_xml/FineReader10-schema-v1.xml" version="1.0" producer="ABBYY FineReader Engine 11" languages="" xmlns:xsi="http://www.w3.org/2001/XMLSchema-instance" xsi:schemaLocation="http://www.abbyy.com/FineReader_xml/FineReader10-schema-v1.xml http://www.abbyy.com/FineReader_xml/FineReader10-schema-v1.xml">
<page width="1156" height="1782" resolution="300" originalCoords="1">
<block blockType="Text" blockName="">
<text>
<par startIndent="144">
<line baseline="90" l="625" t="59" r="668" b="91"><formatting lang="OldGerman">
<charParams l="625" t="59" r="646" b="87" suspicious="1" charConfidence="46">6</charParams>
<charParams l="649" t="64" r="668" b="91" suspicious="1" charConfidence="22">8</charParams></formatting></line></par>
</text>
</block>
<block blockType="Text" blockName="">
<text>
<par align="Justified" startIndent="2072" lineSpacing="1488">
<line baseline="183" l="312" t="143" r="1037" b="191"><formatting lang="OldGerman">
<charParams l="312" t="149" r="342" b="188" suspicious="1" charConfidence="26">Z</charParams>
<charParams l="345" t="149" r="372" b="189" charConfidence="99">c</charParams>
<charParams l="345" t="149" r="372" b="189" charConfidence="99">h</charParams>
<charParams l="373" t="150" r="402" b="189"> </charParams>
<charParams l="403" t="150" r="416" b="181" charConfidence="29">k</charParams>
<charParams l="419" t="158" r="431" b="181" charConfidence="38">e</charParams>
<charParams l="433" t="158" r="450" b="181" charConfidence="36">n</charParams>
<charParams l="455" t="158" r="471" b="181" charConfidence="25">n</charParams>
<charParams l="476" t="159" r="489" b="181" charConfidence="26">e</charParams>
<charParams l="490" t="148" r="510" b="181"> </charParams>
<charParams l="511" t="148" r="521" b="179" charConfidence="28">i</charParams>
<charParams l="522" t="147" r="540" b="187" charConfidence="30">h</charParams>
<charParams l="544" t="154" r="561" b="177" charConfidence="26">n</charParams>
<charParams l="562" t="151" r="585" b="178"> </charParams>
<charParams l="586" t="152" r="604" b="175" charConfidence="56">n</charParams>
<charParams l="608" t="145" r="616" b="175" charConfidence="30">i</charParams>
<charParams l="619" t="145" r="646" b="183" charConfidence="45">c</charParams>
<charParams l="619" t="145" r="646" b="183" charConfidence="45">h</charParams>
<charParams l="650" t="149" r="661" b="175" charConfidence="48">t</charParams>
<charParams l="662" t="149" r="683" b="175"> </charParams>
<charParams l="684" t="152" r="713" b="175" charConfidence="99">m</charParams>
<charParams l="716" t="153" r="728" b="176" charConfidence="28">e</charParams>
<charParams l="732" t="145" r="748" b="186" charConfidence="26">h</charParams>
<charParams l="752" t="154" r="768" b="181" suspicious="1" charConfidence="68">p</charParams>
<charParams l="772" t="154" r="779" b="164" suspicious="1" charConfidence="100">-</charParams>
<charParams l="773" t="169" r="783" b="185" suspicious="1" charConfidence="65">,</charParams>
<charParams l="784" t="148" r="816" b="188"> </charParams>
<charParams l="817" t="149" r="832" b="188" charConfidence="50">s</charParams>
<charParams l="830" t="159" r="845" b="180" charConfidence="38">a</charParams>
<charParams l="848" t="159" r="866" b="189" charConfidence="26">g</charParams>
<charParams l="869" t="156" r="879" b="183" charConfidence="32">t</charParams>
<charParams l="882" t="159" r="896" b="182" charConfidence="24">e</charParams>
<charParams l="897" t="148" r="917" b="183"> </charParams>
<charParams l="918" t="148" r="945" b="183" charConfidence="-1">E</charParams>
<charParams l="948" t="150" r="963" b="183" charConfidence="29">d</charParams>
<charParams l="965" t="159" r="983" b="183" charConfidence="43">u</charParams>
<charParams l="987" t="162" r="1002" b="184" charConfidence="24">a</charParams>
<charParams l="1005" t="162" r="1019" b="186" charConfidence="27">r</charParams>
<charParams l="1022" t="156" r="1037" b="187" charConfidence="38">d</charParams></formatting></line>
<line baseline="245" l="246" t="202" r="1038" b="258"><formatting lang="OldGerman">
<charParams l="246" t="222" r="259" b="255" charConfidence="57">z</charParams>
<charParams l="263" t="222" r="280" b="246" charConfidence="27">u</charParams>
<charParams l="281" t="214" r="292" b="252"> </charParams>
<charParams l="293" t="214" r="306" b="252" charConfidence="81">s</charParams>
<charParams l="305" t="223" r="316" b="245" charConfidence="55">e</charParams>
<charParams l="320" t="214" r="328" b="245" charConfidence="33">i</charParams>
<charParams l="332" t="221" r="348" b="245" charConfidence="48">n</charParams>
<charParams l="352" t="222" r="364" b="245" charConfidence="30">e</charParams>
<charParams l="367" t="221" r="395" b="245" charConfidence="97">m</charParams>
<charParams l="396" t="211" r="408" b="251"> </charParams>
<charParams l="409" t="211" r="432" b="251" charConfidence="30">F</charParams>
<charParams l="435" t="221" r="447" b="244" charConfidence="34">r</charParams>
<charParams l="451" t="220" r="462" b="243" charConfidence="55">e</charParams>
<charParams l="466" t="220" r="483" b="243" charConfidence="34">u</charParams>
<charParams l="486" t="219" r="503" b="242" charConfidence="100">n</charParams>
<charParams l="507" t="213" r="522" b="242" charConfidence="26">d</charParams>
<charParams l="524" t="228" r="534" b="246" charConfidence="58">,</charParams>
<charParams l="535" t="212" r="557" b="246"> </charParams>
<charParams l="558" t="212" r="584" b="239" charConfidence="26">w</charParams>
<charParams l="588" t="207" r="596" b="237" charConfidence="32">i</charParams>
<charParams l="600" t="215" r="612" b="238" charConfidence="33">e</charParams>
<charParams l="613" t="212" r="629" b="238"> </charParams>
<charParams l="630" t="212" r="641" b="237" charConfidence="100">t</charParams>
<charParams l="641" t="205" r="660" b="245" charConfidence="26">h</charParams>
<charParams l="664" t="204" r="679" b="237" charConfidence="30">ä</charParams>
<charParams l="684" t="210" r="694" b="238" charConfidence="45">t</charParams>
<charParams l="697" t="207" r="705" b="237" charConfidence="57">i</charParams>
<charParams l="706" t="215" r="723" b="246" charConfidence="26">g</charParams>
<charParams l="724" t="215" r="741" b="246"> </charParams>
<charParams l="742" t="218" r="759" b="241" charConfidence="24">u</charParams>
<charParams l="764" t="218" r="780" b="241" charConfidence="24">n</charParams>
<charParams l="785" t="212" r="802" b="245" charConfidence="54">d</charParams>
<charParams l="803" t="208" r="814" b="246"> </charParams>
<charParams l="815" t="209" r="831" b="243" charConfidence="30">b</charParams>
<charParams l="832" t="219" r="847" b="247" charConfidence="25">r</charParams>
<charParams l="850" t="219" r="865" b="245" charConfidence="25">a</charParams>
<charParams l="869" t="221" r="885" b="244" charConfidence="72">u</charParams>
<charParams l="890" t="212" r="916" b="252" charConfidence="41">c</charParams>
<charParams l="890" t="212" r="916" b="252" charConfidence="41">h</charParams>
<charParams l="921" t="213" r="935" b="245" charConfidence="35">b</charParams>
<charParams l="940" t="221" r="954" b="244" charConfidence="100">a</charParams>
<charParams l="959" t="221" r="972" b="245" charConfidence="31">r</charParams>
<charParams l="973" t="216" r="990" b="245"> </charParams>
<charParams l="991" t="216" r="1006" b="245" charConfidence="26">d</charParams>
<charParams l="1010" t="223" r="1021" b="245" charConfidence="26">e</charParams>
<charParams l="1025" t="223" r="1038" b="247" charConfidence="27">r</charParams></formatting></line>
<line baseline="306" l="247" t="265" r="1038" b="317"><formatting lang="OldGerman">
<charParams l="247" t="274" r="292" b="309" charConfidence="34">M</charParams>
<charParams l="295" t="285" r="308" b="308" charConfidence="25">e</charParams>
<charParams l="311" t="285" r="327" b="308" charConfidence="25">n</charParams>
<charParams l="331" t="276" r="345" b="313" charConfidence="63">s</charParams>
<charParams l="342" t="275" r="370" b="313" charConfidence="67">c</charParams>
<charParams l="342" t="275" r="370" b="313" charConfidence="67">h</charParams>
<charParams l="370" t="276" r="395" b="313"> </charParams>
<charParams l="396" t="276" r="404" b="307" charConfidence="55">i</charParams>
<charParams l="407" t="276" r="428" b="315" charConfidence="31">s</charParams>
<charParams l="407" t="276" r="428" b="315" charConfidence="31">t</charParams>
<charParams l="430" t="297" r="438" b="306" charConfidence="93">.</charParams>
<charParams l="439" t="270" r="485" b="306"> </charParams>
<charParams l="486" t="270" r="521" b="303" charConfidence="39">D</charParams>
<charParams l="524" t="278" r="539" b="301" charConfidence="26">a</charParams>
<charParams l="544" t="271" r="558" b="299" charConfidence="96">s</charParams>
<charParams l="559" t="271" r="575" b="299"> </charParams>
<charParams l="576" t="274" r="605" b="298" charConfidence="58">m</charParams>
<charParams l="609" t="277" r="624" b="298" charConfidence="25">a</charParams>
<charParams l="628" t="267" r="655" b="306" charConfidence="58">c</charParams>
<charParams l="628" t="267" r="655" b="306" charConfidence="58">h</charParams>
<charParams l="659" t="272" r="670" b="298" charConfidence="52">t</charParams>
<charParams l="676" t="289" r="686" b="305" charConfidence="59">,</charParams>
<charParams l="687" t="277" r="710" b="305"> </charParams>
<charParams l="711" t="277" r="728" b="300" charConfidence="48">v</charParams>
<charParams l="732" t="278" r="745" b="302" charConfidence="25">e</charParams>
<charParams l="748" t="278" r="760" b="301" charConfidence="75">r</charParams>
<charParams l="763" t="270" r="777" b="307" charConfidence="36">s</charParams>
<charParams l="775" t="278" r="787" b="301" charConfidence="29">e</charParams>
<charParams l="788" t="275" r="808" b="309" charConfidence="34">t</charParams>
<charParams l="788" t="275" r="808" b="309" charConfidence="34">z</charParams>
<charParams l="812" t="276" r="822" b="303" charConfidence="35">t</charParams>
<charParams l="824" t="281" r="837" b="303" charConfidence="30">e</charParams>
<charParams l="838" t="276" r="856" b="305"> </charParams>
<charParams l="857" t="276" r="872" b="305" charConfidence="30">d</charParams>
<charParams l="876" t="284" r="887" b="307" charConfidence="29">e</charParams>
<charParams l="892" t="285" r="904" b="308" charConfidence="26">r</charParams>
<charParams l="904" t="273" r="920" b="314"> </charParams>
<charParams l="920" t="273" r="952" b="314" charConfidence="28">H</charParams>
<charParams l="956" t="284" r="971" b="307" charConfidence="32">a</charParams>
<charParams l="975" t="283" r="992" b="308" charConfidence="53">u</charParams>
<charParams l="995" t="283" r="1013" b="314" charConfidence="28">p</charParams>
<charParams l="1015" t="280" r="1027" b="308" charConfidence="100">t</charParams>
<charParams l="1029" t="289" r="1038" b="304" suspicious="1" charConfidence="93">,</charParams></formatting></line>
<line baseline="367" l="245" t="327" r="1035" b="376"><formatting lang="OldGerman">
<charParams l="245" t="346" r="273" b="369" charConfidence="55">m</charParams>
<charParams l="277" t="346" r="293" b="368" charConfidence="25">a</charParams>
<charParams l="297" t="346" r="313" b="369" charConfidence="26">n</charParams>
<charParams l="318" t="345" r="335" b="369" charConfidence="47">n</charParams>
<charParams l="344" t="358" r="355" b="374" suspicious="1" charConfidence="100">,</charParams>
<charParams l="356" t="343" r="402" b="374"> </charParams>
<charParams l="403" t="343" r="430" b="368" charConfidence="30">w</charParams>
<charParams l="433" t="335" r="441" b="366" charConfidence="32">i</charParams>
<charParams l="444" t="343" r="458" b="366" charConfidence="25">r</charParams>
<charParams l="459" t="338" r="486" b="366"> </charParams>
<charParams l="487" t="338" r="498" b="365" charConfidence="76">t</charParams>
<charParams l="500" t="341" r="513" b="364" charConfidence="67">r</charParams>
<charParams l="515" t="340" r="531" b="362" charConfidence="46">a</charParams>
<charParams l="534" t="338" r="550" b="369" charConfidence="27">g</charParams>
<charParams l="554" t="338" r="567" b="361" charConfidence="34">e</charParams>
<charParams l="569" t="337" r="587" b="361" charConfidence="69">n</charParams>
<charParams l="588" t="330" r="618" b="361"> </charParams>
<charParams l="619" t="330" r="627" b="360" charConfidence="57">i</charParams>
<charParams l="631" t="329" r="647" b="370" charConfidence="59">h</charParams>
<charParams l="651" t="336" r="680" b="361" charConfidence="31">m</charParams>
<charParams l="681" t="336" r="710" b="361"> </charParams>
<charParams l="711" t="338" r="730" b="361" charConfidence="30">n</charParams>
<charParams l="734" t="331" r="742" b="361" charConfidence="47">i</charParams>
<charParams l="745" t="330" r="771" b="367" charConfidence="77">c</charParams>
<charParams l="745" t="330" r="771" b="367" charConfidence="77">h</charParams>
<charParams l="774" t="336" r="786" b="362" charConfidence="35">t</charParams>
<charParams l="789" t="337" r="804" b="363" charConfidence="100">s</charParams>
<charParams l="805" t="333" r="836" b="367"> </charParams>
<charParams l="837" t="334" r="872" b="367" charConfidence="37">N</charParams>
<charParams l="875" t="345" r="886" b="368" charConfidence="100">e</charParams>
<charParams l="891" t="345" r="907" b="369" charConfidence="29">u</charParams>
<charParams l="911" t="345" r="923" b="368" charConfidence="49">e</charParams>
<charParams l="926" t="342" r="943" b="370" charConfidence="100">s</charParams>
<charParams l="944" t="342" r="973" b="370"> </charParams>
<charParams l="974" t="347" r="990" b="370" charConfidence="100">a</charParams>
<charParams l="995" t="346" r="1012" b="370" charConfidence="35">u</charParams>
<charParams l="1014" t="338" r="1029" b="376" charConfidence="42">f</charParams>
<charParams l="1027" t="361" r="1035" b="376" charConfidence="58">,</charParams></formatting></line>
<line baseline="430" l="243" t="389" r="1036" b="438"><formatting lang="OldGerman">
<charParams l="243" t="409" r="259" b="433" charConfidence="100">a</charParams>
<charParams l="264" t="401" r="272" b="431" charConfidence="31">l</charParams>
<charParams l="274" t="404" r="290" b="431" charConfidence="100">s</charParams>
<charParams l="291" t="400" r="315" b="431"> </charParams>
<charParams l="316" t="400" r="331" b="430" charConfidence="37">b</charParams>
<charParams l="335" t="400" r="343" b="431" charConfidence="62">i</charParams>
<charParams l="346" t="401" r="362" b="430" charConfidence="100">s</charParams>
<charParams l="363" t="402" r="395" b="430"> </charParams>
<charParams l="396" t="407" r="408" b="429" charConfidence="32">e</charParams>
<charParams l="412" t="405" r="424" b="429" charConfidence="25">r</charParams>
<charParams l="425" t="398" r="458" b="429"> </charParams>
<charParams l="459" t="398" r="475" b="427" charConfidence="27">d</charParams>
<charParams l="478" t="403" r="493" b="426" charConfidence="35">a</charParams>
<charParams l="497" t="396" r="513" b="425" charConfidence="100">S</charParams>
<charParams l="514" t="390" r="536" b="425"> </charParams>
<charParams l="537" t="390" r="566" b="424" charConfidence="25">A</charParams>
<charParams l="568" t="392" r="576" b="424" charConfidence="84">l</charParams>
<charParams l="579" t="394" r="589" b="422" charConfidence="40">t</charParams>
<charParams l="591" t="400" r="604" b="424" charConfidence="77">e</charParams>
<charParams l="605" t="400" r="628" b="424"> </charParams>
<charParams l="629" t="400" r="645" b="424" charConfidence="29">n</charParams>
<charParams l="650" t="400" r="665" b="423" charConfidence="54">a</charParams>
<charParams l="669" t="391" r="696" b="429" charConfidence="58">c</charParams>
<charParams l="669" t="391" r="696" b="429" charConfidence="58">h</charParams>
<charParams l="697" t="391" r="721" b="430"> </charParams>
<charParams l="722" t="391" r="735" b="430" charConfidence="68">s</charParams>
<charParams l="733" t="399" r="745" b="423" charConfidence="55">e</charParams>
<charParams l="749" t="392" r="757" b="423" charConfidence="29">i</charParams>
<charParams l="760" t="400" r="777" b="424" charConfidence="25">n</charParams>
<charParams l="781" t="401" r="793" b="423" charConfidence="28">e</charParams>
<charParams l="796" t="401" r="811" b="425" charConfidence="38">r</charParams>
<charParams l="812" t="394" r="834" b="428"> </charParams>
<charParams l="835" t="395" r="868" b="428" suspicious="1" charConfidence="26">D</charParams>
<charParams l="871" t="405" r="884" b="433" suspicious="1" charConfidence="24">e</charParams>
<charParams l="887" t="406" r="901" b="436" charConfidence="100">q</charParams>
<charParams l="906" t="407" r="923" b="430" charConfidence="39">u</charParams>
<charParams l="926" t="407" r="939" b="431" charConfidence="45">e</charParams>
<charParams l="942" t="406" r="971" b="432" charConfidence="34">m</charParams>
<charParams l="974" t="402" r="982" b="433" charConfidence="35">l</charParams>
<charParams l="985" t="401" r="993" b="433" charConfidence="35">i</charParams>
<charParams l="995" t="400" r="1023" b="438" charConfidence="93">c</charParams>
<charParams l="995" t="400" r="1023" b="438" suspicious="1" charConfidence="93">h</charParams>
<charParams l="1026" t="412" r="1036" b="428" charConfidence="22">-</charParams></formatting></line>
<line baseline="490" l="242" t="451" r="1035" b="498"><formatting lang="OldGerman">
<charParams l="242" t="460" r="256" b="491" charConfidence="27">k</charParams>
<charParams l="258" t="469" r="270" b="492" charConfidence="35">e</charParams>
<charParams l="274" t="462" r="281" b="491" charConfidence="48">i</charParams>
<charParams l="285" t="466" r="296" b="492" charConfidence="34">t</charParams>
<charParams l="297" t="466" r="317" b="492"> </charParams>
<charParams l="318" t="468" r="336" b="490" charConfidence="100">v</charParams>
<charParams l="340" t="466" r="354" b="490" charConfidence="32">o</charParams>
<charParams l="359" t="459" r="375" b="489" charConfidence="-1">l</charParams>
<charParams l="359" t="459" r="375" b="489" charConfidence="-1">l</charParams>
<charParams l="378" t="467" r="390" b="489" charConfidence="31">e</charParams>
<charParams l="394" t="467" r="411" b="489" charConfidence="27">n</charParams>
<charParams l="415" t="460" r="430" b="488" charConfidence="27">d</charParams>
<charParams l="434" t="466" r="446" b="487" charConfidence="38">e</charParams>
<charParams l="450" t="462" r="460" b="487" charConfidence="28">t</charParams>
<charParams l="461" t="453" r="482" b="496"> </charParams>
<charParams l="483" t="453" r="501" b="496" suspicious="1" charConfidence="26">h</charParams>
<charParams l="505" t="463" r="520" b="485" charConfidence="35">a</charParams>
<charParams l="525" t="458" r="536" b="485" charConfidence="38">t</charParams>
<charParams l="542" t="477" r="551" b="491" charConfidence="83">,</charParams>
<charParams l="552" t="461" r="590" b="492"> </charParams>
<charParams l="591" t="462" r="607" b="486" charConfidence="28">u</charParams>
<charParams l="612" t="463" r="629" b="485" charConfidence="25">n</charParams>
<charParams l="632" t="455" r="648" b="486" charConfidence="31">d</charParams>
<charParams l="649" t="453" r="673" b="491"> </charParams>
<charParams l="674" t="453" r="688" b="491" charConfidence="100">s</charParams>
<charParams l="686" t="463" r="701" b="485" suspicious="1" charConfidence="34">o</charParams>
<charParams l="702" t="455" r="725" b="485"> </charParams>
<charParams l="726" t="455" r="734" b="485" charConfidence="29">l</charParams>
<charParams l="738" t="462" r="750" b="485" charConfidence="28">e</charParams>
<charParams l="754" t="455" r="763" b="485" charConfidence="24">i</charParams>
<charParams l="765" t="455" r="786" b="493" charConfidence="30">s</charParams>
<charParams l="765" t="455" r="786" b="493" charConfidence="30">t</charParams>
<charParams l="788" t="463" r="800" b="486" charConfidence="29">e</charParams>
<charParams l="802" t="460" r="814" b="488" charConfidence="77">t</charParams>
<charParams l="815" t="461" r="835" b="494"> </charParams>
<charParams l="836" t="465" r="851" b="494" suspicious="1" charConfidence="-1">x</charParams>
<charParams l="854" t="464" r="869" b="487" suspicious="1" charConfidence="23">r</charParams>
<charParams l="875" t="478" r="885" b="494" charConfidence="93">,</charParams>
<charParams l="886" t="466" r="918" b="494"> </charParams>
<charParams l="919" t="466" r="946" b="490" charConfidence="38">w</charParams>
<charParams l="950" t="461" r="958" b="490" charConfidence="93">i</charParams>
<charParams l="961" t="469" r="974" b="491" charConfidence="26">e</charParams>
<charParams l="975" t="464" r="993" b="492"> </charParams>
<charParams l="994" t="464" r="1013" b="492" charConfidence="24">d</charParams>
<charParams l="1017" t="470" r="1035" b="493" charConfidence="46">u</charParams></formatting></line>
<line baseline="553" l="238" t="513" r="1035" b="565"><formatting lang="OldGerman">
<charParams l="238" t="521" r="254" b="561" charConfidence="41">s</charParams>
<charParams l="250" t="523" r="259" b="553" suspicious="1" charConfidence="25">i</charParams>
<charParams l="260" t="529" r="273" b="551" charConfidence="26">e</charParams>
<charParams l="276" t="521" r="293" b="562" charConfidence="29">h</charParams>
<charParams l="296" t="520" r="318" b="558" charConfidence="66">s</charParams>
<charParams l="296" t="520" r="318" b="558" suspicious="1" charConfidence="66">t</charParams>
<charParams l="325" t="542" r="335" b="556" charConfidence="100">,</charParams>
<charParams l="336" t="518" r="367" b="557"> </charParams>
<charParams l="367" t="519" r="381" b="557" charConfidence="100">s</charParams>
<charParams l="379" t="527" r="393" b="550" charConfidence="63">e</charParams>
<charParams l="395" t="517" r="412" b="557" charConfidence="38">h</charParams>
<charParams l="414" t="526" r="429" b="548" charConfidence="37">r</charParams>
<charParams l="429" t="525" r="450" b="548"> </charParams>
<charParams l="450" t="525" r="469" b="548" charConfidence="26">v</charParams>
<charParams l="472" t="516" r="482" b="547" charConfidence="64">i</charParams>
<charParams l="484" t="525" r="497" b="548" charConfidence="32">e</charParams>
<charParams l="500" t="518" r="508" b="548" charConfidence="35">l</charParams>
<charParams l="518" t="526" r="528" b="555" charConfidence="30">;</charParams>
<charParams l="528" t="516" r="561" b="556"> </charParams>
<charParams l="561" t="516" r="575" b="556" charConfidence="100">s</charParams>
<charParams l="573" t="524" r="588" b="548" charConfidence="35">o</charParams>
<charParams l="592" t="515" r="607" b="549" charConfidence="32">b</charParams>
<charParams l="610" t="525" r="628" b="548" charConfidence="48">a</charParams>
<charParams l="630" t="518" r="639" b="549" charConfidence="34">l</charParams>
<charParams l="642" t="519" r="658" b="549" charConfidence="27">d</charParams>
<charParams l="658" t="519" r="683" b="549"> </charParams>
<charParams l="683" t="524" r="712" b="549" charConfidence="30">m</charParams>
<charParams l="715" t="524" r="732" b="548" charConfidence="28">a</charParams>
<charParams l="734" t="525" r="754" b="549" charConfidence="25">n</charParams>
<charParams l="754" t="518" r="777" b="549"> </charParams>
<charParams l="777" t="518" r="788" b="549" charConfidence="26">i</charParams>
<charParams l="790" t="516" r="807" b="558" charConfidence="100">h</charParams>
<charParams l="811" t="524" r="830" b="549" charConfidence="31">n</charParams>
<charParams l="830" t="518" r="854" b="557"> </charParams>
<charParams l="854" t="518" r="875" b="557" charConfidence="71">s</charParams>
<charParams l="854" t="518" r="875" b="557" charConfidence="71">t</charParams>
<charParams l="877" t="517" r="893" b="550" charConfidence="24">ö</charParams>
<charParams l="896" t="526" r="909" b="549" charConfidence="26">r</charParams>
<charParams l="912" t="523" r="924" b="550" charConfidence="68">t</charParams>
<charParams l="931" t="542" r="942" b="557" charConfidence="100">,</charParams>
<charParams l="942" t="529" r="972" b="557"> </charParams>
<charParams l="972" t="529" r="992" b="553" charConfidence="27">v</charParams>
<charParams l="994" t="530" r="1007" b="554" charConfidence="26">e</charParams>
<charParams l="1009" t="530" r="1024" b="555" charConfidence="31">r</charParams>
<charParams l="1025" t="536" r="1035" b="551" charConfidence="100">¬</charParams></formatting></line>
<line baseline="617" l="238" t="579" r="562" b="623"><formatting lang="OldGerman">
<charParams l="238" t="590" r="265" b="614" charConfidence="55">m</charParams>
<charParams l="269" t="591" r="284" b="614" charConfidence="27">a</charParams>
<charParams l="288" t="590" r="304" b="622" charConfidence="37">g</charParams>
<charParams l="305" t="590" r="329" b="622"> </charParams>
<charParams l="330" t="590" r="342" b="614" charConfidence="28">e</charParams>
<charParams l="345" t="589" r="358" b="614" charConfidence="40">r</charParams>
<charParams l="359" t="590" r="380" b="621"> </charParams>
<charParams l="381" t="590" r="398" b="621" charConfidence="25">g</charParams>
<charParams l="402" t="590" r="417" b="613" charConfidence="100">a</charParams>
<charParams l="421" t="589" r="435" b="613" charConfidence="49">r</charParams>
<charParams l="436" t="589" r="457" b="613"> </charParams>
<charParams l="458" t="589" r="476" b="613" charConfidence="29">n</charParams>
<charParams l="481" t="581" r="488" b="613" charConfidence="67">i</charParams>
<charParams l="491" t="580" r="518" b="622" charConfidence="55">c</charParams>
<charParams l="491" t="580" r="518" b="622" charConfidence="55">h</charParams>
<charParams l="522" t="586" r="532" b="612" charConfidence="58">t</charParams>
<charParams l="535" t="584" r="551" b="613" charConfidence="80">s</charParams>
<charParams l="554" t="606" r="562" b="613" charConfidence="100">.</charParams></formatting></line></par>
<par align="Justified" startIndent="2072" lineSpacing="1464">
<line baseline="745" l="304" t="705" r="1034" b="752"><formatting lang="OldGerman">
<charParams l="304" t="710" r="337" b="744" charConfidence="27">B</charParams>
<charParams l="342" t="719" r="354" b="744" charConfidence="100">r</charParams>
<charParams l="357" t="719" r="372" b="743" suspicious="1" charConfidence="54">a</charParams>
<charParams l="376" t="721" r="386" b="743" charConfidence="43">c</charParams>
<charParams l="387" t="711" r="402" b="749" charConfidence="40">h</charParams>
<charParams l="406" t="716" r="417" b="744" charConfidence="50">t</charParams>
<charParams l="420" t="719" r="431" b="743" charConfidence="30">e</charParams>
<charParams l="435" t="719" r="452" b="743" charConfidence="35">n</charParams>
<charParams l="453" t="712" r="476" b="743"> </charParams>
<charParams l="477" t="712" r="492" b="743" charConfidence="33">d</charParams>
<charParams l="497" t="711" r="504" b="744" charConfidence="44">i</charParams>
<charParams l="508" t="720" r="521" b="743" charConfidence="36">e</charParams>
<charParams l="522" t="709" r="544" b="749"> </charParams>
<charParams l="545" t="709" r="568" b="749" charConfidence="35">F</charParams>
<charParams l="571" t="718" r="583" b="743" charConfidence="100">r</charParams>
<charParams l="587" t="719" r="599" b="743" charConfidence="29">e</charParams>
<charParams l="602" t="719" r="617" b="743" charConfidence="28">u</charParams>
<charParams l="622" t="719" r="639" b="743" charConfidence="33">n</charParams>
<charParams l="643" t="711" r="657" b="743" charConfidence="33">d</charParams>
<charParams l="662" t="719" r="675" b="744" charConfidence="32">e</charParams>
<charParams l="676" t="719" r="697" b="744"> </charParams>
<charParams l="698" t="719" r="714" b="742" charConfidence="100">a</charParams>
<charParams l="718" t="719" r="734" b="743" charConfidence="25">u</charParams>
<charParams l="739" t="710" r="753" b="750" suspicious="1" charConfidence="100">f</charParams>
<charParams l="754" t="710" r="771" b="750"> </charParams>
<charParams l="772" t="712" r="787" b="743" charConfidence="33">d</charParams>
<charParams l="792" t="711" r="799" b="743" charConfidence="-1">i</charParams>
<charParams l="802" t="718" r="815" b="744" charConfidence="27">e</charParams>
<charParams l="818" t="710" r="831" b="749" charConfidence="28">s</charParams>
<charParams l="828" t="719" r="842" b="743" charConfidence="55">e</charParams>
<charParams l="843" t="708" r="857" b="744"> </charParams>
<charParams l="858" t="708" r="902" b="744" charConfidence="24">W</charParams>
<charParams l="905" t="719" r="916" b="744" charConfidence="54">e</charParams>
<charParams l="920" t="711" r="928" b="743" charConfidence="28">i</charParams>
<charParams l="932" t="709" r="946" b="750" charConfidence="26">s</charParams>
<charParams l="943" t="718" r="956" b="742" charConfidence="38">e</charParams>
<charParams l="957" t="710" r="971" b="742"> </charParams>
<charParams l="972" t="710" r="980" b="742" charConfidence="100">i</charParams>
<charParams l="984" t="708" r="1000" b="752" charConfidence="96">h</charParams>
<charParams l="1004" t="718" r="1017" b="742" charConfidence="31">r</charParams>
<charParams l="1020" t="718" r="1034" b="742" charConfidence="93">e</charParams></formatting></line>
<line baseline="807" l="237" t="769" r="1032" b="817"><formatting lang="OldGerman">
<charParams l="237" t="773" r="265" b="807" charConfidence="45">T</charParams>
<charParams l="268" t="783" r="283" b="805" charConfidence="54">a</charParams>
<charParams l="286" t="783" r="302" b="814" charConfidence="43">g</charParams>
<charParams l="307" t="783" r="320" b="805" charConfidence="45">e</charParams>
<charParams l="321" t="782" r="341" b="814"> </charParams>
<charParams l="342" t="782" r="354" b="815" charConfidence="45">z</charParams>
<charParams l="359" t="783" r="376" b="805" charConfidence="100">u</charParams>
<charParams l="380" t="774" r="394" b="811" charConfidence="48">s</charParams>
<charParams l="391" t="783" r="406" b="804" charConfidence="75">a</charParams>
<charParams l="411" t="781" r="438" b="805" charConfidence="54">m</charParams>
<charParams l="441" t="781" r="469" b="805" charConfidence="55">m</charParams>
<charParams l="473" t="782" r="485" b="805" charConfidence="31">e</charParams>
<charParams l="488" t="781" r="507" b="805" charConfidence="29">n</charParams>
<charParams l="508" t="781" r="528" b="814"> </charParams>
<charParams l="529" t="781" r="542" b="814" charConfidence="100">z</charParams>
<charParams l="545" t="782" r="564" b="805" charConfidence="28">u</charParams>
<charParams l="572" t="795" r="582" b="811" charConfidence="100">,</charParams>
<charParams l="583" t="773" r="607" b="811"> </charParams>
<charParams l="607" t="773" r="621" b="811" charConfidence="53">s</charParams>
<charParams l="619" t="782" r="633" b="804" charConfidence="48">o</charParams>
<charParams l="634" t="782" r="652" b="805"> </charParams>
<charParams l="653" t="782" r="670" b="805" charConfidence="30">v</charParams>
<charParams l="674" t="782" r="686" b="805" charConfidence="28">e</charParams>
<charParams l="690" t="782" r="702" b="804" charConfidence="26">r</charParams>
<charParams l="706" t="774" r="719" b="811" charConfidence="30">s</charParams>
<charParams l="716" t="773" r="733" b="805" charConfidence="31">ä</charParams>
<charParams l="736" t="782" r="753" b="806" charConfidence="27">u</charParams>
<charParams l="757" t="781" r="785" b="805" charConfidence="100">m</charParams>
<charParams l="787" t="780" r="798" b="805" charConfidence="30">t</charParams>
<charParams l="801" t="781" r="813" b="806" charConfidence="26">e</charParams>
<charParams l="817" t="782" r="835" b="805" charConfidence="45">n</charParams>
<charParams l="836" t="774" r="860" b="813"> </charParams>
<charParams l="860" t="774" r="880" b="813" charConfidence="100">s</charParams>
<charParams l="860" t="774" r="880" b="813" charConfidence="100">i</charParams>
<charParams l="881" t="783" r="895" b="806" charConfidence="25">e</charParams>
<charParams l="896" t="772" r="909" b="807"> </charParams>
<charParams l="909" t="772" r="938" b="807" charConfidence="20">A</charParams>
<charParams l="939" t="773" r="956" b="811" suspicious="1" charConfidence="17">h</charParams>
<charParams l="958" t="781" r="971" b="810" suspicious="1" charConfidence="24">e</charParams>
<charParams l="973" t="781" r="991" b="809" charConfidence="25">n</charParams>
<charParams l="995" t="776" r="1012" b="803" charConfidence="26">d</charParams>
<charParams l="1014" t="776" r="1032" b="804" charConfidence="100">S</charParams></formatting></line>
<line baseline="869" l="233" t="828" r="1029" b="876"><formatting lang="OldGerman">
<charParams l="233" t="844" r="251" b="866" charConfidence="28">n</charParams>
<charParams l="255" t="837" r="263" b="866" charConfidence="27">i</charParams>
<charParams l="266" t="836" r="293" b="873" charConfidence="72">c</charParams>
<charParams l="266" t="836" r="293" b="873" charConfidence="72">h</charParams>
<charParams l="296" t="840" r="308" b="866" charConfidence="57">t</charParams>
<charParams l="309" t="833" r="331" b="867"> </charParams>
<charParams l="332" t="833" r="357" b="868" charConfidence="31">C</charParams>
<charParams l="360" t="834" r="376" b="873" charConfidence="100">h</charParams>
<charParams l="381" t="843" r="396" b="864" charConfidence="100">a</charParams>
<charParams l="400" t="842" r="413" b="865" charConfidence="54">r</charParams>
<charParams l="416" t="836" r="425" b="865" charConfidence="64">l</charParams>
<charParams l="427" t="843" r="441" b="866" charConfidence="38">o</charParams>
<charParams l="445" t="840" r="455" b="866" charConfidence="59">t</charParams>
<charParams l="459" t="839" r="469" b="867" charConfidence="55">t</charParams>
<charParams l="471" t="843" r="484" b="870" charConfidence="24">e</charParams>
<charParams l="487" t="842" r="505" b="869" charConfidence="23">n</charParams>
<charParams l="506" t="842" r="523" b="869"> </charParams>
<charParams l="524" t="842" r="537" b="867" charConfidence="48">r</charParams>
<charParams l="540" t="843" r="552" b="865" charConfidence="40">e</charParams>
<charParams l="554" t="841" r="570" b="873" charConfidence="26">g</charParams>
<charParams l="575" t="842" r="587" b="865" charConfidence="26">e</charParams>
<charParams l="590" t="836" r="599" b="866" charConfidence="100">l</charParams>
<charParams l="601" t="841" r="628" b="869" charConfidence="100">m</charParams>
<charParams l="633" t="834" r="647" b="865" charConfidence="25">ä</charParams>
<charParams l="652" t="834" r="668" b="870" charConfidence="27">ß</charParams>
<charParams l="672" t="835" r="679" b="865" charConfidence="100">i</charParams>
<charParams l="681" t="842" r="698" b="873" charConfidence="32">g</charParams>
<charParams l="700" t="865" r="704" b="870" suspicious="1" charConfidence="54">,</charParams>
<charParams l="705" t="842" r="716" b="874"> </charParams>
<charParams l="717" t="842" r="729" b="874" charConfidence="54">z</charParams>
<charParams l="733" t="843" r="750" b="868" charConfidence="23">u</charParams>
<charParams l="751" t="834" r="767" b="868"> </charParams>
<charParams l="768" t="834" r="785" b="866" charConfidence="26">b</charParams>
<charParams l="788" t="843" r="800" b="865" charConfidence="25">e</charParams>
<charParams l="804" t="833" r="818" b="873" charConfidence="26">s</charParams>
<charParams l="815" t="842" r="832" b="866" charConfidence="31">u</charParams>
<charParams l="835" t="834" r="862" b="872" charConfidence="57">c</charParams>
<charParams l="835" t="834" r="862" b="872" charConfidence="57">h</charParams>
<charParams l="866" t="842" r="879" b="867" charConfidence="33">e</charParams>
<charParams l="881" t="842" r="899" b="868" charConfidence="30">n</charParams>
<charParams l="901" t="856" r="911" b="865" charConfidence="100">.</charParams>
<charParams l="912" t="831" r="946" b="870"> </charParams>
<charParams l="947" t="831" r="971" b="870" charConfidence="33">F</charParams>
<charParams l="972" t="841" r="988" b="864" charConfidence="44">a</charParams>
<charParams l="991" t="841" r="1009" b="864" charConfidence="50">n</charParams>
<charParams l="1013" t="835" r="1029" b="865" charConfidence="25">d</charParams></formatting></line>
<line baseline="927" l="231" t="889" r="1027" b="935"><formatting lang="OldGerman">
<charParams l="231" t="894" r="250" b="932" charConfidence="82">s</charParams>
<charParams l="231" t="894" r="250" b="932" charConfidence="82">i</charParams>
<charParams l="251" t="895" r="280" b="931" charConfidence="65">c</charParams>
<charParams l="251" t="895" r="280" b="931" charConfidence="65">h</charParams>
<charParams l="281" t="893" r="302" b="931"> </charParams>
<charParams l="303" t="893" r="317" b="924" charConfidence="94">k</charParams>
<charParams l="319" t="901" r="331" b="924" charConfidence="100">e</charParams>
<charParams l="335" t="894" r="342" b="923" charConfidence="33">i</charParams>
<charParams l="346" t="901" r="363" b="924" charConfidence="25">n</charParams>
<charParams l="367" t="901" r="380" b="923" charConfidence="32">e</charParams>
<charParams l="381" t="891" r="410" b="924"> </charParams>
<charParams l="411" t="891" r="445" b="924" charConfidence="25">G</charParams>
<charParams l="448" t="901" r="460" b="923" charConfidence="27">e</charParams>
<charParams l="463" t="894" r="478" b="930" charConfidence="70">s</charParams>
<charParams l="475" t="901" r="486" b="926" charConfidence="24">e</charParams>
<charParams l="490" t="893" r="500" b="924" charConfidence="74">l</charParams>
<charParams l="500" t="893" r="510" b="926" charConfidence="25">l</charParams>
<charParams l="511" t="895" r="525" b="928" charConfidence="25">s</charParams>
<charParams l="521" t="894" r="549" b="930" charConfidence="67">c</charParams>
<charParams l="521" t="894" r="549" b="930" charConfidence="67">h</charParams>
<charParams l="552" t="902" r="568" b="924" charConfidence="25">a</charParams>
<charParams l="571" t="892" r="587" b="930" charConfidence="27">f</charParams>
<charParams l="585" t="898" r="597" b="925" charConfidence="37">t</charParams>
<charParams l="598" t="898" r="618" b="925"> </charParams>
<charParams l="619" t="901" r="636" b="924" charConfidence="64">v</charParams>
<charParams l="640" t="901" r="655" b="923" charConfidence="48">o</charParams>
<charParams l="658" t="901" r="676" b="922" suspicious="1" charConfidence="51">n</charParams>
<charParams l="677" t="893" r="699" b="923"> </charParams>
<charParams l="700" t="893" r="717" b="923" charConfidence="31">b</charParams>
<charParams l="720" t="901" r="732" b="923" charConfidence="30">e</charParams>
<charParams l="735" t="901" r="752" b="923" charConfidence="29">n</charParams>
<charParams l="756" t="900" r="772" b="923" charConfidence="64">a</charParams>
<charParams l="775" t="895" r="805" b="930" charConfidence="53">c</charParams>
<charParams l="775" t="895" r="805" b="930" suspicious="1" charConfidence="53">h</charParams>
<charParams l="806" t="891" r="823" b="924" charConfidence="27">b</charParams>
<charParams l="825" t="900" r="841" b="922" charConfidence="28">a</charParams>
<charParams l="845" t="900" r="859" b="926" charConfidence="31">r</charParams>
<charParams l="861" t="897" r="872" b="927" charConfidence="25">t</charParams>
<charParams l="874" t="900" r="887" b="923" charConfidence="59">e</charParams>
<charParams l="890" t="900" r="912" b="922" charConfidence="23">n</charParams>
<charParams l="913" t="892" r="928" b="924"> </charParams>
<charParams l="929" t="892" r="961" b="924" charConfidence="66">O</charParams>
<charParams l="964" t="900" r="977" b="922" charConfidence="55">r</charParams>
<charParams l="980" t="898" r="990" b="924" charConfidence="71">t</charParams>
<charParams l="993" t="901" r="1005" b="925" charConfidence="26">e</charParams>
<charParams l="1008" t="902" r="1027" b="927" charConfidence="25">n</charParams></formatting></line>
<line baseline="985" l="229" t="947" r="1025" b="992"><formatting lang="OldGerman">
<charParams l="229" t="962" r="246" b="986" charConfidence="36">u</charParams>
<charParams l="250" t="962" r="267" b="985" charConfidence="41">n</charParams>
<charParams l="271" t="955" r="286" b="984" charConfidence="30">d</charParams>
<charParams l="287" t="950" r="319" b="984"> </charParams>
<charParams l="320" t="950" r="353" b="985" charConfidence="29">G</charParams>
<charParams l="357" t="950" r="374" b="982" charConfidence="25">ü</charParams>
<charParams l="378" t="957" r="388" b="982" charConfidence="43">t</charParams>
<charParams l="391" t="959" r="403" b="982" charConfidence="37">e</charParams>
<charParams l="406" t="959" r="419" b="982" charConfidence="25">r</charParams>
<charParams l="422" t="959" r="440" b="982" charConfidence="30">n</charParams>
<charParams l="447" t="972" r="457" b="988" suspicious="1" charConfidence="62">,</charParams>
<charParams l="458" t="957" r="498" b="988"> </charParams>
<charParams l="499" t="957" r="525" b="982" charConfidence="25">w</charParams>
<charParams l="529" t="959" r="542" b="982" charConfidence="26">e</charParams>
<charParams l="545" t="952" r="553" b="982" charConfidence="67">l</charParams>
<charParams l="556" t="951" r="582" b="989" charConfidence="62">c</charParams>
<charParams l="556" t="951" r="582" b="989" charConfidence="62">h</charParams>
<charParams l="587" t="959" r="598" b="982" charConfidence="30">e</charParams>
<charParams l="602" t="954" r="618" b="982" charConfidence="100">s</charParams>
<charParams l="619" t="951" r="640" b="982"> </charParams>
<charParams l="641" t="951" r="657" b="982" charConfidence="22">ö</charParams>
<charParams l="660" t="950" r="676" b="989" charConfidence="73">f</charParams>
<charParams l="675" t="956" r="685" b="982" charConfidence="27">t</charParams>
<charParams l="688" t="959" r="699" b="982" charConfidence="25">e</charParams>
<charParams l="703" t="959" r="716" b="983" charConfidence="24">r</charParams>
<charParams l="717" t="959" r="737" b="990"> </charParams>
<charParams l="738" t="959" r="756" b="990" charConfidence="28">g</charParams>
<charParams l="759" t="960" r="771" b="983" charConfidence="34">e</charParams>
<charParams l="776" t="951" r="788" b="990" charConfidence="25">s</charParams>
<charParams l="786" t="951" r="813" b="991" charConfidence="68">c</charParams>
<charParams l="786" t="951" r="813" b="991" charConfidence="68">h</charParams>
<charParams l="817" t="959" r="833" b="982" charConfidence="25">a</charParams>
<charParams l="836" t="950" r="853" b="992" charConfidence="72">h</charParams>
<charParams l="863" t="961" r="873" b="990" charConfidence="7">;</charParams>
<charParams l="874" t="952" r="911" b="992"> </charParams>
<charParams l="912" t="952" r="926" b="992" charConfidence="30">s</charParams>
<charParams l="924" t="962" r="938" b="985" charConfidence="48">o</charParams>
<charParams l="939" t="962" r="961" b="986"> </charParams>
<charParams l="962" t="962" r="989" b="986" charConfidence="27">w</charParams>
<charParams l="993" t="963" r="1008" b="986" charConfidence="55">a</charParams>
<charParams l="1012" t="964" r="1025" b="988" charConfidence="33">r</charParams></formatting></line>
<line baseline="1048" l="229" t="1009" r="1023" b="1056"><formatting lang="OldGerman">
<charParams l="229" t="1019" r="245" b="1047" charConfidence="38">d</charParams>
<charParams l="249" t="1024" r="264" b="1047" charConfidence="100">a</charParams>
<charParams l="268" t="1018" r="283" b="1046" suspicious="1" charConfidence="100">s</charParams>
<charParams l="284" t="1011" r="308" b="1046"> </charParams>
<charParams l="309" t="1011" r="341" b="1045" charConfidence="25">G</charParams>
<charParams l="346" t="1022" r="356" b="1043" charConfidence="25">e</charParams>
<charParams l="361" t="1012" r="374" b="1050" charConfidence="28">s</charParams>
<charParams l="371" t="1021" r="387" b="1050" charConfidence="52">p</charParams>
<charParams l="391" t="1020" r="404" b="1043" charConfidence="100">r</charParams>
<charParams l="408" t="1012" r="424" b="1043" charConfidence="26">ä</charParams>
<charParams l="427" t="1011" r="454" b="1049" charConfidence="56">c</charParams>
<charParams l="427" t="1011" r="454" b="1049" charConfidence="56">h</charParams>
<charParams l="464" t="1032" r="474" b="1049" charConfidence="75">,</charParams>
<charParams l="475" t="1018" r="514" b="1049"> </charParams>
<charParams l="515" t="1018" r="542" b="1043" charConfidence="24">w</charParams>
<charParams l="547" t="1012" r="554" b="1044" charConfidence="84">i</charParams>
<charParams l="558" t="1019" r="571" b="1044" charConfidence="25">e</charParams>
<charParams l="572" t="1012" r="594" b="1045"> </charParams>
<charParams l="595" t="1013" r="611" b="1043" charConfidence="32">d</charParams>
<charParams l="614" t="1020" r="629" b="1043" charConfidence="25">a</charParams>
<charParams l="634" t="1015" r="649" b="1044" charConfidence="-1">s</charParams>
<charParams l="650" t="1011" r="674" b="1046"> </charParams>
<charParams l="675" t="1011" r="692" b="1046" charConfidence="37">L</charParams>
<charParams l="696" t="1022" r="707" b="1044" charConfidence="32">e</charParams>
<charParams l="711" t="1012" r="724" b="1051" charConfidence="100">s</charParams>
<charParams l="723" t="1021" r="734" b="1044" charConfidence="33">e</charParams>
<charParams l="738" t="1021" r="756" b="1044" charConfidence="29">n</charParams>
<charParams l="764" t="1036" r="774" b="1052" charConfidence="100">,</charParams>
<charParams l="775" t="1020" r="813" b="1053"> </charParams>
<charParams l="814" t="1021" r="841" b="1045" charConfidence="100">m</charParams>
<charParams l="846" t="1023" r="858" b="1047" charConfidence="41">e</charParams>
<charParams l="863" t="1015" r="870" b="1047" charConfidence="36">i</charParams>
<charParams l="874" t="1015" r="894" b="1055" charConfidence="30">s</charParams>
<charParams l="874" t="1015" r="894" b="1055" charConfidence="30">t</charParams>
<charParams l="895" t="1015" r="917" b="1056"> </charParams>
<charParams l="918" t="1017" r="931" b="1056" charConfidence="34">s</charParams>
<charParams l="930" t="1024" r="944" b="1047" charConfidence="41">o</charParams>
<charParams l="949" t="1017" r="957" b="1048" charConfidence="40">l</charParams>
<charParams l="959" t="1017" r="986" b="1054" charConfidence="55">c</charParams>
<charParams l="959" t="1017" r="986" b="1054" charConfidence="55">h</charParams>
<charParams l="990" t="1025" r="1001" b="1048" charConfidence="55">e</charParams>
<charParams l="1005" t="1026" r="1023" b="1050" charConfidence="31">n</charParams></formatting></line>
<line baseline="1110" l="227" t="1072" r="1023" b="1120"><formatting lang="OldGerman">
<charParams l="227" t="1075" r="260" b="1109" charConfidence="27">G</charParams>
<charParams l="264" t="1085" r="276" b="1107" charConfidence="25">e</charParams>
<charParams l="277" t="1084" r="294" b="1115" charConfidence="27">g</charParams>
<charParams l="298" t="1083" r="310" b="1106" charConfidence="26">e</charParams>
<charParams l="314" t="1083" r="330" b="1106" charConfidence="51">n</charParams>
<charParams l="335" t="1074" r="354" b="1114" charConfidence="22">s</charParams>
<charParams l="335" t="1074" r="354" b="1114" charConfidence="22">t</charParams>
<charParams l="357" t="1073" r="373" b="1105" charConfidence="67">ä</charParams>
<charParams l="376" t="1082" r="393" b="1104" charConfidence="30">n</charParams>
<charParams l="398" t="1075" r="413" b="1103" charConfidence="28">d</charParams>
<charParams l="417" t="1081" r="430" b="1103" charConfidence="36">e</charParams>
<charParams l="433" t="1081" r="450" b="1104" charConfidence="32">n</charParams>
<charParams l="451" t="1081" r="480" b="1111"> </charParams>
<charParams l="481" t="1081" r="498" b="1111" charConfidence="27">g</charParams>
<charParams l="502" t="1082" r="514" b="1104" charConfidence="38">e</charParams>
<charParams l="517" t="1080" r="543" b="1105" charConfidence="32">w</charParams>
<charParams l="547" t="1075" r="555" b="1105" charConfidence="31">i</charParams>
<charParams l="560" t="1077" r="574" b="1105" charConfidence="26">d</charParams>
<charParams l="579" t="1082" r="605" b="1106" charConfidence="100">m</charParams>
<charParams l="610" t="1084" r="622" b="1107" charConfidence="40">e</charParams>
<charParams l="626" t="1080" r="636" b="1107" charConfidence="35">t</charParams>
<charParams l="645" t="1098" r="654" b="1113" charConfidence="72">,</charParams>
<charParams l="655" t="1083" r="702" b="1113"> </charParams>
<charParams l="703" t="1083" r="729" b="1108" charConfidence="24">w</charParams>
<charParams l="733" t="1085" r="745" b="1108" charConfidence="37">e</charParams>
<charParams l="749" t="1078" r="756" b="1108" charConfidence="50">l</charParams>
<charParams l="760" t="1077" r="786" b="1116" charConfidence="55">c</charParams>
<charParams l="760" t="1077" r="786" b="1116" charConfidence="55">h</charParams>
<charParams l="790" t="1086" r="803" b="1110" charConfidence="35">e</charParams>
<charParams l="804" t="1079" r="834" b="1111"> </charParams>
<charParams l="835" t="1080" r="851" b="1109" charConfidence="34">d</charParams>
<charParams l="855" t="1087" r="866" b="1109" charConfidence="100">e</charParams>
<charParams l="871" t="1087" r="888" b="1110" charConfidence="24">n</charParams>
<charParams l="889" t="1076" r="921" b="1111"> </charParams>
<charParams l="922" t="1076" r="961" b="1111" charConfidence="27">W</charParams>
<charParams l="965" t="1088" r="979" b="1111" charConfidence="43">o</charParams>
<charParams l="983" t="1079" r="1000" b="1120" charConfidence="85">h</charParams>
<charParams l="1004" t="1080" r="1014" b="1112" charConfidence="80">l</charParams>
<charParams l="1014" t="1092" r="1023" b="1106" charConfidence="100">¬</charParams></formatting></line>
<line baseline="1172" l="226" t="1134" r="1021" b="1184"><formatting lang="OldGerman">
<charParams l="226" t="1138" r="247" b="1177" charConfidence="65">s</charParams>
<charParams l="226" t="1138" r="247" b="1177" charConfidence="65">t</charParams>
<charParams l="249" t="1146" r="264" b="1168" charConfidence="27">a</charParams>
<charParams l="268" t="1145" r="284" b="1168" charConfidence="38">n</charParams>
<charParams l="289" t="1139" r="305" b="1167" charConfidence="27">d</charParams>
<charParams l="313" t="1158" r="323" b="1173" charConfidence="100">,</charParams>
<charParams l="324" t="1136" r="364" b="1174"> </charParams>
<charParams l="365" t="1137" r="381" b="1165" charConfidence="26">d</charParams>
<charParams l="385" t="1135" r="392" b="1164" charConfidence="74">i</charParams>
<charParams l="396" t="1142" r="409" b="1165" charConfidence="27">e</charParams>
<charParams l="410" t="1135" r="441" b="1167"> </charParams>
<charParams l="442" t="1135" r="472" b="1167" charConfidence="31">V</charParams>
<charParams l="477" t="1144" r="491" b="1166" charConfidence="36">o</charParams>
<charParams l="495" t="1144" r="507" b="1168" charConfidence="25">r</charParams>
<charParams l="511" t="1142" r="521" b="1168" charConfidence="91">t</charParams>
<charParams l="525" t="1136" r="540" b="1177" charConfidence="100">h</charParams>
<charParams l="545" t="1145" r="556" b="1168" charConfidence="28">e</charParams>
<charParams l="561" t="1138" r="568" b="1168" charConfidence="36">i</charParams>
<charParams l="573" t="1137" r="580" b="1170" charConfidence="36">l</charParams>
<charParams l="584" t="1146" r="596" b="1169" charConfidence="36">e</charParams>
<charParams l="597" t="1146" r="625" b="1171"> </charParams>
<charParams l="626" t="1147" r="643" b="1171" charConfidence="28">u</charParams>
<charParams l="647" t="1147" r="663" b="1171" charConfidence="36">n</charParams>
<charParams l="668" t="1141" r="683" b="1170" charConfidence="28">d</charParams>
<charParams l="684" t="1141" r="716" b="1171"> </charParams>
<charParams l="717" t="1142" r="732" b="1171" charConfidence="26">d</charParams>
<charParams l="737" t="1149" r="752" b="1171" charConfidence="54">a</charParams>
<charParams l="756" t="1143" r="772" b="1172" suspicious="1" charConfidence="22">ü</charParams>
<charParams l="773" t="1139" r="801" b="1173"> </charParams>
<charParams l="802" t="1139" r="835" b="1174" charConfidence="30">B</charParams>
<charParams l="840" t="1150" r="851" b="1174" charConfidence="26">e</charParams>
<charParams l="855" t="1141" r="872" b="1184" charConfidence="27">h</charParams>
<charParams l="876" t="1150" r="891" b="1174" charConfidence="100">a</charParams>
<charParams l="894" t="1150" r="911" b="1182" charConfidence="28">g</charParams>
<charParams l="915" t="1150" r="926" b="1174" charConfidence="100">e</charParams>
<charParams l="930" t="1150" r="949" b="1174" charConfidence="25">n</charParams>
<charParams l="950" t="1144" r="971" b="1174"> </charParams>
<charParams l="972" t="1144" r="988" b="1174" charConfidence="26">d</charParams>
<charParams l="992" t="1150" r="1004" b="1173" charConfidence="29">e</charParams>
<charParams l="1008" t="1149" r="1021" b="1175" charConfidence="25">r</charParams></formatting></line>
<line baseline="1234" l="223" t="1194" r="828" b="1243"><formatting lang="OldGerman">
<charParams l="224" t="1199" r="240" b="1232" charConfidence="27">b</charParams>
<charParams l="243" t="1199" r="260" b="1232" charConfidence="22">ü</charParams>
<charParams l="264" t="1207" r="277" b="1230" charConfidence="25">r</charParams>
<charParams l="278" t="1207" r="295" b="1238" charConfidence="55">g</charParams>
<charParams l="299" t="1206" r="310" b="1230" charConfidence="46">e</charParams>
<charParams l="314" t="1206" r="327" b="1230" charConfidence="79">r</charParams>
<charParams l="331" t="1197" r="338" b="1230" charConfidence="62">l</charParams>
<charParams l="342" t="1196" r="349" b="1229" charConfidence="48">i</charParams>
<charParams l="352" t="1197" r="379" b="1236" charConfidence="55">c</charParams>
<charParams l="352" t="1197" r="379" b="1236" charConfidence="55">h</charParams>
<charParams l="383" t="1204" r="396" b="1228" charConfidence="29">e</charParams>
<charParams l="399" t="1204" r="416" b="1228" charConfidence="24">n</charParams>
<charParams l="417" t="1195" r="440" b="1228"> </charParams>
<charParams l="441" t="1195" r="474" b="1228" charConfidence="57">G</charParams>
<charParams l="479" t="1205" r="491" b="1229" charConfidence="80">e</charParams>
<charParams l="494" t="1197" r="507" b="1236" charConfidence="69">s</charParams>
<charParams l="505" t="1206" r="517" b="1229" charConfidence="36">e</charParams>
<charParams l="521" t="1199" r="538" b="1230" charConfidence="100">l</charParams>
<charParams l="521" t="1199" r="538" b="1230" charConfidence="100">l</charParams>
<charParams l="541" t="1199" r="554" b="1238" charConfidence="71">s</charParams>
<charParams l="552" t="1199" r="579" b="1239" charConfidence="55">c</charParams>
<charParams l="552" t="1199" r="579" b="1239" charConfidence="55">h</charParams>
<charParams l="582" t="1208" r="597" b="1230" charConfidence="32">a</charParams>
<charParams l="602" t="1199" r="617" b="1239" charConfidence="40">f</charParams>
<charParams l="615" t="1205" r="626" b="1232" charConfidence="82">t</charParams>
<charParams l="627" t="1205" r="648" b="1233"> </charParams>
<charParams l="649" t="1210" r="665" b="1233" charConfidence="26">v</charParams>
<charParams l="670" t="1210" r="681" b="1234" charConfidence="100">e</charParams>
<charParams l="685" t="1210" r="698" b="1234" charConfidence="24">r</charParams>
<charParams l="701" t="1210" r="727" b="1234" charConfidence="25">m</charParams>
<charParams l="732" t="1211" r="744" b="1235" charConfidence="100">e</charParams>
<charParams l="746" t="1202" r="764" b="1242" charConfidence="62">h</charParams>
<charParams l="769" t="1212" r="781" b="1236" charConfidence="100">r</charParams>
<charParams l="784" t="1212" r="796" b="1236" charConfidence="25">e</charParams>
<charParams l="799" t="1211" r="816" b="1237" charConfidence="26">n</charParams>
<charParams l="820" t="1227" r="828" b="1236" charConfidence="100">.</charParams></formatting></line></par>
<par align="Justified" startIndent="2072" lineSpacing="1488">
<line baseline="1358" l="287" t="1319" r="1017" b="1367"><formatting lang="OldGerman">
<charParams l="287" t="1323" r="311" b="1357" charConfidence="34">C</charParams>
<charParams l="314" t="1323" r="330" b="1364" charConfidence="100">h</charParams>
<charParams l="334" t="1331" r="349" b="1356" charConfidence="28">a</charParams>
<charParams l="354" t="1331" r="366" b="1354" charConfidence="24">r</charParams>
<charParams l="370" t="1323" r="377" b="1354" charConfidence="49">l</charParams>
<charParams l="381" t="1330" r="395" b="1353" charConfidence="37">o</charParams>
<charParams l="400" t="1326" r="409" b="1353" charConfidence="39">t</charParams>
<charParams l="413" t="1325" r="422" b="1353" charConfidence="53">t</charParams>
<charParams l="425" t="1329" r="438" b="1353" charConfidence="39">e</charParams>
<charParams l="447" t="1342" r="457" b="1357" charConfidence="100">,</charParams>
<charParams l="458" t="1330" r="496" b="1357"> </charParams>
<charParams l="497" t="1330" r="512" b="1353" charConfidence="38">o</charParams>
<charParams l="516" t="1320" r="532" b="1361" charConfidence="25">h</charParams>
<charParams l="537" t="1329" r="553" b="1353" charConfidence="25">n</charParams>
<charParams l="558" t="1330" r="570" b="1353" charConfidence="31">e</charParams>
<charParams l="574" t="1321" r="590" b="1361" charConfidence="100">h</charParams>
<charParams l="595" t="1324" r="602" b="1353" charConfidence="28">i</charParams>
<charParams l="606" t="1331" r="624" b="1354" charConfidence="26">n</charParams>
<charParams l="625" t="1331" r="654" b="1362"> </charParams>
<charParams l="655" t="1332" r="673" b="1362" charConfidence="32">g</charParams>
<charParams l="676" t="1332" r="689" b="1356" charConfidence="55">e</charParams>
<charParams l="692" t="1331" r="718" b="1356" charConfidence="54">w</charParams>
<charParams l="722" t="1334" r="736" b="1357" charConfidence="36">o</charParams>
<charParams l="740" t="1325" r="757" b="1366" charConfidence="67">h</charParams>
<charParams l="761" t="1334" r="778" b="1357" charConfidence="30">n</charParams>
<charParams l="779" t="1333" r="793" b="1358" charConfidence="25">t</charParams>
<charParams l="794" t="1330" r="825" b="1359"> </charParams>
<charParams l="826" t="1331" r="842" b="1359" charConfidence="26">d</charParams>
<charParams l="846" t="1329" r="853" b="1360" charConfidence="45">i</charParams>
<charParams l="857" t="1337" r="870" b="1359" charConfidence="30">e</charParams>
<charParams l="871" t="1326" r="900" b="1361"> </charParams>
<charParams l="901" t="1326" r="934" b="1361" charConfidence="52">G</charParams>
<charParams l="938" t="1337" r="950" b="1360" charConfidence="28">e</charParams>
<charParams l="953" t="1337" r="969" b="1367" charConfidence="78">g</charParams>
<charParams l="973" t="1337" r="985" b="1360" charConfidence="28">e</charParams>
<charParams l="988" t="1336" r="1004" b="1360" charConfidence="25">n</charParams>
<charParams l="1008" t="1341" r="1017" b="1355" charConfidence="22">¬</charParams></formatting></line>
<line baseline="1419" l="218" t="1381" r="1014" b="1431"><formatting lang="OldGerman">
<charParams l="218" t="1394" r="244" b="1418" charConfidence="24">w</charParams>
<charParams l="249" t="1395" r="264" b="1418" charConfidence="100">a</charParams>
<charParams l="267" t="1395" r="281" b="1418" charConfidence="100">r</charParams>
<charParams l="285" t="1393" r="294" b="1418" charConfidence="26">t</charParams>
<charParams l="295" t="1393" r="317" b="1428"> </charParams>
<charParams l="318" t="1395" r="329" b="1428" charConfidence="100">z</charParams>
<charParams l="334" t="1394" r="350" b="1419" charConfidence="28">u</charParams>
<charParams l="351" t="1394" r="375" b="1419"> </charParams>
<charParams l="376" t="1394" r="393" b="1417" charConfidence="61">n</charParams>
<charParams l="397" t="1394" r="413" b="1416" charConfidence="36">u</charParams>
<charParams l="418" t="1386" r="435" b="1423" charConfidence="100">t</charParams>
<charParams l="418" t="1386" r="435" b="1423" charConfidence="100">z</charParams>
<charParams l="439" t="1392" r="450" b="1414" charConfidence="25">e</charParams>
<charParams l="454" t="1391" r="471" b="1414" charConfidence="26">n</charParams>
<charParams l="481" t="1406" r="491" b="1421" charConfidence="100">,</charParams>
<charParams l="492" t="1382" r="531" b="1421"> </charParams>
<charParams l="532" t="1382" r="546" b="1420" charConfidence="56">f</charParams>
<charParams l="546" t="1382" r="562" b="1413" charConfidence="24">ü</charParams>
<charParams l="568" t="1383" r="584" b="1425" charConfidence="55">h</charParams>
<charParams l="588" t="1385" r="596" b="1415" charConfidence="54">l</charParams>
<charParams l="599" t="1389" r="609" b="1415" charConfidence="55">t</charParams>
<charParams l="612" t="1392" r="626" b="1415" charConfidence="33">e</charParams>
<charParams l="627" t="1385" r="648" b="1423"> </charParams>
<charParams l="649" t="1385" r="668" b="1423" charConfidence="82">s</charParams>
<charParams l="649" t="1385" r="668" b="1423" charConfidence="82">i</charParams>
<charParams l="670" t="1385" r="697" b="1421" charConfidence="55">c</charParams>
<charParams l="670" t="1385" r="697" b="1421" charConfidence="55">h</charParams>
<charParams l="704" t="1407" r="714" b="1423" charConfidence="61">,</charParams>
<charParams l="715" t="1388" r="753" b="1423"> </charParams>
<charParams l="754" t="1388" r="763" b="1417" charConfidence="27">i</charParams>
<charParams l="766" t="1394" r="783" b="1418" charConfidence="29">n</charParams>
<charParams l="787" t="1390" r="802" b="1417" charConfidence="30">d</charParams>
<charParams l="806" t="1395" r="818" b="1418" charConfidence="30">e</charParams>
<charParams l="822" t="1396" r="849" b="1418" charConfidence="25">m</charParams>
<charParams l="850" t="1390" r="873" b="1429"> </charParams>
<charParams l="874" t="1390" r="894" b="1429" charConfidence="100">s</charParams>
<charParams l="874" t="1390" r="894" b="1429" charConfidence="100">i</charParams>
<charParams l="896" t="1399" r="909" b="1421" charConfidence="25">e</charParams>
<charParams l="910" t="1392" r="931" b="1421"> </charParams>
<charParams l="932" t="1392" r="940" b="1420" charConfidence="-1">i</charParams>
<charParams l="945" t="1389" r="960" b="1429" charConfidence="99">h</charParams>
<charParams l="965" t="1398" r="978" b="1420" charConfidence="25">r</charParams>
<charParams l="981" t="1398" r="993" b="1420" charConfidence="89">e</charParams>
<charParams l="996" t="1397" r="1014" b="1421" charConfidence="37">n</charParams></formatting></line>
<line baseline="1482" l="218" t="1443" r="1014" b="1491"><formatting lang="OldGerman">
<charParams l="218" t="1446" r="263" b="1480" charConfidence="30">M</charParams>
<charParams l="265" t="1457" r="282" b="1480" charConfidence="26">a</charParams>
<charParams l="285" t="1457" r="303" b="1480" charConfidence="52">n</charParams>
<charParams l="306" t="1457" r="326" b="1481" charConfidence="33">n</charParams>
<charParams l="326" t="1456" r="355" b="1489"> </charParams>
<charParams l="355" t="1457" r="369" b="1489" charConfidence="54">z</charParams>
<charParams l="371" t="1457" r="389" b="1480" charConfidence="27">u</charParams>
<charParams l="391" t="1447" r="406" b="1486" charConfidence="27">f</charParams>
<charParams l="405" t="1457" r="417" b="1480" charConfidence="25">r</charParams>
<charParams l="421" t="1449" r="430" b="1480" charConfidence="42">i</charParams>
<charParams l="432" t="1456" r="444" b="1479" charConfidence="24">e</charParams>
<charParams l="447" t="1449" r="462" b="1478" charConfidence="28">d</charParams>
<charParams l="466" t="1454" r="479" b="1478" charConfidence="38">e</charParams>
<charParams l="482" t="1453" r="500" b="1478" charConfidence="31">n</charParams>
<charParams l="500" t="1445" r="532" b="1484"> </charParams>
<charParams l="532" t="1445" r="545" b="1484" charConfidence="100">s</charParams>
<charParams l="543" t="1453" r="560" b="1477" charConfidence="54">a</charParams>
<charParams l="563" t="1444" r="581" b="1489" charConfidence="35">h</charParams>
<charParams l="591" t="1469" r="601" b="1482" charConfidence="71">,</charParams>
<charParams l="601" t="1455" r="640" b="1482"> </charParams>
<charParams l="640" t="1455" r="658" b="1478" charConfidence="30">a</charParams>
<charParams l="660" t="1455" r="679" b="1479" charConfidence="25">u</charParams>
<charParams l="681" t="1447" r="710" b="1487" charConfidence="55">c</charParams>
<charParams l="681" t="1447" r="710" b="1487" charConfidence="55">h</charParams>
<charParams l="710" t="1447" r="738" b="1487"> </charParams>
<charParams l="738" t="1456" r="756" b="1486" charConfidence="44">p</charParams>
<charParams l="759" t="1456" r="772" b="1480" charConfidence="26">e</charParams>
<charParams l="774" t="1456" r="787" b="1479" charConfidence="24">r</charParams>
<charParams l="791" t="1448" r="803" b="1489" charConfidence="26">s</charParams>
<charParams l="802" t="1448" r="818" b="1481" charConfidence="17">ö</charParams>
<charParams l="821" t="1457" r="839" b="1481" charConfidence="25">n</charParams>
<charParams l="842" t="1452" r="851" b="1481" charConfidence="14">l</charParams>
<charParams l="853" t="1450" r="861" b="1481" charConfidence="40">i</charParams>
<charParams l="863" t="1450" r="893" b="1488" charConfidence="59">c</charParams>
<charParams l="863" t="1450" r="893" b="1488" charConfidence="59">h</charParams>
<charParams l="893" t="1450" r="922" b="1488"> </charParams>
<charParams l="922" t="1458" r="941" b="1488" suspicious="1" charConfidence="100">g</charParams>
<charParams l="943" t="1458" r="955" b="1481" charConfidence="25">e</charParams>
<charParams l="957" t="1449" r="972" b="1486" suspicious="1" charConfidence="26">f</charParams>
<charParams l="971" t="1450" r="986" b="1481" suspicious="1" charConfidence="17">ö</charParams>
<charParams l="989" t="1459" r="1002" b="1483" charConfidence="24">r</charParams>
<charParams l="1005" t="1463" r="1014" b="1478" charConfidence="22">-</charParams></formatting></line></par>
</text>
</block>
</page>
</document>