﻿<?xml version="1.0" encoding="UTF-8" standalone="yes"?>
<document xmlns="http://www.abbyy.com/FineReader_xml/FineReader10-schema-v1.xml" version="1.0" producer="ABBYY FineReader Engine 11" languages="" xmlns:xsi="http://www.w3.org/2001/XMLSchema-instance" xsi:schemaLocation="http://www.abbyy.com/FineReader_xml/FineReader10-schema-v1.xml http://www.abbyy.com/FineReader_xml/FineReader10-schema-v1.xml">
<page width="1156" height="1782" resolution="300" originalCoords="1">
<block blockType="Text" blockName="">
<text>
<par startIndent="144">
<line baseline="82" l="563" t="60" r="607" b="89"><formatting lang="OldGerman">
<charParams l="563" t="60" r="581" b="89" charConfidence="81">7</charParams>
<charParams l="585" t="61" r="607" b="82" suspicious="1" charConfidence="22">O</charParams></formatting></line></par>
</text>
</block>
<block blockType="Text" blockName="">
<text>
<par align="Justified" startIndent="293" lineSpacing="1488">
<line baseline="177" l="179" t="142" r="982" b="189"><formatting lang="OldGerman">
<charParams l="179" t="148" r="194" b="187" charConfidence="100">s</charParams>
<charParams l="191" t="157" r="207" b="180" charConfidence="29">a</charParams>
<charParams l="211" t="156" r="239" b="180" charConfidence="49">m</charParams>
<charParams l="244" t="150" r="264" b="189" charConfidence="68">s</charParams>
<charParams l="244" t="150" r="264" b="189" charConfidence="68">t</charParams>
<charParams l="267" t="157" r="279" b="181" charConfidence="27">e</charParams>
<charParams l="280" t="147" r="303" b="181"> </charParams>
<charParams l="304" t="147" r="345" b="181" charConfidence="68">W</charParams>
<charParams l="348" t="157" r="360" b="181" charConfidence="31">e</charParams>
<charParams l="363" t="149" r="371" b="180" charConfidence="43">i</charParams>
<charParams l="374" t="148" r="389" b="187" charConfidence="100">s</charParams>
<charParams l="386" t="156" r="399" b="180" charConfidence="28">e</charParams>
<charParams l="400" t="145" r="423" b="180"> </charParams>
<charParams l="424" t="145" r="451" b="179" charConfidence="28">E</charParams>
<charParams l="452" t="153" r="469" b="184" charConfidence="100">p</charParams>
<charParams l="473" t="152" r="487" b="178" charConfidence="39">o</charParams>
<charParams l="491" t="152" r="501" b="175" charConfidence="48">c</charParams>
<charParams l="502" t="143" r="517" b="181" charConfidence="50">h</charParams>
<charParams l="521" t="151" r="534" b="174" charConfidence="25">e</charParams>
<charParams l="535" t="150" r="556" b="181"> </charParams>
<charParams l="557" t="150" r="574" b="181" charConfidence="26">g</charParams>
<charParams l="578" t="150" r="591" b="174" charConfidence="57">e</charParams>
<charParams l="594" t="148" r="622" b="173" charConfidence="46">m</charParams>
<charParams l="626" t="149" r="641" b="172" charConfidence="24">o</charParams>
<charParams l="645" t="142" r="673" b="180" charConfidence="78">c</charParams>
<charParams l="645" t="142" r="673" b="180" charConfidence="78">h</charParams>
<charParams l="677" t="146" r="688" b="174" charConfidence="43">t</charParams>
<charParams l="689" t="165" r="698" b="176" charConfidence="84">.</charParams>
<charParams l="699" t="144" r="746" b="178"> </charParams>
<charParams l="747" t="144" r="782" b="178" charConfidence="38">D</charParams>
<charParams l="786" t="154" r="801" b="179" charConfidence="41">o</charParams>
<charParams l="805" t="145" r="832" b="184" charConfidence="75">c</charParams>
<charParams l="805" t="145" r="832" b="184" charConfidence="75">h</charParams>
<charParams l="833" t="145" r="857" b="184"> </charParams>
<charParams l="858" t="153" r="874" b="177" charConfidence="28">a</charParams>
<charParams l="878" t="146" r="888" b="177" charConfidence="100">l</charParams>
<charParams l="890" t="149" r="905" b="177" charConfidence="100">s</charParams>
<charParams l="906" t="148" r="926" b="179"> </charParams>
<charParams l="927" t="148" r="943" b="179" charConfidence="31">d</charParams>
<charParams l="947" t="149" r="955" b="180" charConfidence="100">i</charParams>
<charParams l="958" t="157" r="970" b="180" charConfidence="30">e</charParams>
<charParams l="973" t="162" r="982" b="177" charConfidence="22">¬</charParams></formatting></line>
<line baseline="241" l="180" t="204" r="981" b="252"><formatting lang="OldGerman">
<charParams l="180" t="211" r="194" b="250" charConfidence="95">s</charParams>
<charParams l="192" t="220" r="204" b="243" charConfidence="28">e</charParams>
<charParams l="208" t="221" r="221" b="244" charConfidence="25">r</charParams>
<charParams l="222" t="212" r="253" b="251"> </charParams>
<charParams l="254" t="212" r="267" b="251" charConfidence="100">s</charParams>
<charParams l="266" t="212" r="292" b="251" charConfidence="59">c</charParams>
<charParams l="266" t="212" r="292" b="251" charConfidence="59">h</charParams>
<charParams l="296" t="219" r="321" b="244" charConfidence="26">w</charParams>
<charParams l="326" t="212" r="333" b="243" charConfidence="100">i</charParams>
<charParams l="337" t="221" r="349" b="244" charConfidence="27">e</charParams>
<charParams l="351" t="220" r="368" b="252" charConfidence="26">g</charParams>
<charParams l="369" t="219" r="400" b="252"> </charParams>
<charParams l="401" t="219" r="418" b="244" charConfidence="33">u</charParams>
<charParams l="421" t="217" r="440" b="241" charConfidence="27">n</charParams>
<charParams l="443" t="210" r="459" b="240" charConfidence="27">d</charParams>
<charParams l="460" t="210" r="491" b="240"> </charParams>
<charParams l="492" t="213" r="504" b="236" charConfidence="55">e</charParams>
<charParams l="508" t="204" r="515" b="236" charConfidence="83">i</charParams>
<charParams l="519" t="212" r="536" b="236" charConfidence="33">n</charParams>
<charParams l="540" t="212" r="552" b="237" charConfidence="37">e</charParams>
<charParams l="556" t="212" r="569" b="236" charConfidence="48">r</charParams>
<charParams l="570" t="208" r="604" b="236"> </charParams>
<charParams l="605" t="208" r="615" b="235" charConfidence="56">t</charParams>
<charParams l="618" t="211" r="631" b="234" charConfidence="46">r</charParams>
<charParams l="635" t="212" r="650" b="235" charConfidence="33">a</charParams>
<charParams l="654" t="213" r="672" b="237" charConfidence="90">u</charParams>
<charParams l="675" t="213" r="688" b="238" charConfidence="100">r</charParams>
<charParams l="691" t="206" r="699" b="237" charConfidence="38">i</charParams>
<charParams l="702" t="215" r="718" b="246" charConfidence="70">g</charParams>
<charParams l="723" t="215" r="735" b="238" charConfidence="40">e</charParams>
<charParams l="738" t="216" r="757" b="240" charConfidence="32">n</charParams>
<charParams l="758" t="207" r="790" b="243"> </charParams>
<charParams l="791" t="207" r="818" b="243" charConfidence="38">E</charParams>
<charParams l="821" t="217" r="834" b="241" charConfidence="53">r</charParams>
<charParams l="837" t="209" r="846" b="242" charConfidence="100">i</charParams>
<charParams l="848" t="217" r="865" b="242" charConfidence="100">n</charParams>
<charParams l="869" t="216" r="887" b="241" charConfidence="100">n</charParams>
<charParams l="891" t="217" r="903" b="241" charConfidence="40">e</charParams>
<charParams l="907" t="217" r="919" b="241" charConfidence="36">r</charParams>
<charParams l="923" t="218" r="940" b="241" charConfidence="53">u</charParams>
<charParams l="944" t="218" r="961" b="242" charConfidence="66">n</charParams>
<charParams l="965" t="220" r="981" b="250" charConfidence="100">g</charParams></formatting></line>
<line baseline="302" l="178" t="265" r="981" b="316"><formatting lang="OldGerman">
<charParams l="178" t="284" r="194" b="307" charConfidence="26">a</charParams>
<charParams l="199" t="283" r="216" b="307" charConfidence="25">u</charParams>
<charParams l="220" t="278" r="235" b="306" charConfidence="-1">s</charParams>
<charParams l="238" t="283" r="250" b="316" charConfidence="22">z</charParams>
<charParams l="254" t="283" r="271" b="307" charConfidence="60">u</charParams>
<charParams l="275" t="282" r="301" b="307" charConfidence="26">w</charParams>
<charParams l="305" t="283" r="317" b="306" charConfidence="25">e</charParams>
<charParams l="320" t="276" r="328" b="305" charConfidence="35">i</charParams>
<charParams l="331" t="276" r="358" b="313" charConfidence="58">c</charParams>
<charParams l="331" t="276" r="358" b="313" charConfidence="58">h</charParams>
<charParams l="362" t="282" r="374" b="304" charConfidence="39">e</charParams>
<charParams l="377" t="282" r="395" b="304" charConfidence="65">n</charParams>
<charParams l="396" t="271" r="427" b="310"> </charParams>
<charParams l="428" t="271" r="441" b="310" charConfidence="67">s</charParams>
<charParams l="439" t="270" r="466" b="308" charConfidence="56">c</charParams>
<charParams l="439" t="270" r="466" b="308" charConfidence="56">h</charParams>
<charParams l="470" t="269" r="478" b="300" charConfidence="55">i</charParams>
<charParams l="481" t="275" r="493" b="298" charConfidence="28">e</charParams>
<charParams l="496" t="275" r="514" b="299" charConfidence="28">n</charParams>
<charParams l="524" t="289" r="534" b="304" charConfidence="80">,</charParams>
<charParams l="535" t="265" r="574" b="307"> </charParams>
<charParams l="575" t="265" r="593" b="307" suspicious="1" charConfidence="45">h</charParams>
<charParams l="597" t="266" r="605" b="297" charConfidence="100">i</charParams>
<charParams l="609" t="273" r="621" b="296" charConfidence="27">e</charParams>
<charParams l="624" t="266" r="633" b="296" charConfidence="90">l</charParams>
<charParams l="636" t="270" r="647" b="296" charConfidence="52">t</charParams>
<charParams l="648" t="266" r="671" b="300"> </charParams>
<charParams l="672" t="266" r="700" b="300" charConfidence="25">E</charParams>
<charParams l="702" t="270" r="718" b="299" charConfidence="44">d</charParams>
<charParams l="722" t="277" r="739" b="300" charConfidence="81">u</charParams>
<charParams l="743" t="276" r="759" b="300" charConfidence="59">a</charParams>
<charParams l="762" t="278" r="776" b="303" charConfidence="32">r</charParams>
<charParams l="779" t="272" r="794" b="302" charConfidence="32">d</charParams>
<charParams l="795" t="272" r="819" b="312"> </charParams>
<charParams l="820" t="281" r="836" b="312" charConfidence="77">g</charParams>
<charParams l="841" t="273" r="849" b="304" charConfidence="31">l</charParams>
<charParams l="853" t="281" r="865" b="303" charConfidence="35">e</charParams>
<charParams l="868" t="274" r="877" b="305" charConfidence="45">i</charParams>
<charParams l="880" t="273" r="907" b="312" charConfidence="63">c</charParams>
<charParams l="880" t="273" r="907" b="312" charConfidence="63">h</charParams>
<charParams l="911" t="272" r="925" b="312" charConfidence="69">f</charParams>
<charParams l="924" t="280" r="940" b="303" charConfidence="30">a</charParams>
<charParams l="945" t="273" r="953" b="305" charConfidence="38">l</charParams>
<charParams l="953" t="273" r="962" b="304" charConfidence="38">l</charParams>
<charParams l="966" t="278" r="981" b="305" charConfidence="100">s</charParams></formatting></line>
<line baseline="365" l="179" t="328" r="984" b="377"><formatting lang="OldGerman">
<charParams l="179" t="346" r="196" b="369" charConfidence="100">a</charParams>
<charParams l="200" t="345" r="217" b="368" charConfidence="31">n</charParams>
<charParams l="229" t="360" r="238" b="374" charConfidence="79">,</charParams>
<charParams l="239" t="336" r="263" b="374"> </charParams>
<charParams l="264" t="336" r="277" b="374" charConfidence="100">s</charParams>
<charParams l="276" t="345" r="291" b="367" charConfidence="26">o</charParams>
<charParams l="292" t="343" r="313" b="368"> </charParams>
<charParams l="314" t="343" r="341" b="368" charConfidence="24">w</charParams>
<charParams l="345" t="337" r="352" b="368" charConfidence="27">i</charParams>
<charParams l="356" t="344" r="369" b="367" charConfidence="36">e</charParams>
<charParams l="370" t="343" r="392" b="367"> </charParams>
<charParams l="393" t="343" r="410" b="366" charConfidence="55">a</charParams>
<charParams l="414" t="341" r="430" b="365" charConfidence="27">u</charParams>
<charParams l="434" t="332" r="461" b="370" charConfidence="77">c</charParams>
<charParams l="434" t="332" r="461" b="370" charConfidence="77">h</charParams>
<charParams l="462" t="328" r="486" b="370"> </charParams>
<charParams l="487" t="328" r="512" b="362" charConfidence="32">C</charParams>
<charParams l="514" t="329" r="531" b="368" charConfidence="30">h</charParams>
<charParams l="535" t="338" r="550" b="360" charConfidence="100">a</charParams>
<charParams l="554" t="337" r="567" b="361" charConfidence="100">r</charParams>
<charParams l="571" t="330" r="579" b="361" charConfidence="46">l</charParams>
<charParams l="582" t="338" r="597" b="360" charConfidence="73">o</charParams>
<charParams l="601" t="333" r="611" b="360" charConfidence="45">t</charParams>
<charParams l="614" t="333" r="624" b="359" charConfidence="88">t</charParams>
<charParams l="627" t="337" r="640" b="359" charConfidence="33">e</charParams>
<charParams l="650" t="351" r="660" b="366" charConfidence="88">,</charParams>
<charParams l="661" t="331" r="684" b="366"> </charParams>
<charParams l="685" t="331" r="702" b="360" charConfidence="43">d</charParams>
<charParams l="706" t="330" r="713" b="360" charConfidence="37">i</charParams>
<charParams l="717" t="339" r="730" b="362" charConfidence="26">e</charParams>
<charParams l="731" t="339" r="754" b="363"> </charParams>
<charParams l="755" t="340" r="773" b="363" charConfidence="31">n</charParams>
<charParams l="777" t="334" r="785" b="364" charConfidence="100">i</charParams>
<charParams l="788" t="334" r="815" b="371" charConfidence="96">c</charParams>
<charParams l="788" t="334" r="815" b="371" charConfidence="96">h</charParams>
<charParams l="819" t="341" r="830" b="366" charConfidence="28">t</charParams>
<charParams l="831" t="341" r="853" b="367"> </charParams>
<charParams l="854" t="343" r="881" b="367" charConfidence="38">w</charParams>
<charParams l="886" t="345" r="897" b="367" charConfidence="55">e</charParams>
<charParams l="902" t="345" r="918" b="367" charConfidence="24">n</charParams>
<charParams l="922" t="337" r="930" b="367" charConfidence="43">i</charParams>
<charParams l="933" t="345" r="949" b="377" charConfidence="72">g</charParams>
<charParams l="954" t="345" r="965" b="368" charConfidence="28">e</charParams>
<charParams l="970" t="345" r="984" b="368" charConfidence="53">r</charParams></formatting></line>
<line baseline="427" l="181" t="391" r="985" b="437"><formatting lang="OldGerman">
<charParams l="181" t="400" r="189" b="431" charConfidence="26">i</charParams>
<charParams l="193" t="408" r="222" b="431" suspicious="1" charConfidence="100">m</charParams>
<charParams l="223" t="397" r="244" b="431"> </charParams>
<charParams l="245" t="397" r="273" b="431" charConfidence="27">A</charParams>
<charParams l="275" t="399" r="283" b="430" charConfidence="32">l</charParams>
<charParams l="283" t="399" r="293" b="430" charConfidence="100">l</charParams>
<charParams l="293" t="406" r="310" b="437" charConfidence="54">g</charParams>
<charParams l="315" t="406" r="327" b="430" charConfidence="29">e</charParams>
<charParams l="331" t="405" r="358" b="430" charConfidence="91">m</charParams>
<charParams l="362" t="406" r="374" b="429" charConfidence="28">e</charParams>
<charParams l="377" t="398" r="385" b="427" charConfidence="29">i</charParams>
<charParams l="388" t="404" r="405" b="427" charConfidence="26">n</charParams>
<charParams l="409" t="404" r="422" b="427" charConfidence="27">e</charParams>
<charParams l="424" t="402" r="442" b="426" charConfidence="100">n</charParams>
<charParams l="443" t="394" r="466" b="426"> </charParams>
<charParams l="467" t="394" r="482" b="423" charConfidence="28">d</charParams>
<charParams l="486" t="400" r="501" b="423" charConfidence="28">a</charParams>
<charParams l="505" t="401" r="521" b="424" charConfidence="26">v</charParams>
<charParams l="526" t="400" r="541" b="423" charConfidence="48">o</charParams>
<charParams l="545" t="400" r="563" b="423" charConfidence="28">n</charParams>
<charParams l="564" t="400" r="587" b="424"> </charParams>
<charParams l="588" t="400" r="605" b="424" charConfidence="41">u</charParams>
<charParams l="609" t="399" r="626" b="423" charConfidence="100">n</charParams>
<charParams l="630" t="395" r="640" b="423" charConfidence="74">t</charParams>
<charParams l="643" t="399" r="654" b="422" charConfidence="26">e</charParams>
<charParams l="658" t="399" r="672" b="423" charConfidence="43">r</charParams>
<charParams l="675" t="399" r="688" b="422" charConfidence="37">r</charParams>
<charParams l="692" t="391" r="699" b="423" charConfidence="57">i</charParams>
<charParams l="703" t="391" r="730" b="431" charConfidence="70">c</charParams>
<charParams l="703" t="391" r="730" b="431" charConfidence="70">h</charParams>
<charParams l="734" t="396" r="744" b="424" charConfidence="66">t</charParams>
<charParams l="747" t="401" r="760" b="425" charConfidence="33">e</charParams>
<charParams l="763" t="397" r="774" b="426" charConfidence="28">t</charParams>
<charParams l="775" t="397" r="796" b="428"> </charParams>
<charParams l="797" t="401" r="825" b="428" charConfidence="28">w</charParams>
<charParams l="829" t="404" r="843" b="427" charConfidence="25">a</charParams>
<charParams l="847" t="404" r="861" b="428" charConfidence="54">r</charParams>
<charParams l="869" t="420" r="879" b="436" charConfidence="100">,</charParams>
<charParams l="880" t="397" r="911" b="436"> </charParams>
<charParams l="912" t="397" r="931" b="430" charConfidence="40">ü</charParams>
<charParams l="935" t="398" r="951" b="432" charConfidence="31">b</charParams>
<charParams l="955" t="407" r="966" b="431" charConfidence="100">e</charParams>
<charParams l="971" t="407" r="985" b="431" charConfidence="26">r</charParams></formatting></line>
<line baseline="488" l="178" t="454" r="698" b="500"><formatting lang="OldGerman">
<charParams l="178" t="463" r="187" b="500" charConfidence="46">j</charParams>
<charParams l="191" t="470" r="203" b="492" charConfidence="29">e</charParams>
<charParams l="207" t="469" r="223" b="492" charConfidence="53">n</charParams>
<charParams l="228" t="469" r="241" b="492" charConfidence="44">e</charParams>
<charParams l="242" t="459" r="264" b="492"> </charParams>
<charParams l="265" t="459" r="294" b="492" charConfidence="28">A</charParams>
<charParams l="296" t="468" r="308" b="490" charConfidence="41">e</charParams>
<charParams l="311" t="469" r="328" b="490" charConfidence="41">u</charParams>
<charParams l="332" t="459" r="348" b="497" charConfidence="57">ß</charParams>
<charParams l="351" t="467" r="364" b="490" charConfidence="28">e</charParams>
<charParams l="367" t="466" r="380" b="489" charConfidence="43">r</charParams>
<charParams l="383" t="466" r="400" b="489" charConfidence="26">u</charParams>
<charParams l="404" t="466" r="420" b="487" charConfidence="24">n</charParams>
<charParams l="422" t="463" r="440" b="495" charConfidence="54">g</charParams>
<charParams l="445" t="463" r="456" b="486" charConfidence="32">e</charParams>
<charParams l="460" t="463" r="477" b="487" charConfidence="41">n</charParams>
<charParams l="478" t="454" r="502" b="495"> </charParams>
<charParams l="503" t="454" r="521" b="495" suspicious="1" charConfidence="70">h</charParams>
<charParams l="525" t="455" r="533" b="486" charConfidence="49">i</charParams>
<charParams l="537" t="463" r="554" b="487" charConfidence="34">n</charParams>
<charParams l="557" t="463" r="573" b="486" charConfidence="55">a</charParams>
<charParams l="577" t="464" r="594" b="487" charConfidence="35">u</charParams>
<charParams l="599" t="458" r="613" b="486" charConfidence="100">s</charParams>
<charParams l="617" t="462" r="634" b="494" charConfidence="29">g</charParams>
<charParams l="639" t="455" r="646" b="485" charConfidence="100">i</charParams>
<charParams l="650" t="462" r="666" b="486" charConfidence="25">n</charParams>
<charParams l="669" t="462" r="686" b="493" charConfidence="26">g</charParams>
<charParams l="690" t="477" r="698" b="487" charConfidence="100">.</charParams></formatting></line></par>
<par align="Justified" startIndent="1860" lineSpacing="1488">
<line baseline="577" l="245" t="544" r="984" b="585"><formatting lang="OldGerman">
<charParams l="245" t="544" r="286" b="579" charConfidence="39">W</charParams>
<charParams l="289" t="547" r="297" b="577" charConfidence="31">i</charParams>
<charParams l="301" t="554" r="314" b="578" charConfidence="34">r</charParams>
<charParams l="315" t="552" r="351" b="578"> </charParams>
<charParams l="352" t="552" r="379" b="577" charConfidence="28">w</charParams>
<charParams l="384" t="555" r="398" b="577" charConfidence="30">o</charParams>
<charParams l="403" t="545" r="411" b="577" charConfidence="100">l</charParams>
<charParams l="413" t="545" r="422" b="577" charConfidence="29">l</charParams>
<charParams l="423" t="554" r="435" b="577" charConfidence="65">e</charParams>
<charParams l="439" t="554" r="456" b="578" charConfidence="54">n</charParams>
<charParams l="457" t="554" r="489" b="578"> </charParams>
<charParams l="490" t="556" r="505" b="578" charConfidence="24">a</charParams>
<charParams l="510" t="546" r="518" b="577" charConfidence="32">l</charParams>
<charParams l="520" t="545" r="527" b="578" charConfidence="83">l</charParams>
<charParams l="531" t="554" r="543" b="578" charConfidence="26">e</charParams>
<charParams l="544" t="548" r="576" b="578"> </charParams>
<charParams l="577" t="548" r="593" b="577" charConfidence="38">d</charParams>
<charParams l="598" t="546" r="604" b="577" charConfidence="37">i</charParams>
<charParams l="609" t="554" r="619" b="577" charConfidence="32">e</charParams>
<charParams l="624" t="545" r="637" b="584" charConfidence="38">s</charParams>
<charParams l="635" t="554" r="648" b="577" charConfidence="36">e</charParams>
<charParams l="649" t="554" r="678" b="577"> </charParams>
<charParams l="679" t="554" r="697" b="577" charConfidence="30">v</charParams>
<charParams l="701" t="553" r="716" b="577" charConfidence="100">o</charParams>
<charParams l="719" t="553" r="733" b="577" charConfidence="100">r</charParams>
<charParams l="736" t="545" r="749" b="583" charConfidence="100">s</charParams>
<charParams l="748" t="554" r="762" b="576" charConfidence="24">o</charParams>
<charParams l="766" t="553" r="779" b="577" charConfidence="54">r</charParams>
<charParams l="781" t="552" r="797" b="585" charConfidence="31">g</charParams>
<charParams l="802" t="546" r="811" b="577" charConfidence="66">l</charParams>
<charParams l="813" t="545" r="821" b="576" charConfidence="45">i</charParams>
<charParams l="824" t="545" r="851" b="583" charConfidence="62">c</charParams>
<charParams l="824" t="545" r="851" b="583" charConfidence="62">h</charParams>
<charParams l="856" t="553" r="868" b="576" charConfidence="28">e</charParams>
<charParams l="871" t="553" r="889" b="576" charConfidence="71">n</charParams>
<charParams l="890" t="545" r="922" b="578"> </charParams>
<charParams l="923" t="545" r="953" b="578" charConfidence="54">A</charParams>
<charParams l="954" t="556" r="971" b="581" charConfidence="43">n</charParams>
<charParams l="976" t="563" r="984" b="577" charConfidence="22">¬</charParams></formatting></line>
<line baseline="643" l="179" t="605" r="984" b="652"><formatting lang="OldGerman">
<charParams l="179" t="612" r="198" b="652" charConfidence="35">s</charParams>
<charParams l="179" t="612" r="198" b="652" charConfidence="35">t</charParams>
<charParams l="203" t="619" r="218" b="643" charConfidence="24">a</charParams>
<charParams l="223" t="611" r="231" b="644" charConfidence="48">l</charParams>
<charParams l="234" t="615" r="244" b="644" charConfidence="100">t</charParams>
<charParams l="248" t="620" r="259" b="643" charConfidence="31">e</charParams>
<charParams l="263" t="620" r="280" b="644" charConfidence="44">n</charParams>
<charParams l="281" t="612" r="305" b="644"> </charParams>
<charParams l="306" t="612" r="314" b="644" charConfidence="40">l</charParams>
<charParams l="318" t="620" r="332" b="644" charConfidence="66">o</charParams>
<charParams l="336" t="609" r="351" b="644" charConfidence="29">b</charParams>
<charParams l="356" t="620" r="368" b="644" charConfidence="29">e</charParams>
<charParams l="372" t="620" r="388" b="643" charConfidence="24">n</charParams>
<charParams l="400" t="636" r="409" b="649" charConfidence="62">,</charParams>
<charParams l="410" t="611" r="442" b="649"> </charParams>
<charParams l="443" t="611" r="457" b="649" charConfidence="81">s</charParams>
<charParams l="455" t="620" r="469" b="643" charConfidence="100">a</charParams>
<charParams l="474" t="620" r="489" b="652" charConfidence="27">g</charParams>
<charParams l="494" t="617" r="504" b="644" charConfidence="54">t</charParams>
<charParams l="508" t="620" r="520" b="644" charConfidence="62">e</charParams>
<charParams l="521" t="620" r="544" b="645"> </charParams>
<charParams l="545" t="620" r="557" b="645" charConfidence="31">e</charParams>
<charParams l="561" t="612" r="568" b="643" charConfidence="80">i</charParams>
<charParams l="572" t="620" r="588" b="643" charConfidence="27">n</charParams>
<charParams l="593" t="619" r="605" b="643" charConfidence="35">e</charParams>
<charParams l="609" t="614" r="624" b="643" charConfidence="100">s</charParams>
<charParams l="625" t="609" r="648" b="644"> </charParams>
<charParams l="649" t="609" r="677" b="644" charConfidence="33">A</charParams>
<charParams l="681" t="610" r="695" b="643" charConfidence="32">b</charParams>
<charParams l="700" t="619" r="712" b="643" charConfidence="26">e</charParams>
<charParams l="716" t="619" r="732" b="642" charConfidence="65">n</charParams>
<charParams l="737" t="613" r="751" b="642" charConfidence="27">d</charParams>
<charParams l="757" t="614" r="772" b="642" charConfidence="100">s</charParams>
<charParams l="773" t="612" r="797" b="642"> </charParams>
<charParams l="798" t="612" r="813" b="641" charConfidence="28">d</charParams>
<charParams l="817" t="618" r="828" b="641" charConfidence="26">e</charParams>
<charParams l="832" t="617" r="845" b="641" charConfidence="54">r</charParams>
<charParams l="846" t="605" r="865" b="648"> </charParams>
<charParams l="866" t="605" r="898" b="648" charConfidence="28">H</charParams>
<charParams l="902" t="618" r="917" b="640" charConfidence="54">a</charParams>
<charParams l="921" t="618" r="938" b="640" charConfidence="42">u</charParams>
<charParams l="942" t="618" r="958" b="649" charConfidence="49">p</charParams>
<charParams l="962" t="616" r="973" b="643" charConfidence="28">t</charParams>
<charParams l="975" t="624" r="984" b="639" suspicious="1" charConfidence="100">¬</charParams></formatting></line>
<line baseline="707" l="179" t="674" r="985" b="717"><formatting lang="OldGerman">
<charParams l="179" t="684" r="209" b="708" charConfidence="36">m</charParams>
<charParams l="212" t="685" r="228" b="708" charConfidence="44">a</charParams>
<charParams l="232" t="685" r="248" b="708" charConfidence="27">n</charParams>
<charParams l="253" t="685" r="270" b="708" charConfidence="33">n</charParams>
<charParams l="271" t="685" r="281" b="716"> </charParams>
<charParams l="282" t="687" r="290" b="716" charConfidence="38">;</charParams>
<charParams l="291" t="686" r="317" b="716"> </charParams>
<charParams l="318" t="686" r="335" b="709" charConfidence="87">n</charParams>
<charParams l="340" t="686" r="356" b="709" charConfidence="33">u</charParams>
<charParams l="360" t="686" r="378" b="709" charConfidence="100">n</charParams>
<charParams l="379" t="686" r="402" b="717"> </charParams>
<charParams l="403" t="686" r="419" b="717" charConfidence="67">g</charParams>
<charParams l="424" t="686" r="435" b="709" charConfidence="25">e</charParams>
<charParams l="439" t="676" r="455" b="717" charConfidence="65">h</charParams>
<charParams l="461" t="682" r="470" b="709" charConfidence="35">t</charParams>
<charParams l="471" t="682" r="494" b="709"> </charParams>
<charParams l="495" t="686" r="512" b="709" charConfidence="55">u</charParams>
<charParams l="517" t="686" r="533" b="709" charConfidence="100">n</charParams>
<charParams l="538" t="682" r="553" b="709" charConfidence="100">s</charParams>
<charParams l="554" t="682" r="577" b="709"> </charParams>
<charParams l="578" t="686" r="593" b="709" charConfidence="100">a</charParams>
<charParams l="598" t="677" r="613" b="709" charConfidence="46">b</charParams>
<charParams l="618" t="686" r="629" b="709" charConfidence="26">e</charParams>
<charParams l="633" t="685" r="646" b="708" charConfidence="49">r</charParams>
<charParams l="647" t="679" r="663" b="708"> </charParams>
<charParams l="664" t="679" r="679" b="708" charConfidence="27">d</charParams>
<charParams l="685" t="685" r="699" b="707" charConfidence="25">a</charParams>
<charParams l="704" t="680" r="719" b="708" suspicious="1" charConfidence="100">s</charParams>
<charParams l="720" t="674" r="738" b="708"> </charParams>
<charParams l="739" t="674" r="774" b="708" charConfidence="36">N</charParams>
<charParams l="778" t="684" r="792" b="708" charConfidence="78">o</charParams>
<charParams l="797" t="680" r="807" b="707" charConfidence="43">t</charParams>
<charParams l="811" t="675" r="826" b="716" charConfidence="66">h</charParams>
<charParams l="830" t="682" r="856" b="706" charConfidence="52">w</charParams>
<charParams l="861" t="682" r="872" b="705" charConfidence="55">e</charParams>
<charParams l="876" t="682" r="892" b="705" charConfidence="25">n</charParams>
<charParams l="897" t="675" r="912" b="704" charConfidence="26">d</charParams>
<charParams l="918" t="674" r="924" b="703" charConfidence="85">i</charParams>
<charParams l="928" t="683" r="944" b="712" charConfidence="55">g</charParams>
<charParams l="948" t="674" r="969" b="712" charConfidence="36">s</charParams>
<charParams l="948" t="674" r="969" b="712" charConfidence="36">t</charParams>
<charParams l="971" t="682" r="985" b="704" charConfidence="65">e</charParams></formatting></line>
<line baseline="772" l="179" t="736" r="984" b="782"><formatting lang="OldGerman">
<charParams l="179" t="750" r="197" b="773" charConfidence="30">n</charParams>
<charParams l="201" t="751" r="215" b="773" charConfidence="37">o</charParams>
<charParams l="219" t="741" r="246" b="780" charConfidence="59">c</charParams>
<charParams l="219" t="741" r="246" b="780" charConfidence="59">h</charParams>
<charParams l="247" t="741" r="265" b="780"> </charParams>
<charParams l="266" t="749" r="282" b="772" charConfidence="100">a</charParams>
<charParams l="286" t="741" r="302" b="773" charConfidence="41">b</charParams>
<charParams l="311" t="765" r="322" b="779" charConfidence="80">,</charParams>
<charParams l="323" t="751" r="353" b="779"> </charParams>
<charParams l="354" t="751" r="366" b="774" charConfidence="25">e</charParams>
<charParams l="370" t="743" r="378" b="773" charConfidence="94">i</charParams>
<charParams l="381" t="750" r="398" b="773" charConfidence="88">n</charParams>
<charParams l="399" t="748" r="423" b="773"> </charParams>
<charParams l="424" t="748" r="434" b="773" charConfidence="62">t</charParams>
<charParams l="438" t="741" r="454" b="773" charConfidence="22">ü</charParams>
<charParams l="458" t="742" r="485" b="778" charConfidence="55">c</charParams>
<charParams l="458" t="742" r="485" b="778" charConfidence="55">h</charParams>
<charParams l="490" t="748" r="500" b="774" charConfidence="62">t</charParams>
<charParams l="503" t="751" r="510" b="773" charConfidence="100">i</charParams>
<charParams l="513" t="752" r="529" b="782" charConfidence="35">g</charParams>
<charParams l="534" t="751" r="546" b="775" charConfidence="30">e</charParams>
<charParams l="549" t="750" r="563" b="774" charConfidence="26">r</charParams>
<charParams l="564" t="739" r="586" b="774"> </charParams>
<charParams l="587" t="739" r="632" b="774" charConfidence="32">M</charParams>
<charParams l="635" t="750" r="650" b="773" charConfidence="25">a</charParams>
<charParams l="655" t="749" r="671" b="772" charConfidence="34">n</charParams>
<charParams l="676" t="749" r="694" b="773" charConfidence="42">n</charParams>
<charParams l="705" t="764" r="715" b="778" charConfidence="100">,</charParams>
<charParams l="716" t="743" r="757" b="778"> </charParams>
<charParams l="758" t="743" r="773" b="772" charConfidence="26">d</charParams>
<charParams l="778" t="748" r="790" b="772" charConfidence="28">e</charParams>
<charParams l="793" t="748" r="806" b="772" charConfidence="60">r</charParams>
<charParams l="807" t="741" r="830" b="772"> </charParams>
<charParams l="831" t="741" r="847" b="771" charConfidence="100">d</charParams>
<charParams l="851" t="746" r="866" b="770" charConfidence="100">a</charParams>
<charParams l="871" t="741" r="886" b="770" charConfidence="100">s</charParams>
<charParams l="887" t="741" r="911" b="770"> </charParams>
<charParams l="912" t="745" r="927" b="769" charConfidence="54">a</charParams>
<charParams l="932" t="737" r="939" b="768" charConfidence="37">l</charParams>
<charParams l="941" t="736" r="948" b="769" charConfidence="39">l</charParams>
<charParams l="952" t="745" r="964" b="769" charConfidence="32">e</charParams>
<charParams l="968" t="739" r="984" b="768" charConfidence="100">s</charParams></formatting></line>
<line baseline="834" l="179" t="801" r="985" b="845"><formatting lang="OldGerman">
<charParams l="179" t="811" r="191" b="845" charConfidence="25">z</charParams>
<charParams l="195" t="813" r="212" b="836" charConfidence="31">u</charParams>
<charParams l="213" t="804" r="243" b="844"> </charParams>
<charParams l="244" t="804" r="262" b="844" charConfidence="59">h</charParams>
<charParams l="266" t="813" r="281" b="836" charConfidence="100">a</charParams>
<charParams l="286" t="812" r="303" b="835" charConfidence="53">n</charParams>
<charParams l="307" t="806" r="322" b="835" charConfidence="31">d</charParams>
<charParams l="327" t="803" r="344" b="845" charConfidence="61">h</charParams>
<charParams l="347" t="812" r="363" b="835" charConfidence="54">a</charParams>
<charParams l="368" t="804" r="383" b="836" charConfidence="39">b</charParams>
<charParams l="387" t="813" r="399" b="835" charConfidence="59">e</charParams>
<charParams l="403" t="813" r="421" b="836" charConfidence="26">n</charParams>
<charParams l="422" t="812" r="453" b="836"> </charParams>
<charParams l="454" t="812" r="480" b="836" charConfidence="62">w</charParams>
<charParams l="485" t="814" r="496" b="835" charConfidence="26">e</charParams>
<charParams l="500" t="806" r="507" b="835" charConfidence="39">i</charParams>
<charParams l="511" t="805" r="528" b="840" charConfidence="29">s</charParams>
<charParams l="511" t="805" r="528" b="840" charConfidence="29">t</charParams>
<charParams l="531" t="828" r="538" b="836" charConfidence="100">.</charParams>
<charParams l="539" t="803" r="593" b="842"> </charParams>
<charParams l="594" t="803" r="624" b="842" suspicious="1" charConfidence="34">Z</charParams>
<charParams l="627" t="805" r="655" b="842" charConfidence="71">c</charParams>
<charParams l="627" t="805" r="655" b="842" charConfidence="71">h</charParams>
<charParams l="656" t="803" r="687" b="842"> </charParams>
<charParams l="688" t="803" r="702" b="835" charConfidence="28">k</charParams>
<charParams l="704" t="813" r="719" b="835" charConfidence="100">a</charParams>
<charParams l="723" t="811" r="740" b="835" charConfidence="48">n</charParams>
<charParams l="745" t="812" r="764" b="835" charConfidence="26">n</charParams>
<charParams l="765" t="801" r="794" b="841"> </charParams>
<charParams l="795" t="801" r="813" b="841" suspicious="1" charConfidence="65">h</charParams>
<charParams l="817" t="803" r="826" b="833" charConfidence="36">i</charParams>
<charParams l="829" t="811" r="841" b="833" charConfidence="29">e</charParams>
<charParams l="843" t="810" r="855" b="843" suspicious="1" charConfidence="26">z</charParams>
<charParams l="859" t="802" r="876" b="832" suspicious="1" charConfidence="65">ü</charParams>
<charParams l="877" t="802" r="901" b="832"> </charParams>
<charParams l="902" t="809" r="915" b="831" charConfidence="-1">»</charParams>
<charParams l="918" t="801" r="925" b="830" charConfidence="36">i</charParams>
<charParams l="929" t="808" r="946" b="830" charConfidence="62">n</charParams>
<charParams l="950" t="807" r="962" b="830" charConfidence="26">e</charParams>
<charParams l="966" t="807" r="985" b="830" charConfidence="24">n</charParams></formatting></line>
<line baseline="895" l="179" t="863" r="984" b="904"><formatting lang="OldGerman">
<charParams l="179" t="873" r="208" b="896" charConfidence="56">m</charParams>
<charParams l="212" t="867" r="220" b="895" charConfidence="27">i</charParams>
<charParams l="223" t="873" r="237" b="896" charConfidence="26">r</charParams>
<charParams l="238" t="866" r="260" b="897"> </charParams>
<charParams l="261" t="866" r="277" b="897" charConfidence="30">b</charParams>
<charParams l="281" t="874" r="293" b="896" charConfidence="24">e</charParams>
<charParams l="297" t="866" r="309" b="895" charConfidence="25">k</charParams>
<charParams l="311" t="874" r="326" b="896" charConfidence="55">a</charParams>
<charParams l="330" t="873" r="348" b="897" charConfidence="100">n</charParams>
<charParams l="352" t="874" r="369" b="897" charConfidence="54">n</charParams>
<charParams l="373" t="871" r="384" b="897" charConfidence="81">t</charParams>
<charParams l="386" t="875" r="398" b="896" charConfidence="30">e</charParams>
<charParams l="401" t="874" r="420" b="897" charConfidence="50">n</charParams>
<charParams l="421" t="865" r="443" b="903"> </charParams>
<charParams l="444" t="865" r="469" b="903" charConfidence="36">F</charParams>
<charParams l="471" t="875" r="483" b="897" charConfidence="30">e</charParams>
<charParams l="487" t="868" r="494" b="897" charConfidence="74">l</charParams>
<charParams l="498" t="869" r="513" b="897" charConfidence="26">d</charParams>
<charParams l="517" t="866" r="544" b="904" charConfidence="62">c</charParams>
<charParams l="517" t="866" r="544" b="904" suspicious="1" charConfidence="62">h</charParams>
<charParams l="548" t="867" r="556" b="897" charConfidence="28">i</charParams>
<charParams l="559" t="874" r="573" b="897" charConfidence="27">r</charParams>
<charParams l="576" t="875" r="592" b="897" suspicious="1" charConfidence="57">u</charParams>
<charParams l="596" t="874" r="609" b="897" charConfidence="26">r</charParams>
<charParams l="610" t="874" r="628" b="904" charConfidence="25">g</charParams>
<charParams l="632" t="875" r="649" b="896" suspicious="1" charConfidence="24">n</charParams>
<charParams l="653" t="870" r="669" b="896" charConfidence="100">S</charParams>
<charParams l="670" t="870" r="693" b="896"> </charParams>
<charParams l="694" t="874" r="712" b="896" charConfidence="28">v</charParams>
<charParams l="716" t="873" r="731" b="895" charConfidence="35">o</charParams>
<charParams l="734" t="872" r="748" b="899" charConfidence="24">r</charParams>
<charParams l="751" t="864" r="764" b="900" charConfidence="32">s</charParams>
<charParams l="762" t="865" r="789" b="900" charConfidence="100">c</charParams>
<charParams l="762" t="865" r="789" b="900" charConfidence="100">h</charParams>
<charParams l="794" t="864" r="803" b="894" charConfidence="45">l</charParams>
<charParams l="805" t="871" r="820" b="893" charConfidence="54">a</charParams>
<charParams l="823" t="871" r="840" b="901" charConfidence="44">g</charParams>
<charParams l="844" t="871" r="856" b="892" charConfidence="30">e</charParams>
<charParams l="860" t="870" r="877" b="893" charConfidence="67">n</charParams>
<charParams l="886" t="884" r="896" b="899" charConfidence="79">,</charParams>
<charParams l="897" t="863" r="934" b="899"> </charParams>
<charParams l="935" t="863" r="950" b="892" charConfidence="26">d</charParams>
<charParams l="955" t="869" r="967" b="892" charConfidence="41">e</charParams>
<charParams l="970" t="869" r="984" b="893" charConfidence="31">r</charParams></formatting></line>
<line baseline="954" l="177" t="921" r="983" b="963"><formatting lang="OldGerman">
<charParams l="177" t="925" r="185" b="962" charConfidence="67">j</charParams>
<charParams l="189" t="931" r="202" b="955" charConfidence="30">e</charParams>
<charParams l="204" t="927" r="223" b="962" charConfidence="48">t</charParams>
<charParams l="204" t="927" r="223" b="962" charConfidence="48">z</charParams>
<charParams l="226" t="928" r="237" b="955" charConfidence="66">t</charParams>
<charParams l="238" t="928" r="261" b="955"> </charParams>
<charParams l="262" t="931" r="279" b="954" charConfidence="25">u</charParams>
<charParams l="283" t="931" r="313" b="954" charConfidence="81">m</charParams>
<charParams l="314" t="926" r="337" b="955"> </charParams>
<charParams l="338" t="926" r="347" b="955" charConfidence="78">l</charParams>
<charParams l="349" t="931" r="362" b="955" charConfidence="33">e</charParams>
<charParams l="365" t="926" r="373" b="954" charConfidence="29">i</charParams>
<charParams l="376" t="927" r="393" b="954" charConfidence="26">d</charParams>
<charParams l="397" t="926" r="407" b="955" charConfidence="55">l</charParams>
<charParams l="408" t="926" r="417" b="954" charConfidence="49">i</charParams>
<charParams l="419" t="925" r="446" b="959" charConfidence="57">c</charParams>
<charParams l="419" t="925" r="446" b="959" charConfidence="57">h</charParams>
<charParams l="450" t="933" r="464" b="955" charConfidence="27">e</charParams>
<charParams l="465" t="923" r="481" b="955"> </charParams>
<charParams l="482" t="923" r="515" b="955" charConfidence="26">B</charParams>
<charParams l="520" t="933" r="532" b="955" charConfidence="27">e</charParams>
<charParams l="535" t="927" r="551" b="955" charConfidence="100">d</charParams>
<charParams l="554" t="925" r="563" b="954" charConfidence="53">i</charParams>
<charParams l="567" t="932" r="584" b="954" charConfidence="31">n</charParams>
<charParams l="586" t="932" r="603" b="962" charConfidence="27">g</charParams>
<charParams l="607" t="931" r="624" b="954" charConfidence="31">u</charParams>
<charParams l="628" t="931" r="645" b="953" charConfidence="54">n</charParams>
<charParams l="648" t="931" r="665" b="961" charConfidence="47">g</charParams>
<charParams l="666" t="931" r="690" b="963"> </charParams>
<charParams l="691" t="931" r="705" b="963" charConfidence="28">z</charParams>
<charParams l="706" t="931" r="724" b="954" charConfidence="30">u</charParams>
<charParams l="725" t="923" r="743" b="961"> </charParams>
<charParams l="744" t="923" r="761" b="961" suspicious="1" charConfidence="73">h</charParams>
<charParams l="765" t="930" r="780" b="951" charConfidence="38">a</charParams>
<charParams l="785" t="921" r="801" b="953" charConfidence="26">b</charParams>
<charParams l="804" t="929" r="817" b="952" charConfidence="26">e</charParams>
<charParams l="819" t="929" r="838" b="952" charConfidence="45">n</charParams>
<charParams l="839" t="922" r="858" b="952"> </charParams>
<charParams l="859" t="922" r="868" b="951" charConfidence="48">i</charParams>
<charParams l="872" t="921" r="892" b="959" charConfidence="39">s</charParams>
<charParams l="872" t="921" r="892" b="959" charConfidence="39">t</charParams>
<charParams l="903" t="943" r="912" b="957" charConfidence="83">,</charParams>
<charParams l="913" t="930" r="936" b="957"> </charParams>
<charParams l="937" t="930" r="949" b="953" charConfidence="32">e</charParams>
<charParams l="953" t="922" r="961" b="954" charConfidence="100">i</charParams>
<charParams l="965" t="931" r="983" b="956" charConfidence="24">n</charParams></formatting></line>
<line baseline="1015" l="176" t="982" r="982" b="1024"><formatting lang="OldGerman">
<charParams l="176" t="994" r="194" b="1016" charConfidence="33">v</charParams>
<charParams l="197" t="993" r="212" b="1016" charConfidence="41">o</charParams>
<charParams l="216" t="991" r="229" b="1015" charConfidence="33">r</charParams>
<charParams l="231" t="992" r="242" b="1024" charConfidence="22">z</charParams>
<charParams l="248" t="984" r="264" b="1014" charConfidence="22">ü</charParams>
<charParams l="267" t="992" r="283" b="1022" charConfidence="56">g</charParams>
<charParams l="288" t="985" r="296" b="1015" charConfidence="46">l</charParams>
<charParams l="299" t="984" r="307" b="1015" charConfidence="30">i</charParams>
<charParams l="310" t="984" r="338" b="1022" charConfidence="63">c</charParams>
<charParams l="310" t="984" r="338" b="1022" charConfidence="63">h</charParams>
<charParams l="342" t="991" r="354" b="1015" charConfidence="26">e</charParams>
<charParams l="358" t="991" r="373" b="1014" charConfidence="25">r</charParams>
<charParams l="374" t="982" r="395" b="1015"> </charParams>
<charParams l="396" t="982" r="442" b="1015" charConfidence="40">M</charParams>
<charParams l="444" t="993" r="460" b="1014" charConfidence="27">a</charParams>
<charParams l="464" t="992" r="481" b="1014" charConfidence="38">n</charParams>
<charParams l="485" t="992" r="503" b="1014" charConfidence="80">n</charParams>
<charParams l="504" t="985" r="528" b="1015"> </charParams>
<charParams l="529" t="985" r="537" b="1015" charConfidence="28">i</charParams>
<charParams l="540" t="992" r="558" b="1014" charConfidence="75">n</charParams>
<charParams l="559" t="984" r="582" b="1022"> </charParams>
<charParams l="583" t="984" r="597" b="1022" charConfidence="35">f</charParams>
<charParams l="595" t="991" r="607" b="1014" charConfidence="26">e</charParams>
<charParams l="611" t="984" r="618" b="1014" charConfidence="100">i</charParams>
<charParams l="622" t="991" r="639" b="1014" charConfidence="38">n</charParams>
<charParams l="643" t="992" r="655" b="1015" charConfidence="28">e</charParams>
<charParams l="659" t="991" r="687" b="1014" charConfidence="100">m</charParams>
<charParams l="688" t="982" r="712" b="1021"> </charParams>
<charParams l="713" t="982" r="738" b="1021" charConfidence="31">F</charParams>
<charParams l="739" t="992" r="754" b="1015" charConfidence="100">a</charParams>
<charParams l="759" t="983" r="786" b="1022" charConfidence="93">c</charParams>
<charParams l="759" t="983" r="786" b="1022" charConfidence="93">h</charParams>
<charParams l="790" t="992" r="803" b="1015" charConfidence="35">e</charParams>
<charParams l="813" t="1007" r="822" b="1022" charConfidence="57">,</charParams>
<charParams l="823" t="993" r="847" b="1022"> </charParams>
<charParams l="848" t="993" r="866" b="1016" charConfidence="28">u</charParams>
<charParams l="871" t="993" r="887" b="1016" charConfidence="100">n</charParams>
<charParams l="892" t="986" r="907" b="1015" charConfidence="31">d</charParams>
<charParams l="908" t="986" r="932" b="1016"> </charParams>
<charParams l="933" t="987" r="948" b="1016" charConfidence="26">d</charParams>
<charParams l="953" t="994" r="965" b="1016" charConfidence="52">e</charParams>
<charParams l="968" t="994" r="982" b="1018" charConfidence="31">r</charParams></formatting></line>
<line baseline="1079" l="176" t="1043" r="982" b="1088"><formatting lang="OldGerman">
<charParams l="176" t="1054" r="204" b="1078" charConfidence="85">m</charParams>
<charParams l="208" t="1047" r="216" b="1078" charConfidence="49">i</charParams>
<charParams l="220" t="1055" r="233" b="1078" charConfidence="41">r</charParams>
<charParams l="234" t="1054" r="257" b="1078"> </charParams>
<charParams l="258" t="1054" r="273" b="1076" charConfidence="54">a</charParams>
<charParams l="277" t="1054" r="294" b="1076" charConfidence="54">u</charParams>
<charParams l="298" t="1045" r="326" b="1082" charConfidence="55">c</charParams>
<charParams l="298" t="1045" r="326" b="1082" charConfidence="55">h</charParams>
<charParams l="327" t="1045" r="351" b="1082"> </charParams>
<charParams l="352" t="1046" r="359" b="1076" charConfidence="100">i</charParams>
<charParams l="363" t="1053" r="380" b="1076" charConfidence="100">n</charParams>
<charParams l="381" t="1043" r="406" b="1076"> </charParams>
<charParams l="407" t="1043" r="440" b="1076" charConfidence="29">B</charParams>
<charParams l="445" t="1054" r="456" b="1075" charConfidence="25">e</charParams>
<charParams l="461" t="1044" r="477" b="1084" charConfidence="100">h</charParams>
<charParams l="481" t="1054" r="497" b="1076" charConfidence="54">a</charParams>
<charParams l="502" t="1053" r="518" b="1077" charConfidence="52">n</charParams>
<charParams l="523" t="1047" r="538" b="1076" charConfidence="36">d</charParams>
<charParams l="543" t="1047" r="551" b="1077" charConfidence="61">l</charParams>
<charParams l="553" t="1054" r="570" b="1077" charConfidence="38">u</charParams>
<charParams l="575" t="1054" r="591" b="1077" charConfidence="24">n</charParams>
<charParams l="594" t="1054" r="611" b="1086" charConfidence="56">g</charParams>
<charParams l="612" t="1045" r="641" b="1088"> </charParams>
<charParams l="642" t="1045" r="658" b="1088" suspicious="1" charConfidence="79">h</charParams>
<charParams l="663" t="1055" r="675" b="1078" charConfidence="34">e</charParams>
<charParams l="679" t="1046" r="693" b="1085" charConfidence="32">f</charParams>
<charParams l="692" t="1052" r="702" b="1079" charConfidence="40">t</charParams>
<charParams l="705" t="1048" r="713" b="1078" charConfidence="41">i</charParams>
<charParams l="716" t="1055" r="732" b="1087" charConfidence="38">g</charParams>
<charParams l="737" t="1056" r="748" b="1079" charConfidence="34">e</charParams>
<charParams l="752" t="1056" r="766" b="1080" charConfidence="39">r</charParams>
<charParams l="767" t="1049" r="790" b="1080"> </charParams>
<charParams l="791" t="1049" r="799" b="1079" charConfidence="43">i</charParams>
<charParams l="802" t="1057" r="819" b="1080" charConfidence="53">n</charParams>
<charParams l="824" t="1057" r="841" b="1080" charConfidence="27">n</charParams>
<charParams l="846" t="1057" r="857" b="1081" charConfidence="26">e</charParams>
<charParams l="860" t="1057" r="874" b="1081" charConfidence="85">r</charParams>
<charParams l="877" t="1057" r="888" b="1081" charConfidence="25">e</charParams>
<charParams l="892" t="1057" r="905" b="1081" charConfidence="100">r</charParams>
<charParams l="906" t="1047" r="928" b="1081"> </charParams>
<charParams l="929" t="1047" r="955" b="1081" charConfidence="50">U</charParams>
<charParams l="959" t="1057" r="970" b="1081" charConfidence="31">e</charParams>
<charParams l="972" t="1061" r="982" b="1076" charConfidence="52">¬</charParams></formatting></line>
<line baseline="1142" l="175" t="1106" r="980" b="1153"><formatting lang="OldGerman">
<charParams l="175" t="1108" r="191" b="1141" charConfidence="25">b</charParams>
<charParams l="195" t="1118" r="207" b="1140" charConfidence="27">e</charParams>
<charParams l="211" t="1110" r="220" b="1141" charConfidence="100">l</charParams>
<charParams l="221" t="1107" r="249" b="1141"> </charParams>
<charParams l="250" t="1107" r="265" b="1139" charConfidence="27">ö</charParams>
<charParams l="268" t="1107" r="283" b="1145" charConfidence="68">f</charParams>
<charParams l="282" t="1113" r="293" b="1139" charConfidence="35">t</charParams>
<charParams l="295" t="1116" r="307" b="1138" charConfidence="46">e</charParams>
<charParams l="311" t="1115" r="324" b="1139" charConfidence="29">r</charParams>
<charParams l="327" t="1110" r="342" b="1139" charConfidence="100">s</charParams>
<charParams l="343" t="1110" r="375" b="1139"> </charParams>
<charParams l="376" t="1114" r="404" b="1138" charConfidence="84">m</charParams>
<charParams l="409" t="1116" r="421" b="1139" charConfidence="29">e</charParams>
<charParams l="424" t="1107" r="441" b="1147" charConfidence="77">h</charParams>
<charParams l="446" t="1115" r="460" b="1139" charConfidence="26">r</charParams>
<charParams l="461" t="1106" r="491" b="1141"> </charParams>
<charParams l="492" t="1106" r="525" b="1141" charConfidence="26">G</charParams>
<charParams l="529" t="1117" r="541" b="1140" charConfidence="32">e</charParams>
<charParams l="545" t="1117" r="561" b="1140" charConfidence="53">n</charParams>
<charParams l="566" t="1108" r="582" b="1141" charConfidence="52">ü</charParams>
<charParams l="586" t="1118" r="602" b="1149" charConfidence="96">g</charParams>
<charParams l="607" t="1119" r="620" b="1142" charConfidence="29">e</charParams>
<charParams l="621" t="1119" r="652" b="1150"> </charParams>
<charParams l="653" t="1119" r="670" b="1150" charConfidence="58">g</charParams>
<charParams l="674" t="1120" r="686" b="1143" charConfidence="29">e</charParams>
<charParams l="690" t="1117" r="700" b="1142" charConfidence="29">t</charParams>
<charParams l="703" t="1110" r="720" b="1153" charConfidence="61">h</charParams>
<charParams l="725" t="1120" r="740" b="1143" charConfidence="36">a</charParams>
<charParams l="744" t="1121" r="762" b="1143" suspicious="1" charConfidence="100">n</charParams>
<charParams l="763" t="1112" r="787" b="1153"> </charParams>
<charParams l="788" t="1112" r="806" b="1153" suspicious="1" charConfidence="63">h</charParams>
<charParams l="810" t="1121" r="825" b="1144" charConfidence="100">a</charParams>
<charParams l="829" t="1118" r="840" b="1145" charConfidence="100">t</charParams>
<charParams l="841" t="1118" r="864" b="1145"> </charParams>
<charParams l="865" t="1122" r="881" b="1144" charConfidence="35">a</charParams>
<charParams l="885" t="1114" r="893" b="1144" charConfidence="43">l</charParams>
<charParams l="896" t="1116" r="912" b="1144" charConfidence="100">s</charParams>
<charParams l="913" t="1116" r="934" b="1145"> </charParams>
<charParams l="935" t="1120" r="947" b="1145" charConfidence="30">e</charParams>
<charParams l="950" t="1112" r="957" b="1142" charConfidence="29">i</charParams>
<charParams l="962" t="1120" r="980" b="1145" charConfidence="25">n</charParams></formatting></line>
<line baseline="1205" l="174" t="1168" r="979" b="1215"><formatting lang="OldGerman">
<charParams l="174" t="1170" r="189" b="1204" charConfidence="27">b</charParams>
<charParams l="194" t="1180" r="206" b="1203" charConfidence="34">e</charParams>
<charParams l="209" t="1178" r="222" b="1203" charConfidence="89">r</charParams>
<charParams l="225" t="1169" r="242" b="1201" charConfidence="48">ü</charParams>
<charParams l="247" t="1169" r="263" b="1210" charConfidence="34">h</charParams>
<charParams l="266" t="1177" r="295" b="1201" charConfidence="100">m</charParams>
<charParams l="299" t="1175" r="309" b="1201" charConfidence="28">t</charParams>
<charParams l="311" t="1178" r="323" b="1201" charConfidence="25">e</charParams>
<charParams l="327" t="1178" r="341" b="1201" charConfidence="32">r</charParams>
<charParams l="342" t="1168" r="365" b="1201"> </charParams>
<charParams l="366" t="1168" r="395" b="1200" charConfidence="52">A</charParams>
<charParams l="397" t="1179" r="409" b="1201" charConfidence="99">r</charParams>
<charParams l="412" t="1178" r="423" b="1212" charConfidence="27">z</charParams>
<charParams l="428" t="1176" r="438" b="1202" charConfidence="51">t</charParams>
<charParams l="449" t="1181" r="458" b="1210" charConfidence="37">;</charParams>
<charParams l="459" t="1181" r="484" b="1210"> </charParams>
<charParams l="485" t="1181" r="502" b="1204" charConfidence="50">u</charParams>
<charParams l="507" t="1181" r="523" b="1204" charConfidence="54">n</charParams>
<charParams l="528" t="1176" r="543" b="1204" charConfidence="29">d</charParams>
<charParams l="544" t="1176" r="568" b="1205"> </charParams>
<charParams l="569" t="1183" r="585" b="1205" charConfidence="27">a</charParams>
<charParams l="589" t="1183" r="606" b="1205" charConfidence="40">u</charParams>
<charParams l="609" t="1182" r="625" b="1214" charConfidence="27">g</charParams>
<charParams l="630" t="1183" r="641" b="1206" charConfidence="100">e</charParams>
<charParams l="645" t="1183" r="662" b="1205" charConfidence="44">n</charParams>
<charParams l="668" t="1174" r="682" b="1207" charConfidence="40">b</charParams>
<charParams l="687" t="1177" r="694" b="1206" charConfidence="61">l</charParams>
<charParams l="699" t="1177" r="705" b="1207" charConfidence="31">i</charParams>
<charParams l="710" t="1184" r="721" b="1206" charConfidence="24">c</charParams>
<charParams l="721" t="1175" r="734" b="1207" charConfidence="63">k</charParams>
<charParams l="739" t="1177" r="747" b="1208" charConfidence="36">l</charParams>
<charParams l="749" t="1176" r="757" b="1207" charConfidence="92">i</charParams>
<charParams l="759" t="1176" r="786" b="1214" charConfidence="63">c</charParams>
<charParams l="759" t="1176" r="786" b="1214" charConfidence="63">h</charParams>
<charParams l="791" t="1185" r="804" b="1208" charConfidence="26">e</charParams>
<charParams l="805" t="1174" r="826" b="1214"> </charParams>
<charParams l="827" t="1174" r="859" b="1214" charConfidence="25">H</charParams>
<charParams l="863" t="1175" r="880" b="1207" charConfidence="22">ü</charParams>
<charParams l="885" t="1177" r="893" b="1207" charConfidence="54">l</charParams>
<charParams l="895" t="1175" r="911" b="1213" charConfidence="54">f</charParams>
<charParams l="909" t="1184" r="921" b="1206" charConfidence="50">e</charParams>
<charParams l="922" t="1176" r="946" b="1206"> </charParams>
<charParams l="947" t="1176" r="955" b="1206" charConfidence="53">i</charParams>
<charParams l="959" t="1175" r="979" b="1215" charConfidence="66">s</charParams>
<charParams l="959" t="1175" r="979" b="1215" charConfidence="66">t</charParams></formatting></line>
<line baseline="1268" l="174" t="1232" r="978" b="1277"><formatting lang="OldGerman">
<charParams l="174" t="1236" r="189" b="1267" charConfidence="28">d</charParams>
<charParams l="193" t="1243" r="207" b="1266" charConfidence="86">o</charParams>
<charParams l="211" t="1234" r="238" b="1270" charConfidence="55">c</charParams>
<charParams l="211" t="1234" r="238" b="1270" charConfidence="55">h</charParams>
<charParams l="239" t="1232" r="270" b="1270"> </charParams>
<charParams l="271" t="1232" r="279" b="1264" charConfidence="34">i</charParams>
<charParams l="283" t="1240" r="311" b="1264" charConfidence="100">m</charParams>
<charParams l="315" t="1239" r="343" b="1263" charConfidence="100">m</charParams>
<charParams l="347" t="1241" r="359" b="1263" charConfidence="44">e</charParams>
<charParams l="362" t="1240" r="376" b="1264" charConfidence="100">r</charParams>
<charParams l="377" t="1235" r="407" b="1264"> </charParams>
<charParams l="408" t="1235" r="423" b="1264" charConfidence="28">d</charParams>
<charParams l="428" t="1243" r="443" b="1265" charConfidence="36">a</charParams>
<charParams l="448" t="1237" r="463" b="1265" charConfidence="100">s</charParams>
<charParams l="471" t="1257" r="481" b="1273" charConfidence="55">,</charParams>
<charParams l="482" t="1242" r="522" b="1273"> </charParams>
<charParams l="523" t="1242" r="549" b="1268" charConfidence="23">w</charParams>
<charParams l="553" t="1245" r="568" b="1268" charConfidence="54">a</charParams>
<charParams l="573" t="1240" r="588" b="1269" charConfidence="100">s</charParams>
<charParams l="589" t="1240" r="621" b="1270"> </charParams>
<charParams l="622" t="1247" r="638" b="1270" charConfidence="100">a</charParams>
<charParams l="643" t="1246" r="659" b="1270" charConfidence="36">u</charParams>
<charParams l="662" t="1237" r="678" b="1277" charConfidence="76">f</charParams>
<charParams l="679" t="1237" r="706" b="1277"> </charParams>
<charParams l="707" t="1241" r="722" b="1271" charConfidence="31">d</charParams>
<charParams l="726" t="1247" r="738" b="1270" charConfidence="39">e</charParams>
<charParams l="742" t="1246" r="771" b="1272" charConfidence="100">m</charParams>
<charParams l="772" t="1238" r="801" b="1273"> </charParams>
<charParams l="802" t="1238" r="820" b="1273" charConfidence="35">L</charParams>
<charParams l="824" t="1248" r="839" b="1272" charConfidence="100">a</charParams>
<charParams l="843" t="1247" r="860" b="1272" charConfidence="57">n</charParams>
<charParams l="865" t="1241" r="880" b="1271" charConfidence="48">d</charParams>
<charParams l="884" t="1247" r="897" b="1271" charConfidence="34">e</charParams>
<charParams l="898" t="1247" r="928" b="1271"> </charParams>
<charParams l="929" t="1247" r="945" b="1269" charConfidence="100">a</charParams>
<charParams l="949" t="1245" r="978" b="1269" charConfidence="100">m</charParams></formatting></line>
<line baseline="1329" l="174" t="1296" r="549" b="1338"><formatting lang="OldGerman">
<charParams l="174" t="1306" r="202" b="1330" charConfidence="59">m</charParams>
<charParams l="206" t="1307" r="219" b="1330" charConfidence="29">e</charParams>
<charParams l="223" t="1300" r="230" b="1330" charConfidence="57">i</charParams>
<charParams l="234" t="1298" r="253" b="1338" charConfidence="64">s</charParams>
<charParams l="234" t="1298" r="253" b="1338" charConfidence="64">t</charParams>
<charParams l="257" t="1306" r="268" b="1329" charConfidence="26">e</charParams>
<charParams l="271" t="1304" r="289" b="1329" charConfidence="62">n</charParams>
<charParams l="290" t="1304" r="312" b="1329"> </charParams>
<charParams l="313" t="1304" r="330" b="1328" charConfidence="100">v</charParams>
<charParams l="334" t="1303" r="346" b="1327" charConfidence="27">e</charParams>
<charParams l="350" t="1303" r="363" b="1327" charConfidence="100">r</charParams>
<charParams l="366" t="1303" r="393" b="1326" charConfidence="84">m</charParams>
<charParams l="398" t="1297" r="405" b="1327" charConfidence="43">i</charParams>
<charParams l="410" t="1296" r="425" b="1333" charConfidence="25">ß</charParams>
<charParams l="430" t="1302" r="440" b="1328" charConfidence="26">t</charParams>
<charParams l="441" t="1302" r="462" b="1328"> </charParams>
<charParams l="463" t="1304" r="490" b="1328" charConfidence="54">w</charParams>
<charParams l="494" t="1299" r="501" b="1328" charConfidence="38">i</charParams>
<charParams l="505" t="1306" r="518" b="1329" charConfidence="37">r</charParams>
<charParams l="521" t="1301" r="536" b="1330" charConfidence="27">d</charParams>
<charParams l="539" t="1321" r="549" b="1330" charConfidence="96">.</charParams></formatting></line></par>
<par align="Justified" startIndent="1860" lineSpacing="1488">
<line baseline="1430" l="240" t="1394" r="977" b="1439"><formatting lang="OldGerman">
<charParams l="240" t="1397" r="269" b="1431" charConfidence="54">A</charParams>
<charParams l="270" t="1407" r="286" b="1431" charConfidence="29">u</charParams>
<charParams l="290" t="1398" r="318" b="1435" charConfidence="55">c</charParams>
<charParams l="290" t="1398" r="318" b="1435" charConfidence="55">h</charParams>
<charParams l="319" t="1397" r="357" b="1435"> </charParams>
<charParams l="358" t="1397" r="373" b="1427" charConfidence="33">d</charParams>
<charParams l="378" t="1396" r="385" b="1426" charConfidence="100">i</charParams>
<charParams l="389" t="1404" r="401" b="1427" charConfidence="34">e</charParams>
<charParams l="404" t="1394" r="418" b="1432" charConfidence="28">s</charParams>
<charParams l="415" t="1403" r="427" b="1427" charConfidence="25">e</charParams>
<charParams l="430" t="1403" r="444" b="1426" charConfidence="100">r</charParams>
<charParams l="445" t="1402" r="486" b="1427"> </charParams>
<charParams l="487" t="1402" r="514" b="1427" charConfidence="35">w</charParams>
<charParams l="518" t="1404" r="534" b="1427" charConfidence="39">u</charParams>
<charParams l="538" t="1404" r="551" b="1427" charConfidence="51">r</charParams>
<charParams l="554" t="1398" r="569" b="1427" charConfidence="27">d</charParams>
<charParams l="574" t="1405" r="587" b="1428" charConfidence="55">e</charParams>
<charParams l="588" t="1398" r="627" b="1435"> </charParams>
<charParams l="628" t="1398" r="642" b="1435" charConfidence="29">s</charParams>
<charParams l="640" t="1407" r="654" b="1428" charConfidence="35">o</charParams>
<charParams l="657" t="1407" r="673" b="1437" charConfidence="52">g</charParams>
<charParams l="677" t="1399" r="687" b="1430" charConfidence="34">l</charParams>
<charParams l="688" t="1408" r="701" b="1430" charConfidence="73">e</charParams>
<charParams l="704" t="1400" r="712" b="1430" charConfidence="32">i</charParams>
<charParams l="715" t="1400" r="743" b="1438" charConfidence="62">c</charParams>
<charParams l="715" t="1400" r="743" b="1438" charConfidence="62">h</charParams>
<charParams l="744" t="1400" r="783" b="1438"> </charParams>
<charParams l="784" t="1409" r="802" b="1432" charConfidence="100">v</charParams>
<charParams l="806" t="1410" r="818" b="1431" charConfidence="39">e</charParams>
<charParams l="822" t="1410" r="834" b="1433" charConfidence="35">r</charParams>
<charParams l="838" t="1402" r="851" b="1438" charConfidence="34">s</charParams>
<charParams l="849" t="1402" r="876" b="1439" charConfidence="57">c</charParams>
<charParams l="849" t="1402" r="876" b="1439" charConfidence="57">h</charParams>
<charParams l="880" t="1410" r="893" b="1433" charConfidence="66">r</charParams>
<charParams l="897" t="1401" r="904" b="1432" charConfidence="73">i</charParams>
<charParams l="909" t="1410" r="920" b="1432" charConfidence="27">e</charParams>
<charParams l="924" t="1399" r="939" b="1432" charConfidence="25">b</charParams>
<charParams l="944" t="1409" r="956" b="1432" charConfidence="30">e</charParams>
<charParams l="960" t="1409" r="977" b="1433" charConfidence="27">n</charParams></formatting></line>
<line baseline="1492" l="171" t="1456" r="976" b="1503"><formatting lang="OldGerman">
<charParams l="171" t="1468" r="188" b="1491" charConfidence="53">u</charParams>
<charParams l="192" t="1469" r="209" b="1491" charConfidence="52">n</charParams>
<charParams l="213" t="1463" r="229" b="1492" charConfidence="29">d</charParams>
<charParams l="230" t="1461" r="262" b="1494"> </charParams>
<charParams l="263" t="1461" r="280" b="1494" charConfidence="25">b</charParams>
<charParams l="285" t="1470" r="296" b="1493" charConfidence="24">e</charParams>
<charParams l="300" t="1470" r="314" b="1503" charConfidence="14">y</charParams>
<charParams l="319" t="1464" r="334" b="1493" charConfidence="27">d</charParams>
<charParams l="338" t="1469" r="352" b="1493" charConfidence="83">e</charParams>
<charParams l="353" t="1456" r="383" b="1493"> </charParams>
<charParams l="384" t="1456" r="417" b="1493" charConfidence="26">G</charParams>
<charParams l="421" t="1467" r="436" b="1491" charConfidence="26">a</charParams>
<charParams l="441" t="1463" r="451" b="1491" charConfidence="39">t</charParams>
<charParams l="454" t="1464" r="464" b="1491" charConfidence="100">t</charParams>
<charParams l="467" t="1466" r="479" b="1490" charConfidence="25">e</charParams>
<charParams l="483" t="1467" r="502" b="1490" charConfidence="34">n</charParams>
<charParams l="503" t="1458" r="533" b="1498"> </charParams>
<charParams l="534" t="1458" r="547" b="1498" charConfidence="27">f</charParams>
<charParams l="548" t="1467" r="561" b="1491" charConfidence="54">r</charParams>
<charParams l="564" t="1468" r="576" b="1491" charConfidence="39">e</charParams>
<charParams l="580" t="1468" r="597" b="1492" charConfidence="34">u</charParams>
<charParams l="601" t="1464" r="610" b="1491" charConfidence="61">t</charParams>
<charParams l="615" t="1468" r="625" b="1491" charConfidence="27">e</charParams>
<charParams l="629" t="1468" r="647" b="1491" charConfidence="100">n</charParams>
<charParams l="648" t="1461" r="681" b="1499"> </charParams>
<charParams l="682" t="1461" r="695" b="1499" charConfidence="27">s</charParams>
<charParams l="693" t="1470" r="699" b="1492" suspicious="1" charConfidence="100">i</charParams>
<charParams l="703" t="1463" r="731" b="1500" charConfidence="55">c</charParams>
<charParams l="703" t="1463" r="731" b="1500" charConfidence="55">h</charParams>
<charParams l="742" t="1485" r="752" b="1499" charConfidence="100">,</charParams>
<charParams l="753" t="1465" r="793" b="1499"> </charParams>
<charParams l="794" t="1465" r="809" b="1495" charConfidence="33">d</charParams>
<charParams l="813" t="1472" r="829" b="1495" charConfidence="69">a</charParams>
<charParams l="833" t="1464" r="849" b="1502" charConfidence="29">ß</charParams>
<charParams l="850" t="1463" r="883" b="1503"> </charParams>
<charParams l="884" t="1463" r="897" b="1503" charConfidence="100">s</charParams>
<charParams l="895" t="1465" r="902" b="1495" charConfidence="24">i</charParams>
<charParams l="905" t="1471" r="918" b="1494" charConfidence="27">e</charParams>
<charParams l="919" t="1463" r="948" b="1503"> </charParams>
<charParams l="949" t="1463" r="963" b="1503" charConfidence="93">s</charParams>
<charParams l="962" t="1474" r="976" b="1496" charConfidence="31">o</charParams></formatting></line></par>
</text>
</block>
</page>
</document>