﻿<?xml version="1.0" encoding="UTF-8" standalone="yes"?>
<document xmlns="http://www.abbyy.com/FineReader_xml/FineReader10-schema-v1.xml" version="1.0" producer="ABBYY FineReader Engine 11" languages="" xmlns:xsi="http://www.w3.org/2001/XMLSchema-instance" xsi:schemaLocation="http://www.abbyy.com/FineReader_xml/FineReader10-schema-v1.xml http://www.abbyy.com/FineReader_xml/FineReader10-schema-v1.xml">
<page width="1156" height="1782" resolution="300" originalCoords="1">
<block blockType="Text" blockName="">
<text>
<par startIndent="144">
<line baseline="86" l="557" t="59" r="599" b="86"><formatting lang="OldGerman">
<charParams l="557" t="59" r="577" b="86" suspicious="1" charConfidence="76">7</charParams>
<charParams l="583" t="59" r="599" b="81" suspicious="1" charConfidence="100">1</charParams></formatting></line></par>
</text>
</block>
<block blockType="Text" blockName="">
<text>
<par align="Justified" startIndent="256" lineSpacing="1440">
<line baseline="173" l="184" t="137" r="984" b="186"><formatting lang="OldGerman">
<charParams l="184" t="150" r="213" b="174" charConfidence="27">m</charParams>
<charParams l="217" t="150" r="233" b="174" charConfidence="81">a</charParams>
<charParams l="237" t="149" r="254" b="173" charConfidence="33">n</charParams>
<charParams l="258" t="142" r="285" b="180" charConfidence="47">c</charParams>
<charParams l="258" t="142" r="285" b="180" charConfidence="47">h</charParams>
<charParams l="289" t="150" r="301" b="173" charConfidence="53">e</charParams>
<charParams l="302" t="141" r="324" b="175"> </charParams>
<charParams l="325" t="141" r="361" b="175" charConfidence="44">S</charParams>
<charParams l="365" t="151" r="381" b="176" charConfidence="26">u</charParams>
<charParams l="386" t="149" r="413" b="174" charConfidence="99">m</charParams>
<charParams l="417" t="148" r="444" b="172" charConfidence="89">m</charParams>
<charParams l="448" t="148" r="461" b="171" charConfidence="30">e</charParams>
<charParams l="471" t="161" r="480" b="177" suspicious="1" charConfidence="68">,</charParams>
<charParams l="481" t="140" r="521" b="177"> </charParams>
<charParams l="522" t="140" r="538" b="169" charConfidence="43">d</charParams>
<charParams l="542" t="139" r="549" b="169" charConfidence="-1">i</charParams>
<charParams l="554" t="146" r="567" b="169" charConfidence="40">e</charParams>
<charParams l="568" t="139" r="588" b="169"> </charParams>
<charParams l="589" t="139" r="600" b="168" charConfidence="24">i</charParams>
<charParams l="603" t="137" r="620" b="179" charConfidence="52">h</charParams>
<charParams l="624" t="146" r="641" b="169" charConfidence="42">n</charParams>
<charParams l="646" t="148" r="658" b="170" charConfidence="37">e</charParams>
<charParams l="661" t="149" r="679" b="171" charConfidence="44">n</charParams>
<charParams l="680" t="149" r="702" b="183"> </charParams>
<charParams l="703" t="149" r="716" b="183" charConfidence="32">z</charParams>
<charParams l="719" t="151" r="738" b="175" charConfidence="53">u</charParams>
<charParams l="739" t="150" r="761" b="176"> </charParams>
<charParams l="762" t="150" r="789" b="176" charConfidence="52">w</charParams>
<charParams l="793" t="146" r="801" b="176" charConfidence="100">i</charParams>
<charParams l="805" t="145" r="812" b="176" charConfidence="99">l</charParams>
<charParams l="814" t="145" r="821" b="176" charConfidence="56">l</charParams>
<charParams l="825" t="145" r="837" b="176" charConfidence="44">k</charParams>
<charParams l="840" t="154" r="857" b="177" suspicious="1" charConfidence="100">u</charParams>
<charParams l="861" t="144" r="877" b="186" charConfidence="91">h</charParams>
<charParams l="882" t="154" r="895" b="177" charConfidence="24">r</charParams>
<charParams l="899" t="146" r="907" b="177" charConfidence="72">l</charParams>
<charParams l="910" t="145" r="917" b="177" charConfidence="100">i</charParams>
<charParams l="921" t="154" r="931" b="176" suspicious="1" charConfidence="28">c</charParams>
<charParams l="931" t="145" r="946" b="176" charConfidence="24">h</charParams>
<charParams l="951" t="153" r="963" b="176" charConfidence="25">e</charParams>
<charParams l="966" t="152" r="984" b="176" charConfidence="29">n</charParams></formatting></line>
<line baseline="235" l="184" t="199" r="982" b="248"><formatting lang="OldGerman">
<charParams l="184" t="201" r="214" b="234" charConfidence="28">A</charParams>
<charParams l="216" t="210" r="233" b="233" charConfidence="24">u</charParams>
<charParams l="236" t="206" r="252" b="233" charConfidence="-1">s</charParams>
<charParams l="254" t="212" r="270" b="241" charConfidence="31">g</charParams>
<charParams l="274" t="212" r="289" b="234" charConfidence="29">a</charParams>
<charParams l="294" t="203" r="308" b="236" charConfidence="37">b</charParams>
<charParams l="313" t="213" r="325" b="236" charConfidence="31">e</charParams>
<charParams l="328" t="212" r="346" b="236" charConfidence="30">n</charParams>
<charParams l="347" t="202" r="370" b="236"> </charParams>
<charParams l="371" t="202" r="388" b="236" charConfidence="28">ü</charParams>
<charParams l="393" t="203" r="408" b="234" charConfidence="30">b</charParams>
<charParams l="412" t="210" r="425" b="232" charConfidence="35">r</charParams>
<charParams l="428" t="203" r="436" b="233" charConfidence="100">i</charParams>
<charParams l="438" t="210" r="455" b="239" charConfidence="29">g</charParams>
<charParams l="456" t="199" r="479" b="239"> </charParams>
<charParams l="480" t="199" r="496" b="230" charConfidence="27">b</charParams>
<charParams l="500" t="200" r="508" b="230" charConfidence="72">l</charParams>
<charParams l="512" t="200" r="519" b="229" charConfidence="100">i</charParams>
<charParams l="523" t="207" r="534" b="230" charConfidence="55">e</charParams>
<charParams l="539" t="199" r="553" b="230" charConfidence="100">b</charParams>
<charParams l="563" t="222" r="573" b="236" charConfidence="100">,</charParams>
<charParams l="574" t="208" r="616" b="236"> </charParams>
<charParams l="617" t="208" r="633" b="230" charConfidence="26">a</charParams>
<charParams l="637" t="209" r="654" b="232" charConfidence="30">u</charParams>
<charParams l="657" t="201" r="672" b="237" charConfidence="72">f</charParams>
<charParams l="673" t="201" r="692" b="237"> </charParams>
<charParams l="693" t="206" r="709" b="234" charConfidence="28">d</charParams>
<charParams l="713" t="206" r="722" b="236" charConfidence="100">i</charParams>
<charParams l="724" t="215" r="737" b="237" charConfidence="30">e</charParams>
<charParams l="738" t="215" r="761" b="238"> </charParams>
<charParams l="762" t="215" r="779" b="238" charConfidence="33">n</charParams>
<charParams l="784" t="212" r="798" b="237" charConfidence="12">ö</charParams>
<charParams l="803" t="213" r="813" b="239" charConfidence="18">t</charParams>
<charParams l="816" t="208" r="832" b="248" charConfidence="48">h</charParams>
<charParams l="838" t="209" r="845" b="237" charConfidence="100">i</charParams>
<charParams l="846" t="217" r="863" b="246" charConfidence="25">g</charParams>
<charParams l="868" t="208" r="886" b="247" charConfidence="21">s</charParams>
<charParams l="868" t="208" r="886" b="247" suspicious="1" charConfidence="21">t</charParams>
<charParams l="891" t="216" r="903" b="239" charConfidence="28">e</charParams>
<charParams l="906" t="217" r="924" b="240" charConfidence="52">n</charParams>
<charParams l="925" t="216" r="947" b="248"> </charParams>
<charParams l="948" t="216" r="961" b="248" charConfidence="25">z</charParams>
<charParams l="964" t="215" r="982" b="239" charConfidence="29">u</charParams></formatting></line>
<line baseline="294" l="182" t="259" r="657" b="299"><formatting lang="OldGerman">
<charParams l="182" t="272" r="201" b="294" charConfidence="100">v</charParams>
<charParams l="205" t="272" r="217" b="295" charConfidence="24">e</charParams>
<charParams l="220" t="271" r="233" b="296" charConfidence="77">r</charParams>
<charParams l="236" t="271" r="261" b="296" charConfidence="28">w</charParams>
<charParams l="265" t="274" r="277" b="296" charConfidence="27">e</charParams>
<charParams l="280" t="274" r="296" b="297" charConfidence="24">n</charParams>
<charParams l="301" t="268" r="317" b="298" charConfidence="29">d</charParams>
<charParams l="321" t="274" r="333" b="297" charConfidence="32">e</charParams>
<charParams l="335" t="273" r="354" b="297" charConfidence="77">n</charParams>
<charParams l="355" t="262" r="378" b="297"> </charParams>
<charParams l="379" t="262" r="408" b="295" charConfidence="25">A</charParams>
<charParams l="409" t="271" r="426" b="293" charConfidence="61">n</charParams>
<charParams l="431" t="262" r="440" b="293" charConfidence="36">l</charParams>
<charParams l="441" t="270" r="457" b="292" charConfidence="29">a</charParams>
<charParams l="461" t="261" r="477" b="298" charConfidence="94">s</charParams>
<charParams l="461" t="261" r="477" b="298" charConfidence="94">t</charParams>
<charParams l="478" t="261" r="499" b="299"> </charParams>
<charParams l="500" t="269" r="517" b="299" charConfidence="27">g</charParams>
<charParams l="522" t="268" r="534" b="291" charConfidence="28">e</charParams>
<charParams l="537" t="259" r="552" b="297" charConfidence="55">f</charParams>
<charParams l="551" t="269" r="567" b="291" charConfidence="27">u</charParams>
<charParams l="572" t="268" r="588" b="291" charConfidence="97">n</charParams>
<charParams l="593" t="263" r="608" b="291" charConfidence="30">d</charParams>
<charParams l="612" t="269" r="624" b="291" charConfidence="36">e</charParams>
<charParams l="627" t="269" r="645" b="292" charConfidence="100">n</charParams>
<charParams l="647" t="283" r="657" b="292" charConfidence="77">.</charParams></formatting></line></par>
<par align="Justified" startIndent="1872" lineSpacing="1488">
<line baseline="417" l="249" t="382" r="979" b="427"><formatting lang="OldGerman">
<charParams l="249" t="385" r="283" b="417" charConfidence="29">S</charParams>
<charParams l="289" t="394" r="305" b="417" charConfidence="32">o</charParams>
<charParams l="306" t="384" r="328" b="417"> </charParams>
<charParams l="329" t="384" r="346" b="416" charConfidence="28">b</charParams>
<charParams l="350" t="393" r="361" b="415" charConfidence="26">e</charParams>
<charParams l="365" t="393" r="382" b="415" charConfidence="87">n</charParams>
<charParams l="386" t="392" r="403" b="414" charConfidence="51">u</charParams>
<charParams l="407" t="386" r="425" b="421" suspicious="1" charConfidence="26">h</charParams>
<charParams l="428" t="387" r="439" b="413" charConfidence="79">t</charParams>
<charParams l="441" t="392" r="454" b="413" charConfidence="65">e</charParams>
<charParams l="455" t="382" r="477" b="416"> </charParams>
<charParams l="478" t="382" r="503" b="416" charConfidence="35">C</charParams>
<charParams l="505" t="382" r="522" b="423" charConfidence="90">h</charParams>
<charParams l="527" t="391" r="542" b="414" charConfidence="32">a</charParams>
<charParams l="546" t="391" r="559" b="414" charConfidence="34">r</charParams>
<charParams l="562" t="385" r="570" b="415" charConfidence="48">l</charParams>
<charParams l="573" t="392" r="588" b="415" charConfidence="43">o</charParams>
<charParams l="591" t="388" r="602" b="415" charConfidence="71">t</charParams>
<charParams l="605" t="388" r="615" b="414" charConfidence="54">t</charParams>
<charParams l="618" t="391" r="631" b="414" charConfidence="27">e</charParams>
<charParams l="632" t="385" r="655" b="415"> </charParams>
<charParams l="656" t="385" r="672" b="415" charConfidence="33">d</charParams>
<charParams l="675" t="385" r="683" b="415" charConfidence="100">i</charParams>
<charParams l="687" t="394" r="700" b="415" charConfidence="27">e</charParams>
<charParams l="701" t="387" r="721" b="420"> </charParams>
<charParams l="722" t="387" r="753" b="420" charConfidence="30">K</charParams>
<charParams l="755" t="397" r="768" b="419" charConfidence="32">e</charParams>
<charParams l="770" t="397" r="787" b="419" charConfidence="100">n</charParams>
<charParams l="791" t="397" r="808" b="420" charConfidence="44">n</charParams>
<charParams l="813" t="394" r="823" b="420" charConfidence="100">t</charParams>
<charParams l="827" t="398" r="843" b="420" charConfidence="25">n</charParams>
<charParams l="848" t="390" r="855" b="420" charConfidence="100">i</charParams>
<charParams l="859" t="390" r="883" b="425" charConfidence="96">s</charParams>
<charParams l="859" t="390" r="883" b="425" charConfidence="96">s</charParams>
<charParams l="881" t="399" r="894" b="421" charConfidence="33">e</charParams>
<charParams l="900" t="414" r="910" b="427" charConfidence="63">,</charParams>
<charParams l="911" t="394" r="934" b="427"> </charParams>
<charParams l="935" t="394" r="951" b="421" charConfidence="31">d</charParams>
<charParams l="956" t="393" r="963" b="422" charConfidence="100">i</charParams>
<charParams l="966" t="400" r="979" b="422" charConfidence="26">e</charParams></formatting></line>
<line baseline="477" l="181" t="442" r="977" b="487"><formatting lang="OldGerman">
<charParams l="181" t="445" r="208" b="478" charConfidence="38">T</charParams>
<charParams l="212" t="445" r="228" b="484" charConfidence="62">h</charParams>
<charParams l="233" t="445" r="248" b="477" charConfidence="25">ä</charParams>
<charParams l="252" t="450" r="262" b="476" charConfidence="59">t</charParams>
<charParams l="265" t="446" r="273" b="475" charConfidence="100">i</charParams>
<charParams l="275" t="454" r="291" b="483" charConfidence="28">g</charParams>
<charParams l="295" t="444" r="308" b="475" charConfidence="29">k</charParams>
<charParams l="311" t="453" r="322" b="475" charConfidence="25">e</charParams>
<charParams l="327" t="446" r="334" b="475" charConfidence="100">i</charParams>
<charParams l="337" t="449" r="349" b="475" charConfidence="76">t</charParams>
<charParams l="350" t="446" r="379" b="476"> </charParams>
<charParams l="380" t="446" r="395" b="476" charConfidence="28">d</charParams>
<charParams l="400" t="453" r="411" b="476" charConfidence="26">e</charParams>
<charParams l="415" t="448" r="430" b="475" charConfidence="100">s</charParams>
<charParams l="431" t="442" r="454" b="483"> </charParams>
<charParams l="455" t="442" r="487" b="483" suspicious="1" charConfidence="27">H</charParams>
<charParams l="492" t="453" r="506" b="476" charConfidence="30">a</charParams>
<charParams l="510" t="453" r="527" b="476" suspicious="1" charConfidence="100">u</charParams>
<charParams l="530" t="453" r="547" b="483" charConfidence="33">p</charParams>
<charParams l="551" t="451" r="560" b="476" suspicious="1" charConfidence="51">l</charParams>
<charParams l="564" t="453" r="591" b="476" charConfidence="100">m</charParams>
<charParams l="595" t="453" r="611" b="476" charConfidence="55">a</charParams>
<charParams l="614" t="453" r="633" b="476" charConfidence="79">n</charParams>
<charParams l="635" t="454" r="653" b="476" charConfidence="100">n</charParams>
<charParams l="656" t="449" r="673" b="476" charConfidence="100">s</charParams>
<charParams l="674" t="449" r="697" b="476"> </charParams>
<charParams l="698" t="454" r="714" b="476" charConfidence="75">a</charParams>
<charParams l="717" t="455" r="735" b="478" charConfidence="64">u</charParams>
<charParams l="737" t="449" r="766" b="485" charConfidence="93">c</charParams>
<charParams l="737" t="449" r="766" b="485" charConfidence="93">h</charParams>
<charParams l="767" t="449" r="790" b="485"> </charParams>
<charParams l="791" t="456" r="809" b="479" charConfidence="29">n</charParams>
<charParams l="813" t="459" r="828" b="479" charConfidence="24">a</charParams>
<charParams l="832" t="449" r="859" b="485" charConfidence="100">c</charParams>
<charParams l="832" t="449" r="859" b="485" charConfidence="100">h</charParams>
<charParams l="860" t="449" r="883" b="485"> </charParams>
<charParams l="884" t="450" r="892" b="480" charConfidence="100">i</charParams>
<charParams l="897" t="451" r="913" b="487" charConfidence="26">h</charParams>
<charParams l="917" t="459" r="930" b="481" charConfidence="41">r</charParams>
<charParams l="934" t="460" r="945" b="481" charConfidence="31">e</charParams>
<charParams l="949" t="459" r="977" b="481" charConfidence="46">m</charParams></formatting></line>
<line baseline="539" l="180" t="505" r="978" b="547"><formatting lang="OldGerman">
<charParams l="180" t="505" r="216" b="539" charConfidence="42">S</charParams>
<charParams l="220" t="508" r="228" b="538" charConfidence="100">i</charParams>
<charParams l="232" t="514" r="248" b="537" charConfidence="54">n</charParams>
<charParams l="253" t="514" r="269" b="538" charConfidence="100">n</charParams>
<charParams l="274" t="515" r="287" b="536" charConfidence="29">e</charParams>
<charParams l="288" t="515" r="324" b="538"> </charParams>
<charParams l="325" t="515" r="343" b="538" charConfidence="37">u</charParams>
<charParams l="347" t="514" r="363" b="538" charConfidence="79">n</charParams>
<charParams l="368" t="508" r="383" b="538" charConfidence="28">d</charParams>
<charParams l="384" t="507" r="424" b="545"> </charParams>
<charParams l="425" t="507" r="443" b="545" charConfidence="100">f</charParams>
<charParams l="425" t="507" r="443" b="545" charConfidence="100">i</charParams>
<charParams l="447" t="515" r="464" b="538" charConfidence="27">n</charParams>
<charParams l="467" t="515" r="484" b="546" charConfidence="52">g</charParams>
<charParams l="485" t="515" r="516" b="546"> </charParams>
<charParams l="517" t="516" r="532" b="538" charConfidence="25">a</charParams>
<charParams l="537" t="516" r="554" b="539" charConfidence="28">n</charParams>
<charParams l="555" t="515" r="586" b="539"> </charParams>
<charParams l="587" t="515" r="616" b="538" charConfidence="91">m</charParams>
<charParams l="620" t="508" r="628" b="538" charConfidence="100">i</charParams>
<charParams l="631" t="512" r="642" b="538" charConfidence="82">t</charParams>
<charParams l="643" t="508" r="671" b="546"> </charParams>
<charParams l="672" t="508" r="685" b="546" charConfidence="59">s</charParams>
<charParams l="684" t="517" r="696" b="539" charConfidence="26">e</charParams>
<charParams l="699" t="510" r="707" b="539" charConfidence="100">i</charParams>
<charParams l="711" t="516" r="728" b="538" charConfidence="97">n</charParams>
<charParams l="732" t="516" r="744" b="538" charConfidence="61">e</charParams>
<charParams l="747" t="516" r="761" b="539" charConfidence="47">r</charParams>
<charParams l="762" t="507" r="793" b="540"> </charParams>
<charParams l="794" t="507" r="827" b="540" charConfidence="25">G</charParams>
<charParams l="831" t="517" r="843" b="540" charConfidence="27">e</charParams>
<charParams l="845" t="518" r="861" b="547" charConfidence="72">g</charParams>
<charParams l="865" t="518" r="878" b="540" charConfidence="30">e</charParams>
<charParams l="881" t="518" r="899" b="539" charConfidence="65">n</charParams>
<charParams l="902" t="517" r="927" b="541" charConfidence="31">w</charParams>
<charParams l="931" t="519" r="947" b="540" charConfidence="34">a</charParams>
<charParams l="951" t="519" r="964" b="540" charConfidence="24">r</charParams>
<charParams l="967" t="517" r="978" b="541" charConfidence="100">t</charParams></formatting></line>
<line baseline="603" l="178" t="569" r="977" b="611"><formatting lang="OldGerman">
<charParams l="178" t="579" r="196" b="603" charConfidence="28">v</charParams>
<charParams l="200" t="570" r="214" b="603" charConfidence="22">ö</charParams>
<charParams l="219" t="570" r="227" b="601" charConfidence="36">l</charParams>
<charParams l="227" t="570" r="237" b="602" charConfidence="36">l</charParams>
<charParams l="239" t="571" r="247" b="603" charConfidence="42">i</charParams>
<charParams l="249" t="579" r="266" b="611" charConfidence="26">g</charParams>
<charParams l="267" t="577" r="290" b="611"> </charParams>
<charParams l="291" t="577" r="303" b="611" charConfidence="25">z</charParams>
<charParams l="306" t="579" r="323" b="603" charConfidence="39">u</charParams>
<charParams l="328" t="569" r="341" b="609" charConfidence="42">f</charParams>
<charParams l="340" t="580" r="353" b="603" charConfidence="55">r</charParams>
<charParams l="357" t="571" r="364" b="602" charConfidence="82">i</charParams>
<charParams l="369" t="580" r="379" b="602" charConfidence="100">e</charParams>
<charParams l="385" t="571" r="400" b="602" charConfidence="62">d</charParams>
<charParams l="404" t="580" r="416" b="603" charConfidence="100">e</charParams>
<charParams l="419" t="580" r="437" b="603" charConfidence="35">n</charParams>
<charParams l="438" t="580" r="461" b="604"> </charParams>
<charParams l="462" t="580" r="479" b="604" charConfidence="100">u</charParams>
<charParams l="483" t="580" r="499" b="602" charConfidence="28">n</charParams>
<charParams l="504" t="573" r="519" b="603" charConfidence="31">d</charParams>
<charParams l="520" t="570" r="544" b="603"> </charParams>
<charParams l="545" t="570" r="562" b="603" charConfidence="25">ü</charParams>
<charParams l="567" t="571" r="581" b="603" charConfidence="71">b</charParams>
<charParams l="586" t="580" r="597" b="602" charConfidence="39">e</charParams>
<charParams l="602" t="580" r="614" b="603" charConfidence="32">r</charParams>
<charParams l="615" t="580" r="638" b="603"> </charParams>
<charParams l="639" t="580" r="654" b="603" charConfidence="27">a</charParams>
<charParams l="659" t="571" r="667" b="603" charConfidence="80">l</charParams>
<charParams l="668" t="571" r="675" b="603" charConfidence="83">l</charParams>
<charParams l="679" t="580" r="691" b="603" charConfidence="58">e</charParams>
<charParams l="692" t="569" r="715" b="609"> </charParams>
<charParams l="716" t="569" r="739" b="609" charConfidence="49">F</charParams>
<charParams l="743" t="580" r="757" b="602" charConfidence="34">o</charParams>
<charParams l="762" t="574" r="768" b="603" charConfidence="35">l</charParams>
<charParams l="772" t="580" r="787" b="610" charConfidence="25">g</charParams>
<charParams l="792" t="580" r="803" b="603" charConfidence="55">e</charParams>
<charParams l="807" t="580" r="824" b="603" charConfidence="100">n</charParams>
<charParams l="825" t="570" r="843" b="603"> </charParams>
<charParams l="844" t="570" r="858" b="602" charConfidence="36">b</charParams>
<charParams l="863" t="580" r="874" b="602" charConfidence="25">e</charParams>
<charParams l="878" t="580" r="891" b="603" charConfidence="24">r</charParams>
<charParams l="895" t="581" r="910" b="603" charConfidence="25">u</charParams>
<charParams l="915" t="572" r="931" b="610" charConfidence="27">h</charParams>
<charParams l="936" t="572" r="942" b="601" charConfidence="-1">i</charParams>
<charParams l="946" t="581" r="962" b="609" charConfidence="23">g</charParams>
<charParams l="967" t="577" r="977" b="603" charConfidence="36">t</charParams></formatting></line>
<line baseline="668" l="177" t="633" r="975" b="677"><formatting lang="OldGerman">
<charParams l="177" t="642" r="191" b="677" charConfidence="26">z</charParams>
<charParams l="194" t="643" r="212" b="668" charConfidence="57">u</charParams>
<charParams l="213" t="642" r="232" b="668"> </charParams>
<charParams l="233" t="642" r="259" b="668" charConfidence="34">w</charParams>
<charParams l="264" t="644" r="275" b="667" charConfidence="26">e</charParams>
<charParams l="279" t="643" r="291" b="668" charConfidence="100">r</charParams>
<charParams l="295" t="637" r="309" b="667" charConfidence="29">d</charParams>
<charParams l="314" t="644" r="326" b="668" charConfidence="77">e</charParams>
<charParams l="329" t="643" r="346" b="668" charConfidence="100">n</charParams>
<charParams l="350" t="659" r="358" b="668" charConfidence="100">.</charParams>
<charParams l="359" t="633" r="406" b="669"> </charParams>
<charParams l="407" t="633" r="442" b="669" charConfidence="74">S</charParams>
<charParams l="447" t="637" r="454" b="668" charConfidence="39">i</charParams>
<charParams l="458" t="645" r="471" b="668" charConfidence="28">e</charParams>
<charParams l="472" t="635" r="494" b="668"> </charParams>
<charParams l="495" t="635" r="511" b="668" charConfidence="33">b</charParams>
<charParams l="515" t="644" r="526" b="668" charConfidence="25">e</charParams>
<charParams l="530" t="643" r="543" b="668" charConfidence="45">r</charParams>
<charParams l="546" t="644" r="557" b="668" charConfidence="25">e</charParams>
<charParams l="561" t="636" r="569" b="668" charConfidence="100">i</charParams>
<charParams l="572" t="638" r="582" b="668" charConfidence="100">t</charParams>
<charParams l="585" t="644" r="597" b="668" charConfidence="100">e</charParams>
<charParams l="601" t="643" r="610" b="668" charConfidence="26">t</charParams>
<charParams l="613" t="644" r="626" b="668" charConfidence="51">e</charParams>
<charParams l="627" t="635" r="649" b="677"> </charParams>
<charParams l="650" t="635" r="669" b="677" charConfidence="85">s</charParams>
<charParams l="650" t="635" r="669" b="677" charConfidence="85">i</charParams>
<charParams l="671" t="636" r="698" b="675" charConfidence="65">c</charParams>
<charParams l="671" t="636" r="698" b="675" charConfidence="65">h</charParams>
<charParams l="699" t="636" r="716" b="676"> </charParams>
<charParams l="717" t="644" r="734" b="676" charConfidence="42">g</charParams>
<charParams l="738" t="645" r="750" b="667" charConfidence="34">e</charParams>
<charParams l="753" t="644" r="778" b="668" charConfidence="27">w</charParams>
<charParams l="783" t="637" r="797" b="667" charConfidence="22">ö</charParams>
<charParams l="802" t="635" r="818" b="676" charConfidence="46">h</charParams>
<charParams l="823" t="644" r="840" b="668" charConfidence="41">n</charParams>
<charParams l="844" t="638" r="852" b="667" charConfidence="29">l</charParams>
<charParams l="857" t="645" r="863" b="667" charConfidence="22">i</charParams>
<charParams l="867" t="636" r="894" b="671" charConfidence="54">c</charParams>
<charParams l="867" t="636" r="894" b="671" charConfidence="54">h</charParams>
<charParams l="895" t="636" r="912" b="671"> </charParams>
<charParams l="913" t="644" r="929" b="667" charConfidence="59">v</charParams>
<charParams l="934" t="645" r="948" b="666" charConfidence="15">o</charParams>
<charParams l="951" t="643" r="965" b="666" charConfidence="65">r</charParams>
<charParams l="966" t="657" r="975" b="673" charConfidence="71">,</charParams></formatting></line>
<line baseline="732" l="175" t="698" r="976" b="742"><formatting lang="OldGerman">
<charParams l="175" t="707" r="205" b="731" charConfidence="36">m</charParams>
<charParams l="210" t="709" r="226" b="730" charConfidence="100">a</charParams>
<charParams l="228" t="708" r="246" b="732" charConfidence="44">n</charParams>
<charParams l="250" t="699" r="276" b="739" charConfidence="56">c</charParams>
<charParams l="250" t="699" r="276" b="739" charConfidence="56">h</charParams>
<charParams l="281" t="709" r="293" b="732" charConfidence="40">e</charParams>
<charParams l="296" t="703" r="312" b="732" charConfidence="100">s</charParams>
<charParams l="313" t="703" r="342" b="742"> </charParams>
<charParams l="343" t="707" r="355" b="742" charConfidence="28">z</charParams>
<charParams l="359" t="708" r="376" b="733" charConfidence="37">u</charParams>
<charParams l="377" t="698" r="406" b="738"> </charParams>
<charParams l="407" t="698" r="421" b="738" charConfidence="31">f</charParams>
<charParams l="422" t="708" r="435" b="732" charConfidence="100">r</charParams>
<charParams l="437" t="709" r="452" b="732" charConfidence="100">a</charParams>
<charParams l="456" t="708" r="473" b="739" charConfidence="34">g</charParams>
<charParams l="476" t="709" r="488" b="733" charConfidence="26">e</charParams>
<charParams l="492" t="708" r="509" b="732" charConfidence="57">n</charParams>
<charParams l="521" t="723" r="530" b="736" charConfidence="56">,</charParams>
<charParams l="531" t="709" r="570" b="736"> </charParams>
<charParams l="571" t="709" r="590" b="733" charConfidence="100">u</charParams>
<charParams l="593" t="709" r="611" b="732" charConfidence="98">n</charParams>
<charParams l="614" t="703" r="630" b="732" charConfidence="27">d</charParams>
<charParams l="631" t="703" r="663" b="732"> </charParams>
<charParams l="664" t="703" r="680" b="732" charConfidence="31">d</charParams>
<charParams l="684" t="709" r="699" b="732" charConfidence="65">a</charParams>
<charParams l="700" t="701" r="731" b="740"> </charParams>
<charParams l="732" t="701" r="750" b="740" charConfidence="100">s</charParams>
<charParams l="732" t="701" r="750" b="740" charConfidence="100">i</charParams>
<charParams l="753" t="709" r="766" b="732" charConfidence="34">e</charParams>
<charParams l="767" t="709" r="795" b="740"> </charParams>
<charParams l="796" t="709" r="813" b="740" charConfidence="41">g</charParams>
<charParams l="816" t="708" r="829" b="733" charConfidence="26">e</charParams>
<charParams l="829" t="708" r="844" b="731" charConfidence="40">r</charParams>
<charParams l="847" t="708" r="865" b="732" charConfidence="34">n</charParams>
<charParams l="866" t="701" r="895" b="732"> </charParams>
<charParams l="896" t="701" r="905" b="731" charConfidence="38">l</charParams>
<charParams l="906" t="709" r="919" b="730" charConfidence="35">e</charParams>
<charParams l="923" t="703" r="938" b="731" charConfidence="24">b</charParams>
<charParams l="943" t="709" r="954" b="729" charConfidence="24">e</charParams>
<charParams l="958" t="708" r="976" b="730" charConfidence="25">n</charParams></formatting></line>
<line baseline="794" l="176" t="761" r="976" b="803"><formatting lang="OldGerman">
<charParams l="176" t="769" r="205" b="793" charConfidence="54">m</charParams>
<charParams l="209" t="771" r="224" b="794" charConfidence="46">o</charParams>
<charParams l="227" t="762" r="254" b="800" charConfidence="100">c</charParams>
<charParams l="227" t="762" r="254" b="800" charConfidence="100">h</charParams>
<charParams l="257" t="767" r="268" b="793" charConfidence="100">t</charParams>
<charParams l="271" t="771" r="284" b="794" charConfidence="27">e</charParams>
<charParams l="290" t="786" r="301" b="801" charConfidence="90">,</charParams>
<charParams l="302" t="763" r="341" b="802"> </charParams>
<charParams l="342" t="763" r="357" b="802" charConfidence="100">s</charParams>
<charParams l="355" t="771" r="370" b="795" charConfidence="70">o</charParams>
<charParams l="371" t="762" r="402" b="801"> </charParams>
<charParams l="403" t="762" r="417" b="801" charConfidence="100">s</charParams>
<charParams l="415" t="771" r="432" b="795" charConfidence="54">u</charParams>
<charParams l="435" t="763" r="462" b="801" charConfidence="93">c</charParams>
<charParams l="435" t="763" r="462" b="801" charConfidence="93">h</charParams>
<charParams l="466" t="768" r="477" b="794" charConfidence="47">t</charParams>
<charParams l="479" t="771" r="493" b="794" charConfidence="38">e</charParams>
<charParams l="494" t="764" r="522" b="803"> </charParams>
<charParams l="523" t="764" r="542" b="803" charConfidence="52">s</charParams>
<charParams l="523" t="764" r="542" b="803" charConfidence="52">i</charParams>
<charParams l="545" t="771" r="558" b="794" charConfidence="31">e</charParams>
<charParams l="559" t="771" r="588" b="794"> </charParams>
<charParams l="589" t="772" r="605" b="794" charConfidence="40">a</charParams>
<charParams l="609" t="764" r="617" b="795" charConfidence="33">l</charParams>
<charParams l="617" t="764" r="626" b="795" charConfidence="100">l</charParams>
<charParams l="629" t="771" r="642" b="795" charConfidence="27">e</charParams>
<charParams l="644" t="766" r="660" b="794" charConfidence="100">s</charParams>
<charParams l="661" t="761" r="684" b="795"> </charParams>
<charParams l="685" t="761" r="721" b="795" charConfidence="68">S</charParams>
<charParams l="725" t="763" r="752" b="800" charConfidence="64">c</charParams>
<charParams l="725" t="763" r="752" b="800" charConfidence="64">h</charParams>
<charParams l="755" t="762" r="772" b="795" charConfidence="38">ä</charParams>
<charParams l="776" t="765" r="791" b="793" charConfidence="32">d</charParams>
<charParams l="795" t="764" r="804" b="795" charConfidence="66">l</charParams>
<charParams l="807" t="765" r="814" b="793" charConfidence="-1">i</charParams>
<charParams l="818" t="764" r="844" b="801" charConfidence="84">c</charParams>
<charParams l="818" t="764" r="844" b="801" charConfidence="84">h</charParams>
<charParams l="849" t="771" r="862" b="793" charConfidence="32">e</charParams>
<charParams l="870" t="786" r="879" b="799" charConfidence="90">,</charParams>
<charParams l="880" t="771" r="903" b="799"> </charParams>
<charParams l="904" t="771" r="920" b="793" charConfidence="26">a</charParams>
<charParams l="925" t="762" r="932" b="793" charConfidence="46">l</charParams>
<charParams l="934" t="763" r="941" b="793" charConfidence="33">l</charParams>
<charParams l="945" t="770" r="957" b="792" charConfidence="25">e</charParams>
<charParams l="961" t="765" r="976" b="792" charConfidence="100">s</charParams></formatting></line>
<line baseline="854" l="175" t="821" r="976" b="864"><formatting lang="OldGerman">
<charParams l="175" t="821" r="204" b="853" charConfidence="75">T</charParams>
<charParams l="207" t="822" r="223" b="853" charConfidence="33">ö</charParams>
<charParams l="226" t="825" r="241" b="852" charConfidence="28">d</charParams>
<charParams l="246" t="828" r="256" b="853" charConfidence="46">t</charParams>
<charParams l="259" t="824" r="268" b="853" charConfidence="61">l</charParams>
<charParams l="270" t="824" r="279" b="853" charConfidence="100">i</charParams>
<charParams l="281" t="822" r="308" b="859" charConfidence="100">c</charParams>
<charParams l="281" t="822" r="308" b="859" charConfidence="100">h</charParams>
<charParams l="313" t="831" r="326" b="853" suspicious="1" charConfidence="32">e</charParams>
<charParams l="327" t="830" r="356" b="863"> </charParams>
<charParams l="357" t="830" r="370" b="863" charConfidence="54">z</charParams>
<charParams l="373" t="832" r="392" b="854" charConfidence="40">u</charParams>
<charParams l="393" t="832" r="425" b="855"> </charParams>
<charParams l="426" t="832" r="439" b="855" charConfidence="30">e</charParams>
<charParams l="442" t="833" r="463" b="864" suspicious="1" charConfidence="-1">n</charParams>
<charParams l="463" t="830" r="476" b="855" charConfidence="30">t</charParams>
<charParams l="476" t="824" r="490" b="861" charConfidence="39">f</charParams>
<charParams l="490" t="833" r="502" b="855" charConfidence="90">e</charParams>
<charParams l="506" t="832" r="519" b="855" charConfidence="25">r</charParams>
<charParams l="521" t="832" r="538" b="855" charConfidence="27">n</charParams>
<charParams l="542" t="833" r="554" b="855" charConfidence="32">e</charParams>
<charParams l="556" t="832" r="574" b="857" charConfidence="37">n</charParams>
<charParams l="577" t="846" r="587" b="855" charConfidence="100">.</charParams>
<charParams l="588" t="823" r="632" b="855"> </charParams>
<charParams l="633" t="823" r="669" b="855" charConfidence="43">D</charParams>
<charParams l="672" t="825" r="681" b="855" charConfidence="100">i</charParams>
<charParams l="684" t="833" r="698" b="855" charConfidence="47">e</charParams>
<charParams l="699" t="823" r="722" b="856"> </charParams>
<charParams l="723" t="823" r="756" b="856" suspicious="1" charConfidence="30">B</charParams>
<charParams l="760" t="825" r="769" b="856" charConfidence="59">l</charParams>
<charParams l="771" t="833" r="783" b="855" suspicious="1" charConfidence="24">r</charParams>
<charParams l="786" t="832" r="802" b="863" charConfidence="28">y</charParams>
<charParams l="805" t="832" r="822" b="861" charConfidence="57">g</charParams>
<charParams l="826" t="826" r="834" b="855" charConfidence="100">l</charParams>
<charParams l="837" t="832" r="853" b="854" charConfidence="72">a</charParams>
<charParams l="857" t="823" r="870" b="859" charConfidence="32">s</charParams>
<charParams l="868" t="833" r="884" b="854" charConfidence="59">u</charParams>
<charParams l="888" t="832" r="903" b="854" charConfidence="61">r</charParams>
<charParams l="904" t="826" r="926" b="854"> </charParams>
<charParams l="927" t="826" r="942" b="853" charConfidence="29">d</charParams>
<charParams l="946" t="832" r="958" b="852" charConfidence="37">e</charParams>
<charParams l="962" t="831" r="976" b="853" charConfidence="28">r</charParams></formatting></line>
<line baseline="913" l="175" t="880" r="972" b="920"><formatting lang="OldGerman">
<charParams l="175" t="880" r="204" b="913" charConfidence="39">T</charParams>
<charParams l="207" t="881" r="221" b="910" charConfidence="100">ö</charParams>
<charParams l="225" t="888" r="241" b="915" charConfidence="66">p</charParams>
<charParams l="245" t="880" r="260" b="916" charConfidence="85">f</charParams>
<charParams l="259" t="889" r="271" b="911" charConfidence="36">e</charParams>
<charParams l="274" t="888" r="287" b="910" charConfidence="55">r</charParams>
<charParams l="289" t="887" r="316" b="910" charConfidence="26">w</charParams>
<charParams l="318" t="888" r="335" b="911" charConfidence="32">a</charParams>
<charParams l="338" t="888" r="352" b="911" charConfidence="100">r</charParams>
<charParams l="355" t="889" r="368" b="911" charConfidence="34">e</charParams>
<charParams l="370" t="889" r="388" b="912" charConfidence="68">n</charParams>
<charParams l="390" t="900" r="400" b="914" charConfidence="60">,</charParams>
<charParams l="401" t="885" r="424" b="914"> </charParams>
<charParams l="425" t="885" r="441" b="912" charConfidence="29">d</charParams>
<charParams l="444" t="890" r="457" b="913" charConfidence="30">e</charParams>
<charParams l="460" t="890" r="474" b="913" charConfidence="37">r</charParams>
<charParams l="475" t="880" r="495" b="913"> </charParams>
<charParams l="496" t="880" r="531" b="913" charConfidence="52">G</charParams>
<charParams l="534" t="891" r="548" b="913" charConfidence="47">r</charParams>
<charParams l="550" t="883" r="568" b="913" charConfidence="65">ü</charParams>
<charParams l="571" t="891" r="589" b="913" charConfidence="48">n</charParams>
<charParams l="592" t="884" r="606" b="920" charConfidence="53">s</charParams>
<charParams l="603" t="892" r="620" b="920" charConfidence="100">p</charParams>
<charParams l="624" t="892" r="640" b="913" charConfidence="35">a</charParams>
<charParams l="643" t="891" r="661" b="914" charConfidence="53">n</charParams>
<charParams l="662" t="883" r="683" b="914"> </charParams>
<charParams l="684" t="883" r="699" b="913" charConfidence="26">k</charParams>
<charParams l="701" t="891" r="718" b="913" charConfidence="38">u</charParams>
<charParams l="721" t="891" r="738" b="920" charConfidence="95">p</charParams>
<charParams l="741" t="883" r="755" b="918" charConfidence="31">f</charParams>
<charParams l="755" t="892" r="768" b="913" charConfidence="33">e</charParams>
<charParams l="770" t="891" r="784" b="913" charConfidence="31">r</charParams>
<charParams l="786" t="891" r="804" b="913" charConfidence="100">n</charParams>
<charParams l="807" t="891" r="820" b="913" charConfidence="38">e</charParams>
<charParams l="822" t="892" r="837" b="913" charConfidence="29">r</charParams>
<charParams l="838" t="881" r="854" b="913"> </charParams>
<charParams l="855" t="881" r="889" b="913" charConfidence="25">G</charParams>
<charParams l="893" t="890" r="905" b="912" charConfidence="95">e</charParams>
<charParams l="908" t="882" r="921" b="917" charConfidence="34">f</charParams>
<charParams l="921" t="883" r="936" b="911" charConfidence="22">ä</charParams>
<charParams l="940" t="882" r="956" b="917" charConfidence="27">ß</charParams>
<charParams l="960" t="890" r="972" b="912" charConfidence="34">e</charParams></formatting></line>
<line baseline="972" l="174" t="939" r="973" b="983"><formatting lang="OldGerman">
<charParams l="174" t="939" r="192" b="982" suspicious="1" charConfidence="35">h</charParams>
<charParams l="197" t="950" r="212" b="973" charConfidence="25">a</charParams>
<charParams l="215" t="946" r="226" b="972" charConfidence="40">t</charParams>
<charParams l="229" t="946" r="239" b="972" charConfidence="28">t</charParams>
<charParams l="242" t="949" r="255" b="974" charConfidence="38">e</charParams>
<charParams l="256" t="941" r="277" b="974"> </charParams>
<charParams l="278" t="941" r="286" b="972" charConfidence="100">i</charParams>
<charParams l="291" t="939" r="307" b="983" charConfidence="84">h</charParams>
<charParams l="311" t="948" r="324" b="972" charConfidence="100">r</charParams>
<charParams l="325" t="940" r="347" b="979"> </charParams>
<charParams l="348" t="940" r="361" b="979" charConfidence="100">s</charParams>
<charParams l="360" t="939" r="387" b="978" charConfidence="77">c</charParams>
<charParams l="360" t="939" r="387" b="978" charConfidence="77">h</charParams>
<charParams l="390" t="948" r="405" b="972" charConfidence="60">o</charParams>
<charParams l="409" t="948" r="427" b="971" charConfidence="62">n</charParams>
<charParams l="431" t="969" r="434" b="974" suspicious="1" charConfidence="54">,</charParams>
<charParams l="435" t="947" r="450" b="974"> </charParams>
<charParams l="451" t="947" r="480" b="971" charConfidence="100">m</charParams>
<charParams l="483" t="948" r="499" b="971" charConfidence="100">a</charParams>
<charParams l="503" t="948" r="520" b="971" charConfidence="38">n</charParams>
<charParams l="523" t="941" r="550" b="978" charConfidence="84">c</charParams>
<charParams l="523" t="941" r="550" b="978" charConfidence="84">h</charParams>
<charParams l="555" t="949" r="568" b="971" suspicious="1" charConfidence="28">e</charParams>
<charParams l="569" t="939" r="591" b="972"> </charParams>
<charParams l="592" t="939" r="628" b="972" charConfidence="43">S</charParams>
<charParams l="632" t="949" r="647" b="972" charConfidence="58">o</charParams>
<charParams l="651" t="949" r="664" b="971" charConfidence="47">r</charParams>
<charParams l="665" t="949" r="682" b="980" charConfidence="40">g</charParams>
<charParams l="686" t="949" r="699" b="972" charConfidence="27">e</charParams>
<charParams l="700" t="949" r="720" b="980"> </charParams>
<charParams l="721" t="949" r="738" b="980" charConfidence="26">g</charParams>
<charParams l="742" t="949" r="755" b="973" charConfidence="51">e</charParams>
<charParams l="758" t="949" r="786" b="972" charConfidence="40">m</charParams>
<charParams l="789" t="950" r="805" b="973" charConfidence="31">a</charParams>
<charParams l="808" t="942" r="835" b="978" charConfidence="79">c</charParams>
<charParams l="808" t="942" r="835" b="978" charConfidence="79">h</charParams>
<charParams l="839" t="947" r="850" b="972" charConfidence="33">t</charParams>
<charParams l="851" t="964" r="861" b="972" charConfidence="77">.</charParams>
<charParams l="862" t="940" r="907" b="973"> </charParams>
<charParams l="908" t="940" r="943" b="973" charConfidence="44">S</charParams>
<charParams l="948" t="943" r="955" b="972" charConfidence="100">i</charParams>
<charParams l="959" t="950" r="973" b="972" charConfidence="100">e</charParams></formatting></line>
<line baseline="1036" l="174" t="1001" r="972" b="1045"><formatting lang="OldGerman">
<charParams l="174" t="1006" r="183" b="1038" charConfidence="50">l</charParams>
<charParams l="186" t="1006" r="194" b="1037" charConfidence="100">i</charParams>
<charParams l="198" t="1014" r="209" b="1037" charConfidence="30">e</charParams>
<charParams l="212" t="1005" r="229" b="1044" charConfidence="22">s</charParams>
<charParams l="212" t="1005" r="229" b="1044" charConfidence="22">t</charParams>
<charParams l="230" t="1005" r="261" b="1045"> </charParams>
<charParams l="262" t="1005" r="281" b="1045" charConfidence="84">s</charParams>
<charParams l="262" t="1005" r="281" b="1045" charConfidence="84">i</charParams>
<charParams l="283" t="1005" r="310" b="1044" charConfidence="99">c</charParams>
<charParams l="283" t="1005" r="310" b="1044" charConfidence="99">h</charParams>
<charParams l="311" t="1002" r="343" b="1044"> </charParams>
<charParams l="344" t="1002" r="361" b="1044" suspicious="1" charConfidence="100">h</charParams>
<charParams l="365" t="1004" r="373" b="1036" charConfidence="100">i</charParams>
<charParams l="377" t="1012" r="388" b="1036" charConfidence="26">e</charParams>
<charParams l="391" t="1011" r="405" b="1036" charConfidence="55">r</charParams>
<charParams l="408" t="1001" r="425" b="1035" charConfidence="32">ü</charParams>
<charParams l="429" t="1001" r="444" b="1034" charConfidence="39">b</charParams>
<charParams l="449" t="1010" r="460" b="1034" charConfidence="100">e</charParams>
<charParams l="463" t="1010" r="477" b="1034" charConfidence="100">r</charParams>
<charParams l="478" t="1001" r="507" b="1034"> </charParams>
<charParams l="508" t="1001" r="524" b="1034" charConfidence="68">b</charParams>
<charParams l="528" t="1010" r="540" b="1033" charConfidence="69">e</charParams>
<charParams l="544" t="1003" r="552" b="1034" charConfidence="36">l</charParams>
<charParams l="555" t="1010" r="567" b="1034" charConfidence="95">e</charParams>
<charParams l="570" t="1001" r="587" b="1042" charConfidence="84">h</charParams>
<charParams l="591" t="1010" r="604" b="1034" charConfidence="68">r</charParams>
<charParams l="607" t="1010" r="619" b="1034" charConfidence="33">e</charParams>
<charParams l="622" t="1010" r="639" b="1034" charConfidence="59">n</charParams>
<charParams l="649" t="1024" r="658" b="1040" charConfidence="88">,</charParams>
<charParams l="659" t="1011" r="701" b="1040"> </charParams>
<charParams l="702" t="1011" r="721" b="1034" charConfidence="67">u</charParams>
<charParams l="724" t="1010" r="742" b="1034" charConfidence="72">n</charParams>
<charParams l="746" t="1005" r="762" b="1034" charConfidence="27">d</charParams>
<charParams l="763" t="1005" r="786" b="1034"> </charParams>
<charParams l="787" t="1011" r="805" b="1034" charConfidence="100">n</charParams>
<charParams l="809" t="1012" r="824" b="1033" charConfidence="53">a</charParams>
<charParams l="828" t="1009" r="839" b="1035" charConfidence="39">t</charParams>
<charParams l="842" t="1005" r="859" b="1034" charConfidence="22">ü</charParams>
<charParams l="863" t="1013" r="875" b="1034" charConfidence="41">r</charParams>
<charParams l="880" t="1005" r="888" b="1034" charConfidence="26">l</charParams>
<charParams l="892" t="1007" r="899" b="1034" charConfidence="98">i</charParams>
<charParams l="902" t="1005" r="928" b="1039" charConfidence="27">c</charParams>
<charParams l="902" t="1005" r="928" b="1039" charConfidence="27">h</charParams>
<charParams l="933" t="1013" r="944" b="1036" charConfidence="25">e</charParams>
<charParams l="948" t="1014" r="960" b="1037" charConfidence="24">r</charParams>
<charParams l="962" t="1017" r="972" b="1033" charConfidence="22">¬</charParams></formatting></line>
<line baseline="1098" l="173" t="1061" r="971" b="1110"><formatting lang="OldGerman">
<charParams l="173" t="1077" r="200" b="1102" charConfidence="54">w</charParams>
<charParams l="204" t="1079" r="217" b="1102" charConfidence="30">e</charParams>
<charParams l="220" t="1071" r="228" b="1101" charConfidence="100">i</charParams>
<charParams l="231" t="1070" r="244" b="1110" charConfidence="100">s</charParams>
<charParams l="242" t="1079" r="255" b="1102" charConfidence="30">e</charParams>
<charParams l="256" t="1077" r="285" b="1102"> </charParams>
<charParams l="286" t="1077" r="315" b="1102" charConfidence="100">m</charParams>
<charParams l="318" t="1078" r="335" b="1102" charConfidence="62">u</charParams>
<charParams l="339" t="1068" r="354" b="1107" suspicious="1" charConfidence="57">ß</charParams>
<charParams l="358" t="1073" r="368" b="1100" charConfidence="77">t</charParams>
<charParams l="371" t="1076" r="383" b="1100" charConfidence="28">e</charParams>
<charParams l="384" t="1074" r="415" b="1100"> </charParams>
<charParams l="416" t="1074" r="444" b="1099" charConfidence="100">m</charParams>
<charParams l="448" t="1074" r="463" b="1098" charConfidence="29">a</charParams>
<charParams l="467" t="1074" r="486" b="1098" charConfidence="35">n</charParams>
<charParams l="487" t="1073" r="515" b="1098"> </charParams>
<charParams l="516" t="1073" r="532" b="1097" charConfidence="35">a</charParams>
<charParams l="537" t="1073" r="553" b="1097" charConfidence="27">u</charParams>
<charParams l="557" t="1064" r="572" b="1102" charConfidence="55">f</charParams>
<charParams l="573" t="1064" r="597" b="1102"> </charParams>
<charParams l="598" t="1066" r="614" b="1096" charConfidence="44">d</charParams>
<charParams l="618" t="1065" r="626" b="1096" charConfidence="100">i</charParams>
<charParams l="629" t="1073" r="643" b="1096" charConfidence="30">e</charParams>
<charParams l="644" t="1061" r="666" b="1096"> </charParams>
<charParams l="667" t="1061" r="699" b="1096" charConfidence="53">G</charParams>
<charParams l="704" t="1073" r="716" b="1095" charConfidence="23">r</charParams>
<charParams l="720" t="1073" r="736" b="1095" charConfidence="46">u</charParams>
<charParams l="740" t="1072" r="757" b="1095" charConfidence="100">n</charParams>
<charParams l="761" t="1066" r="777" b="1095" charConfidence="35">d</charParams>
<charParams l="781" t="1064" r="797" b="1096" charConfidence="46">b</charParams>
<charParams l="801" t="1073" r="813" b="1096" charConfidence="29">e</charParams>
<charParams l="814" t="1073" r="832" b="1105" charConfidence="26">g</charParams>
<charParams l="835" t="1073" r="848" b="1097" charConfidence="93">r</charParams>
<charParams l="852" t="1074" r="859" b="1097" charConfidence="100">i</charParams>
<charParams l="864" t="1065" r="886" b="1105" charConfidence="85">f</charParams>
<charParams l="864" t="1065" r="886" b="1105" charConfidence="85">f</charParams>
<charParams l="886" t="1073" r="899" b="1097" charConfidence="25">e</charParams>
<charParams l="900" t="1069" r="922" b="1097"> </charParams>
<charParams l="923" t="1069" r="938" b="1097" charConfidence="27">d</charParams>
<charParams l="943" t="1074" r="955" b="1098" charConfidence="37">e</charParams>
<charParams l="958" t="1074" r="971" b="1098" charConfidence="100">r</charParams></formatting></line>
<line baseline="1163" l="172" t="1128" r="731" b="1175"><formatting lang="OldGerman">
<charParams l="172" t="1132" r="206" b="1172" charConfidence="42">P</charParams>
<charParams l="210" t="1132" r="226" b="1174" charConfidence="100">h</charParams>
<charParams l="231" t="1142" r="246" b="1174" charConfidence="16">y</charParams>
<charParams l="250" t="1134" r="268" b="1172" charConfidence="83">s</charParams>
<charParams l="250" t="1134" r="268" b="1172" suspicious="1" charConfidence="83">i</charParams>
<charParams l="271" t="1133" r="283" b="1166" charConfidence="17">k</charParams>
<charParams l="284" t="1133" r="304" b="1167"> </charParams>
<charParams l="305" t="1142" r="324" b="1167" charConfidence="31">u</charParams>
<charParams l="327" t="1141" r="345" b="1166" charConfidence="58">n</charParams>
<charParams l="348" t="1135" r="364" b="1166" charConfidence="46">d</charParams>
<charParams l="365" t="1130" r="389" b="1166"> </charParams>
<charParams l="390" t="1130" r="414" b="1166" charConfidence="34">C</charParams>
<charParams l="417" t="1131" r="434" b="1175" charConfidence="61">h</charParams>
<charParams l="438" t="1141" r="450" b="1164" charConfidence="27">e</charParams>
<charParams l="453" t="1139" r="481" b="1163" charConfidence="100">m</charParams>
<charParams l="484" t="1131" r="492" b="1163" charConfidence="100">i</charParams>
<charParams l="496" t="1139" r="508" b="1163" charConfidence="29">e</charParams>
<charParams l="509" t="1138" r="531" b="1172"> </charParams>
<charParams l="532" t="1138" r="544" b="1172" charConfidence="25">z</charParams>
<charParams l="548" t="1138" r="564" b="1163" charConfidence="53">u</charParams>
<charParams l="568" t="1138" r="581" b="1162" charConfidence="33">r</charParams>
<charParams l="584" t="1129" r="601" b="1163" charConfidence="66">ü</charParams>
<charParams l="605" t="1130" r="629" b="1161" charConfidence="41">c</charParams>
<charParams l="605" t="1130" r="629" b="1161" charConfidence="41">k</charParams>
<charParams l="630" t="1137" r="646" b="1169" charConfidence="27">g</charParams>
<charParams l="651" t="1137" r="662" b="1160" charConfidence="24">e</charParams>
<charParams l="665" t="1128" r="683" b="1169" charConfidence="84">h</charParams>
<charParams l="687" t="1137" r="699" b="1160" charConfidence="30">e</charParams>
<charParams l="702" t="1136" r="719" b="1160" charConfidence="25">n</charParams>
<charParams l="723" t="1150" r="731" b="1158" charConfidence="100">.</charParams></formatting></line></par>
<par align="Justified" startIndent="1872" lineSpacing="1512">
<line baseline="1292" l="239" t="1255" r="969" b="1303"><formatting lang="OldGerman">
<charParams l="239" t="1262" r="262" b="1301" charConfidence="74">Z</charParams>
<charParams l="266" t="1272" r="282" b="1295" charConfidence="39">u</charParams>
<charParams l="284" t="1262" r="299" b="1302" charConfidence="30">f</charParams>
<charParams l="298" t="1262" r="314" b="1295" charConfidence="57">ä</charParams>
<charParams l="317" t="1263" r="326" b="1295" charConfidence="56">l</charParams>
<charParams l="326" t="1263" r="335" b="1296" charConfidence="47">l</charParams>
<charParams l="337" t="1264" r="346" b="1295" charConfidence="100">i</charParams>
<charParams l="348" t="1271" r="365" b="1303" charConfidence="34">g</charParams>
<charParams l="368" t="1272" r="380" b="1295" charConfidence="25">e</charParams>
<charParams l="383" t="1270" r="402" b="1296" charConfidence="31">n</charParams>
<charParams l="403" t="1270" r="436" b="1296"> </charParams>
<charParams l="437" t="1271" r="453" b="1294" charConfidence="25">a</charParams>
<charParams l="457" t="1260" r="473" b="1294" charConfidence="28">b</charParams>
<charParams l="477" t="1270" r="488" b="1294" charConfidence="100">e</charParams>
<charParams l="492" t="1270" r="505" b="1293" charConfidence="78">r</charParams>
<charParams l="506" t="1261" r="528" b="1293"> </charParams>
<charParams l="529" t="1261" r="538" b="1291" charConfidence="100">i</charParams>
<charParams l="541" t="1267" r="568" b="1292" charConfidence="62">m</charParams>
<charParams l="572" t="1267" r="600" b="1291" charConfidence="100">m</charParams>
<charParams l="604" t="1268" r="616" b="1290" charConfidence="58">e</charParams>
<charParams l="619" t="1267" r="632" b="1290" charConfidence="33">r</charParams>
<charParams l="633" t="1264" r="654" b="1290"> </charParams>
<charParams l="655" t="1264" r="681" b="1289" charConfidence="57">w</charParams>
<charParams l="686" t="1257" r="694" b="1288" charConfidence="100">i</charParams>
<charParams l="698" t="1256" r="706" b="1288" charConfidence="41">l</charParams>
<charParams l="706" t="1255" r="714" b="1288" charConfidence="33">l</charParams>
<charParams l="716" t="1255" r="730" b="1287" charConfidence="37">k</charParams>
<charParams l="732" t="1263" r="747" b="1287" charConfidence="34">o</charParams>
<charParams l="750" t="1262" r="778" b="1286" charConfidence="100">m</charParams>
<charParams l="782" t="1262" r="809" b="1286" charConfidence="53">m</charParams>
<charParams l="814" t="1265" r="826" b="1288" charConfidence="30">e</charParams>
<charParams l="830" t="1265" r="846" b="1288" charConfidence="53">n</charParams>
<charParams l="851" t="1265" r="862" b="1289" charConfidence="34">e</charParams>
<charParams l="866" t="1265" r="884" b="1289" charConfidence="48">n</charParams>
<charParams l="885" t="1256" r="907" b="1289"> </charParams>
<charParams l="908" t="1256" r="937" b="1289" charConfidence="24">A</charParams>
<charParams l="939" t="1266" r="956" b="1289" charConfidence="24">n</charParams>
<charParams l="960" t="1270" r="969" b="1286" charConfidence="100">¬</charParams></formatting></line>
<line baseline="1353" l="173" t="1318" r="968" b="1367"><formatting lang="OldGerman">
<charParams l="173" t="1324" r="182" b="1355" charConfidence="100">l</charParams>
<charParams l="185" t="1333" r="200" b="1354" charConfidence="29">a</charParams>
<charParams l="204" t="1325" r="221" b="1363" charConfidence="22">s</charParams>
<charParams l="204" t="1325" r="221" b="1363" charConfidence="22">t</charParams>
<charParams l="222" t="1325" r="249" b="1367"> </charParams>
<charParams l="250" t="1334" r="265" b="1367" charConfidence="24">z</charParams>
<charParams l="269" t="1334" r="287" b="1357" charConfidence="28">u</charParams>
<charParams l="288" t="1327" r="317" b="1365"> </charParams>
<charParams l="318" t="1327" r="330" b="1365" charConfidence="59">s</charParams>
<charParams l="330" t="1336" r="344" b="1358" charConfidence="41">o</charParams>
<charParams l="349" t="1327" r="356" b="1358" charConfidence="42">l</charParams>
<charParams l="360" t="1328" r="387" b="1366" charConfidence="60">c</charParams>
<charParams l="360" t="1328" r="387" b="1366" charConfidence="60">h</charParams>
<charParams l="390" t="1335" r="402" b="1358" charConfidence="37">e</charParams>
<charParams l="405" t="1334" r="423" b="1358" charConfidence="61">n</charParams>
<charParams l="424" t="1324" r="454" b="1358"> </charParams>
<charParams l="455" t="1324" r="482" b="1357" charConfidence="32">U</charParams>
<charParams l="485" t="1334" r="502" b="1357" charConfidence="100">n</charParams>
<charParams l="506" t="1331" r="516" b="1356" charConfidence="38">t</charParams>
<charParams l="520" t="1333" r="532" b="1356" charConfidence="25">e</charParams>
<charParams l="535" t="1332" r="548" b="1355" charConfidence="34">r</charParams>
<charParams l="551" t="1322" r="567" b="1364" charConfidence="68">h</charParams>
<charParams l="572" t="1332" r="587" b="1354" charConfidence="35">a</charParams>
<charParams l="591" t="1323" r="598" b="1353" charConfidence="51">l</charParams>
<charParams l="601" t="1326" r="611" b="1353" charConfidence="72">t</charParams>
<charParams l="614" t="1329" r="631" b="1352" charConfidence="44">u</charParams>
<charParams l="635" t="1329" r="652" b="1351" charConfidence="26">n</charParams>
<charParams l="655" t="1328" r="671" b="1359" charConfidence="46">g</charParams>
<charParams l="675" t="1328" r="687" b="1351" charConfidence="57">e</charParams>
<charParams l="690" t="1327" r="709" b="1351" charConfidence="62">n</charParams>
<charParams l="710" t="1327" r="738" b="1358"> </charParams>
<charParams l="739" t="1327" r="756" b="1358" charConfidence="32">g</charParams>
<charParams l="760" t="1327" r="775" b="1350" charConfidence="26">a</charParams>
<charParams l="780" t="1318" r="795" b="1351" charConfidence="60">b</charParams>
<charParams l="796" t="1318" r="827" b="1353"> </charParams>
<charParams l="828" t="1319" r="854" b="1353" suspicious="1" charConfidence="27">E</charParams>
<charParams l="858" t="1324" r="873" b="1353" charConfidence="27">d</charParams>
<charParams l="877" t="1330" r="894" b="1354" suspicious="1" charConfidence="44">u</charParams>
<charParams l="898" t="1331" r="913" b="1353" charConfidence="27">a</charParams>
<charParams l="917" t="1331" r="930" b="1354" charConfidence="52">r</charParams>
<charParams l="934" t="1326" r="947" b="1353" suspicious="1" charConfidence="24">b</charParams>
<charParams l="953" t="1325" r="968" b="1353" charConfidence="100">S</charParams></formatting></line>
<line baseline="1418" l="174" t="1383" r="968" b="1429"><formatting lang="OldGerman">
<charParams l="174" t="1384" r="209" b="1419" charConfidence="32">N</charParams>
<charParams l="213" t="1397" r="225" b="1418" charConfidence="54">e</charParams>
<charParams l="228" t="1389" r="235" b="1418" charConfidence="100">i</charParams>
<charParams l="238" t="1398" r="255" b="1428" charConfidence="26">g</charParams>
<charParams l="259" t="1399" r="276" b="1422" charConfidence="30">u</charParams>
<charParams l="280" t="1399" r="297" b="1421" charConfidence="49">n</charParams>
<charParams l="299" t="1398" r="317" b="1429" charConfidence="55">g</charParams>
<charParams l="326" t="1413" r="335" b="1427" charConfidence="59">,</charParams>
<charParams l="336" t="1392" r="384" b="1427"> </charParams>
<charParams l="385" t="1392" r="400" b="1421" charConfidence="27">d</charParams>
<charParams l="405" t="1398" r="417" b="1421" charConfidence="41">e</charParams>
<charParams l="420" t="1397" r="433" b="1421" charConfidence="50">r</charParams>
<charParams l="434" t="1387" r="471" b="1421"> </charParams>
<charParams l="472" t="1387" r="505" b="1421" charConfidence="57">G</charParams>
<charParams l="509" t="1397" r="521" b="1419" charConfidence="100">e</charParams>
<charParams l="524" t="1387" r="536" b="1426" charConfidence="100">s</charParams>
<charParams l="535" t="1396" r="547" b="1419" charConfidence="30">e</charParams>
<charParams l="550" t="1387" r="559" b="1417" charConfidence="34">l</charParams>
<charParams l="559" t="1386" r="567" b="1417" charConfidence="57">l</charParams>
<charParams l="571" t="1386" r="583" b="1422" charConfidence="55">s</charParams>
<charParams l="581" t="1384" r="608" b="1422" charConfidence="57">c</charParams>
<charParams l="581" t="1384" r="608" b="1422" charConfidence="57">h</charParams>
<charParams l="611" t="1393" r="626" b="1415" charConfidence="34">a</charParams>
<charParams l="629" t="1384" r="643" b="1422" charConfidence="27">f</charParams>
<charParams l="643" t="1391" r="654" b="1416" charConfidence="27">t</charParams>
<charParams l="655" t="1391" r="692" b="1416"> </charParams>
<charParams l="693" t="1392" r="711" b="1415" charConfidence="45">v</charParams>
<charParams l="715" t="1392" r="729" b="1415" charConfidence="53">o</charParams>
<charParams l="734" t="1392" r="747" b="1416" charConfidence="38">r</charParams>
<charParams l="749" t="1393" r="760" b="1426" charConfidence="100">z</charParams>
<charParams l="764" t="1392" r="781" b="1416" charConfidence="72">u</charParams>
<charParams l="786" t="1385" r="793" b="1416" charConfidence="100">l</charParams>
<charParams l="797" t="1393" r="808" b="1416" charConfidence="40">e</charParams>
<charParams l="812" t="1384" r="825" b="1422" charConfidence="100">s</charParams>
<charParams l="824" t="1394" r="835" b="1417" charConfidence="26">e</charParams>
<charParams l="839" t="1394" r="856" b="1417" charConfidence="24">n</charParams>
<charParams l="859" t="1408" r="867" b="1417" charConfidence="100">.</charParams>
<charParams l="868" t="1383" r="926" b="1417"> </charParams>
<charParams l="927" t="1383" r="952" b="1416" charConfidence="26">E</charParams>
<charParams l="955" t="1392" r="968" b="1415" charConfidence="33">r</charParams></formatting></line>
<line baseline="1481" l="173" t="1447" r="967" b="1492"><formatting lang="OldGerman">
<charParams l="173" t="1447" r="191" b="1491" suspicious="1" charConfidence="41">h</charParams>
<charParams l="195" t="1457" r="211" b="1481" charConfidence="25">a</charParams>
<charParams l="215" t="1455" r="224" b="1481" charConfidence="46">t</charParams>
<charParams l="227" t="1456" r="238" b="1482" charConfidence="46">t</charParams>
<charParams l="241" t="1459" r="253" b="1481" charConfidence="99">e</charParams>
<charParams l="254" t="1459" r="284" b="1483"> </charParams>
<charParams l="285" t="1462" r="298" b="1483" charConfidence="37">e</charParams>
<charParams l="302" t="1454" r="309" b="1485" charConfidence="100">i</charParams>
<charParams l="313" t="1462" r="329" b="1485" charConfidence="76">n</charParams>
<charParams l="333" t="1462" r="346" b="1485" charConfidence="43">e</charParams>
<charParams l="347" t="1453" r="377" b="1492"> </charParams>
<charParams l="378" t="1453" r="392" b="1492" charConfidence="100">s</charParams>
<charParams l="391" t="1462" r="402" b="1484" charConfidence="100">e</charParams>
<charParams l="406" t="1452" r="422" b="1492" charConfidence="100">h</charParams>
<charParams l="426" t="1462" r="440" b="1485" charConfidence="65">r</charParams>
<charParams l="441" t="1460" r="470" b="1485"> </charParams>
<charParams l="471" t="1460" r="497" b="1484" charConfidence="52">w</charParams>
<charParams l="500" t="1462" r="516" b="1484" charConfidence="100">o</charParams>
<charParams l="519" t="1450" r="537" b="1492" charConfidence="55">h</charParams>
<charParams l="541" t="1452" r="548" b="1482" charConfidence="41">l</charParams>
<charParams l="552" t="1450" r="564" b="1482" charConfidence="75">k</charParams>
<charParams l="567" t="1451" r="574" b="1482" charConfidence="66">l</charParams>
<charParams l="578" t="1450" r="585" b="1480" charConfidence="44">i</charParams>
<charParams l="589" t="1457" r="605" b="1480" charConfidence="53">n</charParams>
<charParams l="608" t="1456" r="624" b="1486" charConfidence="59">g</charParams>
<charParams l="629" t="1456" r="640" b="1479" charConfidence="100">e</charParams>
<charParams l="644" t="1456" r="661" b="1480" charConfidence="48">n</charParams>
<charParams l="665" t="1450" r="679" b="1478" charConfidence="26">d</charParams>
<charParams l="685" t="1456" r="697" b="1479" charConfidence="99">e</charParams>
<charParams l="698" t="1454" r="730" b="1481"> </charParams>
<charParams l="731" t="1454" r="742" b="1481" charConfidence="74">t</charParams>
<charParams l="744" t="1449" r="752" b="1481" charConfidence="100">i</charParams>
<charParams l="756" t="1457" r="768" b="1481" charConfidence="29">e</charParams>
<charParams l="771" t="1448" r="785" b="1487" charConfidence="49">f</charParams>
<charParams l="784" t="1458" r="797" b="1481" charConfidence="27">e</charParams>
<charParams l="798" t="1447" r="827" b="1481"> </charParams>
<charParams l="828" t="1447" r="864" b="1481" charConfidence="68">S</charParams>
<charParams l="868" t="1454" r="877" b="1480" charConfidence="35">t</charParams>
<charParams l="881" t="1450" r="889" b="1479" charConfidence="100">i</charParams>
<charParams l="892" t="1456" r="919" b="1479" charConfidence="25">m</charParams>
<charParams l="924" t="1455" r="950" b="1477" charConfidence="41">m</charParams>
<charParams l="954" t="1453" r="967" b="1476" charConfidence="32">e</charParams></formatting></line></par>
</text>
</block>
</page>
</document>