﻿<?xml version="1.0" encoding="UTF-8" standalone="yes"?>
<document xmlns="http://www.abbyy.com/FineReader_xml/FineReader10-schema-v1.xml" version="1.0" producer="ABBYY FineReader Engine 11" languages="" xmlns:xsi="http://www.w3.org/2001/XMLSchema-instance" xsi:schemaLocation="http://www.abbyy.com/FineReader_xml/FineReader10-schema-v1.xml http://www.abbyy.com/FineReader_xml/FineReader10-schema-v1.xml">
<page width="1156" height="1782" resolution="300" originalCoords="1">
<block blockType="Text" blockName="">
<text>
<par startIndent="144">
<line baseline="87" l="563" t="64" r="604" b="94"><formatting lang="OldGerman">
<charParams l="563" t="64" r="582" b="94" charConfidence="44">7</charParams>
<charParams l="587" t="64" r="604" b="87" charConfidence="65">2</charParams></formatting></line></par>
</text>
</block>
<block blockType="Text" blockName="">
<text>
<par align="Justified" startIndent="282" lineSpacing="1488">
<line baseline="183" l="182" t="146" r="985" b="193"><formatting lang="OldGerman">
<charParams l="182" t="160" r="198" b="184" charConfidence="31">u</charParams>
<charParams l="203" t="160" r="220" b="185" charConfidence="100">n</charParams>
<charParams l="224" t="155" r="240" b="184" charConfidence="30">d</charParams>
<charParams l="241" t="155" r="273" b="186"> </charParams>
<charParams l="274" t="160" r="300" b="186" charConfidence="38">w</charParams>
<charParams l="304" t="161" r="319" b="184" charConfidence="25">a</charParams>
<charParams l="324" t="162" r="338" b="185" charConfidence="31">r</charParams>
<charParams l="339" t="153" r="366" b="192"> </charParams>
<charParams l="367" t="153" r="383" b="192" charConfidence="84">f</charParams>
<charParams l="381" t="162" r="395" b="185" charConfidence="44">r</charParams>
<charParams l="395" t="153" r="414" b="185" charConfidence="65">ü</charParams>
<charParams l="419" t="151" r="436" b="191" charConfidence="29">h</charParams>
<charParams l="439" t="159" r="452" b="183" charConfidence="28">e</charParams>
<charParams l="454" t="158" r="468" b="182" charConfidence="70">r</charParams>
<charParams l="475" t="172" r="485" b="188" charConfidence="100">,</charParams>
<charParams l="486" t="153" r="531" b="188"> </charParams>
<charParams l="532" t="153" r="559" b="178" charConfidence="25">w</charParams>
<charParams l="563" t="155" r="576" b="178" charConfidence="27">e</charParams>
<charParams l="578" t="155" r="595" b="185" charConfidence="25">g</charParams>
<charParams l="598" t="155" r="611" b="178" charConfidence="100">e</charParams>
<charParams l="613" t="153" r="632" b="177" charConfidence="45">n</charParams>
<charParams l="633" t="146" r="663" b="178"> </charParams>
<charParams l="664" t="146" r="674" b="178" charConfidence="80">l</charParams>
<charParams l="676" t="155" r="688" b="178" charConfidence="32">e</charParams>
<charParams l="692" t="146" r="708" b="179" charConfidence="38">b</charParams>
<charParams l="711" t="146" r="728" b="190" charConfidence="27">h</charParams>
<charParams l="732" t="156" r="747" b="180" charConfidence="24">a</charParams>
<charParams l="752" t="149" r="767" b="187" charConfidence="38">f</charParams>
<charParams l="766" t="155" r="776" b="183" charConfidence="38">t</charParams>
<charParams l="779" t="159" r="791" b="183" charConfidence="100">e</charParams>
<charParams l="794" t="158" r="808" b="183" charConfidence="32">r</charParams>
<charParams l="809" t="158" r="838" b="191"> </charParams>
<charParams l="839" t="159" r="856" b="191" charConfidence="27">g</charParams>
<charParams l="860" t="159" r="872" b="183" charConfidence="24">e</charParams>
<charParams l="875" t="150" r="891" b="190" charConfidence="65">f</charParams>
<charParams l="888" t="150" r="906" b="183" charConfidence="22">ü</charParams>
<charParams l="910" t="152" r="927" b="193" charConfidence="68">h</charParams>
<charParams l="930" t="154" r="941" b="184" charConfidence="29">l</charParams>
<charParams l="943" t="159" r="954" b="185" charConfidence="34">t</charParams>
<charParams l="956" t="164" r="968" b="186" charConfidence="27">e</charParams>
<charParams l="971" t="163" r="985" b="187" charConfidence="25">r</charParams></formatting></line>
<line baseline="245" l="181" t="209" r="984" b="255"><formatting lang="OldGerman">
<charParams l="181" t="214" r="214" b="249" charConfidence="28">R</charParams>
<charParams l="218" t="227" r="229" b="249" charConfidence="80">e</charParams>
<charParams l="233" t="226" r="244" b="249" charConfidence="35">c</charParams>
<charParams l="248" t="219" r="255" b="249" charConfidence="-1">i</charParams>
<charParams l="259" t="222" r="270" b="249" charConfidence="31">t</charParams>
<charParams l="272" t="226" r="287" b="248" charConfidence="31">a</charParams>
<charParams l="292" t="222" r="302" b="248" charConfidence="51">t</charParams>
<charParams l="306" t="218" r="313" b="249" charConfidence="97">i</charParams>
<charParams l="317" t="225" r="332" b="248" charConfidence="66">o</charParams>
<charParams l="336" t="225" r="354" b="249" charConfidence="30">n</charParams>
<charParams l="355" t="218" r="393" b="249"> </charParams>
<charParams l="394" t="218" r="410" b="247" charConfidence="29">d</charParams>
<charParams l="414" t="216" r="422" b="246" charConfidence="83">i</charParams>
<charParams l="425" t="214" r="452" b="251" charConfidence="32">c</charParams>
<charParams l="425" t="214" r="452" b="251" suspicious="1" charConfidence="32">h</charParams>
<charParams l="455" t="217" r="466" b="244" charConfidence="100">t</charParams>
<charParams l="469" t="220" r="481" b="243" charConfidence="48">e</charParams>
<charParams l="484" t="218" r="497" b="242" charConfidence="57">r</charParams>
<charParams l="499" t="211" r="507" b="241" charConfidence="59">i</charParams>
<charParams l="511" t="209" r="523" b="247" charConfidence="36">s</charParams>
<charParams l="522" t="210" r="549" b="247" charConfidence="51">c</charParams>
<charParams l="522" t="210" r="549" b="247" suspicious="1" charConfidence="51">h</charParams>
<charParams l="553" t="218" r="565" b="241" charConfidence="43">e</charParams>
<charParams l="569" t="218" r="582" b="240" suspicious="1" charConfidence="31">r</charParams>
<charParams l="583" t="216" r="613" b="240"> </charParams>
<charParams l="614" t="216" r="632" b="240" charConfidence="37">u</charParams>
<charParams l="636" t="216" r="653" b="240" charConfidence="100">n</charParams>
<charParams l="657" t="211" r="673" b="241" charConfidence="32">d</charParams>
<charParams l="674" t="211" r="706" b="243"> </charParams>
<charParams l="707" t="219" r="721" b="243" charConfidence="66">r</charParams>
<charParams l="724" t="220" r="736" b="242" charConfidence="34">e</charParams>
<charParams l="739" t="214" r="754" b="243" charConfidence="28">d</charParams>
<charParams l="758" t="221" r="776" b="244" charConfidence="100">n</charParams>
<charParams l="779" t="222" r="792" b="245" charConfidence="27">e</charParams>
<charParams l="795" t="223" r="809" b="246" charConfidence="25">r</charParams>
<charParams l="812" t="215" r="819" b="246" charConfidence="100">i</charParams>
<charParams l="823" t="215" r="836" b="253" charConfidence="47">s</charParams>
<charParams l="834" t="216" r="861" b="255" charConfidence="57">c</charParams>
<charParams l="834" t="216" r="861" b="255" charConfidence="57">h</charParams>
<charParams l="865" t="223" r="877" b="247" charConfidence="31">e</charParams>
<charParams l="880" t="222" r="894" b="247" charConfidence="41">r</charParams>
<charParams l="895" t="214" r="927" b="248"> </charParams>
<charParams l="928" t="214" r="957" b="248" charConfidence="27">A</charParams>
<charParams l="958" t="224" r="972" b="249" charConfidence="38">r</charParams>
<charParams l="974" t="230" r="984" b="245" charConfidence="22">¬</charParams></formatting></line>
<line baseline="307" l="181" t="269" r="984" b="318"><formatting lang="OldGerman">
<charParams l="181" t="279" r="196" b="311" charConfidence="34">b</charParams>
<charParams l="201" t="289" r="213" b="311" charConfidence="77">e</charParams>
<charParams l="216" t="282" r="224" b="311" charConfidence="37">i</charParams>
<charParams l="228" t="286" r="238" b="311" charConfidence="38">t</charParams>
<charParams l="240" t="288" r="253" b="311" charConfidence="37">e</charParams>
<charParams l="257" t="288" r="273" b="310" charConfidence="44">n</charParams>
<charParams l="275" t="303" r="285" b="318" charConfidence="100">,</charParams>
<charParams l="286" t="288" r="309" b="318"> </charParams>
<charParams l="310" t="288" r="326" b="310" charConfidence="100">a</charParams>
<charParams l="331" t="287" r="348" b="310" charConfidence="26">n</charParams>
<charParams l="350" t="287" r="367" b="317" charConfidence="26">g</charParams>
<charParams l="371" t="286" r="384" b="309" charConfidence="39">e</charParams>
<charParams l="387" t="286" r="403" b="308" charConfidence="81">n</charParams>
<charParams l="408" t="285" r="420" b="308" charConfidence="32">e</charParams>
<charParams l="423" t="275" r="440" b="314" charConfidence="73">h</charParams>
<charParams l="443" t="281" r="472" b="305" charConfidence="100">m</charParams>
<charParams l="473" t="280" r="490" b="305"> </charParams>
<charParams l="491" t="280" r="508" b="303" charConfidence="28">u</charParams>
<charParams l="512" t="279" r="529" b="302" charConfidence="25">n</charParams>
<charParams l="534" t="273" r="550" b="302" charConfidence="26">d</charParams>
<charParams l="551" t="270" r="569" b="303"> </charParams>
<charParams l="570" t="270" r="585" b="303" charConfidence="45">b</charParams>
<charParams l="590" t="279" r="602" b="302" charConfidence="28">e</charParams>
<charParams l="605" t="279" r="618" b="301" charConfidence="54">r</charParams>
<charParams l="621" t="269" r="638" b="302" charConfidence="100">ü</charParams>
<charParams l="643" t="270" r="659" b="310" charConfidence="100">h</charParams>
<charParams l="664" t="279" r="692" b="303" charConfidence="26">m</charParams>
<charParams l="696" t="278" r="707" b="304" charConfidence="47">t</charParams>
<charParams l="708" t="278" r="723" b="313"> </charParams>
<charParams l="724" t="282" r="741" b="313" charConfidence="59">g</charParams>
<charParams l="745" t="282" r="758" b="306" charConfidence="47">e</charParams>
<charParams l="760" t="283" r="786" b="308" charConfidence="74">w</charParams>
<charParams l="790" t="285" r="802" b="309" charConfidence="25">e</charParams>
<charParams l="806" t="277" r="819" b="315" charConfidence="93">s</charParams>
<charParams l="818" t="286" r="830" b="310" charConfidence="26">e</charParams>
<charParams l="832" t="286" r="850" b="310" charConfidence="100">n</charParams>
<charParams l="853" t="301" r="862" b="310" charConfidence="100">.</charParams>
<charParams l="863" t="276" r="904" b="311"> </charParams>
<charParams l="905" t="276" r="940" b="311" charConfidence="35">N</charParams>
<charParams l="944" t="286" r="961" b="311" charConfidence="54">u</charParams>
<charParams l="966" t="286" r="984" b="311" charConfidence="26">n</charParams></formatting></line>
<line baseline="369" l="180" t="331" r="985" b="380"><formatting lang="OldGerman">
<charParams l="180" t="349" r="206" b="373" suspicious="1" charConfidence="59">w</charParams>
<charParams l="210" t="352" r="225" b="372" charConfidence="100">a</charParams>
<charParams l="230" t="351" r="243" b="373" charConfidence="100">r</charParams>
<charParams l="246" t="351" r="257" b="373" charConfidence="100">e</charParams>
<charParams l="262" t="350" r="279" b="372" charConfidence="26">n</charParams>
<charParams l="280" t="350" r="312" b="372"> </charParams>
<charParams l="313" t="350" r="325" b="372" charConfidence="39">e</charParams>
<charParams l="328" t="344" r="344" b="372" suspicious="1" charConfidence="22">ö</charParams>
<charParams l="345" t="344" r="375" b="372"> </charParams>
<charParams l="376" t="347" r="392" b="369" charConfidence="55">a</charParams>
<charParams l="397" t="346" r="413" b="369" charConfidence="53">n</charParams>
<charParams l="418" t="340" r="433" b="368" charConfidence="25">d</charParams>
<charParams l="437" t="345" r="450" b="367" charConfidence="56">r</charParams>
<charParams l="453" t="343" r="465" b="366" charConfidence="26">e</charParams>
<charParams l="466" t="331" r="489" b="366"> </charParams>
<charParams l="490" t="331" r="523" b="365" charConfidence="57">G</charParams>
<charParams l="528" t="342" r="540" b="365" charConfidence="25">e</charParams>
<charParams l="541" t="342" r="557" b="372" charConfidence="54">g</charParams>
<charParams l="562" t="342" r="574" b="366" charConfidence="31">e</charParams>
<charParams l="578" t="342" r="594" b="365" charConfidence="33">n</charParams>
<charParams l="599" t="334" r="619" b="372" charConfidence="39">s</charParams>
<charParams l="599" t="334" r="619" b="372" charConfidence="39">t</charParams>
<charParams l="621" t="333" r="637" b="365" charConfidence="28">ä</charParams>
<charParams l="641" t="342" r="659" b="365" charConfidence="89">n</charParams>
<charParams l="663" t="337" r="678" b="365" charConfidence="28">d</charParams>
<charParams l="682" t="343" r="696" b="366" charConfidence="40">e</charParams>
<charParams l="697" t="338" r="717" b="367"> </charParams>
<charParams l="718" t="338" r="736" b="367" charConfidence="100">d</charParams>
<charParams l="740" t="338" r="748" b="368" charConfidence="100">i</charParams>
<charParams l="752" t="346" r="765" b="369" charConfidence="32">e</charParams>
<charParams l="766" t="340" r="789" b="370"> </charParams>
<charParams l="790" t="340" r="798" b="370" charConfidence="37">i</charParams>
<charParams l="801" t="339" r="818" b="378" charConfidence="86">h</charParams>
<charParams l="822" t="349" r="841" b="372" charConfidence="25">n</charParams>
<charParams l="842" t="341" r="865" b="373"> </charParams>
<charParams l="866" t="341" r="881" b="373" charConfidence="32">b</charParams>
<charParams l="886" t="350" r="897" b="373" charConfidence="33">e</charParams>
<charParams l="902" t="342" r="915" b="380" charConfidence="100">s</charParams>
<charParams l="913" t="342" r="940" b="378" charConfidence="56">c</charParams>
<charParams l="913" t="342" r="940" b="378" charConfidence="56">h</charParams>
<charParams l="943" t="340" r="959" b="373" charConfidence="57">ä</charParams>
<charParams l="963" t="341" r="977" b="380" charConfidence="64">f</charParams>
<charParams l="975" t="353" r="985" b="369" charConfidence="22">¬</charParams></formatting></line>
<line baseline="432" l="180" t="395" r="984" b="443"><formatting lang="OldGerman">
<charParams l="180" t="409" r="191" b="436" charConfidence="100">t</charParams>
<charParams l="194" t="405" r="202" b="435" charConfidence="34">i</charParams>
<charParams l="204" t="412" r="220" b="443" charConfidence="62">g</charParams>
<charParams l="225" t="410" r="235" b="436" charConfidence="52">t</charParams>
<charParams l="239" t="412" r="251" b="435" charConfidence="42">e</charParams>
<charParams l="253" t="411" r="272" b="435" charConfidence="30">n</charParams>
<charParams l="281" t="426" r="291" b="440" charConfidence="99">,</charParams>
<charParams l="292" t="410" r="341" b="440"> </charParams>
<charParams l="342" t="410" r="359" b="433" charConfidence="29">a</charParams>
<charParams l="361" t="409" r="380" b="432" charConfidence="88">n</charParams>
<charParams l="383" t="403" r="399" b="431" charConfidence="33">d</charParams>
<charParams l="403" t="408" r="416" b="431" charConfidence="26">r</charParams>
<charParams l="418" t="403" r="432" b="430" charConfidence="24">e</charParams>
<charParams l="433" t="395" r="471" b="430"> </charParams>
<charParams l="472" t="395" r="507" b="428" charConfidence="27">S</charParams>
<charParams l="512" t="397" r="538" b="435" charConfidence="57">c</charParams>
<charParams l="512" t="397" r="538" b="435" charConfidence="57">h</charParams>
<charParams l="541" t="404" r="555" b="428" charConfidence="95">r</charParams>
<charParams l="560" t="398" r="566" b="427" charConfidence="27">i</charParams>
<charParams l="571" t="396" r="584" b="435" charConfidence="43">f</charParams>
<charParams l="584" t="402" r="594" b="428" charConfidence="29">t</charParams>
<charParams l="597" t="404" r="609" b="427" charConfidence="39">e</charParams>
<charParams l="612" t="404" r="630" b="427" charConfidence="34">n</charParams>
<charParams l="631" t="403" r="662" b="428"> </charParams>
<charParams l="663" t="403" r="690" b="428" charConfidence="25">w</charParams>
<charParams l="695" t="406" r="709" b="428" charConfidence="89">o</charParams>
<charParams l="712" t="406" r="727" b="429" charConfidence="100">r</charParams>
<charParams l="729" t="405" r="744" b="429" charConfidence="64">a</charParams>
<charParams l="749" t="407" r="766" b="430" charConfidence="27">u</charParams>
<charParams l="770" t="404" r="786" b="431" charConfidence="86">s</charParams>
<charParams l="787" t="404" r="816" b="431"> </charParams>
<charParams l="817" t="410" r="830" b="431" charConfidence="27">e</charParams>
<charParams l="834" t="410" r="847" b="433" charConfidence="31">r</charParams>
<charParams l="848" t="410" r="877" b="434"> </charParams>
<charParams l="878" t="411" r="896" b="434" charConfidence="26">v</charParams>
<charParams l="900" t="412" r="915" b="434" charConfidence="55">o</charParams>
<charParams l="918" t="412" r="932" b="434" charConfidence="100">r</charParams>
<charParams l="935" t="405" r="943" b="434" charConfidence="64">l</charParams>
<charParams l="948" t="412" r="964" b="434" charConfidence="49">a</charParams>
<charParams l="967" t="408" r="984" b="436" charConfidence="100">s</charParams></formatting></line>
<line baseline="493" l="179" t="458" r="983" b="502"><formatting lang="OldGerman">
<charParams l="179" t="472" r="197" b="496" suspicious="1" charConfidence="24">u</charParams>
<charParams l="200" t="473" r="217" b="496" suspicious="1" charConfidence="34">n</charParams>
<charParams l="221" t="468" r="243" b="496" suspicious="1" charConfidence="-1">k</charParams>
<charParams l="244" t="468" r="271" b="496"> </charParams>
<charParams l="272" t="472" r="285" b="495" charConfidence="26">e</charParams>
<charParams l="289" t="463" r="304" b="494" charConfidence="57">b</charParams>
<charParams l="307" t="472" r="321" b="494" charConfidence="26">e</charParams>
<charParams l="324" t="472" r="341" b="494" charConfidence="27">n</charParams>
<charParams l="342" t="462" r="373" b="499"> </charParams>
<charParams l="374" t="462" r="388" b="499" charConfidence="42">s</charParams>
<charParams l="387" t="470" r="399" b="493" charConfidence="28">e</charParams>
<charParams l="401" t="462" r="411" b="491" charConfidence="35">i</charParams>
<charParams l="413" t="466" r="425" b="492" charConfidence="30">t</charParams>
<charParams l="426" t="466" r="456" b="492"> </charParams>
<charParams l="457" t="468" r="470" b="491" charConfidence="69">e</charParams>
<charParams l="474" t="460" r="481" b="490" charConfidence="100">i</charParams>
<charParams l="485" t="468" r="502" b="490" charConfidence="31">n</charParams>
<charParams l="505" t="459" r="514" b="490" charConfidence="92">i</charParams>
<charParams l="516" t="466" r="532" b="499" charConfidence="27">g</charParams>
<charParams l="536" t="468" r="549" b="491" charConfidence="33">e</charParams>
<charParams l="551" t="467" r="566" b="491" charConfidence="54">r</charParams>
<charParams l="567" t="458" r="596" b="497"> </charParams>
<charParams l="597" t="458" r="618" b="497" charConfidence="36">Z</charParams>
<charParams l="622" t="468" r="634" b="490" charConfidence="24">e</charParams>
<charParams l="638" t="462" r="645" b="490" charConfidence="34">i</charParams>
<charParams l="650" t="465" r="660" b="491" charConfidence="59">t</charParams>
<charParams l="661" t="465" r="689" b="492"> </charParams>
<charParams l="690" t="469" r="708" b="492" charConfidence="100">v</charParams>
<charParams l="713" t="469" r="727" b="492" charConfidence="57">o</charParams>
<charParams l="731" t="468" r="745" b="492" charConfidence="27">r</charParams>
<charParams l="747" t="468" r="758" b="502" charConfidence="27">z</charParams>
<charParams l="762" t="460" r="779" b="492" charConfidence="22">ü</charParams>
<charParams l="783" t="471" r="799" b="500" charConfidence="25">g</charParams>
<charParams l="804" t="464" r="812" b="493" charConfidence="34">l</charParams>
<charParams l="815" t="463" r="822" b="493" charConfidence="30">i</charParams>
<charParams l="827" t="463" r="854" b="499" charConfidence="59">c</charParams>
<charParams l="827" t="463" r="854" b="499" charConfidence="59">h</charParams>
<charParams l="855" t="462" r="879" b="499"> </charParams>
<charParams l="880" t="462" r="920" b="495" charConfidence="33">W</charParams>
<charParams l="924" t="473" r="936" b="495" charConfidence="28">e</charParams>
<charParams l="939" t="473" r="952" b="496" charConfidence="32">r</charParams>
<charParams l="955" t="464" r="967" b="496" charConfidence="30">k</charParams>
<charParams l="970" t="474" r="983" b="496" charConfidence="34">e</charParams></formatting></line>
<line baseline="556" l="179" t="522" r="982" b="567"><formatting lang="OldGerman">
<charParams l="179" t="534" r="196" b="564" charConfidence="34">p</charParams>
<charParams l="200" t="525" r="216" b="567" charConfidence="73">h</charParams>
<charParams l="220" t="534" r="236" b="566" charConfidence="31">y</charParams>
<charParams l="240" t="526" r="255" b="565" charConfidence="100">s</charParams>
<charParams l="250" t="534" r="258" b="556" charConfidence="100">i</charParams>
<charParams l="261" t="525" r="275" b="564" charConfidence="83">s</charParams>
<charParams l="273" t="526" r="299" b="562" charConfidence="96">c</charParams>
<charParams l="273" t="526" r="299" b="562" charConfidence="96">h</charParams>
<charParams l="303" t="533" r="316" b="556" charConfidence="29">e</charParams>
<charParams l="320" t="532" r="337" b="555" charConfidence="31">n</charParams>
<charParams l="339" t="547" r="348" b="562" charConfidence="79">,</charParams>
<charParams l="349" t="523" r="373" b="562"> </charParams>
<charParams l="374" t="523" r="401" b="562" charConfidence="55">c</charParams>
<charParams l="374" t="523" r="401" b="562" charConfidence="55">h</charParams>
<charParams l="406" t="531" r="418" b="555" charConfidence="47">e</charParams>
<charParams l="422" t="530" r="449" b="555" charConfidence="51">m</charParams>
<charParams l="453" t="524" r="461" b="555" charConfidence="28">i</charParams>
<charParams l="465" t="523" r="478" b="563" charConfidence="40">s</charParams>
<charParams l="476" t="525" r="502" b="562" charConfidence="57">c</charParams>
<charParams l="476" t="525" r="502" b="562" charConfidence="57">h</charParams>
<charParams l="507" t="531" r="520" b="555" charConfidence="28">e</charParams>
<charParams l="522" t="531" r="540" b="556" charConfidence="100">n</charParams>
<charParams l="541" t="531" r="564" b="556"> </charParams>
<charParams l="565" t="532" r="583" b="555" charConfidence="100">u</charParams>
<charParams l="587" t="531" r="604" b="555" charConfidence="57">n</charParams>
<charParams l="608" t="524" r="624" b="555" charConfidence="28">d</charParams>
<charParams l="625" t="524" r="645" b="558"> </charParams>
<charParams l="646" t="529" r="657" b="558" charConfidence="55">t</charParams>
<charParams l="661" t="532" r="674" b="556" charConfidence="28">e</charParams>
<charParams l="676" t="524" r="703" b="563" charConfidence="70">c</charParams>
<charParams l="676" t="524" r="703" b="563" charConfidence="70">h</charParams>
<charParams l="707" t="532" r="724" b="555" charConfidence="100">n</charParams>
<charParams l="728" t="525" r="736" b="556" charConfidence="25">i</charParams>
<charParams l="740" t="524" r="753" b="564" charConfidence="100">s</charParams>
<charParams l="752" t="524" r="779" b="563" charConfidence="55">c</charParams>
<charParams l="752" t="524" r="779" b="563" charConfidence="55">h</charParams>
<charParams l="782" t="532" r="795" b="556" charConfidence="26">e</charParams>
<charParams l="798" t="530" r="817" b="556" charConfidence="26">n</charParams>
<charParams l="818" t="522" r="833" b="564"> </charParams>
<charParams l="834" t="522" r="864" b="564" charConfidence="-1">I</charParams>
<charParams l="868" t="533" r="884" b="555" charConfidence="34">n</charParams>
<charParams l="889" t="525" r="906" b="566" charConfidence="73">h</charParams>
<charParams l="911" t="533" r="926" b="556" charConfidence="25">a</charParams>
<charParams l="930" t="527" r="939" b="558" charConfidence="44">l</charParams>
<charParams l="942" t="531" r="952" b="558" charConfidence="100">t</charParams>
<charParams l="955" t="531" r="971" b="559" charConfidence="100">s</charParams>
<charParams l="974" t="552" r="982" b="560" charConfidence="100">.</charParams></formatting></line></par>
<par align="Justified" startIndent="1968" lineSpacing="1488">
<line baseline="686" l="247" t="652" r="983" b="696"><formatting lang="OldGerman">
<charParams l="247" t="652" r="274" b="687" charConfidence="41">E</charParams>
<charParams l="277" t="655" r="284" b="686" charConfidence="27">i</charParams>
<charParams l="289" t="663" r="305" b="687" charConfidence="25">n</charParams>
<charParams l="310" t="663" r="322" b="687" charConfidence="36">e</charParams>
<charParams l="323" t="654" r="345" b="692"> </charParams>
<charParams l="346" t="654" r="359" b="692" charConfidence="100">s</charParams>
<charParams l="359" t="664" r="371" b="686" charConfidence="36">e</charParams>
<charParams l="375" t="656" r="383" b="687" charConfidence="84">i</charParams>
<charParams l="386" t="663" r="402" b="686" charConfidence="25">n</charParams>
<charParams l="406" t="664" r="419" b="687" charConfidence="100">e</charParams>
<charParams l="422" t="663" r="436" b="687" charConfidence="57">r</charParams>
<charParams l="437" t="654" r="460" b="687"> </charParams>
<charParams l="461" t="654" r="476" b="687" charConfidence="100">b</charParams>
<charParams l="479" t="663" r="492" b="687" charConfidence="25">e</charParams>
<charParams l="496" t="655" r="509" b="693" charConfidence="64">s</charParams>
<charParams l="508" t="664" r="522" b="687" charConfidence="49">o</charParams>
<charParams l="526" t="663" r="543" b="687" charConfidence="58">n</charParams>
<charParams l="547" t="657" r="562" b="687" charConfidence="28">d</charParams>
<charParams l="567" t="664" r="579" b="688" charConfidence="39">e</charParams>
<charParams l="582" t="664" r="595" b="688" charConfidence="99">r</charParams>
<charParams l="598" t="663" r="616" b="687" suspicious="1" charConfidence="100">n</charParams>
<charParams l="617" t="653" r="640" b="688"> </charParams>
<charParams l="641" t="653" r="667" b="688" charConfidence="30">E</charParams>
<charParams l="672" t="656" r="678" b="686" charConfidence="36">i</charParams>
<charParams l="682" t="662" r="698" b="695" charConfidence="43">g</charParams>
<charParams l="703" t="664" r="714" b="687" charConfidence="35">e</charParams>
<charParams l="718" t="663" r="735" b="687" charConfidence="55">n</charParams>
<charParams l="739" t="654" r="756" b="696" charConfidence="69">h</charParams>
<charParams l="760" t="664" r="772" b="687" charConfidence="24">e</charParams>
<charParams l="777" t="656" r="783" b="686" charConfidence="75">i</charParams>
<charParams l="789" t="661" r="798" b="687" charConfidence="29">t</charParams>
<charParams l="800" t="663" r="813" b="687" charConfidence="39">e</charParams>
<charParams l="816" t="662" r="834" b="686" charConfidence="44">n</charParams>
<charParams l="843" t="677" r="853" b="692" charConfidence="88">,</charParams>
<charParams l="854" t="655" r="884" b="692"> </charParams>
<charParams l="885" t="655" r="902" b="684" charConfidence="50">d</charParams>
<charParams l="906" t="654" r="914" b="684" charConfidence="26">i</charParams>
<charParams l="918" t="661" r="930" b="685" charConfidence="45">e</charParams>
<charParams l="931" t="661" r="953" b="685"> </charParams>
<charParams l="954" t="661" r="967" b="684" charConfidence="26">e</charParams>
<charParams l="970" t="660" r="983" b="685" charConfidence="41">r</charParams></formatting></line>
<line baseline="751" l="178" t="716" r="983" b="760"><formatting lang="OldGerman">
<charParams l="178" t="721" r="187" b="757" suspicious="1" charConfidence="22">s</charParams>
<charParams l="190" t="728" r="204" b="752" charConfidence="27">e</charParams>
<charParams l="207" t="722" r="222" b="751" charConfidence="31">d</charParams>
<charParams l="226" t="728" r="244" b="752" charConfidence="30">o</charParams>
<charParams l="244" t="720" r="272" b="759" charConfidence="57">c</charParams>
<charParams l="244" t="720" r="272" b="759" charConfidence="57">h</charParams>
<charParams l="273" t="720" r="296" b="759"> </charParams>
<charParams l="297" t="729" r="314" b="752" charConfidence="0">v</charParams>
<charParams l="318" t="721" r="327" b="752" charConfidence="26">i</charParams>
<charParams l="330" t="729" r="343" b="751" charConfidence="32">e</charParams>
<charParams l="346" t="719" r="354" b="751" charConfidence="34">l</charParams>
<charParams l="356" t="719" r="363" b="752" charConfidence="100">l</charParams>
<charParams l="367" t="728" r="378" b="752" charConfidence="100">e</charParams>
<charParams l="383" t="720" r="391" b="752" charConfidence="46">i</charParams>
<charParams l="394" t="720" r="421" b="757" charConfidence="68">c</charParams>
<charParams l="394" t="720" r="421" b="757" charConfidence="68">h</charParams>
<charParams l="426" t="728" r="435" b="752" charConfidence="100">t</charParams>
<charParams l="436" t="726" r="459" b="752"> </charParams>
<charParams l="460" t="726" r="488" b="752" charConfidence="35">m</charParams>
<charParams l="493" t="721" r="500" b="753" charConfidence="43">i</charParams>
<charParams l="505" t="724" r="516" b="752" charConfidence="30">t</charParams>
<charParams l="517" t="724" r="537" b="752"> </charParams>
<charParams l="538" t="728" r="568" b="752" charConfidence="93">m</charParams>
<charParams l="571" t="728" r="584" b="752" charConfidence="55">e</charParams>
<charParams l="587" t="719" r="604" b="760" charConfidence="93">h</charParams>
<charParams l="608" t="728" r="621" b="752" charConfidence="100">r</charParams>
<charParams l="624" t="728" r="636" b="752" charConfidence="43">e</charParams>
<charParams l="640" t="728" r="653" b="752" charConfidence="100">r</charParams>
<charParams l="656" t="727" r="674" b="752" charConfidence="28">n</charParams>
<charParams l="675" t="717" r="699" b="752"> </charParams>
<charParams l="700" t="717" r="744" b="752" charConfidence="33">M</charParams>
<charParams l="747" t="729" r="759" b="752" charConfidence="26">e</charParams>
<charParams l="763" t="728" r="778" b="752" charConfidence="23">n</charParams>
<charParams l="781" t="719" r="797" b="757" charConfidence="31">s</charParams>
<charParams l="795" t="719" r="821" b="757" charConfidence="77">c</charParams>
<charParams l="795" t="719" r="821" b="757" charConfidence="77">h</charParams>
<charParams l="826" t="727" r="838" b="750" charConfidence="37">e</charParams>
<charParams l="842" t="726" r="860" b="751" charConfidence="28">n</charParams>
<charParams l="861" t="723" r="887" b="751"> </charParams>
<charParams l="888" t="723" r="898" b="750" charConfidence="44">t</charParams>
<charParams l="902" t="716" r="918" b="760" charConfidence="90">h</charParams>
<charParams l="923" t="725" r="935" b="749" charConfidence="94">e</charParams>
<charParams l="939" t="718" r="946" b="749" charConfidence="86">i</charParams>
<charParams l="950" t="717" r="958" b="749" charConfidence="37">l</charParams>
<charParams l="961" t="721" r="972" b="748" charConfidence="32">t</charParams>
<charParams l="972" t="739" r="983" b="756" charConfidence="79">,</charParams></formatting></line>
<line baseline="813" l="180" t="782" r="983" b="822"><formatting lang="OldGerman">
<charParams l="180" t="790" r="205" b="814" charConfidence="48">w</charParams>
<charParams l="210" t="792" r="225" b="813" charConfidence="54">a</charParams>
<charParams l="229" t="791" r="243" b="814" charConfidence="31">r</charParams>
<charParams l="244" t="785" r="266" b="814"> </charParams>
<charParams l="267" t="785" r="283" b="813" charConfidence="31">d</charParams>
<charParams l="287" t="784" r="294" b="813" charConfidence="79">i</charParams>
<charParams l="298" t="791" r="311" b="814" charConfidence="27">e</charParams>
<charParams l="319" t="805" r="330" b="820" charConfidence="93">,</charParams>
<charParams l="331" t="785" r="354" b="820"> </charParams>
<charParams l="355" t="785" r="372" b="814" charConfidence="41">d</charParams>
<charParams l="376" t="791" r="391" b="813" charConfidence="52">a</charParams>
<charParams l="396" t="784" r="412" b="820" charConfidence="28">ß</charParams>
<charParams l="413" t="784" r="436" b="820"> </charParams>
<charParams l="437" t="791" r="451" b="813" charConfidence="26">e</charParams>
<charParams l="452" t="787" r="468" b="816" charConfidence="100">s</charParams>
<charParams l="469" t="784" r="493" b="816"> </charParams>
<charParams l="494" t="784" r="503" b="815" charConfidence="26">i</charParams>
<charParams l="506" t="782" r="524" b="821" charConfidence="35">h</charParams>
<charParams l="527" t="790" r="556" b="814" charConfidence="100">m</charParams>
<charParams l="557" t="790" r="580" b="815"> </charParams>
<charParams l="581" t="791" r="599" b="815" charConfidence="100">u</charParams>
<charParams l="602" t="791" r="620" b="815" charConfidence="100">n</charParams>
<charParams l="623" t="792" r="635" b="815" charConfidence="29">e</charParams>
<charParams l="639" t="791" r="653" b="814" charConfidence="30">r</charParams>
<charParams l="656" t="789" r="665" b="815" charConfidence="42">t</charParams>
<charParams l="668" t="791" r="683" b="814" charConfidence="54">r</charParams>
<charParams l="684" t="783" r="700" b="814" charConfidence="27">ä</charParams>
<charParams l="702" t="791" r="719" b="822" charConfidence="26">g</charParams>
<charParams l="723" t="784" r="731" b="814" charConfidence="56">l</charParams>
<charParams l="734" t="785" r="742" b="813" charConfidence="24">i</charParams>
<charParams l="745" t="784" r="773" b="821" charConfidence="65">c</charParams>
<charParams l="745" t="784" r="773" b="821" charConfidence="65">h</charParams>
<charParams l="774" t="782" r="798" b="821"> </charParams>
<charParams l="799" t="782" r="818" b="821" charConfidence="22">f</charParams>
<charParams l="799" t="782" r="818" b="821" charConfidence="22">i</charParams>
<charParams l="821" t="791" r="833" b="813" charConfidence="26">e</charParams>
<charParams l="838" t="783" r="846" b="813" charConfidence="39">l</charParams>
<charParams l="853" t="802" r="862" b="819" charConfidence="-1">»</charParams>
<charParams l="863" t="788" r="894" b="819"> </charParams>
<charParams l="895" t="788" r="923" b="812" charConfidence="27">w</charParams>
<charParams l="926" t="788" r="940" b="811" charConfidence="25">e</charParams>
<charParams l="941" t="787" r="959" b="811" charConfidence="60">n</charParams>
<charParams l="963" t="786" r="983" b="810" charConfidence="25">n</charParams></formatting></line>
<line baseline="875" l="177" t="839" r="980" b="886"><formatting lang="OldGerman">
<charParams l="177" t="843" r="207" b="881" charConfidence="27">J</charParams>
<charParams l="210" t="852" r="224" b="875" charConfidence="27">e</charParams>
<charParams l="227" t="853" r="255" b="875" charConfidence="26">m</charParams>
<charParams l="259" t="853" r="274" b="875" charConfidence="56">a</charParams>
<charParams l="278" t="853" r="295" b="876" charConfidence="33">n</charParams>
<charParams l="299" t="847" r="315" b="876" charConfidence="26">d</charParams>
<charParams l="316" t="847" r="346" b="876"> </charParams>
<charParams l="347" t="847" r="355" b="876" charConfidence="100">i</charParams>
<charParams l="359" t="844" r="376" b="885" charConfidence="71">h</charParams>
<charParams l="380" t="853" r="409" b="876" charConfidence="56">m</charParams>
<charParams l="410" t="845" r="440" b="876"> </charParams>
<charParams l="441" t="845" r="457" b="876" charConfidence="37">b</charParams>
<charParams l="460" t="854" r="473" b="879" charConfidence="25">e</charParams>
<charParams l="475" t="853" r="492" b="886" charConfidence="30">y</charParams>
<charParams l="496" t="853" r="524" b="876" charConfidence="69">m</charParams>
<charParams l="525" t="844" r="549" b="878"> </charParams>
<charParams l="550" t="844" r="568" b="878" charConfidence="38">L</charParams>
<charParams l="571" t="853" r="582" b="875" charConfidence="26">e</charParams>
<charParams l="586" t="845" r="600" b="883" charConfidence="35">s</charParams>
<charParams l="597" t="853" r="609" b="875" charConfidence="26">e</charParams>
<charParams l="613" t="853" r="631" b="876" charConfidence="100">n</charParams>
<charParams l="632" t="843" r="660" b="876"> </charParams>
<charParams l="661" t="843" r="671" b="876" charConfidence="26">i</charParams>
<charParams l="674" t="852" r="692" b="876" charConfidence="34">n</charParams>
<charParams l="693" t="847" r="726" b="876"> </charParams>
<charParams l="727" t="847" r="742" b="875" charConfidence="26">d</charParams>
<charParams l="746" t="853" r="762" b="875" charConfidence="25">a</charParams>
<charParams l="764" t="848" r="782" b="875" charConfidence="59">s</charParams>
<charParams l="783" t="841" r="807" b="875"> </charParams>
<charParams l="808" t="841" r="842" b="874" charConfidence="29">B</charParams>
<charParams l="846" t="850" r="863" b="874" charConfidence="75">u</charParams>
<charParams l="867" t="842" r="894" b="879" charConfidence="93">c</charParams>
<charParams l="867" t="842" r="894" b="879" charConfidence="93">h</charParams>
<charParams l="895" t="841" r="919" b="879"> </charParams>
<charParams l="920" t="841" r="934" b="878" charConfidence="31">s</charParams>
<charParams l="931" t="850" r="947" b="872" charConfidence="34">a</charParams>
<charParams l="950" t="839" r="969" b="882" charConfidence="51">h</charParams>
<charParams l="973" t="864" r="980" b="872" charConfidence="100">.</charParams></formatting></line>
<line baseline="933" l="176" t="900" r="981" b="943"><formatting lang="OldGerman">
<charParams l="176" t="902" r="206" b="939" suspicious="1" charConfidence="30">Z</charParams>
<charParams l="209" t="912" r="227" b="933" suspicious="1" charConfidence="47">n</charParams>
<charParams l="228" t="903" r="246" b="939"> </charParams>
<charParams l="247" t="903" r="264" b="939" charConfidence="44">f</charParams>
<charParams l="262" t="912" r="276" b="933" charConfidence="100">r</charParams>
<charParams l="277" t="903" r="296" b="933" charConfidence="22">ü</charParams>
<charParams l="300" t="904" r="316" b="941" charConfidence="53">h</charParams>
<charParams l="320" t="912" r="333" b="934" charConfidence="25">e</charParams>
<charParams l="336" t="912" r="350" b="934" charConfidence="60">r</charParams>
<charParams l="352" t="912" r="365" b="933" charConfidence="41">e</charParams>
<charParams l="367" t="912" r="390" b="934" charConfidence="100">r</charParams>
<charParams l="398" t="926" r="403" b="933" charConfidence="54">.</charParams>
<charParams l="405" t="904" r="427" b="939" suspicious="1" charConfidence="39">Z</charParams>
<charParams l="431" t="913" r="444" b="935" charConfidence="28">e</charParams>
<charParams l="446" t="905" r="456" b="934" charConfidence="35">i</charParams>
<charParams l="455" t="909" r="470" b="934" suspicious="1" charConfidence="25">t</charParams>
<charParams l="469" t="927" r="480" b="940" charConfidence="79">,</charParams>
<charParams l="505" t="904" r="522" b="934" charConfidence="100">b</charParams>
<charParams l="525" t="912" r="537" b="935" suspicious="1" charConfidence="-1">«</charParams>
<charParams l="536" t="912" r="556" b="943" suspicious="1" charConfidence="52">y</charParams>
<charParams l="559" t="912" r="589" b="934" charConfidence="67">m</charParams>
<charParams l="590" t="902" r="612" b="934"> </charParams>
<charParams l="613" t="902" r="645" b="934" charConfidence="88">V</charParams>
<charParams l="646" t="912" r="663" b="934" charConfidence="38">o</charParams>
<charParams l="667" t="912" r="680" b="933" charConfidence="53">r</charParams>
<charParams l="683" t="905" r="692" b="934" charConfidence="45">l</charParams>
<charParams l="695" t="911" r="707" b="933" charConfidence="27">e</charParams>
<charParams l="710" t="904" r="719" b="940" charConfidence="27">s</charParams>
<charParams l="718" t="912" r="733" b="934" charConfidence="96">e</charParams>
<charParams l="737" t="910" r="756" b="933" charConfidence="29">n</charParams>
<charParams l="757" t="910" r="778" b="933"> </charParams>
<charParams l="779" t="911" r="797" b="933" charConfidence="100">v</charParams>
<charParams l="800" t="909" r="816" b="933" charConfidence="32">o</charParams>
<charParams l="818" t="909" r="837" b="931" charConfidence="42">n</charParams>
<charParams l="838" t="900" r="855" b="932"> </charParams>
<charParams l="856" t="900" r="891" b="932" charConfidence="28">G</charParams>
<charParams l="895" t="909" r="907" b="932" charConfidence="27">e</charParams>
<charParams l="910" t="905" r="925" b="932" charConfidence="26">d</charParams>
<charParams l="929" t="902" r="938" b="932" charConfidence="100">i</charParams>
<charParams l="941" t="902" r="968" b="941" charConfidence="100">c</charParams>
<charParams l="941" t="902" r="968" b="941" charConfidence="100">h</charParams>
<charParams l="972" t="916" r="981" b="931" charConfidence="22">¬</charParams></formatting></line>
<line baseline="995" l="176" t="959" r="981" b="1003"><formatting lang="OldGerman">
<charParams l="176" t="969" r="188" b="996" charConfidence="34">t</charParams>
<charParams l="191" t="972" r="203" b="995" charConfidence="25">e</charParams>
<charParams l="206" t="971" r="224" b="994" charConfidence="68">n</charParams>
<charParams l="232" t="986" r="241" b="1001" charConfidence="83">,</charParams>
<charParams l="242" t="960" r="267" b="1001"> </charParams>
<charParams l="268" t="960" r="304" b="993" charConfidence="77">S</charParams>
<charParams l="308" t="962" r="335" b="999" charConfidence="27">c</charParams>
<charParams l="308" t="962" r="335" b="999" charConfidence="27">h</charParams>
<charParams l="339" t="971" r="354" b="993" charConfidence="26">a</charParams>
<charParams l="359" t="970" r="376" b="992" charConfidence="30">u</charParams>
<charParams l="380" t="961" r="394" b="998" charConfidence="34">s</charParams>
<charParams l="392" t="970" r="407" b="1000" charConfidence="65">p</charParams>
<charParams l="412" t="963" r="420" b="994" charConfidence="100">i</charParams>
<charParams l="423" t="970" r="435" b="993" charConfidence="30">e</charParams>
<charParams l="439" t="963" r="448" b="994" charConfidence="34">l</charParams>
<charParams l="450" t="971" r="463" b="993" charConfidence="26">e</charParams>
<charParams l="465" t="970" r="484" b="994" charConfidence="29">n</charParams>
<charParams l="493" t="984" r="503" b="1000" charConfidence="91">,</charParams>
<charParams l="504" t="959" r="528" b="1000"> </charParams>
<charParams l="529" t="959" r="556" b="995" charConfidence="29">E</charParams>
<charParams l="559" t="971" r="572" b="994" charConfidence="54">r</charParams>
<charParams l="573" t="970" r="585" b="1003" charConfidence="100">z</charParams>
<charParams l="589" t="961" r="607" b="993" charConfidence="22">ä</charParams>
<charParams l="609" t="962" r="626" b="1001" charConfidence="85">h</charParams>
<charParams l="630" t="964" r="638" b="994" charConfidence="64">l</charParams>
<charParams l="640" t="970" r="659" b="995" charConfidence="26">u</charParams>
<charParams l="663" t="970" r="680" b="994" charConfidence="29">n</charParams>
<charParams l="682" t="970" r="699" b="1001" charConfidence="26">g</charParams>
<charParams l="703" t="971" r="715" b="993" charConfidence="100">e</charParams>
<charParams l="719" t="970" r="737" b="994" charConfidence="28">n</charParams>
<charParams l="746" t="985" r="756" b="1000" charConfidence="100">,</charParams>
<charParams l="757" t="970" r="788" b="1000"> </charParams>
<charParams l="789" t="970" r="816" b="995" charConfidence="54">w</charParams>
<charParams l="820" t="971" r="836" b="995" charConfidence="63">a</charParams>
<charParams l="840" t="971" r="854" b="996" charConfidence="40">r</charParams>
<charParams l="855" t="971" r="878" b="996"> </charParams>
<charParams l="879" t="973" r="892" b="996" charConfidence="33">e</charParams>
<charParams l="895" t="968" r="910" b="996" suspicious="1" charConfidence="100">s</charParams>
<charParams l="911" t="968" r="935" b="997"> </charParams>
<charParams l="936" t="968" r="952" b="997" charConfidence="35">d</charParams>
<charParams l="957" t="966" r="963" b="997" charConfidence="65">i</charParams>
<charParams l="967" t="974" r="981" b="998" charConfidence="30">e</charParams></formatting></line>
<line baseline="1057" l="174" t="1022" r="980" b="1066"><formatting lang="OldGerman">
<charParams l="174" t="1036" r="193" b="1060" charConfidence="100">n</charParams>
<charParams l="196" t="1036" r="212" b="1059" charConfidence="44">a</charParams>
<charParams l="216" t="1031" r="226" b="1059" charConfidence="35">t</charParams>
<charParams l="229" t="1024" r="246" b="1056" charConfidence="51">ü</charParams>
<charParams l="250" t="1033" r="262" b="1057" charConfidence="52">r</charParams>
<charParams l="266" t="1027" r="274" b="1058" charConfidence="98">l</charParams>
<charParams l="277" t="1025" r="285" b="1056" charConfidence="38">i</charParams>
<charParams l="288" t="1024" r="315" b="1064" charConfidence="74">c</charParams>
<charParams l="288" t="1024" r="315" b="1064" charConfidence="74">h</charParams>
<charParams l="320" t="1032" r="332" b="1056" charConfidence="87">e</charParams>
<charParams l="333" t="1022" r="355" b="1062"> </charParams>
<charParams l="356" t="1022" r="380" b="1062" charConfidence="35">F</charParams>
<charParams l="382" t="1031" r="397" b="1055" charConfidence="57">o</charParams>
<charParams l="402" t="1024" r="410" b="1054" charConfidence="28">l</charParams>
<charParams l="411" t="1033" r="427" b="1064" charConfidence="30">g</charParams>
<charParams l="432" t="1032" r="445" b="1055" charConfidence="30">e</charParams>
<charParams l="446" t="1025" r="468" b="1056"> </charParams>
<charParams l="469" t="1025" r="485" b="1056" charConfidence="45">d</charParams>
<charParams l="487" t="1033" r="500" b="1056" charConfidence="100">e</charParams>
<charParams l="504" t="1031" r="519" b="1058" charConfidence="25">r</charParams>
<charParams l="520" t="1026" r="542" b="1058"> </charParams>
<charParams l="543" t="1026" r="550" b="1058" charConfidence="78">l</charParams>
<charParams l="554" t="1033" r="565" b="1057" charConfidence="26">e</charParams>
<charParams l="569" t="1024" r="585" b="1056" charConfidence="100">b</charParams>
<charParams l="589" t="1023" r="606" b="1066" charConfidence="66">h</charParams>
<charParams l="610" t="1033" r="625" b="1056" charConfidence="100">a</charParams>
<charParams l="629" t="1024" r="653" b="1062" charConfidence="74">f</charParams>
<charParams l="629" t="1024" r="653" b="1062" charConfidence="74">t</charParams>
<charParams l="657" t="1033" r="669" b="1056" charConfidence="100">e</charParams>
<charParams l="670" t="1033" r="689" b="1056" charConfidence="25">n</charParams>
<charParams l="690" t="1023" r="706" b="1058"> </charParams>
<charParams l="707" t="1023" r="736" b="1058" charConfidence="26">A</charParams>
<charParams l="738" t="1024" r="753" b="1057" charConfidence="75">b</charParams>
<charParams l="758" t="1025" r="776" b="1066" charConfidence="50">s</charParams>
<charParams l="758" t="1025" r="776" b="1066" suspicious="1" charConfidence="50">i</charParams>
<charParams l="778" t="1025" r="805" b="1063" charConfidence="55">c</charParams>
<charParams l="778" t="1025" r="805" b="1063" suspicious="1" charConfidence="55">h</charParams>
<charParams l="810" t="1031" r="820" b="1058" charConfidence="80">t</charParams>
<charParams l="829" t="1050" r="838" b="1065" charConfidence="99">,</charParams>
<charParams l="839" t="1029" r="863" b="1065"> </charParams>
<charParams l="864" t="1029" r="880" b="1060" charConfidence="32">d</charParams>
<charParams l="884" t="1028" r="893" b="1058" charConfidence="34">i</charParams>
<charParams l="896" t="1037" r="909" b="1060" charConfidence="30">e</charParams>
<charParams l="910" t="1031" r="929" b="1060"> </charParams>
<charParams l="930" t="1031" r="946" b="1060" charConfidence="41">d</charParams>
<charParams l="950" t="1036" r="962" b="1060" charConfidence="28">e</charParams>
<charParams l="966" t="1036" r="980" b="1062" charConfidence="29">r</charParams></formatting></line>
<line baseline="1120" l="175" t="1087" r="980" b="1130"><formatting lang="OldGerman">
<charParams l="175" t="1091" r="205" b="1123" charConfidence="36">V</charParams>
<charParams l="209" t="1099" r="223" b="1121" charConfidence="35">o</charParams>
<charParams l="228" t="1099" r="241" b="1121" charConfidence="24">r</charParams>
<charParams l="244" t="1091" r="251" b="1120" charConfidence="35">l</charParams>
<charParams l="255" t="1097" r="267" b="1121" charConfidence="31">e</charParams>
<charParams l="271" t="1089" r="284" b="1126" charConfidence="31">s</charParams>
<charParams l="282" t="1097" r="294" b="1120" charConfidence="28">e</charParams>
<charParams l="297" t="1096" r="314" b="1119" charConfidence="35">n</charParams>
<charParams l="318" t="1090" r="333" b="1119" charConfidence="26">d</charParams>
<charParams l="337" t="1096" r="351" b="1119" charConfidence="35">e</charParams>
<charParams l="352" t="1087" r="374" b="1124"> </charParams>
<charParams l="375" t="1087" r="389" b="1124" charConfidence="50">s</charParams>
<charParams l="387" t="1095" r="402" b="1118" charConfidence="34">o</charParams>
<charParams l="403" t="1094" r="422" b="1126"> </charParams>
<charParams l="423" t="1094" r="439" b="1126" charConfidence="30">g</charParams>
<charParams l="444" t="1095" r="461" b="1119" charConfidence="53">u</charParams>
<charParams l="465" t="1091" r="476" b="1118" charConfidence="45">t</charParams>
<charParams l="477" t="1091" r="493" b="1119"> </charParams>
<charParams l="494" t="1095" r="510" b="1119" charConfidence="100">a</charParams>
<charParams l="515" t="1089" r="522" b="1119" charConfidence="32">l</charParams>
<charParams l="526" t="1091" r="543" b="1119" charConfidence="100">s</charParams>
<charParams l="544" t="1091" r="558" b="1120"> </charParams>
<charParams l="559" t="1091" r="573" b="1120" charConfidence="28">d</charParams>
<charParams l="578" t="1097" r="590" b="1120" charConfidence="31">e</charParams>
<charParams l="594" t="1096" r="607" b="1121" charConfidence="30">r</charParams>
<charParams l="608" t="1087" r="622" b="1121"> </charParams>
<charParams l="623" t="1087" r="658" b="1121" charConfidence="59">D</charParams>
<charParams l="663" t="1091" r="670" b="1121" charConfidence="29">i</charParams>
<charParams l="674" t="1090" r="700" b="1128" charConfidence="55">c</charParams>
<charParams l="674" t="1090" r="700" b="1128" charConfidence="55">h</charParams>
<charParams l="706" t="1094" r="716" b="1121" charConfidence="26">t</charParams>
<charParams l="718" t="1097" r="730" b="1121" charConfidence="100">e</charParams>
<charParams l="734" t="1099" r="747" b="1121" charConfidence="59">r</charParams>
<charParams l="755" t="1112" r="765" b="1128" charConfidence="100">,</charParams>
<charParams l="766" t="1091" r="791" b="1128"> </charParams>
<charParams l="792" t="1091" r="807" b="1121" charConfidence="33">d</charParams>
<charParams l="812" t="1099" r="823" b="1121" charConfidence="100">e</charParams>
<charParams l="827" t="1098" r="840" b="1122" charConfidence="54">r</charParams>
<charParams l="841" t="1089" r="858" b="1123"> </charParams>
<charParams l="859" t="1089" r="895" b="1123" charConfidence="35">S</charParams>
<charParams l="900" t="1093" r="926" b="1130" charConfidence="100">c</charParams>
<charParams l="900" t="1093" r="926" b="1130" charConfidence="100">h</charParams>
<charParams l="930" t="1100" r="946" b="1123" charConfidence="67">a</charParams>
<charParams l="950" t="1100" r="968" b="1124" charConfidence="100">u</charParams>
<charParams l="971" t="1105" r="980" b="1120" charConfidence="22">¬</charParams></formatting></line>
<line baseline="1185" l="174" t="1148" r="978" b="1195"><formatting lang="OldGerman">
<charParams l="174" t="1154" r="187" b="1192" charConfidence="77">s</charParams>
<charParams l="185" t="1161" r="201" b="1192" charConfidence="85">p</charParams>
<charParams l="206" t="1154" r="213" b="1184" charConfidence="66">i</charParams>
<charParams l="217" t="1160" r="229" b="1184" charConfidence="30">e</charParams>
<charParams l="233" t="1153" r="241" b="1183" charConfidence="41">l</charParams>
<charParams l="244" t="1160" r="256" b="1183" charConfidence="29">e</charParams>
<charParams l="259" t="1160" r="273" b="1183" charConfidence="52">r</charParams>
<charParams l="283" t="1174" r="292" b="1188" charConfidence="68">,</charParams>
<charParams l="293" t="1153" r="332" b="1188"> </charParams>
<charParams l="333" t="1153" r="348" b="1182" charConfidence="26">d</charParams>
<charParams l="352" t="1159" r="364" b="1181" charConfidence="100">e</charParams>
<charParams l="368" t="1158" r="381" b="1182" charConfidence="80">r</charParams>
<charParams l="382" t="1148" r="407" b="1182"> </charParams>
<charParams l="408" t="1148" r="434" b="1182" charConfidence="25">E</charParams>
<charParams l="437" t="1159" r="451" b="1182" charConfidence="62">r</charParams>
<charParams l="452" t="1159" r="464" b="1192" charConfidence="100">z</charParams>
<charParams l="468" t="1149" r="483" b="1182" charConfidence="25">ä</charParams>
<charParams l="488" t="1150" r="504" b="1193" charConfidence="73">h</charParams>
<charParams l="509" t="1151" r="518" b="1184" charConfidence="38">l</charParams>
<charParams l="520" t="1160" r="533" b="1185" charConfidence="29">e</charParams>
<charParams l="536" t="1160" r="552" b="1184" charConfidence="53">n</charParams>
<charParams l="557" t="1154" r="572" b="1184" charConfidence="33">d</charParams>
<charParams l="576" t="1160" r="590" b="1185" charConfidence="41">e</charParams>
<charParams l="591" t="1152" r="613" b="1192"> </charParams>
<charParams l="614" t="1152" r="631" b="1192" suspicious="1" charConfidence="57">h</charParams>
<charParams l="635" t="1161" r="650" b="1185" charConfidence="54">a</charParams>
<charParams l="655" t="1159" r="667" b="1185" charConfidence="40">t</charParams>
<charParams l="677" t="1178" r="686" b="1192" charConfidence="70">,</charParams>
<charParams l="687" t="1161" r="722" b="1195"> </charParams>
<charParams l="723" t="1161" r="734" b="1195" charConfidence="54">z</charParams>
<charParams l="739" t="1162" r="756" b="1187" suspicious="1" charConfidence="-1">»</charParams>
<charParams l="757" t="1153" r="780" b="1187"> </charParams>
<charParams l="781" t="1153" r="799" b="1186" charConfidence="28">ü</charParams>
<charParams l="804" t="1154" r="819" b="1186" charConfidence="40">b</charParams>
<charParams l="823" t="1162" r="835" b="1187" charConfidence="36">e</charParams>
<charParams l="838" t="1162" r="851" b="1186" charConfidence="100">r</charParams>
<charParams l="854" t="1162" r="868" b="1185" charConfidence="33">r</charParams>
<charParams l="870" t="1163" r="885" b="1186" charConfidence="24">a</charParams>
<charParams l="891" t="1154" r="904" b="1192" charConfidence="27">s</charParams>
<charParams l="901" t="1155" r="928" b="1194" charConfidence="71">c</charParams>
<charParams l="901" t="1155" r="928" b="1194" charConfidence="71">h</charParams>
<charParams l="932" t="1164" r="945" b="1187" charConfidence="41">e</charParams>
<charParams l="947" t="1163" r="965" b="1188" charConfidence="100">n</charParams>
<charParams l="967" t="1180" r="978" b="1194" suspicious="1" charConfidence="100">.</charParams></formatting></line>
<line baseline="1248" l="174" t="1214" r="976" b="1261"><formatting lang="OldGerman">
<charParams l="174" t="1216" r="207" b="1258" charConfidence="72">P</charParams>
<charParams l="211" t="1225" r="226" b="1248" charConfidence="54">a</charParams>
<charParams l="230" t="1224" r="247" b="1248" charConfidence="37">u</charParams>
<charParams l="251" t="1214" r="264" b="1254" charConfidence="100">s</charParams>
<charParams l="263" t="1224" r="274" b="1246" charConfidence="26">e</charParams>
<charParams l="277" t="1222" r="295" b="1246" charConfidence="90">n</charParams>
<charParams l="296" t="1221" r="319" b="1255"> </charParams>
<charParams l="320" t="1221" r="332" b="1255" charConfidence="55">z</charParams>
<charParams l="336" t="1223" r="353" b="1245" charConfidence="50">u</charParams>
<charParams l="354" t="1220" r="378" b="1245"> </charParams>
<charParams l="379" t="1220" r="406" b="1243" charConfidence="39">m</charParams>
<charParams l="412" t="1222" r="426" b="1243" charConfidence="24">a</charParams>
<charParams l="431" t="1214" r="458" b="1253" charConfidence="56">c</charParams>
<charParams l="431" t="1214" r="458" b="1253" charConfidence="56">h</charParams>
<charParams l="462" t="1223" r="474" b="1245" charConfidence="45">e</charParams>
<charParams l="477" t="1223" r="495" b="1245" charConfidence="36">n</charParams>
<charParams l="505" t="1238" r="514" b="1252" charConfidence="78">,</charParams>
<charParams l="515" t="1214" r="539" b="1252"> </charParams>
<charParams l="540" t="1214" r="566" b="1247" charConfidence="27">E</charParams>
<charParams l="570" t="1225" r="582" b="1247" charConfidence="37">r</charParams>
<charParams l="586" t="1223" r="611" b="1248" charConfidence="0">w</charParams>
<charParams l="615" t="1226" r="630" b="1247" charConfidence="24">a</charParams>
<charParams l="635" t="1226" r="647" b="1249" charConfidence="100">r</charParams>
<charParams l="651" t="1224" r="661" b="1249" charConfidence="28">t</charParams>
<charParams l="665" t="1227" r="680" b="1249" charConfidence="23">u</charParams>
<charParams l="685" t="1227" r="702" b="1250" charConfidence="25">n</charParams>
<charParams l="705" t="1227" r="722" b="1258" charConfidence="57">g</charParams>
<charParams l="726" t="1228" r="738" b="1251" charConfidence="28">e</charParams>
<charParams l="742" t="1228" r="759" b="1250" charConfidence="53">n</charParams>
<charParams l="760" t="1227" r="783" b="1261"> </charParams>
<charParams l="784" t="1227" r="796" b="1261" charConfidence="30">z</charParams>
<charParams l="800" t="1228" r="817" b="1251" charConfidence="74">u</charParams>
<charParams l="818" t="1228" r="840" b="1251"> </charParams>
<charParams l="841" t="1228" r="852" b="1251" charConfidence="32">e</charParams>
<charParams l="857" t="1228" r="869" b="1251" charConfidence="37">r</charParams>
<charParams l="872" t="1228" r="885" b="1251" charConfidence="79">r</charParams>
<charParams l="889" t="1227" r="900" b="1250" charConfidence="26">e</charParams>
<charParams l="902" t="1228" r="918" b="1259" charConfidence="55">g</charParams>
<charParams l="924" t="1227" r="935" b="1250" charConfidence="25">e</charParams>
<charParams l="939" t="1227" r="956" b="1251" charConfidence="91">n</charParams>
<charParams l="966" t="1229" r="976" b="1259" charConfidence="49">;</charParams></formatting></line>
<line baseline="1312" l="173" t="1274" r="977" b="1322"><formatting lang="OldGerman">
<charParams l="173" t="1284" r="189" b="1313" charConfidence="26">d</charParams>
<charParams l="193" t="1290" r="209" b="1313" charConfidence="54">a</charParams>
<charParams l="210" t="1288" r="242" b="1313"> </charParams>
<charParams l="243" t="1288" r="255" b="1312" charConfidence="56">e</charParams>
<charParams l="258" t="1282" r="273" b="1310" suspicious="1" charConfidence="100">S</charParams>
<charParams l="274" t="1280" r="297" b="1310"> </charParams>
<charParams l="298" t="1280" r="314" b="1309" charConfidence="26">d</charParams>
<charParams l="318" t="1286" r="330" b="1308" charConfidence="33">e</charParams>
<charParams l="333" t="1284" r="350" b="1308" charConfidence="86">n</charParams>
<charParams l="354" t="1283" r="373" b="1307" charConfidence="38">n</charParams>
<charParams l="374" t="1274" r="395" b="1314"> </charParams>
<charParams l="396" t="1274" r="413" b="1314" charConfidence="35">f</charParams>
<charParams l="411" t="1284" r="425" b="1306" charConfidence="93">r</charParams>
<charParams l="427" t="1284" r="440" b="1307" charConfidence="41">e</charParams>
<charParams l="443" t="1284" r="458" b="1316" charConfidence="32">y</charParams>
<charParams l="463" t="1279" r="470" b="1307" charConfidence="27">l</charParams>
<charParams l="475" t="1278" r="483" b="1307" charConfidence="100">i</charParams>
<charParams l="486" t="1277" r="514" b="1315" charConfidence="62">c</charParams>
<charParams l="486" t="1277" r="514" b="1315" charConfidence="62">h</charParams>
<charParams l="515" t="1277" r="539" b="1315"> </charParams>
<charParams l="540" t="1281" r="555" b="1309" charConfidence="28">d</charParams>
<charParams l="559" t="1279" r="567" b="1309" charConfidence="100">i</charParams>
<charParams l="570" t="1287" r="582" b="1310" charConfidence="30">e</charParams>
<charParams l="586" t="1279" r="599" b="1318" charConfidence="49">s</charParams>
<charParams l="597" t="1288" r="609" b="1310" charConfidence="27">e</charParams>
<charParams l="613" t="1288" r="626" b="1310" charConfidence="59">r</charParams>
<charParams l="627" t="1281" r="650" b="1312"> </charParams>
<charParams l="651" t="1281" r="666" b="1312" charConfidence="100">b</charParams>
<charParams l="671" t="1290" r="684" b="1311" charConfidence="36">e</charParams>
<charParams l="687" t="1290" r="702" b="1310" charConfidence="24">a</charParams>
<charParams l="706" t="1282" r="722" b="1314" charConfidence="55">b</charParams>
<charParams l="727" t="1283" r="745" b="1321" charConfidence="52">s</charParams>
<charParams l="727" t="1283" r="745" b="1321" charConfidence="52">i</charParams>
<charParams l="748" t="1283" r="775" b="1321" charConfidence="58">c</charParams>
<charParams l="748" t="1283" r="775" b="1321" charConfidence="58">h</charParams>
<charParams l="779" t="1289" r="789" b="1314" charConfidence="50">t</charParams>
<charParams l="792" t="1284" r="800" b="1314" charConfidence="57">i</charParams>
<charParams l="802" t="1292" r="818" b="1322" charConfidence="52">g</charParams>
<charParams l="823" t="1288" r="833" b="1315" charConfidence="93">t</charParams>
<charParams l="837" t="1292" r="848" b="1315" charConfidence="25">e</charParams>
<charParams l="852" t="1292" r="869" b="1316" charConfidence="43">n</charParams>
<charParams l="870" t="1281" r="895" b="1316"> </charParams>
<charParams l="896" t="1281" r="936" b="1315" charConfidence="42">W</charParams>
<charParams l="941" t="1283" r="947" b="1314" charConfidence="41">i</charParams>
<charParams l="952" t="1291" r="964" b="1314" charConfidence="60">r</charParams>
<charParams l="966" t="1294" r="977" b="1310" charConfidence="52">¬</charParams></formatting></line>
<line baseline="1373" l="173" t="1339" r="976" b="1385"><formatting lang="OldGerman">
<charParams l="173" t="1345" r="186" b="1377" charConfidence="26">k</charParams>
<charParams l="189" t="1353" r="206" b="1376" charConfidence="46">u</charParams>
<charParams l="210" t="1353" r="227" b="1376" charConfidence="54">n</charParams>
<charParams l="230" t="1353" r="246" b="1385" charConfidence="29">g</charParams>
<charParams l="247" t="1342" r="270" b="1385"> </charParams>
<charParams l="271" t="1342" r="284" b="1381" charConfidence="48">s</charParams>
<charParams l="284" t="1351" r="295" b="1374" charConfidence="26">e</charParams>
<charParams l="299" t="1340" r="314" b="1382" charConfidence="100">h</charParams>
<charParams l="319" t="1349" r="333" b="1372" charConfidence="100">r</charParams>
<charParams l="334" t="1347" r="355" b="1381"> </charParams>
<charParams l="356" t="1347" r="368" b="1381" charConfidence="54">z</charParams>
<charParams l="372" t="1346" r="389" b="1371" charConfidence="42">u</charParams>
<charParams l="392" t="1345" r="419" b="1370" charConfidence="69">w</charParams>
<charParams l="423" t="1339" r="433" b="1370" charConfidence="76">i</charParams>
<charParams l="433" t="1340" r="450" b="1369" charConfidence="27">d</charParams>
<charParams l="454" t="1348" r="466" b="1369" charConfidence="25">e</charParams>
<charParams l="469" t="1346" r="483" b="1370" charConfidence="43">r</charParams>
<charParams l="484" t="1339" r="507" b="1370"> </charParams>
<charParams l="508" t="1339" r="517" b="1370" charConfidence="26">i</charParams>
<charParams l="521" t="1339" r="541" b="1378" charConfidence="22">s</charParams>
<charParams l="521" t="1339" r="541" b="1378" charConfidence="22">t</charParams>
<charParams l="550" t="1363" r="559" b="1378" charConfidence="68">,</charParams>
<charParams l="560" t="1348" r="600" b="1378"> </charParams>
<charParams l="601" t="1348" r="628" b="1372" charConfidence="73">w</charParams>
<charParams l="632" t="1351" r="645" b="1373" charConfidence="28">e</charParams>
<charParams l="647" t="1350" r="665" b="1373" charConfidence="88">n</charParams>
<charParams l="669" t="1351" r="688" b="1374" charConfidence="27">n</charParams>
<charParams l="689" t="1345" r="718" b="1374"> </charParams>
<charParams l="719" t="1345" r="727" b="1374" charConfidence="100">i</charParams>
<charParams l="730" t="1343" r="748" b="1383" charConfidence="39">h</charParams>
<charParams l="753" t="1353" r="780" b="1376" charConfidence="100">m</charParams>
<charParams l="781" t="1353" r="813" b="1377"> </charParams>
<charParams l="814" t="1354" r="827" b="1377" charConfidence="50">e</charParams>
<charParams l="831" t="1347" r="838" b="1378" charConfidence="45">i</charParams>
<charParams l="842" t="1355" r="860" b="1378" suspicious="1" charConfidence="25">n</charParams>
<charParams l="861" t="1345" r="885" b="1378"> </charParams>
<charParams l="886" t="1345" r="921" b="1377" charConfidence="31">D</charParams>
<charParams l="925" t="1353" r="938" b="1377" charConfidence="53">r</charParams>
<charParams l="942" t="1346" r="949" b="1376" charConfidence="32">i</charParams>
<charParams l="953" t="1350" r="964" b="1376" charConfidence="35">t</charParams>
<charParams l="967" t="1357" r="976" b="1372" charConfidence="100">¬</charParams></formatting></line>
<line baseline="1437" l="172" t="1401" r="976" b="1447"><formatting lang="OldGerman">
<charParams l="172" t="1414" r="183" b="1440" charConfidence="38">t</charParams>
<charParams l="186" t="1418" r="198" b="1440" charConfidence="28">e</charParams>
<charParams l="202" t="1418" r="215" b="1440" charConfidence="94">r</charParams>
<charParams l="216" t="1416" r="239" b="1440"> </charParams>
<charParams l="240" t="1416" r="265" b="1439" charConfidence="0">w</charParams>
<charParams l="270" t="1409" r="277" b="1438" charConfidence="87">i</charParams>
<charParams l="282" t="1405" r="306" b="1443" charConfidence="56">s</charParams>
<charParams l="282" t="1405" r="306" b="1443" charConfidence="56">s</charParams>
<charParams l="304" t="1415" r="315" b="1437" charConfidence="24">e</charParams>
<charParams l="319" t="1413" r="335" b="1436" charConfidence="60">n</charParams>
<charParams l="339" t="1408" r="350" b="1436" charConfidence="92">t</charParams>
<charParams l="354" t="1405" r="361" b="1435" charConfidence="51">l</charParams>
<charParams l="364" t="1404" r="371" b="1434" charConfidence="55">i</charParams>
<charParams l="375" t="1402" r="402" b="1441" charConfidence="62">c</charParams>
<charParams l="375" t="1402" r="402" b="1441" charConfidence="62">h</charParams>
<charParams l="403" t="1402" r="427" b="1441"> </charParams>
<charParams l="428" t="1409" r="456" b="1433" charConfidence="85">m</charParams>
<charParams l="460" t="1402" r="468" b="1433" charConfidence="31">i</charParams>
<charParams l="473" t="1407" r="483" b="1433" charConfidence="31">t</charParams>
<charParams l="484" t="1403" r="506" b="1433"> </charParams>
<charParams l="507" t="1403" r="523" b="1432" charConfidence="42">d</charParams>
<charParams l="528" t="1410" r="539" b="1433" charConfidence="26">e</charParams>
<charParams l="543" t="1410" r="561" b="1433" charConfidence="30">n</charParams>
<charParams l="562" t="1401" r="576" b="1435"> </charParams>
<charParams l="577" t="1401" r="607" b="1435" charConfidence="55">A</charParams>
<charParams l="608" t="1412" r="625" b="1434" charConfidence="32">u</charParams>
<charParams l="627" t="1412" r="644" b="1442" charConfidence="55">g</charParams>
<charParams l="648" t="1413" r="661" b="1434" charConfidence="37">e</charParams>
<charParams l="664" t="1412" r="681" b="1436" charConfidence="54">n</charParams>
<charParams l="682" t="1412" r="705" b="1436"> </charParams>
<charParams l="706" t="1414" r="723" b="1436" charConfidence="33">v</charParams>
<charParams l="728" t="1415" r="743" b="1437" charConfidence="37">o</charParams>
<charParams l="745" t="1415" r="760" b="1437" charConfidence="91">r</charParams>
<charParams l="764" t="1408" r="777" b="1445" charConfidence="55">s</charParams>
<charParams l="775" t="1415" r="790" b="1445" charConfidence="48">p</charParams>
<charParams l="794" t="1416" r="808" b="1438" charConfidence="100">r</charParams>
<charParams l="811" t="1409" r="818" b="1438" charConfidence="100">i</charParams>
<charParams l="822" t="1416" r="839" b="1439" charConfidence="100">n</charParams>
<charParams l="842" t="1418" r="859" b="1447" charConfidence="55">g</charParams>
<charParams l="863" t="1414" r="874" b="1440" charConfidence="55">t</charParams>
<charParams l="876" t="1431" r="883" b="1440" charConfidence="100">.</charParams>
<charParams l="884" t="1406" r="933" b="1440"> </charParams>
<charParams l="934" t="1406" r="960" b="1439" charConfidence="25">E</charParams>
<charParams l="962" t="1417" r="976" b="1440" charConfidence="99">r</charParams></formatting></line>
<line baseline="1501" l="171" t="1466" r="974" b="1510"><formatting lang="OldGerman">
<charParams l="171" t="1478" r="188" b="1507" charConfidence="100">p</charParams>
<charParams l="192" t="1471" r="209" b="1509" charConfidence="22">f</charParams>
<charParams l="192" t="1471" r="209" b="1509" charConfidence="22">l</charParams>
<charParams l="215" t="1479" r="226" b="1502" charConfidence="25">e</charParams>
<charParams l="229" t="1479" r="245" b="1510" charConfidence="66">g</charParams>
<charParams l="249" t="1477" r="259" b="1503" charConfidence="31">t</charParams>
<charParams l="263" t="1479" r="276" b="1502" charConfidence="34">e</charParams>
<charParams l="277" t="1470" r="306" b="1510"> </charParams>
<charParams l="307" t="1470" r="325" b="1510" charConfidence="50">s</charParams>
<charParams l="307" t="1470" r="325" b="1510" charConfidence="50">i</charParams>
<charParams l="329" t="1469" r="356" b="1509" charConfidence="55">c</charParams>
<charParams l="329" t="1469" r="356" b="1509" charConfidence="55">h</charParams>
<charParams l="357" t="1469" r="387" b="1509"> </charParams>
<charParams l="388" t="1476" r="404" b="1499" charConfidence="100">a</charParams>
<charParams l="408" t="1475" r="425" b="1499" charConfidence="100">u</charParams>
<charParams l="429" t="1466" r="456" b="1505" charConfidence="55">c</charParams>
<charParams l="429" t="1466" r="456" b="1505" charConfidence="55">h</charParams>
<charParams l="457" t="1466" r="490" b="1505"> </charParams>
<charParams l="491" t="1467" r="506" b="1498" charConfidence="30">d</charParams>
<charParams l="510" t="1473" r="522" b="1497" charConfidence="89">e</charParams>
<charParams l="525" t="1469" r="540" b="1497" charConfidence="98">s</charParams>
<charParams l="544" t="1473" r="569" b="1498" charConfidence="66">w</charParams>
<charParams l="574" t="1474" r="586" b="1497" charConfidence="33">e</charParams>
<charParams l="588" t="1474" r="604" b="1506" charConfidence="59">g</charParams>
<charParams l="608" t="1474" r="620" b="1497" charConfidence="100">e</charParams>
<charParams l="624" t="1474" r="643" b="1499" charConfidence="42">n</charParams>
<charParams l="644" t="1467" r="675" b="1499"> </charParams>
<charParams l="676" t="1467" r="684" b="1499" charConfidence="39">i</charParams>
<charParams l="688" t="1475" r="707" b="1499" charConfidence="29">n</charParams>
<charParams l="708" t="1468" r="741" b="1507"> </charParams>
<charParams l="742" t="1468" r="757" b="1507" charConfidence="82">s</charParams>
<charParams l="755" t="1478" r="769" b="1500" charConfidence="47">o</charParams>
<charParams l="774" t="1470" r="781" b="1501" charConfidence="99">l</charParams>
<charParams l="785" t="1470" r="811" b="1509" charConfidence="55">c</charParams>
<charParams l="785" t="1470" r="811" b="1509" charConfidence="55">h</charParams>
<charParams l="815" t="1478" r="828" b="1501" charConfidence="39">e</charParams>
<charParams l="831" t="1478" r="859" b="1501" charConfidence="100">m</charParams>
<charParams l="860" t="1468" r="894" b="1508"> </charParams>
<charParams l="895" t="1468" r="919" b="1508" charConfidence="55">F</charParams>
<charParams l="921" t="1479" r="936" b="1501" charConfidence="24">a</charParams>
<charParams l="942" t="1470" r="949" b="1501" charConfidence="64">l</charParams>
<charParams l="949" t="1470" r="960" b="1503" charConfidence="33">l</charParams>
<charParams l="961" t="1480" r="974" b="1504" charConfidence="30">e</charParams></formatting></line></par>
</text>
</block>
</page>
</document>