﻿<?xml version="1.0" encoding="UTF-8" standalone="yes"?>
<document xmlns="http://www.abbyy.com/FineReader_xml/FineReader10-schema-v1.xml" version="1.0" producer="ABBYY FineReader Engine 11" languages="" xmlns:xsi="http://www.w3.org/2001/XMLSchema-instance" xsi:schemaLocation="http://www.abbyy.com/FineReader_xml/FineReader10-schema-v1.xml http://www.abbyy.com/FineReader_xml/FineReader10-schema-v1.xml">
<page width="1156" height="1782" resolution="300" originalCoords="1">
<block blockType="Text" blockName="">
<text>
<par align="Justified" startIndent="185" lineSpacing="1440">
<line baseline="175" l="179" t="140" r="978" b="187"><formatting lang="OldGerman">
<charParams l="179" t="144" r="192" b="182" suspicious="1" charConfidence="26">s</charParams>
<charParams l="192" t="153" r="207" b="174" charConfidence="46">a</charParams>
<charParams l="211" t="151" r="238" b="174" charConfidence="59">m</charParams>
<charParams l="243" t="144" r="254" b="175" charConfidence="48">k</charParams>
<charParams l="257" t="152" r="269" b="174" charConfidence="46">e</charParams>
<charParams l="272" t="144" r="280" b="173" charConfidence="100">i</charParams>
<charParams l="284" t="148" r="294" b="174" charConfidence="43">t</charParams>
<charParams l="295" t="144" r="316" b="174"> </charParams>
<charParams l="317" t="144" r="330" b="174" charConfidence="32">k</charParams>
<charParams l="333" t="154" r="345" b="175" charConfidence="25">e</charParams>
<charParams l="349" t="144" r="365" b="186" charConfidence="54">h</charParams>
<charParams l="370" t="153" r="382" b="177" charConfidence="25">r</charParams>
<charParams l="386" t="150" r="396" b="176" charConfidence="51">t</charParams>
<charParams l="397" t="150" r="418" b="183"> </charParams>
<charParams l="419" t="150" r="432" b="183" suspicious="1" charConfidence="26">z</charParams>
<charParams l="435" t="151" r="453" b="173" suspicious="1" charConfidence="42">u</charParams>
<charParams l="454" t="143" r="477" b="173"> </charParams>
<charParams l="478" t="143" r="493" b="171" charConfidence="26">d</charParams>
<charParams l="497" t="149" r="509" b="170" charConfidence="31">e</charParams>
<charParams l="513" t="140" r="521" b="170" charConfidence="54">i</charParams>
<charParams l="524" t="148" r="541" b="170" charConfidence="37">n</charParams>
<charParams l="545" t="148" r="557" b="170" charConfidence="78">e</charParams>
<charParams l="560" t="148" r="575" b="170" charConfidence="28">r</charParams>
<charParams l="576" t="140" r="598" b="172"> </charParams>
<charParams l="599" t="140" r="628" b="172" charConfidence="30">V</charParams>
<charParams l="633" t="148" r="647" b="170" charConfidence="30">o</charParams>
<charParams l="651" t="147" r="664" b="171" charConfidence="26">r</charParams>
<charParams l="667" t="141" r="676" b="172" charConfidence="64">l</charParams>
<charParams l="678" t="151" r="690" b="173" charConfidence="34">e</charParams>
<charParams l="693" t="142" r="707" b="178" charConfidence="97">s</charParams>
<charParams l="705" t="152" r="722" b="174" charConfidence="100">u</charParams>
<charParams l="726" t="152" r="743" b="175" charConfidence="30">n</charParams>
<charParams l="746" t="153" r="763" b="184" charConfidence="30">g</charParams>
<charParams l="764" t="153" r="787" b="187"> </charParams>
<charParams l="788" t="153" r="800" b="187" charConfidence="44">z</charParams>
<charParams l="803" t="154" r="821" b="177" charConfidence="60">u</charParams>
<charParams l="824" t="154" r="838" b="176" charConfidence="77">r</charParams>
<charParams l="841" t="144" r="858" b="178" charConfidence="27">ü</charParams>
<charParams l="862" t="146" r="886" b="177" charConfidence="68">c</charParams>
<charParams l="862" t="146" r="886" b="177" charConfidence="68">k</charParams>
<charParams l="896" t="155" r="906" b="179" charConfidence="37">;</charParams>
<charParams l="907" t="146" r="938" b="179"> </charParams>
<charParams l="939" t="146" r="949" b="177" charConfidence="34">i</charParams>
<charParams l="951" t="144" r="978" b="183" charConfidence="40">c</charParams>
<charParams l="951" t="144" r="978" b="183" charConfidence="40">h</charParams></formatting></line>
<line baseline="235" l="179" t="199" r="975" b="244"><formatting lang="OldGerman">
<charParams l="179" t="203" r="196" b="242" suspicious="1" charConfidence="53">h</charParams>
<charParams l="201" t="204" r="215" b="233" charConfidence="22">ö</charParams>
<charParams l="219" t="211" r="232" b="233" charConfidence="100">r</charParams>
<charParams l="235" t="212" r="248" b="233" charConfidence="29">e</charParams>
<charParams l="249" t="207" r="271" b="234"> </charParams>
<charParams l="272" t="207" r="287" b="234" charConfidence="26">d</charParams>
<charParams l="291" t="213" r="306" b="235" charConfidence="26">a</charParams>
<charParams l="311" t="205" r="327" b="242" charConfidence="28">ß</charParams>
<charParams l="328" t="205" r="349" b="242"> </charParams>
<charParams l="350" t="215" r="368" b="236" charConfidence="30">v</charParams>
<charParams l="372" t="214" r="386" b="236" charConfidence="52">o</charParams>
<charParams l="390" t="213" r="408" b="235" charConfidence="31">n</charParams>
<charParams l="409" t="212" r="431" b="241"> </charParams>
<charParams l="432" t="212" r="449" b="241" charConfidence="27">g</charParams>
<charParams l="454" t="211" r="467" b="231" charConfidence="24">a</charParams>
<charParams l="471" t="210" r="488" b="233" charConfidence="36">n</charParams>
<charParams l="491" t="209" r="505" b="241" charConfidence="54">z</charParams>
<charParams l="506" t="201" r="529" b="241"> </charParams>
<charParams l="530" t="201" r="539" b="231" charConfidence="65">l</charParams>
<charParams l="541" t="209" r="553" b="231" charConfidence="31">e</charParams>
<charParams l="557" t="199" r="572" b="230" charConfidence="30">b</charParams>
<charParams l="577" t="201" r="585" b="231" charConfidence="42">l</charParams>
<charParams l="588" t="209" r="602" b="231" charConfidence="40">o</charParams>
<charParams l="607" t="200" r="620" b="237" charConfidence="26">s</charParams>
<charParams l="617" t="209" r="630" b="232" charConfidence="25">e</charParams>
<charParams l="633" t="209" r="650" b="231" charConfidence="32">n</charParams>
<charParams l="651" t="201" r="674" b="234"> </charParams>
<charParams l="675" t="201" r="711" b="234" charConfidence="81">D</charParams>
<charParams l="716" t="206" r="723" b="236" charConfidence="46">i</charParams>
<charParams l="726" t="213" r="743" b="236" charConfidence="39">n</charParams>
<charParams l="746" t="214" r="763" b="244" charConfidence="32">g</charParams>
<charParams l="767" t="216" r="779" b="237" charConfidence="32">e</charParams>
<charParams l="783" t="216" r="800" b="238" charConfidence="25">n</charParams>
<charParams l="801" t="210" r="825" b="239"> </charParams>
<charParams l="826" t="210" r="842" b="239" charConfidence="26">d</charParams>
<charParams l="846" t="209" r="854" b="239" charConfidence="34">i</charParams>
<charParams l="858" t="216" r="871" b="239" charConfidence="48">e</charParams>
<charParams l="872" t="206" r="891" b="240"> </charParams>
<charParams l="892" t="206" r="924" b="240" charConfidence="33">R</charParams>
<charParams l="928" t="217" r="940" b="240" charConfidence="32">e</charParams>
<charParams l="944" t="210" r="958" b="241" charConfidence="30">d</charParams>
<charParams l="962" t="216" r="975" b="239" charConfidence="26">e</charParams></formatting></line>
<line baseline="296" l="177" t="260" r="980" b="307"><formatting lang="OldGerman">
<charParams l="177" t="264" r="186" b="295" charConfidence="33">i</charParams>
<charParams l="190" t="264" r="211" b="302" charConfidence="22">s</charParams>
<charParams l="190" t="264" r="211" b="302" charConfidence="22">t</charParams>
<charParams l="219" t="287" r="228" b="300" charConfidence="64">,</charParams>
<charParams l="229" t="274" r="260" b="300"> </charParams>
<charParams l="261" t="274" r="278" b="297" charConfidence="100">u</charParams>
<charParams l="282" t="274" r="299" b="297" charConfidence="100">n</charParams>
<charParams l="303" t="269" r="318" b="297" charConfidence="28">d</charParams>
<charParams l="319" t="267" r="343" b="298"> </charParams>
<charParams l="344" t="267" r="360" b="298" charConfidence="40">b</charParams>
<charParams l="364" t="268" r="372" b="298" charConfidence="84">l</charParams>
<charParams l="376" t="268" r="383" b="298" charConfidence="66">i</charParams>
<charParams l="387" t="266" r="412" b="296" charConfidence="52">c</charParams>
<charParams l="387" t="266" r="412" b="296" charConfidence="52">k</charParams>
<charParams l="414" t="273" r="426" b="295" charConfidence="33">e</charParams>
<charParams l="427" t="265" r="450" b="295"> </charParams>
<charParams l="451" t="265" r="467" b="293" charConfidence="29">d</charParams>
<charParams l="470" t="263" r="478" b="292" charConfidence="37">i</charParams>
<charParams l="483" t="271" r="496" b="292" charConfidence="43">r</charParams>
<charParams l="497" t="261" r="519" b="292"> </charParams>
<charParams l="520" t="261" r="529" b="292" charConfidence="100">i</charParams>
<charParams l="532" t="269" r="549" b="292" charConfidence="31">n</charParams>
<charParams l="553" t="264" r="568" b="292" suspicious="1" charConfidence="100">S</charParams>
<charParams l="569" t="260" r="594" b="293"> </charParams>
<charParams l="595" t="260" r="628" b="293" charConfidence="28">B</charParams>
<charParams l="633" t="270" r="650" b="293" suspicious="1" charConfidence="24">u</charParams>
<charParams l="653" t="263" r="680" b="300" charConfidence="100">c</charParams>
<charParams l="653" t="263" r="680" b="300" suspicious="1" charConfidence="100">h</charParams>
<charParams l="691" t="286" r="701" b="300" charConfidence="100">,</charParams>
<charParams l="702" t="275" r="741" b="300"> </charParams>
<charParams l="742" t="275" r="759" b="298" charConfidence="30">u</charParams>
<charParams l="763" t="275" r="792" b="299" charConfidence="41">m</charParams>
<charParams l="793" t="275" r="815" b="300"> </charParams>
<charParams l="816" t="276" r="845" b="300" charConfidence="96">m</charParams>
<charParams l="850" t="270" r="857" b="301" charConfidence="43">i</charParams>
<charParams l="861" t="270" r="888" b="307" charConfidence="85">c</charParams>
<charParams l="861" t="270" r="888" b="307" charConfidence="85">h</charParams>
<charParams l="889" t="270" r="912" b="307"> </charParams>
<charParams l="913" t="277" r="940" b="301" charConfidence="38">w</charParams>
<charParams l="944" t="270" r="951" b="301" charConfidence="33">i</charParams>
<charParams l="955" t="277" r="967" b="301" charConfidence="29">e</charParams>
<charParams l="970" t="281" r="980" b="297" charConfidence="22">¬</charParams></formatting></line>
<line baseline="355" l="179" t="324" r="550" b="368"><formatting lang="OldGerman">
<charParams l="179" t="326" r="196" b="355" charConfidence="27">d</charParams>
<charParams l="200" t="333" r="212" b="356" charConfidence="27">e</charParams>
<charParams l="215" t="333" r="228" b="357" charConfidence="33">r</charParams>
<charParams l="229" t="333" r="251" b="368"> </charParams>
<charParams l="252" t="335" r="264" b="368" charConfidence="28">z</charParams>
<charParams l="268" t="336" r="285" b="359" charConfidence="100">u</charParams>
<charParams l="289" t="336" r="302" b="361" charConfidence="33">r</charParams>
<charParams l="305" t="337" r="317" b="359" charConfidence="38">e</charParams>
<charParams l="320" t="327" r="347" b="366" charConfidence="74">c</charParams>
<charParams l="320" t="327" r="347" b="366" charConfidence="74">h</charParams>
<charParams l="351" t="331" r="361" b="357" charConfidence="62">t</charParams>
<charParams l="362" t="331" r="383" b="365"> </charParams>
<charParams l="384" t="334" r="397" b="365" charConfidence="54">z</charParams>
<charParams l="400" t="333" r="418" b="356" charConfidence="32">u</charParams>
<charParams l="419" t="324" r="441" b="361"> </charParams>
<charParams l="442" t="324" r="461" b="361" charConfidence="100">f</charParams>
<charParams l="442" t="324" r="461" b="361" charConfidence="100">i</charParams>
<charParams l="464" t="331" r="482" b="353" charConfidence="71">n</charParams>
<charParams l="486" t="324" r="501" b="352" charConfidence="27">d</charParams>
<charParams l="506" t="331" r="518" b="353" charConfidence="26">e</charParams>
<charParams l="521" t="330" r="538" b="352" charConfidence="31">n</charParams>
<charParams l="542" t="344" r="550" b="352" charConfidence="78">.</charParams></formatting></line></par>
<par align="Justified" startIndent="1752" lineSpacing="1512">
<line baseline="478" l="245" t="442" r="979" b="488"><formatting lang="OldGerman">
<charParams l="245" t="445" r="272" b="478" charConfidence="35">E</charParams>
<charParams l="274" t="451" r="290" b="477" charConfidence="100">s</charParams>
<charParams l="291" t="448" r="323" b="477"> </charParams>
<charParams l="324" t="448" r="333" b="476" charConfidence="46">i</charParams>
<charParams l="336" t="447" r="357" b="484" charConfidence="35">s</charParams>
<charParams l="336" t="447" r="357" b="484" charConfidence="35">t</charParams>
<charParams l="358" t="447" r="388" b="484"> </charParams>
<charParams l="389" t="454" r="402" b="476" charConfidence="53">e</charParams>
<charParams l="405" t="446" r="413" b="476" charConfidence="53">i</charParams>
<charParams l="416" t="454" r="432" b="476" charConfidence="58">n</charParams>
<charParams l="437" t="454" r="450" b="476" charConfidence="26">e</charParams>
<charParams l="451" t="442" r="480" b="477"> </charParams>
<charParams l="481" t="442" r="514" b="477" charConfidence="24">G</charParams>
<charParams l="519" t="446" r="528" b="476" charConfidence="46">l</charParams>
<charParams l="530" t="454" r="542" b="475" charConfidence="24">e</charParams>
<charParams l="546" t="445" r="554" b="476" charConfidence="52">i</charParams>
<charParams l="557" t="445" r="584" b="483" charConfidence="67">c</charParams>
<charParams l="557" t="445" r="584" b="483" charConfidence="67">h</charParams>
<charParams l="588" t="453" r="604" b="476" charConfidence="100">n</charParams>
<charParams l="609" t="446" r="616" b="476" suspicious="1" charConfidence="-1">i</charParams>
<charParams l="620" t="445" r="636" b="483" suspicious="1" charConfidence="25">ß</charParams>
<charParams l="640" t="453" r="653" b="476" charConfidence="24">r</charParams>
<charParams l="655" t="454" r="667" b="476" charConfidence="28">e</charParams>
<charParams l="670" t="447" r="686" b="475" charConfidence="33">d</charParams>
<charParams l="690" t="454" r="703" b="477" suspicious="1" charConfidence="25">e</charParams>
<charParams l="715" t="468" r="724" b="482" charConfidence="68">,</charParams>
<charParams l="725" t="451" r="766" b="482"> </charParams>
<charParams l="767" t="451" r="783" b="479" charConfidence="27">d</charParams>
<charParams l="786" t="450" r="795" b="480" charConfidence="48">i</charParams>
<charParams l="798" t="458" r="811" b="480" charConfidence="46">e</charParams>
<charParams l="812" t="452" r="833" b="480"> </charParams>
<charParams l="834" t="452" r="852" b="480" charConfidence="28">d</charParams>
<charParams l="855" t="451" r="864" b="481" charConfidence="27">i</charParams>
<charParams l="866" t="451" r="894" b="488" charConfidence="65">c</charParams>
<charParams l="866" t="451" r="894" b="488" charConfidence="65">h</charParams>
<charParams l="895" t="451" r="917" b="488"> </charParams>
<charParams l="918" t="459" r="936" b="482" charConfidence="40">v</charParams>
<charParams l="940" t="459" r="951" b="482" charConfidence="100">e</charParams>
<charParams l="955" t="459" r="968" b="482" charConfidence="27">r</charParams>
<charParams l="971" t="463" r="979" b="478" charConfidence="22">¬</charParams></formatting></line>
<line baseline="538" l="177" t="506" r="980" b="547"><formatting lang="OldGerman">
<charParams l="177" t="506" r="191" b="545" charConfidence="27">f</charParams>
<charParams l="192" t="506" r="209" b="538" charConfidence="22">ü</charParams>
<charParams l="213" t="507" r="229" b="547" charConfidence="34">h</charParams>
<charParams l="234" t="515" r="247" b="538" charConfidence="25">r</charParams>
<charParams l="250" t="515" r="260" b="538" charConfidence="100">t</charParams>
<charParams l="261" t="515" r="283" b="538"> </charParams>
<charParams l="284" t="516" r="301" b="538" charConfidence="71">u</charParams>
<charParams l="305" t="516" r="322" b="538" charConfidence="73">n</charParams>
<charParams l="326" t="510" r="342" b="538" charConfidence="29">d</charParams>
<charParams l="343" t="510" r="366" b="538"> </charParams>
<charParams l="367" t="516" r="384" b="538" charConfidence="40">v</charParams>
<charParams l="389" t="516" r="400" b="538" charConfidence="100">e</charParams>
<charParams l="404" t="515" r="416" b="538" charConfidence="23">r</charParams>
<charParams l="419" t="516" r="444" b="539" charConfidence="36">w</charParams>
<charParams l="449" t="509" r="456" b="538" charConfidence="58">i</charParams>
<charParams l="459" t="516" r="472" b="539" charConfidence="62">r</charParams>
<charParams l="476" t="516" r="488" b="538" charConfidence="23">r</charParams>
<charParams l="492" t="513" r="502" b="538" charConfidence="33">t</charParams>
<charParams l="503" t="506" r="525" b="547"> </charParams>
<charParams l="526" t="506" r="543" b="547" suspicious="1" charConfidence="84">h</charParams>
<charParams l="548" t="517" r="563" b="538" charConfidence="53">a</charParams>
<charParams l="567" t="512" r="577" b="538" charConfidence="64">t</charParams>
<charParams l="587" t="529" r="596" b="544" charConfidence="88">,</charParams>
<charParams l="597" t="507" r="620" b="545"> </charParams>
<charParams l="621" t="507" r="634" b="545" charConfidence="100">s</charParams>
<charParams l="633" t="516" r="648" b="537" charConfidence="29">a</charParams>
<charParams l="652" t="516" r="668" b="546" charConfidence="100">g</charParams>
<charParams l="672" t="513" r="682" b="537" charConfidence="68">t</charParams>
<charParams l="685" t="515" r="698" b="538" charConfidence="36">e</charParams>
<charParams l="699" t="506" r="722" b="539"> </charParams>
<charParams l="723" t="506" r="749" b="539" charConfidence="29">E</charParams>
<charParams l="752" t="510" r="767" b="538" charConfidence="27">d</charParams>
<charParams l="772" t="516" r="789" b="539" charConfidence="25">u</charParams>
<charParams l="792" t="517" r="808" b="538" charConfidence="30">a</charParams>
<charParams l="812" t="517" r="825" b="539" charConfidence="36">r</charParams>
<charParams l="828" t="512" r="844" b="539" charConfidence="36">d</charParams>
<charParams l="847" t="531" r="856" b="539" charConfidence="99">.</charParams>
<charParams l="857" t="508" r="902" b="546"> </charParams>
<charParams l="903" t="508" r="936" b="546" charConfidence="24">H</charParams>
<charParams l="940" t="511" r="949" b="540" charConfidence="33">i</charParams>
<charParams l="951" t="518" r="964" b="540" charConfidence="100">e</charParams>
<charParams l="967" t="518" r="980" b="541" charConfidence="38">r</charParams></formatting></line>
<line baseline="603" l="177" t="569" r="979" b="611"><formatting lang="OldGerman">
<charParams l="177" t="577" r="204" b="603" charConfidence="29">w</charParams>
<charParams l="210" t="571" r="217" b="602" charConfidence="96">i</charParams>
<charParams l="221" t="578" r="233" b="602" charConfidence="29">r</charParams>
<charParams l="237" t="573" r="252" b="603" charConfidence="26">d</charParams>
<charParams l="253" t="570" r="279" b="610"> </charParams>
<charParams l="280" t="570" r="295" b="610" charConfidence="45">f</charParams>
<charParams l="295" t="579" r="307" b="604" charConfidence="26">r</charParams>
<charParams l="310" t="579" r="322" b="603" charConfidence="30">e</charParams>
<charParams l="325" t="579" r="340" b="611" charConfidence="29">y</charParams>
<charParams l="345" t="572" r="352" b="603" charConfidence="61">l</charParams>
<charParams l="356" t="571" r="364" b="602" charConfidence="89">i</charParams>
<charParams l="367" t="570" r="395" b="610" charConfidence="62">c</charParams>
<charParams l="367" t="570" r="395" b="610" charConfidence="62">h</charParams>
<charParams l="396" t="570" r="419" b="610"> </charParams>
<charParams l="420" t="579" r="438" b="603" charConfidence="100">n</charParams>
<charParams l="442" t="579" r="458" b="603" charConfidence="36">u</charParams>
<charParams l="463" t="579" r="476" b="604" charConfidence="62">r</charParams>
<charParams l="477" t="579" r="497" b="604"> </charParams>
<charParams l="498" t="580" r="516" b="604" charConfidence="100">v</charParams>
<charParams l="521" t="580" r="534" b="604" charConfidence="33">o</charParams>
<charParams l="539" t="579" r="556" b="603" charConfidence="35">n</charParams>
<charParams l="557" t="569" r="581" b="605"> </charParams>
<charParams l="582" t="569" r="608" b="605" charConfidence="64">E</charParams>
<charParams l="612" t="579" r="625" b="604" charConfidence="53">r</charParams>
<charParams l="628" t="574" r="643" b="603" charConfidence="34">d</charParams>
<charParams l="647" t="580" r="659" b="603" charConfidence="36">e</charParams>
<charParams l="663" t="579" r="681" b="603" charConfidence="25">n</charParams>
<charParams l="682" t="579" r="705" b="604"> </charParams>
<charParams l="706" t="580" r="723" b="604" charConfidence="25">u</charParams>
<charParams l="727" t="579" r="744" b="603" charConfidence="32">n</charParams>
<charParams l="749" t="573" r="764" b="603" charConfidence="34">d</charParams>
<charParams l="765" t="569" r="790" b="606"> </charParams>
<charParams l="791" t="569" r="834" b="606" charConfidence="31">M</charParams>
<charParams l="839" t="572" r="846" b="603" charConfidence="61">i</charParams>
<charParams l="850" t="579" r="867" b="603" charConfidence="43">n</charParams>
<charParams l="871" t="579" r="883" b="603" charConfidence="38">e</charParams>
<charParams l="886" t="579" r="899" b="603" charConfidence="54">r</charParams>
<charParams l="902" t="579" r="918" b="601" charConfidence="25">a</charParams>
<charParams l="923" t="572" r="931" b="603" charConfidence="28">l</charParams>
<charParams l="935" t="572" r="941" b="602" charConfidence="28">i</charParams>
<charParams l="945" t="580" r="957" b="603" charConfidence="29">e</charParams>
<charParams l="961" t="579" r="979" b="603" charConfidence="26">n</charParams></formatting></line>
<line baseline="667" l="177" t="634" r="979" b="676"><formatting lang="OldGerman">
<charParams l="177" t="643" r="194" b="674" charConfidence="55">g</charParams>
<charParams l="199" t="644" r="210" b="666" charConfidence="100">e</charParams>
<charParams l="214" t="634" r="230" b="676" charConfidence="71">h</charParams>
<charParams l="235" t="644" r="250" b="667" charConfidence="25">a</charParams>
<charParams l="254" t="644" r="271" b="666" charConfidence="100">n</charParams>
<charParams l="275" t="638" r="291" b="666" charConfidence="27">d</charParams>
<charParams l="295" t="644" r="307" b="667" charConfidence="27">e</charParams>
<charParams l="310" t="637" r="317" b="667" charConfidence="65">l</charParams>
<charParams l="321" t="641" r="331" b="667" charConfidence="37">t</charParams>
<charParams l="340" t="660" r="349" b="673" charConfidence="74">,</charParams>
<charParams l="350" t="645" r="389" b="673"> </charParams>
<charParams l="390" t="645" r="406" b="667" charConfidence="100">a</charParams>
<charParams l="410" t="635" r="426" b="668" charConfidence="27">b</charParams>
<charParams l="430" t="645" r="441" b="668" charConfidence="100">e</charParams>
<charParams l="445" t="644" r="459" b="668" charConfidence="100">r</charParams>
<charParams l="460" t="638" r="489" b="668"> </charParams>
<charParams l="490" t="638" r="505" b="667" charConfidence="36">d</charParams>
<charParams l="510" t="645" r="521" b="668" charConfidence="26">e</charParams>
<charParams l="524" t="645" r="539" b="668" charConfidence="77">r</charParams>
<charParams l="540" t="634" r="570" b="668"> </charParams>
<charParams l="571" t="634" r="615" b="668" charConfidence="28">M</charParams>
<charParams l="619" t="645" r="630" b="668" charConfidence="26">e</charParams>
<charParams l="634" t="645" r="651" b="668" charConfidence="47">n</charParams>
<charParams l="655" t="636" r="668" b="674" charConfidence="100">s</charParams>
<charParams l="666" t="637" r="694" b="673" charConfidence="55">c</charParams>
<charParams l="666" t="637" r="694" b="673" charConfidence="55">h</charParams>
<charParams l="695" t="637" r="727" b="673"> </charParams>
<charParams l="728" t="637" r="737" b="668" charConfidence="100">i</charParams>
<charParams l="740" t="635" r="761" b="676" charConfidence="52">s</charParams>
<charParams l="740" t="635" r="761" b="676" charConfidence="52">t</charParams>
<charParams l="762" t="635" r="791" b="676"> </charParams>
<charParams l="792" t="644" r="806" b="667" charConfidence="74">e</charParams>
<charParams l="809" t="636" r="817" b="667" charConfidence="100">i</charParams>
<charParams l="820" t="644" r="839" b="667" charConfidence="25">n</charParams>
<charParams l="840" t="643" r="862" b="667"> </charParams>
<charParams l="863" t="643" r="889" b="667" charConfidence="23">w</charParams>
<charParams l="893" t="644" r="909" b="666" charConfidence="100">a</charParams>
<charParams l="914" t="635" r="929" b="675" charConfidence="77">h</charParams>
<charParams l="934" t="644" r="947" b="667" charConfidence="54">r</charParams>
<charParams l="950" t="643" r="961" b="667" charConfidence="54">e</charParams>
<charParams l="965" t="644" r="979" b="667" charConfidence="30">r</charParams></formatting></line>
<line baseline="732" l="180" t="697" r="978" b="740"><formatting lang="OldGerman">
<charParams l="180" t="697" r="214" b="731" suspicious="1" charConfidence="32">N</charParams>
<charParams l="218" t="708" r="233" b="730" suspicious="1" charConfidence="25">a</charParams>
<charParams l="238" t="707" r="250" b="730" charConfidence="27">r</charParams>
<charParams l="252" t="707" r="264" b="740" suspicious="1" charConfidence="100">z</charParams>
<charParams l="268" t="700" r="276" b="731" charConfidence="100">i</charParams>
<charParams l="279" t="700" r="296" b="737" suspicious="1" charConfidence="22">f</charParams>
<charParams l="279" t="700" r="296" b="737" suspicious="1" charConfidence="22">i</charParams>
<charParams l="307" t="710" r="316" b="739" charConfidence="69">;</charParams>
<charParams l="317" t="709" r="351" b="739"> </charParams>
<charParams l="352" t="709" r="364" b="732" charConfidence="41">e</charParams>
<charParams l="367" t="708" r="381" b="732" charConfidence="59">r</charParams>
<charParams l="382" t="701" r="405" b="732"> </charParams>
<charParams l="406" t="701" r="421" b="732" charConfidence="65">b</charParams>
<charParams l="426" t="710" r="436" b="732" charConfidence="26">e</charParams>
<charParams l="441" t="700" r="453" b="738" charConfidence="52">s</charParams>
<charParams l="452" t="710" r="468" b="739" charConfidence="53">p</charParams>
<charParams l="472" t="701" r="479" b="732" charConfidence="64">i</charParams>
<charParams l="484" t="710" r="495" b="732" charConfidence="24">e</charParams>
<charParams l="498" t="709" r="514" b="739" charConfidence="48">g</charParams>
<charParams l="518" t="710" r="530" b="732" charConfidence="43">e</charParams>
<charParams l="534" t="701" r="542" b="733" charConfidence="89">l</charParams>
<charParams l="545" t="706" r="556" b="733" charConfidence="34">t</charParams>
<charParams l="557" t="701" r="579" b="740"> </charParams>
<charParams l="580" t="701" r="594" b="740" charConfidence="50">s</charParams>
<charParams l="591" t="703" r="599" b="733" charConfidence="24">i</charParams>
<charParams l="601" t="701" r="628" b="739" charConfidence="85">c</charParams>
<charParams l="601" t="701" r="628" b="739" charConfidence="85">h</charParams>
<charParams l="629" t="700" r="653" b="739"> </charParams>
<charParams l="654" t="700" r="672" b="735" charConfidence="25">ü</charParams>
<charParams l="676" t="701" r="691" b="732" charConfidence="54">b</charParams>
<charParams l="696" t="709" r="707" b="732" charConfidence="26">e</charParams>
<charParams l="711" t="709" r="723" b="733" charConfidence="53">r</charParams>
<charParams l="726" t="709" r="742" b="731" charConfidence="25">a</charParams>
<charParams l="747" t="701" r="755" b="732" charConfidence="25">l</charParams>
<charParams l="755" t="700" r="763" b="732" charConfidence="68">l</charParams>
<charParams l="764" t="700" r="787" b="740"> </charParams>
<charParams l="788" t="709" r="805" b="740" charConfidence="66">g</charParams>
<charParams l="809" t="708" r="821" b="732" charConfidence="59">e</charParams>
<charParams l="824" t="708" r="836" b="731" charConfidence="34">r</charParams>
<charParams l="839" t="708" r="858" b="732" charConfidence="32">n</charParams>
<charParams l="859" t="699" r="881" b="737"> </charParams>
<charParams l="882" t="699" r="895" b="737" charConfidence="84">s</charParams>
<charParams l="895" t="709" r="907" b="731" charConfidence="100">e</charParams>
<charParams l="910" t="700" r="917" b="731" charConfidence="29">l</charParams>
<charParams l="921" t="699" r="936" b="731" charConfidence="40">b</charParams>
<charParams l="941" t="700" r="960" b="739" charConfidence="33">s</charParams>
<charParams l="941" t="700" r="960" b="739" charConfidence="33">t</charParams>
<charParams l="969" t="709" r="978" b="739" charConfidence="100">;</charParams></formatting></line>
<line baseline="794" l="179" t="760" r="979" b="804"><formatting lang="OldGerman">
<charParams l="179" t="770" r="192" b="792" charConfidence="26">e</charParams>
<charParams l="195" t="769" r="208" b="792" charConfidence="54">r</charParams>
<charParams l="209" t="763" r="239" b="794"> </charParams>
<charParams l="240" t="763" r="248" b="794" charConfidence="50">l</charParams>
<charParams l="252" t="771" r="263" b="794" charConfidence="26">e</charParams>
<charParams l="265" t="771" r="282" b="802" charConfidence="47">g</charParams>
<charParams l="285" t="767" r="297" b="796" charConfidence="50">t</charParams>
<charParams l="298" t="764" r="320" b="803"> </charParams>
<charParams l="321" t="764" r="334" b="803" charConfidence="52">s</charParams>
<charParams l="332" t="765" r="339" b="793" charConfidence="23">i</charParams>
<charParams l="342" t="764" r="369" b="801" charConfidence="72">c</charParams>
<charParams l="342" t="764" r="369" b="801" charConfidence="72">h</charParams>
<charParams l="370" t="764" r="394" b="801"> </charParams>
<charParams l="395" t="772" r="411" b="795" charConfidence="54">a</charParams>
<charParams l="415" t="765" r="423" b="796" charConfidence="30">l</charParams>
<charParams l="427" t="767" r="442" b="795" charConfidence="100">s</charParams>
<charParams l="443" t="762" r="466" b="801"> </charParams>
<charParams l="467" t="762" r="491" b="801" charConfidence="34">F</charParams>
<charParams l="494" t="772" r="508" b="794" charConfidence="48">o</charParams>
<charParams l="513" t="765" r="520" b="794" charConfidence="44">l</charParams>
<charParams l="524" t="765" r="532" b="794" charConfidence="26">i</charParams>
<charParams l="535" t="772" r="549" b="795" charConfidence="33">e</charParams>
<charParams l="550" t="766" r="571" b="795"> </charParams>
<charParams l="572" t="766" r="588" b="795" charConfidence="26">d</charParams>
<charParams l="592" t="772" r="604" b="795" charConfidence="100">e</charParams>
<charParams l="608" t="771" r="621" b="794" charConfidence="83">r</charParams>
<charParams l="622" t="771" r="643" b="802"> </charParams>
<charParams l="644" t="772" r="661" b="802" charConfidence="31">g</charParams>
<charParams l="665" t="771" r="680" b="794" charConfidence="100">a</charParams>
<charParams l="684" t="771" r="701" b="794" charConfidence="40">n</charParams>
<charParams l="705" t="770" r="717" b="804" charConfidence="54">z</charParams>
<charParams l="720" t="771" r="732" b="796" charConfidence="25">e</charParams>
<charParams l="736" t="771" r="755" b="795" suspicious="1" charConfidence="-1">»</charParams>
<charParams l="756" t="760" r="777" b="798"> </charParams>
<charParams l="778" t="760" r="819" b="798" charConfidence="27">W</charParams>
<charParams l="823" t="771" r="835" b="794" charConfidence="33">e</charParams>
<charParams l="838" t="763" r="847" b="794" charConfidence="71">l</charParams>
<charParams l="850" t="767" r="861" b="794" charConfidence="42">t</charParams>
<charParams l="862" t="767" r="884" b="796"> </charParams>
<charParams l="885" t="770" r="903" b="796" charConfidence="28">u</charParams>
<charParams l="906" t="770" r="923" b="793" charConfidence="30">n</charParams>
<charParams l="927" t="767" r="937" b="793" charConfidence="49">t</charParams>
<charParams l="940" t="771" r="952" b="793" charConfidence="35">e</charParams>
<charParams l="955" t="770" r="969" b="793" charConfidence="44">r</charParams>
<charParams l="971" t="784" r="979" b="793" charConfidence="100">.</charParams></formatting></line></par>
<par align="Justified" startIndent="1752" lineSpacing="1488">
<line baseline="915" l="240" t="881" r="977" b="924"><formatting lang="OldGerman">
<charParams l="240" t="881" r="271" b="918" suspicious="1" charConfidence="84">J</charParams>
<charParams l="274" t="891" r="289" b="912" charConfidence="26">a</charParams>
<charParams l="290" t="889" r="313" b="913"> </charParams>
<charParams l="314" t="889" r="341" b="913" charConfidence="25">w</charParams>
<charParams l="344" t="891" r="359" b="913" charConfidence="30">o</charParams>
<charParams l="363" t="883" r="381" b="922" charConfidence="65">h</charParams>
<charParams l="384" t="885" r="393" b="914" charConfidence="81">l</charParams>
<charParams l="403" t="886" r="411" b="915" suspicious="1" charConfidence="22">!</charParams>
<charParams l="412" t="884" r="447" b="921"> </charParams>
<charParams l="448" t="884" r="464" b="921" charConfidence="50">f</charParams>
<charParams l="462" t="893" r="480" b="915" charConfidence="66">u</charParams>
<charParams l="483" t="885" r="501" b="924" charConfidence="56">h</charParams>
<charParams l="504" t="893" r="518" b="915" charConfidence="54">r</charParams>
<charParams l="519" t="887" r="541" b="915"> </charParams>
<charParams l="542" t="887" r="558" b="915" charConfidence="33">d</charParams>
<charParams l="562" t="894" r="574" b="916" charConfidence="26">e</charParams>
<charParams l="577" t="893" r="591" b="916" charConfidence="26">r</charParams>
<charParams l="592" t="884" r="614" b="922"> </charParams>
<charParams l="615" t="884" r="647" b="922" charConfidence="29">H</charParams>
<charParams l="650" t="894" r="666" b="917" charConfidence="32">a</charParams>
<charParams l="670" t="893" r="686" b="917" charConfidence="25">u</charParams>
<charParams l="690" t="893" r="708" b="924" charConfidence="29">p</charParams>
<charParams l="710" t="890" r="722" b="917" charConfidence="73">t</charParams>
<charParams l="723" t="892" r="751" b="916" charConfidence="55">m</charParams>
<charParams l="755" t="894" r="771" b="916" charConfidence="37">a</charParams>
<charParams l="774" t="893" r="792" b="916" charConfidence="66">n</charParams>
<charParams l="795" t="892" r="815" b="916" charConfidence="52">n</charParams>
<charParams l="816" t="884" r="836" b="921"> </charParams>
<charParams l="837" t="884" r="854" b="921" charConfidence="57">f</charParams>
<charParams l="852" t="892" r="867" b="915" charConfidence="35">o</charParams>
<charParams l="870" t="891" r="884" b="915" charConfidence="96">r</charParams>
<charParams l="886" t="888" r="898" b="915" charConfidence="64">t</charParams>
<charParams l="907" t="893" r="916" b="913" charConfidence="59">:</charParams>
<charParams l="917" t="883" r="948" b="920"> </charParams>
<charParams l="949" t="883" r="964" b="920" charConfidence="100">s</charParams>
<charParams l="962" t="892" r="977" b="913" charConfidence="36">o</charParams></formatting></line>
<line baseline="974" l="178" t="941" r="977" b="982"><formatting lang="OldGerman">
<charParams l="178" t="941" r="195" b="974" charConfidence="28">b</charParams>
<charParams l="199" t="950" r="210" b="973" charConfidence="54">e</charParams>
<charParams l="214" t="941" r="231" b="982" charConfidence="63">h</charParams>
<charParams l="235" t="950" r="250" b="973" charConfidence="24">a</charParams>
<charParams l="254" t="950" r="272" b="974" charConfidence="35">n</charParams>
<charParams l="275" t="944" r="291" b="973" charConfidence="31">d</charParams>
<charParams l="295" t="950" r="307" b="974" charConfidence="70">e</charParams>
<charParams l="310" t="943" r="318" b="974" charConfidence="90">l</charParams>
<charParams l="321" t="947" r="332" b="976" charConfidence="26">t</charParams>
<charParams l="333" t="947" r="363" b="976"> </charParams>
<charParams l="364" t="950" r="377" b="973" charConfidence="44">e</charParams>
<charParams l="380" t="950" r="394" b="973" charConfidence="30">r</charParams>
<charParams l="395" t="950" r="425" b="973"> </charParams>
<charParams l="426" t="951" r="442" b="973" charConfidence="46">a</charParams>
<charParams l="447" t="942" r="456" b="973" charConfidence="57">l</charParams>
<charParams l="456" t="942" r="463" b="973" charConfidence="42">l</charParams>
<charParams l="465" t="948" r="479" b="973" charConfidence="90">e</charParams>
<charParams l="482" t="945" r="497" b="973" charConfidence="92">s</charParams>
<charParams l="498" t="945" r="529" b="973"> </charParams>
<charParams l="530" t="949" r="556" b="973" charConfidence="54">w</charParams>
<charParams l="560" t="952" r="575" b="973" charConfidence="54">a</charParams>
<charParams l="579" t="946" r="594" b="975" charConfidence="74">s</charParams>
<charParams l="595" t="946" r="628" b="975"> </charParams>
<charParams l="629" t="951" r="642" b="974" charConfidence="26">e</charParams>
<charParams l="645" t="950" r="659" b="974" charConfidence="32">r</charParams>
<charParams l="660" t="950" r="681" b="974"> </charParams>
<charParams l="682" t="953" r="698" b="973" charConfidence="55">a</charParams>
<charParams l="702" t="951" r="719" b="974" charConfidence="90">u</charParams>
<charParams l="723" t="944" r="739" b="980" charConfidence="27">ß</charParams>
<charParams l="742" t="951" r="755" b="975" charConfidence="28">e</charParams>
<charParams l="757" t="951" r="771" b="973" charConfidence="85">r</charParams>
<charParams l="772" t="943" r="794" b="981"> </charParams>
<charParams l="795" t="943" r="815" b="981" charConfidence="85">s</charParams>
<charParams l="795" t="943" r="815" b="981" charConfidence="85">i</charParams>
<charParams l="816" t="943" r="845" b="982" charConfidence="68">c</charParams>
<charParams l="816" t="943" r="845" b="982" charConfidence="68">h</charParams>
<charParams l="846" t="943" r="868" b="982"> </charParams>
<charParams l="869" t="943" r="889" b="982" charConfidence="100">f</charParams>
<charParams l="869" t="943" r="889" b="982" charConfidence="100">i</charParams>
<charParams l="892" t="951" r="910" b="974" charConfidence="68">n</charParams>
<charParams l="913" t="945" r="928" b="974" charConfidence="30">d</charParams>
<charParams l="932" t="951" r="945" b="974" charConfidence="41">e</charParams>
<charParams l="948" t="948" r="959" b="974" charConfidence="28">t</charParams>
<charParams l="967" t="952" r="977" b="982" charConfidence="58">;</charParams></formatting></line>
<line baseline="1036" l="177" t="1002" r="978" b="1046"><formatting lang="OldGerman">
<charParams l="177" t="1005" r="191" b="1043" charConfidence="47">s</charParams>
<charParams l="190" t="1014" r="201" b="1036" charConfidence="100">e</charParams>
<charParams l="206" t="1006" r="213" b="1036" charConfidence="45">i</charParams>
<charParams l="217" t="1014" r="233" b="1036" charConfidence="24">n</charParams>
<charParams l="237" t="1015" r="250" b="1037" charConfidence="33">e</charParams>
<charParams l="251" t="1004" r="287" b="1039"> </charParams>
<charParams l="288" t="1004" r="329" b="1039" charConfidence="76">W</charParams>
<charParams l="332" t="1014" r="344" b="1038" charConfidence="56">e</charParams>
<charParams l="348" t="1006" r="355" b="1038" charConfidence="56">i</charParams>
<charParams l="359" t="1009" r="374" b="1038" charConfidence="100">s</charParams>
<charParams l="378" t="1004" r="394" b="1046" charConfidence="74">h</charParams>
<charParams l="400" t="1014" r="411" b="1036" charConfidence="100">e</charParams>
<charParams l="415" t="1006" r="422" b="1036" charConfidence="92">i</charParams>
<charParams l="426" t="1010" r="437" b="1036" charConfidence="46">t</charParams>
<charParams l="438" t="1010" r="474" b="1036"> </charParams>
<charParams l="475" t="1012" r="501" b="1036" charConfidence="52">w</charParams>
<charParams l="506" t="1005" r="513" b="1035" charConfidence="100">i</charParams>
<charParams l="518" t="1013" r="530" b="1036" charConfidence="25">e</charParams>
<charParams l="531" t="1004" r="562" b="1043"> </charParams>
<charParams l="563" t="1004" r="577" b="1043" charConfidence="100">s</charParams>
<charParams l="576" t="1013" r="588" b="1035" charConfidence="100">e</charParams>
<charParams l="591" t="1005" r="599" b="1036" charConfidence="50">i</charParams>
<charParams l="602" t="1012" r="619" b="1035" charConfidence="72">n</charParams>
<charParams l="624" t="1012" r="636" b="1035" charConfidence="32">e</charParams>
<charParams l="637" t="1002" r="671" b="1037"> </charParams>
<charParams l="672" t="1002" r="699" b="1037" charConfidence="37">T</charParams>
<charParams l="702" t="1002" r="720" b="1044" charConfidence="41">h</charParams>
<charParams l="724" t="1013" r="738" b="1034" charConfidence="35">o</charParams>
<charParams l="742" t="1011" r="756" b="1034" charConfidence="39">r</charParams>
<charParams l="758" t="1003" r="775" b="1045" charConfidence="62">h</charParams>
<charParams l="779" t="1013" r="791" b="1035" charConfidence="30">e</charParams>
<charParams l="795" t="1004" r="803" b="1035" charConfidence="71">i</charParams>
<charParams l="806" t="1009" r="817" b="1035" charConfidence="100">t</charParams>
<charParams l="825" t="1026" r="836" b="1042" charConfidence="79">,</charParams>
<charParams l="837" t="1004" r="882" b="1043"> </charParams>
<charParams l="883" t="1004" r="898" b="1043" charConfidence="95">s</charParams>
<charParams l="896" t="1013" r="908" b="1035" charConfidence="29">e</charParams>
<charParams l="912" t="1005" r="920" b="1035" charConfidence="97">i</charParams>
<charParams l="923" t="1013" r="940" b="1035" charConfidence="25">n</charParams>
<charParams l="944" t="1014" r="956" b="1037" charConfidence="27">e</charParams>
<charParams l="959" t="1013" r="978" b="1037" charConfidence="47">n</charParams></formatting></line>
<line baseline="1099" l="179" t="1064" r="978" b="1108"><formatting lang="OldGerman">
<charParams l="179" t="1067" r="218" b="1101" charConfidence="34">W</charParams>
<charParams l="223" t="1070" r="229" b="1100" charConfidence="48">i</charParams>
<charParams l="234" t="1070" r="241" b="1101" charConfidence="42">l</charParams>
<charParams l="242" t="1070" r="251" b="1101" charConfidence="53">l</charParams>
<charParams l="254" t="1078" r="265" b="1103" charConfidence="24">e</charParams>
<charParams l="270" t="1079" r="286" b="1102" charConfidence="23">n</charParams>
<charParams l="287" t="1078" r="309" b="1103"> </charParams>
<charParams l="310" t="1078" r="336" b="1103" charConfidence="52">w</charParams>
<charParams l="341" t="1071" r="348" b="1102" charConfidence="44">i</charParams>
<charParams l="352" t="1078" r="365" b="1103" charConfidence="26">e</charParams>
<charParams l="366" t="1069" r="388" b="1107"> </charParams>
<charParams l="389" t="1069" r="402" b="1107" charConfidence="38">s</charParams>
<charParams l="401" t="1078" r="413" b="1101" charConfidence="53">e</charParams>
<charParams l="417" t="1070" r="423" b="1101" charConfidence="28">i</charParams>
<charParams l="428" t="1078" r="444" b="1100" charConfidence="67">n</charParams>
<charParams l="449" t="1077" r="461" b="1101" charConfidence="34">e</charParams>
<charParams l="462" t="1066" r="488" b="1101"> </charParams>
<charParams l="489" t="1066" r="528" b="1100" charConfidence="33">W</charParams>
<charParams l="533" t="1069" r="540" b="1099" charConfidence="36">i</charParams>
<charParams l="544" t="1068" r="552" b="1099" charConfidence="100">l</charParams>
<charParams l="553" t="1067" r="560" b="1099" charConfidence="34">l</charParams>
<charParams l="564" t="1066" r="576" b="1098" charConfidence="43">k</charParams>
<charParams l="579" t="1066" r="595" b="1099" charConfidence="27">ü</charParams>
<charParams l="600" t="1066" r="616" b="1106" charConfidence="96">h</charParams>
<charParams l="620" t="1074" r="633" b="1098" charConfidence="100">r</charParams>
<charParams l="634" t="1066" r="657" b="1098"> </charParams>
<charParams l="658" t="1066" r="666" b="1098" charConfidence="53">l</charParams>
<charParams l="669" t="1073" r="681" b="1097" charConfidence="31">e</charParams>
<charParams l="685" t="1066" r="692" b="1096" charConfidence="100">i</charParams>
<charParams l="696" t="1064" r="722" b="1102" charConfidence="57">c</charParams>
<charParams l="696" t="1064" r="722" b="1102" charConfidence="57">h</charParams>
<charParams l="726" t="1070" r="738" b="1097" charConfidence="54">t</charParams>
<charParams l="739" t="1070" r="760" b="1097"> </charParams>
<charParams l="761" t="1073" r="774" b="1097" charConfidence="28">e</charParams>
<charParams l="777" t="1073" r="791" b="1097" charConfidence="31">r</charParams>
<charParams l="792" t="1068" r="815" b="1097"> </charParams>
<charParams l="816" t="1068" r="832" b="1097" charConfidence="100">d</charParams>
<charParams l="836" t="1075" r="849" b="1098" charConfidence="26">e</charParams>
<charParams l="852" t="1074" r="870" b="1097" charConfidence="25">n</charParams>
<charParams l="871" t="1065" r="890" b="1100"> </charParams>
<charParams l="891" t="1065" r="918" b="1100" charConfidence="39">T</charParams>
<charParams l="922" t="1066" r="938" b="1108" charConfidence="74">h</charParams>
<charParams l="943" t="1069" r="951" b="1100" charConfidence="99">i</charParams>
<charParams l="954" t="1076" r="966" b="1100" charConfidence="62">e</charParams>
<charParams l="969" t="1080" r="978" b="1096" charConfidence="100">¬</charParams></formatting></line>
<line baseline="1162" l="178" t="1128" r="978" b="1175"><formatting lang="OldGerman">
<charParams l="178" t="1141" r="193" b="1166" charConfidence="25">r</charParams>
<charParams l="196" t="1141" r="207" b="1164" charConfidence="100">e</charParams>
<charParams l="211" t="1142" r="228" b="1164" charConfidence="25">n</charParams>
<charParams l="236" t="1156" r="245" b="1172" charConfidence="61">,</charParams>
<charParams l="246" t="1137" r="286" b="1172"> </charParams>
<charParams l="287" t="1137" r="302" b="1166" charConfidence="33">d</charParams>
<charParams l="307" t="1144" r="319" b="1166" charConfidence="46">e</charParams>
<charParams l="322" t="1143" r="340" b="1165" charConfidence="53">n</charParams>
<charParams l="341" t="1133" r="365" b="1174"> </charParams>
<charParams l="366" t="1133" r="397" b="1174" charConfidence="39">P</charParams>
<charParams l="403" t="1134" r="421" b="1174" charConfidence="22">f</charParams>
<charParams l="403" t="1134" r="421" b="1174" charConfidence="22">l</charParams>
<charParams l="424" t="1142" r="439" b="1165" charConfidence="42">a</charParams>
<charParams l="444" t="1142" r="460" b="1165" charConfidence="24">n</charParams>
<charParams l="463" t="1141" r="475" b="1175" charConfidence="25">z</charParams>
<charParams l="480" t="1142" r="492" b="1163" charConfidence="100">e</charParams>
<charParams l="495" t="1141" r="512" b="1164" charConfidence="31">n</charParams>
<charParams l="522" t="1155" r="530" b="1170" charConfidence="73">,</charParams>
<charParams l="531" t="1134" r="564" b="1170"> </charParams>
<charParams l="565" t="1134" r="580" b="1163" charConfidence="27">d</charParams>
<charParams l="585" t="1140" r="596" b="1163" charConfidence="25">e</charParams>
<charParams l="600" t="1140" r="618" b="1163" charConfidence="25">n</charParams>
<charParams l="619" t="1128" r="644" b="1163"> </charParams>
<charParams l="645" t="1128" r="671" b="1163" charConfidence="100">E</charParams>
<charParams l="675" t="1133" r="682" b="1162" charConfidence="40">l</charParams>
<charParams l="686" t="1138" r="697" b="1161" charConfidence="100">e</charParams>
<charParams l="701" t="1138" r="727" b="1160" charConfidence="25">m</charParams>
<charParams l="733" t="1137" r="745" b="1160" charConfidence="56">e</charParams>
<charParams l="748" t="1137" r="764" b="1160" charConfidence="42">n</charParams>
<charParams l="770" t="1134" r="780" b="1160" charConfidence="36">t</charParams>
<charParams l="782" t="1137" r="794" b="1160" charConfidence="27">e</charParams>
<charParams l="797" t="1137" r="816" b="1160" charConfidence="27">n</charParams>
<charParams l="817" t="1137" r="840" b="1160"> </charParams>
<charParams l="841" t="1137" r="858" b="1160" charConfidence="77">u</charParams>
<charParams l="862" t="1138" r="880" b="1161" charConfidence="30">n</charParams>
<charParams l="884" t="1132" r="899" b="1160" charConfidence="27">d</charParams>
<charParams l="900" t="1132" r="924" b="1161"> </charParams>
<charParams l="925" t="1132" r="940" b="1161" charConfidence="26">d</charParams>
<charParams l="945" t="1139" r="957" b="1161" charConfidence="49">e</charParams>
<charParams l="960" t="1139" r="978" b="1161" charConfidence="29">n</charParams></formatting></line>
<line baseline="1230" l="179" t="1194" r="322" b="1230"><formatting lang="OldGerman">
<charParams l="179" t="1194" r="212" b="1229" charConfidence="25">G</charParams>
<charParams l="217" t="1198" r="230" b="1228" charConfidence="25">ö</charParams>
<charParams l="234" t="1204" r="244" b="1229" charConfidence="58">t</charParams>
<charParams l="248" t="1203" r="258" b="1230" charConfidence="83">t</charParams>
<charParams l="260" t="1207" r="272" b="1229" charConfidence="26">e</charParams>
<charParams l="276" t="1207" r="288" b="1230" charConfidence="24">r</charParams>
<charParams l="292" t="1207" r="309" b="1230" charConfidence="24">n</charParams>
<charParams l="313" t="1222" r="322" b="1230" charConfidence="77">.</charParams></formatting></line></par>
<par align="Justified" startIndent="1752" lineSpacing="1512">
<line baseline="1355" l="247" t="1318" r="979" b="1367"><formatting lang="OldGerman">
<charParams l="247" t="1323" r="291" b="1357" charConfidence="70">M</charParams>
<charParams l="295" t="1325" r="309" b="1358" charConfidence="22">ö</charParams>
<charParams l="314" t="1326" r="340" b="1364" charConfidence="55">c</charParams>
<charParams l="314" t="1326" r="340" b="1364" charConfidence="55">h</charParams>
<charParams l="344" t="1330" r="354" b="1358" charConfidence="69">t</charParams>
<charParams l="358" t="1334" r="369" b="1358" charConfidence="25">e</charParams>
<charParams l="373" t="1331" r="384" b="1358" charConfidence="58">t</charParams>
<charParams l="385" t="1324" r="416" b="1363"> </charParams>
<charParams l="417" t="1324" r="445" b="1363" suspicious="1" charConfidence="-1">I</charParams>
<charParams l="450" t="1324" r="466" b="1367" charConfidence="68">h</charParams>
<charParams l="471" t="1334" r="484" b="1357" charConfidence="31">r</charParams>
<charParams l="485" t="1333" r="515" b="1357"> </charParams>
<charParams l="516" t="1333" r="544" b="1357" charConfidence="100">m</charParams>
<charParams l="548" t="1325" r="555" b="1355" charConfidence="27">i</charParams>
<charParams l="559" t="1324" r="586" b="1363" charConfidence="55">c</charParams>
<charParams l="559" t="1324" r="586" b="1363" charConfidence="55">h</charParams>
<charParams l="595" t="1347" r="605" b="1362" charConfidence="61">,</charParams>
<charParams l="606" t="1330" r="653" b="1362"> </charParams>
<charParams l="654" t="1330" r="672" b="1353" charConfidence="100">v</charParams>
<charParams l="676" t="1329" r="687" b="1352" charConfidence="100">e</charParams>
<charParams l="691" t="1329" r="704" b="1352" charConfidence="53">r</charParams>
<charParams l="708" t="1321" r="721" b="1354" charConfidence="55">s</charParams>
<charParams l="719" t="1329" r="731" b="1352" charConfidence="36">e</charParams>
<charParams l="734" t="1323" r="752" b="1360" charConfidence="36">t</charParams>
<charParams l="734" t="1323" r="752" b="1360" charConfidence="36">z</charParams>
<charParams l="755" t="1324" r="765" b="1352" charConfidence="50">t</charParams>
<charParams l="768" t="1328" r="781" b="1351" charConfidence="34">e</charParams>
<charParams l="782" t="1318" r="814" b="1353"> </charParams>
<charParams l="815" t="1318" r="839" b="1353" charConfidence="57">C</charParams>
<charParams l="842" t="1319" r="859" b="1362" charConfidence="100">h</charParams>
<charParams l="863" t="1329" r="879" b="1353" charConfidence="71">a</charParams>
<charParams l="882" t="1329" r="896" b="1353" charConfidence="73">r</charParams>
<charParams l="899" t="1322" r="908" b="1354" charConfidence="100">l</charParams>
<charParams l="911" t="1331" r="925" b="1354" charConfidence="35">o</charParams>
<charParams l="929" t="1326" r="939" b="1354" charConfidence="46">t</charParams>
<charParams l="943" t="1327" r="953" b="1354" charConfidence="48">t</charParams>
<charParams l="956" t="1331" r="968" b="1355" charConfidence="54">e</charParams>
<charParams l="970" t="1346" r="979" b="1360" charConfidence="57">,</charParams></formatting></line>
<line baseline="1418" l="180" t="1385" r="980" b="1431"><formatting lang="OldGerman">
<charParams l="180" t="1388" r="197" b="1418" charConfidence="43">d</charParams>
<charParams l="200" t="1394" r="217" b="1417" charConfidence="35">a</charParams>
<charParams l="218" t="1389" r="249" b="1420"> </charParams>
<charParams l="250" t="1389" r="258" b="1420" charConfidence="32">i</charParams>
<charParams l="262" t="1389" r="288" b="1427" charConfidence="62">c</charParams>
<charParams l="262" t="1389" r="288" b="1427" charConfidence="62">h</charParams>
<charParams l="289" t="1387" r="319" b="1427"> </charParams>
<charParams l="320" t="1387" r="345" b="1422" charConfidence="68">E</charParams>
<charParams l="350" t="1397" r="366" b="1421" charConfidence="27">u</charParams>
<charParams l="369" t="1388" r="396" b="1426" charConfidence="65">c</charParams>
<charParams l="369" t="1388" r="396" b="1426" charConfidence="65">h</charParams>
<charParams l="397" t="1388" r="428" b="1430"> </charParams>
<charParams l="429" t="1398" r="446" b="1430" charConfidence="22">p</charParams>
<charParams l="450" t="1390" r="459" b="1420" charConfidence="100">i</charParams>
<charParams l="462" t="1390" r="488" b="1428" charConfidence="55">c</charParams>
<charParams l="462" t="1390" r="488" b="1428" charConfidence="55">h</charParams>
<charParams l="493" t="1395" r="503" b="1420" charConfidence="100">t</charParams>
<charParams l="504" t="1395" r="534" b="1431"> </charParams>
<charParams l="535" t="1396" r="547" b="1431" charConfidence="34">z</charParams>
<charParams l="551" t="1396" r="567" b="1419" charConfidence="35">u</charParams>
<charParams l="568" t="1393" r="599" b="1419"> </charParams>
<charParams l="600" t="1393" r="625" b="1418" charConfidence="60">w</charParams>
<charParams l="630" t="1394" r="641" b="1417" charConfidence="26">e</charParams>
<charParams l="645" t="1385" r="653" b="1415" charConfidence="52">i</charParams>
<charParams l="656" t="1390" r="666" b="1417" charConfidence="100">t</charParams>
<charParams l="667" t="1390" r="695" b="1417"> </charParams>
<charParams l="696" t="1392" r="713" b="1415" charConfidence="49">v</charParams>
<charParams l="717" t="1392" r="732" b="1415" charConfidence="41">o</charParams>
<charParams l="735" t="1391" r="752" b="1415" charConfidence="57">n</charParams>
<charParams l="753" t="1385" r="785" b="1416"> </charParams>
<charParams l="786" t="1385" r="802" b="1416" charConfidence="33">d</charParams>
<charParams l="806" t="1393" r="818" b="1416" charConfidence="33">e</charParams>
<charParams l="822" t="1392" r="850" b="1417" charConfidence="100">m</charParams>
<charParams l="851" t="1392" r="875" b="1417"> </charParams>
<charParams l="876" t="1395" r="892" b="1417" charConfidence="25">a</charParams>
<charParams l="896" t="1395" r="913" b="1418" charConfidence="36">u</charParams>
<charParams l="915" t="1394" r="932" b="1426" charConfidence="35">g</charParams>
<charParams l="936" t="1394" r="947" b="1417" charConfidence="100">e</charParams>
<charParams l="951" t="1394" r="968" b="1417" charConfidence="61">n</charParams>
<charParams l="971" t="1396" r="980" b="1411" charConfidence="100">¬</charParams></formatting></line>
<line baseline="1483" l="184" t="1447" r="980" b="1494"><formatting lang="OldGerman">
<charParams l="184" t="1447" r="201" b="1481" charConfidence="27">b</charParams>
<charParams l="205" t="1450" r="213" b="1480" charConfidence="37">l</charParams>
<charParams l="217" t="1449" r="224" b="1481" charConfidence="100">i</charParams>
<charParams l="228" t="1450" r="252" b="1481" charConfidence="22">c</charParams>
<charParams l="228" t="1450" r="252" b="1481" charConfidence="22">k</charParams>
<charParams l="256" t="1452" r="263" b="1482" charConfidence="39">l</charParams>
<charParams l="267" t="1452" r="275" b="1482" charConfidence="100">i</charParams>
<charParams l="278" t="1453" r="304" b="1491" charConfidence="74">c</charParams>
<charParams l="278" t="1453" r="304" b="1491" suspicious="1" charConfidence="74">h</charParams>
<charParams l="309" t="1462" r="320" b="1483" charConfidence="100">e</charParams>
<charParams l="325" t="1462" r="342" b="1484" charConfidence="54">n</charParams>
<charParams l="343" t="1451" r="364" b="1494"> </charParams>
<charParams l="365" t="1451" r="394" b="1494" charConfidence="22">I</charParams>
<charParams l="398" t="1462" r="416" b="1486" charConfidence="25">n</charParams>
<charParams l="419" t="1459" r="429" b="1485" charConfidence="42">t</charParams>
<charParams l="433" t="1462" r="444" b="1485" charConfidence="25">e</charParams>
<charParams l="448" t="1462" r="461" b="1485" charConfidence="54">r</charParams>
<charParams l="464" t="1463" r="475" b="1486" charConfidence="25">e</charParams>
<charParams l="481" t="1453" r="503" b="1490" charConfidence="93">s</charParams>
<charParams l="481" t="1453" r="503" b="1490" charConfidence="93">s</charParams>
<charParams l="502" t="1462" r="514" b="1484" charConfidence="68">e</charParams>
<charParams l="515" t="1460" r="538" b="1484"> </charParams>
<charParams l="539" t="1460" r="565" b="1484" charConfidence="52">w</charParams>
<charParams l="570" t="1461" r="581" b="1483" charConfidence="100">e</charParams>
<charParams l="582" t="1459" r="600" b="1490" charConfidence="24">g</charParams>
<charParams l="602" t="1449" r="615" b="1489" charConfidence="25">f</charParams>
<charParams l="616" t="1448" r="633" b="1482" charConfidence="69">ü</charParams>
<charParams l="636" t="1448" r="653" b="1490" charConfidence="90">h</charParams>
<charParams l="657" t="1456" r="670" b="1480" charConfidence="54">r</charParams>
<charParams l="674" t="1456" r="685" b="1480" charConfidence="27">e</charParams>
<charParams l="688" t="1456" r="707" b="1480" charConfidence="56">n</charParams>
<charParams l="708" t="1455" r="724" b="1481"> </charParams>
<charParams l="725" t="1455" r="752" b="1481" charConfidence="66">w</charParams>
<charParams l="756" t="1449" r="764" b="1483" charConfidence="64">i</charParams>
<charParams l="768" t="1448" r="775" b="1486" charConfidence="28">l</charParams>
<charParams l="778" t="1449" r="785" b="1482" charConfidence="32">l</charParams>
<charParams l="794" t="1473" r="803" b="1488" charConfidence="81">,</charParams>
<charParams l="804" t="1458" r="828" b="1488"> </charParams>
<charParams l="829" t="1458" r="846" b="1482" charConfidence="33">n</charParams>
<charParams l="851" t="1458" r="867" b="1484" charConfidence="100">u</charParams>
<charParams l="871" t="1458" r="884" b="1481" charConfidence="38">r</charParams>
<charParams l="885" t="1449" r="904" b="1481"> </charParams>
<charParams l="905" t="1449" r="918" b="1480" charConfidence="28">k</charParams>
<charParams l="921" t="1449" r="937" b="1481" charConfidence="52">ü</charParams>
<charParams l="941" t="1457" r="954" b="1480" charConfidence="54">r</charParams>
<charParams l="956" t="1456" r="968" b="1488" charConfidence="100">z</charParams>
<charParams l="971" t="1459" r="980" b="1474" charConfidence="100">-</charParams></formatting></line></par>
</text>
</block>
</page>
</document>