﻿<?xml version="1.0" encoding="UTF-8" standalone="yes"?>
<document xmlns="http://www.abbyy.com/FineReader_xml/FineReader10-schema-v1.xml" version="1.0" producer="ABBYY FineReader Engine 11" languages="" xmlns:xsi="http://www.w3.org/2001/XMLSchema-instance" xsi:schemaLocation="http://www.abbyy.com/FineReader_xml/FineReader10-schema-v1.xml http://www.abbyy.com/FineReader_xml/FineReader10-schema-v1.xml">
<page width="1156" height="1782" resolution="300" originalCoords="1">
<block blockType="Text" blockName="">
<text>
<par startIndent="144">
<line baseline="92" l="574" t="60" r="616" b="97"><formatting lang="OldGerman">
<charParams l="574" t="68" r="593" b="97" suspicious="1" charConfidence="75">7</charParams>
<charParams l="596" t="60" r="616" b="92" suspicious="1" charConfidence="100">6</charParams></formatting></line></par>
</text>
</block>
<block blockType="Text" blockName="">
<text>
<par align="Justified" startIndent="528" lineSpacing="1512">
<line baseline="185" l="199" t="149" r="982" b="195"><formatting lang="OldGerman">
<charParams l="199" t="157" r="206" b="187" charConfidence="96">l</charParams>
<charParams l="210" t="154" r="217" b="186" suspicious="1" charConfidence="63">i</charParams>
<charParams l="221" t="156" r="248" b="191" charConfidence="30">c</charParams>
<charParams l="221" t="156" r="248" b="191" charConfidence="30">h</charParams>
<charParams l="249" t="154" r="279" b="191"> </charParams>
<charParams l="280" t="154" r="296" b="188" charConfidence="33">b</charParams>
<charParams l="300" t="164" r="312" b="187" charConfidence="26">e</charParams>
<charParams l="316" t="156" r="324" b="188" charConfidence="41">l</charParams>
<charParams l="326" t="166" r="338" b="189" charConfidence="28">e</charParams>
<charParams l="341" t="154" r="357" b="195" charConfidence="77">h</charParams>
<charParams l="361" t="164" r="375" b="187" charConfidence="79">r</charParams>
<charParams l="377" t="164" r="389" b="187" charConfidence="39">e</charParams>
<charParams l="392" t="164" r="409" b="187" charConfidence="52">n</charParams>
<charParams l="419" t="177" r="428" b="193" charConfidence="78">,</charParams>
<charParams l="429" t="158" r="464" b="193"> </charParams>
<charParams l="465" t="158" r="491" b="183" charConfidence="26">w</charParams>
<charParams l="495" t="151" r="504" b="182" charConfidence="44">i</charParams>
<charParams l="507" t="158" r="520" b="181" charConfidence="33">e</charParams>
<charParams l="521" t="157" r="543" b="181"> </charParams>
<charParams l="544" t="157" r="556" b="180" charConfidence="25">e</charParams>
<charParams l="559" t="152" r="575" b="180" suspicious="1" charConfidence="100">s</charParams>
<charParams l="576" t="152" r="598" b="180"> </charParams>
<charParams l="599" t="157" r="612" b="180" charConfidence="25">e</charParams>
<charParams l="615" t="149" r="623" b="179" charConfidence="75">i</charParams>
<charParams l="625" t="156" r="641" b="188" charConfidence="40">g</charParams>
<charParams l="645" t="157" r="657" b="180" charConfidence="27">e</charParams>
<charParams l="660" t="157" r="677" b="181" charConfidence="44">n</charParams>
<charParams l="682" t="154" r="692" b="181" charConfidence="33">t</charParams>
<charParams l="696" t="150" r="703" b="182" charConfidence="58">l</charParams>
<charParams l="707" t="151" r="714" b="182" charConfidence="100">i</charParams>
<charParams l="717" t="151" r="745" b="191" charConfidence="69">c</charParams>
<charParams l="717" t="151" r="745" b="191" charConfidence="69">h</charParams>
<charParams l="746" t="151" r="769" b="194"> </charParams>
<charParams l="770" t="152" r="787" b="194" suspicious="1" charConfidence="79">h</charParams>
<charParams l="792" t="154" r="800" b="186" charConfidence="30">i</charParams>
<charParams l="803" t="162" r="815" b="186" charConfidence="40">e</charParams>
<charParams l="818" t="162" r="831" b="185" charConfidence="69">r</charParams>
<charParams l="832" t="160" r="854" b="185"> </charParams>
<charParams l="855" t="160" r="882" b="185" charConfidence="48">m</charParams>
<charParams l="886" t="154" r="895" b="185" charConfidence="26">i</charParams>
<charParams l="899" t="158" r="910" b="186" charConfidence="40">t</charParams>
<charParams l="911" t="157" r="929" b="187"> </charParams>
<charParams l="930" t="157" r="946" b="187" charConfidence="28">d</charParams>
<charParams l="950" t="165" r="962" b="188" charConfidence="30">e</charParams>
<charParams l="965" t="166" r="982" b="189" charConfidence="62">n</charParams></formatting></line>
<line baseline="245" l="197" t="211" r="704" b="256"><formatting lang="OldGerman">
<charParams l="197" t="218" r="227" b="251" charConfidence="32">V</charParams>
<charParams l="230" t="227" r="242" b="251" charConfidence="27">e</charParams>
<charParams l="245" t="227" r="258" b="251" charConfidence="100">r</charParams>
<charParams l="260" t="226" r="286" b="251" charConfidence="27">w</charParams>
<charParams l="289" t="229" r="305" b="250" charConfidence="25">a</charParams>
<charParams l="309" t="227" r="326" b="251" charConfidence="26">n</charParams>
<charParams l="330" t="220" r="345" b="250" charConfidence="26">d</charParams>
<charParams l="349" t="224" r="358" b="250" charConfidence="71">t</charParams>
<charParams l="362" t="219" r="376" b="256" charConfidence="25">s</charParams>
<charParams l="372" t="219" r="399" b="256" charConfidence="100">c</charParams>
<charParams l="372" t="219" r="399" b="256" charConfidence="100">h</charParams>
<charParams l="402" t="225" r="417" b="248" charConfidence="24">a</charParams>
<charParams l="421" t="215" r="435" b="254" charConfidence="43">f</charParams>
<charParams l="434" t="220" r="444" b="247" charConfidence="99">t</charParams>
<charParams l="447" t="223" r="459" b="247" charConfidence="28">e</charParams>
<charParams l="461" t="222" r="479" b="246" charConfidence="61">n</charParams>
<charParams l="480" t="220" r="501" b="252"> </charParams>
<charParams l="502" t="220" r="518" b="252" charConfidence="34">g</charParams>
<charParams l="523" t="219" r="534" b="242" charConfidence="55">e</charParams>
<charParams l="537" t="218" r="564" b="242" charConfidence="51">m</charParams>
<charParams l="569" t="219" r="581" b="243" charConfidence="32">e</charParams>
<charParams l="584" t="211" r="591" b="242" charConfidence="30">i</charParams>
<charParams l="595" t="218" r="612" b="242" charConfidence="100">n</charParams>
<charParams l="616" t="216" r="626" b="242" charConfidence="35">t</charParams>
<charParams l="627" t="211" r="648" b="250"> </charParams>
<charParams l="649" t="211" r="663" b="250" charConfidence="100">s</charParams>
<charParams l="661" t="219" r="673" b="243" charConfidence="27">e</charParams>
<charParams l="676" t="220" r="692" b="252" charConfidence="30">y</charParams>
<charParams l="695" t="235" r="704" b="245" charConfidence="69">.</charParams></formatting></line></par>
<par align="Justified" startIndent="2220" lineSpacing="1488">
<line baseline="370" l="259" t="333" r="981" b="376"><formatting lang="OldGerman">
<charParams l="259" t="342" r="293" b="374" charConfidence="77">D</charParams>
<charParams l="297" t="350" r="312" b="372" charConfidence="25">a</charParams>
<charParams l="316" t="345" r="332" b="373" charConfidence="100">s</charParams>
<charParams l="333" t="345" r="352" b="373"> </charParams>
<charParams l="353" t="348" r="378" b="372" suspicious="1" charConfidence="26">w</charParams>
<charParams l="382" t="341" r="390" b="371" charConfidence="27">i</charParams>
<charParams l="394" t="339" r="403" b="370" charConfidence="44">l</charParams>
<charParams l="403" t="338" r="413" b="370" charConfidence="63">l</charParams>
<charParams l="414" t="338" r="433" b="370"> </charParams>
<charParams l="434" t="338" r="443" b="369" charConfidence="63">i</charParams>
<charParams l="445" t="336" r="472" b="374" charConfidence="60">c</charParams>
<charParams l="445" t="336" r="472" b="374" charConfidence="60">h</charParams>
<charParams l="473" t="336" r="495" b="374"> </charParams>
<charParams l="496" t="341" r="522" b="368" suspicious="1" charConfidence="25">w</charParams>
<charParams l="527" t="343" r="540" b="366" charConfidence="33">o</charParams>
<charParams l="545" t="333" r="562" b="375" charConfidence="57">h</charParams>
<charParams l="566" t="335" r="575" b="366" charConfidence="78">l</charParams>
<charParams l="576" t="335" r="596" b="374"> </charParams>
<charParams l="597" t="342" r="614" b="374" charConfidence="55">g</charParams>
<charParams l="618" t="341" r="630" b="365" charConfidence="100">e</charParams>
<charParams l="633" t="340" r="646" b="365" charConfidence="39">r</charParams>
<charParams l="649" t="341" r="666" b="365" charConfidence="77">n</charParams>
<charParams l="670" t="342" r="683" b="367" charConfidence="26">e</charParams>
<charParams l="684" t="338" r="705" b="367"> </charParams>
<charParams l="706" t="338" r="718" b="366" charConfidence="48">t</charParams>
<charParams l="721" t="335" r="737" b="376" charConfidence="90">h</charParams>
<charParams l="742" t="345" r="758" b="368" charConfidence="34">u</charParams>
<charParams l="762" t="344" r="780" b="369" charConfidence="34">n</charParams>
<charParams l="782" t="361" r="792" b="376" charConfidence="100">,</charParams>
<charParams l="793" t="349" r="816" b="376"> </charParams>
<charParams l="817" t="349" r="829" b="371" charConfidence="27">e</charParams>
<charParams l="833" t="348" r="845" b="371" charConfidence="24">r</charParams>
<charParams l="847" t="346" r="873" b="372" charConfidence="41">w</charParams>
<charParams l="877" t="341" r="885" b="372" charConfidence="100">i</charParams>
<charParams l="888" t="350" r="900" b="373" charConfidence="28">e</charParams>
<charParams l="903" t="342" r="918" b="373" charConfidence="39">d</charParams>
<charParams l="923" t="349" r="934" b="373" charConfidence="27">e</charParams>
<charParams l="938" t="348" r="951" b="372" charConfidence="100">r</charParams>
<charParams l="954" t="345" r="964" b="372" charConfidence="100">t</charParams>
<charParams l="968" t="350" r="981" b="372" charConfidence="25">e</charParams></formatting></line>
<line baseline="430" l="192" t="396" r="980" b="441"><formatting lang="OldGerman">
<charParams l="192" t="407" r="208" b="436" charConfidence="39">d</charParams>
<charParams l="211" t="413" r="223" b="435" charConfidence="34">e</charParams>
<charParams l="226" t="413" r="240" b="436" charConfidence="33">r</charParams>
<charParams l="241" t="402" r="258" b="441"> </charParams>
<charParams l="259" t="402" r="291" b="441" suspicious="1" charConfidence="25">H</charParams>
<charParams l="295" t="412" r="310" b="433" charConfidence="35">a</charParams>
<charParams l="315" t="411" r="331" b="434" suspicious="1" charConfidence="24">u</charParams>
<charParams l="335" t="410" r="351" b="440" charConfidence="99">p</charParams>
<charParams l="355" t="406" r="364" b="432" charConfidence="66">t</charParams>
<charParams l="367" t="409" r="394" b="432" charConfidence="100">m</charParams>
<charParams l="398" t="408" r="413" b="431" charConfidence="45">a</charParams>
<charParams l="417" t="407" r="434" b="430" charConfidence="27">n</charParams>
<charParams l="437" t="406" r="455" b="429" charConfidence="68">n</charParams>
<charParams l="463" t="418" r="473" b="436" charConfidence="65">,</charParams>
<charParams l="474" t="405" r="496" b="436"> </charParams>
<charParams l="497" t="405" r="514" b="435" charConfidence="62">g</charParams>
<charParams l="518" t="405" r="530" b="427" charConfidence="65">e</charParams>
<charParams l="532" t="405" r="548" b="435" charConfidence="81">g</charParams>
<charParams l="552" t="405" r="563" b="427" charConfidence="26">e</charParams>
<charParams l="567" t="404" r="584" b="427" charConfidence="43">n</charParams>
<charParams l="585" t="397" r="609" b="427"> </charParams>
<charParams l="610" t="397" r="625" b="426" charConfidence="31">d</charParams>
<charParams l="629" t="404" r="641" b="427" charConfidence="55">e</charParams>
<charParams l="644" t="403" r="662" b="427" charConfidence="100">n</charParams>
<charParams l="663" t="396" r="686" b="436"> </charParams>
<charParams l="687" t="396" r="701" b="436" charConfidence="52">s</charParams>
<charParams l="698" t="397" r="706" b="427" charConfidence="25">i</charParams>
<charParams l="708" t="396" r="735" b="434" charConfidence="84">c</charParams>
<charParams l="708" t="396" r="735" b="434" charConfidence="84">h</charParams>
<charParams l="736" t="396" r="759" b="434"> </charParams>
<charParams l="760" t="397" r="785" b="430" charConfidence="35">C</charParams>
<charParams l="788" t="398" r="805" b="440" charConfidence="64">h</charParams>
<charParams l="809" t="408" r="824" b="430" charConfidence="100">a</charParams>
<charParams l="828" t="408" r="841" b="431" charConfidence="44">r</charParams>
<charParams l="844" t="402" r="852" b="432" charConfidence="66">l</charParams>
<charParams l="855" t="409" r="870" b="432" charConfidence="51">o</charParams>
<charParams l="874" t="407" r="884" b="432" charConfidence="44">t</charParams>
<charParams l="888" t="407" r="898" b="433" charConfidence="50">t</charParams>
<charParams l="900" t="410" r="914" b="433" charConfidence="46">e</charParams>
<charParams l="915" t="410" r="935" b="441"> </charParams>
<charParams l="936" t="411" r="953" b="441" charConfidence="45">g</charParams>
<charParams l="957" t="411" r="969" b="434" charConfidence="24">e</charParams>
<charParams l="971" t="416" r="980" b="429" charConfidence="22">¬</charParams></formatting></line>
<line baseline="491" l="188" t="457" r="978" b="503"><formatting lang="OldGerman">
<charParams l="188" t="472" r="215" b="497" charConfidence="28">w</charParams>
<charParams l="218" t="473" r="231" b="496" charConfidence="41">e</charParams>
<charParams l="234" t="473" r="251" b="496" charConfidence="28">n</charParams>
<charParams l="254" t="467" r="270" b="495" charConfidence="29">d</charParams>
<charParams l="273" t="470" r="287" b="494" charConfidence="100">e</charParams>
<charParams l="288" t="467" r="300" b="493" charConfidence="64">t</charParams>
<charParams l="301" t="462" r="327" b="503"> </charParams>
<charParams l="328" t="462" r="346" b="503" suspicious="1" charConfidence="27">h</charParams>
<charParams l="350" t="470" r="365" b="492" charConfidence="54">a</charParams>
<charParams l="370" t="467" r="380" b="492" charConfidence="31">t</charParams>
<charParams l="382" t="466" r="393" b="492" charConfidence="37">t</charParams>
<charParams l="395" t="469" r="408" b="492" charConfidence="26">e</charParams>
<charParams l="419" t="468" r="428" b="497" charConfidence="100">;</charParams>
<charParams l="429" t="457" r="466" b="497"> </charParams>
<charParams l="467" t="457" r="483" b="496" charConfidence="94">f</charParams>
<charParams l="481" t="467" r="494" b="489" charConfidence="57">r</charParams>
<charParams l="497" t="466" r="509" b="489" charConfidence="37">e</charParams>
<charParams l="512" t="467" r="527" b="498" charConfidence="31">y</charParams>
<charParams l="532" t="459" r="541" b="490" charConfidence="54">l</charParams>
<charParams l="543" t="458" r="550" b="489" charConfidence="28">i</charParams>
<charParams l="554" t="458" r="581" b="496" charConfidence="80">c</charParams>
<charParams l="554" t="458" r="581" b="496" charConfidence="80">h</charParams>
<charParams l="582" t="458" r="605" b="496"> </charParams>
<charParams l="606" t="465" r="623" b="490" charConfidence="31">n</charParams>
<charParams l="627" t="466" r="644" b="489" charConfidence="49">u</charParams>
<charParams l="648" t="466" r="662" b="490" charConfidence="31">r</charParams>
<charParams l="663" t="458" r="685" b="496"> </charParams>
<charParams l="686" t="458" r="699" b="496" charConfidence="54">s</charParams>
<charParams l="698" t="466" r="712" b="489" charConfidence="48">o</charParams>
<charParams l="713" t="466" r="735" b="498"> </charParams>
<charParams l="736" t="466" r="752" b="498" charConfidence="62">g</charParams>
<charParams l="757" t="466" r="774" b="490" charConfidence="33">u</charParams>
<charParams l="777" t="464" r="788" b="491" charConfidence="91">t</charParams>
<charParams l="789" t="464" r="810" b="491"> </charParams>
<charParams l="811" t="467" r="827" b="491" charConfidence="26">a</charParams>
<charParams l="831" t="461" r="840" b="491" charConfidence="44">l</charParams>
<charParams l="842" t="464" r="858" b="492" charConfidence="100">s</charParams>
<charParams l="859" t="462" r="882" b="492"> </charParams>
<charParams l="883" t="462" r="891" b="492" charConfidence="100">i</charParams>
<charParams l="894" t="461" r="921" b="498" charConfidence="100">c</charParams>
<charParams l="894" t="461" r="921" b="498" charConfidence="100">h</charParams>
<charParams l="922" t="461" r="945" b="498"> </charParams>
<charParams l="946" t="471" r="958" b="494" charConfidence="38">e</charParams>
<charParams l="962" t="468" r="978" b="496" charConfidence="100">s</charParams></formatting></line>
<line baseline="553" l="186" t="519" r="978" b="563"><formatting lang="OldGerman">
<charParams l="186" t="535" r="203" b="557" charConfidence="27">v</charParams>
<charParams l="207" t="531" r="219" b="556" charConfidence="55">e</charParams>
<charParams l="221" t="533" r="235" b="556" charConfidence="100">r</charParams>
<charParams l="238" t="529" r="265" b="555" charConfidence="25">m</charParams>
<charParams l="268" t="533" r="283" b="554" charConfidence="100">a</charParams>
<charParams l="286" t="532" r="303" b="562" charConfidence="26">g</charParams>
<charParams l="305" t="545" r="314" b="560" charConfidence="100">,</charParams>
<charParams l="315" t="529" r="337" b="560"> </charParams>
<charParams l="338" t="529" r="364" b="554" charConfidence="29">w</charParams>
<charParams l="369" t="521" r="377" b="552" charConfidence="-1">i</charParams>
<charParams l="380" t="529" r="393" b="554" charConfidence="31">e</charParams>
<charParams l="394" t="522" r="414" b="555"> </charParams>
<charParams l="415" t="522" r="425" b="555" charConfidence="27">i</charParams>
<charParams l="428" t="521" r="455" b="560" charConfidence="72">c</charParams>
<charParams l="428" t="521" r="455" b="560" charConfidence="72">h</charParams>
<charParams l="456" t="521" r="479" b="560"> </charParams>
<charParams l="480" t="530" r="492" b="553" charConfidence="26">e</charParams>
<charParams l="495" t="524" r="511" b="553" suspicious="1" charConfidence="100">s</charParams>
<charParams l="512" t="524" r="533" b="553"> </charParams>
<charParams l="534" t="529" r="547" b="553" charConfidence="26">e</charParams>
<charParams l="551" t="526" r="560" b="553" charConfidence="72">t</charParams>
<charParams l="563" t="528" r="589" b="552" charConfidence="25">w</charParams>
<charParams l="592" t="529" r="608" b="552" charConfidence="54">a</charParams>
<charParams l="609" t="529" r="631" b="552"> </charParams>
<charParams l="632" t="529" r="649" b="552" charConfidence="26">v</charParams>
<charParams l="654" t="528" r="667" b="552" charConfidence="37">o</charParams>
<charParams l="672" t="529" r="686" b="552" charConfidence="28">r</charParams>
<charParams l="687" t="528" r="707" b="563"> </charParams>
<charParams l="708" t="528" r="720" b="563" charConfidence="38">z</charParams>
<charParams l="724" t="529" r="736" b="553" charConfidence="29">e</charParams>
<charParams l="739" t="519" r="756" b="562" charConfidence="78">h</charParams>
<charParams l="760" t="529" r="778" b="552" charConfidence="61">n</charParams>
<charParams l="779" t="519" r="793" b="558"> </charParams>
<charParams l="794" t="519" r="824" b="558" charConfidence="-1">J</charParams>
<charParams l="827" t="529" r="842" b="552" charConfidence="24">a</charParams>
<charParams l="846" t="520" r="863" b="562" charConfidence="65">h</charParams>
<charParams l="867" t="529" r="880" b="553" charConfidence="100">r</charParams>
<charParams l="883" t="531" r="895" b="553" charConfidence="93">e</charParams>
<charParams l="898" t="530" r="916" b="553" charConfidence="32">n</charParams>
<charParams l="917" t="530" r="933" b="563"> </charParams>
<charParams l="934" t="532" r="950" b="563" charConfidence="39">g</charParams>
<charParams l="954" t="533" r="966" b="556" charConfidence="46">e</charParams>
<charParams l="969" t="538" r="978" b="553" charConfidence="100">¬</charParams></formatting></line>
<line baseline="618" l="186" t="582" r="976" b="627"><formatting lang="OldGerman">
<charParams l="186" t="588" r="195" b="621" charConfidence="43">l</charParams>
<charParams l="198" t="597" r="209" b="621" charConfidence="100">e</charParams>
<charParams l="212" t="595" r="225" b="620" charConfidence="48">r</charParams>
<charParams l="228" t="596" r="244" b="619" charConfidence="68">n</charParams>
<charParams l="248" t="593" r="259" b="620" charConfidence="58">t</charParams>
<charParams l="267" t="611" r="276" b="627" charConfidence="58">,</charParams>
<charParams l="277" t="594" r="313" b="627"> </charParams>
<charParams l="314" t="594" r="340" b="619" charConfidence="44">w</charParams>
<charParams l="344" t="587" r="352" b="618" charConfidence="100">i</charParams>
<charParams l="356" t="595" r="368" b="619" charConfidence="40">e</charParams>
<charParams l="369" t="587" r="397" b="619"> </charParams>
<charParams l="398" t="587" r="407" b="618" charConfidence="64">i</charParams>
<charParams l="411" t="586" r="437" b="625" charConfidence="80">c</charParams>
<charParams l="411" t="586" r="437" b="625" charConfidence="80">h</charParams>
<charParams l="438" t="586" r="462" b="625"> </charParams>
<charParams l="463" t="595" r="474" b="618" suspicious="1" charConfidence="30">c</charParams>
<charParams l="478" t="589" r="494" b="618" suspicious="1" charConfidence="100">S</charParams>
<charParams l="495" t="589" r="517" b="626"> </charParams>
<charParams l="518" t="594" r="534" b="626" charConfidence="63">g</charParams>
<charParams l="538" t="594" r="550" b="617" charConfidence="32">e</charParams>
<charParams l="554" t="587" r="561" b="617" charConfidence="40">l</charParams>
<charParams l="565" t="594" r="576" b="616" charConfidence="28">e</charParams>
<charParams l="581" t="584" r="593" b="621" charConfidence="100">s</charParams>
<charParams l="593" t="594" r="605" b="617" charConfidence="25">e</charParams>
<charParams l="607" t="593" r="625" b="616" charConfidence="72">n</charParams>
<charParams l="626" t="583" r="649" b="625"> </charParams>
<charParams l="650" t="583" r="667" b="625" suspicious="1" charConfidence="60">h</charParams>
<charParams l="672" t="592" r="687" b="615" charConfidence="27">a</charParams>
<charParams l="691" t="583" r="706" b="617" charConfidence="31">b</charParams>
<charParams l="710" t="593" r="723" b="617" charConfidence="28">e</charParams>
<charParams l="725" t="608" r="733" b="616" charConfidence="100">.</charParams>
<charParams l="734" t="582" r="779" b="616"> </charParams>
<charParams l="780" t="582" r="808" b="616" charConfidence="41">O</charParams>
<charParams l="813" t="583" r="828" b="617" charConfidence="26">b</charParams>
<charParams l="829" t="583" r="852" b="617"> </charParams>
<charParams l="853" t="592" r="881" b="615" charConfidence="100">m</charParams>
<charParams l="885" t="593" r="899" b="616" charConfidence="100">a</charParams>
<charParams l="904" t="592" r="921" b="616" charConfidence="58">n</charParams>
<charParams l="922" t="588" r="945" b="617"> </charParams>
<charParams l="946" t="588" r="954" b="617" charConfidence="31">i</charParams>
<charParams l="958" t="595" r="976" b="618" charConfidence="28">n</charParams></formatting></line>
<line baseline="682" l="186" t="647" r="974" b="690"><formatting lang="OldGerman">
<charParams l="186" t="655" r="201" b="685" charConfidence="33">d</charParams>
<charParams l="206" t="663" r="217" b="685" charConfidence="25">e</charParams>
<charParams l="221" t="662" r="234" b="684" charConfidence="24">r</charParams>
<charParams l="235" t="659" r="274" b="684"> </charParams>
<charParams l="275" t="659" r="301" b="684" charConfidence="31">w</charParams>
<charParams l="306" t="654" r="313" b="684" charConfidence="40">i</charParams>
<charParams l="317" t="651" r="340" b="689" charConfidence="89">s</charParams>
<charParams l="317" t="651" r="340" b="689" charConfidence="89">s</charParams>
<charParams l="340" t="660" r="351" b="683" charConfidence="38">e</charParams>
<charParams l="355" t="660" r="371" b="683" charConfidence="72">n</charParams>
<charParams l="376" t="651" r="388" b="690" charConfidence="100">s</charParams>
<charParams l="387" t="650" r="413" b="689" charConfidence="27">c</charParams>
<charParams l="387" t="650" r="413" b="689" suspicious="1" charConfidence="27">h</charParams>
<charParams l="417" t="660" r="432" b="683" charConfidence="100">a</charParams>
<charParams l="436" t="650" r="459" b="689" charConfidence="80">f</charParams>
<charParams l="436" t="650" r="459" b="689" charConfidence="80">t</charParams>
<charParams l="463" t="651" r="470" b="683" charConfidence="100">l</charParams>
<charParams l="473" t="651" r="481" b="683" charConfidence="54">i</charParams>
<charParams l="485" t="650" r="511" b="689" charConfidence="55">c</charParams>
<charParams l="485" t="650" r="511" b="689" suspicious="1" charConfidence="55">h</charParams>
<charParams l="515" t="659" r="526" b="683" charConfidence="25">e</charParams>
<charParams l="530" t="659" r="548" b="683" charConfidence="43">n</charParams>
<charParams l="549" t="647" r="580" b="683"> </charParams>
<charParams l="581" t="647" r="621" b="682" charConfidence="30">W</charParams>
<charParams l="624" t="658" r="636" b="682" charConfidence="30">e</charParams>
<charParams l="640" t="650" r="648" b="682" charConfidence="60">l</charParams>
<charParams l="651" t="654" r="661" b="682" charConfidence="33">t</charParams>
<charParams l="662" t="654" r="692" b="682"> </charParams>
<charParams l="693" t="658" r="711" b="681" charConfidence="100">n</charParams>
<charParams l="715" t="658" r="729" b="682" charConfidence="51">o</charParams>
<charParams l="732" t="648" r="759" b="688" charConfidence="100">c</charParams>
<charParams l="732" t="648" r="759" b="688" charConfidence="100">h</charParams>
<charParams l="760" t="648" r="792" b="688"> </charParams>
<charParams l="793" t="649" r="806" b="688" charConfidence="73">s</charParams>
<charParams l="805" t="658" r="819" b="681" charConfidence="78">o</charParams>
<charParams l="820" t="651" r="851" b="681"> </charParams>
<charParams l="852" t="651" r="867" b="680" charConfidence="25">d</charParams>
<charParams l="871" t="656" r="886" b="680" charConfidence="44">a</charParams>
<charParams l="890" t="657" r="903" b="680" charConfidence="100">r</charParams>
<charParams l="906" t="647" r="922" b="680" charConfidence="25">ü</charParams>
<charParams l="927" t="648" r="942" b="680" charConfidence="70">b</charParams>
<charParams l="946" t="657" r="958" b="680" charConfidence="36">e</charParams>
<charParams l="961" t="657" r="974" b="681" charConfidence="33">r</charParams></formatting></line>
<line baseline="746" l="185" t="709" r="972" b="757"><formatting lang="OldGerman">
<charParams l="185" t="719" r="200" b="748" charConfidence="26">d</charParams>
<charParams l="204" t="725" r="216" b="748" charConfidence="27">e</charParams>
<charParams l="219" t="726" r="235" b="748" charConfidence="70">n</charParams>
<charParams l="240" t="716" r="252" b="747" charConfidence="27">k</charParams>
<charParams l="255" t="721" r="265" b="748" charConfidence="34">t</charParams>
<charParams l="276" t="739" r="285" b="754" charConfidence="79">,</charParams>
<charParams l="286" t="725" r="332" b="754"> </charParams>
<charParams l="333" t="725" r="348" b="748" charConfidence="42">o</charParams>
<charParams l="352" t="715" r="368" b="748" charConfidence="28">b</charParams>
<charParams l="369" t="715" r="407" b="748"> </charParams>
<charParams l="408" t="724" r="420" b="747" charConfidence="38">e</charParams>
<charParams l="423" t="719" r="438" b="747" charConfidence="100">s</charParams>
<charParams l="439" t="719" r="469" b="757"> </charParams>
<charParams l="470" t="723" r="482" b="757" charConfidence="25">z</charParams>
<charParams l="486" t="724" r="503" b="748" charConfidence="32">u</charParams>
<charParams l="504" t="717" r="535" b="748"> </charParams>
<charParams l="536" t="717" r="551" b="746" charConfidence="31">d</charParams>
<charParams l="555" t="723" r="566" b="747" charConfidence="26">e</charParams>
<charParams l="570" t="723" r="588" b="747" charConfidence="54">n</charParams>
<charParams l="589" t="723" r="618" b="747"> </charParams>
<charParams l="619" t="723" r="637" b="746" charConfidence="92">n</charParams>
<charParams l="641" t="722" r="653" b="746" charConfidence="37">e</charParams>
<charParams l="656" t="723" r="672" b="746" charConfidence="78">u</charParams>
<charParams l="677" t="722" r="689" b="746" charConfidence="31">e</charParams>
<charParams l="691" t="722" r="704" b="746" charConfidence="100">r</charParams>
<charParams l="708" t="722" r="726" b="746" charConfidence="54">n</charParams>
<charParams l="727" t="712" r="754" b="747"> </charParams>
<charParams l="755" t="712" r="773" b="747" charConfidence="36">L</charParams>
<charParams l="777" t="722" r="788" b="746" charConfidence="24">e</charParams>
<charParams l="792" t="712" r="808" b="754" charConfidence="100">h</charParams>
<charParams l="813" t="722" r="825" b="746" charConfidence="33">r</charParams>
<charParams l="828" t="722" r="841" b="746" charConfidence="58">e</charParams>
<charParams l="843" t="721" r="861" b="745" charConfidence="100">n</charParams>
<charParams l="862" t="720" r="892" b="750"> </charParams>
<charParams l="893" t="720" r="909" b="750" charConfidence="47">p</charParams>
<charParams l="913" t="721" r="928" b="744" charConfidence="28">a</charParams>
<charParams l="932" t="709" r="948" b="750" charConfidence="29">ß</charParams>
<charParams l="952" t="717" r="962" b="743" charConfidence="35">t</charParams>
<charParams l="964" t="735" r="972" b="748" charConfidence="60">,</charParams></formatting></line>
<line baseline="809" l="182" t="778" r="613" b="818"><formatting lang="OldGerman">
<charParams l="182" t="786" r="209" b="811" charConfidence="32">w</charParams>
<charParams l="213" t="778" r="230" b="810" charConfidence="54">ü</charParams>
<charParams l="233" t="780" r="249" b="816" charConfidence="30">ß</charParams>
<charParams l="252" t="784" r="263" b="810" charConfidence="48">t</charParams>
<charParams l="266" t="787" r="278" b="810" charConfidence="26">e</charParams>
<charParams l="279" t="779" r="300" b="810"> </charParams>
<charParams l="301" t="779" r="309" b="810" charConfidence="31">i</charParams>
<charParams l="313" t="779" r="340" b="817" charConfidence="75">c</charParams>
<charParams l="313" t="779" r="340" b="817" charConfidence="75">h</charParams>
<charParams l="341" t="779" r="363" b="817"> </charParams>
<charParams l="364" t="786" r="382" b="809" charConfidence="67">n</charParams>
<charParams l="386" t="780" r="394" b="810" charConfidence="100">i</charParams>
<charParams l="397" t="778" r="423" b="816" charConfidence="100">c</charParams>
<charParams l="397" t="778" r="423" b="816" charConfidence="100">h</charParams>
<charParams l="428" t="782" r="438" b="809" charConfidence="60">t</charParams>
<charParams l="439" t="782" r="460" b="818"> </charParams>
<charParams l="461" t="787" r="473" b="818" charConfidence="32">z</charParams>
<charParams l="477" t="785" r="495" b="809" charConfidence="48">u</charParams>
<charParams l="496" t="778" r="518" b="816"> </charParams>
<charParams l="519" t="778" r="532" b="816" charConfidence="100">s</charParams>
<charParams l="530" t="785" r="545" b="807" charConfidence="100">a</charParams>
<charParams l="548" t="786" r="565" b="816" charConfidence="27">g</charParams>
<charParams l="569" t="786" r="581" b="809" charConfidence="27">e</charParams>
<charParams l="583" t="785" r="601" b="809" charConfidence="100">n</charParams>
<charParams l="605" t="800" r="613" b="808" charConfidence="75">.</charParams></formatting></line></par>
<par align="Justified" startIndent="2220" lineSpacing="1488">
<line baseline="925" l="244" t="892" r="991" b="935"><formatting lang="OldGerman">
<charParams l="244" t="897" r="271" b="928" charConfidence="32">E</charParams>
<charParams l="274" t="901" r="290" b="928" charConfidence="100">s</charParams>
<charParams l="291" t="899" r="309" b="928"> </charParams>
<charParams l="310" t="899" r="322" b="928" suspicious="1" charConfidence="23">i</charParams>
<charParams l="326" t="899" r="347" b="935" suspicious="1" charConfidence="29">s</charParams>
<charParams l="326" t="899" r="347" b="935" suspicious="1" charConfidence="29">t</charParams>
<charParams l="348" t="895" r="367" b="935"> </charParams>
<charParams l="368" t="895" r="383" b="934" charConfidence="26">s</charParams>
<charParams l="381" t="896" r="408" b="933" charConfidence="100">c</charParams>
<charParams l="381" t="896" r="408" b="933" suspicious="1" charConfidence="100">h</charParams>
<charParams l="411" t="898" r="420" b="927" charConfidence="61">l</charParams>
<charParams l="422" t="898" r="431" b="927" charConfidence="100">i</charParams>
<charParams l="433" t="903" r="461" b="927" charConfidence="84">m</charParams>
<charParams l="464" t="904" r="494" b="927" charConfidence="87">m</charParams>
<charParams l="495" t="904" r="514" b="934"> </charParams>
<charParams l="515" t="904" r="533" b="934" charConfidence="25">g</charParams>
<charParams l="537" t="905" r="550" b="927" charConfidence="26">e</charParams>
<charParams l="552" t="904" r="569" b="926" charConfidence="45">n</charParams>
<charParams l="572" t="904" r="590" b="926" charConfidence="50">u</charParams>
<charParams l="593" t="904" r="610" b="933" charConfidence="35">g</charParams>
<charParams l="618" t="917" r="628" b="931" charConfidence="100">,</charParams>
<charParams l="629" t="903" r="656" b="931"> </charParams>
<charParams l="657" t="903" r="672" b="926" charConfidence="44">r</charParams>
<charParams l="674" t="897" r="683" b="926" charConfidence="100">i</charParams>
<charParams l="685" t="904" r="698" b="926" charConfidence="29">e</charParams>
<charParams l="700" t="895" r="714" b="931" charConfidence="38">f</charParams>
<charParams l="715" t="893" r="734" b="931"> </charParams>
<charParams l="735" t="893" r="763" b="926" charConfidence="25">E</charParams>
<charParams l="764" t="897" r="779" b="925" charConfidence="28">d</charParams>
<charParams l="783" t="903" r="801" b="925" charConfidence="34">u</charParams>
<charParams l="803" t="902" r="820" b="925" charConfidence="100">a</charParams>
<charParams l="822" t="902" r="836" b="925" charConfidence="70">r</charParams>
<charParams l="839" t="892" r="854" b="924" charConfidence="38">d</charParams>
<charParams l="862" t="916" r="873" b="931" charConfidence="100">,</charParams>
<charParams l="874" t="896" r="912" b="931"> </charParams>
<charParams l="913" t="896" r="929" b="926" suspicious="1" charConfidence="47">b</charParams>
<charParams l="933" t="904" r="947" b="926" charConfidence="100">a</charParams>
<charParams l="952" t="898" r="968" b="934" charConfidence="27">ß</charParams>
<charParams l="988" t="896" r="991" b="929" suspicious="1" charConfidence="100">!</charParams></formatting></line>
<line baseline="987" l="177" t="953" r="966" b="997"><formatting lang="OldGerman">
<charParams l="177" t="966" r="204" b="990" charConfidence="72">m</charParams>
<charParams l="208" t="966" r="223" b="988" charConfidence="24">a</charParams>
<charParams l="228" t="966" r="245" b="988" charConfidence="30">n</charParams>
<charParams l="246" t="959" r="273" b="995"> </charParams>
<charParams l="274" t="959" r="284" b="995" charConfidence="62">j</charParams>
<charParams l="288" t="965" r="300" b="987" charConfidence="55">e</charParams>
<charParams l="303" t="959" r="321" b="989" charConfidence="34">t</charParams>
<charParams l="303" t="959" r="321" b="989" charConfidence="34">z</charParams>
<charParams l="323" t="961" r="335" b="987" charConfidence="34">t</charParams>
<charParams l="336" t="961" r="368" b="987"> </charParams>
<charParams l="369" t="963" r="386" b="986" charConfidence="34">n</charParams>
<charParams l="389" t="955" r="398" b="986" charConfidence="52">i</charParams>
<charParams l="401" t="955" r="428" b="991" charConfidence="65">c</charParams>
<charParams l="401" t="955" r="428" b="991" charConfidence="65">h</charParams>
<charParams l="432" t="959" r="443" b="985" charConfidence="29">t</charParams>
<charParams l="444" t="957" r="461" b="985" charConfidence="100">s</charParams>
<charParams l="462" t="957" r="490" b="986"> </charParams>
<charParams l="491" t="961" r="519" b="986" charConfidence="59">m</charParams>
<charParams l="524" t="958" r="536" b="986" charConfidence="54">e</charParams>
<charParams l="539" t="955" r="556" b="994" charConfidence="35">h</charParams>
<charParams l="560" t="961" r="574" b="985" charConfidence="37">r</charParams>
<charParams l="575" t="953" r="596" b="991"> </charParams>
<charParams l="597" t="953" r="612" b="991" charConfidence="100">f</charParams>
<charParams l="610" t="954" r="627" b="985" charConfidence="53">ü</charParams>
<charParams l="631" t="963" r="645" b="986" charConfidence="25">r</charParams>
<charParams l="646" t="954" r="666" b="992"> </charParams>
<charParams l="667" t="954" r="682" b="992" charConfidence="75">s</charParams>
<charParams l="679" t="963" r="692" b="985" charConfidence="26">e</charParams>
<charParams l="695" t="954" r="703" b="986" charConfidence="27">i</charParams>
<charParams l="707" t="961" r="725" b="986" charConfidence="26">n</charParams>
<charParams l="726" t="961" r="747" b="994"> </charParams>
<charParams l="748" t="962" r="764" b="994" charConfidence="58">g</charParams>
<charParams l="768" t="962" r="784" b="986" charConfidence="28">a</charParams>
<charParams l="788" t="963" r="805" b="987" charConfidence="70">n</charParams>
<charParams l="808" t="963" r="820" b="997" charConfidence="54">z</charParams>
<charParams l="824" t="963" r="836" b="987" charConfidence="65">e</charParams>
<charParams l="839" t="959" r="855" b="988" charConfidence="100">s</charParams>
<charParams l="856" t="956" r="877" b="990"> </charParams>
<charParams l="878" t="956" r="895" b="990" charConfidence="36">L</charParams>
<charParams l="899" t="965" r="910" b="989" charConfidence="25">e</charParams>
<charParams l="915" t="957" r="929" b="989" charConfidence="58">b</charParams>
<charParams l="933" t="967" r="946" b="990" charConfidence="27">e</charParams>
<charParams l="949" t="968" r="966" b="991" charConfidence="24">n</charParams></formatting></line>
<line baseline="1050" l="174" t="1015" r="964" b="1061"><formatting lang="OldGerman">
<charParams l="174" t="1022" r="183" b="1053" charConfidence="63">l</charParams>
<charParams l="186" t="1029" r="197" b="1052" charConfidence="100">e</charParams>
<charParams l="201" t="1028" r="213" b="1051" charConfidence="28">r</charParams>
<charParams l="216" t="1027" r="233" b="1051" charConfidence="100">n</charParams>
<charParams l="237" t="1028" r="249" b="1050" charConfidence="69">e</charParams>
<charParams l="252" t="1027" r="269" b="1049" charConfidence="35">n</charParams>
<charParams l="270" t="1018" r="294" b="1049"> </charParams>
<charParams l="295" t="1018" r="307" b="1049" charConfidence="43">k</charParams>
<charParams l="310" t="1026" r="324" b="1048" charConfidence="24">a</charParams>
<charParams l="328" t="1025" r="345" b="1048" charConfidence="97">n</charParams>
<charParams l="348" t="1025" r="367" b="1048" charConfidence="49">n</charParams>
<charParams l="370" t="1039" r="378" b="1047" charConfidence="100">.</charParams>
<charParams l="379" t="1015" r="424" b="1048"> </charParams>
<charParams l="425" t="1015" r="449" b="1048" charConfidence="59">U</charParams>
<charParams l="451" t="1024" r="471" b="1047" charConfidence="26">n</charParams>
<charParams l="475" t="1016" r="487" b="1052" charConfidence="28">s</charParams>
<charParams l="486" t="1024" r="499" b="1047" charConfidence="69">r</charParams>
<charParams l="502" t="1025" r="515" b="1047" charConfidence="73">e</charParams>
<charParams l="516" t="1015" r="538" b="1048"> </charParams>
<charParams l="539" t="1015" r="569" b="1048" charConfidence="100">V</charParams>
<charParams l="572" t="1024" r="586" b="1048" charConfidence="39">o</charParams>
<charParams l="591" t="1024" r="603" b="1047" charConfidence="23">r</charParams>
<charParams l="607" t="1015" r="620" b="1054" charConfidence="42">f</charParams>
<charParams l="619" t="1025" r="634" b="1048" charConfidence="28">a</charParams>
<charParams l="639" t="1015" r="655" b="1056" charConfidence="100">h</charParams>
<charParams l="659" t="1024" r="672" b="1049" charConfidence="71">r</charParams>
<charParams l="675" t="1026" r="688" b="1050" charConfidence="26">e</charParams>
<charParams l="690" t="1025" r="708" b="1049" charConfidence="83">n</charParams>
<charParams l="709" t="1016" r="730" b="1060"> </charParams>
<charParams l="731" t="1016" r="749" b="1060" suspicious="1" charConfidence="32">h</charParams>
<charParams l="753" t="1020" r="761" b="1050" charConfidence="26">i</charParams>
<charParams l="765" t="1027" r="777" b="1050" charConfidence="47">e</charParams>
<charParams l="780" t="1019" r="789" b="1051" charConfidence="69">l</charParams>
<charParams l="791" t="1024" r="801" b="1052" charConfidence="44">t</charParams>
<charParams l="804" t="1028" r="816" b="1052" charConfidence="34">e</charParams>
<charParams l="819" t="1028" r="837" b="1052" charConfidence="100">n</charParams>
<charParams l="838" t="1020" r="860" b="1061"> </charParams>
<charParams l="861" t="1020" r="880" b="1061" charConfidence="84">s</charParams>
<charParams l="861" t="1020" r="880" b="1061" charConfidence="84">i</charParams>
<charParams l="882" t="1019" r="909" b="1059" charConfidence="30">c</charParams>
<charParams l="882" t="1019" r="909" b="1059" charConfidence="30">h</charParams>
<charParams l="910" t="1019" r="925" b="1059"> </charParams>
<charParams l="926" t="1030" r="941" b="1053" charConfidence="100">a</charParams>
<charParams l="946" t="1031" r="964" b="1054" charConfidence="48">n</charParams></formatting></line>
<line baseline="1112" l="173" t="1078" r="964" b="1123"><formatting lang="OldGerman">
<charParams l="173" t="1083" r="189" b="1113" charConfidence="28">d</charParams>
<charParams l="193" t="1090" r="205" b="1112" charConfidence="25">e</charParams>
<charParams l="207" t="1089" r="225" b="1112" charConfidence="88">n</charParams>
<charParams l="226" t="1079" r="248" b="1112"> </charParams>
<charParams l="249" t="1079" r="274" b="1111" charConfidence="100">U</charParams>
<charParams l="278" t="1087" r="295" b="1110" charConfidence="31">n</charParams>
<charParams l="298" t="1083" r="310" b="1110" charConfidence="78">t</charParams>
<charParams l="312" t="1087" r="324" b="1110" charConfidence="41">e</charParams>
<charParams l="326" t="1086" r="340" b="1109" charConfidence="76">r</charParams>
<charParams l="343" t="1086" r="355" b="1109" charConfidence="25">r</charParams>
<charParams l="359" t="1079" r="366" b="1108" charConfidence="25">i</charParams>
<charParams l="369" t="1078" r="396" b="1115" charConfidence="100">c</charParams>
<charParams l="369" t="1078" r="396" b="1115" charConfidence="100">h</charParams>
<charParams l="400" t="1083" r="411" b="1109" charConfidence="62">t</charParams>
<charParams l="419" t="1101" r="428" b="1115" charConfidence="93">,</charParams>
<charParams l="429" t="1080" r="469" b="1115"> </charParams>
<charParams l="470" t="1080" r="486" b="1110" charConfidence="60">d</charParams>
<charParams l="490" t="1087" r="502" b="1110" charConfidence="50">e</charParams>
<charParams l="505" t="1086" r="523" b="1109" charConfidence="58">n</charParams>
<charParams l="524" t="1079" r="547" b="1118"> </charParams>
<charParams l="548" t="1079" r="566" b="1118" charConfidence="52">s</charParams>
<charParams l="548" t="1079" r="566" b="1118" charConfidence="52">i</charParams>
<charParams l="568" t="1088" r="581" b="1111" charConfidence="28">e</charParams>
<charParams l="582" t="1080" r="605" b="1111"> </charParams>
<charParams l="606" t="1080" r="613" b="1111" charConfidence="100">i</charParams>
<charParams l="617" t="1087" r="634" b="1111" charConfidence="25">n</charParams>
<charParams l="635" t="1082" r="658" b="1113"> </charParams>
<charParams l="659" t="1082" r="667" b="1113" charConfidence="49">i</charParams>
<charParams l="671" t="1079" r="687" b="1120" charConfidence="100">h</charParams>
<charParams l="692" t="1089" r="704" b="1113" charConfidence="32">r</charParams>
<charParams l="707" t="1090" r="719" b="1113" charConfidence="36">e</charParams>
<charParams l="722" t="1090" r="736" b="1114" charConfidence="68">r</charParams>
<charParams l="737" t="1081" r="756" b="1121"> </charParams>
<charParams l="757" t="1081" r="787" b="1121" charConfidence="100">J</charParams>
<charParams l="791" t="1091" r="807" b="1115" charConfidence="27">u</charParams>
<charParams l="810" t="1092" r="826" b="1123" charConfidence="27">g</charParams>
<charParams l="831" t="1092" r="843" b="1115" charConfidence="57">e</charParams>
<charParams l="846" t="1093" r="863" b="1115" charConfidence="87">n</charParams>
<charParams l="868" t="1087" r="883" b="1115" charConfidence="28">d</charParams>
<charParams l="884" t="1087" r="908" b="1116"> </charParams>
<charParams l="909" t="1093" r="920" b="1116" charConfidence="100">e</charParams>
<charParams l="924" t="1091" r="951" b="1114" charConfidence="30">m</charParams>
<charParams l="955" t="1097" r="964" b="1110" charConfidence="100">¬</charParams></formatting></line>
<line baseline="1175" l="170" t="1140" r="961" b="1185"><formatting lang="OldGerman">
<charParams l="170" t="1152" r="187" b="1182" charConfidence="41">p</charParams>
<charParams l="191" t="1141" r="205" b="1181" charConfidence="64">f</charParams>
<charParams l="203" t="1151" r="218" b="1173" charConfidence="28">a</charParams>
<charParams l="223" t="1150" r="239" b="1172" charConfidence="61">n</charParams>
<charParams l="243" t="1148" r="259" b="1180" charConfidence="55">g</charParams>
<charParams l="263" t="1149" r="275" b="1172" charConfidence="26">e</charParams>
<charParams l="278" t="1148" r="295" b="1172" charConfidence="25">n</charParams>
<charParams l="296" t="1148" r="305" b="1179"> </charParams>
<charParams l="306" t="1150" r="315" b="1179" charConfidence="46">;</charParams>
<charParams l="316" t="1146" r="337" b="1179"> </charParams>
<charParams l="338" t="1146" r="347" b="1172" charConfidence="-1">«</charParams>
<charParams l="347" t="1147" r="368" b="1179" suspicious="1" charConfidence="12">y</charParams>
<charParams l="369" t="1140" r="376" b="1172" charConfidence="58">i</charParams>
<charParams l="380" t="1149" r="395" b="1172" charConfidence="27">r</charParams>
<charParams l="396" t="1149" r="416" b="1172"> </charParams>
<charParams l="417" t="1149" r="433" b="1172" charConfidence="27">a</charParams>
<charParams l="437" t="1140" r="452" b="1172" charConfidence="47">b</charParams>
<charParams l="456" t="1150" r="468" b="1173" charConfidence="100">e</charParams>
<charParams l="472" t="1150" r="485" b="1173" charConfidence="44">r</charParams>
<charParams l="486" t="1150" r="503" b="1174"> </charParams>
<charParams l="504" t="1150" r="532" b="1174" charConfidence="100">m</charParams>
<charParams l="535" t="1141" r="552" b="1174" charConfidence="55">ü</charParams>
<charParams l="556" t="1142" r="581" b="1179" charConfidence="100">s</charParams>
<charParams l="556" t="1142" r="581" b="1179" charConfidence="100">s</charParams>
<charParams l="580" t="1152" r="591" b="1174" charConfidence="24">e</charParams>
<charParams l="595" t="1151" r="612" b="1175" charConfidence="59">n</charParams>
<charParams l="613" t="1146" r="632" b="1184"> </charParams>
<charParams l="633" t="1146" r="642" b="1184" charConfidence="60">j</charParams>
<charParams l="646" t="1153" r="658" b="1176" charConfidence="27">e</charParams>
<charParams l="661" t="1148" r="678" b="1184" charConfidence="100">t</charParams>
<charParams l="661" t="1148" r="678" b="1184" charConfidence="100">z</charParams>
<charParams l="682" t="1150" r="693" b="1177" charConfidence="59">t</charParams>
<charParams l="694" t="1150" r="709" b="1177"> </charParams>
<charParams l="710" t="1154" r="725" b="1177" charConfidence="33">a</charParams>
<charParams l="730" t="1145" r="739" b="1177" charConfidence="90">l</charParams>
<charParams l="738" t="1146" r="747" b="1177" charConfidence="40">l</charParams>
<charParams l="750" t="1155" r="762" b="1178" charConfidence="33">e</charParams>
<charParams l="763" t="1146" r="776" b="1185"> </charParams>
<charParams l="777" t="1146" r="792" b="1185" charConfidence="54">f</charParams>
<charParams l="791" t="1146" r="808" b="1179" charConfidence="26">ü</charParams>
<charParams l="812" t="1155" r="829" b="1178" charConfidence="100">n</charParams>
<charParams l="833" t="1146" r="848" b="1185" charConfidence="100">f</charParams>
<charParams l="849" t="1145" r="858" b="1185"> </charParams>
<charParams l="859" t="1145" r="888" b="1185" charConfidence="100">J</charParams>
<charParams l="893" t="1154" r="907" b="1178" charConfidence="24">a</charParams>
<charParams l="912" t="1145" r="928" b="1185" charConfidence="88">h</charParams>
<charParams l="932" t="1154" r="945" b="1177" charConfidence="75">r</charParams>
<charParams l="949" t="1155" r="961" b="1177" charConfidence="29">e</charParams></formatting></line>
<line baseline="1238" l="169" t="1204" r="959" b="1260"><formatting lang="OldGerman">
<charParams l="169" t="1214" r="186" b="1238" charConfidence="28">u</charParams>
<charParams l="190" t="1212" r="218" b="1237" charConfidence="40">m</charParams>
<charParams l="222" t="1206" r="230" b="1236" charConfidence="63">l</charParams>
<charParams l="233" t="1213" r="244" b="1236" charConfidence="32">e</charParams>
<charParams l="249" t="1211" r="260" b="1235" charConfidence="26">r</charParams>
<charParams l="263" t="1211" r="280" b="1234" charConfidence="52">n</charParams>
<charParams l="284" t="1212" r="296" b="1234" charConfidence="25">e</charParams>
<charParams l="299" t="1211" r="316" b="1234" charConfidence="54">n</charParams>
<charParams l="325" t="1225" r="334" b="1240" charConfidence="67">,</charParams>
<charParams l="335" t="1210" r="357" b="1240"> </charParams>
<charParams l="358" t="1210" r="385" b="1234" suspicious="1" charConfidence="31">w</charParams>
<charParams l="389" t="1210" r="401" b="1233" suspicious="1" charConfidence="28">e</charParams>
<charParams l="405" t="1211" r="411" b="1234" suspicious="1" charConfidence="22">i</charParams>
<charParams l="412" t="1204" r="424" b="1235" suspicious="1" charConfidence="23">l</charParams>
<charParams l="424" t="1211" r="445" b="1235" suspicious="1" charConfidence="25">n</charParams>
<charParams l="445" t="1206" r="515" b="1260" suspicious="1" charConfidence="-1">^</charParams>
<charParams l="508" t="1213" r="521" b="1238" suspicious="1" charConfidence="39">r</charParams>
<charParams l="522" t="1213" r="544" b="1238"> </charParams>
<charParams l="545" t="1214" r="563" b="1237" charConfidence="33">n</charParams>
<charParams l="568" t="1208" r="575" b="1238" charConfidence="31">i</charParams>
<charParams l="579" t="1207" r="605" b="1244" charConfidence="55">c</charParams>
<charParams l="579" t="1207" r="605" b="1244" charConfidence="55">h</charParams>
<charParams l="610" t="1212" r="620" b="1238" charConfidence="30">t</charParams>
<charParams l="621" t="1212" r="635" b="1247"> </charParams>
<charParams l="636" t="1216" r="653" b="1247" charConfidence="29">g</charParams>
<charParams l="657" t="1216" r="672" b="1239" charConfidence="31">a</charParams>
<charParams l="676" t="1216" r="692" b="1239" charConfidence="100">n</charParams>
<charParams l="695" t="1216" r="709" b="1249" charConfidence="100">z</charParams>
<charParams l="710" t="1216" r="724" b="1249"> </charParams>
<charParams l="725" t="1217" r="741" b="1239" charConfidence="100">a</charParams>
<charParams l="746" t="1217" r="762" b="1240" charConfidence="32">u</charParams>
<charParams l="766" t="1212" r="783" b="1240" charConfidence="100">s</charParams>
<charParams l="784" t="1212" r="798" b="1241"> </charParams>
<charParams l="799" t="1212" r="814" b="1241" charConfidence="26">d</charParams>
<charParams l="818" t="1215" r="830" b="1241" charConfidence="31">e</charParams>
<charParams l="833" t="1217" r="847" b="1241" charConfidence="30">r</charParams>
<charParams l="848" t="1208" r="861" b="1241"> </charParams>
<charParams l="862" t="1208" r="906" b="1241" charConfidence="31">M</charParams>
<charParams l="909" t="1218" r="923" b="1240" charConfidence="66">o</charParams>
<charParams l="927" t="1210" r="942" b="1239" charConfidence="29">d</charParams>
<charParams l="946" t="1218" r="959" b="1240" charConfidence="26">e</charParams></formatting></line>
<line baseline="1298" l="167" t="1265" r="431" b="1301"><formatting lang="OldGerman">
<charParams l="167" t="1269" r="180" b="1301" charConfidence="54">k</charParams>
<charParams l="183" t="1278" r="196" b="1301" charConfidence="52">o</charParams>
<charParams l="201" t="1276" r="227" b="1300" charConfidence="54">m</charParams>
<charParams l="232" t="1276" r="258" b="1299" charConfidence="44">m</charParams>
<charParams l="262" t="1275" r="273" b="1298" charConfidence="26">e</charParams>
<charParams l="277" t="1274" r="294" b="1298" charConfidence="71">n</charParams>
<charParams l="295" t="1272" r="317" b="1298"> </charParams>
<charParams l="318" t="1272" r="344" b="1297" charConfidence="62">w</charParams>
<charParams l="348" t="1274" r="363" b="1296" charConfidence="43">o</charParams>
<charParams l="367" t="1265" r="375" b="1296" charConfidence="32">l</charParams>
<charParams l="376" t="1265" r="385" b="1296" charConfidence="100">l</charParams>
<charParams l="387" t="1273" r="399" b="1297" charConfidence="28">e</charParams>
<charParams l="402" t="1273" r="420" b="1297" charConfidence="24">n</charParams>
<charParams l="422" t="1288" r="431" b="1297" charConfidence="55">.</charParams></formatting></line></par>
<par align="Right" rightIndent="1100" lineSpacing="1512">
<line baseline="1423" l="229" t="1389" r="955" b="1435"><formatting lang="OldGerman">
<charParams l="229" t="1392" r="269" b="1427" charConfidence="33">W</charParams>
<charParams l="273" t="1395" r="281" b="1426" charConfidence="27">i</charParams>
<charParams l="284" t="1403" r="297" b="1425" charConfidence="73">r</charParams>
<charParams l="298" t="1390" r="319" b="1430"> </charParams>
<charParams l="320" t="1390" r="343" b="1430" charConfidence="31">F</charParams>
<charParams l="346" t="1399" r="359" b="1423" charConfidence="53">r</charParams>
<charParams l="361" t="1399" r="376" b="1423" charConfidence="24">a</charParams>
<charParams l="380" t="1398" r="398" b="1422" charConfidence="100">u</charParams>
<charParams l="401" t="1398" r="412" b="1421" charConfidence="26">e</charParams>
<charParams l="416" t="1398" r="433" b="1421" charConfidence="28">n</charParams>
<charParams l="442" t="1413" r="452" b="1429" charConfidence="79">,</charParams>
<charParams l="453" t="1390" r="475" b="1429"> </charParams>
<charParams l="476" t="1390" r="491" b="1427" charConfidence="100">s</charParams>
<charParams l="489" t="1398" r="504" b="1420" charConfidence="31">a</charParams>
<charParams l="507" t="1399" r="523" b="1429" charConfidence="57">g</charParams>
<charParams l="527" t="1394" r="538" b="1421" charConfidence="38">t</charParams>
<charParams l="540" t="1399" r="553" b="1421" charConfidence="30">e</charParams>
<charParams l="554" t="1389" r="576" b="1423"> </charParams>
<charParams l="577" t="1389" r="603" b="1423" charConfidence="31">C</charParams>
<charParams l="605" t="1390" r="621" b="1430" charConfidence="75">h</charParams>
<charParams l="626" t="1399" r="641" b="1421" charConfidence="27">a</charParams>
<charParams l="645" t="1399" r="658" b="1421" charConfidence="50">r</charParams>
<charParams l="661" t="1391" r="670" b="1422" charConfidence="87">l</charParams>
<charParams l="673" t="1400" r="687" b="1422" charConfidence="57">o</charParams>
<charParams l="691" t="1396" r="701" b="1423" charConfidence="46">t</charParams>
<charParams l="705" t="1396" r="714" b="1423" charConfidence="66">t</charParams>
<charParams l="717" t="1401" r="730" b="1423" charConfidence="44">e</charParams>
<charParams l="737" t="1415" r="747" b="1430" charConfidence="100">,</charParams>
<charParams l="748" t="1402" r="770" b="1430"> </charParams>
<charParams l="771" t="1402" r="789" b="1425" charConfidence="30">n</charParams>
<charParams l="794" t="1403" r="805" b="1425" charConfidence="27">e</charParams>
<charParams l="809" t="1394" r="825" b="1435" charConfidence="83">h</charParams>
<charParams l="829" t="1403" r="857" b="1426" charConfidence="27">m</charParams>
<charParams l="861" t="1404" r="873" b="1425" charConfidence="42">e</charParams>
<charParams l="876" t="1403" r="893" b="1426" charConfidence="36">n</charParams>
<charParams l="894" t="1403" r="922" b="1426"> </charParams>
<charParams l="923" t="1403" r="936" b="1424" charConfidence="25">e</charParams>
<charParams l="940" t="1400" r="955" b="1426" charConfidence="100">s</charParams></formatting></line>
<line baseline="1487" l="165" t="1453" r="951" b="1495"><formatting lang="OldGerman">
<charParams l="165" t="1463" r="180" b="1486" charConfidence="23">n</charParams>
<charParams l="185" t="1456" r="192" b="1486" charConfidence="27">i</charParams>
<charParams l="196" t="1456" r="222" b="1493" charConfidence="55">c</charParams>
<charParams l="196" t="1456" r="222" b="1493" charConfidence="55">h</charParams>
<charParams l="227" t="1462" r="236" b="1488" charConfidence="47">t</charParams>
<charParams l="237" t="1457" r="260" b="1495"> </charParams>
<charParams l="261" t="1457" r="274" b="1495" charConfidence="100">s</charParams>
<charParams l="273" t="1465" r="288" b="1488" charConfidence="33">o</charParams>
<charParams l="289" t="1464" r="311" b="1495"> </charParams>
<charParams l="312" t="1464" r="328" b="1495" charConfidence="59">g</charParams>
<charParams l="333" t="1465" r="344" b="1488" charConfidence="26">e</charParams>
<charParams l="348" t="1464" r="364" b="1488" charConfidence="84">n</charParams>
<charParams l="368" t="1464" r="382" b="1486" charConfidence="24">a</charParams>
<charParams l="386" t="1462" r="403" b="1487" charConfidence="30">u</charParams>
<charParams l="415" t="1463" r="425" b="1493" charConfidence="62">;</charParams>
<charParams l="426" t="1460" r="458" b="1493"> </charParams>
<charParams l="459" t="1460" r="476" b="1485" suspicious="1" charConfidence="24">u</charParams>
<charParams l="480" t="1460" r="497" b="1484" charConfidence="100">n</charParams>
<charParams l="501" t="1454" r="517" b="1484" charConfidence="27">d</charParams>
<charParams l="518" t="1454" r="540" b="1484"> </charParams>
<charParams l="541" t="1459" r="568" b="1484" charConfidence="54">w</charParams>
<charParams l="571" t="1460" r="584" b="1484" charConfidence="27">e</charParams>
<charParams l="586" t="1460" r="603" b="1484" charConfidence="49">n</charParams>
<charParams l="608" t="1460" r="626" b="1485" charConfidence="36">n</charParams>
<charParams l="627" t="1454" r="649" b="1485"> </charParams>
<charParams l="650" t="1454" r="658" b="1484" charConfidence="25">i</charParams>
<charParams l="662" t="1453" r="689" b="1492" charConfidence="61">c</charParams>
<charParams l="662" t="1453" r="689" b="1492" charConfidence="61">h</charParams>
<charParams l="690" t="1453" r="712" b="1492"> </charParams>
<charParams l="713" t="1461" r="730" b="1484" charConfidence="35">a</charParams>
<charParams l="734" t="1462" r="750" b="1486" charConfidence="41">u</charParams>
<charParams l="754" t="1454" r="768" b="1492" charConfidence="100">f</charParams>
<charParams l="767" t="1464" r="779" b="1486" charConfidence="69">r</charParams>
<charParams l="783" t="1456" r="790" b="1486" charConfidence="39">i</charParams>
<charParams l="794" t="1456" r="820" b="1494" charConfidence="55">c</charParams>
<charParams l="794" t="1456" r="820" b="1494" charConfidence="55">h</charParams>
<charParams l="824" t="1461" r="834" b="1488" charConfidence="62">t</charParams>
<charParams l="838" t="1457" r="845" b="1486" charConfidence="33">i</charParams>
<charParams l="848" t="1463" r="864" b="1493" charConfidence="55">g</charParams>
<charParams l="865" t="1455" r="888" b="1493"> </charParams>
<charParams l="889" t="1455" r="902" b="1493" charConfidence="100">s</charParams>
<charParams l="901" t="1464" r="912" b="1486" charConfidence="27">e</charParams>
<charParams l="916" t="1464" r="931" b="1495" charConfidence="100">y</charParams>
<charParams l="935" t="1465" r="951" b="1489" charConfidence="23">n</charParams></formatting></line></par>
</text>
</block>
</page>
</document>