﻿<?xml version="1.0" encoding="UTF-8" standalone="yes"?>
<document xmlns="http://www.abbyy.com/FineReader_xml/FineReader10-schema-v1.xml" version="1.0" producer="ABBYY FineReader Engine 11" languages="" xmlns:xsi="http://www.w3.org/2001/XMLSchema-instance" xsi:schemaLocation="http://www.abbyy.com/FineReader_xml/FineReader10-schema-v1.xml http://www.abbyy.com/FineReader_xml/FineReader10-schema-v1.xml">
<page width="1156" height="1782" resolution="300" originalCoords="1">
<block blockType="Text" blockName="">
<text>
<par startIndent="144">
<line baseline="88" l="576" t="59" r="618" b="89"><formatting lang="OldGerman">
<charParams l="576" t="59" r="596" b="89" suspicious="1" charConfidence="22">7</charParams>
<charParams l="599" t="60" r="618" b="88" suspicious="1" charConfidence="34">6</charParams></formatting></line></par>
</text>
</block>
<block blockType="Text" blockName="">
<text>
<par align="Justified" startIndent="2400" lineSpacing="1488">
<line baseline="176" l="267" t="141" r="988" b="187"><formatting lang="OldGerman">
<charParams l="267" t="146" r="303" b="180" charConfidence="31">S</charParams>
<charParams l="306" t="155" r="319" b="179" charConfidence="29">e</charParams>
<charParams l="321" t="156" r="337" b="187" charConfidence="29">y</charParams>
<charParams l="341" t="155" r="359" b="179" charConfidence="27">n</charParams>
<charParams l="360" t="144" r="382" b="179"> </charParams>
<charParams l="383" t="144" r="418" b="178" charConfidence="53">S</charParams>
<charParams l="421" t="147" r="430" b="177" charConfidence="41">i</charParams>
<charParams l="433" t="153" r="446" b="175" charConfidence="28">e</charParams>
<charParams l="447" t="150" r="470" b="175"> </charParams>
<charParams l="471" t="150" r="499" b="174" charConfidence="27">m</charParams>
<charParams l="504" t="149" r="516" b="173" charConfidence="28">e</charParams>
<charParams l="519" t="141" r="527" b="172" charConfidence="26">i</charParams>
<charParams l="530" t="148" r="547" b="172" charConfidence="48">n</charParams>
<charParams l="550" t="148" r="563" b="172" charConfidence="27">e</charParams>
<charParams l="565" t="148" r="579" b="171" charConfidence="55">r</charParams>
<charParams l="580" t="148" r="600" b="178"> </charParams>
<charParams l="601" t="148" r="618" b="178" charConfidence="26">g</charParams>
<charParams l="622" t="148" r="637" b="170" charConfidence="25">a</charParams>
<charParams l="641" t="147" r="658" b="171" charConfidence="79">n</charParams>
<charParams l="661" t="146" r="673" b="181" charConfidence="26">z</charParams>
<charParams l="677" t="149" r="689" b="172" charConfidence="32">e</charParams>
<charParams l="693" t="149" r="710" b="173" charConfidence="24">n</charParams>
<charParams l="711" t="142" r="733" b="176"> </charParams>
<charParams l="734" t="142" r="763" b="176" charConfidence="15">A</charParams>
<charParams l="765" t="153" r="781" b="177" charConfidence="-1">u</charParams>
<charParams l="785" t="146" r="800" b="184" charConfidence="43">f</charParams>
<charParams l="798" t="153" r="825" b="176" charConfidence="36">m</charParams>
<charParams l="829" t="154" r="841" b="177" charConfidence="67">e</charParams>
<charParams l="844" t="153" r="858" b="177" charConfidence="14">r</charParams>
<charParams l="859" t="144" r="872" b="176" charConfidence="14">k</charParams>
<charParams l="875" t="145" r="888" b="183" charConfidence="50">s</charParams>
<charParams l="886" t="154" r="901" b="176" charConfidence="0">a</charParams>
<charParams l="905" t="153" r="932" b="178" charConfidence="27">m</charParams>
<charParams l="936" t="148" r="948" b="179" charConfidence="26">k</charParams>
<charParams l="951" t="159" r="962" b="180" charConfidence="26">e</charParams>
<charParams l="966" t="152" r="974" b="181" charConfidence="29">i</charParams>
<charParams l="978" t="158" r="988" b="182" charConfidence="15">t</charParams></formatting></line>
<line baseline="238" l="199" t="199" r="986" b="249"><formatting lang="OldGerman">
<charParams l="199" t="217" r="216" b="241" charConfidence="35">v</charParams>
<charParams l="220" t="218" r="232" b="241" charConfidence="26">e</charParams>
<charParams l="235" t="217" r="249" b="241" charConfidence="36">r</charParams>
<charParams l="251" t="209" r="269" b="249" charConfidence="82">s</charParams>
<charParams l="251" t="209" r="269" b="249" charConfidence="82">i</charParams>
<charParams l="271" t="208" r="298" b="248" charConfidence="27">c</charParams>
<charParams l="271" t="208" r="298" b="248" charConfidence="27">h</charParams>
<charParams l="302" t="218" r="314" b="241" charConfidence="42">e</charParams>
<charParams l="317" t="218" r="330" b="241" charConfidence="53">r</charParams>
<charParams l="332" t="215" r="344" b="241" charConfidence="41">t</charParams>
<charParams l="350" t="232" r="360" b="247" charConfidence="100">,</charParams>
<charParams l="361" t="207" r="385" b="247"> </charParams>
<charParams l="386" t="207" r="399" b="245" charConfidence="27">s</charParams>
<charParams l="397" t="217" r="411" b="238" charConfidence="0">a</charParams>
<charParams l="415" t="215" r="430" b="245" charConfidence="36">g</charParams>
<charParams l="435" t="211" r="445" b="237" charConfidence="89">t</charParams>
<charParams l="448" t="213" r="459" b="237" charConfidence="26">e</charParams>
<charParams l="460" t="200" r="482" b="237"> </charParams>
<charParams l="483" t="200" r="508" b="235" charConfidence="33">C</charParams>
<charParams l="511" t="199" r="527" b="241" charConfidence="30">h</charParams>
<charParams l="531" t="210" r="546" b="233" charConfidence="54">a</charParams>
<charParams l="549" t="209" r="563" b="234" charConfidence="100">r</charParams>
<charParams l="566" t="202" r="574" b="233" charConfidence="53">l</charParams>
<charParams l="577" t="209" r="591" b="232" charConfidence="46">o</charParams>
<charParams l="595" t="205" r="605" b="232" charConfidence="80">t</charParams>
<charParams l="608" t="205" r="618" b="232" charConfidence="59">t</charParams>
<charParams l="621" t="209" r="634" b="233" charConfidence="24">e</charParams>
<charParams l="640" t="224" r="650" b="239" charConfidence="84">,</charParams>
<charParams l="651" t="203" r="675" b="239"> </charParams>
<charParams l="676" t="203" r="685" b="234" charConfidence="100">i</charParams>
<charParams l="687" t="211" r="705" b="236" charConfidence="84">n</charParams>
<charParams l="709" t="206" r="724" b="236" charConfidence="25">d</charParams>
<charParams l="728" t="213" r="740" b="236" charConfidence="51">e</charParams>
<charParams l="743" t="213" r="771" b="238" charConfidence="34">m</charParams>
<charParams l="772" t="209" r="795" b="248"> </charParams>
<charParams l="796" t="209" r="816" b="248" charConfidence="82">s</charParams>
<charParams l="796" t="209" r="816" b="248" charConfidence="82">i</charParams>
<charParams l="817" t="216" r="830" b="240" charConfidence="37">e</charParams>
<charParams l="831" t="208" r="850" b="240"> </charParams>
<charParams l="851" t="208" r="860" b="240" charConfidence="39">i</charParams>
<charParams l="863" t="206" r="879" b="249" charConfidence="100">h</charParams>
<charParams l="883" t="215" r="897" b="240" charConfidence="33">r</charParams>
<charParams l="900" t="216" r="912" b="240" charConfidence="76">e</charParams>
<charParams l="913" t="207" r="931" b="242"> </charParams>
<charParams l="932" t="207" r="961" b="242" charConfidence="27">A</charParams>
<charParams l="962" t="218" r="975" b="241" charConfidence="57">r</charParams>
<charParams l="977" t="223" r="986" b="238" charConfidence="22">¬</charParams></formatting></line>
<line baseline="300" l="198" t="265" r="553" b="311"><formatting lang="OldGerman">
<charParams l="198" t="270" r="215" b="304" charConfidence="25">b</charParams>
<charParams l="220" t="280" r="232" b="304" charConfidence="31">e</charParams>
<charParams l="234" t="272" r="242" b="304" charConfidence="28">i</charParams>
<charParams l="246" t="277" r="258" b="304" charConfidence="29">t</charParams>
<charParams l="259" t="270" r="279" b="304"> </charParams>
<charParams l="280" t="270" r="297" b="304" charConfidence="24">b</charParams>
<charParams l="300" t="279" r="313" b="303" charConfidence="31">e</charParams>
<charParams l="315" t="279" r="332" b="311" charConfidence="25">y</charParams>
<charParams l="333" t="267" r="355" b="311"> </charParams>
<charParams l="356" t="267" r="392" b="302" charConfidence="37">S</charParams>
<charParams l="395" t="277" r="408" b="300" charConfidence="32">e</charParams>
<charParams l="411" t="269" r="418" b="299" charConfidence="35">i</charParams>
<charParams l="422" t="272" r="432" b="299" charConfidence="100">t</charParams>
<charParams l="435" t="274" r="448" b="298" charConfidence="29">e</charParams>
<charParams l="449" t="265" r="470" b="298"> </charParams>
<charParams l="471" t="265" r="480" b="296" charConfidence="66">l</charParams>
<charParams l="483" t="272" r="495" b="295" charConfidence="30">e</charParams>
<charParams l="495" t="271" r="512" b="303" charConfidence="54">g</charParams>
<charParams l="517" t="268" r="527" b="294" charConfidence="29">t</charParams>
<charParams l="529" t="271" r="543" b="295" charConfidence="27">e</charParams>
<charParams l="544" t="286" r="553" b="295" charConfidence="72">.</charParams></formatting></line></par>
<par align="Justified" startIndent="2400" lineSpacing="1488">
<line baseline="421" l="259" t="383" r="984" b="429"><formatting lang="OldGerman">
<charParams l="259" t="393" r="285" b="425" charConfidence="53">U</charParams>
<charParams l="288" t="400" r="305" b="424" charConfidence="44">n</charParams>
<charParams l="309" t="394" r="325" b="424" charConfidence="31">d</charParams>
<charParams l="326" t="392" r="348" b="429"> </charParams>
<charParams l="349" t="392" r="363" b="429" charConfidence="100">s</charParams>
<charParams l="361" t="399" r="376" b="422" charConfidence="29">o</charParams>
<charParams l="377" t="389" r="399" b="422"> </charParams>
<charParams l="400" t="389" r="416" b="421" charConfidence="67">b</charParams>
<charParams l="420" t="397" r="432" b="420" charConfidence="26">e</charParams>
<charParams l="433" t="395" r="449" b="427" charConfidence="25">g</charParams>
<charParams l="453" t="395" r="468" b="418" charConfidence="29">a</charParams>
<charParams l="472" t="395" r="490" b="418" charConfidence="100">n</charParams>
<charParams l="493" t="394" r="512" b="418" charConfidence="27">n</charParams>
<charParams l="513" t="387" r="535" b="418"> </charParams>
<charParams l="536" t="387" r="551" b="418" charConfidence="29">d</charParams>
<charParams l="556" t="394" r="567" b="418" charConfidence="29">e</charParams>
<charParams l="570" t="395" r="584" b="418" charConfidence="100">r</charParams>
<charParams l="585" t="383" r="606" b="423"> </charParams>
<charParams l="607" t="383" r="639" b="423" charConfidence="28">H</charParams>
<charParams l="642" t="393" r="658" b="417" charConfidence="59">a</charParams>
<charParams l="660" t="394" r="678" b="418" charConfidence="24">u</charParams>
<charParams l="682" t="394" r="699" b="424" charConfidence="61">p</charParams>
<charParams l="702" t="391" r="712" b="418" charConfidence="37">t</charParams>
<charParams l="716" t="393" r="743" b="419" charConfidence="55">m</charParams>
<charParams l="747" t="396" r="762" b="418" charConfidence="54">a</charParams>
<charParams l="766" t="397" r="783" b="420" charConfidence="86">n</charParams>
<charParams l="787" t="398" r="805" b="421" charConfidence="33">n</charParams>
<charParams l="816" t="400" r="822" b="421" charConfidence="52">:</charParams>
<charParams l="823" t="400" r="847" b="423"> </charParams>
<charParams l="848" t="401" r="864" b="423" charConfidence="28">a</charParams>
<charParams l="867" t="401" r="886" b="425" charConfidence="100">n</charParams>
<charParams l="887" t="401" r="909" b="425"> </charParams>
<charParams l="910" t="402" r="926" b="424" charConfidence="32">a</charParams>
<charParams l="931" t="395" r="938" b="425" charConfidence="71">l</charParams>
<charParams l="939" t="394" r="949" b="426" charConfidence="100">l</charParams>
<charParams l="951" t="403" r="963" b="425" charConfidence="36">e</charParams>
<charParams l="965" t="403" r="984" b="427" charConfidence="25">n</charParams></formatting></line>
<line baseline="482" l="191" t="447" r="984" b="488"><formatting lang="OldGerman">
<charParams l="191" t="454" r="228" b="487" charConfidence="33">N</charParams>
<charParams l="230" t="461" r="245" b="484" charConfidence="30">a</charParams>
<charParams l="250" t="459" r="260" b="485" charConfidence="57">t</charParams>
<charParams l="262" t="462" r="279" b="484" charConfidence="39">u</charParams>
<charParams l="282" t="460" r="295" b="484" charConfidence="50">r</charParams>
<charParams l="297" t="459" r="323" b="483" charConfidence="33">w</charParams>
<charParams l="327" t="460" r="339" b="482" charConfidence="55">e</charParams>
<charParams l="342" t="452" r="354" b="487" charConfidence="60">s</charParams>
<charParams l="353" t="459" r="365" b="482" charConfidence="27">e</charParams>
<charParams l="368" t="459" r="386" b="482" charConfidence="31">n</charParams>
<charParams l="394" t="472" r="404" b="487" charConfidence="100">,</charParams>
<charParams l="405" t="452" r="428" b="487"> </charParams>
<charParams l="429" t="452" r="445" b="480" charConfidence="43">d</charParams>
<charParams l="449" t="449" r="457" b="480" charConfidence="29">i</charParams>
<charParams l="460" t="458" r="474" b="481" charConfidence="31">e</charParams>
<charParams l="475" t="455" r="495" b="481"> </charParams>
<charParams l="496" t="455" r="522" b="480" charConfidence="35">w</charParams>
<charParams l="527" t="449" r="534" b="480" charConfidence="33">i</charParams>
<charParams l="537" t="457" r="551" b="480" charConfidence="27">r</charParams>
<charParams l="552" t="457" r="572" b="488"> </charParams>
<charParams l="573" t="457" r="590" b="488" charConfidence="26">g</charParams>
<charParams l="594" t="457" r="607" b="480" charConfidence="28">e</charParams>
<charParams l="609" t="455" r="635" b="480" charConfidence="29">w</charParams>
<charParams l="639" t="457" r="654" b="479" charConfidence="57">a</charParams>
<charParams l="658" t="447" r="675" b="488" charConfidence="63">h</charParams>
<charParams l="679" t="456" r="693" b="480" charConfidence="55">r</charParams>
<charParams l="694" t="456" r="715" b="480"> </charParams>
<charParams l="716" t="456" r="742" b="480" charConfidence="24">w</charParams>
<charParams l="746" t="457" r="758" b="479" charConfidence="40">e</charParams>
<charParams l="761" t="457" r="775" b="480" charConfidence="100">r</charParams>
<charParams l="778" t="452" r="793" b="480" charConfidence="28">d</charParams>
<charParams l="798" t="459" r="810" b="482" charConfidence="28">e</charParams>
<charParams l="813" t="459" r="831" b="481" charConfidence="44">n</charParams>
<charParams l="841" t="475" r="851" b="488" charConfidence="67">,</charParams>
<charParams l="852" t="452" r="876" b="488"> </charParams>
<charParams l="877" t="452" r="892" b="483" charConfidence="78">b</charParams>
<charParams l="897" t="462" r="909" b="484" charConfidence="42">e</charParams>
<charParams l="912" t="461" r="939" b="485" charConfidence="61">m</charParams>
<charParams l="943" t="463" r="955" b="485" charConfidence="41">e</charParams>
<charParams l="959" t="463" r="972" b="487" charConfidence="36">r</charParams>
<charParams l="974" t="468" r="984" b="483" charConfidence="22">¬</charParams></formatting></line>
<line baseline="544" l="190" t="509" r="982" b="556"><formatting lang="OldGerman">
<charParams l="190" t="515" r="205" b="546" charConfidence="28">k</charParams>
<charParams l="207" t="524" r="218" b="546" charConfidence="26">e</charParams>
<charParams l="222" t="523" r="239" b="545" charConfidence="100">n</charParams>
<charParams l="240" t="521" r="263" b="545"> </charParams>
<charParams l="264" t="521" r="290" b="545" charConfidence="35">w</charParams>
<charParams l="294" t="514" r="302" b="544" charConfidence="100">i</charParams>
<charParams l="305" t="521" r="318" b="544" charConfidence="100">r</charParams>
<charParams l="319" t="520" r="342" b="553"> </charParams>
<charParams l="343" t="520" r="354" b="553" charConfidence="29">z</charParams>
<charParams l="359" t="520" r="375" b="543" charConfidence="53">u</charParams>
<charParams l="380" t="520" r="391" b="542" charConfidence="25">e</charParams>
<charParams l="395" t="520" r="407" b="543" charConfidence="25">r</charParams>
<charParams l="411" t="510" r="431" b="550" charConfidence="30">s</charParams>
<charParams l="411" t="510" r="431" b="550" charConfidence="30">t</charParams>
<charParams l="440" t="535" r="449" b="549" charConfidence="78">,</charParams>
<charParams l="450" t="514" r="485" b="549"> </charParams>
<charParams l="486" t="514" r="501" b="543" charConfidence="30">d</charParams>
<charParams l="505" t="518" r="520" b="542" charConfidence="54">a</charParams>
<charParams l="524" t="510" r="540" b="550" charConfidence="31">ß</charParams>
<charParams l="541" t="510" r="564" b="552"> </charParams>
<charParams l="565" t="511" r="584" b="552" charConfidence="83">s</charParams>
<charParams l="565" t="511" r="584" b="552" charConfidence="83">i</charParams>
<charParams l="586" t="519" r="599" b="543" charConfidence="32">e</charParams>
<charParams l="600" t="519" r="623" b="544"> </charParams>
<charParams l="624" t="520" r="636" b="544" charConfidence="56">e</charParams>
<charParams l="639" t="512" r="648" b="544" charConfidence="100">i</charParams>
<charParams l="650" t="519" r="667" b="543" charConfidence="31">n</charParams>
<charParams l="672" t="520" r="683" b="544" charConfidence="26">e</charParams>
<charParams l="687" t="519" r="704" b="543" charConfidence="38">n</charParams>
<charParams l="705" t="519" r="726" b="543"> </charParams>
<charParams l="727" t="525" r="733" b="532" suspicious="1" charConfidence="100">-</charParams>
<charParams l="730" t="509" r="762" b="546" suspicious="1" charConfidence="30">B</charParams>
<charParams l="766" t="520" r="778" b="543" charConfidence="30">e</charParams>
<charParams l="780" t="519" r="792" b="554" charConfidence="55">z</charParams>
<charParams l="796" t="520" r="812" b="544" charConfidence="25">u</charParams>
<charParams l="816" t="520" r="832" b="551" charConfidence="62">g</charParams>
<charParams l="833" t="520" r="857" b="551"> </charParams>
<charParams l="858" t="521" r="873" b="543" charConfidence="100">a</charParams>
<charParams l="877" t="521" r="895" b="545" charConfidence="25">n</charParams>
<charParams l="898" t="514" r="912" b="550" suspicious="1" charConfidence="42">f</charParams>
<charParams l="913" t="514" r="933" b="554"> </charParams>
<charParams l="934" t="515" r="952" b="554" charConfidence="81">s</charParams>
<charParams l="934" t="515" r="952" b="554" charConfidence="81">i</charParams>
<charParams l="954" t="518" r="982" b="556" charConfidence="55">c</charParams>
<charParams l="954" t="518" r="982" b="556" charConfidence="55">h</charParams></formatting></line>
<line baseline="608" l="188" t="573" r="982" b="618"><formatting lang="OldGerman">
<charParams l="188" t="576" r="201" b="618" charConfidence="52">s</charParams>
<charParams l="200" t="585" r="212" b="609" charConfidence="55">e</charParams>
<charParams l="216" t="578" r="223" b="609" charConfidence="100">l</charParams>
<charParams l="227" t="576" r="241" b="609" charConfidence="42">b</charParams>
<charParams l="245" t="577" r="266" b="617" charConfidence="38">s</charParams>
<charParams l="245" t="577" r="266" b="617" charConfidence="38">t</charParams>
<charParams l="267" t="576" r="297" b="617"> </charParams>
<charParams l="298" t="576" r="314" b="617" suspicious="1" charConfidence="53">h</charParams>
<charParams l="318" t="584" r="334" b="607" charConfidence="32">a</charParams>
<charParams l="339" t="575" r="353" b="608" charConfidence="100">b</charParams>
<charParams l="358" t="584" r="369" b="608" charConfidence="32">e</charParams>
<charParams l="372" t="584" r="389" b="607" charConfidence="100">n</charParams>
<charParams l="394" t="599" r="402" b="607" charConfidence="100">.</charParams>
<charParams l="403" t="573" r="447" b="608"> </charParams>
<charParams l="448" t="573" r="475" b="608" charConfidence="49">E</charParams>
<charParams l="478" t="578" r="493" b="607" charConfidence="-1">s</charParams>
<charParams l="494" t="575" r="531" b="607"> </charParams>
<charParams l="532" t="575" r="545" b="607" charConfidence="56">k</charParams>
<charParams l="548" t="577" r="556" b="608" charConfidence="45">l</charParams>
<charParams l="559" t="576" r="566" b="608" charConfidence="52">i</charParams>
<charParams l="570" t="584" r="587" b="608" charConfidence="44">n</charParams>
<charParams l="589" t="584" r="605" b="614" charConfidence="25">g</charParams>
<charParams l="610" t="580" r="621" b="607" charConfidence="52">t</charParams>
<charParams l="622" t="574" r="649" b="614"> </charParams>
<charParams l="650" t="574" r="664" b="614" charConfidence="28">f</charParams>
<charParams l="664" t="584" r="677" b="608" charConfidence="100">r</charParams>
<charParams l="681" t="585" r="692" b="608" charConfidence="28">e</charParams>
<charParams l="696" t="584" r="710" b="617" charConfidence="100">y</charParams>
<charParams l="715" t="575" r="724" b="608" charConfidence="58">l</charParams>
<charParams l="727" t="576" r="733" b="607" charConfidence="-1">i</charParams>
<charParams l="738" t="575" r="764" b="615" charConfidence="73">c</charParams>
<charParams l="738" t="575" r="764" b="615" charConfidence="73">h</charParams>
<charParams l="765" t="575" r="796" b="615"> </charParams>
<charParams l="797" t="583" r="823" b="608" charConfidence="24">w</charParams>
<charParams l="828" t="584" r="844" b="607" charConfidence="30">u</charParams>
<charParams l="849" t="584" r="865" b="607" charConfidence="54">n</charParams>
<charParams l="870" t="576" r="885" b="606" charConfidence="31">d</charParams>
<charParams l="890" t="584" r="902" b="607" charConfidence="27">e</charParams>
<charParams l="905" t="583" r="918" b="607" charConfidence="54">r</charParams>
<charParams l="922" t="577" r="930" b="608" charConfidence="51">l</charParams>
<charParams l="933" t="577" r="939" b="607" charConfidence="-1">i</charParams>
<charParams l="943" t="578" r="970" b="615" charConfidence="56">c</charParams>
<charParams l="943" t="578" r="970" b="615" suspicious="1" charConfidence="56">h</charParams>
<charParams l="972" t="602" r="982" b="616" charConfidence="85">,</charParams></formatting></line>
<line baseline="672" l="188" t="638" r="981" b="681"><formatting lang="OldGerman">
<charParams l="188" t="647" r="214" b="673" charConfidence="39">w</charParams>
<charParams l="219" t="650" r="230" b="673" charConfidence="26">e</charParams>
<charParams l="234" t="648" r="250" b="673" charConfidence="29">n</charParams>
<charParams l="254" t="649" r="272" b="673" charConfidence="100">n</charParams>
<charParams l="273" t="647" r="295" b="673"> </charParams>
<charParams l="296" t="647" r="325" b="672" charConfidence="37">m</charParams>
<charParams l="330" t="648" r="344" b="672" charConfidence="24">a</charParams>
<charParams l="348" t="648" r="366" b="672" charConfidence="36">n</charParams>
<charParams l="367" t="648" r="390" b="672"> </charParams>
<charParams l="391" t="649" r="403" b="672" charConfidence="35">e</charParams>
<charParams l="406" t="645" r="416" b="672" charConfidence="62">t</charParams>
<charParams l="419" t="647" r="444" b="672" charConfidence="29">w</charParams>
<charParams l="449" t="649" r="463" b="672" charConfidence="26">a</charParams>
<charParams l="468" t="643" r="484" b="672" charConfidence="100">s</charParams>
<charParams l="485" t="643" r="508" b="672"> </charParams>
<charParams l="509" t="649" r="524" b="672" charConfidence="100">a</charParams>
<charParams l="528" t="649" r="545" b="673" suspicious="1" charConfidence="48">u</charParams>
<charParams l="550" t="644" r="564" b="672" suspicious="1" charConfidence="100">s</charParams>
<charParams l="568" t="641" r="581" b="679" charConfidence="40">s</charParams>
<charParams l="579" t="649" r="594" b="679" charConfidence="100">p</charParams>
<charParams l="598" t="649" r="611" b="672" charConfidence="100">r</charParams>
<charParams l="615" t="641" r="622" b="672" charConfidence="100">i</charParams>
<charParams l="626" t="650" r="635" b="672" suspicious="1" charConfidence="27">c</charParams>
<charParams l="636" t="640" r="652" b="680" charConfidence="31">h</charParams>
<charParams l="656" t="645" r="667" b="672" charConfidence="29">t</charParams>
<charParams l="668" t="645" r="689" b="672"> </charParams>
<charParams l="690" t="648" r="716" b="672" charConfidence="29">w</charParams>
<charParams l="720" t="649" r="735" b="672" charConfidence="100">a</charParams>
<charParams l="739" t="644" r="755" b="672" charConfidence="100">s</charParams>
<charParams l="756" t="641" r="779" b="681"> </charParams>
<charParams l="780" t="641" r="798" b="681" charConfidence="55">s</charParams>
<charParams l="780" t="641" r="798" b="681" charConfidence="55">i</charParams>
<charParams l="801" t="640" r="827" b="678" charConfidence="59">c</charParams>
<charParams l="801" t="640" r="827" b="678" charConfidence="59">h</charParams>
<charParams l="828" t="640" r="852" b="678"> </charParams>
<charParams l="853" t="648" r="868" b="670" charConfidence="69">o</charParams>
<charParams l="872" t="638" r="889" b="679" charConfidence="63">h</charParams>
<charParams l="893" t="647" r="910" b="670" charConfidence="41">n</charParams>
<charParams l="914" t="647" r="926" b="669" charConfidence="100">e</charParams>
<charParams l="930" t="638" r="946" b="678" charConfidence="93">h</charParams>
<charParams l="951" t="639" r="958" b="670" charConfidence="100">i</charParams>
<charParams l="962" t="647" r="981" b="671" charConfidence="33">n</charParams></formatting></line>
<line baseline="736" l="186" t="702" r="981" b="745"><formatting lang="OldGerman">
<charParams l="186" t="714" r="204" b="738" charConfidence="100">v</charParams>
<charParams l="209" t="713" r="219" b="736" charConfidence="26">e</charParams>
<charParams l="224" t="712" r="236" b="736" charConfidence="35">r</charParams>
<charParams l="240" t="705" r="259" b="744" charConfidence="30">s</charParams>
<charParams l="240" t="705" r="259" b="744" suspicious="1" charConfidence="30">t</charParams>
<charParams l="262" t="714" r="274" b="736" charConfidence="33">e</charParams>
<charParams l="278" t="703" r="293" b="745" charConfidence="100">h</charParams>
<charParams l="298" t="709" r="308" b="737" charConfidence="47">t</charParams>
<charParams l="318" t="713" r="328" b="743" charConfidence="31">;</charParams>
<charParams l="329" t="706" r="369" b="743"> </charParams>
<charParams l="370" t="706" r="385" b="736" charConfidence="29">d</charParams>
<charParams l="390" t="713" r="404" b="736" charConfidence="50">o</charParams>
<charParams l="407" t="704" r="435" b="742" charConfidence="55">c</charParams>
<charParams l="407" t="704" r="435" b="742" charConfidence="55">h</charParams>
<charParams l="436" t="704" r="465" b="742"> </charParams>
<charParams l="466" t="712" r="484" b="736" charConfidence="100">n</charParams>
<charParams l="488" t="713" r="504" b="736" charConfidence="34">u</charParams>
<charParams l="508" t="712" r="522" b="736" charConfidence="25">r</charParams>
<charParams l="523" t="705" r="545" b="736"> </charParams>
<charParams l="546" t="705" r="553" b="736" charConfidence="100">i</charParams>
<charParams l="557" t="712" r="573" b="736" charConfidence="77">n</charParams>
<charParams l="577" t="705" r="592" b="736" charConfidence="36">d</charParams>
<charParams l="596" t="713" r="609" b="736" charConfidence="35">e</charParams>
<charParams l="612" t="711" r="639" b="736" charConfidence="74">m</charParams>
<charParams l="640" t="711" r="664" b="736"> </charParams>
<charParams l="665" t="711" r="692" b="736" charConfidence="93">m</charParams>
<charParams l="696" t="712" r="712" b="735" charConfidence="100">a</charParams>
<charParams l="716" t="712" r="733" b="736" charConfidence="41">n</charParams>
<charParams l="734" t="703" r="757" b="744"> </charParams>
<charParams l="758" t="703" r="777" b="744" charConfidence="54">s</charParams>
<charParams l="758" t="703" r="777" b="744" charConfidence="54">i</charParams>
<charParams l="779" t="703" r="806" b="742" charConfidence="55">c</charParams>
<charParams l="779" t="703" r="806" b="742" charConfidence="55">h</charParams>
<charParams l="807" t="702" r="830" b="742"> </charParams>
<charParams l="831" t="702" r="849" b="735" charConfidence="30">ü</charParams>
<charParams l="854" t="702" r="868" b="735" charConfidence="36">b</charParams>
<charParams l="873" t="711" r="885" b="735" charConfidence="32">e</charParams>
<charParams l="887" t="711" r="901" b="735" charConfidence="41">r</charParams>
<charParams l="902" t="703" r="925" b="735"> </charParams>
<charParams l="926" t="703" r="941" b="733" charConfidence="27">d</charParams>
<charParams l="946" t="709" r="960" b="733" charConfidence="100">a</charParams>
<charParams l="964" t="703" r="981" b="732" charConfidence="100">s</charParams></formatting></line>
<line baseline="796" l="188" t="764" r="981" b="805"><formatting lang="OldGerman">
<charParams l="188" t="765" r="221" b="798" charConfidence="29">B</charParams>
<charParams l="225" t="776" r="237" b="797" charConfidence="30">e</charParams>
<charParams l="240" t="766" r="253" b="797" charConfidence="61">k</charParams>
<charParams l="255" t="775" r="270" b="796" charConfidence="38">a</charParams>
<charParams l="274" t="775" r="291" b="797" charConfidence="98">n</charParams>
<charParams l="295" t="775" r="312" b="796" charConfidence="100">n</charParams>
<charParams l="316" t="772" r="326" b="797" charConfidence="26">t</charParams>
<charParams l="329" t="774" r="343" b="796" charConfidence="37">e</charParams>
<charParams l="344" t="774" r="373" b="796"> </charParams>
<charParams l="374" t="775" r="391" b="796" charConfidence="54">v</charParams>
<charParams l="395" t="765" r="410" b="796" charConfidence="24">ö</charParams>
<charParams l="414" t="764" r="422" b="796" charConfidence="46">l</charParams>
<charParams l="422" t="766" r="431" b="796" charConfidence="27">l</charParams>
<charParams l="434" t="765" r="441" b="796" charConfidence="100">i</charParams>
<charParams l="444" t="773" r="461" b="804" charConfidence="29">g</charParams>
<charParams l="462" t="773" r="490" b="804"> </charParams>
<charParams l="491" t="774" r="509" b="796" charConfidence="27">v</charParams>
<charParams l="513" t="774" r="526" b="796" charConfidence="25">e</charParams>
<charParams l="528" t="773" r="540" b="796" charConfidence="48">r</charParams>
<charParams l="544" t="766" r="564" b="804" charConfidence="32">s</charParams>
<charParams l="544" t="766" r="564" b="804" charConfidence="32">t</charParams>
<charParams l="566" t="775" r="581" b="796" suspicious="1" charConfidence="25">ä</charParams>
<charParams l="585" t="774" r="602" b="796" charConfidence="100">n</charParams>
<charParams l="606" t="769" r="621" b="797" charConfidence="28">d</charParams>
<charParams l="626" t="767" r="633" b="796" charConfidence="100">i</charParams>
<charParams l="636" t="774" r="652" b="804" charConfidence="68">g</charParams>
<charParams l="656" t="772" r="667" b="797" charConfidence="42">t</charParams>
<charParams l="668" t="765" r="697" b="805"> </charParams>
<charParams l="698" t="765" r="714" b="805" suspicious="1" charConfidence="100">h</charParams>
<charParams l="718" t="775" r="733" b="797" charConfidence="100">a</charParams>
<charParams l="738" t="771" r="748" b="797" charConfidence="43">t</charParams>
<charParams l="759" t="788" r="768" b="803" charConfidence="69">,</charParams>
<charParams l="769" t="766" r="803" b="803"> </charParams>
<charParams l="804" t="766" r="817" b="797" charConfidence="62">k</charParams>
<charParams l="819" t="775" r="834" b="796" charConfidence="100">a</charParams>
<charParams l="838" t="774" r="856" b="796" charConfidence="100">n</charParams>
<charParams l="859" t="773" r="878" b="796" charConfidence="43">n</charParams>
<charParams l="879" t="771" r="910" b="796"> </charParams>
<charParams l="911" t="771" r="939" b="795" charConfidence="100">m</charParams>
<charParams l="943" t="771" r="958" b="794" charConfidence="25">a</charParams>
<charParams l="961" t="770" r="981" b="794" charConfidence="61">n</charParams></formatting></line>
<line baseline="856" l="187" t="824" r="945" b="865"><formatting lang="OldGerman">
<charParams l="187" t="833" r="215" b="856" charConfidence="63">m</charParams>
<charParams l="220" t="828" r="227" b="857" charConfidence="100">i</charParams>
<charParams l="230" t="832" r="242" b="858" charConfidence="80">t</charParams>
<charParams l="243" t="832" r="264" b="858"> </charParams>
<charParams l="265" t="835" r="278" b="857" charConfidence="68">e</charParams>
<charParams l="282" t="828" r="289" b="857" charConfidence="34">i</charParams>
<charParams l="293" t="834" r="310" b="857" charConfidence="28">n</charParams>
<charParams l="312" t="835" r="328" b="857" charConfidence="25">a</charParams>
<charParams l="332" t="834" r="350" b="857" charConfidence="36">n</charParams>
<charParams l="353" t="828" r="369" b="856" charConfidence="27">d</charParams>
<charParams l="372" t="834" r="384" b="856" charConfidence="32">e</charParams>
<charParams l="388" t="833" r="402" b="856" charConfidence="25">r</charParams>
<charParams l="403" t="833" r="423" b="865"> </charParams>
<charParams l="424" t="833" r="437" b="865" charConfidence="98">z</charParams>
<charParams l="441" t="834" r="457" b="858" charConfidence="27">u</charParams>
<charParams l="461" t="833" r="489" b="856" charConfidence="52">m</charParams>
<charParams l="490" t="825" r="515" b="857"> </charParams>
<charParams l="516" t="825" r="539" b="857" charConfidence="74">U</charParams>
<charParams l="543" t="833" r="560" b="857" charConfidence="25">n</charParams>
<charParams l="564" t="826" r="579" b="857" charConfidence="49">b</charParams>
<charParams l="584" t="834" r="595" b="857" charConfidence="27">e</charParams>
<charParams l="598" t="825" r="611" b="857" charConfidence="66">k</charParams>
<charParams l="613" t="835" r="628" b="857" charConfidence="100">a</charParams>
<charParams l="632" t="834" r="649" b="857" charConfidence="34">n</charParams>
<charParams l="652" t="834" r="670" b="857" charConfidence="44">n</charParams>
<charParams l="674" t="832" r="684" b="857" charConfidence="32">t</charParams>
<charParams l="687" t="834" r="699" b="857" charConfidence="27">e</charParams>
<charParams l="703" t="833" r="721" b="856" charConfidence="27">n</charParams>
<charParams l="722" t="825" r="741" b="862"> </charParams>
<charParams l="742" t="825" r="758" b="862" charConfidence="36">f</charParams>
<charParams l="757" t="834" r="771" b="856" charConfidence="42">o</charParams>
<charParams l="775" t="833" r="788" b="856" charConfidence="28">r</charParams>
<charParams l="791" t="830" r="801" b="855" charConfidence="83">t</charParams>
<charParams l="804" t="824" r="817" b="863" charConfidence="29">s</charParams>
<charParams l="814" t="825" r="842" b="863" charConfidence="56">c</charParams>
<charParams l="814" t="825" r="842" b="863" charConfidence="56">h</charParams>
<charParams l="846" t="833" r="858" b="856" charConfidence="24">r</charParams>
<charParams l="861" t="832" r="873" b="855" charConfidence="28">e</charParams>
<charParams l="877" t="825" r="884" b="855" charConfidence="100">i</charParams>
<charParams l="888" t="829" r="898" b="855" charConfidence="39">t</charParams>
<charParams l="900" t="832" r="913" b="855" charConfidence="34">e</charParams>
<charParams l="915" t="831" r="933" b="854" charConfidence="100">n</charParams>
<charParams l="936" t="846" r="945" b="854" charConfidence="60">.</charParams></formatting></line></par>
<par align="Justified" startIndent="1968" lineSpacing="1464">
<line baseline="974" l="245" t="940" r="977" b="981"><formatting lang="OldGerman">
<charParams l="245" t="940" r="276" b="981" charConfidence="27">I</charParams>
<charParams l="278" t="942" r="305" b="980" charConfidence="75">c</charParams>
<charParams l="278" t="942" r="305" b="980" charConfidence="75">h</charParams>
<charParams l="306" t="942" r="338" b="980"> </charParams>
<charParams l="339" t="943" r="355" b="972" charConfidence="26">d</charParams>
<charParams l="359" t="940" r="374" b="973" charConfidence="12">ä</charParams>
<charParams l="377" t="941" r="405" b="979" charConfidence="58">c</charParams>
<charParams l="377" t="941" r="405" b="979" charConfidence="58">h</charParams>
<charParams l="409" t="946" r="419" b="973" charConfidence="75">t</charParams>
<charParams l="421" t="950" r="436" b="973" charConfidence="31">e</charParams>
<charParams l="443" t="965" r="453" b="979" suspicious="1" charConfidence="100">,</charParams>
<charParams l="454" t="941" r="493" b="981"> </charParams>
<charParams l="494" t="941" r="513" b="981" charConfidence="22">f</charParams>
<charParams l="494" t="941" r="513" b="981" charConfidence="22">i</charParams>
<charParams l="516" t="951" r="529" b="973" charConfidence="51">e</charParams>
<charParams l="531" t="944" r="540" b="974" charConfidence="62">l</charParams>
<charParams l="541" t="943" r="571" b="974"> </charParams>
<charParams l="572" t="943" r="580" b="973" charConfidence="45">i</charParams>
<charParams l="584" t="941" r="600" b="981" charConfidence="64">h</charParams>
<charParams l="604" t="948" r="632" b="974" charConfidence="30">m</charParams>
<charParams l="633" t="941" r="664" b="974"> </charParams>
<charParams l="665" t="941" r="691" b="974" charConfidence="40">E</charParams>
<charParams l="694" t="943" r="709" b="974" charConfidence="36">d</charParams>
<charParams l="714" t="950" r="730" b="973" suspicious="1" charConfidence="100">n</charParams>
<charParams l="734" t="952" r="749" b="974" charConfidence="100">a</charParams>
<charParams l="754" t="951" r="767" b="974" charConfidence="30">r</charParams>
<charParams l="769" t="944" r="786" b="974" charConfidence="26">d</charParams>
<charParams l="787" t="944" r="818" b="976"> </charParams>
<charParams l="819" t="953" r="833" b="976" charConfidence="25">e</charParams>
<charParams l="837" t="944" r="844" b="976" suspicious="1" charConfidence="100">i</charParams>
<charParams l="847" t="951" r="865" b="975" charConfidence="38">n</charParams>
<charParams l="873" t="966" r="883" b="981" charConfidence="81">,</charParams>
<charParams l="884" t="951" r="920" b="981"> </charParams>
<charParams l="921" t="951" r="949" b="976" charConfidence="27">w</charParams>
<charParams l="952" t="947" r="960" b="978" charConfidence="27">i</charParams>
<charParams l="963" t="956" r="977" b="980" charConfidence="33">r</charParams></formatting></line>
<line baseline="1036" l="179" t="1002" r="975" b="1048"><formatting lang="OldGerman">
<charParams l="179" t="1011" r="207" b="1037" charConfidence="55">m</charParams>
<charParams l="211" t="1013" r="226" b="1036" charConfidence="54">a</charParams>
<charParams l="230" t="1004" r="257" b="1043" charConfidence="80">c</charParams>
<charParams l="230" t="1004" r="257" b="1043" charConfidence="80">h</charParams>
<charParams l="261" t="1010" r="272" b="1036" charConfidence="32">t</charParams>
<charParams l="275" t="1012" r="286" b="1035" charConfidence="100">e</charParams>
<charParams l="290" t="1012" r="307" b="1035" charConfidence="25">n</charParams>
<charParams l="308" t="1004" r="340" b="1035"> </charParams>
<charParams l="341" t="1004" r="349" b="1034" charConfidence="35">i</charParams>
<charParams l="353" t="1002" r="370" b="1044" charConfidence="55">h</charParams>
<charParams l="373" t="1010" r="387" b="1034" charConfidence="43">r</charParams>
<charParams l="388" t="1010" r="416" b="1034"> </charParams>
<charParams l="417" t="1011" r="435" b="1034" charConfidence="26">u</charParams>
<charParams l="439" t="1011" r="456" b="1034" charConfidence="53">n</charParams>
<charParams l="460" t="1003" r="476" b="1033" charConfidence="32">d</charParams>
<charParams l="477" t="1003" r="507" b="1035"> </charParams>
<charParams l="508" t="1012" r="526" b="1035" charConfidence="57">n</charParams>
<charParams l="530" t="1012" r="547" b="1035" charConfidence="77">n</charParams>
<charParams l="551" t="1007" r="566" b="1035" suspicious="1" charConfidence="100">S</charParams>
<charParams l="567" t="1006" r="590" b="1035"> </charParams>
<charParams l="591" t="1006" r="607" b="1035" charConfidence="52">d</charParams>
<charParams l="611" t="1005" r="618" b="1035" charConfidence="100">i</charParams>
<charParams l="622" t="1013" r="635" b="1036" charConfidence="36">e</charParams>
<charParams l="636" t="1002" r="658" b="1037"> </charParams>
<charParams l="659" t="1002" r="694" b="1037" charConfidence="71">S</charParams>
<charParams l="699" t="1013" r="713" b="1036" charConfidence="100">a</charParams>
<charParams l="718" t="1005" r="743" b="1042" charConfidence="26">c</charParams>
<charParams l="718" t="1005" r="743" b="1042" charConfidence="26">h</charParams>
<charParams l="749" t="1013" r="761" b="1037" charConfidence="56">e</charParams>
<charParams l="762" t="1007" r="784" b="1037"> </charParams>
<charParams l="785" t="1007" r="800" b="1037" charConfidence="26">d</charParams>
<charParams l="805" t="1014" r="821" b="1037" charConfidence="34">u</charParams>
<charParams l="825" t="1015" r="838" b="1038" charConfidence="34">r</charParams>
<charParams l="841" t="1006" r="868" b="1044" charConfidence="63">c</charParams>
<charParams l="841" t="1006" r="868" b="1044" charConfidence="63">h</charParams>
<charParams l="869" t="1005" r="893" b="1044"> </charParams>
<charParams l="894" t="1005" r="927" b="1038" charConfidence="100">B</charParams>
<charParams l="932" t="1016" r="943" b="1038" charConfidence="30">e</charParams>
<charParams l="947" t="1016" r="962" b="1048" charConfidence="52">y</charParams>
<charParams l="966" t="1022" r="975" b="1036" charConfidence="22">¬</charParams></formatting></line>
<line baseline="1098" l="175" t="1063" r="972" b="1109"><formatting lang="OldGerman">
<charParams l="175" t="1068" r="190" b="1105" charConfidence="39">s</charParams>
<charParams l="189" t="1074" r="204" b="1105" charConfidence="30">p</charParams>
<charParams l="208" t="1067" r="217" b="1098" charConfidence="53">i</charParams>
<charParams l="220" t="1074" r="231" b="1097" charConfidence="26">e</charParams>
<charParams l="234" t="1066" r="243" b="1097" charConfidence="61">l</charParams>
<charParams l="246" t="1073" r="259" b="1096" charConfidence="38">e</charParams>
<charParams l="260" t="1064" r="291" b="1096"> </charParams>
<charParams l="292" t="1064" r="308" b="1096" charConfidence="27">b</charParams>
<charParams l="312" t="1072" r="324" b="1096" charConfidence="35">e</charParams>
<charParams l="327" t="1073" r="341" b="1104" charConfidence="100">q</charParams>
<charParams l="345" t="1072" r="362" b="1095" charConfidence="59">u</charParams>
<charParams l="366" t="1073" r="378" b="1095" charConfidence="29">e</charParams>
<charParams l="381" t="1072" r="409" b="1094" charConfidence="100">m</charParams>
<charParams l="412" t="1087" r="420" b="1095" charConfidence="65">.</charParams>
<charParams l="421" t="1063" r="468" b="1097"> </charParams>
<charParams l="469" t="1063" r="504" b="1097" charConfidence="77">S</charParams>
<charParams l="510" t="1071" r="519" b="1097" charConfidence="41">t</charParams>
<charParams l="523" t="1074" r="534" b="1097" charConfidence="25">e</charParams>
<charParams l="539" t="1067" r="546" b="1097" charConfidence="27">l</charParams>
<charParams l="548" t="1066" r="555" b="1098" charConfidence="42">l</charParams>
<charParams l="558" t="1075" r="570" b="1098" charConfidence="27">e</charParams>
<charParams l="571" t="1070" r="604" b="1099"> </charParams>
<charParams l="605" t="1070" r="620" b="1099" charConfidence="30">d</charParams>
<charParams l="626" t="1068" r="632" b="1099" charConfidence="100">i</charParams>
<charParams l="637" t="1077" r="649" b="1099" charConfidence="100">r</charParams>
<charParams l="650" t="1077" r="679" b="1100"> </charParams>
<charParams l="680" t="1077" r="697" b="1100" charConfidence="54">n</charParams>
<charParams l="702" t="1077" r="718" b="1101" charConfidence="28">u</charParams>
<charParams l="722" t="1077" r="736" b="1100" charConfidence="100">r</charParams>
<charParams l="737" t="1072" r="766" b="1102"> </charParams>
<charParams l="767" t="1072" r="782" b="1102" charConfidence="29">d</charParams>
<charParams l="787" t="1079" r="801" b="1101" charConfidence="56">a</charParams>
<charParams l="806" t="1074" r="821" b="1102" charConfidence="100">s</charParams>
<charParams l="822" t="1067" r="846" b="1102"> </charParams>
<charParams l="847" t="1067" r="887" b="1101" charConfidence="26">W</charParams>
<charParams l="891" t="1078" r="905" b="1101" charConfidence="24">a</charParams>
<charParams l="910" t="1069" r="935" b="1106" charConfidence="92">s</charParams>
<charParams l="910" t="1069" r="935" b="1106" charConfidence="92">s</charParams>
<charParams l="933" t="1078" r="944" b="1100" charConfidence="100">e</charParams>
<charParams l="948" t="1078" r="961" b="1102" charConfidence="59">r</charParams>
<charParams l="962" t="1094" r="972" b="1109" charConfidence="71">,</charParams></formatting></line>
<line baseline="1161" l="176" t="1125" r="972" b="1172"><formatting lang="OldGerman">
<charParams l="176" t="1130" r="191" b="1159" charConfidence="29">d</charParams>
<charParams l="196" t="1136" r="210" b="1158" charConfidence="27">a</charParams>
<charParams l="214" t="1130" r="230" b="1158" charConfidence="100">s</charParams>
<charParams l="231" t="1125" r="262" b="1158"> </charParams>
<charParams l="263" t="1125" r="291" b="1157" suspicious="1" charConfidence="22">O</charParams>
<charParams l="296" t="1134" r="307" b="1157" charConfidence="33">e</charParams>
<charParams l="311" t="1127" r="319" b="1157" charConfidence="45">l</charParams>
<charParams l="331" t="1149" r="340" b="1163" charConfidence="73">,</charParams>
<charParams l="341" t="1129" r="377" b="1163"> </charParams>
<charParams l="378" t="1129" r="393" b="1157" charConfidence="50">d</charParams>
<charParams l="397" t="1134" r="412" b="1157" charConfidence="54">a</charParams>
<charParams l="417" t="1130" r="432" b="1158" charConfidence="100">s</charParams>
<charParams l="433" t="1126" r="455" b="1160"> </charParams>
<charParams l="456" t="1126" r="491" b="1160" charConfidence="52">Q</charParams>
<charParams l="495" t="1137" r="511" b="1160" charConfidence="35">u</charParams>
<charParams l="515" t="1137" r="528" b="1160" charConfidence="54">e</charParams>
<charParams l="531" t="1139" r="542" b="1161" charConfidence="74">c</charParams>
<charParams l="542" t="1130" r="555" b="1161" charConfidence="30">k</charParams>
<charParams l="558" t="1130" r="576" b="1170" charConfidence="22">s</charParams>
<charParams l="558" t="1130" r="576" b="1170" charConfidence="22">i</charParams>
<charParams l="579" t="1131" r="586" b="1161" charConfidence="33">l</charParams>
<charParams l="591" t="1129" r="605" b="1162" charConfidence="33">b</charParams>
<charParams l="610" t="1139" r="621" b="1162" charConfidence="24">e</charParams>
<charParams l="626" t="1139" r="638" b="1162" charConfidence="100">r</charParams>
<charParams l="639" t="1139" r="666" b="1163"> </charParams>
<charParams l="667" t="1140" r="684" b="1163" charConfidence="27">v</charParams>
<charParams l="688" t="1141" r="702" b="1164" charConfidence="44">o</charParams>
<charParams l="707" t="1141" r="720" b="1164" charConfidence="100">r</charParams>
<charParams l="729" t="1156" r="738" b="1171" charConfidence="75">,</charParams>
<charParams l="739" t="1133" r="781" b="1171"> </charParams>
<charParams l="782" t="1133" r="795" b="1171" charConfidence="100">s</charParams>
<charParams l="794" t="1141" r="808" b="1165" charConfidence="49">o</charParams>
<charParams l="809" t="1140" r="831" b="1165"> </charParams>
<charParams l="832" t="1140" r="859" b="1165" charConfidence="42">w</charParams>
<charParams l="863" t="1133" r="870" b="1164" charConfidence="100">i</charParams>
<charParams l="874" t="1141" r="886" b="1164" charConfidence="55">r</charParams>
<charParams l="890" t="1133" r="910" b="1172" charConfidence="32">s</charParams>
<charParams l="890" t="1133" r="910" b="1172" suspicious="1" charConfidence="32">t</charParams>
<charParams l="911" t="1133" r="934" b="1172"> </charParams>
<charParams l="935" t="1133" r="950" b="1163" charConfidence="31">d</charParams>
<charParams l="954" t="1141" r="972" b="1165" suspicious="1" charConfidence="24">u</charParams></formatting></line>
<line baseline="1223" l="174" t="1186" r="970" b="1233"><formatting lang="OldGerman">
<charParams l="174" t="1198" r="186" b="1221" charConfidence="28">e</charParams>
<charParams l="191" t="1190" r="198" b="1221" charConfidence="100">i</charParams>
<charParams l="202" t="1198" r="218" b="1221" charConfidence="-1">n</charParams>
<charParams l="222" t="1198" r="235" b="1221" charConfidence="29">e</charParams>
<charParams l="236" t="1186" r="277" b="1221"> </charParams>
<charParams l="278" t="1186" r="304" b="1220" charConfidence="31">E</charParams>
<charParams l="308" t="1188" r="315" b="1219" charConfidence="100">i</charParams>
<charParams l="318" t="1196" r="335" b="1219" charConfidence="38">n</charParams>
<charParams l="340" t="1188" r="347" b="1218" charConfidence="100">i</charParams>
<charParams l="349" t="1196" r="365" b="1226" charConfidence="52">g</charParams>
<charParams l="370" t="1187" r="382" b="1218" charConfidence="28">k</charParams>
<charParams l="385" t="1197" r="396" b="1218" charConfidence="32">e</charParams>
<charParams l="401" t="1189" r="407" b="1220" charConfidence="100">i</charParams>
<charParams l="412" t="1195" r="422" b="1220" charConfidence="26">t</charParams>
<charParams l="430" t="1212" r="440" b="1227" charConfidence="90">,</charParams>
<charParams l="441" t="1200" r="489" b="1227"> </charParams>
<charParams l="490" t="1200" r="502" b="1222" charConfidence="27">e</charParams>
<charParams l="506" t="1193" r="514" b="1222" charConfidence="100">i</charParams>
<charParams l="518" t="1200" r="534" b="1223" charConfidence="26">n</charParams>
<charParams l="539" t="1201" r="550" b="1224" charConfidence="25">e</charParams>
<charParams l="554" t="1201" r="570" b="1224" charConfidence="26">n</charParams>
<charParams l="571" t="1192" r="604" b="1230"> </charParams>
<charParams l="605" t="1192" r="626" b="1230" charConfidence="100">Z</charParams>
<charParams l="630" t="1202" r="647" b="1226" charConfidence="28">u</charParams>
<charParams l="650" t="1194" r="664" b="1232" charConfidence="100">s</charParams>
<charParams l="662" t="1203" r="677" b="1225" charConfidence="26">a</charParams>
<charParams l="682" t="1202" r="709" b="1225" charConfidence="99">m</charParams>
<charParams l="713" t="1202" r="740" b="1225" charConfidence="35">m</charParams>
<charParams l="745" t="1203" r="756" b="1226" charConfidence="55">e</charParams>
<charParams l="760" t="1203" r="776" b="1225" charConfidence="24">n</charParams>
<charParams l="781" t="1194" r="798" b="1233" charConfidence="70">h</charParams>
<charParams l="802" t="1203" r="817" b="1225" charConfidence="27">a</charParams>
<charParams l="822" t="1203" r="838" b="1225" charConfidence="53">n</charParams>
<charParams l="841" t="1203" r="858" b="1232" charConfidence="30">g</charParams>
<charParams l="859" t="1196" r="892" b="1232"> </charParams>
<charParams l="893" t="1196" r="901" b="1225" charConfidence="100">i</charParams>
<charParams l="906" t="1194" r="921" b="1233" charConfidence="100">h</charParams>
<charParams l="926" t="1202" r="939" b="1224" charConfidence="36">r</charParams>
<charParams l="942" t="1203" r="953" b="1225" charConfidence="26">e</charParams>
<charParams l="957" t="1203" r="970" b="1225" charConfidence="25">r</charParams></formatting></line>
<line baseline="1285" l="174" t="1250" r="970" b="1295"><formatting lang="OldGerman">
<charParams l="174" t="1251" r="200" b="1285" charConfidence="44">T</charParams>
<charParams l="204" t="1251" r="221" b="1293" charConfidence="88">h</charParams>
<charParams l="225" t="1260" r="236" b="1283" charConfidence="25">e</charParams>
<charParams l="241" t="1252" r="247" b="1283" charConfidence="100">i</charParams>
<charParams l="252" t="1252" r="259" b="1283" charConfidence="41">l</charParams>
<charParams l="262" t="1259" r="275" b="1283" charConfidence="32">e</charParams>
<charParams l="276" t="1250" r="315" b="1289"> </charParams>
<charParams l="316" t="1250" r="334" b="1289" charConfidence="22">f</charParams>
<charParams l="316" t="1250" r="334" b="1289" charConfidence="22">i</charParams>
<charParams l="338" t="1258" r="354" b="1280" charConfidence="24">n</charParams>
<charParams l="360" t="1252" r="375" b="1280" charConfidence="29">d</charParams>
<charParams l="379" t="1258" r="392" b="1281" charConfidence="25">e</charParams>
<charParams l="395" t="1258" r="412" b="1282" charConfidence="25">n</charParams>
<charParams l="415" t="1274" r="423" b="1282" charConfidence="100">.</charParams>
<charParams l="424" t="1252" r="479" b="1285"> </charParams>
<charParams l="480" t="1252" r="516" b="1285" charConfidence="53">D</charParams>
<charParams l="520" t="1254" r="527" b="1283" charConfidence="100">i</charParams>
<charParams l="531" t="1263" r="543" b="1284" charConfidence="56">e</charParams>
<charParams l="546" t="1255" r="560" b="1290" charConfidence="26">s</charParams>
<charParams l="558" t="1263" r="570" b="1286" charConfidence="61">e</charParams>
<charParams l="571" t="1254" r="605" b="1287"> </charParams>
<charParams l="606" t="1254" r="632" b="1287" charConfidence="27">E</charParams>
<charParams l="636" t="1257" r="644" b="1288" charConfidence="100">i</charParams>
<charParams l="647" t="1264" r="663" b="1288" charConfidence="25">n</charParams>
<charParams l="668" t="1264" r="684" b="1288" charConfidence="77">u</charParams>
<charParams l="688" t="1263" r="705" b="1287" charConfidence="48">n</charParams>
<charParams l="707" t="1264" r="725" b="1295" charConfidence="25">g</charParams>
<charParams l="726" t="1264" r="756" b="1295"> </charParams>
<charParams l="757" t="1264" r="774" b="1288" charConfidence="30">v</charParams>
<charParams l="779" t="1264" r="790" b="1287" charConfidence="27">e</charParams>
<charParams l="793" t="1264" r="806" b="1287" charConfidence="54">r</charParams>
<charParams l="809" t="1257" r="817" b="1287" charConfidence="49">l</charParams>
<charParams l="819" t="1264" r="834" b="1285" charConfidence="100">a</charParams>
<charParams l="840" t="1254" r="864" b="1289" charConfidence="100">s</charParams>
<charParams l="840" t="1254" r="864" b="1289" charConfidence="100">s</charParams>
<charParams l="862" t="1263" r="874" b="1286" charConfidence="26">e</charParams>
<charParams l="877" t="1263" r="894" b="1286" charConfidence="24">n</charParams>
<charParams l="895" t="1255" r="936" b="1292"> </charParams>
<charParams l="937" t="1255" r="955" b="1292" charConfidence="53">s</charParams>
<charParams l="937" t="1255" r="955" b="1292" charConfidence="53">i</charParams>
<charParams l="958" t="1265" r="970" b="1287" charConfidence="55">e</charParams></formatting></line>
<line baseline="1347" l="171" t="1311" r="967" b="1357"><formatting lang="OldGerman">
<charParams l="171" t="1322" r="189" b="1346" charConfidence="33">n</charParams>
<charParams l="193" t="1316" r="200" b="1345" charConfidence="100">i</charParams>
<charParams l="204" t="1314" r="230" b="1352" charConfidence="100">c</charParams>
<charParams l="204" t="1314" r="230" b="1352" charConfidence="100">h</charParams>
<charParams l="234" t="1320" r="245" b="1346" charConfidence="46">t</charParams>
<charParams l="254" t="1337" r="264" b="1351" charConfidence="100">,</charParams>
<charParams l="265" t="1320" r="303" b="1351"> </charParams>
<charParams l="304" t="1320" r="319" b="1344" charConfidence="100">a</charParams>
<charParams l="325" t="1320" r="340" b="1343" charConfidence="24">u</charParams>
<charParams l="345" t="1311" r="362" b="1349" charConfidence="24">ß</charParams>
<charParams l="364" t="1319" r="376" b="1343" charConfidence="32">e</charParams>
<charParams l="379" t="1318" r="393" b="1343" charConfidence="25">r</charParams>
<charParams l="394" t="1315" r="416" b="1343"> </charParams>
<charParams l="417" t="1315" r="433" b="1343" charConfidence="26">d</charParams>
<charParams l="436" t="1321" r="453" b="1344" charConfidence="100">u</charParams>
<charParams l="457" t="1321" r="470" b="1343" charConfidence="100">r</charParams>
<charParams l="473" t="1314" r="500" b="1351" charConfidence="79">c</charParams>
<charParams l="473" t="1314" r="500" b="1351" suspicious="1" charConfidence="79">h</charParams>
<charParams l="501" t="1314" r="526" b="1351"> </charParams>
<charParams l="527" t="1314" r="559" b="1348" charConfidence="58">G</charParams>
<charParams l="564" t="1325" r="576" b="1348" charConfidence="31">e</charParams>
<charParams l="579" t="1324" r="604" b="1349" charConfidence="34">w</charParams>
<charParams l="608" t="1325" r="623" b="1348" charConfidence="54">a</charParams>
<charParams l="628" t="1320" r="635" b="1350" charConfidence="54">l</charParams>
<charParams l="639" t="1324" r="650" b="1349" charConfidence="30">t</charParams>
<charParams l="651" t="1324" r="674" b="1349"> </charParams>
<charParams l="675" t="1327" r="689" b="1349" charConfidence="46">o</charParams>
<charParams l="693" t="1321" r="708" b="1350" charConfidence="30">d</charParams>
<charParams l="712" t="1327" r="724" b="1350" charConfidence="33">e</charParams>
<charParams l="728" t="1326" r="741" b="1350" charConfidence="31">r</charParams>
<charParams l="742" t="1318" r="764" b="1356"> </charParams>
<charParams l="765" t="1318" r="778" b="1356" charConfidence="98">s</charParams>
<charParams l="777" t="1326" r="791" b="1348" charConfidence="54">o</charParams>
<charParams l="795" t="1326" r="812" b="1348" charConfidence="28">n</charParams>
<charParams l="817" t="1318" r="836" b="1357" charConfidence="22">s</charParams>
<charParams l="817" t="1318" r="836" b="1357" charConfidence="22">t</charParams>
<charParams l="840" t="1318" r="847" b="1348" charConfidence="100">i</charParams>
<charParams l="850" t="1326" r="866" b="1356" charConfidence="26">g</charParams>
<charParams l="870" t="1326" r="883" b="1348" charConfidence="30">e</charParams>
<charParams l="884" t="1314" r="906" b="1348"> </charParams>
<charParams l="907" t="1314" r="939" b="1347" charConfidence="100">B</charParams>
<charParams l="945" t="1327" r="957" b="1348" charConfidence="24">e</charParams>
<charParams l="958" t="1330" r="967" b="1343" charConfidence="22">¬</charParams></formatting></line>
<line baseline="1409" l="171" t="1372" r="966" b="1418"><formatting lang="OldGerman">
<charParams l="171" t="1376" r="191" b="1413" charConfidence="38">s</charParams>
<charParams l="171" t="1376" r="191" b="1413" charConfidence="38">t</charParams>
<charParams l="195" t="1378" r="202" b="1407" charConfidence="39">i</charParams>
<charParams l="206" t="1384" r="232" b="1407" charConfidence="54">m</charParams>
<charParams l="237" t="1384" r="264" b="1407" charConfidence="78">m</charParams>
<charParams l="270" t="1385" r="285" b="1407" charConfidence="100">u</charParams>
<charParams l="290" t="1384" r="306" b="1407" charConfidence="25">n</charParams>
<charParams l="309" t="1384" r="325" b="1415" charConfidence="54">g</charParams>
<charParams l="329" t="1398" r="336" b="1407" charConfidence="100">.</charParams>
<charParams l="337" t="1372" r="392" b="1411"> </charParams>
<charParams l="393" t="1372" r="422" b="1411" charConfidence="26">I</charParams>
<charParams l="427" t="1374" r="446" b="1412" charConfidence="31">s</charParams>
<charParams l="427" t="1374" r="446" b="1412" charConfidence="31">t</charParams>
<charParams l="447" t="1374" r="481" b="1412"> </charParams>
<charParams l="482" t="1377" r="497" b="1405" charConfidence="26">d</charParams>
<charParams l="502" t="1377" r="509" b="1405" charConfidence="100">i</charParams>
<charParams l="513" t="1385" r="525" b="1407" charConfidence="35">e</charParams>
<charParams l="529" t="1377" r="542" b="1413" charConfidence="26">s</charParams>
<charParams l="540" t="1386" r="552" b="1408" charConfidence="29">e</charParams>
<charParams l="553" t="1379" r="585" b="1411"> </charParams>
<charParams l="586" t="1379" r="602" b="1411" charConfidence="37">b</charParams>
<charParams l="605" t="1388" r="617" b="1411" charConfidence="28">e</charParams>
<charParams l="622" t="1380" r="634" b="1418" charConfidence="25">s</charParams>
<charParams l="632" t="1389" r="644" b="1411" charConfidence="46">e</charParams>
<charParams l="648" t="1381" r="654" b="1411" charConfidence="-1">i</charParams>
<charParams l="659" t="1385" r="668" b="1411" charConfidence="42">t</charParams>
<charParams l="672" t="1381" r="679" b="1411" charConfidence="100">i</charParams>
<charParams l="681" t="1389" r="697" b="1418" charConfidence="54">g</charParams>
<charParams l="702" t="1384" r="713" b="1411" charConfidence="55">t</charParams>
<charParams l="720" t="1402" r="729" b="1417" charConfidence="65">,</charParams>
<charParams l="730" t="1380" r="765" b="1417"> </charParams>
<charParams l="766" t="1380" r="779" b="1417" charConfidence="76">s</charParams>
<charParams l="779" t="1388" r="793" b="1410" charConfidence="38">o</charParams>
<charParams l="794" t="1385" r="817" b="1411"> </charParams>
<charParams l="818" t="1385" r="828" b="1411" charConfidence="78">t</charParams>
<charParams l="832" t="1387" r="844" b="1410" charConfidence="34">r</charParams>
<charParams l="848" t="1387" r="859" b="1410" charConfidence="100">e</charParams>
<charParams l="863" t="1384" r="873" b="1410" charConfidence="31">t</charParams>
<charParams l="875" t="1387" r="887" b="1411" charConfidence="26">e</charParams>
<charParams l="890" t="1386" r="908" b="1409" charConfidence="32">n</charParams>
<charParams l="909" t="1378" r="931" b="1417"> </charParams>
<charParams l="932" t="1378" r="951" b="1417" charConfidence="52">s</charParams>
<charParams l="932" t="1378" r="951" b="1417" charConfidence="52">i</charParams>
<charParams l="953" t="1389" r="966" b="1410" charConfidence="25">e</charParams></formatting></line>
<line baseline="1469" l="169" t="1436" r="581" b="1477"><formatting lang="OldGerman">
<charParams l="169" t="1444" r="184" b="1472" charConfidence="34">g</charParams>
<charParams l="189" t="1439" r="195" b="1466" charConfidence="100">l</charParams>
<charParams l="200" t="1445" r="212" b="1467" charConfidence="44">e</charParams>
<charParams l="216" t="1438" r="223" b="1468" charConfidence="100">i</charParams>
<charParams l="226" t="1438" r="254" b="1476" charConfidence="55">c</charParams>
<charParams l="226" t="1438" r="254" b="1476" charConfidence="55">h</charParams>
<charParams l="255" t="1438" r="279" b="1476"> </charParams>
<charParams l="280" t="1445" r="306" b="1470" charConfidence="59">w</charParams>
<charParams l="311" t="1438" r="318" b="1470" charConfidence="100">i</charParams>
<charParams l="321" t="1446" r="333" b="1469" charConfidence="53">e</charParams>
<charParams l="337" t="1440" r="351" b="1469" charConfidence="26">d</charParams>
<charParams l="356" t="1446" r="367" b="1469" charConfidence="25">e</charParams>
<charParams l="371" t="1445" r="384" b="1469" charConfidence="33">r</charParams>
<charParams l="385" t="1444" r="405" b="1477"> </charParams>
<charParams l="406" t="1444" r="419" b="1477" charConfidence="56">z</charParams>
<charParams l="423" t="1445" r="439" b="1467" charConfidence="27">u</charParams>
<charParams l="444" t="1436" r="456" b="1475" charConfidence="26">s</charParams>
<charParams l="455" t="1444" r="470" b="1467" charConfidence="30">a</charParams>
<charParams l="474" t="1444" r="501" b="1468" charConfidence="63">m</charParams>
<charParams l="505" t="1444" r="533" b="1469" charConfidence="78">m</charParams>
<charParams l="537" t="1446" r="549" b="1469" charConfidence="30">e</charParams>
<charParams l="553" t="1447" r="570" b="1470" charConfidence="37">n</charParams>
<charParams l="573" t="1462" r="581" b="1471" charConfidence="60">.</charParams></formatting></line></par>
</text>
</block>
</page>
</document>