﻿<?xml version="1.0" encoding="UTF-8" standalone="yes"?>
<document xmlns="http://www.abbyy.com/FineReader_xml/FineReader10-schema-v1.xml" version="1.0" producer="ABBYY FineReader Engine 11" languages="" xmlns:xsi="http://www.w3.org/2001/XMLSchema-instance" xsi:schemaLocation="http://www.abbyy.com/FineReader_xml/FineReader10-schema-v1.xml http://www.abbyy.com/FineReader_xml/FineReader10-schema-v1.xml">
<page width="1156" height="1782" resolution="300" originalCoords="1">
<block blockType="Text" blockName="">
<text>
<par startIndent="72">
<line baseline="89" l="555" t="60" r="598" b="92"><formatting lang="OldGerman">
<charParams l="555" t="60" r="575" b="89" suspicious="1" charConfidence="44">7</charParams>
<charParams l="578" t="60" r="598" b="92" suspicious="1" charConfidence="57">9</charParams></formatting></line></par>
</text>
</block>
<block blockType="Text" blockName="">
<text>
<par align="Justified" startIndent="1912" lineSpacing="1440">
<line baseline="174" l="251" t="138" r="974" b="185"><formatting lang="OldGerman">
<charParams l="251" t="142" r="280" b="174" charConfidence="70">O</charParams>
<charParams l="284" t="141" r="301" b="183" charConfidence="36">h</charParams>
<charParams l="304" t="151" r="322" b="174" charConfidence="35">n</charParams>
<charParams l="325" t="152" r="338" b="175" charConfidence="38">e</charParams>
<charParams l="339" t="143" r="355" b="183"> </charParams>
<charParams l="356" t="143" r="380" b="183" charConfidence="37">F</charParams>
<charParams l="382" t="154" r="395" b="177" charConfidence="81">r</charParams>
<charParams l="397" t="152" r="412" b="176" charConfidence="24">a</charParams>
<charParams l="414" t="152" r="431" b="183" charConfidence="27">g</charParams>
<charParams l="435" t="151" r="448" b="174" charConfidence="33">e</charParams>
<charParams l="454" t="164" r="464" b="179" charConfidence="90">,</charParams>
<charParams l="465" t="140" r="487" b="179"> </charParams>
<charParams l="488" t="140" r="503" b="178" charConfidence="66">s</charParams>
<charParams l="500" t="149" r="516" b="171" charConfidence="30">a</charParams>
<charParams l="519" t="147" r="534" b="179" charConfidence="26">g</charParams>
<charParams l="539" t="143" r="549" b="170" charConfidence="87">t</charParams>
<charParams l="552" t="147" r="564" b="170" charConfidence="28">e</charParams>
<charParams l="565" t="138" r="580" b="171"> </charParams>
<charParams l="581" t="138" r="606" b="171" charConfidence="33">C</charParams>
<charParams l="609" t="138" r="626" b="181" charConfidence="27">h</charParams>
<charParams l="630" t="147" r="645" b="170" charConfidence="0">a</charParams>
<charParams l="649" t="146" r="661" b="170" charConfidence="24">r</charParams>
<charParams l="665" t="140" r="675" b="171" charConfidence="64">l</charParams>
<charParams l="677" t="148" r="691" b="172" charConfidence="39">o</charParams>
<charParams l="694" t="145" r="704" b="172" charConfidence="59">t</charParams>
<charParams l="708" t="146" r="718" b="173" charConfidence="46">t</charParams>
<charParams l="721" t="151" r="733" b="174" charConfidence="28">e</charParams>
<charParams l="734" t="143" r="759" b="176"> </charParams>
<charParams l="760" t="143" r="776" b="176" charConfidence="30">b</charParams>
<charParams l="780" t="153" r="791" b="176" charConfidence="100">e</charParams>
<charParams l="795" t="152" r="810" b="185" charConfidence="0">y</charParams>
<charParams l="814" t="145" r="833" b="184" charConfidence="39">s</charParams>
<charParams l="814" t="145" r="833" b="184" charConfidence="39">t</charParams>
<charParams l="838" t="145" r="845" b="176" charConfidence="100">i</charParams>
<charParams l="849" t="152" r="876" b="176" charConfidence="27">m</charParams>
<charParams l="880" t="152" r="907" b="177" charConfidence="32">m</charParams>
<charParams l="913" t="154" r="924" b="176" charConfidence="25">e</charParams>
<charParams l="927" t="153" r="944" b="177" charConfidence="30">n</charParams>
<charParams l="947" t="146" r="963" b="175" charConfidence="34">d</charParams>
<charParams l="967" t="167" r="974" b="175" charConfidence="100">.</charParams></formatting></line>
<line baseline="234" l="186" t="201" r="978" b="247"><formatting lang="OldGerman">
<charParams l="186" t="201" r="219" b="234" charConfidence="34">R</charParams>
<charParams l="223" t="211" r="235" b="233" charConfidence="28">e</charParams>
<charParams l="237" t="211" r="253" b="240" charConfidence="59">g</charParams>
<charParams l="258" t="211" r="270" b="233" charConfidence="52">e</charParams>
<charParams l="273" t="211" r="290" b="235" charConfidence="33">n</charParams>
<charParams l="293" t="209" r="303" b="235" charConfidence="36">t</charParams>
<charParams l="307" t="212" r="320" b="235" charConfidence="42">r</charParams>
<charParams l="323" t="213" r="337" b="236" charConfidence="39">o</charParams>
<charParams l="339" t="214" r="357" b="243" charConfidence="31">p</charParams>
<charParams l="359" t="205" r="374" b="243" charConfidence="30">f</charParams>
<charParams l="373" t="214" r="386" b="236" charConfidence="27">e</charParams>
<charParams l="389" t="213" r="407" b="236" charConfidence="26">n</charParams>
<charParams l="408" t="212" r="435" b="236"> </charParams>
<charParams l="436" t="212" r="453" b="234" charConfidence="69">v</charParams>
<charParams l="456" t="211" r="468" b="234" charConfidence="26">e</charParams>
<charParams l="471" t="210" r="484" b="232" charConfidence="96">r</charParams>
<charParams l="487" t="210" r="499" b="232" charConfidence="79">e</charParams>
<charParams l="502" t="202" r="510" b="230" charConfidence="55">i</charParams>
<charParams l="513" t="209" r="530" b="231" charConfidence="43">n</charParams>
<charParams l="533" t="201" r="541" b="229" charConfidence="32">i</charParams>
<charParams l="543" t="208" r="560" b="237" charConfidence="27">g</charParams>
<charParams l="564" t="208" r="576" b="231" charConfidence="25">e</charParams>
<charParams l="579" t="207" r="597" b="230" charConfidence="46">n</charParams>
<charParams l="598" t="201" r="628" b="238"> </charParams>
<charParams l="629" t="201" r="647" b="238" charConfidence="54">s</charParams>
<charParams l="629" t="201" r="647" b="238" charConfidence="54">i</charParams>
<charParams l="650" t="201" r="677" b="237" charConfidence="35">c</charParams>
<charParams l="650" t="201" r="677" b="237" charConfidence="35">h</charParams>
<charParams l="678" t="201" r="701" b="239"> </charParams>
<charParams l="702" t="203" r="716" b="239" charConfidence="100">s</charParams>
<charParams l="714" t="203" r="741" b="240" charConfidence="66">c</charParams>
<charParams l="714" t="203" r="741" b="240" charConfidence="66">h</charParams>
<charParams l="745" t="213" r="761" b="236" charConfidence="25">n</charParams>
<charParams l="765" t="214" r="777" b="236" charConfidence="26">e</charParams>
<charParams l="781" t="206" r="790" b="236" charConfidence="31">l</charParams>
<charParams l="790" t="206" r="799" b="237" charConfidence="99">l</charParams>
<charParams l="800" t="206" r="820" b="247"> </charParams>
<charParams l="821" t="214" r="834" b="247" charConfidence="100">z</charParams>
<charParams l="838" t="215" r="855" b="238" suspicious="1" charConfidence="-1">»</charParams>
<charParams l="856" t="205" r="880" b="239"> </charParams>
<charParams l="881" t="205" r="918" b="239" charConfidence="32">S</charParams>
<charParams l="922" t="212" r="931" b="238" charConfidence="53">t</charParams>
<charParams l="935" t="215" r="948" b="238" charConfidence="54">r</charParams>
<charParams l="951" t="206" r="965" b="238" charConfidence="26">ö</charParams>
<charParams l="969" t="216" r="978" b="233" charConfidence="22">¬</charParams></formatting></line>
<line baseline="295" l="185" t="258" r="981" b="302"><formatting lang="OldGerman">
<charParams l="185" t="270" r="213" b="293" charConfidence="65">m</charParams>
<charParams l="217" t="272" r="230" b="294" charConfidence="41">e</charParams>
<charParams l="232" t="271" r="249" b="294" charConfidence="43">n</charParams>
<charParams l="254" t="286" r="262" b="295" charConfidence="100">.</charParams>
<charParams l="263" t="265" r="307" b="297"> </charParams>
<charParams l="308" t="265" r="333" b="297" charConfidence="39">U</charParams>
<charParams l="337" t="274" r="353" b="297" charConfidence="30">n</charParams>
<charParams l="358" t="268" r="373" b="296" charConfidence="29">d</charParams>
<charParams l="374" t="264" r="404" b="302"> </charParams>
<charParams l="405" t="264" r="419" b="302" charConfidence="86">s</charParams>
<charParams l="416" t="272" r="426" b="293" charConfidence="28">c</charParams>
<charParams l="428" t="263" r="443" b="300" charConfidence="33">h</charParams>
<charParams l="447" t="269" r="461" b="293" charConfidence="39">o</charParams>
<charParams l="465" t="269" r="482" b="292" charConfidence="66">n</charParams>
<charParams l="483" t="269" r="515" b="292"> </charParams>
<charParams l="516" t="269" r="531" b="290" charConfidence="24">a</charParams>
<charParams l="536" t="261" r="544" b="291" charConfidence="70">l</charParams>
<charParams l="546" t="263" r="562" b="290" charConfidence="-1">s</charParams>
<charParams l="563" t="258" r="594" b="291"> </charParams>
<charParams l="595" t="258" r="624" b="291" charConfidence="31">K</charParams>
<charParams l="628" t="261" r="634" b="291" charConfidence="100">i</charParams>
<charParams l="638" t="268" r="655" b="292" charConfidence="36">n</charParams>
<charParams l="660" t="262" r="675" b="291" charConfidence="26">d</charParams>
<charParams l="679" t="269" r="691" b="292" charConfidence="26">e</charParams>
<charParams l="694" t="269" r="707" b="292" charConfidence="34">r</charParams>
<charParams l="708" t="264" r="729" b="300"> </charParams>
<charParams l="730" t="264" r="745" b="300" charConfidence="99">s</charParams>
<charParams l="743" t="274" r="759" b="302" charConfidence="81">p</charParams>
<charParams l="763" t="266" r="771" b="296" charConfidence="100">i</charParams>
<charParams l="774" t="274" r="786" b="296" charConfidence="30">e</charParams>
<charParams l="790" t="267" r="798" b="297" charConfidence="85">l</charParams>
<charParams l="801" t="275" r="813" b="298" charConfidence="26">e</charParams>
<charParams l="816" t="274" r="834" b="297" charConfidence="27">n</charParams>
<charParams l="835" t="274" r="856" b="299"> </charParams>
<charParams l="857" t="274" r="884" b="299" charConfidence="29">w</charParams>
<charParams l="888" t="268" r="897" b="298" charConfidence="36">i</charParams>
<charParams l="900" t="276" r="913" b="299" charConfidence="40">r</charParams>
<charParams l="914" t="276" r="937" b="299"> </charParams>
<charParams l="938" t="276" r="950" b="299" charConfidence="29">e</charParams>
<charParams l="954" t="276" r="966" b="300" charConfidence="31">r</charParams>
<charParams l="971" t="280" r="981" b="295" charConfidence="22">¬</charParams></formatting></line>
<line baseline="354" l="185" t="319" r="976" b="362"><formatting lang="OldGerman">
<charParams l="185" t="324" r="206" b="362" charConfidence="33">s</charParams>
<charParams l="185" t="324" r="206" b="362" charConfidence="33">t</charParams>
<charParams l="209" t="331" r="224" b="354" charConfidence="45">a</charParams>
<charParams l="228" t="332" r="245" b="355" charConfidence="-1">u</charParams>
<charParams l="248" t="332" r="265" b="356" charConfidence="75">n</charParams>
<charParams l="269" t="330" r="280" b="357" charConfidence="61">t</charParams>
<charParams l="281" t="330" r="303" b="357"> </charParams>
<charParams l="304" t="333" r="332" b="356" charConfidence="100">m</charParams>
<charParams l="335" t="326" r="343" b="355" charConfidence="59">i</charParams>
<charParams l="346" t="330" r="357" b="356" charConfidence="57">t</charParams>
<charParams l="358" t="326" r="380" b="356"> </charParams>
<charParams l="381" t="326" r="397" b="354" charConfidence="26">d</charParams>
<charParams l="400" t="331" r="413" b="354" charConfidence="27">e</charParams>
<charParams l="415" t="330" r="443" b="353" charConfidence="100">m</charParams>
<charParams l="444" t="319" r="461" b="353"> </charParams>
<charParams l="462" t="319" r="497" b="352" charConfidence="22">Q</charParams>
<charParams l="499" t="328" r="517" b="350" charConfidence="-1">u</charParams>
<charParams l="520" t="328" r="532" b="350" charConfidence="25">e</charParams>
<charParams l="536" t="328" r="546" b="350" charConfidence="36">c</charParams>
<charParams l="546" t="321" r="560" b="350" charConfidence="48">k</charParams>
<charParams l="562" t="320" r="580" b="359" charConfidence="53">s</charParams>
<charParams l="562" t="320" r="580" b="359" suspicious="1" charConfidence="53">i</charParams>
<charParams l="583" t="321" r="591" b="350" charConfidence="40">l</charParams>
<charParams l="594" t="320" r="609" b="351" charConfidence="60">b</charParams>
<charParams l="613" t="329" r="626" b="351" charConfidence="30">e</charParams>
<charParams l="628" t="328" r="641" b="351" charConfidence="67">r</charParams>
<charParams l="649" t="342" r="659" b="358" charConfidence="100">,</charParams>
<charParams l="660" t="323" r="690" b="358"> </charParams>
<charParams l="691" t="323" r="701" b="352" charConfidence="32">i</charParams>
<charParams l="704" t="329" r="721" b="353" charConfidence="27">n</charParams>
<charParams l="725" t="325" r="739" b="353" charConfidence="36">d</charParams>
<charParams l="744" t="333" r="756" b="355" charConfidence="31">e</charParams>
<charParams l="759" t="330" r="787" b="355" charConfidence="27">m</charParams>
<charParams l="788" t="330" r="810" b="359"> </charParams>
<charParams l="811" t="334" r="838" b="359" charConfidence="30">w</charParams>
<charParams l="842" t="328" r="849" b="358" charConfidence="52">i</charParams>
<charParams l="853" t="334" r="867" b="358" charConfidence="26">r</charParams>
<charParams l="868" t="334" r="890" b="359"> </charParams>
<charParams l="891" t="336" r="904" b="359" charConfidence="34">e</charParams>
<charParams l="906" t="331" r="922" b="358" charConfidence="100">s</charParams>
<charParams l="923" t="328" r="946" b="358"> </charParams>
<charParams l="947" t="328" r="955" b="357" charConfidence="40">i</charParams>
<charParams l="959" t="335" r="976" b="358" charConfidence="32">n</charParams></formatting></line>
<line baseline="415" l="185" t="383" r="976" b="426"><formatting lang="OldGerman">
<charParams l="185" t="383" r="215" b="416" charConfidence="65">K</charParams>
<charParams l="217" t="384" r="234" b="416" charConfidence="55">ü</charParams>
<charParams l="236" t="394" r="253" b="423" charConfidence="26">g</charParams>
<charParams l="257" t="394" r="269" b="416" charConfidence="31">e</charParams>
<charParams l="272" t="387" r="281" b="416" charConfidence="68">l</charParams>
<charParams l="283" t="386" r="309" b="422" charConfidence="85">c</charParams>
<charParams l="283" t="386" r="309" b="422" charConfidence="85">h</charParams>
<charParams l="313" t="393" r="325" b="415" charConfidence="33">e</charParams>
<charParams l="327" t="391" r="346" b="415" charConfidence="32">n</charParams>
<charParams l="347" t="388" r="375" b="415"> </charParams>
<charParams l="376" t="388" r="388" b="415" charConfidence="66">t</charParams>
<charParams l="388" t="390" r="403" b="414" charConfidence="99">r</charParams>
<charParams l="405" t="391" r="417" b="413" charConfidence="27">e</charParams>
<charParams l="420" t="390" r="437" b="413" charConfidence="100">n</charParams>
<charParams l="441" t="389" r="458" b="413" charConfidence="93">n</charParams>
<charParams l="462" t="389" r="474" b="412" charConfidence="27">e</charParams>
<charParams l="477" t="388" r="495" b="412" charConfidence="27">n</charParams>
<charParams l="496" t="388" r="525" b="413"> </charParams>
<charParams l="526" t="389" r="543" b="413" charConfidence="60">u</charParams>
<charParams l="547" t="389" r="563" b="411" charConfidence="25">n</charParams>
<charParams l="568" t="383" r="584" b="412" charConfidence="26">d</charParams>
<charParams l="585" t="383" r="615" b="413"> </charParams>
<charParams l="616" t="389" r="630" b="413" charConfidence="35">e</charParams>
<charParams l="632" t="385" r="647" b="413" charConfidence="100">s</charParams>
<charParams l="648" t="385" r="669" b="414"> </charParams>
<charParams l="670" t="387" r="697" b="414" charConfidence="59">w</charParams>
<charParams l="701" t="383" r="709" b="414" charConfidence="62">i</charParams>
<charParams l="713" t="383" r="724" b="414" suspicious="1" charConfidence="24">t</charParams>
<charParams l="727" t="386" r="743" b="415" charConfidence="26">d</charParams>
<charParams l="747" t="393" r="759" b="416" charConfidence="30">e</charParams>
<charParams l="762" t="393" r="776" b="417" charConfidence="92">r</charParams>
<charParams l="777" t="393" r="798" b="426"> </charParams>
<charParams l="799" t="393" r="812" b="426" charConfidence="33">z</charParams>
<charParams l="816" t="395" r="832" b="419" charConfidence="43">u</charParams>
<charParams l="836" t="388" r="850" b="425" charConfidence="100">s</charParams>
<charParams l="847" t="397" r="863" b="419" charConfidence="25">a</charParams>
<charParams l="867" t="396" r="895" b="420" charConfidence="50">m</charParams>
<charParams l="898" t="396" r="926" b="420" charConfidence="84">m</charParams>
<charParams l="930" t="397" r="943" b="420" charConfidence="30">e</charParams>
<charParams l="945" t="397" r="963" b="420" charConfidence="100">n</charParams>
<charParams l="966" t="401" r="976" b="416" charConfidence="22">¬</charParams></formatting></line>
<line baseline="475" l="182" t="441" r="403" b="481"><formatting lang="OldGerman">
<charParams l="182" t="445" r="193" b="475" charConfidence="100">l</charParams>
<charParams l="196" t="451" r="211" b="475" charConfidence="64">a</charParams>
<charParams l="215" t="452" r="231" b="475" charConfidence="24">u</charParams>
<charParams l="234" t="443" r="250" b="481" charConfidence="54">f</charParams>
<charParams l="248" t="452" r="260" b="475" charConfidence="43">e</charParams>
<charParams l="263" t="451" r="281" b="475" charConfidence="46">n</charParams>
<charParams l="282" t="444" r="303" b="475"> </charParams>
<charParams l="304" t="444" r="314" b="473" charConfidence="99">l</charParams>
<charParams l="316" t="451" r="332" b="474" charConfidence="33">a</charParams>
<charParams l="335" t="441" r="360" b="478" charConfidence="100">s</charParams>
<charParams l="335" t="441" r="360" b="478" charConfidence="100">s</charParams>
<charParams l="357" t="451" r="370" b="474" charConfidence="25">e</charParams>
<charParams l="372" t="450" r="390" b="474" charConfidence="41">n</charParams>
<charParams l="392" t="464" r="403" b="473" charConfidence="64">.</charParams></formatting></line></par>
<par align="Justified" startIndent="1912" lineSpacing="1488">
<line baseline="599" l="248" t="564" r="976" b="609"><formatting lang="OldGerman">
<charParams l="248" t="566" r="275" b="600" charConfidence="72">U</charParams>
<charParams l="278" t="575" r="295" b="600" charConfidence="25">n</charParams>
<charParams l="298" t="568" r="314" b="599" suspicious="1" charConfidence="40">d</charParams>
<charParams l="315" t="566" r="337" b="607"> </charParams>
<charParams l="338" t="566" r="353" b="607" charConfidence="100">s</charParams>
<charParams l="351" t="575" r="365" b="599" charConfidence="55">o</charParams>
<charParams l="366" t="566" r="389" b="599"> </charParams>
<charParams l="390" t="566" r="406" b="598" charConfidence="72">d</charParams>
<charParams l="410" t="575" r="424" b="599" charConfidence="100">a</charParams>
<charParams l="429" t="575" r="441" b="599" charConfidence="100">r</charParams>
<charParams l="445" t="566" r="458" b="605" charConfidence="70">f</charParams>
<charParams l="459" t="566" r="478" b="605"> </charParams>
<charParams l="479" t="567" r="487" b="598" charConfidence="34">i</charParams>
<charParams l="491" t="567" r="518" b="606" charConfidence="57">c</charParams>
<charParams l="491" t="567" r="518" b="606" charConfidence="57">h</charParams>
<charParams l="519" t="567" r="548" b="606"> </charParams>
<charParams l="549" t="573" r="576" b="599" charConfidence="54">w</charParams>
<charParams l="580" t="576" r="594" b="599" charConfidence="83">o</charParams>
<charParams l="598" t="566" r="614" b="609" charConfidence="50">h</charParams>
<charParams l="619" t="567" r="629" b="600" charConfidence="73">l</charParams>
<charParams l="638" t="591" r="647" b="606" charConfidence="100">,</charParams>
<charParams l="648" t="567" r="680" b="606"> </charParams>
<charParams l="681" t="567" r="697" b="605" charConfidence="27">f</charParams>
<charParams l="697" t="565" r="713" b="598" charConfidence="14">ü</charParams>
<charParams l="716" t="574" r="732" b="607" charConfidence="57">g</charParams>
<charParams l="736" t="571" r="746" b="599" charConfidence="32">t</charParams>
<charParams l="749" t="575" r="762" b="600" charConfidence="26">e</charParams>
<charParams l="763" t="569" r="785" b="600"> </charParams>
<charParams l="786" t="569" r="801" b="598" charConfidence="30">d</charParams>
<charParams l="807" t="576" r="818" b="599" charConfidence="38">e</charParams>
<charParams l="822" t="575" r="836" b="599" charConfidence="29">r</charParams>
<charParams l="837" t="564" r="857" b="606"> </charParams>
<charParams l="858" t="564" r="890" b="606" charConfidence="28">H</charParams>
<charParams l="893" t="575" r="909" b="598" charConfidence="49">a</charParams>
<charParams l="913" t="576" r="930" b="599" charConfidence="61">u</charParams>
<charParams l="934" t="576" r="949" b="607" charConfidence="64">p</charParams>
<charParams l="953" t="571" r="964" b="600" charConfidence="63">t</charParams>
<charParams l="966" t="577" r="976" b="595" suspicious="1" charConfidence="52">¬</charParams></formatting></line>
<line baseline="663" l="183" t="629" r="976" b="673"><formatting lang="OldGerman">
<charParams l="183" t="638" r="211" b="664" charConfidence="39">m</charParams>
<charParams l="216" t="638" r="231" b="663" charConfidence="54">a</charParams>
<charParams l="235" t="639" r="251" b="663" charConfidence="25">n</charParams>
<charParams l="255" t="640" r="274" b="663" charConfidence="48">n</charParams>
<charParams l="275" t="630" r="304" b="673"> </charParams>
<charParams l="305" t="630" r="322" b="673" suspicious="1" charConfidence="100">h</charParams>
<charParams l="327" t="632" r="335" b="663" charConfidence="32">i</charParams>
<charParams l="338" t="640" r="354" b="663" charConfidence="70">n</charParams>
<charParams l="359" t="640" r="370" b="673" charConfidence="27">z</charParams>
<charParams l="372" t="640" r="391" b="663" charConfidence="30">u</charParams>
<charParams l="401" t="654" r="411" b="670" charConfidence="83">,</charParams>
<charParams l="412" t="640" r="448" b="670"> </charParams>
<charParams l="449" t="640" r="461" b="663" charConfidence="100">e</charParams>
<charParams l="466" t="631" r="473" b="663" charConfidence="32">i</charParams>
<charParams l="476" t="639" r="493" b="662" charConfidence="27">n</charParams>
<charParams l="497" t="640" r="509" b="662" charConfidence="48">e</charParams>
<charParams l="512" t="634" r="527" b="662" charConfidence="96">s</charParams>
<charParams l="528" t="629" r="558" b="663"> </charParams>
<charParams l="559" t="629" r="574" b="663" charConfidence="26">b</charParams>
<charParams l="579" t="640" r="591" b="662" charConfidence="32">e</charParams>
<charParams l="594" t="634" r="609" b="663" charConfidence="29">d</charParams>
<charParams l="614" t="641" r="625" b="663" charConfidence="24">e</charParams>
<charParams l="629" t="640" r="645" b="663" charConfidence="25">u</charParams>
<charParams l="649" t="635" r="660" b="662" charConfidence="68">t</charParams>
<charParams l="662" t="638" r="674" b="662" charConfidence="33">e</charParams>
<charParams l="677" t="638" r="694" b="662" charConfidence="30">n</charParams>
<charParams l="698" t="634" r="713" b="662" charConfidence="43">d</charParams>
<charParams l="718" t="640" r="730" b="662" charConfidence="66">e</charParams>
<charParams l="733" t="639" r="751" b="662" suspicious="1" charConfidence="-1">»</charParams>
<charParams l="752" t="630" r="774" b="671"> </charParams>
<charParams l="775" t="630" r="808" b="671" charConfidence="49">P</charParams>
<charParams l="812" t="640" r="829" b="663" charConfidence="24">u</charParams>
<charParams l="832" t="639" r="850" b="662" charConfidence="35">n</charParams>
<charParams l="854" t="638" r="865" b="663" charConfidence="34">c</charParams>
<charParams l="868" t="637" r="878" b="663" charConfidence="27">t</charParams>
<charParams l="881" t="640" r="892" b="663" charConfidence="26">e</charParams>
<charParams l="896" t="635" r="912" b="663" charConfidence="100">s</charParams>
<charParams l="913" t="632" r="936" b="663"> </charParams>
<charParams l="937" t="632" r="945" b="663" charConfidence="30">i</charParams>
<charParams l="948" t="638" r="976" b="662" charConfidence="28">m</charParams></formatting></line>
<line baseline="727" l="183" t="693" r="977" b="736"><formatting lang="OldGerman">
<charParams l="183" t="696" r="202" b="734" charConfidence="22">f</charParams>
<charParams l="183" t="696" r="202" b="734" charConfidence="22">l</charParams>
<charParams l="206" t="695" r="223" b="727" charConfidence="42">ü</charParams>
<charParams l="227" t="696" r="253" b="734" charConfidence="65">c</charParams>
<charParams l="227" t="696" r="253" b="734" charConfidence="65">h</charParams>
<charParams l="257" t="700" r="267" b="728" charConfidence="80">t</charParams>
<charParams l="271" t="697" r="278" b="727" charConfidence="64">i</charParams>
<charParams l="281" t="705" r="297" b="735" charConfidence="56">g</charParams>
<charParams l="301" t="704" r="313" b="727" charConfidence="28">e</charParams>
<charParams l="316" t="704" r="334" b="728" charConfidence="32">n</charParams>
<charParams l="335" t="695" r="357" b="728"> </charParams>
<charParams l="358" t="695" r="389" b="727" charConfidence="33">V</charParams>
<charParams l="394" t="704" r="408" b="726" charConfidence="43">o</charParams>
<charParams l="412" t="703" r="425" b="727" charConfidence="69">r</charParams>
<charParams l="428" t="694" r="443" b="727" charConfidence="28">b</charParams>
<charParams l="448" t="704" r="459" b="727" charConfidence="26">e</charParams>
<charParams l="462" t="703" r="478" b="736" charConfidence="29">y</charParams>
<charParams l="481" t="704" r="497" b="734" charConfidence="27">g</charParams>
<charParams l="501" t="704" r="512" b="727" charConfidence="100">e</charParams>
<charParams l="517" t="694" r="533" b="735" charConfidence="35">h</charParams>
<charParams l="538" t="704" r="549" b="726" charConfidence="25">e</charParams>
<charParams l="553" t="703" r="572" b="727" charConfidence="24">n</charParams>
<charParams l="573" t="703" r="601" b="727"> </charParams>
<charParams l="602" t="703" r="614" b="726" charConfidence="100">e</charParams>
<charParams l="618" t="702" r="631" b="726" charConfidence="100">r</charParams>
<charParams l="633" t="702" r="659" b="726" charConfidence="23">w</charParams>
<charParams l="662" t="693" r="677" b="726" charConfidence="65">ä</charParams>
<charParams l="682" t="693" r="698" b="734" charConfidence="66">h</charParams>
<charParams l="703" t="703" r="719" b="726" charConfidence="81">n</charParams>
<charParams l="724" t="704" r="735" b="726" charConfidence="26">e</charParams>
<charParams l="739" t="703" r="756" b="727" charConfidence="44">n</charParams>
<charParams l="765" t="718" r="775" b="733" charConfidence="100">,</charParams>
<charParams l="776" t="697" r="816" b="733"> </charParams>
<charParams l="817" t="697" r="833" b="726" charConfidence="35">d</charParams>
<charParams l="838" t="704" r="852" b="726" charConfidence="24">a</charParams>
<charParams l="857" t="694" r="872" b="733" charConfidence="28">ß</charParams>
<charParams l="873" t="694" r="895" b="733"> </charParams>
<charParams l="896" t="704" r="914" b="727" charConfidence="100">n</charParams>
<charParams l="918" t="694" r="933" b="727" charConfidence="31">ä</charParams>
<charParams l="937" t="701" r="964" b="727" charConfidence="57">m</charParams>
<charParams l="968" t="708" r="977" b="722" charConfidence="22">¬</charParams></formatting></line>
<line baseline="788" l="183" t="755" r="978" b="796"><formatting lang="OldGerman">
<charParams l="183" t="760" r="193" b="789" charConfidence="44">l</charParams>
<charParams l="196" t="759" r="203" b="789" charConfidence="40">i</charParams>
<charParams l="207" t="758" r="234" b="796" suspicious="1" charConfidence="63">c</charParams>
<charParams l="207" t="758" r="234" b="796" suspicious="1" charConfidence="63">h</charParams>
<charParams l="235" t="758" r="266" b="796"> </charParams>
<charParams l="267" t="761" r="283" b="789" charConfidence="31">d</charParams>
<charParams l="288" t="760" r="296" b="789" charConfidence="100">i</charParams>
<charParams l="299" t="768" r="311" b="791" charConfidence="25">e</charParams>
<charParams l="314" t="759" r="327" b="796" charConfidence="100">s</charParams>
<charParams l="326" t="767" r="337" b="790" charConfidence="55">e</charParams>
<charParams l="341" t="767" r="354" b="790" charConfidence="25">r</charParams>
<charParams l="355" t="767" r="376" b="790"> </charParams>
<charParams l="377" t="767" r="395" b="789" charConfidence="26">v</charParams>
<charParams l="399" t="757" r="413" b="789" charConfidence="22">ö</charParams>
<charParams l="418" t="758" r="426" b="789" charConfidence="40">l</charParams>
<charParams l="426" t="757" r="434" b="788" charConfidence="27">l</charParams>
<charParams l="438" t="759" r="445" b="788" charConfidence="38">i</charParams>
<charParams l="448" t="765" r="465" b="796" charConfidence="42">g</charParams>
<charParams l="466" t="765" r="489" b="796"> </charParams>
<charParams l="490" t="767" r="503" b="789" charConfidence="59">r</charParams>
<charParams l="506" t="767" r="518" b="789" charConfidence="40">e</charParams>
<charParams l="522" t="759" r="529" b="790" charConfidence="100">i</charParams>
<charParams l="532" t="765" r="550" b="789" charConfidence="42">n</charParams>
<charParams l="554" t="766" r="566" b="789" charConfidence="29">e</charParams>
<charParams l="567" t="781" r="576" b="795" charConfidence="77">,</charParams>
<charParams l="577" t="759" r="598" b="795"> </charParams>
<charParams l="599" t="759" r="618" b="787" charConfidence="100">d</charParams>
<charParams l="622" t="764" r="640" b="788" charConfidence="65">u</charParams>
<charParams l="643" t="764" r="656" b="788" charConfidence="100">r</charParams>
<charParams l="659" t="756" r="685" b="794" charConfidence="84">c</charParams>
<charParams l="659" t="756" r="685" b="794" charConfidence="84">h</charParams>
<charParams l="686" t="755" r="710" b="794"> </charParams>
<charParams l="711" t="755" r="735" b="794" charConfidence="39">F</charParams>
<charParams l="737" t="758" r="744" b="788" charConfidence="83">l</charParams>
<charParams l="748" t="756" r="764" b="788" charConfidence="24">ü</charParams>
<charParams l="769" t="756" r="798" b="793" charConfidence="0">s</charParams>
<charParams l="769" t="756" r="798" b="793" charConfidence="0">s</charParams>
<charParams l="792" t="766" r="799" b="788" charConfidence="22">i</charParams>
<charParams l="802" t="765" r="818" b="796" charConfidence="38">g</charParams>
<charParams l="822" t="757" r="834" b="788" charConfidence="51">k</charParams>
<charParams l="837" t="766" r="849" b="788" charConfidence="100">e</charParams>
<charParams l="852" t="758" r="859" b="788" charConfidence="79">i</charParams>
<charParams l="864" t="762" r="875" b="788" charConfidence="50">t</charParams>
<charParams l="876" t="762" r="896" b="789"> </charParams>
<charParams l="897" t="765" r="926" b="789" charConfidence="100">m</charParams>
<charParams l="930" t="757" r="945" b="788" charConfidence="26">ö</charParams>
<charParams l="947" t="766" r="964" b="796" charConfidence="57">g</charParams>
<charParams l="967" t="769" r="978" b="785" charConfidence="22">¬</charParams></formatting></line>
<line baseline="848" l="182" t="817" r="976" b="857"><formatting lang="OldGerman">
<charParams l="182" t="819" r="190" b="847" charConfidence="37">l</charParams>
<charParams l="194" t="818" r="201" b="847" charConfidence="63">i</charParams>
<charParams l="205" t="817" r="230" b="854" charConfidence="93">c</charParams>
<charParams l="205" t="817" r="230" b="854" charConfidence="93">h</charParams>
<charParams l="235" t="825" r="249" b="848" suspicious="1" charConfidence="31">e</charParams>
<charParams l="250" t="817" r="283" b="849"> </charParams>
<charParams l="284" t="817" r="317" b="849" charConfidence="32">D</charParams>
<charParams l="320" t="827" r="333" b="848" suspicious="1" charConfidence="33">r</charParams>
<charParams l="335" t="826" r="347" b="856" charConfidence="26">z</charParams>
<charParams l="351" t="826" r="368" b="848" charConfidence="25">u</charParams>
<charParams l="370" t="827" r="387" b="855" charConfidence="65">g</charParams>
<charParams l="388" t="819" r="411" b="857"> </charParams>
<charParams l="412" t="819" r="431" b="857" charConfidence="81">s</charParams>
<charParams l="412" t="819" r="431" b="857" charConfidence="81">i</charParams>
<charParams l="433" t="819" r="460" b="856" charConfidence="74">c</charParams>
<charParams l="433" t="819" r="460" b="856" charConfidence="74">h</charParams>
<charParams l="461" t="819" r="485" b="856"> </charParams>
<charParams l="486" t="826" r="499" b="849" charConfidence="28">e</charParams>
<charParams l="502" t="826" r="518" b="848" charConfidence="36">n</charParams>
<charParams l="523" t="823" r="532" b="848" charConfidence="53">t</charParams>
<charParams l="536" t="818" r="549" b="855" charConfidence="36">s</charParams>
<charParams l="547" t="819" r="574" b="856" charConfidence="57">c</charParams>
<charParams l="547" t="819" r="574" b="856" charConfidence="57">h</charParams>
<charParams l="577" t="819" r="587" b="849" charConfidence="27">i</charParams>
<charParams l="588" t="827" r="602" b="849" charConfidence="54">e</charParams>
<charParams l="604" t="820" r="620" b="848" charConfidence="28">d</charParams>
<charParams l="623" t="826" r="636" b="849" charConfidence="27">e</charParams>
<charParams l="639" t="826" r="657" b="849" charConfidence="29">n</charParams>
<charParams l="658" t="826" r="679" b="849"> </charParams>
<charParams l="680" t="826" r="699" b="848" charConfidence="31">u</charParams>
<charParams l="702" t="826" r="719" b="849" charConfidence="47">n</charParams>
<charParams l="723" t="820" r="740" b="848" charConfidence="26">d</charParams>
<charParams l="741" t="819" r="763" b="849"> </charParams>
<charParams l="764" t="819" r="773" b="849" charConfidence="43">i</charParams>
<charParams l="776" t="825" r="804" b="848" charConfidence="100">m</charParams>
<charParams l="807" t="825" r="835" b="848" charConfidence="59">m</charParams>
<charParams l="839" t="826" r="851" b="849" charConfidence="26">e</charParams>
<charParams l="854" t="825" r="868" b="849" charConfidence="27">r</charParams>
<charParams l="869" t="821" r="891" b="849"> </charParams>
<charParams l="892" t="821" r="907" b="849" charConfidence="27">d</charParams>
<charParams l="910" t="826" r="927" b="849" charConfidence="23">u</charParams>
<charParams l="931" t="826" r="945" b="849" charConfidence="30">r</charParams>
<charParams l="947" t="818" r="976" b="854" charConfidence="40">c</charParams>
<charParams l="947" t="818" r="976" b="854" charConfidence="40">h</charParams></formatting></line>
<line baseline="906" l="181" t="875" r="975" b="915"><formatting lang="OldGerman">
<charParams l="181" t="879" r="197" b="906" charConfidence="29">d</charParams>
<charParams l="201" t="877" r="210" b="906" charConfidence="29">i</charParams>
<charParams l="212" t="884" r="226" b="906" charConfidence="27">e</charParams>
<charParams l="227" t="875" r="262" b="906"> </charParams>
<charParams l="263" t="875" r="295" b="906" charConfidence="29">K</charParams>
<charParams l="295" t="884" r="313" b="905" charConfidence="45">u</charParams>
<charParams l="315" t="883" r="332" b="912" charConfidence="30">g</charParams>
<charParams l="335" t="884" r="349" b="905" charConfidence="38">e</charParams>
<charParams l="351" t="877" r="359" b="905" charConfidence="88">l</charParams>
<charParams l="361" t="884" r="378" b="912" charConfidence="42">g</charParams>
<charParams l="381" t="884" r="394" b="906" charConfidence="38">e</charParams>
<charParams l="397" t="877" r="420" b="914" charConfidence="22">s</charParams>
<charParams l="397" t="877" r="420" b="914" charConfidence="22">t</charParams>
<charParams l="420" t="883" r="435" b="905" charConfidence="26">a</charParams>
<charParams l="438" t="877" r="448" b="906" charConfidence="34">l</charParams>
<charParams l="450" t="882" r="462" b="906" charConfidence="34">t</charParams>
<charParams l="463" t="875" r="497" b="906"> </charParams>
<charParams l="498" t="875" r="518" b="906" suspicious="1" charConfidence="-1">A</charParams>
<charParams l="521" t="884" r="538" b="906" charConfidence="27">u</charParams>
<charParams l="542" t="877" r="558" b="906" charConfidence="-1">s</charParams>
<charParams l="560" t="885" r="573" b="915" charConfidence="100">z</charParams>
<charParams l="576" t="885" r="590" b="907" charConfidence="26">e</charParams>
<charParams l="590" t="878" r="600" b="908" charConfidence="100">i</charParams>
<charParams l="601" t="877" r="631" b="914" charConfidence="55">c</charParams>
<charParams l="601" t="877" r="631" b="914" charConfidence="55">h</charParams>
<charParams l="631" t="884" r="651" b="908" charConfidence="47">n</charParams>
<charParams l="655" t="885" r="666" b="907" charConfidence="27">e</charParams>
<charParams l="670" t="882" r="681" b="907" charConfidence="31">t</charParams>
<charParams l="681" t="898" r="691" b="907" suspicious="1" charConfidence="88">.</charParams>
<charParams l="692" t="876" r="747" b="907"> </charParams>
<charParams l="748" t="876" r="784" b="907" charConfidence="86">D</charParams>
<charParams l="787" t="885" r="800" b="907" charConfidence="100">e</charParams>
<charParams l="802" t="883" r="816" b="907" charConfidence="25">r</charParams>
<charParams l="817" t="876" r="846" b="911"> </charParams>
<charParams l="847" t="876" r="869" b="911" charConfidence="12">f</charParams>
<charParams l="868" t="885" r="883" b="906" charConfidence="16">a</charParams>
<charParams l="886" t="876" r="896" b="905" charConfidence="72">l</charParams>
<charParams l="896" t="877" r="904" b="905" charConfidence="28">l</charParams>
<charParams l="906" t="884" r="918" b="905" charConfidence="27">e</charParams>
<charParams l="921" t="882" r="939" b="906" charConfidence="38">n</charParams>
<charParams l="942" t="879" r="958" b="905" charConfidence="56">d</charParams>
<charParams l="961" t="884" r="975" b="906" charConfidence="55">e</charParams></formatting></line>
<line baseline="965" l="182" t="932" r="974" b="974"><formatting lang="OldGerman">
<charParams l="182" t="934" r="223" b="967" charConfidence="33">W</charParams>
<charParams l="224" t="942" r="241" b="966" charConfidence="54">a</charParams>
<charParams l="244" t="934" r="270" b="971" charConfidence="100">s</charParams>
<charParams l="244" t="934" r="270" b="971" charConfidence="100">s</charParams>
<charParams l="268" t="942" r="279" b="966" charConfidence="33">e</charParams>
<charParams l="282" t="941" r="295" b="966" charConfidence="59">r</charParams>
<charParams l="298" t="939" r="308" b="966" charConfidence="51">t</charParams>
<charParams l="311" t="943" r="324" b="967" charConfidence="100">r</charParams>
<charParams l="327" t="942" r="342" b="965" charConfidence="40">o</charParams>
<charParams l="344" t="941" r="361" b="972" charConfidence="75">p</charParams>
<charParams l="363" t="932" r="379" b="969" charConfidence="53">f</charParams>
<charParams l="378" t="940" r="390" b="964" charConfidence="27">e</charParams>
<charParams l="393" t="941" r="411" b="964" charConfidence="25">n</charParams>
<charParams l="412" t="934" r="434" b="964"> </charParams>
<charParams l="435" t="934" r="444" b="964" charConfidence="47">i</charParams>
<charParams l="447" t="934" r="468" b="972" charConfidence="44">s</charParams>
<charParams l="447" t="934" r="468" b="972" charConfidence="44">t</charParams>
<charParams l="469" t="934" r="490" b="972"> </charParams>
<charParams l="491" t="941" r="504" b="964" charConfidence="54">r</charParams>
<charParams l="508" t="942" r="524" b="964" charConfidence="26">u</charParams>
<charParams l="528" t="941" r="544" b="965" charConfidence="27">n</charParams>
<charParams l="548" t="936" r="565" b="965" charConfidence="39">d</charParams>
<charParams l="576" t="942" r="586" b="971" suspicious="1" charConfidence="87">;</charParams>
<charParams l="587" t="942" r="621" b="971"> </charParams>
<charParams l="622" t="942" r="639" b="965" charConfidence="100">v</charParams>
<charParams l="643" t="941" r="658" b="964" charConfidence="63">o</charParams>
<charParams l="661" t="941" r="679" b="965" charConfidence="100">n</charParams>
<charParams l="680" t="935" r="702" b="965"> </charParams>
<charParams l="703" t="935" r="720" b="964" charConfidence="41">d</charParams>
<charParams l="723" t="942" r="736" b="964" charConfidence="27">e</charParams>
<charParams l="739" t="941" r="757" b="965" charConfidence="26">n</charParams>
<charParams l="758" t="932" r="778" b="965"> </charParams>
<charParams l="779" t="932" r="815" b="965" charConfidence="22">Q</charParams>
<charParams l="818" t="941" r="835" b="965" charConfidence="45">u</charParams>
<charParams l="837" t="942" r="851" b="966" charConfidence="25">e</charParams>
<charParams l="853" t="935" r="878" b="965" suspicious="1" charConfidence="22">c</charParams>
<charParams l="853" t="935" r="878" b="965" suspicious="1" charConfidence="22">k</charParams>
<charParams l="881" t="935" r="899" b="974" charConfidence="22">s</charParams>
<charParams l="881" t="935" r="899" b="974" suspicious="1" charConfidence="22">t</charParams>
<charParams l="902" t="936" r="910" b="965" charConfidence="36">l</charParams>
<charParams l="913" t="934" r="928" b="964" charConfidence="40">b</charParams>
<charParams l="932" t="943" r="946" b="966" charConfidence="51">e</charParams>
<charParams l="948" t="943" r="962" b="966" charConfidence="100">r</charParams>
<charParams l="964" t="947" r="974" b="962" charConfidence="100">-</charParams></formatting></line>
<line baseline="1028" l="181" t="993" r="973" b="1039"><formatting lang="OldGerman">
<charParams l="181" t="999" r="195" b="1030" charConfidence="41">k</charParams>
<charParams l="198" t="997" r="214" b="1029" charConfidence="55">ü</charParams>
<charParams l="218" t="1006" r="233" b="1037" charConfidence="31">g</charParams>
<charParams l="238" t="1007" r="250" b="1029" charConfidence="69">e</charParams>
<charParams l="253" t="998" r="261" b="1030" charConfidence="100">l</charParams>
<charParams l="264" t="998" r="290" b="1039" charConfidence="55">c</charParams>
<charParams l="264" t="998" r="290" b="1039" charConfidence="55">h</charParams>
<charParams l="295" t="1007" r="307" b="1030" charConfidence="26">e</charParams>
<charParams l="310" t="1006" r="328" b="1031" charConfidence="28">n</charParams>
<charParams l="329" t="995" r="352" b="1036"> </charParams>
<charParams l="353" t="995" r="370" b="1036" suspicious="1" charConfidence="57">h</charParams>
<charParams l="375" t="1004" r="390" b="1028" charConfidence="84">a</charParams>
<charParams l="394" t="995" r="409" b="1029" charConfidence="37">b</charParams>
<charParams l="413" t="1005" r="425" b="1028" charConfidence="31">e</charParams>
<charParams l="428" t="1004" r="446" b="1028" charConfidence="49">n</charParams>
<charParams l="447" t="993" r="470" b="1028"> </charParams>
<charParams l="471" t="993" r="506" b="1027" charConfidence="38">S</charParams>
<charParams l="510" t="995" r="518" b="1026" charConfidence="100">i</charParams>
<charParams l="521" t="1003" r="534" b="1026" charConfidence="31">e</charParams>
<charParams l="535" t="994" r="557" b="1032"> </charParams>
<charParams l="558" t="994" r="571" b="1032" charConfidence="100">s</charParams>
<charParams l="570" t="1003" r="582" b="1025" charConfidence="50">e</charParams>
<charParams l="586" t="995" r="593" b="1026" charConfidence="29">l</charParams>
<charParams l="596" t="993" r="611" b="1026" charConfidence="26">b</charParams>
<charParams l="616" t="995" r="637" b="1034" charConfidence="66">s</charParams>
<charParams l="616" t="995" r="637" b="1034" charConfidence="66">t</charParams>
<charParams l="638" t="995" r="658" b="1034"> </charParams>
<charParams l="659" t="1003" r="676" b="1033" charConfidence="43">g</charParams>
<charParams l="680" t="1003" r="691" b="1025" charConfidence="40">e</charParams>
<charParams l="695" t="994" r="708" b="1033" charConfidence="100">s</charParams>
<charParams l="706" t="1001" r="723" b="1033" charConfidence="91">p</charParams>
<charParams l="726" t="1002" r="739" b="1026" charConfidence="100">r</charParams>
<charParams l="742" t="1003" r="757" b="1025" charConfidence="40">o</charParams>
<charParams l="761" t="995" r="787" b="1032" charConfidence="100">c</charParams>
<charParams l="761" t="995" r="787" b="1032" charConfidence="100">h</charParams>
<charParams l="791" t="1003" r="803" b="1026" charConfidence="50">e</charParams>
<charParams l="806" t="1002" r="823" b="1026" charConfidence="53">n</charParams>
<charParams l="833" t="1003" r="843" b="1033" suspicious="1" charConfidence="68">;</charParams>
<charParams l="844" t="994" r="873" b="1034"> </charParams>
<charParams l="874" t="994" r="883" b="1034" charConfidence="41">j</charParams>
<charParams l="887" t="1004" r="903" b="1027" charConfidence="39">a</charParams>
<charParams l="904" t="1004" r="926" b="1028"> </charParams>
<charParams l="927" t="1004" r="940" b="1028" charConfidence="100">e</charParams>
<charParams l="945" t="997" r="952" b="1028" charConfidence="37">i</charParams>
<charParams l="955" t="1005" r="973" b="1029" charConfidence="96">n</charParams></formatting></line>
<line baseline="1090" l="181" t="1055" r="975" b="1101"><formatting lang="OldGerman">
<charParams l="181" t="1061" r="197" b="1099" charConfidence="59">f</charParams>
<charParams l="196" t="1070" r="210" b="1093" charConfidence="98">a</charParams>
<charParams l="215" t="1061" r="223" b="1093" charConfidence="77">l</charParams>
<charParams l="223" t="1061" r="232" b="1094" charConfidence="29">l</charParams>
<charParams l="235" t="1070" r="247" b="1094" charConfidence="72">e</charParams>
<charParams l="250" t="1070" r="267" b="1094" charConfidence="40">n</charParams>
<charParams l="271" t="1065" r="286" b="1094" charConfidence="28">d</charParams>
<charParams l="290" t="1071" r="302" b="1095" charConfidence="54">e</charParams>
<charParams l="305" t="1065" r="321" b="1093" charConfidence="100">s</charParams>
<charParams l="322" t="1065" r="352" b="1101"> </charParams>
<charParams l="353" t="1070" r="369" b="1101" charConfidence="26">g</charParams>
<charParams l="374" t="1069" r="386" b="1093" charConfidence="32">e</charParams>
<charParams l="389" t="1060" r="402" b="1100" charConfidence="36">s</charParams>
<charParams l="399" t="1060" r="426" b="1100" charConfidence="55">c</charParams>
<charParams l="399" t="1060" r="426" b="1100" charConfidence="55">h</charParams>
<charParams l="430" t="1067" r="456" b="1092" charConfidence="32">m</charParams>
<charParams l="462" t="1068" r="475" b="1091" charConfidence="33">o</charParams>
<charParams l="480" t="1060" r="487" b="1091" charConfidence="54">l</charParams>
<charParams l="490" t="1067" r="501" b="1101" charConfidence="26">z</charParams>
<charParams l="506" t="1066" r="518" b="1091" charConfidence="40">e</charParams>
<charParams l="521" t="1066" r="537" b="1091" charConfidence="38">n</charParams>
<charParams l="542" t="1066" r="554" b="1090" charConfidence="63">e</charParams>
<charParams l="557" t="1060" r="573" b="1089" charConfidence="100">s</charParams>
<charParams l="574" t="1055" r="596" b="1089"> </charParams>
<charParams l="597" t="1055" r="630" b="1089" charConfidence="28">B</charParams>
<charParams l="635" t="1056" r="644" b="1088" charConfidence="100">l</charParams>
<charParams l="646" t="1064" r="658" b="1087" charConfidence="69">e</charParams>
<charParams l="662" t="1064" r="677" b="1096" charConfidence="57">y</charParams>
<charParams l="686" t="1079" r="696" b="1093" charConfidence="100">,</charParams>
<charParams l="697" t="1063" r="733" b="1093"> </charParams>
<charParams l="734" t="1063" r="761" b="1087" charConfidence="35">w</charParams>
<charParams l="766" t="1064" r="778" b="1087" charConfidence="29">e</charParams>
<charParams l="781" t="1063" r="798" b="1086" charConfidence="35">n</charParams>
<charParams l="801" t="1063" r="819" b="1088" charConfidence="100">n</charParams>
<charParams l="820" t="1063" r="855" b="1089"> </charParams>
<charParams l="856" t="1065" r="868" b="1089" charConfidence="36">e</charParams>
<charParams l="872" t="1061" r="887" b="1088" charConfidence="100">s</charParams>
<charParams l="888" t="1056" r="911" b="1095"> </charParams>
<charParams l="912" t="1056" r="933" b="1095" charConfidence="79">Z</charParams>
<charParams l="938" t="1068" r="949" b="1089" charConfidence="100">e</charParams>
<charParams l="953" t="1059" r="960" b="1090" charConfidence="89">i</charParams>
<charParams l="964" t="1064" r="975" b="1090" charConfidence="26">t</charParams></formatting></line>
<line baseline="1154" l="181" t="1119" r="973" b="1168"><formatting lang="OldGerman">
<charParams l="181" t="1123" r="199" b="1161" suspicious="1" charConfidence="62">h</charParams>
<charParams l="203" t="1132" r="218" b="1156" charConfidence="54">a</charParams>
<charParams l="222" t="1130" r="233" b="1156" charConfidence="63">t</charParams>
<charParams l="234" t="1130" r="255" b="1158"> </charParams>
<charParams l="256" t="1134" r="274" b="1158" charConfidence="100">v</charParams>
<charParams l="278" t="1126" r="292" b="1158" charConfidence="100">ö</charParams>
<charParams l="296" t="1127" r="305" b="1158" charConfidence="100">l</charParams>
<charParams l="305" t="1127" r="314" b="1158" charConfidence="100">l</charParams>
<charParams l="317" t="1128" r="324" b="1158" charConfidence="77">i</charParams>
<charParams l="326" t="1135" r="343" b="1166" charConfidence="38">g</charParams>
<charParams l="344" t="1134" r="367" b="1168"> </charParams>
<charParams l="368" t="1134" r="379" b="1168" charConfidence="55">z</charParams>
<charParams l="383" t="1134" r="401" b="1157" charConfidence="40">u</charParams>
<charParams l="402" t="1133" r="425" b="1157"> </charParams>
<charParams l="426" t="1133" r="438" b="1157" charConfidence="100">e</charParams>
<charParams l="442" t="1133" r="454" b="1156" charConfidence="49">r</charParams>
<charParams l="458" t="1125" r="478" b="1165" charConfidence="52">s</charParams>
<charParams l="458" t="1125" r="478" b="1165" charConfidence="52">t</charParams>
<charParams l="480" t="1133" r="495" b="1155" charConfidence="27">a</charParams>
<charParams l="499" t="1132" r="512" b="1156" charConfidence="76">r</charParams>
<charParams l="516" t="1132" r="529" b="1155" charConfidence="31">r</charParams>
<charParams l="531" t="1132" r="543" b="1155" charConfidence="28">e</charParams>
<charParams l="547" t="1131" r="563" b="1154" charConfidence="71">n</charParams>
<charParams l="572" t="1144" r="582" b="1160" charConfidence="100">,</charParams>
<charParams l="583" t="1120" r="611" b="1160"> </charParams>
<charParams l="612" t="1120" r="627" b="1153" charConfidence="37">k</charParams>
<charParams l="630" t="1130" r="643" b="1153" charConfidence="30">o</charParams>
<charParams l="648" t="1126" r="675" b="1152" charConfidence="26">m</charParams>
<charParams l="678" t="1127" r="705" b="1153" charConfidence="32">m</charParams>
<charParams l="710" t="1123" r="721" b="1153" charConfidence="100">t</charParams>
<charParams l="722" t="1123" r="743" b="1153"> </charParams>
<charParams l="744" t="1128" r="761" b="1152" charConfidence="26">u</charParams>
<charParams l="766" t="1126" r="783" b="1151" charConfidence="70">n</charParams>
<charParams l="787" t="1123" r="798" b="1151" charConfidence="38">t</charParams>
<charParams l="799" t="1128" r="812" b="1152" charConfidence="25">e</charParams>
<charParams l="815" t="1127" r="833" b="1151" charConfidence="90">n</charParams>
<charParams l="834" t="1121" r="855" b="1152"> </charParams>
<charParams l="856" t="1121" r="865" b="1152" charConfidence="24">i</charParams>
<charParams l="869" t="1127" r="887" b="1152" charConfidence="50">n</charParams>
<charParams l="888" t="1119" r="911" b="1152"> </charParams>
<charParams l="912" t="1119" r="945" b="1152" charConfidence="29">G</charParams>
<charParams l="949" t="1130" r="961" b="1153" charConfidence="27">e</charParams>
<charParams l="963" t="1134" r="973" b="1150" charConfidence="100">¬</charParams></formatting></line>
<line baseline="1221" l="181" t="1188" r="538" b="1229"><formatting lang="OldGerman">
<charParams l="181" t="1188" r="202" b="1227" charConfidence="30">s</charParams>
<charParams l="181" t="1188" r="202" b="1227" charConfidence="30">t</charParams>
<charParams l="204" t="1196" r="218" b="1219" charConfidence="100">a</charParams>
<charParams l="224" t="1188" r="233" b="1221" charConfidence="32">l</charParams>
<charParams l="235" t="1194" r="245" b="1221" charConfidence="41">t</charParams>
<charParams l="246" t="1194" r="269" b="1221"> </charParams>
<charParams l="270" t="1198" r="282" b="1221" charConfidence="56">e</charParams>
<charParams l="286" t="1190" r="293" b="1222" charConfidence="43">i</charParams>
<charParams l="297" t="1198" r="313" b="1222" charConfidence="56">n</charParams>
<charParams l="317" t="1198" r="329" b="1223" charConfidence="41">e</charParams>
<charParams l="332" t="1198" r="346" b="1222" charConfidence="77">r</charParams>
<charParams l="347" t="1188" r="368" b="1222"> </charParams>
<charParams l="369" t="1188" r="400" b="1222" charConfidence="43">K</charParams>
<charParams l="402" t="1197" r="418" b="1222" charConfidence="25">u</charParams>
<charParams l="423" t="1196" r="439" b="1229" charConfidence="35">g</charParams>
<charParams l="442" t="1197" r="454" b="1221" charConfidence="39">e</charParams>
<charParams l="458" t="1189" r="466" b="1222" charConfidence="54">l</charParams>
<charParams l="467" t="1189" r="488" b="1222"> </charParams>
<charParams l="489" t="1197" r="505" b="1220" charConfidence="26">a</charParams>
<charParams l="509" t="1196" r="526" b="1220" charConfidence="51">n</charParams>
<charParams l="530" t="1211" r="538" b="1219" charConfidence="100">.</charParams></formatting></line></par>
<par align="Justified" startIndent="1912" lineSpacing="1488">
<line baseline="1345" l="247" t="1309" r="974" b="1354"><formatting lang="OldGerman">
<charParams l="247" t="1313" r="265" b="1347" charConfidence="38">L</charParams>
<charParams l="268" t="1324" r="284" b="1346" charConfidence="0">a</charParams>
<charParams l="288" t="1314" r="313" b="1351" charConfidence="100">s</charParams>
<charParams l="288" t="1314" r="313" b="1351" charConfidence="100">s</charParams>
<charParams l="310" t="1324" r="322" b="1346" charConfidence="24">e</charParams>
<charParams l="326" t="1324" r="344" b="1347" charConfidence="30">n</charParams>
<charParams l="345" t="1313" r="375" b="1348"> </charParams>
<charParams l="376" t="1313" r="411" b="1348" charConfidence="59">S</charParams>
<charParams l="416" t="1316" r="423" b="1347" charConfidence="100">i</charParams>
<charParams l="428" t="1324" r="440" b="1347" charConfidence="69">e</charParams>
<charParams l="441" t="1323" r="476" b="1347"> </charParams>
<charParams l="477" t="1323" r="505" b="1347" charConfidence="38">m</charParams>
<charParams l="511" t="1315" r="518" b="1347" charConfidence="100">i</charParams>
<charParams l="522" t="1313" r="548" b="1352" charConfidence="62">c</charParams>
<charParams l="522" t="1313" r="548" b="1352" charConfidence="62">h</charParams>
<charParams l="549" t="1313" r="579" b="1352"> </charParams>
<charParams l="580" t="1321" r="598" b="1345" suspicious="1" charConfidence="100">v</charParams>
<charParams l="602" t="1321" r="616" b="1345" charConfidence="54">o</charParams>
<charParams l="619" t="1319" r="633" b="1344" charConfidence="100">r</charParams>
<charParams l="636" t="1320" r="648" b="1343" charConfidence="37">e</charParams>
<charParams l="651" t="1311" r="659" b="1343" charConfidence="100">i</charParams>
<charParams l="662" t="1311" r="671" b="1343" charConfidence="100">l</charParams>
<charParams l="673" t="1318" r="685" b="1342" charConfidence="43">e</charParams>
<charParams l="688" t="1317" r="706" b="1342" charConfidence="49">n</charParams>
<charParams l="716" t="1333" r="726" b="1348" charConfidence="100">,</charParams>
<charParams l="727" t="1309" r="770" b="1349"> </charParams>
<charParams l="771" t="1309" r="785" b="1349" charConfidence="54">s</charParams>
<charParams l="784" t="1317" r="799" b="1340" charConfidence="100">a</charParams>
<charParams l="803" t="1317" r="819" b="1349" charConfidence="31">g</charParams>
<charParams l="823" t="1314" r="833" b="1343" charConfidence="31">t</charParams>
<charParams l="836" t="1319" r="849" b="1342" charConfidence="36">e</charParams>
<charParams l="850" t="1311" r="881" b="1345"> </charParams>
<charParams l="882" t="1311" r="907" b="1345" charConfidence="44">C</charParams>
<charParams l="910" t="1312" r="926" b="1354" charConfidence="73">h</charParams>
<charParams l="930" t="1322" r="945" b="1345" charConfidence="26">a</charParams>
<charParams l="950" t="1321" r="962" b="1345" charConfidence="78">r</charParams>
<charParams l="965" t="1326" r="974" b="1341" charConfidence="22">¬</charParams></formatting></line>
<line baseline="1408" l="180" t="1372" r="976" b="1418"><formatting lang="OldGerman">
<charParams l="180" t="1376" r="190" b="1407" charConfidence="62">l</charParams>
<charParams l="193" t="1384" r="207" b="1406" charConfidence="50">o</charParams>
<charParams l="212" t="1380" r="221" b="1407" charConfidence="68">t</charParams>
<charParams l="225" t="1380" r="235" b="1406" charConfidence="73">t</charParams>
<charParams l="238" t="1384" r="251" b="1407" charConfidence="31">e</charParams>
<charParams l="256" t="1399" r="266" b="1415" charConfidence="78">,</charParams>
<charParams l="267" t="1386" r="292" b="1415"> </charParams>
<charParams l="293" t="1386" r="307" b="1409" charConfidence="39">o</charParams>
<charParams l="311" t="1377" r="326" b="1409" charConfidence="27">b</charParams>
<charParams l="327" t="1377" r="352" b="1409"> </charParams>
<charParams l="353" t="1379" r="361" b="1409" charConfidence="100">i</charParams>
<charParams l="364" t="1378" r="391" b="1417" charConfidence="55">c</charParams>
<charParams l="364" t="1378" r="391" b="1417" charConfidence="55">h</charParams>
<charParams l="392" t="1378" r="416" b="1417"> </charParams>
<charParams l="417" t="1384" r="427" b="1411" charConfidence="63">t</charParams>
<charParams l="431" t="1387" r="443" b="1410" charConfidence="24">r</charParams>
<charParams l="446" t="1387" r="457" b="1410" charConfidence="26">e</charParams>
<charParams l="462" t="1378" r="484" b="1418" charConfidence="100">f</charParams>
<charParams l="462" t="1378" r="484" b="1418" charConfidence="100">f</charParams>
<charParams l="484" t="1388" r="498" b="1410" charConfidence="75">e</charParams>
<charParams l="506" t="1403" r="513" b="1415" charConfidence="65">,</charParams>
<charParams l="514" t="1385" r="539" b="1415"> </charParams>
<charParams l="540" t="1385" r="566" b="1410" charConfidence="58">w</charParams>
<charParams l="570" t="1385" r="585" b="1408" charConfidence="46">o</charParams>
<charParams l="586" t="1372" r="605" b="1408"> </charParams>
<charParams l="606" t="1372" r="642" b="1407" charConfidence="40">S</charParams>
<charParams l="644" t="1375" r="653" b="1405" charConfidence="100">i</charParams>
<charParams l="656" t="1381" r="669" b="1405" charConfidence="32">e</charParams>
<charParams l="670" t="1372" r="692" b="1412"> </charParams>
<charParams l="693" t="1372" r="710" b="1412" suspicious="1" charConfidence="68">h</charParams>
<charParams l="714" t="1373" r="722" b="1404" charConfidence="29">i</charParams>
<charParams l="726" t="1380" r="744" b="1404" charConfidence="53">n</charParams>
<charParams l="746" t="1379" r="772" b="1405" charConfidence="54">w</charParams>
<charParams l="776" t="1380" r="790" b="1404" charConfidence="50">o</charParams>
<charParams l="795" t="1373" r="804" b="1404" charConfidence="65">l</charParams>
<charParams l="804" t="1373" r="813" b="1405" charConfidence="99">l</charParams>
<charParams l="815" t="1382" r="827" b="1406" charConfidence="32">e</charParams>
<charParams l="830" t="1382" r="848" b="1406" charConfidence="34">n</charParams>
<charParams l="852" t="1399" r="859" b="1408" charConfidence="81">.</charParams>
<charParams l="860" t="1374" r="906" b="1408"> </charParams>
<charParams l="907" t="1374" r="947" b="1408" charConfidence="28">W</charParams>
<charParams l="951" t="1377" r="959" b="1408" charConfidence="100">i</charParams>
<charParams l="963" t="1385" r="976" b="1407" charConfidence="28">e</charParams></formatting></line>
<line baseline="1471" l="180" t="1432" r="972" b="1481"><formatting lang="OldGerman">
<charParams l="180" t="1440" r="189" b="1476" charConfidence="55">j</charParams>
<charParams l="192" t="1446" r="204" b="1470" charConfidence="25">e</charParams>
<charParams l="208" t="1440" r="223" b="1469" charConfidence="32">d</charParams>
<charParams l="227" t="1446" r="239" b="1468" charConfidence="25">e</charParams>
<charParams l="243" t="1442" r="258" b="1469" charConfidence="100">s</charParams>
<charParams l="259" t="1442" r="289" b="1477"> </charParams>
<charParams l="290" t="1448" r="306" b="1477" charConfidence="48">g</charParams>
<charParams l="311" t="1449" r="322" b="1472" charConfidence="26">e</charParams>
<charParams l="324" t="1449" r="340" b="1480" charConfidence="58">g</charParams>
<charParams l="344" t="1450" r="356" b="1473" charConfidence="100">e</charParams>
<charParams l="360" t="1450" r="377" b="1473" charConfidence="25">n</charParams>
<charParams l="378" t="1442" r="401" b="1481"> </charParams>
<charParams l="402" t="1442" r="421" b="1481" charConfidence="85">s</charParams>
<charParams l="402" t="1442" r="421" b="1481" charConfidence="85">i</charParams>
<charParams l="423" t="1442" r="450" b="1480" charConfidence="62">c</charParams>
<charParams l="423" t="1442" r="450" b="1480" charConfidence="62">h</charParams>
<charParams l="451" t="1442" r="483" b="1481"> </charParams>
<charParams l="484" t="1443" r="497" b="1481" charConfidence="37">s</charParams>
<charParams l="497" t="1451" r="507" b="1474" charConfidence="26">e</charParams>
<charParams l="512" t="1443" r="520" b="1474" charConfidence="39">l</charParams>
<charParams l="524" t="1441" r="539" b="1474" charConfidence="30">b</charParams>
<charParams l="543" t="1442" r="563" b="1479" charConfidence="42">s</charParams>
<charParams l="543" t="1442" r="563" b="1479" charConfidence="42">t</charParams>
<charParams l="564" t="1442" r="586" b="1479"> </charParams>
<charParams l="587" t="1447" r="599" b="1471" charConfidence="26">e</charParams>
<charParams l="602" t="1440" r="611" b="1471" charConfidence="32">i</charParams>
<charParams l="614" t="1446" r="630" b="1470" charConfidence="25">n</charParams>
<charParams l="634" t="1445" r="646" b="1468" charConfidence="25">e</charParams>
<charParams l="649" t="1444" r="668" b="1468" charConfidence="27">n</charParams>
<charParams l="668" t="1438" r="691" b="1461" suspicious="1" charConfidence="-1">^</charParams>
<charParams l="691" t="1432" r="725" b="1467" suspicious="1" charConfidence="26">B</charParams>
<charParams l="730" t="1445" r="742" b="1468" charConfidence="28">e</charParams>
<charParams l="744" t="1444" r="755" b="1478" suspicious="1" charConfidence="26">z</charParams>
<charParams l="759" t="1445" r="775" b="1468" charConfidence="38">u</charParams>
<charParams l="779" t="1447" r="795" b="1476" charConfidence="30">g</charParams>
<charParams l="796" t="1438" r="828" b="1476"> </charParams>
<charParams l="829" t="1438" r="847" b="1476" suspicious="1" charConfidence="27">h</charParams>
<charParams l="851" t="1449" r="866" b="1470" charConfidence="24">a</charParams>
<charParams l="870" t="1444" r="881" b="1471" charConfidence="40">t</charParams>
<charParams l="889" t="1462" r="898" b="1475" charConfidence="100">,</charParams>
<charParams l="899" t="1438" r="945" b="1475"> </charParams>
<charParams l="946" t="1438" r="972" b="1469" suspicious="1" charConfidence="0">s</charParams>
<charParams l="946" t="1438" r="972" b="1469" suspicious="1" charConfidence="0">t</charParams></formatting></line></par>
</text>
</block>
</page>
</document>