﻿<?xml version="1.0" encoding="UTF-8" standalone="yes"?>
<document xmlns="http://www.abbyy.com/FineReader_xml/FineReader10-schema-v1.xml" version="1.0" producer="ABBYY FineReader Engine 11" languages="" xmlns:xsi="http://www.w3.org/2001/XMLSchema-instance" xsi:schemaLocation="http://www.abbyy.com/FineReader_xml/FineReader10-schema-v1.xml http://www.abbyy.com/FineReader_xml/FineReader10-schema-v1.xml">
<page width="1156" height="1782" resolution="300" originalCoords="1">
<block blockType="Text" blockName="">
<text>
<par startIndent="144">
<line baseline="83" l="576" t="59" r="616" b="88"><formatting lang="OldGerman">
<charParams l="576" t="59" r="593" b="88" charConfidence="22">8</charParams>
<charParams l="598" t="61" r="616" b="83" charConfidence="40">2</charParams></formatting></line></par>
</text>
</block>
<block blockType="Text" blockName="">
<text>
<par align="Justified" startIndent="539" lineSpacing="1464">
<line baseline="176" l="199" t="137" r="989" b="188"><formatting lang="OldGerman">
<charParams l="199" t="146" r="229" b="181" charConfidence="26">K</charParams>
<charParams l="232" t="156" r="245" b="181" charConfidence="27">r</charParams>
<charParams l="247" t="157" r="262" b="181" charConfidence="25">a</charParams>
<charParams l="265" t="147" r="291" b="188" charConfidence="86">f</charParams>
<charParams l="265" t="147" r="291" b="188" charConfidence="86">t</charParams>
<charParams l="292" t="147" r="309" b="188"> </charParams>
<charParams l="310" t="156" r="329" b="181" charConfidence="46">u</charParams>
<charParams l="333" t="156" r="349" b="181" charConfidence="55">n</charParams>
<charParams l="354" t="148" r="369" b="179" charConfidence="41">d</charParams>
<charParams l="370" t="146" r="386" b="180"> </charParams>
<charParams l="387" t="146" r="420" b="180" charConfidence="32">B</charParams>
<charParams l="424" t="155" r="436" b="178" charConfidence="25">e</charParams>
<charParams l="439" t="145" r="459" b="186" charConfidence="35">s</charParams>
<charParams l="439" t="145" r="459" b="186" charConfidence="35">t</charParams>
<charParams l="462" t="145" r="469" b="175" charConfidence="68">i</charParams>
<charParams l="473" t="150" r="499" b="174" charConfidence="61">m</charParams>
<charParams l="502" t="148" r="530" b="173" charConfidence="100">m</charParams>
<charParams l="534" t="145" r="544" b="172" charConfidence="100">t</charParams>
<charParams l="547" t="139" r="564" b="181" charConfidence="46">h</charParams>
<charParams l="568" t="149" r="580" b="172" charConfidence="62">e</charParams>
<charParams l="584" t="141" r="591" b="172" charConfidence="-1">i</charParams>
<charParams l="595" t="144" r="606" b="171" charConfidence="52">t</charParams>
<charParams l="607" t="139" r="626" b="172"> </charParams>
<charParams l="627" t="139" r="643" b="172" charConfidence="27">k</charParams>
<charParams l="644" t="148" r="656" b="172" charConfidence="27">e</charParams>
<charParams l="659" t="148" r="676" b="172" charConfidence="100">n</charParams>
<charParams l="680" t="148" r="698" b="173" charConfidence="48">n</charParams>
<charParams l="701" t="150" r="713" b="174" charConfidence="35">e</charParams>
<charParams l="716" t="150" r="734" b="175" charConfidence="30">n</charParams>
<charParams l="735" t="145" r="757" b="178"> </charParams>
<charParams l="758" t="145" r="768" b="178" charConfidence="67">l</charParams>
<charParams l="770" t="154" r="782" b="178" charConfidence="44">e</charParams>
<charParams l="785" t="154" r="798" b="179" charConfidence="26">r</charParams>
<charParams l="799" t="154" r="818" b="179" charConfidence="35">n</charParams>
<charParams l="821" t="155" r="833" b="178" charConfidence="46">e</charParams>
<charParams l="837" t="153" r="855" b="178" charConfidence="100">n</charParams>
<charParams l="857" t="169" r="865" b="177" charConfidence="77">.</charParams>
<charParams l="859" t="137" r="866" b="143" charConfidence="67">&apos;</charParams>
<charParams l="867" t="137" r="912" b="181"> </charParams>
<charParams l="913" t="148" r="948" b="181" charConfidence="55">D</charParams>
<charParams l="952" t="151" r="960" b="182" charConfidence="35">i</charParams>
<charParams l="963" t="159" r="976" b="183" charConfidence="25">e</charParams>
<charParams l="978" t="163" r="989" b="180" charConfidence="63">.</charParams></formatting></line>
<line baseline="239" l="195" t="200" r="989" b="252"><formatting lang="OldGerman">
<charParams l="195" t="213" r="205" b="251" charConfidence="75">j</charParams>
<charParams l="209" t="220" r="220" b="244" suspicious="1" charConfidence="26">c</charParams>
<charParams l="223" t="220" r="241" b="244" charConfidence="100">n</charParams>
<charParams l="244" t="213" r="252" b="243" charConfidence="50">i</charParams>
<charParams l="254" t="221" r="271" b="252" charConfidence="26">g</charParams>
<charParams l="274" t="219" r="286" b="244" charConfidence="33">e</charParams>
<charParams l="290" t="219" r="307" b="243" suspicious="1" charConfidence="41">n</charParams>
<charParams l="308" t="209" r="337" b="243"> </charParams>
<charParams l="338" t="209" r="373" b="243" charConfidence="48">N</charParams>
<charParams l="376" t="218" r="391" b="241" charConfidence="38">a</charParams>
<charParams l="395" t="214" r="405" b="241" charConfidence="100">t</charParams>
<charParams l="408" t="216" r="424" b="240" charConfidence="33">u</charParams>
<charParams l="428" t="215" r="441" b="239" charConfidence="100">r</charParams>
<charParams l="444" t="214" r="455" b="238" charConfidence="26">e</charParams>
<charParams l="458" t="211" r="476" b="237" charConfidence="27">n</charParams>
<charParams l="487" t="225" r="497" b="241" charConfidence="100">,</charParams>
<charParams l="498" t="204" r="536" b="241"> </charParams>
<charParams l="537" t="204" r="552" b="233" charConfidence="29">d</charParams>
<charParams l="557" t="202" r="564" b="233" charConfidence="42">i</charParams>
<charParams l="567" t="209" r="581" b="233" charConfidence="42">e</charParams>
<charParams l="582" t="200" r="611" b="241"> </charParams>
<charParams l="612" t="200" r="632" b="241" charConfidence="52">s</charParams>
<charParams l="612" t="200" r="632" b="241" charConfidence="52">i</charParams>
<charParams l="633" t="201" r="660" b="240" charConfidence="30">c</charParams>
<charParams l="633" t="201" r="660" b="240" charConfidence="30">h</charParams>
<charParams l="661" t="201" r="691" b="240"> </charParams>
<charParams l="692" t="202" r="708" b="236" charConfidence="30">b</charParams>
<charParams l="712" t="213" r="724" b="237" charConfidence="29">e</charParams>
<charParams l="728" t="214" r="743" b="246" charConfidence="25">y</charParams>
<charParams l="747" t="214" r="774" b="239" charConfidence="34">m</charParams>
<charParams l="775" t="208" r="804" b="246"> </charParams>
<charParams l="805" t="208" r="827" b="246" charConfidence="74">Z</charParams>
<charParams l="830" t="217" r="847" b="240" charConfidence="35">u</charParams>
<charParams l="850" t="207" r="865" b="247" charConfidence="54">s</charParams>
<charParams l="862" t="216" r="877" b="240" charConfidence="28">a</charParams>
<charParams l="880" t="214" r="908" b="240" charConfidence="46">m</charParams>
<charParams l="912" t="216" r="940" b="244" charConfidence="27">m</charParams>
<charParams l="944" t="218" r="956" b="241" charConfidence="26">e</charParams>
<charParams l="960" t="218" r="978" b="243" charConfidence="25">n</charParams>
<charParams l="978" t="224" r="989" b="240" charConfidence="22">¬</charParams></formatting></line>
<line baseline="300" l="194" t="262" r="989" b="312"><formatting lang="OldGerman">
<charParams l="194" t="278" r="207" b="305" charConfidence="31">t</charParams>
<charParams l="211" t="281" r="223" b="305" charConfidence="24">r</charParams>
<charParams l="226" t="281" r="237" b="305" charConfidence="28">e</charParams>
<charParams l="241" t="274" r="264" b="312" charConfidence="52">f</charParams>
<charParams l="241" t="274" r="264" b="312" charConfidence="52">f</charParams>
<charParams l="263" t="282" r="275" b="305" charConfidence="32">e</charParams>
<charParams l="278" t="281" r="296" b="304" suspicious="1" charConfidence="90">n</charParams>
<charParams l="297" t="280" r="328" b="304"> </charParams>
<charParams l="329" t="280" r="340" b="303" charConfidence="38">e</charParams>
<charParams l="345" t="272" r="352" b="302" charConfidence="100">i</charParams>
<charParams l="354" t="279" r="372" b="302" charConfidence="100">n</charParams>
<charParams l="375" t="279" r="391" b="301" charConfidence="94">a</charParams>
<charParams l="394" t="278" r="411" b="301" charConfidence="35">n</charParams>
<charParams l="415" t="270" r="430" b="300" charConfidence="27">d</charParams>
<charParams l="434" t="275" r="445" b="298" charConfidence="25">e</charParams>
<charParams l="448" t="274" r="462" b="297" charConfidence="52">r</charParams>
<charParams l="463" t="264" r="492" b="302"> </charParams>
<charParams l="493" t="264" r="507" b="302" charConfidence="100">s</charParams>
<charParams l="504" t="272" r="515" b="294" charConfidence="28">c</charParams>
<charParams l="515" t="263" r="531" b="302" charConfidence="54">h</charParams>
<charParams l="535" t="270" r="552" b="294" charConfidence="62">n</charParams>
<charParams l="556" t="271" r="568" b="294" charConfidence="28">e</charParams>
<charParams l="571" t="263" r="580" b="294" charConfidence="77">l</charParams>
<charParams l="580" t="262" r="589" b="294" charConfidence="53">l</charParams>
<charParams l="590" t="262" r="619" b="294"> </charParams>
<charParams l="620" t="270" r="632" b="293" charConfidence="32">e</charParams>
<charParams l="635" t="270" r="648" b="294" charConfidence="63">r</charParams>
<charParams l="649" t="271" r="666" b="302" charConfidence="27">g</charParams>
<charParams l="670" t="271" r="684" b="295" charConfidence="100">r</charParams>
<charParams l="686" t="273" r="698" b="295" charConfidence="28">e</charParams>
<charParams l="701" t="265" r="709" b="296" charConfidence="100">i</charParams>
<charParams l="712" t="266" r="726" b="303" charConfidence="32">f</charParams>
<charParams l="725" t="275" r="737" b="297" charConfidence="45">e</charParams>
<charParams l="740" t="276" r="757" b="299" charConfidence="36">n</charParams>
<charParams l="758" t="276" r="782" b="301"> </charParams>
<charParams l="783" t="278" r="800" b="301" charConfidence="39">u</charParams>
<charParams l="804" t="279" r="821" b="301" charConfidence="52">n</charParams>
<charParams l="825" t="273" r="840" b="302" charConfidence="31">d</charParams>
<charParams l="841" t="273" r="864" b="303"> </charParams>
<charParams l="865" t="278" r="890" b="303" charConfidence="25">W</charParams>
<charParams l="895" t="279" r="907" b="302" charConfidence="37">e</charParams>
<charParams l="910" t="270" r="936" b="309" charConfidence="52">c</charParams>
<charParams l="910" t="270" r="936" b="309" charConfidence="52">h</charParams>
<charParams l="940" t="271" r="954" b="309" charConfidence="100">s</charParams>
<charParams l="952" t="280" r="964" b="302" charConfidence="26">e</charParams>
<charParams l="967" t="273" r="976" b="303" charConfidence="33">l</charParams>
<charParams l="977" t="284" r="989" b="300" charConfidence="-1">»</charParams></formatting></line>
<line baseline="361" l="194" t="325" r="988" b="373"><formatting lang="OldGerman">
<charParams l="194" t="334" r="210" b="373" suspicious="1" charConfidence="44">f</charParams>
<charParams l="208" t="342" r="220" b="366" charConfidence="29">e</charParams>
<charParams l="224" t="334" r="231" b="365" suspicious="1" charConfidence="100">i</charParams>
<charParams l="234" t="339" r="244" b="366" charConfidence="98">t</charParams>
<charParams l="248" t="335" r="255" b="366" charConfidence="49">i</charParams>
<charParams l="257" t="342" r="274" b="373" charConfidence="27">g</charParams>
<charParams l="275" t="331" r="298" b="373"> </charParams>
<charParams l="299" t="331" r="314" b="364" charConfidence="27">b</charParams>
<charParams l="319" t="341" r="330" b="364" charConfidence="25">e</charParams>
<charParams l="334" t="333" r="354" b="373" charConfidence="35">s</charParams>
<charParams l="334" t="333" r="354" b="373" charConfidence="35">t</charParams>
<charParams l="357" t="332" r="364" b="362" charConfidence="54">i</charParams>
<charParams l="367" t="339" r="394" b="362" charConfidence="49">m</charParams>
<charParams l="398" t="337" r="425" b="361" charConfidence="62">m</charParams>
<charParams l="429" t="336" r="440" b="359" charConfidence="28">e</charParams>
<charParams l="444" t="334" r="461" b="358" charConfidence="31">n</charParams>
<charParams l="470" t="348" r="481" b="364" charConfidence="72">,</charParams>
<charParams l="482" t="332" r="516" b="364"> </charParams>
<charParams l="517" t="332" r="535" b="356" charConfidence="80">n</charParams>
<charParams l="539" t="333" r="551" b="356" charConfidence="26">e</charParams>
<charParams l="554" t="332" r="571" b="356" charConfidence="31">n</charParams>
<charParams l="574" t="332" r="591" b="356" charConfidence="90">n</charParams>
<charParams l="595" t="332" r="607" b="355" charConfidence="25">e</charParams>
<charParams l="610" t="331" r="628" b="355" charConfidence="100">n</charParams>
<charParams l="629" t="331" r="651" b="356"> </charParams>
<charParams l="652" t="331" r="678" b="356" charConfidence="24">w</charParams>
<charParams l="682" t="325" r="690" b="356" charConfidence="76">i</charParams>
<charParams l="693" t="334" r="707" b="357" charConfidence="26">r</charParams>
<charParams l="708" t="334" r="728" b="359"> </charParams>
<charParams l="729" t="336" r="747" b="359" charConfidence="47">v</charParams>
<charParams l="751" t="337" r="763" b="359" charConfidence="41">e</charParams>
<charParams l="766" t="337" r="779" b="361" charConfidence="69">r</charParams>
<charParams l="781" t="337" r="807" b="362" charConfidence="52">w</charParams>
<charParams l="810" t="339" r="826" b="363" charConfidence="100">a</charParams>
<charParams l="830" t="340" r="847" b="364" charConfidence="100">n</charParams>
<charParams l="851" t="335" r="866" b="364" charConfidence="27">d</charParams>
<charParams l="870" t="338" r="881" b="365" charConfidence="66">t</charParams>
<charParams l="882" t="356" r="892" b="365" charConfidence="83">.</charParams>
<charParams l="893" t="331" r="937" b="365"> </charParams>
<charParams l="938" t="331" r="969" b="365" suspicious="1" charConfidence="25">A</charParams>
<charParams l="969" t="341" r="988" b="366" suspicious="1" charConfidence="27">n</charParams></formatting></line>
<line baseline="422" l="193" t="384" r="987" b="432"><formatting lang="OldGerman">
<charParams l="193" t="397" r="210" b="426" charConfidence="26">d</charParams>
<charParams l="213" t="402" r="226" b="427" charConfidence="27">e</charParams>
<charParams l="229" t="403" r="247" b="426" charConfidence="39">n</charParams>
<charParams l="248" t="391" r="269" b="426"> </charParams>
<charParams l="270" t="391" r="300" b="426" charConfidence="27">A</charParams>
<charParams l="301" t="393" r="309" b="425" charConfidence="55">l</charParams>
<charParams l="312" t="400" r="324" b="425" charConfidence="27">k</charParams>
<charParams l="326" t="400" r="341" b="424" charConfidence="87">a</charParams>
<charParams l="345" t="393" r="355" b="424" charConfidence="100">l</charParams>
<charParams l="357" t="392" r="364" b="423" charConfidence="100">i</charParams>
<charParams l="368" t="400" r="379" b="422" charConfidence="26">e</charParams>
<charParams l="383" t="399" r="401" b="422" charConfidence="27">n</charParams>
<charParams l="402" t="396" r="423" b="422"> </charParams>
<charParams l="424" t="396" r="442" b="420" charConfidence="35">u</charParams>
<charParams l="446" t="395" r="462" b="419" charConfidence="57">n</charParams>
<charParams l="466" t="388" r="482" b="417" charConfidence="28">d</charParams>
<charParams l="483" t="384" r="506" b="418"> </charParams>
<charParams l="507" t="384" r="543" b="418" charConfidence="37">S</charParams>
<charParams l="546" t="385" r="562" b="417" charConfidence="57">ä</charParams>
<charParams l="566" t="394" r="583" b="417" charConfidence="44">u</charParams>
<charParams l="586" t="393" r="599" b="417" charConfidence="100">r</charParams>
<charParams l="602" t="393" r="614" b="416" charConfidence="34">e</charParams>
<charParams l="618" t="393" r="636" b="417" charConfidence="25">n</charParams>
<charParams l="644" t="407" r="655" b="424" charConfidence="62">,</charParams>
<charParams l="656" t="388" r="689" b="424"> </charParams>
<charParams l="690" t="388" r="705" b="417" charConfidence="27">d</charParams>
<charParams l="711" t="389" r="717" b="419" charConfidence="100">i</charParams>
<charParams l="721" t="396" r="734" b="419" charConfidence="29">e</charParams>
<charParams l="741" t="411" r="751" b="426" charConfidence="96">,</charParams>
<charParams l="752" t="399" r="782" b="426"> </charParams>
<charParams l="783" t="399" r="797" b="422" charConfidence="34">o</charParams>
<charParams l="801" t="391" r="816" b="422" charConfidence="62">b</charParams>
<charParams l="819" t="400" r="837" b="430" charConfidence="26">g</charParams>
<charParams l="841" t="393" r="849" b="424" charConfidence="55">l</charParams>
<charParams l="851" t="401" r="863" b="425" charConfidence="26">e</charParams>
<charParams l="867" t="394" r="874" b="425" charConfidence="40">i</charParams>
<charParams l="877" t="394" r="905" b="432" charConfidence="84">c</charParams>
<charParams l="877" t="394" r="905" b="432" charConfidence="84">h</charParams>
<charParams l="906" t="394" r="929" b="432"> </charParams>
<charParams l="930" t="403" r="943" b="426" charConfidence="33">e</charParams>
<charParams l="946" t="395" r="953" b="426" charConfidence="100">i</charParams>
<charParams l="957" t="402" r="974" b="426" charConfidence="36">n</charParams>
<charParams l="977" t="407" r="987" b="422" charConfidence="22">¬</charParams></formatting></line>
<line baseline="481" l="190" t="447" r="986" b="489"><formatting lang="OldGerman">
<charParams l="190" t="463" r="208" b="486" charConfidence="24">a</charParams>
<charParams l="211" t="463" r="229" b="487" charConfidence="86">n</charParams>
<charParams l="233" t="456" r="248" b="485" charConfidence="26">d</charParams>
<charParams l="251" t="463" r="264" b="485" charConfidence="59">e</charParams>
<charParams l="267" t="462" r="282" b="486" charConfidence="55">r</charParams>
<charParams l="283" t="461" r="310" b="486"> </charParams>
<charParams l="311" t="461" r="324" b="484" charConfidence="27">e</charParams>
<charParams l="327" t="460" r="344" b="483" charConfidence="50">n</charParams>
<charParams l="348" t="456" r="359" b="483" charConfidence="55">t</charParams>
<charParams l="359" t="459" r="376" b="489" charConfidence="26">g</charParams>
<charParams l="380" t="459" r="393" b="482" charConfidence="25">e</charParams>
<charParams l="392" t="459" r="410" b="489" charConfidence="25">g</charParams>
<charParams l="413" t="457" r="425" b="480" charConfidence="55">e</charParams>
<charParams l="428" t="456" r="445" b="479" charConfidence="54">n</charParams>
<charParams l="447" t="456" r="464" b="487" charConfidence="53">g</charParams>
<charParams l="468" t="456" r="480" b="479" charConfidence="30">e</charParams>
<charParams l="484" t="447" r="497" b="486" charConfidence="34">s</charParams>
<charParams l="494" t="456" r="507" b="479" charConfidence="27">e</charParams>
<charParams l="510" t="451" r="528" b="486" charConfidence="46">t</charParams>
<charParams l="510" t="451" r="528" b="486" suspicious="1" charConfidence="46">z</charParams>
<charParams l="531" t="453" r="543" b="478" charConfidence="38">t</charParams>
<charParams l="544" t="453" r="573" b="479"> </charParams>
<charParams l="574" t="456" r="591" b="479" charConfidence="41">u</charParams>
<charParams l="595" t="456" r="612" b="479" charConfidence="51">n</charParams>
<charParams l="616" t="449" r="632" b="479" charConfidence="30">d</charParams>
<charParams l="633" t="449" r="662" b="480"> </charParams>
<charParams l="663" t="457" r="681" b="480" charConfidence="29">v</charParams>
<charParams l="685" t="449" r="692" b="480" charConfidence="100">i</charParams>
<charParams l="696" t="457" r="708" b="480" charConfidence="29">e</charParams>
<charParams l="711" t="449" r="720" b="479" charConfidence="92">l</charParams>
<charParams l="720" t="449" r="728" b="479" charConfidence="40">l</charParams>
<charParams l="731" t="457" r="743" b="480" charConfidence="27">e</charParams>
<charParams l="747" t="449" r="754" b="480" charConfidence="100">i</charParams>
<charParams l="758" t="450" r="784" b="487" charConfidence="100">c</charParams>
<charParams l="758" t="450" r="784" b="487" charConfidence="100">h</charParams>
<charParams l="788" t="456" r="802" b="480" charConfidence="30">t</charParams>
<charParams l="803" t="456" r="829" b="482"> </charParams>
<charParams l="830" t="459" r="843" b="482" charConfidence="25">e</charParams>
<charParams l="846" t="452" r="861" b="482" charConfidence="55">b</charParams>
<charParams l="865" t="460" r="878" b="483" charConfidence="28">e</charParams>
<charParams l="880" t="460" r="898" b="483" charConfidence="67">n</charParams>
<charParams l="899" t="456" r="921" b="485"> </charParams>
<charParams l="922" t="456" r="939" b="485" charConfidence="46">d</charParams>
<charParams l="943" t="462" r="955" b="485" charConfidence="100">e</charParams>
<charParams l="958" t="459" r="973" b="488" charConfidence="100">s</charParams>
<charParams l="975" t="469" r="986" b="483" charConfidence="22">¬</charParams></formatting></line>
<line baseline="544" l="189" t="510" r="985" b="556"><formatting lang="OldGerman">
<charParams l="189" t="519" r="216" b="547" charConfidence="31">w</charParams>
<charParams l="220" t="522" r="232" b="546" charConfidence="28">e</charParams>
<charParams l="234" t="522" r="250" b="553" charConfidence="66">g</charParams>
<charParams l="253" t="521" r="266" b="544" charConfidence="27">e</charParams>
<charParams l="269" t="520" r="287" b="544" charConfidence="46">n</charParams>
<charParams l="300" t="534" r="310" b="550" charConfidence="100">,</charParams>
<charParams l="311" t="518" r="349" b="550"> </charParams>
<charParams l="350" t="518" r="377" b="543" charConfidence="57">w</charParams>
<charParams l="382" t="519" r="393" b="542" charConfidence="29">e</charParams>
<charParams l="397" t="511" r="404" b="542" charConfidence="30">i</charParams>
<charParams l="409" t="510" r="417" b="542" charConfidence="91">l</charParams>
<charParams l="418" t="510" r="439" b="551"> </charParams>
<charParams l="440" t="510" r="459" b="551" charConfidence="83">s</charParams>
<charParams l="440" t="510" r="459" b="551" charConfidence="83">i</charParams>
<charParams l="461" t="518" r="475" b="542" charConfidence="84">e</charParams>
<charParams l="476" t="518" r="497" b="542"> </charParams>
<charParams l="498" t="518" r="510" b="542" charConfidence="30">e</charParams>
<charParams l="514" t="510" r="521" b="542" charConfidence="100">i</charParams>
<charParams l="524" t="518" r="542" b="542" charConfidence="82">n</charParams>
<charParams l="546" t="518" r="561" b="542" charConfidence="25">a</charParams>
<charParams l="565" t="517" r="583" b="542" charConfidence="55">n</charParams>
<charParams l="586" t="512" r="602" b="541" charConfidence="60">d</charParams>
<charParams l="606" t="518" r="617" b="541" charConfidence="40">e</charParams>
<charParams l="620" t="518" r="635" b="542" charConfidence="48">r</charParams>
<charParams l="636" t="518" r="657" b="542"> </charParams>
<charParams l="658" t="519" r="671" b="542" charConfidence="33">e</charParams>
<charParams l="673" t="518" r="690" b="542" charConfidence="100">n</charParams>
<charParams l="694" t="515" r="705" b="543" charConfidence="59">t</charParams>
<charParams l="706" t="519" r="722" b="551" charConfidence="36">g</charParams>
<charParams l="726" t="519" r="739" b="543" charConfidence="100">e</charParams>
<charParams l="740" t="519" r="757" b="551" charConfidence="29">g</charParams>
<charParams l="761" t="519" r="772" b="543" charConfidence="30">e</charParams>
<charParams l="776" t="519" r="792" b="543" charConfidence="25">n</charParams>
<charParams l="795" t="519" r="812" b="551" charConfidence="56">g</charParams>
<charParams l="816" t="519" r="828" b="543" charConfidence="47">e</charParams>
<charParams l="831" t="511" r="845" b="550" charConfidence="68">s</charParams>
<charParams l="843" t="520" r="854" b="543" charConfidence="28">e</charParams>
<charParams l="858" t="515" r="875" b="551" charConfidence="31">t</charParams>
<charParams l="858" t="515" r="875" b="551" charConfidence="31">z</charParams>
<charParams l="878" t="517" r="890" b="544" charConfidence="43">t</charParams>
<charParams l="891" t="514" r="912" b="554"> </charParams>
<charParams l="913" t="514" r="932" b="554" charConfidence="81">s</charParams>
<charParams l="913" t="514" r="932" b="554" charConfidence="81">i</charParams>
<charParams l="934" t="523" r="952" b="547" charConfidence="57">n</charParams>
<charParams l="955" t="518" r="971" b="548" charConfidence="27">d</charParams>
<charParams l="972" t="540" r="985" b="556" charConfidence="74">,</charParams></formatting></line>
<line baseline="606" l="188" t="573" r="982" b="618"><formatting lang="OldGerman">
<charParams l="188" t="576" r="208" b="618" charConfidence="82">s</charParams>
<charParams l="188" t="576" r="208" b="618" charConfidence="82">i</charParams>
<charParams l="210" t="575" r="237" b="615" charConfidence="63">c</charParams>
<charParams l="210" t="575" r="237" b="615" charConfidence="63">h</charParams>
<charParams l="238" t="575" r="261" b="615"> </charParams>
<charParams l="262" t="584" r="277" b="607" charConfidence="26">a</charParams>
<charParams l="281" t="582" r="288" b="606" suspicious="1" charConfidence="100">i</charParams>
<charParams l="291" t="582" r="310" b="606" charConfidence="29">n</charParams>
<charParams l="311" t="582" r="333" b="607"> </charParams>
<charParams l="334" t="583" r="346" b="607" charConfidence="38">e</charParams>
<charParams l="350" t="582" r="367" b="607" charConfidence="49">n</charParams>
<charParams l="371" t="579" r="381" b="607" charConfidence="54">t</charParams>
<charParams l="385" t="573" r="397" b="613" charConfidence="24">s</charParams>
<charParams l="395" t="574" r="422" b="615" charConfidence="66">c</charParams>
<charParams l="395" t="574" r="422" b="615" suspicious="1" charConfidence="66">h</charParams>
<charParams l="427" t="574" r="433" b="606" charConfidence="51">i</charParams>
<charParams l="438" t="582" r="449" b="607" charConfidence="37">e</charParams>
<charParams l="453" t="576" r="467" b="606" charConfidence="46">d</charParams>
<charParams l="471" t="583" r="484" b="606" charConfidence="30">e</charParams>
<charParams l="487" t="583" r="503" b="607" charConfidence="25">n</charParams>
<charParams l="508" t="574" r="528" b="616" charConfidence="39">s</charParams>
<charParams l="508" t="574" r="528" b="616" suspicious="1" charConfidence="39">t</charParams>
<charParams l="530" t="583" r="543" b="606" charConfidence="40">e</charParams>
<charParams l="545" t="582" r="563" b="606" charConfidence="34">n</charParams>
<charParams l="564" t="574" r="587" b="615"> </charParams>
<charParams l="588" t="574" r="601" b="615" charConfidence="100">s</charParams>
<charParams l="600" t="583" r="616" b="606" charConfidence="25">u</charParams>
<charParams l="619" t="574" r="646" b="614" charConfidence="55">c</charParams>
<charParams l="619" t="574" r="646" b="614" charConfidence="55">h</charParams>
<charParams l="650" t="583" r="662" b="606" charConfidence="41">e</charParams>
<charParams l="666" t="583" r="683" b="608" charConfidence="-1">»</charParams>
<charParams l="684" t="583" r="707" b="608"> </charParams>
<charParams l="708" t="583" r="725" b="607" charConfidence="48">u</charParams>
<charParams l="729" t="583" r="746" b="607" charConfidence="34">n</charParams>
<charParams l="750" t="577" r="766" b="607" charConfidence="28">d</charParams>
<charParams l="767" t="573" r="789" b="613"> </charParams>
<charParams l="790" t="573" r="806" b="613" charConfidence="64">f</charParams>
<charParams l="804" t="583" r="820" b="607" charConfidence="27">a</charParams>
<charParams l="824" t="574" r="848" b="612" charConfidence="94">s</charParams>
<charParams l="824" t="574" r="848" b="612" charConfidence="94">s</charParams>
<charParams l="847" t="584" r="858" b="607" charConfidence="24">e</charParams>
<charParams l="862" t="583" r="880" b="607" charConfidence="25">n</charParams>
<charParams l="889" t="598" r="898" b="613" charConfidence="88">,</charParams>
<charParams l="899" t="577" r="932" b="615"> </charParams>
<charParams l="933" t="577" r="952" b="615" charConfidence="82">s</charParams>
<charParams l="933" t="577" r="952" b="615" charConfidence="82">i</charParams>
<charParams l="954" t="579" r="982" b="617" charConfidence="44">c</charParams>
<charParams l="954" t="579" r="982" b="617" charConfidence="44">h</charParams></formatting></line>
<line baseline="671" l="187" t="636" r="982" b="681"><formatting lang="OldGerman">
<charParams l="187" t="647" r="217" b="673" charConfidence="32">m</charParams>
<charParams l="220" t="649" r="235" b="673" charConfidence="79">o</charParams>
<charParams l="239" t="642" r="254" b="672" charConfidence="29">d</charParams>
<charParams l="259" t="641" r="266" b="672" suspicious="1" charConfidence="26">t</charParams>
<charParams l="269" t="639" r="287" b="679" suspicious="1" charConfidence="100">f</charParams>
<charParams l="269" t="639" r="287" b="679" suspicious="1" charConfidence="100">i</charParams>
<charParams l="291" t="648" r="302" b="672" charConfidence="41">c</charParams>
<charParams l="305" t="639" r="313" b="672" charConfidence="100">i</charParams>
<charParams l="315" t="647" r="328" b="671" charConfidence="66">r</charParams>
<charParams l="332" t="648" r="343" b="672" charConfidence="25">e</charParams>
<charParams l="347" t="647" r="365" b="671" charConfidence="33">n</charParams>
<charParams l="366" t="647" r="387" b="672"> </charParams>
<charParams l="388" t="648" r="406" b="672" charConfidence="100">u</charParams>
<charParams l="409" t="647" r="427" b="672" charConfidence="93">n</charParams>
<charParams l="430" t="641" r="446" b="671" charConfidence="33">d</charParams>
<charParams l="447" t="641" r="469" b="681"> </charParams>
<charParams l="470" t="646" r="483" b="681" charConfidence="44">z</charParams>
<charParams l="486" t="648" r="503" b="672" charConfidence="54">u</charParams>
<charParams l="507" t="638" r="520" b="678" charConfidence="99">s</charParams>
<charParams l="519" t="647" r="534" b="672" charConfidence="100">a</charParams>
<charParams l="538" t="646" r="565" b="671" charConfidence="100">m</charParams>
<charParams l="569" t="645" r="596" b="671" charConfidence="70">m</charParams>
<charParams l="601" t="648" r="612" b="671" charConfidence="32">e</charParams>
<charParams l="616" t="647" r="633" b="671" charConfidence="25">n</charParams>
<charParams l="634" t="647" r="657" b="671"> </charParams>
<charParams l="658" t="648" r="671" b="671" charConfidence="30">e</charParams>
<charParams l="674" t="639" r="682" b="672" charConfidence="100">i</charParams>
<charParams l="685" t="647" r="702" b="671" charConfidence="97">n</charParams>
<charParams l="707" t="648" r="719" b="671" charConfidence="46">e</charParams>
<charParams l="721" t="647" r="739" b="671" charConfidence="100">n</charParams>
<charParams l="740" t="647" r="757" b="672"> </charParams>
<charParams l="758" t="647" r="776" b="672" charConfidence="45">n</charParams>
<charParams l="780" t="648" r="791" b="671" charConfidence="55">e</charParams>
<charParams l="795" t="648" r="812" b="672" charConfidence="62">u</charParams>
<charParams l="816" t="648" r="827" b="671" charConfidence="40">e</charParams>
<charParams l="830" t="647" r="848" b="671" charConfidence="100">n</charParams>
<charParams l="849" t="636" r="866" b="671"> </charParams>
<charParams l="867" t="636" r="898" b="671" charConfidence="31">K</charParams>
<charParams l="900" t="637" r="914" b="671" charConfidence="22">ö</charParams>
<charParams l="918" t="646" r="931" b="671" charConfidence="36">r</charParams>
<charParams l="932" t="646" r="950" b="678" charConfidence="29">p</charParams>
<charParams l="953" t="647" r="966" b="671" charConfidence="38">e</charParams>
<charParams l="966" t="648" r="982" b="673" charConfidence="26">r</charParams></formatting></line>
<line baseline="735" l="188" t="701" r="983" b="743"><formatting lang="OldGerman">
<charParams l="188" t="701" r="205" b="736" charConfidence="26">b</charParams>
<charParams l="209" t="703" r="216" b="735" charConfidence="85">i</charParams>
<charParams l="220" t="704" r="227" b="735" charConfidence="57">l</charParams>
<charParams l="231" t="705" r="245" b="735" charConfidence="28">d</charParams>
<charParams l="250" t="712" r="261" b="734" charConfidence="100">e</charParams>
<charParams l="265" t="711" r="282" b="735" charConfidence="25">n</charParams>
<charParams l="294" t="726" r="303" b="741" charConfidence="69">,</charParams>
<charParams l="304" t="704" r="336" b="741"> </charParams>
<charParams l="337" t="704" r="345" b="734" charConfidence="31">i</charParams>
<charParams l="349" t="702" r="369" b="743" charConfidence="36">s</charParams>
<charParams l="349" t="702" r="369" b="743" charConfidence="36">t</charParams>
<charParams l="370" t="702" r="391" b="743"> </charParams>
<charParams l="392" t="705" r="408" b="734" charConfidence="31">d</charParams>
<charParams l="412" t="703" r="420" b="734" charConfidence="100">i</charParams>
<charParams l="423" t="712" r="434" b="735" charConfidence="26">e</charParams>
<charParams l="438" t="702" r="451" b="742" charConfidence="100">s</charParams>
<charParams l="450" t="711" r="463" b="735" charConfidence="32">e</charParams>
<charParams l="464" t="702" r="485" b="735"> </charParams>
<charParams l="486" t="702" r="516" b="735" charConfidence="40">V</charParams>
<charParams l="519" t="711" r="532" b="735" charConfidence="43">e</charParams>
<charParams l="535" t="710" r="548" b="735" charConfidence="35">r</charParams>
<charParams l="550" t="709" r="576" b="735" charConfidence="68">w</charParams>
<charParams l="579" t="711" r="594" b="735" charConfidence="36">a</charParams>
<charParams l="598" t="710" r="615" b="735" charConfidence="100">n</charParams>
<charParams l="619" t="704" r="635" b="735" charConfidence="37">d</charParams>
<charParams l="639" t="706" r="648" b="735" charConfidence="52">t</charParams>
<charParams l="652" t="702" r="664" b="742" charConfidence="44">s</charParams>
<charParams l="663" t="703" r="689" b="742" charConfidence="56">c</charParams>
<charParams l="663" t="703" r="689" b="742" charConfidence="56">h</charParams>
<charParams l="693" t="711" r="708" b="734" charConfidence="26">a</charParams>
<charParams l="712" t="702" r="726" b="741" charConfidence="27">f</charParams>
<charParams l="726" t="708" r="737" b="735" charConfidence="41">t</charParams>
<charParams l="738" t="708" r="759" b="735"> </charParams>
<charParams l="760" t="711" r="775" b="734" charConfidence="25">a</charParams>
<charParams l="780" t="711" r="796" b="734" charConfidence="52">u</charParams>
<charParams l="801" t="702" r="823" b="743" charConfidence="56">f</charParams>
<charParams l="801" t="702" r="823" b="743" charConfidence="56">f</charParams>
<charParams l="823" t="711" r="838" b="734" charConfidence="100">a</charParams>
<charParams l="842" t="702" r="851" b="734" charConfidence="77">l</charParams>
<charParams l="851" t="702" r="860" b="735" charConfidence="58">l</charParams>
<charParams l="863" t="710" r="874" b="734" charConfidence="26">e</charParams>
<charParams l="877" t="709" r="894" b="734" charConfidence="75">n</charParams>
<charParams l="898" t="702" r="915" b="734" charConfidence="37">d</charParams>
<charParams l="916" t="702" r="936" b="741"> </charParams>
<charParams l="937" t="709" r="954" b="741" charConfidence="55">g</charParams>
<charParams l="958" t="709" r="971" b="734" charConfidence="26">e</charParams>
<charParams l="971" t="712" r="983" b="729" charConfidence="22">¬</charParams></formatting></line>
<line baseline="796" l="185" t="762" r="980" b="805"><formatting lang="OldGerman">
<charParams l="185" t="774" r="204" b="798" charConfidence="40">n</charParams>
<charParams l="208" t="775" r="224" b="797" charConfidence="38">u</charParams>
<charParams l="227" t="775" r="243" b="805" charConfidence="62">g</charParams>
<charParams l="247" t="789" r="255" b="797" charConfidence="100">.</charParams>
<charParams l="256" t="762" r="301" b="797"> </charParams>
<charParams l="302" t="762" r="335" b="797" charConfidence="24">G</charParams>
<charParams l="339" t="774" r="350" b="796" charConfidence="26">e</charParams>
<charParams l="354" t="767" r="370" b="796" charConfidence="29">d</charParams>
<charParams l="374" t="773" r="385" b="796" charConfidence="26">e</charParams>
<charParams l="389" t="773" r="405" b="796" charConfidence="100">n</charParams>
<charParams l="409" t="765" r="421" b="796" charConfidence="53">k</charParams>
<charParams l="424" t="774" r="436" b="796" charConfidence="26">e</charParams>
<charParams l="439" t="773" r="457" b="797" charConfidence="41">n</charParams>
<charParams l="458" t="772" r="487" b="797"> </charParams>
<charParams l="488" t="772" r="515" b="796" charConfidence="55">w</charParams>
<charParams l="519" t="765" r="527" b="796" charConfidence="51">i</charParams>
<charParams l="530" t="773" r="544" b="795" charConfidence="29">r</charParams>
<charParams l="545" t="773" r="566" b="796"> </charParams>
<charParams l="567" t="773" r="585" b="796" charConfidence="34">n</charParams>
<charParams l="588" t="773" r="605" b="797" charConfidence="100">u</charParams>
<charParams l="608" t="773" r="622" b="796" charConfidence="28">r</charParams>
<charParams l="623" t="767" r="646" b="796"> </charParams>
<charParams l="647" t="767" r="663" b="796" charConfidence="38">d</charParams>
<charParams l="667" t="773" r="679" b="796" charConfidence="32">e</charParams>
<charParams l="682" t="769" r="698" b="797" charConfidence="100">s</charParams>
<charParams l="699" t="763" r="720" b="797"> </charParams>
<charParams l="721" t="763" r="752" b="797" charConfidence="27">K</charParams>
<charParams l="754" t="774" r="770" b="796" charConfidence="34">a</charParams>
<charParams l="774" t="766" r="782" b="797" charConfidence="50">l</charParams>
<charParams l="784" t="765" r="797" b="796" charConfidence="39">k</charParams>
<charParams l="799" t="769" r="815" b="796" charConfidence="-1">s</charParams>
<charParams l="824" t="788" r="835" b="802" charConfidence="80">,</charParams>
<charParams l="836" t="766" r="874" b="802"> </charParams>
<charParams l="875" t="766" r="890" b="795" charConfidence="30">d</charParams>
<charParams l="894" t="772" r="906" b="796" charConfidence="25">e</charParams>
<charParams l="909" t="772" r="923" b="795" charConfidence="100">r</charParams>
<charParams l="924" t="771" r="943" b="804"> </charParams>
<charParams l="944" t="771" r="957" b="804" suspicious="1" charConfidence="100">z</charParams>
<charParams l="960" t="772" r="980" b="795" suspicious="1" charConfidence="23">u</charParams></formatting></line>
<line baseline="856" l="184" t="823" r="978" b="863"><formatting lang="OldGerman">
<charParams l="184" t="835" r="202" b="857" charConfidence="74">a</charParams>
<charParams l="205" t="826" r="215" b="857" charConfidence="45">l</charParams>
<charParams l="214" t="826" r="224" b="857" charConfidence="29">l</charParams>
<charParams l="225" t="835" r="237" b="858" charConfidence="31">e</charParams>
<charParams l="240" t="834" r="259" b="857" charConfidence="31">n</charParams>
<charParams l="260" t="824" r="281" b="857"> </charParams>
<charParams l="282" t="824" r="318" b="857" charConfidence="29">S</charParams>
<charParams l="322" t="825" r="337" b="857" charConfidence="100">ä</charParams>
<charParams l="341" t="833" r="358" b="857" charConfidence="64">u</charParams>
<charParams l="361" t="833" r="375" b="857" charConfidence="78">r</charParams>
<charParams l="377" t="833" r="390" b="856" charConfidence="29">e</charParams>
<charParams l="393" t="833" r="411" b="856" charConfidence="25">n</charParams>
<charParams l="412" t="833" r="441" b="856"> </charParams>
<charParams l="442" t="834" r="455" b="856" charConfidence="29">e</charParams>
<charParams l="458" t="825" r="465" b="856" charConfidence="100">i</charParams>
<charParams l="468" t="833" r="486" b="856" charConfidence="59">n</charParams>
<charParams l="489" t="833" r="503" b="856" charConfidence="32">e</charParams>
<charParams l="504" t="833" r="523" b="863"> </charParams>
<charParams l="524" t="833" r="542" b="863" charConfidence="26">g</charParams>
<charParams l="546" t="833" r="559" b="856" charConfidence="31">r</charParams>
<charParams l="562" t="833" r="576" b="855" charConfidence="53">o</charParams>
<charParams l="580" t="825" r="596" b="861" charConfidence="27">ß</charParams>
<charParams l="599" t="833" r="613" b="856" charConfidence="27">e</charParams>
<charParams l="614" t="823" r="635" b="857"> </charParams>
<charParams l="636" t="823" r="672" b="857" charConfidence="46">N</charParams>
<charParams l="674" t="832" r="687" b="856" charConfidence="26">e</charParams>
<charParams l="691" t="825" r="698" b="856" charConfidence="83">i</charParams>
<charParams l="699" t="833" r="716" b="863" charConfidence="29">g</charParams>
<charParams l="720" t="833" r="737" b="856" charConfidence="30">u</charParams>
<charParams l="741" t="832" r="758" b="855" charConfidence="25">n</charParams>
<charParams l="760" t="832" r="777" b="863" charConfidence="57">g</charParams>
<charParams l="787" t="846" r="798" b="861" charConfidence="100">,</charParams>
<charParams l="799" t="832" r="835" b="861"> </charParams>
<charParams l="836" t="832" r="850" b="855" charConfidence="35">e</charParams>
<charParams l="852" t="824" r="860" b="854" charConfidence="27">i</charParams>
<charParams l="864" t="831" r="880" b="854" charConfidence="42">n</charParams>
<charParams l="884" t="831" r="898" b="854" charConfidence="27">e</charParams>
<charParams l="899" t="831" r="919" b="854"> </charParams>
<charParams l="920" t="831" r="933" b="854" charConfidence="27">e</charParams>
<charParams l="936" t="830" r="952" b="854" charConfidence="44">n</charParams>
<charParams l="957" t="829" r="967" b="856" charConfidence="56">t</charParams>
<charParams l="968" t="836" r="978" b="851" charConfidence="22">¬</charParams></formatting></line>
<line baseline="914" l="180" t="880" r="975" b="930"><formatting lang="OldGerman">
<charParams l="180" t="884" r="197" b="922" charConfidence="40">s</charParams>
<charParams l="194" t="884" r="222" b="921" charConfidence="37">c</charParams>
<charParams l="194" t="884" r="222" b="921" charConfidence="37">h</charParams>
<charParams l="224" t="884" r="233" b="913" charConfidence="100">i</charParams>
<charParams l="236" t="891" r="248" b="913" charConfidence="26">e</charParams>
<charParams l="252" t="885" r="267" b="913" charConfidence="28">d</charParams>
<charParams l="271" t="892" r="283" b="913" charConfidence="62">e</charParams>
<charParams l="286" t="892" r="303" b="913" charConfidence="29">n</charParams>
<charParams l="307" t="892" r="320" b="914" charConfidence="28">e</charParams>
<charParams l="323" t="905" r="328" b="911" suspicious="1" charConfidence="100">-</charParams>
<charParams l="329" t="883" r="358" b="913"> </charParams>
<charParams l="359" t="883" r="390" b="913" suspicious="1" charConfidence="26">D</charParams>
<charParams l="393" t="892" r="405" b="913" charConfidence="36">e</charParams>
<charParams l="408" t="891" r="421" b="913" charConfidence="52">r</charParams>
<charParams l="423" t="891" r="437" b="913" charConfidence="31">e</charParams>
<charParams l="439" t="885" r="448" b="914" suspicious="1" charConfidence="26">i</charParams>
<charParams l="449" t="891" r="467" b="913" charConfidence="56">n</charParams>
<charParams l="471" t="885" r="480" b="913" suspicious="1" charConfidence="26">i</charParams>
<charParams l="480" t="892" r="498" b="920" suspicious="1" charConfidence="25">g</charParams>
<charParams l="502" t="891" r="519" b="913" charConfidence="27">u</charParams>
<charParams l="522" t="891" r="540" b="913" charConfidence="34">n</charParams>
<charParams l="540" t="891" r="558" b="920" charConfidence="25">g</charParams>
<charParams l="562" t="887" r="577" b="913" charConfidence="32">S</charParams>
<charParams l="581" t="885" r="589" b="912" charConfidence="42">l</charParams>
<charParams l="592" t="891" r="609" b="913" charConfidence="35">u</charParams>
<charParams l="612" t="884" r="634" b="920" suspicious="1" charConfidence="36">s</charParams>
<charParams l="612" t="884" r="634" b="920" suspicious="1" charConfidence="36">t</charParams>
<charParams l="635" t="883" r="671" b="920"> </charParams>
<charParams l="672" t="883" r="689" b="913" charConfidence="22">ä</charParams>
<charParams l="692" t="891" r="709" b="912" charConfidence="90">u</charParams>
<charParams l="707" t="883" r="729" b="930" suspicious="1" charConfidence="-1">ß</charParams>
<charParams l="732" t="890" r="745" b="912" charConfidence="26">e</charParams>
<charParams l="747" t="890" r="760" b="912" charConfidence="48">r</charParams>
<charParams l="763" t="886" r="774" b="912" charConfidence="39">t</charParams>
<charParams l="776" t="903" r="785" b="912" suspicious="1" charConfidence="60">.</charParams>
<charParams l="786" t="880" r="850" b="913"> </charParams>
<charParams l="851" t="880" r="887" b="913" charConfidence="59">S</charParams>
<charParams l="891" t="891" r="906" b="913" charConfidence="32">o</charParams>
<charParams l="909" t="881" r="925" b="914" charConfidence="54">b</charParams>
<charParams l="929" t="891" r="944" b="913" charConfidence="54">a</charParams>
<charParams l="948" t="886" r="956" b="916" charConfidence="73">l</charParams>
<charParams l="959" t="888" r="975" b="917" charConfidence="26">d</charParams></formatting></line>
<line baseline="972" l="179" t="938" r="974" b="980"><formatting lang="OldGerman">
<charParams l="179" t="949" r="199" b="973" charConfidence="33">u</charParams>
<charParams l="202" t="948" r="219" b="972" charConfidence="54">n</charParams>
<charParams l="223" t="941" r="237" b="979" charConfidence="36">s</charParams>
<charParams l="234" t="949" r="246" b="972" charConfidence="27">e</charParams>
<charParams l="249" t="949" r="263" b="972" charConfidence="43">r</charParams>
<charParams l="264" t="939" r="301" b="977"> </charParams>
<charParams l="302" t="939" r="329" b="977" charConfidence="78">c</charParams>
<charParams l="302" t="939" r="329" b="977" charConfidence="78">h</charParams>
<charParams l="333" t="948" r="346" b="970" charConfidence="39">e</charParams>
<charParams l="348" t="946" r="376" b="970" charConfidence="83">m</charParams>
<charParams l="379" t="940" r="388" b="970" charConfidence="100">i</charParams>
<charParams l="391" t="940" r="405" b="977" charConfidence="29">s</charParams>
<charParams l="402" t="940" r="428" b="977" charConfidence="84">c</charParams>
<charParams l="402" t="940" r="428" b="977" charConfidence="84">h</charParams>
<charParams l="432" t="947" r="445" b="971" charConfidence="30">e</charParams>
<charParams l="448" t="943" r="464" b="970" charConfidence="100">s</charParams>
<charParams l="465" t="938" r="494" b="972"> </charParams>
<charParams l="495" t="938" r="521" b="972" charConfidence="38">C</charParams>
<charParams l="522" t="947" r="538" b="970" charConfidence="43">a</charParams>
<charParams l="542" t="938" r="557" b="971" charConfidence="28">b</charParams>
<charParams l="561" t="941" r="569" b="970" charConfidence="25">i</charParams>
<charParams l="572" t="947" r="588" b="970" charConfidence="44">n</charParams>
<charParams l="593" t="947" r="605" b="970" charConfidence="28">e</charParams>
<charParams l="609" t="944" r="620" b="971" charConfidence="31">t</charParams>
<charParams l="621" t="944" r="656" b="971"> </charParams>
<charParams l="657" t="948" r="673" b="970" charConfidence="24">a</charParams>
<charParams l="677" t="948" r="694" b="971" charConfidence="95">n</charParams>
<charParams l="698" t="939" r="711" b="971" charConfidence="74">k</charParams>
<charParams l="713" t="948" r="727" b="971" charConfidence="37">o</charParams>
<charParams l="731" t="947" r="758" b="971" charConfidence="99">m</charParams>
<charParams l="762" t="947" r="789" b="971" charConfidence="99">m</charParams>
<charParams l="794" t="945" r="805" b="972" charConfidence="68">t</charParams>
<charParams l="813" t="963" r="824" b="979" charConfidence="59">,</charParams>
<charParams l="825" t="949" r="869" b="979"> </charParams>
<charParams l="870" t="949" r="898" b="974" charConfidence="53">w</charParams>
<charParams l="901" t="952" r="916" b="975" charConfidence="35">o</charParams>
<charParams l="920" t="944" r="928" b="975" charConfidence="48">l</charParams>
<charParams l="928" t="945" r="938" b="976" charConfidence="100">l</charParams>
<charParams l="939" t="954" r="952" b="978" charConfidence="42">e</charParams>
<charParams l="955" t="955" r="974" b="980" charConfidence="24">n</charParams></formatting></line>
<line baseline="1034" l="178" t="997" r="972" b="1046"><formatting lang="OldGerman">
<charParams l="178" t="1006" r="206" b="1035" suspicious="1" charConfidence="25">w</charParams>
<charParams l="209" t="1001" r="217" b="1033" charConfidence="60">i</charParams>
<charParams l="220" t="1009" r="234" b="1033" charConfidence="34">r</charParams>
<charParams l="235" t="998" r="264" b="1033"> </charParams>
<charParams l="265" t="998" r="300" b="1033" charConfidence="38">S</charParams>
<charParams l="304" t="1001" r="312" b="1032" charConfidence="26">i</charParams>
<charParams l="315" t="1007" r="328" b="1031" charConfidence="46">e</charParams>
<charParams l="329" t="1007" r="363" b="1031"> </charParams>
<charParams l="364" t="1007" r="381" b="1031" charConfidence="59">v</charParams>
<charParams l="386" t="1008" r="398" b="1030" charConfidence="29">e</charParams>
<charParams l="401" t="1008" r="414" b="1031" charConfidence="100">r</charParams>
<charParams l="417" t="999" r="431" b="1038" charConfidence="28">s</charParams>
<charParams l="428" t="999" r="454" b="1037" charConfidence="68">c</charParams>
<charParams l="428" t="999" r="454" b="1037" charConfidence="68">h</charParams>
<charParams l="459" t="997" r="467" b="1031" charConfidence="85">i</charParams>
<charParams l="470" t="1007" r="482" b="1031" charConfidence="26">e</charParams>
<charParams l="485" t="1001" r="500" b="1031" charConfidence="26">d</charParams>
<charParams l="504" t="1007" r="517" b="1031" charConfidence="46">e</charParams>
<charParams l="519" t="1007" r="536" b="1031" charConfidence="47">n</charParams>
<charParams l="540" t="1007" r="553" b="1031" charConfidence="32">e</charParams>
<charParams l="554" t="999" r="583" b="1032"> </charParams>
<charParams l="584" t="999" r="614" b="1032" charConfidence="41">V</charParams>
<charParams l="618" t="1009" r="629" b="1032" charConfidence="25">e</charParams>
<charParams l="633" t="1008" r="645" b="1031" charConfidence="34">r</charParams>
<charParams l="649" t="1000" r="662" b="1038" charConfidence="26">s</charParams>
<charParams l="660" t="1009" r="677" b="1033" charConfidence="26">u</charParams>
<charParams l="680" t="1001" r="706" b="1039" charConfidence="80">c</charParams>
<charParams l="680" t="1001" r="706" b="1039" charConfidence="80">h</charParams>
<charParams l="710" t="1009" r="723" b="1032" charConfidence="32">e</charParams>
<charParams l="724" t="1002" r="759" b="1041"> </charParams>
<charParams l="760" t="1002" r="773" b="1041" charConfidence="29">s</charParams>
<charParams l="771" t="1011" r="783" b="1034" charConfidence="26">e</charParams>
<charParams l="786" t="1001" r="802" b="1044" charConfidence="36">h</charParams>
<charParams l="807" t="1012" r="819" b="1035" charConfidence="34">e</charParams>
<charParams l="823" t="1012" r="840" b="1037" charConfidence="32">n</charParams>
<charParams l="841" t="1006" r="873" b="1037"> </charParams>
<charParams l="874" t="1006" r="883" b="1037" charConfidence="61">l</charParams>
<charParams l="885" t="1014" r="900" b="1036" charConfidence="0">a</charParams>
<charParams l="905" t="1006" r="930" b="1043" charConfidence="94">s</charParams>
<charParams l="905" t="1006" r="930" b="1043" charConfidence="94">s</charParams>
<charParams l="927" t="1015" r="938" b="1039" charConfidence="100">e</charParams>
<charParams l="942" t="1015" r="960" b="1040" charConfidence="24">n</charParams>
<charParams l="960" t="1032" r="972" b="1046" charConfidence="100">,</charParams></formatting></line>
<line baseline="1096" l="178" t="1060" r="970" b="1105"><formatting lang="OldGerman">
<charParams l="178" t="1065" r="196" b="1094" charConfidence="26">d</charParams>
<charParams l="198" t="1065" r="206" b="1094" charConfidence="31">i</charParams>
<charParams l="210" t="1072" r="223" b="1093" charConfidence="26">e</charParams>
<charParams l="224" t="1062" r="252" b="1100"> </charParams>
<charParams l="253" t="1062" r="267" b="1100" charConfidence="100">s</charParams>
<charParams l="265" t="1070" r="277" b="1093" charConfidence="33">e</charParams>
<charParams l="279" t="1061" r="296" b="1101" charConfidence="52">h</charParams>
<charParams l="300" t="1069" r="314" b="1093" charConfidence="44">r</charParams>
<charParams l="315" t="1069" r="342" b="1093"> </charParams>
<charParams l="343" t="1069" r="361" b="1093" charConfidence="24">u</charParams>
<charParams l="365" t="1069" r="382" b="1092" charConfidence="68">n</charParams>
<charParams l="386" t="1066" r="396" b="1091" charConfidence="75">t</charParams>
<charParams l="399" t="1069" r="411" b="1092" charConfidence="33">e</charParams>
<charParams l="414" t="1068" r="427" b="1092" charConfidence="100">r</charParams>
<charParams l="430" t="1060" r="446" b="1102" charConfidence="75">h</charParams>
<charParams l="450" t="1068" r="466" b="1092" charConfidence="35">a</charParams>
<charParams l="470" t="1061" r="479" b="1093" charConfidence="63">l</charParams>
<charParams l="481" t="1067" r="491" b="1092" charConfidence="52">t</charParams>
<charParams l="494" t="1069" r="506" b="1092" charConfidence="31">e</charParams>
<charParams l="508" t="1069" r="526" b="1093" charConfidence="100">n</charParams>
<charParams l="530" t="1063" r="546" b="1093" charConfidence="31">d</charParams>
<charParams l="547" t="1062" r="578" b="1102"> </charParams>
<charParams l="579" t="1062" r="597" b="1102" charConfidence="84">s</charParams>
<charParams l="579" t="1062" r="597" b="1102" charConfidence="84">i</charParams>
<charParams l="600" t="1070" r="616" b="1094" charConfidence="63">n</charParams>
<charParams l="621" t="1065" r="636" b="1094" charConfidence="38">d</charParams>
<charParams l="637" t="1065" r="667" b="1096"> </charParams>
<charParams l="668" t="1072" r="685" b="1096" charConfidence="36">u</charParams>
<charParams l="689" t="1072" r="706" b="1097" charConfidence="100">n</charParams>
<charParams l="711" t="1067" r="726" b="1097" charConfidence="33">d</charParams>
<charParams l="727" t="1067" r="758" b="1097"> </charParams>
<charParams l="759" t="1075" r="770" b="1097" charConfidence="100">e</charParams>
<charParams l="775" t="1067" r="782" b="1097" charConfidence="44">i</charParams>
<charParams l="785" t="1075" r="802" b="1098" charConfidence="43">n</charParams>
<charParams l="806" t="1076" r="817" b="1099" charConfidence="100">e</charParams>
<charParams l="821" t="1076" r="839" b="1100" charConfidence="25">n</charParams>
<charParams l="840" t="1068" r="862" b="1100"> </charParams>
<charParams l="863" t="1068" r="879" b="1100" charConfidence="28">b</charParams>
<charParams l="883" t="1077" r="894" b="1101" charConfidence="35">e</charParams>
<charParams l="898" t="1068" r="923" b="1105" charConfidence="99">s</charParams>
<charParams l="898" t="1068" r="923" b="1105" charConfidence="99">s</charParams>
<charParams l="920" t="1077" r="932" b="1100" charConfidence="25">e</charParams>
<charParams l="936" t="1077" r="948" b="1101" charConfidence="31">r</charParams>
<charParams l="951" t="1077" r="970" b="1102" charConfidence="24">n</charParams></formatting></line>
<line baseline="1158" l="177" t="1122" r="967" b="1165"><formatting lang="OldGerman">
<charParams l="177" t="1122" r="211" b="1155" charConfidence="28">B</charParams>
<charParams l="215" t="1131" r="227" b="1153" charConfidence="25">e</charParams>
<charParams l="229" t="1130" r="245" b="1162" charConfidence="67">g</charParams>
<charParams l="249" t="1131" r="262" b="1154" charConfidence="45">r</charParams>
<charParams l="265" t="1123" r="272" b="1152" charConfidence="29">i</charParams>
<charParams l="276" t="1122" r="300" b="1160" charConfidence="95">f</charParams>
<charParams l="276" t="1122" r="300" b="1160" charConfidence="95">f</charParams>
<charParams l="301" t="1122" r="346" b="1161"> </charParams>
<charParams l="347" t="1130" r="364" b="1161" charConfidence="41">g</charParams>
<charParams l="368" t="1130" r="380" b="1153" charConfidence="60">e</charParams>
<charParams l="383" t="1122" r="398" b="1154" charConfidence="44">b</charParams>
<charParams l="402" t="1130" r="414" b="1153" charConfidence="34">e</charParams>
<charParams l="417" t="1131" r="436" b="1155" charConfidence="100">n</charParams>
<charParams l="437" t="1131" r="481" b="1156"> </charParams>
<charParams l="482" t="1131" r="497" b="1156" charConfidence="28">a</charParams>
<charParams l="502" t="1124" r="510" b="1156" charConfidence="38">l</charParams>
<charParams l="513" t="1127" r="529" b="1156" charConfidence="100">s</charParams>
<charParams l="530" t="1122" r="567" b="1157"> </charParams>
<charParams l="568" t="1122" r="608" b="1157" charConfidence="47">W</charParams>
<charParams l="611" t="1133" r="626" b="1157" charConfidence="40">o</charParams>
<charParams l="630" t="1134" r="643" b="1157" charConfidence="40">r</charParams>
<charParams l="646" t="1131" r="656" b="1159" charConfidence="80">t</charParams>
<charParams l="659" t="1135" r="672" b="1159" charConfidence="34">e</charParams>
<charParams l="680" t="1150" r="691" b="1165" charConfidence="63">,</charParams>
<charParams l="692" t="1127" r="739" b="1165"> </charParams>
<charParams l="740" t="1127" r="774" b="1162" charConfidence="44">N</charParams>
<charParams l="778" t="1138" r="793" b="1162" charConfidence="24">a</charParams>
<charParams l="797" t="1137" r="824" b="1162" charConfidence="100">m</charParams>
<charParams l="829" t="1139" r="840" b="1162" charConfidence="25">e</charParams>
<charParams l="843" t="1138" r="862" b="1163" charConfidence="25">n</charParams>
<charParams l="863" t="1138" r="908" b="1163"> </charParams>
<charParams l="909" t="1138" r="917" b="1161" suspicious="1" charConfidence="-1">&gt;</charParams>
<charParams l="918" t="1137" r="946" b="1161" charConfidence="44">m</charParams>
<charParams l="951" t="1133" r="967" b="1162" suspicious="1" charConfidence="54">d</charParams></formatting></line>
<line baseline="1217" l="174" t="1183" r="435" b="1225"><formatting lang="OldGerman">
<charParams l="174" t="1184" r="207" b="1218" suspicious="1" charConfidence="19">K</charParams>
<charParams l="207" t="1194" r="224" b="1217" charConfidence="50">u</charParams>
<charParams l="227" t="1193" r="244" b="1216" charConfidence="69">n</charParams>
<charParams l="248" t="1185" r="268" b="1225" charConfidence="30">s</charParams>
<charParams l="248" t="1185" r="268" b="1225" charConfidence="30">t</charParams>
<charParams l="271" t="1193" r="286" b="1215" charConfidence="40">a</charParams>
<charParams l="290" t="1192" r="306" b="1215" charConfidence="24">u</charParams>
<charParams l="310" t="1187" r="325" b="1215" charConfidence="72">S</charParams>
<charParams l="329" t="1186" r="344" b="1216" charConfidence="26">d</charParams>
<charParams l="349" t="1192" r="361" b="1215" charConfidence="24">r</charParams>
<charParams l="364" t="1193" r="372" b="1214" suspicious="1" charConfidence="22">i</charParams>
<charParams l="375" t="1183" r="381" b="1215" charConfidence="-1">i</charParams>
<charParams l="386" t="1195" r="396" b="1216" charConfidence="84">c</charParams>
<charParams l="396" t="1185" r="410" b="1217" charConfidence="40">k</charParams>
<charParams l="412" t="1194" r="425" b="1217" charConfidence="26">e</charParams>
<charParams l="426" t="1207" r="435" b="1217" charConfidence="100">.</charParams></formatting></line></par>
<par align="Justified" rightIndent="800" startIndent="1824" lineSpacing="1464">
<line baseline="1346" l="238" t="1308" r="963" b="1358"><formatting lang="OldGerman">
<charParams l="238" t="1310" r="255" b="1344" charConfidence="34">L</charParams>
<charParams l="259" t="1319" r="273" b="1342" charConfidence="100">a</charParams>
<charParams l="277" t="1310" r="302" b="1347" charConfidence="99">s</charParams>
<charParams l="277" t="1310" r="302" b="1347" charConfidence="99">s</charParams>
<charParams l="300" t="1319" r="310" b="1341" charConfidence="25">e</charParams>
<charParams l="315" t="1317" r="332" b="1340" charConfidence="57">n</charParams>
<charParams l="333" t="1308" r="356" b="1341"> </charParams>
<charParams l="357" t="1308" r="391" b="1341" charConfidence="40">S</charParams>
<charParams l="397" t="1311" r="404" b="1341" charConfidence="26">i</charParams>
<charParams l="409" t="1319" r="422" b="1343" charConfidence="26">e</charParams>
<charParams l="423" t="1318" r="444" b="1343"> </charParams>
<charParams l="445" t="1318" r="473" b="1343" charConfidence="73">m</charParams>
<charParams l="477" t="1313" r="485" b="1343" charConfidence="29">i</charParams>
<charParams l="488" t="1312" r="515" b="1351" charConfidence="55">c</charParams>
<charParams l="488" t="1312" r="515" b="1351" charConfidence="55">h</charParams>
<charParams l="516" t="1312" r="538" b="1354"> </charParams>
<charParams l="539" t="1322" r="555" b="1354" charConfidence="66">g</charParams>
<charParams l="560" t="1324" r="571" b="1346" charConfidence="30">e</charParams>
<charParams l="576" t="1316" r="595" b="1355" charConfidence="65">s</charParams>
<charParams l="576" t="1316" r="595" b="1355" charConfidence="65">t</charParams>
<charParams l="598" t="1324" r="610" b="1348" charConfidence="26">e</charParams>
<charParams l="613" t="1315" r="629" b="1356" charConfidence="100">h</charParams>
<charParams l="633" t="1324" r="645" b="1348" charConfidence="25">e</charParams>
<charParams l="649" t="1324" r="666" b="1349" charConfidence="32">n</charParams>
<charParams l="668" t="1339" r="677" b="1355" charConfidence="73">,</charParams>
<charParams l="678" t="1317" r="700" b="1356"> </charParams>
<charParams l="701" t="1317" r="716" b="1356" charConfidence="65">s</charParams>
<charParams l="713" t="1326" r="728" b="1348" charConfidence="54">a</charParams>
<charParams l="731" t="1325" r="747" b="1356" charConfidence="49">g</charParams>
<charParams l="751" t="1322" r="761" b="1349" charConfidence="51">t</charParams>
<charParams l="764" t="1325" r="777" b="1349" charConfidence="30">e</charParams>
<charParams l="778" t="1316" r="799" b="1351"> </charParams>
<charParams l="800" t="1316" r="825" b="1351" charConfidence="32">C</charParams>
<charParams l="828" t="1316" r="844" b="1358" charConfidence="59">h</charParams>
<charParams l="849" t="1324" r="862" b="1348" charConfidence="0">a</charParams>
<charParams l="868" t="1325" r="881" b="1349" charConfidence="37">r</charParams>
<charParams l="884" t="1317" r="893" b="1348" charConfidence="57">l</charParams>
<charParams l="894" t="1325" r="909" b="1348" charConfidence="59">o</charParams>
<charParams l="913" t="1321" r="923" b="1348" charConfidence="100">t</charParams>
<charParams l="927" t="1322" r="935" b="1348" charConfidence="28">t</charParams>
<charParams l="939" t="1326" r="952" b="1349" charConfidence="24">e</charParams>
<charParams l="950" t="1341" r="963" b="1357" charConfidence="84">,</charParams></formatting></line>
<line baseline="1408" l="169" t="1370" r="962" b="1416"><formatting lang="OldGerman">
<charParams l="169" t="1381" r="197" b="1406" charConfidence="30">w</charParams>
<charParams l="201" t="1383" r="212" b="1405" charConfidence="36">e</charParams>
<charParams l="215" t="1381" r="232" b="1405" charConfidence="41">n</charParams>
<charParams l="236" t="1382" r="254" b="1405" charConfidence="31">n</charParams>
<charParams l="255" t="1370" r="293" b="1405"> </charParams>
<charParams l="294" t="1370" r="328" b="1404" charConfidence="32">S</charParams>
<charParams l="333" t="1372" r="340" b="1402" charConfidence="79">i</charParams>
<charParams l="344" t="1380" r="356" b="1404" charConfidence="30">e</charParams>
<charParams l="357" t="1375" r="395" b="1404"> </charParams>
<charParams l="396" t="1375" r="411" b="1403" charConfidence="26">d</charParams>
<charParams l="416" t="1373" r="422" b="1404" charConfidence="100">i</charParams>
<charParams l="426" t="1380" r="438" b="1403" charConfidence="27">e</charParams>
<charParams l="442" t="1372" r="455" b="1411" charConfidence="67">s</charParams>
<charParams l="453" t="1381" r="466" b="1404" charConfidence="28">e</charParams>
<charParams l="467" t="1373" r="498" b="1412"> </charParams>
<charParams l="499" t="1373" r="529" b="1412" suspicious="1" charConfidence="-1">I</charParams>
<charParams l="533" t="1374" r="549" b="1415" charConfidence="99">h</charParams>
<charParams l="554" t="1384" r="566" b="1407" charConfidence="24">r</charParams>
<charParams l="569" t="1385" r="583" b="1408" charConfidence="58">e</charParams>
<charParams l="584" t="1385" r="618" b="1410"> </charParams>
<charParams l="619" t="1386" r="645" b="1410" charConfidence="43">w</charParams>
<charParams l="649" t="1387" r="665" b="1410" charConfidence="24">u</charParams>
<charParams l="670" t="1387" r="686" b="1410" charConfidence="39">n</charParams>
<charParams l="691" t="1380" r="706" b="1409" charConfidence="32">d</charParams>
<charParams l="711" t="1388" r="721" b="1411" charConfidence="29">e</charParams>
<charParams l="726" t="1387" r="738" b="1410" charConfidence="25">r</charParams>
<charParams l="742" t="1379" r="749" b="1410" charConfidence="61">l</charParams>
<charParams l="753" t="1380" r="760" b="1410" charConfidence="62">i</charParams>
<charParams l="764" t="1379" r="790" b="1416" charConfidence="55">c</charParams>
<charParams l="764" t="1379" r="790" b="1416" charConfidence="55">h</charParams>
<charParams l="795" t="1388" r="806" b="1410" charConfidence="25">e</charParams>
<charParams l="810" t="1387" r="827" b="1410" charConfidence="-1">»</charParams>
<charParams l="828" t="1376" r="858" b="1410"> </charParams>
<charParams l="859" t="1376" r="898" b="1409" charConfidence="96">W</charParams>
<charParams l="901" t="1386" r="913" b="1408" charConfidence="30">e</charParams>
<charParams l="917" t="1377" r="930" b="1415" charConfidence="86">s</charParams>
<charParams l="928" t="1387" r="939" b="1409" charConfidence="100">e</charParams>
<charParams l="943" t="1388" r="962" b="1412" charConfidence="24">n</charParams></formatting></line>
<line baseline="1469" l="168" t="1436" r="961" b="1477"><formatting lang="OldGerman">
<charParams l="168" t="1442" r="185" b="1466" charConfidence="25">v</charParams>
<charParams l="189" t="1442" r="201" b="1466" charConfidence="30">e</charParams>
<charParams l="204" t="1443" r="217" b="1466" charConfidence="100">r</charParams>
<charParams l="220" t="1440" r="245" b="1466" charConfidence="23">w</charParams>
<charParams l="249" t="1443" r="263" b="1467" charConfidence="100">a</charParams>
<charParams l="268" t="1443" r="284" b="1467" charConfidence="65">n</charParams>
<charParams l="289" t="1438" r="304" b="1467" charConfidence="25">d</charParams>
<charParams l="308" t="1441" r="318" b="1467" charConfidence="55">t</charParams>
<charParams l="319" t="1441" r="347" b="1468"> </charParams>
<charParams l="348" t="1443" r="366" b="1468" charConfidence="36">n</charParams>
<charParams l="370" t="1442" r="381" b="1467" charConfidence="26">e</charParams>
<charParams l="385" t="1442" r="401" b="1466" charConfidence="68">n</charParams>
<charParams l="405" t="1443" r="422" b="1467" charConfidence="43">n</charParams>
<charParams l="425" t="1442" r="437" b="1466" charConfidence="100">e</charParams>
<charParams l="441" t="1442" r="458" b="1466" charConfidence="27">n</charParams>
<charParams l="467" t="1456" r="479" b="1474" charConfidence="71">,</charParams>
<charParams l="480" t="1436" r="519" b="1474"> </charParams>
<charParams l="520" t="1436" r="533" b="1474" charConfidence="100">s</charParams>
<charParams l="532" t="1445" r="547" b="1468" charConfidence="34">o</charParams>
<charParams l="548" t="1438" r="577" b="1470"> </charParams>
<charParams l="578" t="1438" r="592" b="1470" charConfidence="58">k</charParams>
<charParams l="594" t="1447" r="609" b="1471" charConfidence="55">o</charParams>
<charParams l="612" t="1446" r="639" b="1472" charConfidence="84">m</charParams>
<charParams l="643" t="1448" r="669" b="1472" charConfidence="48">m</charParams>
<charParams l="675" t="1449" r="686" b="1472" charConfidence="100">e</charParams>
<charParams l="689" t="1448" r="707" b="1472" charConfidence="53">n</charParams>
<charParams l="708" t="1440" r="736" b="1477"> </charParams>
<charParams l="737" t="1440" r="756" b="1477" charConfidence="86">s</charParams>
<charParams l="737" t="1440" r="756" b="1477" charConfidence="86">i</charParams>
<charParams l="758" t="1448" r="771" b="1471" charConfidence="46">e</charParams>
<charParams l="772" t="1447" r="801" b="1471"> </charParams>
<charParams l="802" t="1447" r="829" b="1471" charConfidence="54">m</charParams>
<charParams l="834" t="1441" r="841" b="1470" charConfidence="33">i</charParams>
<charParams l="845" t="1447" r="858" b="1470" charConfidence="37">r</charParams>
<charParams l="859" t="1446" r="886" b="1470"> </charParams>
<charParams l="887" t="1446" r="905" b="1470" charConfidence="36">n</charParams>
<charParams l="909" t="1439" r="916" b="1470" charConfidence="-1">i</charParams>
<charParams l="920" t="1441" r="945" b="1473" charConfidence="25">c</charParams>
<charParams l="920" t="1441" r="945" b="1473" charConfidence="25">h</charParams>
<charParams l="949" t="1446" r="961" b="1474" charConfidence="25">t</charParams></formatting></line></par>
</text>
</block>
</page>
</document>