﻿<?xml version="1.0" encoding="UTF-8" standalone="yes"?>
<document xmlns="http://www.abbyy.com/FineReader_xml/FineReader10-schema-v1.xml" version="1.0" producer="ABBYY FineReader Engine 11" languages="" xmlns:xsi="http://www.w3.org/2001/XMLSchema-instance" xsi:schemaLocation="http://www.abbyy.com/FineReader_xml/FineReader10-schema-v1.xml http://www.abbyy.com/FineReader_xml/FineReader10-schema-v1.xml">
<page width="1156" height="1782" resolution="300" originalCoords="1">
<block blockType="Text" blockName="">
<text>
<par startIndent="144">
<line baseline="93" l="566" t="59" r="610" b="93"><formatting lang="OldGerman">
<charParams l="566" t="59" r="583" b="90" suspicious="1" charConfidence="-1">«</charParams>
<charParams l="587" t="61" r="610" b="93" suspicious="1" charConfidence="32">4</charParams></formatting></line></par>
</text>
</block>
<block blockType="Text" blockName="">
<text>
<par align="Justified" startIndent="1962" lineSpacing="1464">
<line baseline="178" l="254" t="139" r="983" b="189"><formatting lang="OldGerman">
<charParams l="254" t="149" r="285" b="184" charConfidence="26">K</charParams>
<charParams l="287" t="158" r="301" b="181" charConfidence="37">o</charParams>
<charParams l="304" t="157" r="332" b="182" charConfidence="86">m</charParams>
<charParams l="336" t="156" r="364" b="181" charConfidence="70">m</charParams>
<charParams l="367" t="154" r="380" b="181" charConfidence="31">t</charParams>
<charParams l="381" t="150" r="408" b="181"> </charParams>
<charParams l="409" t="150" r="425" b="180" charConfidence="40">d</charParams>
<charParams l="429" t="155" r="444" b="179" charConfidence="40">a</charParams>
<charParams l="448" t="149" r="464" b="177" charConfidence="-1">s</charParams>
<charParams l="465" t="149" r="494" b="177"> </charParams>
<charParams l="495" t="149" r="507" b="175" charConfidence="47">t</charParams>
<charParams l="510" t="151" r="523" b="173" charConfidence="25">r</charParams>
<charParams l="525" t="151" r="541" b="173" charConfidence="58">a</charParams>
<charParams l="545" t="150" r="561" b="174" charConfidence="48">u</charParams>
<charParams l="565" t="149" r="578" b="174" charConfidence="25">r</charParams>
<charParams l="582" t="143" r="589" b="173" charConfidence="-1">i</charParams>
<charParams l="591" t="150" r="608" b="181" charConfidence="30">g</charParams>
<charParams l="612" t="150" r="626" b="173" charConfidence="35">e</charParams>
<charParams l="627" t="139" r="656" b="174"> </charParams>
<charParams l="657" t="139" r="698" b="174" charConfidence="25">W</charParams>
<charParams l="701" t="152" r="715" b="175" charConfidence="36">o</charParams>
<charParams l="719" t="152" r="733" b="176" charConfidence="58">r</charParams>
<charParams l="736" t="150" r="746" b="177" charConfidence="39">t</charParams>
<charParams l="755" t="168" r="766" b="184" charConfidence="100">,</charParams>
<charParams l="767" t="156" r="804" b="184"> </charParams>
<charParams l="805" t="156" r="819" b="179" charConfidence="32">r</charParams>
<charParams l="821" t="147" r="829" b="179" charConfidence="38">i</charParams>
<charParams l="832" t="155" r="844" b="179" charConfidence="28">e</charParams>
<charParams l="846" t="147" r="860" b="185" charConfidence="34">f</charParams>
<charParams l="861" t="147" r="889" b="185"> </charParams>
<charParams l="890" t="147" r="915" b="181" charConfidence="32">C</charParams>
<charParams l="918" t="148" r="935" b="189" charConfidence="38">h</charParams>
<charParams l="938" t="159" r="954" b="182" charConfidence="28">a</charParams>
<charParams l="957" t="160" r="972" b="183" charConfidence="100">r</charParams>
<charParams l="972" t="165" r="983" b="180" charConfidence="100">¬</charParams></formatting></line>
<line baseline="240" l="188" t="204" r="982" b="252"><formatting lang="OldGerman">
<charParams l="188" t="213" r="199" b="246" charConfidence="41">l</charParams>
<charParams l="201" t="222" r="215" b="245" charConfidence="41">o</charParams>
<charParams l="218" t="218" r="228" b="246" charConfidence="100">t</charParams>
<charParams l="232" t="217" r="242" b="246" charConfidence="43">t</charParams>
<charParams l="244" t="221" r="257" b="246" charConfidence="33">e</charParams>
<charParams l="265" t="236" r="275" b="252" charConfidence="100">,</charParams>
<charParams l="276" t="214" r="298" b="252"> </charParams>
<charParams l="299" t="214" r="316" b="244" charConfidence="29">d</charParams>
<charParams l="319" t="219" r="335" b="243" charConfidence="34">a</charParams>
<charParams l="339" t="215" r="355" b="244" charConfidence="95">s</charParams>
<charParams l="356" t="215" r="378" b="244"> </charParams>
<charParams l="379" t="218" r="407" b="242" charConfidence="100">m</charParams>
<charParams l="410" t="217" r="425" b="240" charConfidence="29">a</charParams>
<charParams l="429" t="215" r="446" b="239" charConfidence="32">n</charParams>
<charParams l="447" t="205" r="470" b="239"> </charParams>
<charParams l="471" t="205" r="480" b="237" charConfidence="74">l</charParams>
<charParams l="482" t="212" r="494" b="236" charConfidence="62">e</charParams>
<charParams l="498" t="205" r="505" b="235" charConfidence="100">i</charParams>
<charParams l="509" t="205" r="524" b="235" charConfidence="27">d</charParams>
<charParams l="528" t="210" r="541" b="235" charConfidence="28">e</charParams>
<charParams l="543" t="211" r="557" b="235" charConfidence="38">r</charParams>
<charParams l="558" t="205" r="580" b="235"> </charParams>
<charParams l="581" t="205" r="589" b="235" charConfidence="100">i</charParams>
<charParams l="593" t="211" r="611" b="235" charConfidence="100">n</charParams>
<charParams l="612" t="204" r="635" b="235"> </charParams>
<charParams l="636" t="204" r="652" b="234" charConfidence="26">d</charParams>
<charParams l="655" t="212" r="667" b="235" charConfidence="34">e</charParams>
<charParams l="670" t="212" r="684" b="237" charConfidence="32">r</charParams>
<charParams l="685" t="204" r="702" b="239"> </charParams>
<charParams l="703" t="204" r="743" b="239" charConfidence="56">W</charParams>
<charParams l="746" t="216" r="759" b="239" charConfidence="60">e</charParams>
<charParams l="762" t="208" r="771" b="240" charConfidence="37">l</charParams>
<charParams l="772" t="213" r="784" b="240" charConfidence="46">t</charParams>
<charParams l="785" t="211" r="804" b="248"> </charParams>
<charParams l="805" t="211" r="814" b="248" charConfidence="60">j</charParams>
<charParams l="818" t="218" r="830" b="241" charConfidence="28">e</charParams>
<charParams l="833" t="213" r="851" b="249" charConfidence="47">t</charParams>
<charParams l="833" t="213" r="851" b="249" charConfidence="47">z</charParams>
<charParams l="854" t="214" r="866" b="242" charConfidence="39">t</charParams>
<charParams l="867" t="209" r="888" b="250"> </charParams>
<charParams l="889" t="209" r="902" b="250" charConfidence="33">s</charParams>
<charParams l="901" t="217" r="916" b="241" charConfidence="37">o</charParams>
<charParams l="917" t="217" r="938" b="243"> </charParams>
<charParams l="939" t="218" r="954" b="243" charConfidence="46">o</charParams>
<charParams l="957" t="211" r="972" b="250" charConfidence="100">f</charParams>
<charParams l="971" t="215" r="982" b="244" charConfidence="79">t</charParams></formatting></line>
<line baseline="301" l="186" t="263" r="808" b="317"><formatting lang="OldGerman">
<charParams l="186" t="274" r="207" b="317" suspicious="1" charConfidence="25">h</charParams>
<charParams l="210" t="275" r="226" b="307" charConfidence="22">ö</charParams>
<charParams l="228" t="282" r="242" b="307" charConfidence="35">r</charParams>
<charParams l="246" t="279" r="256" b="308" charConfidence="72">t</charParams>
<charParams l="263" t="295" r="273" b="311" charConfidence="71">,</charParams>
<charParams l="274" t="282" r="297" b="311"> </charParams>
<charParams l="298" t="282" r="315" b="306" charConfidence="30">a</charParams>
<charParams l="319" t="281" r="336" b="306" charConfidence="100">u</charParams>
<charParams l="339" t="272" r="367" b="312" charConfidence="26">c</charParams>
<charParams l="339" t="272" r="367" b="312" charConfidence="26">h</charParams>
<charParams l="368" t="271" r="391" b="312"> </charParams>
<charParams l="392" t="271" r="401" b="302" charConfidence="46">i</charParams>
<charParams l="404" t="278" r="422" b="303" charConfidence="26">n</charParams>
<charParams l="423" t="270" r="444" b="303"> </charParams>
<charParams l="445" t="270" r="461" b="299" charConfidence="34">d</charParams>
<charParams l="465" t="274" r="476" b="298" charConfidence="39">e</charParams>
<charParams l="480" t="273" r="493" b="297" charConfidence="73">r</charParams>
<charParams l="494" t="263" r="517" b="298"> </charParams>
<charParams l="518" t="263" r="553" b="298" charConfidence="40">N</charParams>
<charParams l="557" t="273" r="572" b="296" charConfidence="25">a</charParams>
<charParams l="576" t="269" r="587" b="297" charConfidence="55">t</charParams>
<charParams l="590" t="271" r="606" b="296" charConfidence="37">u</charParams>
<charParams l="609" t="272" r="623" b="296" charConfidence="80">r</charParams>
<charParams l="626" t="265" r="634" b="296" charConfidence="77">l</charParams>
<charParams l="637" t="273" r="650" b="296" charConfidence="29">e</charParams>
<charParams l="652" t="263" r="670" b="305" charConfidence="49">h</charParams>
<charParams l="673" t="273" r="687" b="298" charConfidence="100">r</charParams>
<charParams l="689" t="273" r="703" b="298" charConfidence="28">e</charParams>
<charParams l="704" t="273" r="724" b="300"> </charParams>
<charParams l="725" t="276" r="743" b="300" charConfidence="28">v</charParams>
<charParams l="747" t="278" r="761" b="301" charConfidence="34">o</charParams>
<charParams l="765" t="277" r="779" b="302" charConfidence="50">r</charParams>
<charParams l="792" t="269" r="808" b="302" charConfidence="22">?</charParams></formatting></line></par>
<par align="Justified" startIndent="1962" lineSpacing="1464">
<line baseline="423" l="251" t="387" r="981" b="431"><formatting lang="OldGerman">
<charParams l="251" t="394" r="281" b="429" charConfidence="20">A</charParams>
<charParams l="282" t="396" r="291" b="428" charConfidence="96">l</charParams>
<charParams l="291" t="396" r="301" b="428" charConfidence="34">l</charParams>
<charParams l="302" t="403" r="315" b="427" charConfidence="72">e</charParams>
<charParams l="317" t="402" r="331" b="426" charConfidence="28">r</charParams>
<charParams l="333" t="396" r="349" b="426" charConfidence="27">d</charParams>
<charParams l="351" t="394" r="360" b="426" charConfidence="15">i</charParams>
<charParams l="364" t="401" r="381" b="425" charConfidence="44">n</charParams>
<charParams l="383" t="400" r="400" b="431" charConfidence="32">g</charParams>
<charParams l="404" t="395" r="420" b="423" charConfidence="100">s</charParams>
<charParams l="428" t="411" r="438" b="428" charConfidence="100">,</charParams>
<charParams l="439" t="397" r="473" b="428"> </charParams>
<charParams l="474" t="397" r="487" b="420" charConfidence="27">e</charParams>
<charParams l="490" t="395" r="503" b="420" charConfidence="27">r</charParams>
<charParams l="506" t="395" r="531" b="420" charConfidence="54">w</charParams>
<charParams l="535" t="388" r="543" b="420" charConfidence="55">i</charParams>
<charParams l="547" t="396" r="559" b="420" charConfidence="33">e</charParams>
<charParams l="563" t="389" r="578" b="420" charConfidence="100">d</charParams>
<charParams l="581" t="396" r="593" b="420" charConfidence="55">e</charParams>
<charParams l="596" t="395" r="609" b="420" charConfidence="100">r</charParams>
<charParams l="612" t="391" r="623" b="420" charConfidence="100">t</charParams>
<charParams l="626" t="396" r="639" b="420" charConfidence="47">e</charParams>
<charParams l="640" t="387" r="662" b="421"> </charParams>
<charParams l="663" t="387" r="691" b="421" charConfidence="27">E</charParams>
<charParams l="693" t="390" r="708" b="421" charConfidence="31">d</charParams>
<charParams l="712" t="397" r="729" b="421" charConfidence="52">u</charParams>
<charParams l="733" t="397" r="748" b="421" charConfidence="54">a</charParams>
<charParams l="752" t="398" r="766" b="422" charConfidence="41">r</charParams>
<charParams l="766" t="392" r="784" b="422" charConfidence="26">d</charParams>
<charParams l="786" t="414" r="796" b="423" charConfidence="100">.</charParams>
<charParams l="797" t="394" r="848" b="427"> </charParams>
<charParams l="849" t="394" r="878" b="427" charConfidence="25">E</charParams>
<charParams l="879" t="399" r="895" b="427" charConfidence="100">s</charParams>
<charParams l="896" t="399" r="916" b="428"> </charParams>
<charParams l="917" t="402" r="945" b="428" charConfidence="98">w</charParams>
<charParams l="948" t="405" r="964" b="428" charConfidence="71">a</charParams>
<charParams l="967" t="405" r="981" b="430" charConfidence="41">r</charParams></formatting></line>
<line baseline="485" l="183" t="449" r="982" b="496"><formatting lang="OldGerman">
<charParams l="183" t="458" r="198" b="496" charConfidence="53">s</charParams>
<charParams l="196" t="466" r="212" b="489" charConfidence="27">o</charParams>
<charParams l="212" t="465" r="229" b="496" charConfidence="29">g</charParams>
<charParams l="232" t="466" r="249" b="489" charConfidence="68">a</charParams>
<charParams l="252" t="465" r="267" b="489" charConfidence="43">r</charParams>
<charParams l="268" t="463" r="296" b="489"> </charParams>
<charParams l="297" t="463" r="311" b="487" charConfidence="-1">«</charParams>
<charParams l="314" t="457" r="322" b="486" charConfidence="30">i</charParams>
<charParams l="325" t="462" r="344" b="485" charConfidence="28">n</charParams>
<charParams l="345" t="453" r="368" b="485"> </charParams>
<charParams l="369" t="453" r="385" b="485" charConfidence="85">b</charParams>
<charParams l="389" t="462" r="402" b="484" charConfidence="29">e</charParams>
<charParams l="403" t="459" r="415" b="492" charConfidence="25">z</charParams>
<charParams l="418" t="459" r="431" b="483" charConfidence="25">e</charParams>
<charParams l="435" t="452" r="442" b="482" charConfidence="26">i</charParams>
<charParams l="445" t="450" r="472" b="486" charConfidence="55">c</charParams>
<charParams l="445" t="450" r="472" b="486" charConfidence="55">h</charParams>
<charParams l="476" t="458" r="493" b="481" charConfidence="100">n</charParams>
<charParams l="497" t="458" r="509" b="481" charConfidence="34">e</charParams>
<charParams l="512" t="458" r="529" b="481" charConfidence="100">n</charParams>
<charParams l="533" t="453" r="548" b="481" charConfidence="26">d</charParams>
<charParams l="552" t="458" r="564" b="482" charConfidence="45">e</charParams>
<charParams l="567" t="458" r="581" b="482" charConfidence="53">r</charParams>
<charParams l="582" t="449" r="605" b="483"> </charParams>
<charParams l="606" t="449" r="631" b="483" charConfidence="30">E</charParams>
<charParams l="636" t="450" r="652" b="490" charConfidence="79">h</charParams>
<charParams l="656" t="458" r="669" b="482" charConfidence="100">r</charParams>
<charParams l="672" t="459" r="684" b="482" charConfidence="28">e</charParams>
<charParams l="687" t="458" r="704" b="482" charConfidence="54">n</charParams>
<charParams l="709" t="455" r="719" b="483" charConfidence="38">t</charParams>
<charParams l="722" t="452" r="730" b="482" charConfidence="56">i</charParams>
<charParams l="734" t="455" r="744" b="482" charConfidence="77">t</charParams>
<charParams l="747" t="459" r="759" b="482" charConfidence="27">e</charParams>
<charParams l="762" t="452" r="772" b="483" charConfidence="61">l</charParams>
<charParams l="773" t="452" r="793" b="483"> </charParams>
<charParams l="794" t="453" r="810" b="483" charConfidence="27">d</charParams>
<charParams l="814" t="461" r="826" b="484" charConfidence="25">e</charParams>
<charParams l="829" t="460" r="843" b="484" charConfidence="32">r</charParams>
<charParams l="844" t="453" r="863" b="487"> </charParams>
<charParams l="864" t="453" r="892" b="487" charConfidence="28">C</charParams>
<charParams l="894" t="455" r="911" b="495" charConfidence="75">h</charParams>
<charParams l="914" t="464" r="927" b="487" suspicious="1" charConfidence="25">e</charParams>
<charParams l="929" t="463" r="957" b="489" charConfidence="81">m</charParams>
<charParams l="961" t="459" r="969" b="491" charConfidence="25">i</charParams>
<charParams l="971" t="470" r="982" b="487" suspicious="1" charConfidence="94">¬</charParams></formatting></line>
<line baseline="546" l="182" t="509" r="900" b="554"><formatting lang="OldGerman">
<charParams l="182" t="517" r="196" b="549" suspicious="1" charConfidence="-1">k</charParams>
<charParams l="199" t="525" r="211" b="549" charConfidence="25">e</charParams>
<charParams l="214" t="523" r="227" b="549" charConfidence="25">r</charParams>
<charParams l="237" t="538" r="247" b="554" charConfidence="81">,</charParams>
<charParams l="248" t="516" r="270" b="554"> </charParams>
<charParams l="271" t="516" r="288" b="548" charConfidence="25">b</charParams>
<charParams l="291" t="523" r="307" b="546" charConfidence="33">a</charParams>
<charParams l="311" t="514" r="327" b="553" charConfidence="28">ß</charParams>
<charParams l="328" t="514" r="350" b="553"> </charParams>
<charParams l="351" t="520" r="379" b="546" charConfidence="99">m</charParams>
<charParams l="383" t="521" r="399" b="545" charConfidence="29">a</charParams>
<charParams l="403" t="520" r="421" b="545" charConfidence="30">n</charParams>
<charParams l="422" t="512" r="444" b="554"> </charParams>
<charParams l="445" t="512" r="455" b="554" charConfidence="24">s</charParams>
<charParams l="455" t="512" r="464" b="545" charConfidence="31">i</charParams>
<charParams l="467" t="520" r="480" b="545" charConfidence="26">e</charParams>
<charParams l="481" t="509" r="502" b="545"> </charParams>
<charParams l="503" t="509" r="539" b="545" charConfidence="30">S</charParams>
<charParams l="543" t="511" r="571" b="550" charConfidence="79">c</charParams>
<charParams l="543" t="511" r="571" b="550" charConfidence="79">h</charParams>
<charParams l="574" t="520" r="586" b="544" charConfidence="31">e</charParams>
<charParams l="590" t="512" r="597" b="544" charConfidence="98">i</charParams>
<charParams l="600" t="514" r="615" b="544" charConfidence="28">d</charParams>
<charParams l="619" t="520" r="632" b="544" charConfidence="43">e</charParams>
<charParams l="634" t="511" r="647" b="543" charConfidence="28">k</charParams>
<charParams l="650" t="511" r="666" b="545" charConfidence="26">ü</charParams>
<charParams l="670" t="520" r="688" b="544" charConfidence="100">n</charParams>
<charParams l="692" t="513" r="711" b="553" charConfidence="68">s</charParams>
<charParams l="692" t="513" r="711" b="553" charConfidence="68">t</charParams>
<charParams l="715" t="513" r="723" b="545" charConfidence="67">l</charParams>
<charParams l="726" t="520" r="738" b="545" charConfidence="34">e</charParams>
<charParams l="741" t="520" r="755" b="545" charConfidence="35">r</charParams>
<charParams l="756" t="520" r="776" b="546"> </charParams>
<charParams l="777" t="520" r="796" b="546" charConfidence="63">n</charParams>
<charParams l="800" t="522" r="815" b="546" charConfidence="55">a</charParams>
<charParams l="817" t="521" r="836" b="547" charConfidence="26">n</charParams>
<charParams l="840" t="522" r="857" b="547" charConfidence="77">n</charParams>
<charParams l="861" t="520" r="872" b="547" charConfidence="31">t</charParams>
<charParams l="873" t="523" r="888" b="547" charConfidence="24">e</charParams>
<charParams l="889" t="538" r="900" b="547" charConfidence="100">.</charParams></formatting></line></par>
<par align="Justified" startIndent="1962" lineSpacing="1440">
<line baseline="675" l="249" t="640" r="982" b="685"><formatting lang="OldGerman">
<charParams l="249" t="642" r="285" b="677" charConfidence="90">D</charParams>
<charParams l="289" t="651" r="305" b="676" charConfidence="53">a</charParams>
<charParams l="308" t="646" r="324" b="676" suspicious="1" charConfidence="22">ü</charParams>
<charParams l="325" t="646" r="347" b="676"> </charParams>
<charParams l="348" t="647" r="358" b="675" charConfidence="53">t</charParams>
<charParams l="362" t="641" r="378" b="685" charConfidence="86">h</charParams>
<charParams l="383" t="651" r="399" b="675" charConfidence="32">u</charParams>
<charParams l="403" t="647" r="414" b="676" charConfidence="100">t</charParams>
<charParams l="415" t="647" r="436" b="676"> </charParams>
<charParams l="437" t="650" r="466" b="675" charConfidence="91">m</charParams>
<charParams l="470" t="650" r="485" b="675" charConfidence="87">a</charParams>
<charParams l="489" t="651" r="508" b="676" charConfidence="78">n</charParams>
<charParams l="509" t="651" r="531" b="676"> </charParams>
<charParams l="532" t="652" r="547" b="675" charConfidence="25">a</charParams>
<charParams l="552" t="643" r="560" b="675" charConfidence="51">l</charParams>
<charParams l="563" t="640" r="576" b="682" charConfidence="60">s</charParams>
<charParams l="574" t="650" r="589" b="674" charConfidence="32">o</charParams>
<charParams l="590" t="650" r="612" b="674"> </charParams>
<charParams l="613" t="650" r="631" b="674" charConfidence="100">n</charParams>
<charParams l="635" t="642" r="643" b="674" charConfidence="26">i</charParams>
<charParams l="646" t="642" r="673" b="681" charConfidence="77">c</charParams>
<charParams l="646" t="642" r="673" b="681" charConfidence="77">h</charParams>
<charParams l="677" t="647" r="688" b="675" charConfidence="36">t</charParams>
<charParams l="689" t="647" r="711" b="675"> </charParams>
<charParams l="712" t="650" r="740" b="674" charConfidence="100">m</charParams>
<charParams l="744" t="651" r="756" b="675" charConfidence="100">e</charParams>
<charParams l="760" t="641" r="776" b="685" charConfidence="93">h</charParams>
<charParams l="781" t="650" r="794" b="675" charConfidence="25">r</charParams>
<charParams l="803" t="664" r="813" b="681" charConfidence="81">,</charParams>
<charParams l="814" t="649" r="853" b="681"> </charParams>
<charParams l="854" t="649" r="872" b="675" charConfidence="78">v</charParams>
<charParams l="875" t="650" r="887" b="673" charConfidence="28">e</charParams>
<charParams l="890" t="649" r="904" b="673" charConfidence="70">r</charParams>
<charParams l="907" t="640" r="921" b="679" charConfidence="26">s</charParams>
<charParams l="918" t="649" r="930" b="673" charConfidence="28">e</charParams>
<charParams l="933" t="644" r="951" b="681" charConfidence="100">t</charParams>
<charParams l="933" t="644" r="951" b="681" charConfidence="100">z</charParams>
<charParams l="954" t="646" r="965" b="674" charConfidence="47">t</charParams>
<charParams l="967" t="652" r="982" b="675" charConfidence="28">e</charParams></formatting></line>
<line baseline="738" l="183" t="703" r="981" b="751"><formatting lang="OldGerman">
<charParams l="183" t="705" r="208" b="742" charConfidence="28">C</charParams>
<charParams l="212" t="706" r="228" b="751" charConfidence="38">h</charParams>
<charParams l="233" t="717" r="248" b="739" charConfidence="28">a</charParams>
<charParams l="251" t="716" r="264" b="739" charConfidence="25">r</charParams>
<charParams l="268" t="708" r="276" b="740" charConfidence="42">l</charParams>
<charParams l="279" t="715" r="293" b="739" charConfidence="41">o</charParams>
<charParams l="298" t="712" r="307" b="740" charConfidence="52">t</charParams>
<charParams l="311" t="712" r="320" b="739" charConfidence="28">t</charParams>
<charParams l="323" t="715" r="336" b="739" charConfidence="38">e</charParams>
<charParams l="348" t="730" r="358" b="745" charConfidence="100">,</charParams>
<charParams l="359" t="715" r="395" b="745"> </charParams>
<charParams l="396" t="715" r="414" b="738" charConfidence="53">u</charParams>
<charParams l="418" t="714" r="434" b="738" charConfidence="28">n</charParams>
<charParams l="439" t="708" r="455" b="738" charConfidence="27">d</charParams>
<charParams l="456" t="708" r="478" b="738"> </charParams>
<charParams l="479" t="713" r="490" b="738" charConfidence="34">t</charParams>
<charParams l="493" t="704" r="510" b="749" charConfidence="56">h</charParams>
<charParams l="514" t="714" r="531" b="738" charConfidence="70">u</charParams>
<charParams l="535" t="711" r="546" b="738" charConfidence="47">t</charParams>
<charParams l="547" t="705" r="568" b="745"> </charParams>
<charParams l="569" t="705" r="583" b="745" charConfidence="100">s</charParams>
<charParams l="581" t="715" r="592" b="737" charConfidence="25">e</charParams>
<charParams l="596" t="705" r="612" b="747" charConfidence="29">h</charParams>
<charParams l="616" t="714" r="631" b="738" charConfidence="35">r</charParams>
<charParams l="632" t="713" r="652" b="738"> </charParams>
<charParams l="653" t="713" r="679" b="738" charConfidence="31">w</charParams>
<charParams l="683" t="715" r="698" b="738" charConfidence="54">o</charParams>
<charParams l="702" t="705" r="718" b="745" charConfidence="52">h</charParams>
<charParams l="723" t="706" r="732" b="739" charConfidence="53">l</charParams>
<charParams l="733" t="706" r="754" b="739"> </charParams>
<charParams l="755" t="708" r="771" b="738" charConfidence="27">d</charParams>
<charParams l="774" t="715" r="790" b="739" charConfidence="51">a</charParams>
<charParams l="794" t="714" r="807" b="739" charConfidence="69">r</charParams>
<charParams l="809" t="714" r="825" b="738" charConfidence="100">a</charParams>
<charParams l="829" t="714" r="847" b="738" charConfidence="33">n</charParams>
<charParams l="849" t="727" r="858" b="737" charConfidence="100">.</charParams>
<charParams l="859" t="703" r="904" b="737"> </charParams>
<charParams l="905" t="703" r="940" b="737" charConfidence="62">D</charParams>
<charParams l="944" t="712" r="959" b="736" charConfidence="84">a</charParams>
<charParams l="963" t="707" r="981" b="736" suspicious="1" charConfidence="90">s</charParams></formatting></line>
<line baseline="799" l="184" t="765" r="981" b="807"><formatting lang="OldGerman">
<charParams l="184" t="771" r="217" b="803" charConfidence="38">V</charParams>
<charParams l="219" t="779" r="231" b="801" charConfidence="36">e</charParams>
<charParams l="234" t="778" r="247" b="801" charConfidence="55">r</charParams>
<charParams l="250" t="778" r="263" b="801" charConfidence="26">e</charParams>
<charParams l="266" t="770" r="275" b="801" charConfidence="73">i</charParams>
<charParams l="278" t="777" r="295" b="801" charConfidence="40">n</charParams>
<charParams l="299" t="771" r="306" b="800" charConfidence="35">i</charParams>
<charParams l="308" t="776" r="326" b="807" charConfidence="27">g</charParams>
<charParams l="329" t="777" r="341" b="799" charConfidence="32">e</charParams>
<charParams l="345" t="777" r="364" b="800" charConfidence="31">n</charParams>
<charParams l="365" t="770" r="395" b="800"> </charParams>
<charParams l="396" t="770" r="405" b="799" charConfidence="100">i</charParams>
<charParams l="409" t="769" r="429" b="806" charConfidence="30">s</charParams>
<charParams l="409" t="769" r="429" b="806" charConfidence="30">t</charParams>
<charParams l="430" t="769" r="458" b="806"> </charParams>
<charParams l="459" t="776" r="472" b="799" charConfidence="-1">«</charParams>
<charParams l="476" t="769" r="483" b="799" charConfidence="100">i</charParams>
<charParams l="487" t="776" r="504" b="799" charConfidence="45">n</charParams>
<charParams l="507" t="776" r="521" b="799" charConfidence="34">e</charParams>
<charParams l="522" t="776" r="542" b="807"> </charParams>
<charParams l="543" t="776" r="560" b="807" charConfidence="26">g</charParams>
<charParams l="564" t="776" r="577" b="799" charConfidence="60">r</charParams>
<charParams l="579" t="768" r="595" b="799" charConfidence="27">ö</charParams>
<charParams l="598" t="768" r="614" b="806" charConfidence="29">ß</charParams>
<charParams l="618" t="777" r="630" b="799" charConfidence="38">e</charParams>
<charParams l="633" t="776" r="646" b="799" charConfidence="42">r</charParams>
<charParams l="648" t="776" r="662" b="799" charConfidence="59">e</charParams>
<charParams l="663" t="767" r="684" b="800"> </charParams>
<charParams l="685" t="767" r="715" b="800" charConfidence="46">K</charParams>
<charParams l="717" t="777" r="735" b="799" charConfidence="92">u</charParams>
<charParams l="738" t="776" r="755" b="799" charConfidence="32">n</charParams>
<charParams l="759" t="769" r="780" b="807" charConfidence="37">s</charParams>
<charParams l="759" t="769" r="780" b="807" charConfidence="37">t</charParams>
<charParams l="790" t="789" r="800" b="806" charConfidence="73">,</charParams>
<charParams l="801" t="777" r="845" b="806"> </charParams>
<charParams l="846" t="777" r="859" b="799" charConfidence="46">e</charParams>
<charParams l="863" t="769" r="871" b="799" charConfidence="28">i</charParams>
<charParams l="873" t="776" r="892" b="799" charConfidence="100">n</charParams>
<charParams l="893" t="775" r="914" b="806"> </charParams>
<charParams l="915" t="775" r="932" b="806" charConfidence="29">g</charParams>
<charParams l="935" t="774" r="949" b="798" charConfidence="100">r</charParams>
<charParams l="951" t="765" r="967" b="796" charConfidence="100">ö</charParams>
<charParams l="969" t="776" r="981" b="793" charConfidence="100">¬</charParams></formatting></line>
<line baseline="859" l="183" t="824" r="980" b="868"><formatting lang="OldGerman">
<charParams l="183" t="830" r="200" b="868" charConfidence="28">ß</charParams>
<charParams l="203" t="840" r="215" b="862" charConfidence="25">e</charParams>
<charParams l="218" t="838" r="231" b="862" charConfidence="90">r</charParams>
<charParams l="233" t="838" r="247" b="861" charConfidence="30">e</charParams>
<charParams l="249" t="833" r="265" b="861" charConfidence="100">s</charParams>
<charParams l="266" t="829" r="295" b="861"> </charParams>
<charParams l="296" t="829" r="327" b="861" charConfidence="100">V</charParams>
<charParams l="330" t="837" r="343" b="860" charConfidence="27">e</charParams>
<charParams l="346" t="836" r="359" b="860" charConfidence="45">r</charParams>
<charParams l="361" t="830" r="377" b="860" charConfidence="27">d</charParams>
<charParams l="381" t="829" r="389" b="860" charConfidence="28">i</charParams>
<charParams l="391" t="836" r="404" b="860" charConfidence="100">e</charParams>
<charParams l="407" t="836" r="424" b="860" charConfidence="34">n</charParams>
<charParams l="428" t="829" r="450" b="868" charConfidence="66">s</charParams>
<charParams l="428" t="829" r="450" b="868" suspicious="1" charConfidence="66">t</charParams>
<charParams l="450" t="851" r="460" b="861" charConfidence="64">.</charParams>
<charParams l="461" t="827" r="516" b="861"> </charParams>
<charParams l="517" t="827" r="544" b="861" charConfidence="37">E</charParams>
<charParams l="547" t="830" r="555" b="859" charConfidence="26">i</charParams>
<charParams l="555" t="835" r="576" b="860" charConfidence="29">n</charParams>
<charParams l="577" t="826" r="608" b="860"> </charParams>
<charParams l="609" t="826" r="637" b="860" suspicious="1" charConfidence="-1">E</charParams>
<charParams l="639" t="828" r="647" b="859" charConfidence="26">i</charParams>
<charParams l="650" t="835" r="667" b="859" charConfidence="57">n</charParams>
<charParams l="670" t="835" r="688" b="859" charConfidence="31">u</charParams>
<charParams l="692" t="836" r="709" b="858" charConfidence="57">n</charParams>
<charParams l="711" t="835" r="728" b="866" charConfidence="29">g</charParams>
<charParams l="732" t="831" r="748" b="858" charConfidence="100">s</charParams>
<charParams l="751" t="826" r="764" b="859" charConfidence="27">k</charParams>
<charParams l="766" t="826" r="784" b="859" charConfidence="65">ü</charParams>
<charParams l="787" t="835" r="805" b="858" charConfidence="47">n</charParams>
<charParams l="809" t="828" r="830" b="865" charConfidence="38">s</charParams>
<charParams l="809" t="828" r="830" b="865" suspicious="1" charConfidence="38">t</charParams>
<charParams l="832" t="828" r="842" b="859" charConfidence="60">l</charParams>
<charParams l="843" t="835" r="856" b="858" charConfidence="26">e</charParams>
<charParams l="858" t="835" r="872" b="858" charConfidence="25">r</charParams>
<charParams l="873" t="831" r="899" b="858"> </charParams>
<charParams l="900" t="831" r="927" b="857" charConfidence="96">w</charParams>
<charParams l="930" t="824" r="946" b="857" charConfidence="25">ä</charParams>
<charParams l="949" t="833" r="963" b="857" charConfidence="53">r</charParams>
<charParams l="965" t="834" r="980" b="858" charConfidence="35">e</charParams></formatting></line>
<line baseline="917" l="180" t="884" r="978" b="924"><formatting lang="OldGerman">
<charParams l="180" t="889" r="190" b="919" charConfidence="25">i</charParams>
<charParams l="193" t="895" r="212" b="918" charConfidence="25">n</charParams>
<charParams l="213" t="889" r="238" b="924"> </charParams>
<charParams l="239" t="889" r="249" b="924" charConfidence="39">j</charParams>
<charParams l="252" t="896" r="264" b="918" charConfidence="29">e</charParams>
<charParams l="268" t="890" r="283" b="917" charConfidence="27">d</charParams>
<charParams l="286" t="896" r="300" b="917" charConfidence="41">e</charParams>
<charParams l="302" t="895" r="331" b="916" charConfidence="35">m</charParams>
<charParams l="332" t="885" r="354" b="922"> </charParams>
<charParams l="355" t="885" r="379" b="922" charConfidence="29">F</charParams>
<charParams l="380" t="896" r="395" b="915" charConfidence="24">a</charParams>
<charParams l="398" t="887" r="426" b="922" charConfidence="37">c</charParams>
<charParams l="398" t="887" r="426" b="922" charConfidence="37">h</charParams>
<charParams l="429" t="896" r="443" b="916" charConfidence="26">e</charParams>
<charParams l="444" t="890" r="466" b="916"> </charParams>
<charParams l="467" t="890" r="485" b="916" charConfidence="25">d</charParams>
<charParams l="485" t="896" r="499" b="917" charConfidence="27">e</charParams>
<charParams l="501" t="894" r="516" b="917" charConfidence="100">r</charParams>
<charParams l="517" t="894" r="535" b="923"> </charParams>
<charParams l="536" t="895" r="554" b="923" charConfidence="29">g</charParams>
<charParams l="557" t="895" r="573" b="916" charConfidence="100">a</charParams>
<charParams l="577" t="894" r="594" b="916" charConfidence="35">n</charParams>
<charParams l="596" t="893" r="609" b="924" charConfidence="33">z</charParams>
<charParams l="612" t="894" r="625" b="916" charConfidence="26">e</charParams>
<charParams l="628" t="894" r="647" b="916" charConfidence="25">n</charParams>
<charParams l="648" t="884" r="669" b="916"> </charParams>
<charParams l="670" t="884" r="711" b="916" charConfidence="30">W</charParams>
<charParams l="714" t="893" r="727" b="917" charConfidence="27">e</charParams>
<charParams l="729" t="887" r="740" b="916" charConfidence="96">l</charParams>
<charParams l="741" t="890" r="752" b="916" charConfidence="28">t</charParams>
<charParams l="753" t="890" r="773" b="916"> </charParams>
<charParams l="774" t="891" r="802" b="915" charConfidence="31">w</charParams>
<charParams l="805" t="886" r="813" b="914" charConfidence="28">i</charParams>
<charParams l="816" t="885" r="825" b="914" charConfidence="35">l</charParams>
<charParams l="825" t="885" r="835" b="914" charConfidence="100">l</charParams>
<charParams l="835" t="884" r="849" b="914" charConfidence="27">k</charParams>
<charParams l="850" t="892" r="866" b="915" charConfidence="32">o</charParams>
<charParams l="868" t="892" r="897" b="915" charConfidence="72">m</charParams>
<charParams l="900" t="892" r="928" b="915" charConfidence="66">m</charParams>
<charParams l="932" t="894" r="946" b="917" charConfidence="41">e</charParams>
<charParams l="947" t="895" r="967" b="919" charConfidence="28">n</charParams>
<charParams l="968" t="911" r="978" b="920" charConfidence="56">.</charParams></formatting></line>
<line baseline="975" l="177" t="941" r="977" b="987"><formatting lang="OldGerman">
<charParams l="177" t="960" r="222" b="968" suspicious="1" charConfidence="-1">—</charParams>
<charParams l="223" t="943" r="244" b="976"> </charParams>
<charParams l="245" t="943" r="281" b="976" charConfidence="55">N</charParams>
<charParams l="284" t="952" r="301" b="975" charConfidence="33">u</charParams>
<charParams l="305" t="951" r="323" b="975" charConfidence="36">n</charParams>
<charParams l="324" t="942" r="353" b="980"> </charParams>
<charParams l="354" t="942" r="368" b="980" charConfidence="100">s</charParams>
<charParams l="366" t="951" r="381" b="974" charConfidence="28">o</charParams>
<charParams l="382" t="944" r="414" b="974"> </charParams>
<charParams l="415" t="944" r="424" b="974" charConfidence="34">l</charParams>
<charParams l="426" t="950" r="441" b="974" charConfidence="64">a</charParams>
<charParams l="446" t="943" r="463" b="980" charConfidence="28">ß</charParams>
<charParams l="466" t="948" r="478" b="974" charConfidence="26">t</charParams>
<charParams l="479" t="948" r="505" b="974"> </charParams>
<charParams l="506" t="949" r="535" b="974" charConfidence="62">m</charParams>
<charParams l="539" t="944" r="547" b="974" charConfidence="100">i</charParams>
<charParams l="550" t="941" r="577" b="980" charConfidence="60">c</charParams>
<charParams l="550" t="941" r="577" b="980" charConfidence="60">h</charParams>
<charParams l="578" t="941" r="601" b="980"> </charParams>
<charParams l="602" t="945" r="618" b="973" charConfidence="26">d</charParams>
<charParams l="622" t="951" r="635" b="974" charConfidence="33">e</charParams>
<charParams l="637" t="951" r="655" b="974" charConfidence="90">n</charParams>
<charParams l="658" t="950" r="676" b="973" charConfidence="51">n</charParams>
<charParams l="686" t="964" r="697" b="979" charConfidence="67">,</charParams>
<charParams l="698" t="950" r="730" b="979"> </charParams>
<charParams l="731" t="950" r="758" b="974" charConfidence="100">w</charParams>
<charParams l="762" t="951" r="775" b="974" charConfidence="27">e</charParams>
<charParams l="778" t="944" r="786" b="974" charConfidence="27">i</charParams>
<charParams l="788" t="943" r="798" b="975" charConfidence="100">l</charParams>
<charParams l="799" t="942" r="818" b="982"> </charParams>
<charParams l="819" t="942" r="849" b="982" suspicious="1" charConfidence="28">Z</charParams>
<charParams l="853" t="943" r="869" b="983" charConfidence="37">h</charParams>
<charParams l="873" t="953" r="887" b="977" charConfidence="29">r</charParams>
<charParams l="888" t="948" r="909" b="978"> </charParams>
<charParams l="910" t="948" r="926" b="978" charConfidence="34">d</charParams>
<charParams l="930" t="956" r="944" b="979" charConfidence="33">o</charParams>
<charParams l="948" t="949" r="977" b="987" charConfidence="30">c</charParams>
<charParams l="948" t="949" r="977" b="987" charConfidence="30">h</charParams></formatting></line>
<line baseline="1037" l="176" t="1001" r="975" b="1047"><formatting lang="OldGerman">
<charParams l="176" t="1015" r="190" b="1041" charConfidence="25">e</charParams>
<charParams l="192" t="1008" r="200" b="1039" charConfidence="26">i</charParams>
<charParams l="204" t="1014" r="221" b="1038" charConfidence="31">n</charParams>
<charParams l="223" t="1013" r="252" b="1038" charConfidence="100">m</charParams>
<charParams l="255" t="1014" r="271" b="1037" charConfidence="100">a</charParams>
<charParams l="275" t="1006" r="284" b="1038" charConfidence="51">l</charParams>
<charParams l="285" t="1005" r="311" b="1038"> </charParams>
<charParams l="312" t="1005" r="321" b="1036" suspicious="1" charConfidence="34">i</charParams>
<charParams l="325" t="1011" r="353" b="1036" charConfidence="41">m</charParams>
<charParams l="354" t="1001" r="375" b="1041"> </charParams>
<charParams l="376" t="1001" r="398" b="1041" charConfidence="100">Z</charParams>
<charParams l="402" t="1011" r="419" b="1035" charConfidence="100">u</charParams>
<charParams l="421" t="1011" r="438" b="1043" charConfidence="37">g</charParams>
<charParams l="442" t="1009" r="456" b="1034" charConfidence="47">e</charParams>
<charParams l="457" t="1003" r="478" b="1042"> </charParams>
<charParams l="479" t="1003" r="493" b="1042" charConfidence="48">s</charParams>
<charParams l="490" t="1010" r="502" b="1035" charConfidence="31">e</charParams>
<charParams l="505" t="1011" r="521" b="1043" charConfidence="35">y</charParams>
<charParams l="525" t="1005" r="541" b="1035" charConfidence="25">d</charParams>
<charParams l="550" t="1024" r="560" b="1042" charConfidence="96">,</charParams>
<charParams l="561" t="1011" r="598" b="1042"> </charParams>
<charParams l="599" t="1011" r="612" b="1035" charConfidence="27">e</charParams>
<charParams l="615" t="1003" r="622" b="1035" charConfidence="92">i</charParams>
<charParams l="625" t="1011" r="644" b="1036" charConfidence="57">n</charParams>
<charParams l="645" t="1003" r="667" b="1044"> </charParams>
<charParams l="668" t="1003" r="701" b="1044" charConfidence="49">P</charParams>
<charParams l="705" t="1013" r="720" b="1036" charConfidence="25">a</charParams>
<charParams l="724" t="1012" r="739" b="1036" charConfidence="24">a</charParams>
<charParams l="743" t="1011" r="757" b="1036" suspicious="1" charConfidence="53">r</charParams>
<charParams l="758" t="1005" r="787" b="1044"> </charParams>
<charParams l="788" t="1005" r="802" b="1044" charConfidence="100">s</charParams>
<charParams l="800" t="1013" r="815" b="1037" charConfidence="32">o</charParams>
<charParams l="819" t="1007" r="827" b="1039" charConfidence="40">l</charParams>
<charParams l="830" t="1007" r="857" b="1045" charConfidence="84">c</charParams>
<charParams l="830" t="1007" r="857" b="1045" charConfidence="84">h</charParams>
<charParams l="860" t="1015" r="874" b="1039" charConfidence="100">e</charParams>
<charParams l="875" t="1006" r="895" b="1047"> </charParams>
<charParams l="896" t="1006" r="921" b="1047" charConfidence="40">F</charParams>
<charParams l="922" t="1008" r="938" b="1041" charConfidence="55">ä</charParams>
<charParams l="942" t="1009" r="951" b="1041" charConfidence="73">l</charParams>
<charParams l="950" t="1010" r="960" b="1043" charConfidence="34">l</charParams>
<charParams l="961" t="1019" r="975" b="1042" charConfidence="29">e</charParams></formatting></line>
<line baseline="1099" l="176" t="1067" r="285" b="1105"><formatting lang="OldGerman">
<charParams l="176" t="1075" r="204" b="1101" charConfidence="32">w</charParams>
<charParams l="207" t="1070" r="215" b="1100" charConfidence="28">i</charParams>
<charParams l="218" t="1067" r="243" b="1105" charConfidence="100">s</charParams>
<charParams l="218" t="1067" r="243" b="1105" charConfidence="100">s</charParams>
<charParams l="240" t="1076" r="253" b="1099" charConfidence="63">e</charParams>
<charParams l="256" t="1075" r="274" b="1099" charConfidence="56">n</charParams>
<charParams l="276" t="1088" r="285" b="1099" charConfidence="100">.</charParams></formatting></line></par>
<par align="Justified" startIndent="1962" lineSpacing="1464">
<line baseline="1225" l="241" t="1186" r="972" b="1235"><formatting lang="OldGerman">
<charParams l="241" t="1186" r="276" b="1223" charConfidence="27">S</charParams>
<charParams l="279" t="1198" r="294" b="1221" charConfidence="37">o</charParams>
<charParams l="295" t="1188" r="324" b="1227"> </charParams>
<charParams l="325" t="1188" r="340" b="1227" charConfidence="98">s</charParams>
<charParams l="337" t="1187" r="364" b="1226" charConfidence="64">c</charParams>
<charParams l="337" t="1187" r="364" b="1226" charConfidence="64">h</charParams>
<charParams l="368" t="1189" r="377" b="1220" charConfidence="66">l</charParams>
<charParams l="379" t="1189" r="388" b="1220" charConfidence="100">i</charParams>
<charParams l="390" t="1198" r="403" b="1221" charConfidence="27">e</charParams>
<charParams l="406" t="1190" r="421" b="1227" charConfidence="27">ß</charParams>
<charParams l="425" t="1198" r="437" b="1221" charConfidence="28">e</charParams>
<charParams l="440" t="1198" r="459" b="1221" charConfidence="74">n</charParams>
<charParams l="460" t="1197" r="488" b="1223"> </charParams>
<charParams l="489" t="1197" r="515" b="1223" charConfidence="49">w</charParams>
<charParams l="519" t="1192" r="527" b="1223" charConfidence="55">i</charParams>
<charParams l="530" t="1199" r="545" b="1224" charConfidence="25">r</charParams>
<charParams l="546" t="1199" r="574" b="1225"> </charParams>
<charParams l="575" t="1201" r="592" b="1225" charConfidence="25">u</charParams>
<charParams l="596" t="1200" r="612" b="1224" charConfidence="25">n</charParams>
<charParams l="617" t="1196" r="633" b="1225" charConfidence="-1">s</charParams>
<charParams l="634" t="1194" r="656" b="1226"> </charParams>
<charParams l="657" t="1194" r="673" b="1226" charConfidence="100">d</charParams>
<charParams l="677" t="1202" r="689" b="1226" charConfidence="39">e</charParams>
<charParams l="692" t="1202" r="709" b="1226" charConfidence="100">n</charParams>
<charParams l="713" t="1202" r="731" b="1227" charConfidence="94">n</charParams>
<charParams l="732" t="1202" r="753" b="1235"> </charParams>
<charParams l="754" t="1203" r="771" b="1235" charConfidence="27">g</charParams>
<charParams l="776" t="1196" r="785" b="1227" charConfidence="100">l</charParams>
<charParams l="787" t="1204" r="799" b="1227" charConfidence="30">e</charParams>
<charParams l="803" t="1196" r="810" b="1227" charConfidence="38">i</charParams>
<charParams l="814" t="1196" r="841" b="1234" charConfidence="55">c</charParams>
<charParams l="814" t="1196" r="841" b="1234" charConfidence="55">h</charParams>
<charParams l="852" t="1218" r="861" b="1233" charConfidence="65">,</charParams>
<charParams l="862" t="1195" r="894" b="1234"> </charParams>
<charParams l="895" t="1195" r="909" b="1234" charConfidence="57">s</charParams>
<charParams l="907" t="1205" r="922" b="1227" charConfidence="24">a</charParams>
<charParams l="926" t="1204" r="941" b="1235" charConfidence="58">g</charParams>
<charParams l="945" t="1201" r="956" b="1229" charConfidence="65">t</charParams>
<charParams l="959" t="1207" r="972" b="1229" charConfidence="26">e</charParams></formatting></line>
<line baseline="1286" l="174" t="1250" r="971" b="1296"><formatting lang="OldGerman">
<charParams l="174" t="1255" r="190" b="1287" charConfidence="100">d</charParams>
<charParams l="196" t="1263" r="207" b="1286" charConfidence="25">e</charParams>
<charParams l="210" t="1262" r="224" b="1287" charConfidence="83">r</charParams>
<charParams l="225" t="1250" r="252" b="1291"> </charParams>
<charParams l="253" t="1250" r="284" b="1291" charConfidence="28">H</charParams>
<charParams l="288" t="1260" r="303" b="1283" charConfidence="28">a</charParams>
<charParams l="307" t="1259" r="324" b="1282" charConfidence="93">u</charParams>
<charParams l="328" t="1258" r="344" b="1289" charConfidence="36">p</charParams>
<charParams l="348" t="1256" r="358" b="1282" charConfidence="40">t</charParams>
<charParams l="361" t="1257" r="388" b="1281" charConfidence="100">m</charParams>
<charParams l="392" t="1260" r="407" b="1282" charConfidence="27">a</charParams>
<charParams l="412" t="1259" r="428" b="1284" charConfidence="35">n</charParams>
<charParams l="433" t="1259" r="451" b="1283" charConfidence="25">n</charParams>
<charParams l="463" t="1273" r="474" b="1290" charConfidence="100">,</charParams>
<charParams l="475" t="1261" r="515" b="1290"> </charParams>
<charParams l="516" t="1261" r="532" b="1284" charConfidence="28">a</charParams>
<charParams l="536" t="1261" r="554" b="1286" charConfidence="26">n</charParams>
<charParams l="555" t="1257" r="593" b="1286"> </charParams>
<charParams l="594" t="1257" r="610" b="1285" charConfidence="27">d</charParams>
<charParams l="614" t="1264" r="629" b="1287" charConfidence="50">a</charParams>
<charParams l="633" t="1259" r="648" b="1287" charConfidence="100">s</charParams>
<charParams l="650" t="1257" r="659" b="1294" charConfidence="73">j</charParams>
<charParams l="662" t="1264" r="675" b="1287" charConfidence="34">e</charParams>
<charParams l="678" t="1264" r="695" b="1288" charConfidence="59">n</charParams>
<charParams l="699" t="1257" r="707" b="1287" charConfidence="28">i</charParams>
<charParams l="709" t="1264" r="726" b="1296" charConfidence="32">g</charParams>
<charParams l="730" t="1265" r="743" b="1288" charConfidence="33">e</charParams>
<charParams l="744" t="1264" r="782" b="1289"> </charParams>
<charParams l="783" t="1264" r="808" b="1289" charConfidence="67">w</charParams>
<charParams l="813" t="1260" r="820" b="1290" charConfidence="37">i</charParams>
<charParams l="824" t="1267" r="836" b="1289" charConfidence="100">e</charParams>
<charParams l="840" t="1260" r="854" b="1288" charConfidence="29">d</charParams>
<charParams l="858" t="1266" r="870" b="1289" charConfidence="30">e</charParams>
<charParams l="873" t="1265" r="888" b="1288" charConfidence="30">r</charParams>
<charParams l="889" t="1265" r="919" b="1288"> </charParams>
<charParams l="920" t="1266" r="936" b="1288" charConfidence="27">a</charParams>
<charParams l="940" t="1265" r="959" b="1289" charConfidence="25">n</charParams>
<charParams l="960" t="1281" r="971" b="1296" charConfidence="71">,</charParams></formatting></line>
<line baseline="1348" l="173" t="1311" r="969" b="1356"><formatting lang="OldGerman">
<charParams l="173" t="1324" r="200" b="1350" charConfidence="30">w</charParams>
<charParams l="204" t="1326" r="220" b="1348" charConfidence="25">a</charParams>
<charParams l="223" t="1320" r="239" b="1349" suspicious="1" charConfidence="100">s</charParams>
<charParams l="240" t="1320" r="269" b="1349"> </charParams>
<charParams l="270" t="1322" r="296" b="1347" charConfidence="63">w</charParams>
<charParams l="300" t="1314" r="307" b="1345" charConfidence="100">i</charParams>
<charParams l="310" t="1320" r="324" b="1345" charConfidence="24">r</charParams>
<charParams l="325" t="1320" r="354" b="1345"> </charParams>
<charParams l="355" t="1320" r="369" b="1343" charConfidence="36">o</charParams>
<charParams l="373" t="1311" r="389" b="1343" charConfidence="100">b</charParams>
<charParams l="393" t="1321" r="405" b="1344" charConfidence="32">e</charParams>
<charParams l="408" t="1320" r="427" b="1344" charConfidence="25">n</charParams>
<charParams l="428" t="1313" r="458" b="1352"> </charParams>
<charParams l="459" t="1313" r="473" b="1352" charConfidence="74">s</charParams>
<charParams l="471" t="1313" r="497" b="1351" charConfidence="55">c</charParams>
<charParams l="471" t="1313" r="497" b="1351" charConfidence="55">h</charParams>
<charParams l="502" t="1322" r="516" b="1345" charConfidence="36">o</charParams>
<charParams l="520" t="1321" r="538" b="1345" charConfidence="25">n</charParams>
<charParams l="539" t="1315" r="569" b="1347"> </charParams>
<charParams l="570" t="1315" r="586" b="1347" charConfidence="25">b</charParams>
<charParams l="589" t="1324" r="602" b="1347" charConfidence="41">e</charParams>
<charParams l="605" t="1324" r="622" b="1348" charConfidence="31">n</charParams>
<charParams l="626" t="1324" r="642" b="1348" charConfidence="63">a</charParams>
<charParams l="645" t="1324" r="662" b="1348" charConfidence="96">n</charParams>
<charParams l="666" t="1325" r="684" b="1349" charConfidence="100">n</charParams>
<charParams l="687" t="1322" r="698" b="1349" charConfidence="63">t</charParams>
<charParams l="699" t="1322" r="721" b="1349"> </charParams>
<charParams l="722" t="1326" r="739" b="1349" charConfidence="31">u</charParams>
<charParams l="742" t="1326" r="759" b="1348" charConfidence="87">n</charParams>
<charParams l="763" t="1321" r="779" b="1348" charConfidence="26">d</charParams>
<charParams l="780" t="1318" r="803" b="1349"> </charParams>
<charParams l="804" t="1318" r="820" b="1349" charConfidence="100">b</charParams>
<charParams l="824" t="1327" r="836" b="1349" charConfidence="27">e</charParams>
<charParams l="839" t="1318" r="852" b="1356" charConfidence="49">s</charParams>
<charParams l="850" t="1326" r="866" b="1356" charConfidence="33">p</charParams>
<charParams l="870" t="1326" r="882" b="1349" charConfidence="42">r</charParams>
<charParams l="886" t="1326" r="900" b="1349" charConfidence="40">o</charParams>
<charParams l="904" t="1318" r="930" b="1355" charConfidence="55">c</charParams>
<charParams l="904" t="1318" r="930" b="1355" charConfidence="55">h</charParams>
<charParams l="934" t="1327" r="947" b="1350" charConfidence="36">e</charParams>
<charParams l="950" t="1328" r="969" b="1351" charConfidence="24">n</charParams></formatting></line>
<line baseline="1410" l="174" t="1373" r="967" b="1420"><formatting lang="OldGerman">
<charParams l="174" t="1378" r="192" b="1418" suspicious="1" charConfidence="47">h</charParams>
<charParams l="196" t="1389" r="211" b="1411" charConfidence="24">a</charParams>
<charParams l="216" t="1379" r="231" b="1411" charConfidence="84">b</charParams>
<charParams l="234" t="1388" r="247" b="1411" charConfidence="100">e</charParams>
<charParams l="250" t="1387" r="267" b="1411" charConfidence="54">n</charParams>
<charParams l="271" t="1401" r="279" b="1411" charConfidence="100">.</charParams>
<charParams l="280" t="1375" r="323" b="1414"> </charParams>
<charParams l="324" t="1375" r="345" b="1414" charConfidence="47">Z</charParams>
<charParams l="349" t="1399" r="357" b="1407" charConfidence="71">.</charParams>
<charParams l="358" t="1373" r="381" b="1407"> </charParams>
<charParams l="382" t="1373" r="416" b="1407" suspicious="1" charConfidence="27">D</charParams>
<charParams l="419" t="1396" r="427" b="1406" charConfidence="62">.</charParams>
<charParams l="428" t="1381" r="458" b="1407"> </charParams>
<charParams l="459" t="1381" r="487" b="1407" charConfidence="59">w</charParams>
<charParams l="489" t="1384" r="505" b="1406" charConfidence="100">a</charParams>
<charParams l="510" t="1379" r="526" b="1407" suspicious="1" charConfidence="100">s</charParams>
<charParams l="527" t="1379" r="549" b="1408"> </charParams>
<charParams l="550" t="1384" r="577" b="1408" charConfidence="50">w</charParams>
<charParams l="581" t="1378" r="588" b="1409" charConfidence="100">i</charParams>
<charParams l="592" t="1386" r="605" b="1409" charConfidence="37">r</charParams>
<charParams l="606" t="1378" r="628" b="1411"> </charParams>
<charParams l="629" t="1378" r="659" b="1411" charConfidence="100">K</charParams>
<charParams l="661" t="1387" r="676" b="1410" charConfidence="27">a</charParams>
<charParams l="681" t="1380" r="689" b="1410" charConfidence="56">l</charParams>
<charParams l="692" t="1378" r="704" b="1410" charConfidence="41">k</charParams>
<charParams l="707" t="1380" r="725" b="1418" charConfidence="22">s</charParams>
<charParams l="707" t="1380" r="725" b="1418" charConfidence="22">t</charParams>
<charParams l="729" t="1388" r="741" b="1411" charConfidence="56">e</charParams>
<charParams l="745" t="1380" r="751" b="1409" charConfidence="35">i</charParams>
<charParams l="756" t="1387" r="772" b="1410" charConfidence="40">n</charParams>
<charParams l="773" t="1387" r="797" b="1411"> </charParams>
<charParams l="798" t="1388" r="815" b="1411" charConfidence="53">n</charParams>
<charParams l="819" t="1389" r="831" b="1411" charConfidence="34">e</charParams>
<charParams l="835" t="1389" r="851" b="1411" charConfidence="59">n</charParams>
<charParams l="855" t="1388" r="872" b="1410" charConfidence="100">n</charParams>
<charParams l="876" t="1388" r="888" b="1410" charConfidence="26">e</charParams>
<charParams l="891" t="1388" r="910" b="1410" charConfidence="31">n</charParams>
<charParams l="911" t="1381" r="933" b="1411"> </charParams>
<charParams l="934" t="1381" r="941" b="1411" charConfidence="100">i</charParams>
<charParams l="946" t="1381" r="967" b="1420" charConfidence="64">s</charParams>
<charParams l="946" t="1381" r="967" b="1420" charConfidence="64">t</charParams></formatting></line>
<line baseline="1472" l="173" t="1437" r="963" b="1483"><formatting lang="OldGerman">
<charParams l="173" t="1447" r="185" b="1470" charConfidence="25">e</charParams>
<charParams l="189" t="1440" r="196" b="1470" charConfidence="38">i</charParams>
<charParams l="200" t="1448" r="216" b="1471" charConfidence="100">n</charParams>
<charParams l="221" t="1449" r="234" b="1472" charConfidence="24">e</charParams>
<charParams l="235" t="1448" r="257" b="1472"> </charParams>
<charParams l="258" t="1448" r="285" b="1472" charConfidence="75">m</charParams>
<charParams l="290" t="1449" r="302" b="1472" charConfidence="26">e</charParams>
<charParams l="305" t="1439" r="322" b="1481" charConfidence="61">h</charParams>
<charParams l="325" t="1448" r="339" b="1472" charConfidence="35">r</charParams>
<charParams l="340" t="1447" r="362" b="1472"> </charParams>
<charParams l="363" t="1447" r="377" b="1471" charConfidence="68">o</charParams>
<charParams l="381" t="1439" r="395" b="1470" charConfidence="32">d</charParams>
<charParams l="400" t="1445" r="412" b="1470" charConfidence="28">e</charParams>
<charParams l="415" t="1445" r="429" b="1470" charConfidence="29">r</charParams>
<charParams l="430" t="1444" r="450" b="1470"> </charParams>
<charParams l="451" t="1444" r="477" b="1470" charConfidence="52">w</charParams>
<charParams l="482" t="1444" r="493" b="1469" charConfidence="27">e</charParams>
<charParams l="497" t="1444" r="513" b="1469" charConfidence="39">n</charParams>
<charParams l="518" t="1437" r="525" b="1469" charConfidence="28">i</charParams>
<charParams l="528" t="1445" r="544" b="1477" charConfidence="24">g</charParams>
<charParams l="548" t="1445" r="560" b="1469" charConfidence="28">e</charParams>
<charParams l="564" t="1445" r="577" b="1470" charConfidence="27">r</charParams>
<charParams l="578" t="1445" r="600" b="1472"> </charParams>
<charParams l="601" t="1447" r="615" b="1472" charConfidence="66">r</charParams>
<charParams l="618" t="1448" r="630" b="1471" charConfidence="25">e</charParams>
<charParams l="633" t="1440" r="640" b="1471" charConfidence="28">i</charParams>
<charParams l="644" t="1448" r="661" b="1472" charConfidence="32">n</charParams>
<charParams l="665" t="1449" r="678" b="1472" charConfidence="100">e</charParams>
<charParams l="679" t="1438" r="701" b="1472"> </charParams>
<charParams l="702" t="1438" r="732" b="1472" charConfidence="51">K</charParams>
<charParams l="734" t="1449" r="749" b="1472" charConfidence="24">a</charParams>
<charParams l="754" t="1441" r="760" b="1472" suspicious="1" charConfidence="61">l</charParams>
<charParams l="765" t="1440" r="777" b="1472" charConfidence="26">k</charParams>
<charParams l="779" t="1449" r="791" b="1473" suspicious="1" charConfidence="25">r</charParams>
<charParams l="795" t="1449" r="807" b="1473" charConfidence="25">r</charParams>
<charParams l="810" t="1443" r="825" b="1473" charConfidence="26">d</charParams>
<charParams l="829" t="1449" r="843" b="1472" charConfidence="25">e</charParams>
<charParams l="850" t="1461" r="859" b="1477" charConfidence="57">,</charParams>
<charParams l="860" t="1441" r="882" b="1477"> </charParams>
<charParams l="883" t="1441" r="892" b="1472" charConfidence="26">i</charParams>
<charParams l="896" t="1448" r="912" b="1471" charConfidence="37">n</charParams>
<charParams l="916" t="1448" r="933" b="1473" charConfidence="62">n</charParams>
<charParams l="937" t="1443" r="948" b="1478" charConfidence="24">i</charParams>
<charParams l="948" t="1451" r="963" b="1483" charConfidence="24">g</charParams></formatting></line></par>
</text>
</block>
</page>
</document>