﻿<?xml version="1.0" encoding="UTF-8" standalone="yes"?>
<document xmlns="http://www.abbyy.com/FineReader_xml/FineReader10-schema-v1.xml" version="1.0" producer="ABBYY FineReader Engine 11" languages="" xmlns:xsi="http://www.w3.org/2001/XMLSchema-instance" xsi:schemaLocation="http://www.abbyy.com/FineReader_xml/FineReader10-schema-v1.xml http://www.abbyy.com/FineReader_xml/FineReader10-schema-v1.xml">
<page width="1156" height="1782" resolution="300" originalCoords="1">
<block blockType="Text" blockName="">
<text>
<par startIndent="144">
<line baseline="87" l="560" t="59" r="603" b="88"><formatting lang="OldGerman">
<charParams l="560" t="59" r="579" b="88" charConfidence="22">8</charParams>
<charParams l="584" t="60" r="603" b="87" charConfidence="22">2</charParams></formatting></line></par>
</text>
</block>
<block blockType="Text" blockName="">
<text>
<par align="Justified" startIndent="278" lineSpacing="1440">
<line baseline="176" l="187" t="137" r="985" b="185"><formatting lang="OldGerman">
<charParams l="187" t="149" r="217" b="174" charConfidence="26">m</charParams>
<charParams l="220" t="144" r="229" b="174" charConfidence="100">i</charParams>
<charParams l="231" t="147" r="243" b="175" charConfidence="65">t</charParams>
<charParams l="244" t="147" r="273" b="175"> </charParams>
<charParams l="274" t="149" r="287" b="173" charConfidence="25">e</charParams>
<charParams l="289" t="141" r="298" b="173" charConfidence="96">i</charParams>
<charParams l="301" t="149" r="318" b="173" charConfidence="41">n</charParams>
<charParams l="322" t="150" r="333" b="174" charConfidence="26">e</charParams>
<charParams l="337" t="151" r="351" b="175" charConfidence="33">r</charParams>
<charParams l="352" t="150" r="380" b="185"> </charParams>
<charParams l="381" t="150" r="394" b="185" charConfidence="44">z</charParams>
<charParams l="398" t="151" r="413" b="174" charConfidence="42">a</charParams>
<charParams l="416" t="150" r="430" b="174" charConfidence="100">r</charParams>
<charParams l="433" t="145" r="443" b="173" charConfidence="39">t</charParams>
<charParams l="445" t="149" r="457" b="172" charConfidence="36">e</charParams>
<charParams l="460" t="147" r="478" b="172" charConfidence="48">n</charParams>
<charParams l="479" t="137" r="501" b="172"> </charParams>
<charParams l="502" t="137" r="538" b="171" charConfidence="33">S</charParams>
<charParams l="542" t="138" r="557" b="171" charConfidence="29">ä</charParams>
<charParams l="561" t="147" r="578" b="171" charConfidence="100">u</charParams>
<charParams l="581" t="148" r="595" b="170" charConfidence="83">r</charParams>
<charParams l="597" t="148" r="611" b="171" charConfidence="46">e</charParams>
<charParams l="612" t="148" r="632" b="171"> </charParams>
<charParams l="633" t="148" r="651" b="171" charConfidence="27">v</charParams>
<charParams l="655" t="148" r="667" b="171" charConfidence="28">e</charParams>
<charParams l="671" t="150" r="684" b="172" charConfidence="34">r</charParams>
<charParams l="687" t="141" r="702" b="174" charConfidence="27">b</charParams>
<charParams l="706" t="152" r="723" b="176" charConfidence="57">u</charParams>
<charParams l="727" t="152" r="744" b="177" charConfidence="44">n</charParams>
<charParams l="748" t="146" r="764" b="177" charConfidence="29">d</charParams>
<charParams l="767" t="153" r="780" b="178" charConfidence="39">e</charParams>
<charParams l="783" t="153" r="800" b="178" charConfidence="32">n</charParams>
<charParams l="810" t="168" r="821" b="184" charConfidence="88">,</charParams>
<charParams l="822" t="148" r="862" b="184"> </charParams>
<charParams l="863" t="148" r="880" b="179" charConfidence="27">d</charParams>
<charParams l="884" t="148" r="891" b="179" charConfidence="42">i</charParams>
<charParams l="894" t="156" r="907" b="181" charConfidence="25">e</charParams>
<charParams l="908" t="155" r="927" b="181"> </charParams>
<charParams l="928" t="155" r="946" b="180" charConfidence="28">u</charParams>
<charParams l="950" t="155" r="966" b="179" charConfidence="26">n</charParams>
<charParams l="970" t="151" r="985" b="179" charConfidence="-1">s</charParams></formatting></line>
<line baseline="235" l="182" t="200" r="983" b="249"><formatting lang="OldGerman">
<charParams l="182" t="202" r="197" b="230" suspicious="1" charConfidence="-1">I</charParams>
<charParams l="197" t="209" r="216" b="232" suspicious="1" charConfidence="100">n</charParams>
<charParams l="217" t="200" r="246" b="233"> </charParams>
<charParams l="247" t="200" r="266" b="233" charConfidence="43">L</charParams>
<charParams l="269" t="210" r="285" b="233" charConfidence="29">u</charParams>
<charParams l="289" t="200" r="304" b="241" charConfidence="100">f</charParams>
<charParams l="302" t="208" r="312" b="234" charConfidence="79">t</charParams>
<charParams l="315" t="203" r="329" b="242" charConfidence="100">f</charParams>
<charParams l="328" t="213" r="343" b="235" charConfidence="71">o</charParams>
<charParams l="347" t="212" r="360" b="236" charConfidence="50">r</charParams>
<charParams l="362" t="212" r="392" b="235" charConfidence="76">m</charParams>
<charParams l="393" t="201" r="422" b="235"> </charParams>
<charParams l="423" t="201" r="439" b="233" charConfidence="26">b</charParams>
<charParams l="443" t="210" r="455" b="232" charConfidence="56">e</charParams>
<charParams l="458" t="200" r="471" b="231" charConfidence="37">k</charParams>
<charParams l="472" t="209" r="488" b="231" charConfidence="49">a</charParams>
<charParams l="492" t="207" r="508" b="229" charConfidence="61">n</charParams>
<charParams l="512" t="207" r="530" b="229" charConfidence="100">n</charParams>
<charParams l="533" t="204" r="545" b="230" charConfidence="42">t</charParams>
<charParams l="546" t="204" r="575" b="238"> </charParams>
<charParams l="576" t="207" r="593" b="238" charConfidence="27">g</charParams>
<charParams l="597" t="208" r="609" b="231" charConfidence="29">e</charParams>
<charParams l="612" t="207" r="637" b="231" charConfidence="30">w</charParams>
<charParams l="641" t="208" r="656" b="231" charConfidence="36">o</charParams>
<charParams l="659" t="208" r="673" b="231" charConfidence="100">r</charParams>
<charParams l="676" t="203" r="691" b="231" charConfidence="32">d</charParams>
<charParams l="696" t="211" r="708" b="233" charConfidence="27">e</charParams>
<charParams l="710" t="212" r="728" b="235" charConfidence="52">n</charParams>
<charParams l="729" t="207" r="760" b="236"> </charParams>
<charParams l="761" t="207" r="770" b="236" charConfidence="30">i</charParams>
<charParams l="774" t="207" r="794" b="245" charConfidence="33">s</charParams>
<charParams l="774" t="207" r="794" b="245" charConfidence="33">t</charParams>
<charParams l="796" t="229" r="805" b="238" charConfidence="83">.</charParams>
<charParams l="806" t="206" r="865" b="240"> </charParams>
<charParams l="866" t="206" r="900" b="240" charConfidence="26">D</charParams>
<charParams l="904" t="217" r="918" b="240" charConfidence="32">r</charParams>
<charParams l="920" t="209" r="929" b="241" charConfidence="100">i</charParams>
<charParams l="932" t="217" r="948" b="241" charConfidence="100">n</charParams>
<charParams l="950" t="217" r="968" b="249" charConfidence="27">g</charParams>
<charParams l="971" t="214" r="983" b="242" charConfidence="27">t</charParams></formatting></line>
<line baseline="296" l="184" t="258" r="982" b="303"><formatting lang="OldGerman">
<charParams l="184" t="267" r="213" b="290" charConfidence="58">m</charParams>
<charParams l="217" t="269" r="233" b="292" charConfidence="49">a</charParams>
<charParams l="236" t="269" r="255" b="293" charConfidence="51">n</charParams>
<charParams l="256" t="269" r="285" b="295"> </charParams>
<charParams l="286" t="272" r="300" b="295" charConfidence="33">e</charParams>
<charParams l="303" t="266" r="311" b="296" charConfidence="100">i</charParams>
<charParams l="314" t="273" r="332" b="295" charConfidence="51">n</charParams>
<charParams l="333" t="262" r="350" b="295"> </charParams>
<charParams l="351" t="262" r="387" b="295" charConfidence="30">S</charParams>
<charParams l="391" t="268" r="401" b="293" charConfidence="100">t</charParams>
<charParams l="404" t="260" r="420" b="292" charConfidence="69">ü</charParams>
<charParams l="424" t="262" r="449" b="291" charConfidence="22">c</charParams>
<charParams l="424" t="262" r="449" b="291" charConfidence="22">k</charParams>
<charParams l="450" t="259" r="477" b="297"> </charParams>
<charParams l="478" t="259" r="493" b="297" charConfidence="100">s</charParams>
<charParams l="490" t="267" r="505" b="289" charConfidence="69">o</charParams>
<charParams l="509" t="260" r="518" b="290" charConfidence="61">l</charParams>
<charParams l="519" t="259" r="546" b="297" charConfidence="37">c</charParams>
<charParams l="519" t="259" r="546" b="297" charConfidence="37">h</charParams>
<charParams l="551" t="268" r="564" b="290" charConfidence="27">e</charParams>
<charParams l="566" t="267" r="584" b="291" charConfidence="30">n</charParams>
<charParams l="585" t="258" r="608" b="292"> </charParams>
<charParams l="609" t="258" r="645" b="292" charConfidence="51">S</charParams>
<charParams l="648" t="265" r="659" b="291" charConfidence="67">t</charParams>
<charParams l="662" t="269" r="674" b="291" charConfidence="54">e</charParams>
<charParams l="678" t="262" r="686" b="291" charConfidence="54">i</charParams>
<charParams l="689" t="270" r="706" b="293" charConfidence="37">n</charParams>
<charParams l="710" t="271" r="723" b="295" charConfidence="32">e</charParams>
<charParams l="726" t="269" r="742" b="296" charConfidence="100">s</charParams>
<charParams l="743" t="267" r="764" b="297"> </charParams>
<charParams l="765" t="267" r="775" b="297" charConfidence="37">i</charParams>
<charParams l="778" t="276" r="796" b="298" charConfidence="43">n</charParams>
<charParams l="797" t="276" r="820" b="299"> </charParams>
<charParams l="821" t="276" r="838" b="299" charConfidence="57">v</charParams>
<charParams l="842" t="277" r="855" b="299" charConfidence="38">e</charParams>
<charParams l="857" t="276" r="871" b="299" charConfidence="55">r</charParams>
<charParams l="873" t="271" r="889" b="300" charConfidence="65">d</charParams>
<charParams l="892" t="269" r="910" b="301" charConfidence="68">ü</charParams>
<charParams l="914" t="278" r="931" b="301" charConfidence="75">n</charParams>
<charParams l="934" t="277" r="952" b="301" charConfidence="100">n</charParams>
<charParams l="956" t="275" r="966" b="302" charConfidence="54">t</charParams>
<charParams l="968" t="279" r="982" b="303" charConfidence="25">e</charParams></formatting></line>
<line baseline="355" l="183" t="319" r="980" b="361"><formatting lang="OldGerman">
<charParams l="183" t="319" r="220" b="353" charConfidence="28">S</charParams>
<charParams l="223" t="322" r="250" b="361" charConfidence="100">c</charParams>
<charParams l="223" t="322" r="250" b="361" charConfidence="100">h</charParams>
<charParams l="252" t="331" r="279" b="355" charConfidence="25">w</charParams>
<charParams l="283" t="332" r="296" b="354" charConfidence="57">e</charParams>
<charParams l="298" t="323" r="313" b="361" charConfidence="49">f</charParams>
<charParams l="310" t="332" r="324" b="354" charConfidence="100">e</charParams>
<charParams l="327" t="324" r="336" b="354" charConfidence="80">l</charParams>
<charParams l="339" t="323" r="352" b="360" charConfidence="33">s</charParams>
<charParams l="349" t="321" r="364" b="353" charConfidence="26">ä</charParams>
<charParams l="368" t="330" r="385" b="352" charConfidence="55">u</charParams>
<charParams l="388" t="329" r="402" b="352" charConfidence="58">r</charParams>
<charParams l="405" t="329" r="418" b="352" charConfidence="25">e</charParams>
<charParams l="427" t="341" r="436" b="356" charConfidence="100">,</charParams>
<charParams l="437" t="319" r="460" b="356"> </charParams>
<charParams l="461" t="319" r="475" b="356" charConfidence="63">s</charParams>
<charParams l="473" t="327" r="488" b="349" charConfidence="47">o</charParams>
<charParams l="489" t="327" r="512" b="350"> </charParams>
<charParams l="513" t="327" r="525" b="350" charConfidence="35">e</charParams>
<charParams l="529" t="326" r="542" b="349" charConfidence="23">r</charParams>
<charParams l="544" t="327" r="560" b="357" charConfidence="77">g</charParams>
<charParams l="564" t="327" r="577" b="350" charConfidence="75">r</charParams>
<charParams l="580" t="328" r="592" b="350" charConfidence="51">e</charParams>
<charParams l="595" t="321" r="603" b="351" charConfidence="38">i</charParams>
<charParams l="605" t="320" r="620" b="358" charConfidence="52">f</charParams>
<charParams l="619" t="325" r="630" b="352" charConfidence="100">t</charParams>
<charParams l="631" t="325" r="640" b="354"> </charParams>
<charParams l="641" t="349" r="646" b="354" charConfidence="88">.</charParams>
<charParams l="653" t="322" r="669" b="351" suspicious="1" charConfidence="39">d</charParams>
<charParams l="673" t="321" r="680" b="352" charConfidence="51">i</charParams>
<charParams l="684" t="330" r="695" b="352" charConfidence="56">e</charParams>
<charParams l="699" t="322" r="712" b="359" charConfidence="61">s</charParams>
<charParams l="710" t="331" r="724" b="355" charConfidence="51">e</charParams>
<charParams l="725" t="328" r="746" b="356"> </charParams>
<charParams l="747" t="328" r="763" b="356" charConfidence="33">d</charParams>
<charParams l="768" t="334" r="780" b="357" charConfidence="31">e</charParams>
<charParams l="783" t="334" r="801" b="358" charConfidence="35">n</charParams>
<charParams l="802" t="327" r="820" b="360"> </charParams>
<charParams l="821" t="327" r="853" b="360" charConfidence="39">K</charParams>
<charParams l="854" t="336" r="870" b="359" charConfidence="41">a</charParams>
<charParams l="874" t="330" r="882" b="360" charConfidence="53">l</charParams>
<charParams l="884" t="328" r="898" b="361" charConfidence="27">k</charParams>
<charParams l="899" t="328" r="919" b="361"> </charParams>
<charParams l="920" t="337" r="939" b="361" charConfidence="100">u</charParams>
<charParams l="942" t="337" r="959" b="361" charConfidence="39">n</charParams>
<charParams l="963" t="332" r="980" b="361" charConfidence="27">d</charParams></formatting></line>
<line baseline="414" l="182" t="378" r="980" b="428"><formatting lang="OldGerman">
<charParams l="182" t="390" r="196" b="411" charConfidence="29">e</charParams>
<charParams l="199" t="390" r="212" b="414" charConfidence="51">r</charParams>
<charParams l="214" t="383" r="228" b="420" charConfidence="100">s</charParams>
<charParams l="225" t="383" r="253" b="420" charConfidence="79">c</charParams>
<charParams l="225" t="383" r="253" b="420" charConfidence="79">h</charParams>
<charParams l="256" t="391" r="269" b="413" charConfidence="26">e</charParams>
<charParams l="272" t="383" r="282" b="413" charConfidence="26">i</charParams>
<charParams l="282" t="391" r="301" b="413" charConfidence="98">n</charParams>
<charParams l="304" t="388" r="317" b="413" charConfidence="100">t</charParams>
<charParams l="318" t="388" r="344" b="413"> </charParams>
<charParams l="345" t="388" r="373" b="412" charConfidence="61">m</charParams>
<charParams l="377" t="381" r="385" b="411" charConfidence="27">i</charParams>
<charParams l="388" t="385" r="399" b="411" charConfidence="100">t</charParams>
<charParams l="400" t="380" r="421" b="411"> </charParams>
<charParams l="422" t="380" r="431" b="411" charConfidence="100">i</charParams>
<charParams l="434" t="378" r="451" b="418" charConfidence="83">h</charParams>
<charParams l="455" t="387" r="483" b="410" charConfidence="100">m</charParams>
<charParams l="484" t="387" r="506" b="411"> </charParams>
<charParams l="507" t="388" r="524" b="411" charConfidence="26">a</charParams>
<charParams l="528" t="381" r="536" b="411" charConfidence="46">l</charParams>
<charParams l="539" t="383" r="554" b="411" charConfidence="100">s</charParams>
<charParams l="555" t="378" r="578" b="412"> </charParams>
<charParams l="579" t="378" r="612" b="412" charConfidence="56">G</charParams>
<charParams l="616" t="389" r="632" b="420" suspicious="1" charConfidence="30">y</charParams>
<charParams l="635" t="389" r="651" b="418" charConfidence="100">p</charParams>
<charParams l="655" t="384" r="671" b="411" suspicious="1" charConfidence="65">S</charParams>
<charParams l="687" t="391" r="697" b="420" charConfidence="78">;</charParams>
<charParams l="698" t="386" r="737" b="423"> </charParams>
<charParams l="738" t="386" r="748" b="423" charConfidence="37">j</charParams>
<charParams l="751" t="394" r="764" b="416" charConfidence="31">e</charParams>
<charParams l="767" t="394" r="784" b="417" charConfidence="29">n</charParams>
<charParams l="788" t="395" r="801" b="418" charConfidence="26">e</charParams>
<charParams l="802" t="395" r="823" b="428"> </charParams>
<charParams l="824" t="395" r="838" b="428" charConfidence="100">z</charParams>
<charParams l="841" t="396" r="857" b="419" charConfidence="32">a</charParams>
<charParams l="860" t="396" r="874" b="419" charConfidence="82">r</charParams>
<charParams l="877" t="393" r="887" b="420" charConfidence="57">t</charParams>
<charParams l="889" t="397" r="903" b="420" charConfidence="26">e</charParams>
<charParams l="904" t="391" r="925" b="422"> </charParams>
<charParams l="926" t="391" r="935" b="422" charConfidence="100">l</charParams>
<charParams l="938" t="398" r="955" b="421" charConfidence="88">u</charParams>
<charParams l="958" t="389" r="973" b="427" charConfidence="90">f</charParams>
<charParams l="971" t="402" r="980" b="418" charConfidence="22">¬</charParams></formatting></line>
<line baseline="474" l="178" t="439" r="978" b="487"><formatting lang="OldGerman">
<charParams l="178" t="446" r="191" b="472" charConfidence="75">t</charParams>
<charParams l="194" t="443" r="202" b="472" charConfidence="83">i</charParams>
<charParams l="203" t="449" r="220" b="479" charConfidence="47">g</charParams>
<charParams l="224" t="450" r="237" b="472" charConfidence="43">e</charParams>
<charParams l="238" t="440" r="259" b="472"> </charParams>
<charParams l="260" t="440" r="296" b="472" charConfidence="60">S</charParams>
<charParams l="299" t="440" r="315" b="471" charConfidence="59">ä</charParams>
<charParams l="318" t="448" r="335" b="471" charConfidence="25">u</charParams>
<charParams l="339" t="448" r="352" b="471" charConfidence="49">r</charParams>
<charParams l="354" t="448" r="367" b="470" charConfidence="51">e</charParams>
<charParams l="368" t="439" r="397" b="479"> </charParams>
<charParams l="398" t="439" r="416" b="479" suspicious="1" charConfidence="46">h</charParams>
<charParams l="420" t="440" r="428" b="471" charConfidence="54">i</charParams>
<charParams l="432" t="448" r="448" b="471" charConfidence="98">n</charParams>
<charParams l="451" t="448" r="467" b="478" charConfidence="29">g</charParams>
<charParams l="471" t="449" r="484" b="471" charConfidence="37">e</charParams>
<charParams l="485" t="448" r="502" b="479" charConfidence="26">g</charParams>
<charParams l="506" t="448" r="519" b="471" charConfidence="31">e</charParams>
<charParams l="521" t="448" r="539" b="472" charConfidence="100">n</charParams>
<charParams l="540" t="448" r="570" b="473"> </charParams>
<charParams l="571" t="449" r="583" b="473" charConfidence="28">e</charParams>
<charParams l="586" t="449" r="604" b="472" charConfidence="83">n</charParams>
<charParams l="608" t="446" r="617" b="473" charConfidence="53">t</charParams>
<charParams l="622" t="441" r="640" b="480" charConfidence="22">f</charParams>
<charParams l="622" t="441" r="640" b="480" charConfidence="22">l</charParams>
<charParams l="644" t="442" r="652" b="472" charConfidence="100">i</charParams>
<charParams l="655" t="450" r="667" b="472" charConfidence="35">e</charParams>
<charParams l="671" t="440" r="687" b="481" charConfidence="100">h</charParams>
<charParams l="691" t="447" r="703" b="473" charConfidence="25">t</charParams>
<charParams l="704" t="464" r="713" b="474" charConfidence="56">.</charParams>
<charParams l="714" t="444" r="758" b="482"> </charParams>
<charParams l="759" t="444" r="792" b="482" charConfidence="28">H</charParams>
<charParams l="796" t="447" r="803" b="477" charConfidence="27">i</charParams>
<charParams l="807" t="455" r="819" b="477" charConfidence="26">e</charParams>
<charParams l="822" t="455" r="836" b="478" charConfidence="47">r</charParams>
<charParams l="837" t="449" r="859" b="479"> </charParams>
<charParams l="860" t="449" r="869" b="479" charConfidence="30">i</charParams>
<charParams l="872" t="449" r="893" b="487" charConfidence="40">s</charParams>
<charParams l="872" t="449" r="893" b="487" charConfidence="40">t</charParams>
<charParams l="894" t="449" r="915" b="487"> </charParams>
<charParams l="916" t="457" r="929" b="480" charConfidence="62">e</charParams>
<charParams l="932" t="450" r="941" b="480" charConfidence="34">i</charParams>
<charParams l="943" t="456" r="960" b="480" charConfidence="43">n</charParams>
<charParams l="963" t="457" r="978" b="481" charConfidence="41">e</charParams></formatting></line>
<line baseline="534" l="179" t="500" r="976" b="543"><formatting lang="OldGerman">
<charParams l="179" t="501" r="207" b="535" charConfidence="46">T</charParams>
<charParams l="210" t="511" r="222" b="533" charConfidence="100">r</charParams>
<charParams l="226" t="510" r="237" b="533" charConfidence="55">e</charParams>
<charParams l="241" t="510" r="258" b="532" charConfidence="90">n</charParams>
<charParams l="262" t="509" r="279" b="533" charConfidence="25">n</charParams>
<charParams l="283" t="509" r="299" b="532" charConfidence="63">u</charParams>
<charParams l="303" t="509" r="320" b="532" charConfidence="100">n</charParams>
<charParams l="323" t="509" r="340" b="540" charConfidence="44">g</charParams>
<charParams l="352" t="522" r="362" b="538" charConfidence="100">,</charParams>
<charParams l="363" t="510" r="403" b="538"> </charParams>
<charParams l="404" t="510" r="416" b="531" charConfidence="32">e</charParams>
<charParams l="420" t="501" r="428" b="532" charConfidence="62">i</charParams>
<charParams l="431" t="509" r="447" b="532" charConfidence="25">n</charParams>
<charParams l="452" t="510" r="464" b="532" charConfidence="80">e</charParams>
<charParams l="465" t="510" r="495" b="532"> </charParams>
<charParams l="496" t="510" r="515" b="532" charConfidence="100">n</charParams>
<charParams l="518" t="510" r="531" b="532" charConfidence="30">e</charParams>
<charParams l="533" t="510" r="550" b="533" charConfidence="31">u</charParams>
<charParams l="554" t="510" r="566" b="533" charConfidence="33">e</charParams>
<charParams l="567" t="500" r="597" b="538"> </charParams>
<charParams l="598" t="500" r="620" b="538" charConfidence="35">Z</charParams>
<charParams l="624" t="510" r="641" b="533" charConfidence="63">u</charParams>
<charParams l="645" t="502" r="658" b="540" charConfidence="60">s</charParams>
<charParams l="656" t="510" r="671" b="533" charConfidence="34">a</charParams>
<charParams l="675" t="509" r="703" b="535" charConfidence="31">m</charParams>
<charParams l="707" t="509" r="734" b="534" charConfidence="100">m</charParams>
<charParams l="738" t="511" r="751" b="534" charConfidence="28">e</charParams>
<charParams l="755" t="511" r="771" b="534" charConfidence="48">n</charParams>
<charParams l="776" t="504" r="789" b="541" charConfidence="30">s</charParams>
<charParams l="787" t="512" r="800" b="535" charConfidence="29">e</charParams>
<charParams l="803" t="507" r="821" b="542" charConfidence="35">t</charParams>
<charParams l="803" t="507" r="821" b="542" charConfidence="35">z</charParams>
<charParams l="824" t="513" r="841" b="536" charConfidence="46">u</charParams>
<charParams l="845" t="513" r="863" b="535" charConfidence="88">n</charParams>
<charParams l="866" t="513" r="884" b="543" charConfidence="30">g</charParams>
<charParams l="885" t="513" r="916" b="543"> </charParams>
<charParams l="917" t="515" r="930" b="537" charConfidence="67">e</charParams>
<charParams l="933" t="514" r="949" b="538" charConfidence="96">n</charParams>
<charParams l="953" t="512" r="965" b="539" charConfidence="41">t</charParams>
<charParams l="966" t="519" r="976" b="534" charConfidence="22">¬</charParams></formatting></line>
<line baseline="597" l="178" t="564" r="976" b="607"><formatting lang="OldGerman">
<charParams l="178" t="565" r="200" b="605" charConfidence="40">s</charParams>
<charParams l="178" t="565" r="200" b="605" charConfidence="40">t</charParams>
<charParams l="202" t="573" r="218" b="596" charConfidence="34">a</charParams>
<charParams l="221" t="572" r="238" b="596" charConfidence="63">n</charParams>
<charParams l="243" t="567" r="258" b="597" charConfidence="39">d</charParams>
<charParams l="262" t="573" r="274" b="597" charConfidence="59">e</charParams>
<charParams l="277" t="573" r="295" b="597" charConfidence="31">n</charParams>
<charParams l="296" t="572" r="325" b="597"> </charParams>
<charParams l="326" t="572" r="344" b="596" charConfidence="34">u</charParams>
<charParams l="347" t="572" r="364" b="596" charConfidence="100">n</charParams>
<charParams l="368" t="566" r="384" b="596" charConfidence="34">d</charParams>
<charParams l="385" t="566" r="407" b="596"> </charParams>
<charParams l="408" t="572" r="437" b="596" charConfidence="81">m</charParams>
<charParams l="441" t="573" r="456" b="596" charConfidence="44">a</charParams>
<charParams l="460" t="573" r="478" b="596" charConfidence="100">n</charParams>
<charParams l="479" t="573" r="501" b="605"> </charParams>
<charParams l="502" t="573" r="518" b="605" charConfidence="66">g</charParams>
<charParams l="523" t="565" r="531" b="597" charConfidence="57">l</charParams>
<charParams l="534" t="574" r="549" b="597" charConfidence="41">a</charParams>
<charParams l="553" t="573" r="570" b="597" charConfidence="100">u</charParams>
<charParams l="575" t="564" r="590" b="597" charConfidence="26">b</charParams>
<charParams l="595" t="571" r="605" b="597" charConfidence="30">t</charParams>
<charParams l="606" t="565" r="627" b="605"> </charParams>
<charParams l="628" t="565" r="647" b="605" charConfidence="84">s</charParams>
<charParams l="628" t="565" r="647" b="605" charConfidence="84">i</charParams>
<charParams l="649" t="564" r="676" b="604" charConfidence="62">c</charParams>
<charParams l="649" t="564" r="676" b="604" charConfidence="62">h</charParams>
<charParams l="677" t="564" r="701" b="604"> </charParams>
<charParams l="702" t="573" r="718" b="597" charConfidence="100">n</charParams>
<charParams l="723" t="573" r="739" b="597" charConfidence="100">u</charParams>
<charParams l="743" t="574" r="760" b="597" charConfidence="43">n</charParams>
<charParams l="763" t="573" r="791" b="598" charConfidence="100">m</charParams>
<charParams l="795" t="574" r="808" b="597" charConfidence="39">e</charParams>
<charParams l="811" t="564" r="827" b="606" charConfidence="100">h</charParams>
<charParams l="831" t="573" r="845" b="598" charConfidence="31">r</charParams>
<charParams l="846" t="565" r="869" b="598"> </charParams>
<charParams l="870" t="565" r="886" b="598" charConfidence="38">b</charParams>
<charParams l="890" t="575" r="903" b="599" charConfidence="33">e</charParams>
<charParams l="906" t="575" r="918" b="599" charConfidence="31">r</charParams>
<charParams l="921" t="575" r="933" b="599" charConfidence="27">e</charParams>
<charParams l="937" t="568" r="963" b="607" charConfidence="100">c</charParams>
<charParams l="937" t="568" r="963" b="607" suspicious="1" charConfidence="100">h</charParams>
<charParams l="966" t="579" r="976" b="596" suspicious="1" charConfidence="55">,</charParams></formatting></line>
<line baseline="662" l="176" t="625" r="974" b="671"><formatting lang="OldGerman">
<charParams l="176" t="634" r="188" b="661" charConfidence="62">t</charParams>
<charParams l="190" t="629" r="198" b="661" charConfidence="41">i</charParams>
<charParams l="200" t="637" r="217" b="669" charConfidence="35">g</charParams>
<charParams l="221" t="633" r="232" b="661" charConfidence="34">t</charParams>
<charParams l="240" t="653" r="249" b="668" charConfidence="71">,</charParams>
<charParams l="250" t="629" r="273" b="668"> </charParams>
<charParams l="274" t="629" r="287" b="668" charConfidence="65">s</charParams>
<charParams l="286" t="637" r="300" b="660" charConfidence="37">o</charParams>
<charParams l="304" t="636" r="320" b="668" charConfidence="62">g</charParams>
<charParams l="324" t="637" r="339" b="661" charConfidence="36">a</charParams>
<charParams l="343" t="636" r="356" b="661" charConfidence="61">r</charParams>
<charParams l="357" t="629" r="380" b="661"> </charParams>
<charParams l="381" t="629" r="397" b="660" charConfidence="31">d</charParams>
<charParams l="402" t="636" r="417" b="660" charConfidence="51">a</charParams>
<charParams l="421" t="631" r="436" b="661" charConfidence="-1">s</charParams>
<charParams l="437" t="625" r="460" b="661"> </charParams>
<charParams l="461" t="625" r="502" b="661" charConfidence="27">W</charParams>
<charParams l="506" t="637" r="520" b="661" charConfidence="58">o</charParams>
<charParams l="524" t="636" r="537" b="660" charConfidence="100">r</charParams>
<charParams l="540" t="633" r="550" b="661" charConfidence="77">t</charParams>
<charParams l="551" t="626" r="566" b="662"> </charParams>
<charParams l="567" t="626" r="608" b="662" charConfidence="32">W</charParams>
<charParams l="611" t="637" r="626" b="661" charConfidence="29">a</charParams>
<charParams l="630" t="628" r="647" b="671" charConfidence="100">h</charParams>
<charParams l="651" t="629" r="660" b="662" charConfidence="90">l</charParams>
<charParams l="661" t="638" r="678" b="662" charConfidence="46">v</charParams>
<charParams l="682" t="637" r="694" b="662" charConfidence="50">e</charParams>
<charParams l="697" t="637" r="710" b="662" charConfidence="76">r</charParams>
<charParams l="713" t="637" r="738" b="662" charConfidence="25">w</charParams>
<charParams l="742" t="638" r="758" b="662" charConfidence="30">a</charParams>
<charParams l="762" t="638" r="779" b="661" charConfidence="56">n</charParams>
<charParams l="783" t="632" r="798" b="661" charConfidence="25">d</charParams>
<charParams l="802" t="635" r="811" b="661" charConfidence="51">t</charParams>
<charParams l="815" t="628" r="828" b="668" charConfidence="100">s</charParams>
<charParams l="826" t="628" r="853" b="668" charConfidence="83">c</charParams>
<charParams l="826" t="628" r="853" b="668" charConfidence="83">h</charParams>
<charParams l="857" t="638" r="872" b="662" charConfidence="27">a</charParams>
<charParams l="876" t="628" r="891" b="668" charConfidence="45">f</charParams>
<charParams l="890" t="635" r="901" b="662" charConfidence="58">t</charParams>
<charParams l="902" t="635" r="923" b="662"> </charParams>
<charParams l="924" t="639" r="940" b="662" charConfidence="25">a</charParams>
<charParams l="944" t="638" r="962" b="662" charConfidence="48">n</charParams>
<charParams l="965" t="642" r="974" b="658" charConfidence="22">¬</charParams></formatting></line>
<line baseline="725" l="175" t="692" r="971" b="734"><formatting lang="OldGerman">
<charParams l="175" t="699" r="189" b="732" charConfidence="31">z</charParams>
<charParams l="192" t="701" r="209" b="723" charConfidence="75">u</charParams>
<charParams l="212" t="699" r="238" b="724" charConfidence="68">w</charParams>
<charParams l="241" t="701" r="254" b="724" charConfidence="29">e</charParams>
<charParams l="258" t="701" r="274" b="723" charConfidence="38">n</charParams>
<charParams l="278" t="695" r="293" b="724" charConfidence="30">d</charParams>
<charParams l="298" t="702" r="310" b="725" charConfidence="30">e</charParams>
<charParams l="313" t="701" r="331" b="724" charConfidence="100">n</charParams>
<charParams l="343" t="715" r="352" b="731" charConfidence="79">,</charParams>
<charParams l="353" t="700" r="400" b="731"> </charParams>
<charParams l="401" t="700" r="428" b="725" charConfidence="25">w</charParams>
<charParams l="432" t="702" r="444" b="725" charConfidence="34">e</charParams>
<charParams l="449" t="693" r="456" b="724" charConfidence="-1">i</charParams>
<charParams l="461" t="693" r="470" b="725" charConfidence="86">l</charParams>
<charParams l="471" t="693" r="513" b="726"> </charParams>
<charParams l="514" t="701" r="527" b="726" charConfidence="25">e</charParams>
<charParams l="530" t="697" r="546" b="723" suspicious="1" charConfidence="100">s</charParams>
<charParams l="547" t="697" r="582" b="726"> </charParams>
<charParams l="583" t="701" r="610" b="726" charConfidence="27">w</charParams>
<charParams l="614" t="694" r="622" b="726" charConfidence="65">i</charParams>
<charParams l="625" t="702" r="637" b="725" charConfidence="36">r</charParams>
<charParams l="640" t="693" r="653" b="725" charConfidence="77">k</charParams>
<charParams l="655" t="694" r="663" b="726" charConfidence="55">l</charParams>
<charParams l="666" t="694" r="673" b="725" charConfidence="43">i</charParams>
<charParams l="677" t="693" r="704" b="732" charConfidence="100">c</charParams>
<charParams l="677" t="693" r="704" b="732" charConfidence="100">h</charParams>
<charParams l="705" t="693" r="744" b="732"> </charParams>
<charParams l="745" t="702" r="761" b="725" charConfidence="56">a</charParams>
<charParams l="765" t="702" r="782" b="726" charConfidence="79">u</charParams>
<charParams l="786" t="696" r="801" b="725" charConfidence="100">s</charParams>
<charParams l="805" t="693" r="823" b="733" charConfidence="84">s</charParams>
<charParams l="805" t="693" r="823" b="733" charConfidence="84">i</charParams>
<charParams l="826" t="702" r="838" b="725" charConfidence="72">e</charParams>
<charParams l="841" t="692" r="858" b="734" charConfidence="100">h</charParams>
<charParams l="862" t="698" r="874" b="726" charConfidence="35">t</charParams>
<charParams l="875" t="698" r="923" b="726"> </charParams>
<charParams l="924" t="702" r="941" b="725" charConfidence="100">a</charParams>
<charParams l="945" t="694" r="952" b="726" charConfidence="100">l</charParams>
<charParams l="956" t="697" r="971" b="726" charConfidence="100">s</charParams></formatting></line>
<line baseline="787" l="174" t="754" r="972" b="796"><formatting lang="OldGerman">
<charParams l="174" t="760" r="202" b="784" charConfidence="29">w</charParams>
<charParams l="206" t="762" r="218" b="785" charConfidence="26">e</charParams>
<charParams l="220" t="762" r="238" b="785" charConfidence="100">n</charParams>
<charParams l="241" t="762" r="260" b="785" charConfidence="100">n</charParams>
<charParams l="261" t="762" r="285" b="785"> </charParams>
<charParams l="286" t="763" r="299" b="785" charConfidence="35">e</charParams>
<charParams l="302" t="756" r="311" b="786" charConfidence="57">i</charParams>
<charParams l="314" t="763" r="333" b="786" charConfidence="32">n</charParams>
<charParams l="334" t="755" r="356" b="788"> </charParams>
<charParams l="357" t="755" r="387" b="788" charConfidence="34">V</charParams>
<charParams l="391" t="764" r="402" b="786" charConfidence="33">e</charParams>
<charParams l="406" t="764" r="419" b="786" charConfidence="81">r</charParams>
<charParams l="421" t="754" r="438" b="794" charConfidence="100">h</charParams>
<charParams l="442" t="755" r="457" b="787" charConfidence="55">ä</charParams>
<charParams l="462" t="756" r="470" b="788" charConfidence="68">l</charParams>
<charParams l="473" t="761" r="483" b="787" charConfidence="75">t</charParams>
<charParams l="486" t="764" r="502" b="787" charConfidence="71">n</charParams>
<charParams l="507" t="756" r="515" b="787" charConfidence="62">i</charParams>
<charParams l="518" t="755" r="534" b="793" charConfidence="32">ß</charParams>
<charParams l="535" t="755" r="564" b="793"> </charParams>
<charParams l="565" t="757" r="581" b="786" charConfidence="28">d</charParams>
<charParams l="584" t="764" r="597" b="787" charConfidence="27">e</charParams>
<charParams l="600" t="763" r="628" b="788" charConfidence="100">m</charParams>
<charParams l="629" t="763" r="652" b="788"> </charParams>
<charParams l="653" t="763" r="669" b="787" charConfidence="100">a</charParams>
<charParams l="672" t="763" r="689" b="786" charConfidence="71">n</charParams>
<charParams l="694" t="757" r="709" b="787" charConfidence="37">d</charParams>
<charParams l="713" t="763" r="725" b="787" charConfidence="26">e</charParams>
<charParams l="728" t="763" r="741" b="786" charConfidence="54">r</charParams>
<charParams l="744" t="763" r="761" b="786" charConfidence="35">n</charParams>
<charParams l="762" t="763" r="784" b="787"> </charParams>
<charParams l="785" t="764" r="803" b="787" charConfidence="27">v</charParams>
<charParams l="807" t="763" r="821" b="787" charConfidence="48">o</charParams>
<charParams l="825" t="763" r="839" b="787" charConfidence="100">r</charParams>
<charParams l="840" t="763" r="857" b="794" charConfidence="26">g</charParams>
<charParams l="861" t="764" r="873" b="787" charConfidence="28">e</charParams>
<charParams l="874" t="762" r="887" b="796" charConfidence="100">z</charParams>
<charParams l="891" t="763" r="906" b="787" charConfidence="44">o</charParams>
<charParams l="906" t="763" r="924" b="795" charConfidence="0">g</charParams>
<charParams l="928" t="764" r="941" b="788" charConfidence="100">e</charParams>
<charParams l="944" t="763" r="962" b="788" charConfidence="25">n</charParams>
<charParams l="962" t="778" r="972" b="794" charConfidence="100">,</charParams></formatting></line>
<line baseline="845" l="174" t="812" r="812" b="855"><formatting lang="OldGerman">
<charParams l="174" t="820" r="190" b="842" charConfidence="43">e</charParams>
<charParams l="190" t="812" r="200" b="842" charConfidence="25">i</charParams>
<charParams l="203" t="819" r="220" b="843" charConfidence="43">n</charParams>
<charParams l="224" t="816" r="240" b="843" charConfidence="100">s</charParams>
<charParams l="241" t="816" r="262" b="844"> </charParams>
<charParams l="263" t="822" r="280" b="844" charConfidence="41">v</charParams>
<charParams l="284" t="821" r="299" b="844" charConfidence="31">o</charParams>
<charParams l="303" t="821" r="317" b="844" charConfidence="25">r</charParams>
<charParams l="318" t="816" r="339" b="845"> </charParams>
<charParams l="340" t="816" r="356" b="845" charConfidence="31">d</charParams>
<charParams l="360" t="822" r="373" b="845" charConfidence="28">e</charParams>
<charParams l="375" t="821" r="404" b="845" charConfidence="55">m</charParams>
<charParams l="405" t="821" r="427" b="845"> </charParams>
<charParams l="428" t="823" r="444" b="845" charConfidence="32">a</charParams>
<charParams l="448" t="823" r="466" b="846" charConfidence="34">n</charParams>
<charParams l="469" t="817" r="484" b="845" charConfidence="26">d</charParams>
<charParams l="489" t="823" r="501" b="846" charConfidence="27">e</charParams>
<charParams l="504" t="824" r="517" b="846" charConfidence="62">r</charParams>
<charParams l="519" t="823" r="538" b="846" charConfidence="72">n</charParams>
<charParams l="539" t="823" r="561" b="846"> </charParams>
<charParams l="562" t="824" r="575" b="846" charConfidence="100">e</charParams>
<charParams l="577" t="823" r="591" b="846" charConfidence="52">r</charParams>
<charParams l="593" t="822" r="618" b="847" charConfidence="100">w</charParams>
<charParams l="622" t="814" r="637" b="846" charConfidence="30">ä</charParams>
<charParams l="641" t="815" r="658" b="855" charConfidence="100">h</charParams>
<charParams l="663" t="816" r="672" b="847" charConfidence="27">l</charParams>
<charParams l="673" t="820" r="685" b="846" charConfidence="66">t</charParams>
<charParams l="686" t="820" r="701" b="846"> </charParams>
<charParams l="702" t="822" r="729" b="846" charConfidence="27">w</charParams>
<charParams l="733" t="814" r="750" b="846" charConfidence="52">ü</charParams>
<charParams l="754" t="823" r="766" b="846" charConfidence="54">r</charParams>
<charParams l="770" t="818" r="786" b="846" charConfidence="25">d</charParams>
<charParams l="788" t="824" r="802" b="846" charConfidence="46">e</charParams>
<charParams l="803" t="837" r="812" b="847" charConfidence="99">.</charParams></formatting></line></par>
<par align="Justified" startIndent="1776" lineSpacing="1488">
<line baseline="963" l="239" t="928" r="968" b="972"><formatting lang="OldGerman">
<charParams l="239" t="930" r="271" b="964" charConfidence="30">V</charParams>
<charParams l="275" t="939" r="287" b="964" charConfidence="27">e</charParams>
<charParams l="290" t="939" r="303" b="963" charConfidence="70">r</charParams>
<charParams l="305" t="936" r="316" b="972" charConfidence="24">z</charParams>
<charParams l="321" t="939" r="333" b="962" charConfidence="36">e</charParams>
<charParams l="336" t="930" r="343" b="961" charConfidence="100">i</charParams>
<charParams l="347" t="929" r="364" b="972" charConfidence="90">h</charParams>
<charParams l="368" t="939" r="380" b="963" charConfidence="100">e</charParams>
<charParams l="383" t="938" r="401" b="962" charConfidence="100">n</charParams>
<charParams l="402" t="928" r="424" b="963"> </charParams>
<charParams l="425" t="928" r="461" b="963" charConfidence="63">S</charParams>
<charParams l="465" t="931" r="474" b="962" charConfidence="27">i</charParams>
<charParams l="477" t="939" r="490" b="962" charConfidence="26">e</charParams>
<charParams l="491" t="937" r="511" b="962"> </charParams>
<charParams l="512" t="937" r="540" b="962" charConfidence="37">m</charParams>
<charParams l="546" t="931" r="552" b="962" charConfidence="100">i</charParams>
<charParams l="556" t="938" r="570" b="963" charConfidence="40">r</charParams>
<charParams l="576" t="953" r="587" b="969" charConfidence="100">,</charParams>
<charParams l="588" t="931" r="618" b="969"> </charParams>
<charParams l="619" t="931" r="634" b="969" charConfidence="75">s</charParams>
<charParams l="631" t="940" r="646" b="962" charConfidence="48">a</charParams>
<charParams l="649" t="938" r="665" b="970" charConfidence="38">g</charParams>
<charParams l="669" t="935" r="681" b="963" charConfidence="52">t</charParams>
<charParams l="682" t="939" r="696" b="962" charConfidence="27">e</charParams>
<charParams l="697" t="929" r="718" b="963"> </charParams>
<charParams l="719" t="929" r="744" b="963" charConfidence="31">C</charParams>
<charParams l="747" t="929" r="764" b="970" charConfidence="74">h</charParams>
<charParams l="767" t="938" r="783" b="962" charConfidence="100">a</charParams>
<charParams l="786" t="937" r="800" b="962" charConfidence="43">r</charParams>
<charParams l="802" t="931" r="812" b="962" charConfidence="86">l</charParams>
<charParams l="814" t="939" r="829" b="961" charConfidence="39">o</charParams>
<charParams l="833" t="934" r="843" b="962" charConfidence="39">t</charParams>
<charParams l="846" t="935" r="856" b="963" charConfidence="78">t</charParams>
<charParams l="858" t="939" r="871" b="963" charConfidence="27">e</charParams>
<charParams l="878" t="953" r="890" b="969" charConfidence="84">,</charParams>
<charParams l="891" t="937" r="912" b="969"> </charParams>
<charParams l="913" t="937" r="940" b="963" charConfidence="26">w</charParams>
<charParams l="944" t="933" r="953" b="965" charConfidence="38">i</charParams>
<charParams l="956" t="941" r="968" b="964" charConfidence="25">e</charParams></formatting></line>
<line baseline="1024" l="173" t="990" r="968" b="1035"><formatting lang="OldGerman">
<charParams l="173" t="996" r="183" b="1027" charConfidence="49">i</charParams>
<charParams l="186" t="996" r="213" b="1035" charConfidence="91">c</charParams>
<charParams l="186" t="996" r="213" b="1035" charConfidence="91">h</charParams>
<charParams l="214" t="996" r="236" b="1035"> </charParams>
<charParams l="237" t="996" r="253" b="1027" charConfidence="36">d</charParams>
<charParams l="257" t="1004" r="269" b="1027" charConfidence="45">e</charParams>
<charParams l="272" t="1002" r="300" b="1027" charConfidence="100">m</charParams>
<charParams l="301" t="992" r="325" b="1027"> </charParams>
<charParams l="326" t="992" r="361" b="1027" charConfidence="39">N</charParams>
<charParams l="364" t="1002" r="380" b="1025" charConfidence="100">a</charParams>
<charParams l="384" t="998" r="394" b="1025" charConfidence="67">t</charParams>
<charParams l="397" t="1001" r="413" b="1025" charConfidence="66">u</charParams>
<charParams l="417" t="1000" r="430" b="1024" charConfidence="100">r</charParams>
<charParams l="432" t="991" r="446" b="1031" charConfidence="29">f</charParams>
<charParams l="446" t="1001" r="460" b="1024" charConfidence="39">o</charParams>
<charParams l="464" t="1000" r="476" b="1024" charConfidence="54">r</charParams>
<charParams l="480" t="991" r="493" b="1031" charConfidence="90">s</charParams>
<charParams l="491" t="991" r="517" b="1030" charConfidence="93">c</charParams>
<charParams l="491" t="991" r="517" b="1030" charConfidence="93">h</charParams>
<charParams l="521" t="1000" r="533" b="1023" charConfidence="35">e</charParams>
<charParams l="536" t="1000" r="550" b="1023" charConfidence="47">r</charParams>
<charParams l="551" t="1000" r="571" b="1023"> </charParams>
<charParams l="572" t="1000" r="589" b="1023" charConfidence="28">v</charParams>
<charParams l="594" t="1000" r="605" b="1023" charConfidence="26">e</charParams>
<charParams l="609" t="999" r="622" b="1023" charConfidence="100">r</charParams>
<charParams l="623" t="999" r="635" b="1033" charConfidence="43">z</charParams>
<charParams l="640" t="1000" r="651" b="1023" charConfidence="26">e</charParams>
<charParams l="655" t="992" r="663" b="1022" charConfidence="27">i</charParams>
<charParams l="667" t="990" r="684" b="1033" charConfidence="62">h</charParams>
<charParams l="687" t="999" r="700" b="1023" suspicious="1" charConfidence="25">e</charParams>
<charParams l="711" t="999" r="721" b="1030" charConfidence="100">;</charParams>
<charParams l="722" t="999" r="745" b="1030"> </charParams>
<charParams l="746" t="999" r="762" b="1022" charConfidence="65">a</charParams>
<charParams l="766" t="990" r="782" b="1023" charConfidence="30">b</charParams>
<charParams l="785" t="999" r="797" b="1022" charConfidence="39">e</charParams>
<charParams l="801" t="999" r="815" b="1023" charConfidence="30">r</charParams>
<charParams l="816" t="992" r="831" b="1023"> </charParams>
<charParams l="832" t="992" r="841" b="1023" charConfidence="50">i</charParams>
<charParams l="844" t="992" r="872" b="1031" charConfidence="71">c</charParams>
<charParams l="844" t="992" r="872" b="1031" charConfidence="71">h</charParams>
<charParams l="873" t="992" r="890" b="1031"> </charParams>
<charParams l="891" t="999" r="918" b="1025" charConfidence="54">w</charParams>
<charParams l="922" t="992" r="939" b="1025" charConfidence="68">ü</charParams>
<charParams l="944" t="1002" r="957" b="1026" charConfidence="25">r</charParams>
<charParams l="957" t="1006" r="968" b="1023" charConfidence="22">¬</charParams></formatting></line>
<line baseline="1087" l="174" t="1050" r="967" b="1100"><formatting lang="OldGerman">
<charParams l="174" t="1059" r="190" b="1090" charConfidence="29">d</charParams>
<charParams l="194" t="1067" r="207" b="1090" charConfidence="39">e</charParams>
<charParams l="208" t="1057" r="237" b="1100"> </charParams>
<charParams l="238" t="1057" r="256" b="1100" suspicious="1" charConfidence="93">h</charParams>
<charParams l="260" t="1059" r="268" b="1091" charConfidence="67">i</charParams>
<charParams l="271" t="1067" r="283" b="1090" charConfidence="43">e</charParams>
<charParams l="287" t="1067" r="301" b="1091" charConfidence="48">r</charParams>
<charParams l="302" t="1066" r="331" b="1091"> </charParams>
<charParams l="332" t="1066" r="350" b="1089" charConfidence="28">n</charParams>
<charParams l="353" t="1058" r="361" b="1089" charConfidence="26">i</charParams>
<charParams l="365" t="1066" r="377" b="1089" charConfidence="27">e</charParams>
<charParams l="380" t="1064" r="406" b="1089" charConfidence="71">m</charParams>
<charParams l="411" t="1064" r="426" b="1088" charConfidence="54">a</charParams>
<charParams l="430" t="1056" r="439" b="1088" charConfidence="100">l</charParams>
<charParams l="442" t="1058" r="457" b="1087" charConfidence="100">s</charParams>
<charParams l="458" t="1058" r="489" b="1088"> </charParams>
<charParams l="490" t="1063" r="502" b="1088" charConfidence="31">e</charParams>
<charParams l="506" t="1055" r="514" b="1086" charConfidence="57">i</charParams>
<charParams l="517" t="1062" r="533" b="1086" charConfidence="64">n</charParams>
<charParams l="537" t="1062" r="550" b="1086" charConfidence="36">e</charParams>
<charParams l="551" t="1050" r="573" b="1086"> </charParams>
<charParams l="574" t="1050" r="614" b="1086" charConfidence="35">W</charParams>
<charParams l="618" t="1061" r="632" b="1084" charConfidence="100">a</charParams>
<charParams l="637" t="1051" r="653" b="1094" charConfidence="100">h</charParams>
<charParams l="658" t="1052" r="667" b="1084" charConfidence="81">l</charParams>
<charParams l="674" t="1074" r="684" b="1090" charConfidence="100">,</charParams>
<charParams l="685" t="1060" r="722" b="1090"> </charParams>
<charParams l="723" t="1060" r="737" b="1084" charConfidence="100">e</charParams>
<charParams l="740" t="1051" r="757" b="1094" charConfidence="58">h</charParams>
<charParams l="761" t="1060" r="773" b="1083" charConfidence="47">e</charParams>
<charParams l="776" t="1060" r="790" b="1084" charConfidence="37">r</charParams>
<charParams l="791" t="1060" r="812" b="1085"> </charParams>
<charParams l="813" t="1061" r="826" b="1085" charConfidence="29">e</charParams>
<charParams l="829" t="1054" r="837" b="1085" charConfidence="26">i</charParams>
<charParams l="841" t="1062" r="857" b="1086" charConfidence="27">n</charParams>
<charParams l="861" t="1062" r="874" b="1086" charConfidence="34">e</charParams>
<charParams l="875" t="1053" r="898" b="1089"> </charParams>
<charParams l="899" t="1053" r="935" b="1089" charConfidence="46">N</charParams>
<charParams l="938" t="1064" r="953" b="1087" charConfidence="36">a</charParams>
<charParams l="957" t="1068" r="967" b="1084" charConfidence="22">¬</charParams></formatting></line>
<line baseline="1149" l="173" t="1115" r="964" b="1163"><formatting lang="OldGerman">
<charParams l="173" t="1125" r="184" b="1153" charConfidence="50">t</charParams>
<charParams l="187" t="1129" r="204" b="1153" charConfidence="71">u</charParams>
<charParams l="208" t="1129" r="220" b="1153" charConfidence="37">r</charParams>
<charParams l="223" t="1129" r="240" b="1153" charConfidence="100">n</charParams>
<charParams l="245" t="1131" r="259" b="1153" charConfidence="35">o</charParams>
<charParams l="263" t="1127" r="273" b="1154" charConfidence="56">t</charParams>
<charParams l="277" t="1121" r="293" b="1163" charConfidence="63">h</charParams>
<charParams l="296" t="1129" r="322" b="1154" charConfidence="95">w</charParams>
<charParams l="327" t="1130" r="338" b="1154" charConfidence="31">e</charParams>
<charParams l="342" t="1130" r="358" b="1154" charConfidence="100">n</charParams>
<charParams l="363" t="1123" r="378" b="1153" charConfidence="26">d</charParams>
<charParams l="383" t="1122" r="390" b="1153" charConfidence="100">i</charParams>
<charParams l="393" t="1129" r="410" b="1160" charConfidence="62">g</charParams>
<charParams l="413" t="1120" r="426" b="1151" charConfidence="55">k</charParams>
<charParams l="428" t="1129" r="440" b="1151" charConfidence="35">e</charParams>
<charParams l="444" t="1120" r="451" b="1151" charConfidence="51">i</charParams>
<charParams l="455" t="1125" r="465" b="1152" charConfidence="31">t</charParams>
<charParams l="466" t="1125" r="488" b="1152"> </charParams>
<charParams l="489" t="1127" r="501" b="1151" charConfidence="29">e</charParams>
<charParams l="504" t="1126" r="517" b="1150" charConfidence="83">r</charParams>
<charParams l="520" t="1117" r="535" b="1150" charConfidence="36">b</charParams>
<charParams l="540" t="1119" r="547" b="1151" charConfidence="62">l</charParams>
<charParams l="550" t="1119" r="558" b="1150" charConfidence="40">i</charParams>
<charParams l="561" t="1118" r="586" b="1150" charConfidence="22">c</charParams>
<charParams l="561" t="1118" r="586" b="1150" charConfidence="22">k</charParams>
<charParams l="588" t="1126" r="600" b="1149" charConfidence="33">e</charParams>
<charParams l="603" t="1125" r="621" b="1149" charConfidence="43">n</charParams>
<charParams l="630" t="1139" r="639" b="1155" charConfidence="63">,</charParams>
<charParams l="640" t="1123" r="680" b="1155"> </charParams>
<charParams l="681" t="1123" r="698" b="1147" charConfidence="24">u</charParams>
<charParams l="703" t="1123" r="720" b="1146" charConfidence="70">n</charParams>
<charParams l="724" t="1116" r="739" b="1146" charConfidence="32">d</charParams>
<charParams l="740" t="1116" r="763" b="1146"> </charParams>
<charParams l="764" t="1117" r="780" b="1146" charConfidence="29">d</charParams>
<charParams l="783" t="1115" r="791" b="1146" charConfidence="32">i</charParams>
<charParams l="795" t="1123" r="807" b="1146" charConfidence="27">e</charParams>
<charParams l="811" t="1115" r="824" b="1153" charConfidence="35">s</charParams>
<charParams l="821" t="1124" r="835" b="1146" charConfidence="64">e</charParams>
<charParams l="836" t="1115" r="857" b="1147"> </charParams>
<charParams l="858" t="1115" r="871" b="1147" charConfidence="61">k</charParams>
<charParams l="873" t="1124" r="889" b="1148" charConfidence="100">a</charParams>
<charParams l="893" t="1124" r="910" b="1148" charConfidence="100">u</charParams>
<charParams l="914" t="1124" r="942" b="1148" charConfidence="72">m</charParams>
<charParams l="957" t="1126" r="964" b="1148" charConfidence="46">:</charParams></formatting></line>
<line baseline="1213" l="173" t="1177" r="965" b="1225"><formatting lang="OldGerman">
<charParams l="173" t="1185" r="189" b="1215" charConfidence="39">d</charParams>
<charParams l="193" t="1192" r="205" b="1215" charConfidence="47">e</charParams>
<charParams l="208" t="1193" r="225" b="1216" charConfidence="100">n</charParams>
<charParams l="229" t="1192" r="247" b="1217" charConfidence="89">n</charParams>
<charParams l="248" t="1192" r="277" b="1217"> </charParams>
<charParams l="278" t="1193" r="291" b="1217" charConfidence="31">e</charParams>
<charParams l="294" t="1188" r="309" b="1217" suspicious="1" charConfidence="100">S</charParams>
<charParams l="310" t="1185" r="341" b="1217"> </charParams>
<charParams l="342" t="1185" r="351" b="1217" charConfidence="28">i</charParams>
<charParams l="355" t="1185" r="375" b="1225" charConfidence="32">s</charParams>
<charParams l="355" t="1185" r="375" b="1225" charConfidence="32">t</charParams>
<charParams l="376" t="1185" r="406" b="1225"> </charParams>
<charParams l="407" t="1193" r="422" b="1216" charConfidence="34">a</charParams>
<charParams l="425" t="1192" r="454" b="1216" charConfidence="100">m</charParams>
<charParams l="455" t="1181" r="485" b="1216"> </charParams>
<charParams l="486" t="1181" r="513" b="1216" charConfidence="27">E</charParams>
<charParams l="516" t="1191" r="533" b="1215" charConfidence="32">n</charParams>
<charParams l="537" t="1186" r="552" b="1214" charConfidence="25">d</charParams>
<charParams l="556" t="1191" r="569" b="1214" charConfidence="27">e</charParams>
<charParams l="570" t="1189" r="597" b="1214"> </charParams>
<charParams l="598" t="1189" r="616" b="1213" charConfidence="100">v</charParams>
<charParams l="620" t="1179" r="627" b="1212" charConfidence="37">i</charParams>
<charParams l="632" t="1188" r="643" b="1212" charConfidence="100">e</charParams>
<charParams l="646" t="1179" r="655" b="1211" charConfidence="89">l</charParams>
<charParams l="655" t="1179" r="663" b="1211" charConfidence="31">l</charParams>
<charParams l="667" t="1187" r="679" b="1211" charConfidence="37">e</charParams>
<charParams l="682" t="1178" r="690" b="1210" charConfidence="72">i</charParams>
<charParams l="693" t="1177" r="719" b="1217" charConfidence="100">c</charParams>
<charParams l="693" t="1177" r="719" b="1217" charConfidence="100">h</charParams>
<charParams l="723" t="1182" r="734" b="1209" charConfidence="67">t</charParams>
<charParams l="735" t="1182" r="762" b="1216"> </charParams>
<charParams l="763" t="1185" r="780" b="1216" charConfidence="38">g</charParams>
<charParams l="784" t="1184" r="799" b="1209" charConfidence="68">a</charParams>
<charParams l="803" t="1185" r="817" b="1210" charConfidence="39">r</charParams>
<charParams l="818" t="1185" r="839" b="1210"> </charParams>
<charParams l="840" t="1186" r="859" b="1210" charConfidence="100">n</charParams>
<charParams l="862" t="1186" r="879" b="1210" charConfidence="100">u</charParams>
<charParams l="882" t="1186" r="896" b="1210" charConfidence="100">r</charParams>
<charParams l="897" t="1182" r="919" b="1211"> </charParams>
<charParams l="920" t="1182" r="936" b="1211" charConfidence="27">d</charParams>
<charParams l="940" t="1180" r="948" b="1211" charConfidence="35">i</charParams>
<charParams l="951" t="1187" r="965" b="1211" charConfidence="33">e</charParams></formatting></line>
<line baseline="1275" l="172" t="1238" r="966" b="1287"><formatting lang="OldGerman">
<charParams l="172" t="1243" r="209" b="1277" charConfidence="25">S</charParams>
<charParams l="213" t="1254" r="229" b="1278" charConfidence="35">a</charParams>
<charParams l="233" t="1246" r="259" b="1285" charConfidence="100">c</charParams>
<charParams l="233" t="1246" r="259" b="1285" charConfidence="100">h</charParams>
<charParams l="263" t="1255" r="276" b="1279" charConfidence="37">e</charParams>
<charParams l="277" t="1249" r="312" b="1280"> </charParams>
<charParams l="313" t="1249" r="329" b="1280" charConfidence="40">d</charParams>
<charParams l="333" t="1256" r="344" b="1279" charConfidence="30">e</charParams>
<charParams l="347" t="1255" r="361" b="1279" charConfidence="100">r</charParams>
<charParams l="362" t="1245" r="392" b="1280"> </charParams>
<charParams l="393" t="1245" r="426" b="1280" charConfidence="25">G</charParams>
<charParams l="430" t="1257" r="442" b="1280" charConfidence="26">e</charParams>
<charParams l="445" t="1248" r="454" b="1280" charConfidence="100">l</charParams>
<charParams l="456" t="1255" r="468" b="1279" charConfidence="100">e</charParams>
<charParams l="470" t="1255" r="487" b="1287" charConfidence="27">g</charParams>
<charParams l="491" t="1255" r="503" b="1279" charConfidence="26">e</charParams>
<charParams l="506" t="1254" r="522" b="1278" charConfidence="25">n</charParams>
<charParams l="527" t="1244" r="544" b="1285" charConfidence="93">h</charParams>
<charParams l="548" t="1253" r="560" b="1277" charConfidence="53">e</charParams>
<charParams l="564" t="1245" r="571" b="1276" charConfidence="86">i</charParams>
<charParams l="574" t="1249" r="586" b="1277" charConfidence="61">t</charParams>
<charParams l="587" t="1267" r="595" b="1276" charConfidence="100">.</charParams>
<charParams l="596" t="1239" r="648" b="1276"> </charParams>
<charParams l="649" t="1239" r="682" b="1274" charConfidence="24">G</charParams>
<charParams l="686" t="1249" r="698" b="1273" charConfidence="26">e</charParams>
<charParams l="701" t="1242" r="709" b="1273" charConfidence="33">l</charParams>
<charParams l="713" t="1248" r="725" b="1271" charConfidence="63">e</charParams>
<charParams l="726" t="1248" r="743" b="1279" charConfidence="25">g</charParams>
<charParams l="747" t="1248" r="759" b="1271" charConfidence="25">e</charParams>
<charParams l="761" t="1247" r="779" b="1271" charConfidence="33">n</charParams>
<charParams l="783" t="1238" r="800" b="1280" charConfidence="79">h</charParams>
<charParams l="804" t="1248" r="816" b="1271" charConfidence="34">e</charParams>
<charParams l="820" t="1240" r="828" b="1272" charConfidence="64">i</charParams>
<charParams l="831" t="1245" r="842" b="1271" charConfidence="45">t</charParams>
<charParams l="843" t="1245" r="872" b="1273"> </charParams>
<charParams l="873" t="1249" r="901" b="1273" charConfidence="30">m</charParams>
<charParams l="905" t="1250" r="920" b="1273" charConfidence="73">a</charParams>
<charParams l="925" t="1241" r="951" b="1281" charConfidence="57">c</charParams>
<charParams l="925" t="1241" r="951" b="1281" charConfidence="57">h</charParams>
<charParams l="955" t="1247" r="966" b="1273" charConfidence="100">t</charParams></formatting></line>
<line baseline="1339" l="173" t="1302" r="966" b="1350"><formatting lang="OldGerman">
<charParams l="173" t="1306" r="204" b="1338" charConfidence="96">V</charParams>
<charParams l="207" t="1316" r="218" b="1339" charConfidence="26">e</charParams>
<charParams l="222" t="1317" r="234" b="1340" charConfidence="47">r</charParams>
<charParams l="237" t="1308" r="254" b="1349" charConfidence="100">h</charParams>
<charParams l="258" t="1308" r="273" b="1341" charConfidence="22">ä</charParams>
<charParams l="278" t="1310" r="286" b="1341" charConfidence="34">l</charParams>
<charParams l="289" t="1315" r="298" b="1341" charConfidence="35">t</charParams>
<charParams l="302" t="1319" r="319" b="1342" charConfidence="28">n</charParams>
<charParams l="324" t="1311" r="331" b="1341" charConfidence="45">i</charParams>
<charParams l="335" t="1310" r="360" b="1346" charConfidence="98">s</charParams>
<charParams l="335" t="1310" r="360" b="1346" charConfidence="98">s</charParams>
<charParams l="357" t="1319" r="370" b="1342" charConfidence="49">e</charParams>
<charParams l="371" t="1318" r="391" b="1342"> </charParams>
<charParams l="392" t="1318" r="419" b="1342" charConfidence="30">w</charParams>
<charParams l="423" t="1311" r="431" b="1342" charConfidence="100">i</charParams>
<charParams l="435" t="1319" r="447" b="1342" charConfidence="57">e</charParams>
<charParams l="448" t="1310" r="470" b="1350"> </charParams>
<charParams l="471" t="1310" r="489" b="1350" charConfidence="83">s</charParams>
<charParams l="471" t="1310" r="489" b="1350" charConfidence="83">i</charParams>
<charParams l="492" t="1318" r="505" b="1341" charConfidence="33">e</charParams>
<charParams l="506" t="1307" r="527" b="1341"> </charParams>
<charParams l="528" t="1307" r="563" b="1340" charConfidence="78">D</charParams>
<charParams l="567" t="1308" r="575" b="1340" charConfidence="73">i</charParams>
<charParams l="578" t="1315" r="590" b="1338" charConfidence="35">e</charParams>
<charParams l="594" t="1304" r="609" b="1338" charConfidence="38">b</charParams>
<charParams l="613" t="1311" r="626" b="1338" charConfidence="54">e</charParams>
<charParams l="627" t="1311" r="647" b="1338"> </charParams>
<charParams l="648" t="1311" r="676" b="1336" charConfidence="100">m</charParams>
<charParams l="680" t="1311" r="695" b="1334" charConfidence="39">a</charParams>
<charParams l="699" t="1302" r="726" b="1342" charConfidence="61">c</charParams>
<charParams l="699" t="1302" r="726" b="1342" charConfidence="61">h</charParams>
<charParams l="730" t="1307" r="741" b="1335" charConfidence="61">t</charParams>
<charParams l="749" t="1312" r="759" b="1342" charConfidence="44">;</charParams>
<charParams l="760" t="1311" r="797" b="1342"> </charParams>
<charParams l="798" t="1311" r="816" b="1335" charConfidence="26">u</charParams>
<charParams l="819" t="1311" r="837" b="1336" charConfidence="100">n</charParams>
<charParams l="840" t="1305" r="857" b="1336" charConfidence="30">d</charParams>
<charParams l="858" t="1305" r="879" b="1338"> </charParams>
<charParams l="880" t="1312" r="907" b="1338" charConfidence="32">w</charParams>
<charParams l="911" t="1313" r="923" b="1337" charConfidence="29">e</charParams>
<charParams l="927" t="1314" r="943" b="1337" charConfidence="53">n</charParams>
<charParams l="947" t="1313" r="966" b="1337" charConfidence="25">n</charParams></formatting></line>
<line baseline="1400" l="171" t="1362" r="962" b="1410"><formatting lang="OldGerman">
<charParams l="171" t="1377" r="188" b="1399" charConfidence="59">v</charParams>
<charParams l="193" t="1376" r="207" b="1400" charConfidence="52">o</charParams>
<charParams l="210" t="1377" r="230" b="1400" charConfidence="25">n</charParams>
<charParams l="231" t="1370" r="257" b="1409"> </charParams>
<charParams l="258" t="1370" r="286" b="1409" charConfidence="-1">I</charParams>
<charParams l="290" t="1372" r="306" b="1410" charConfidence="89">h</charParams>
<charParams l="311" t="1381" r="324" b="1404" charConfidence="72">r</charParams>
<charParams l="327" t="1381" r="338" b="1404" charConfidence="26">e</charParams>
<charParams l="342" t="1381" r="359" b="1404" charConfidence="59">n</charParams>
<charParams l="360" t="1371" r="391" b="1406"> </charParams>
<charParams l="392" t="1371" r="427" b="1406" charConfidence="65">N</charParams>
<charParams l="431" t="1382" r="446" b="1405" charConfidence="34">a</charParams>
<charParams l="450" t="1378" r="461" b="1405" charConfidence="37">t</charParams>
<charParams l="464" t="1381" r="480" b="1404" suspicious="1" charConfidence="24">u</charParams>
<charParams l="484" t="1381" r="497" b="1404" charConfidence="39">r</charParams>
<charParams l="500" t="1372" r="512" b="1404" charConfidence="49">k</charParams>
<charParams l="515" t="1371" r="529" b="1402" suspicious="1" charConfidence="100">S</charParams>
<charParams l="533" t="1379" r="546" b="1403" charConfidence="54">r</charParams>
<charParams l="549" t="1378" r="564" b="1409" charConfidence="48">p</charParams>
<charParams l="568" t="1378" r="579" b="1401" suspicious="1" charConfidence="26">c</charParams>
<charParams l="584" t="1376" r="596" b="1400" charConfidence="58">r</charParams>
<charParams l="599" t="1375" r="617" b="1399" charConfidence="31">n</charParams>
<charParams l="618" t="1368" r="649" b="1399"> </charParams>
<charParams l="650" t="1368" r="665" b="1397" charConfidence="29">d</charParams>
<charParams l="670" t="1366" r="678" b="1398" charConfidence="39">i</charParams>
<charParams l="681" t="1373" r="693" b="1396" charConfidence="37">e</charParams>
<charParams l="694" t="1362" r="724" b="1397"> </charParams>
<charParams l="725" t="1362" r="756" b="1397" suspicious="1" charConfidence="27">R</charParams>
<charParams l="761" t="1373" r="772" b="1397" suspicious="1" charConfidence="100">e</charParams>
<charParams l="776" t="1366" r="791" b="1397" charConfidence="35">d</charParams>
<charParams l="795" t="1375" r="808" b="1398" charConfidence="31">e</charParams>
<charParams l="809" t="1368" r="840" b="1399"> </charParams>
<charParams l="841" t="1368" r="849" b="1399" charConfidence="47">i</charParams>
<charParams l="854" t="1368" r="874" b="1407" charConfidence="42">s</charParams>
<charParams l="854" t="1368" r="874" b="1407" charConfidence="42">t</charParams>
<charParams l="883" t="1391" r="893" b="1407" charConfidence="100">,</charParams>
<charParams l="894" t="1367" r="934" b="1407"> </charParams>
<charParams l="935" t="1367" r="948" b="1405" charConfidence="100">s</charParams>
<charParams l="947" t="1375" r="962" b="1397" charConfidence="36">o</charParams></formatting></line>
<line baseline="1463" l="171" t="1428" r="963" b="1473"><formatting lang="OldGerman">
<charParams l="171" t="1430" r="185" b="1468" charConfidence="77">s</charParams>
<charParams l="184" t="1430" r="210" b="1469" charConfidence="34">c</charParams>
<charParams l="184" t="1430" r="210" b="1469" charConfidence="34">h</charParams>
<charParams l="214" t="1439" r="225" b="1462" charConfidence="41">e</charParams>
<charParams l="229" t="1431" r="237" b="1462" charConfidence="100">i</charParams>
<charParams l="240" t="1440" r="256" b="1463" charConfidence="73">n</charParams>
<charParams l="261" t="1437" r="271" b="1464" charConfidence="51">t</charParams>
<charParams l="272" t="1437" r="303" b="1467"> </charParams>
<charParams l="304" t="1443" r="332" b="1467" charConfidence="32">m</charParams>
<charParams l="336" t="1436" r="344" b="1465" charConfidence="31">i</charParams>
<charParams l="348" t="1444" r="361" b="1468" charConfidence="62">r</charParams>
<charParams l="362" t="1438" r="394" b="1468"> </charParams>
<charParams l="395" t="1438" r="411" b="1467" charConfidence="29">d</charParams>
<charParams l="416" t="1437" r="424" b="1468" charConfidence="52">i</charParams>
<charParams l="427" t="1444" r="439" b="1468" charConfidence="28">e</charParams>
<charParams l="440" t="1433" r="470" b="1468"> </charParams>
<charParams l="471" t="1433" r="511" b="1467" charConfidence="54">W</charParams>
<charParams l="515" t="1443" r="530" b="1466" charConfidence="24">a</charParams>
<charParams l="534" t="1432" r="551" b="1473" charConfidence="85">h</charParams>
<charParams l="555" t="1433" r="563" b="1465" charConfidence="31">l</charParams>
<charParams l="564" t="1428" r="595" b="1465"> </charParams>
<charParams l="596" t="1428" r="611" b="1461" charConfidence="26">b</charParams>
<charParams l="616" t="1430" r="624" b="1461" charConfidence="82">l</charParams>
<charParams l="627" t="1437" r="641" b="1460" charConfidence="43">o</charParams>
<charParams l="645" t="1431" r="661" b="1459" charConfidence="100">s</charParams>
<charParams l="662" t="1428" r="696" b="1460"> </charParams>
<charParams l="697" t="1428" r="705" b="1460" charConfidence="45">i</charParams>
<charParams l="709" t="1436" r="727" b="1460" charConfidence="28">n</charParams>
<charParams l="728" t="1431" r="759" b="1461"> </charParams>
<charParams l="760" t="1431" r="776" b="1461" charConfidence="38">d</charParams>
<charParams l="780" t="1438" r="792" b="1462" charConfidence="35">e</charParams>
<charParams l="795" t="1439" r="814" b="1462" charConfidence="29">n</charParams>
<charParams l="815" t="1428" r="836" b="1469"> </charParams>
<charParams l="837" t="1428" r="869" b="1469" charConfidence="28">H</charParams>
<charParams l="872" t="1430" r="887" b="1461" charConfidence="27">ä</charParams>
<charParams l="892" t="1438" r="908" b="1461" charConfidence="74">n</charParams>
<charParams l="912" t="1430" r="927" b="1459" charConfidence="27">d</charParams>
<charParams l="931" t="1433" r="943" b="1459" charConfidence="100">e</charParams>
<charParams l="946" t="1434" r="963" b="1458" charConfidence="28">n</charParams></formatting></line></par>
</text>
</block>
</page>
</document>