﻿<?xml version="1.0" encoding="UTF-8" standalone="yes"?>
<document xmlns="http://www.abbyy.com/FineReader_xml/FineReader10-schema-v1.xml" version="1.0" producer="ABBYY FineReader Engine 11" languages="" xmlns:xsi="http://www.w3.org/2001/XMLSchema-instance" xsi:schemaLocation="http://www.abbyy.com/FineReader_xml/FineReader10-schema-v1.xml http://www.abbyy.com/FineReader_xml/FineReader10-schema-v1.xml">
<page width="1156" height="1782" resolution="300" originalCoords="1">
<block blockType="Text" blockName="">
<text>
<par startIndent="144">
<line baseline="120" l="565" t="89" r="606" b="124"><formatting lang="OldGerman">
<charParams l="565" t="96" r="582" b="124" charConfidence="-1">«</charParams>
<charParams l="586" t="89" r="606" b="120" charConfidence="32">6</charParams></formatting></line></par>
</text>
</block>
<block blockType="Text" blockName="">
<text>
<par align="Justified" startIndent="332" lineSpacing="1488">
<line baseline="212" l="188" t="177" r="978" b="226"><formatting lang="OldGerman">
<charParams l="188" t="186" r="205" b="216" charConfidence="25">d</charParams>
<charParams l="209" t="193" r="221" b="216" charConfidence="26">e</charParams>
<charParams l="224" t="189" r="240" b="217" charConfidence="-1">s</charParams>
<charParams l="241" t="184" r="263" b="219"> </charParams>
<charParams l="264" t="184" r="289" b="219" charConfidence="34">C</charParams>
<charParams l="292" t="183" r="309" b="226" charConfidence="30">h</charParams>
<charParams l="313" t="194" r="324" b="216" charConfidence="100">e</charParams>
<charParams l="328" t="193" r="356" b="217" charConfidence="62">m</charParams>
<charParams l="359" t="185" r="367" b="215" charConfidence="67">i</charParams>
<charParams l="370" t="183" r="383" b="216" charConfidence="27">k</charParams>
<charParams l="385" t="192" r="397" b="216" charConfidence="30">e</charParams>
<charParams l="400" t="192" r="413" b="216" charConfidence="27">r</charParams>
<charParams l="416" t="187" r="432" b="215" charConfidence="100">s</charParams>
<charParams l="433" t="187" r="453" b="223"> </charParams>
<charParams l="454" t="188" r="466" b="223" suspicious="1" charConfidence="26">j</charParams>
<charParams l="469" t="189" r="488" b="212" suspicious="1" charConfidence="35">u</charParams>
<charParams l="489" t="178" r="511" b="212"> </charParams>
<charParams l="512" t="178" r="521" b="208" charConfidence="38">l</charParams>
<charParams l="523" t="177" r="531" b="208" charConfidence="42">i</charParams>
<charParams l="534" t="185" r="546" b="208" charConfidence="38">e</charParams>
<charParams l="548" t="185" r="564" b="216" charConfidence="27">g</charParams>
<charParams l="568" t="185" r="580" b="208" charConfidence="32">e</charParams>
<charParams l="584" t="185" r="602" b="208" charConfidence="25">n</charParams>
<charParams l="608" t="198" r="619" b="214" charConfidence="88">,</charParams>
<charParams l="620" t="177" r="644" b="214"> </charParams>
<charParams l="645" t="177" r="661" b="207" charConfidence="30">d</charParams>
<charParams l="664" t="184" r="676" b="207" charConfidence="33">e</charParams>
<charParams l="680" t="184" r="693" b="208" suspicious="1" charConfidence="67">r</charParams>
<charParams l="694" t="179" r="716" b="209"> </charParams>
<charParams l="717" t="179" r="733" b="209" charConfidence="29">d</charParams>
<charParams l="737" t="179" r="745" b="209" charConfidence="55">i</charParams>
<charParams l="748" t="188" r="760" b="210" charConfidence="25">e</charParams>
<charParams l="763" t="180" r="777" b="217" charConfidence="53">s</charParams>
<charParams l="775" t="190" r="788" b="213" charConfidence="29">e</charParams>
<charParams l="789" t="177" r="811" b="213"> </charParams>
<charParams l="812" t="177" r="852" b="212" charConfidence="27">W</charParams>
<charParams l="855" t="188" r="867" b="211" charConfidence="31">e</charParams>
<charParams l="870" t="179" r="884" b="218" charConfidence="100">s</charParams>
<charParams l="882" t="188" r="894" b="211" charConfidence="26">e</charParams>
<charParams l="897" t="188" r="914" b="212" charConfidence="63">n</charParams>
<charParams l="915" t="188" r="930" b="223"> </charParams>
<charParams l="931" t="189" r="944" b="223" charConfidence="23">z</charParams>
<charParams l="946" t="193" r="965" b="216" charConfidence="61">u</charParams>
<charParams l="968" t="198" r="978" b="214" charConfidence="22">¬</charParams></formatting></line>
<line baseline="274" l="188" t="238" r="979" b="287"><formatting lang="OldGerman">
<charParams l="188" t="248" r="204" b="287" charConfidence="100">s</charParams>
<charParams l="202" t="256" r="217" b="280" charConfidence="80">a</charParams>
<charParams l="221" t="256" r="248" b="280" charConfidence="100">m</charParams>
<charParams l="252" t="254" r="279" b="280" charConfidence="28">m</charParams>
<charParams l="283" t="256" r="295" b="280" charConfidence="28">e</charParams>
<charParams l="298" t="256" r="314" b="280" charConfidence="41">n</charParams>
<charParams l="320" t="247" r="334" b="280" charConfidence="35">b</charParams>
<charParams l="339" t="256" r="351" b="279" charConfidence="59">r</charParams>
<charParams l="355" t="248" r="362" b="279" charConfidence="60">i</charParams>
<charParams l="366" t="254" r="381" b="278" charConfidence="34">n</charParams>
<charParams l="385" t="254" r="400" b="285" charConfidence="25">g</charParams>
<charParams l="405" t="251" r="415" b="277" charConfidence="100">t</charParams>
<charParams l="417" t="268" r="426" b="276" charConfidence="96">.</charParams>
<charParams l="427" t="238" r="476" b="276"> </charParams>
<charParams l="477" t="238" r="512" b="271" charConfidence="28">S</charParams>
<charParams l="516" t="239" r="524" b="269" charConfidence="27">i</charParams>
<charParams l="527" t="246" r="545" b="269" charConfidence="100">n</charParams>
<charParams l="549" t="241" r="564" b="270" charConfidence="25">d</charParams>
<charParams l="565" t="238" r="603" b="277"> </charParams>
<charParams l="604" t="238" r="614" b="277" charConfidence="25">s</charParams>
<charParams l="614" t="238" r="623" b="268" charConfidence="-1">i</charParams>
<charParams l="626" t="245" r="639" b="268" charConfidence="29">e</charParams>
<charParams l="640" t="245" r="678" b="269"> </charParams>
<charParams l="679" t="248" r="694" b="269" charConfidence="31">a</charParams>
<charParams l="699" t="238" r="713" b="271" charConfidence="28">b</charParams>
<charParams l="717" t="248" r="729" b="272" charConfidence="26">e</charParams>
<charParams l="733" t="249" r="746" b="272" charConfidence="35">r</charParams>
<charParams l="747" t="249" r="775" b="274"> </charParams>
<charParams l="776" t="251" r="788" b="274" charConfidence="63">e</charParams>
<charParams l="791" t="244" r="800" b="274" charConfidence="73">i</charParams>
<charParams l="803" t="250" r="819" b="274" charConfidence="25">n</charParams>
<charParams l="824" t="251" r="851" b="275" charConfidence="100">m</charParams>
<charParams l="855" t="251" r="870" b="273" charConfidence="25">a</charParams>
<charParams l="875" t="244" r="883" b="274" charConfidence="86">l</charParams>
<charParams l="884" t="242" r="914" b="274"> </charParams>
<charParams l="915" t="242" r="930" b="273" charConfidence="100">b</charParams>
<charParams l="935" t="251" r="946" b="273" charConfidence="25">e</charParams>
<charParams l="950" t="252" r="965" b="284" charConfidence="26">y</charParams>
<charParams l="968" t="256" r="979" b="272" charConfidence="22">¬</charParams></formatting></line>
<line baseline="335" l="188" t="297" r="979" b="349"><formatting lang="OldGerman">
<charParams l="188" t="309" r="202" b="349" charConfidence="50">s</charParams>
<charParams l="200" t="319" r="216" b="342" charConfidence="26">a</charParams>
<charParams l="220" t="317" r="247" b="342" charConfidence="100">m</charParams>
<charParams l="251" t="317" r="278" b="341" charConfidence="54">m</charParams>
<charParams l="282" t="317" r="295" b="340" charConfidence="35">e</charParams>
<charParams l="297" t="317" r="315" b="340" charConfidence="100">n</charParams>
<charParams l="324" t="330" r="334" b="345" charConfidence="100">,</charParams>
<charParams l="335" t="310" r="357" b="345"> </charParams>
<charParams l="358" t="310" r="374" b="339" charConfidence="32">d</charParams>
<charParams l="378" t="316" r="393" b="338" charConfidence="25">a</charParams>
<charParams l="397" t="315" r="414" b="338" charConfidence="100">n</charParams>
<charParams l="418" t="313" r="435" b="337" charConfidence="25">n</charParams>
<charParams l="436" t="311" r="451" b="342"> </charParams>
<charParams l="452" t="311" r="469" b="342" charConfidence="26">g</charParams>
<charParams l="472" t="309" r="490" b="332" charConfidence="73">n</charParams>
<charParams l="493" t="308" r="508" b="331" charConfidence="36">a</charParams>
<charParams l="512" t="302" r="528" b="331" charConfidence="35">d</charParams>
<charParams l="532" t="308" r="545" b="331" charConfidence="47">e</charParams>
<charParams l="546" t="301" r="562" b="331"> </charParams>
<charParams l="563" t="301" r="571" b="331" charConfidence="32">i</charParams>
<charParams l="575" t="299" r="591" b="339" charConfidence="63">h</charParams>
<charParams l="595" t="307" r="612" b="330" charConfidence="70">n</charParams>
<charParams l="616" t="307" r="628" b="329" charConfidence="29">e</charParams>
<charParams l="631" t="306" r="649" b="330" charConfidence="28">n</charParams>
<charParams l="650" t="297" r="666" b="331"> </charParams>
<charParams l="667" t="297" r="700" b="331" charConfidence="26">G</charParams>
<charParams l="705" t="309" r="719" b="331" charConfidence="34">o</charParams>
<charParams l="722" t="305" r="732" b="332" charConfidence="50">t</charParams>
<charParams l="736" t="306" r="747" b="332" charConfidence="54">t</charParams>
<charParams l="756" t="304" r="763" b="333" charConfidence="100">!</charParams>
<charParams l="764" t="303" r="787" b="342"> </charParams>
<charParams l="788" t="303" r="816" b="342" suspicious="1" charConfidence="-1">I</charParams>
<charParams l="820" t="314" r="837" b="336" charConfidence="48">n</charParams>
<charParams l="838" t="307" r="853" b="337"> </charParams>
<charParams l="854" t="307" r="870" b="337" charConfidence="28">d</charParams>
<charParams l="874" t="313" r="886" b="337" charConfidence="26">e</charParams>
<charParams l="889" t="312" r="918" b="336" charConfidence="100">m</charParams>
<charParams l="919" t="312" r="934" b="344"> </charParams>
<charParams l="935" t="313" r="951" b="344" charConfidence="43">g</charParams>
<charParams l="955" t="313" r="968" b="337" charConfidence="32">e</charParams>
<charParams l="969" t="317" r="979" b="333" charConfidence="22">¬</charParams></formatting></line>
<line baseline="396" l="187" t="362" r="979" b="411"><formatting lang="OldGerman">
<charParams l="187" t="380" r="205" b="411" charConfidence="26">g</charParams>
<charParams l="209" t="379" r="221" b="402" charConfidence="57">e</charParams>
<charParams l="224" t="379" r="241" b="402" charConfidence="79">n</charParams>
<charParams l="244" t="377" r="269" b="402" charConfidence="43">w</charParams>
<charParams l="273" t="370" r="288" b="402" charConfidence="28">ä</charParams>
<charParams l="292" t="378" r="305" b="402" charConfidence="100">r</charParams>
<charParams l="308" t="376" r="318" b="401" charConfidence="52">t</charParams>
<charParams l="321" t="371" r="329" b="401" charConfidence="28">i</charParams>
<charParams l="331" t="379" r="348" b="409" charConfidence="40">g</charParams>
<charParams l="352" t="378" r="363" b="400" charConfidence="25">e</charParams>
<charParams l="366" t="376" r="384" b="400" charConfidence="60">n</charParams>
<charParams l="385" t="364" r="415" b="403"> </charParams>
<charParams l="416" t="364" r="439" b="403" charConfidence="25">F</charParams>
<charParams l="441" t="372" r="456" b="395" charConfidence="25">a</charParams>
<charParams l="460" t="363" r="469" b="394" charConfidence="46">l</charParams>
<charParams l="469" t="363" r="478" b="395" charConfidence="50">l</charParams>
<charParams l="480" t="371" r="493" b="394" charConfidence="39">e</charParams>
<charParams l="494" t="364" r="523" b="394"> </charParams>
<charParams l="524" t="364" r="540" b="393" charConfidence="31">d</charParams>
<charParams l="544" t="369" r="559" b="392" charConfidence="33">a</charParams>
<charParams l="563" t="369" r="581" b="392" charConfidence="24">u</charParams>
<charParams l="584" t="369" r="596" b="392" charConfidence="72">e</charParams>
<charParams l="598" t="368" r="611" b="392" charConfidence="100">r</charParams>
<charParams l="614" t="365" r="625" b="391" charConfidence="41">t</charParams>
<charParams l="626" t="365" r="656" b="391"> </charParams>
<charParams l="657" t="368" r="685" b="391" charConfidence="72">m</charParams>
<charParams l="689" t="369" r="697" b="391" suspicious="1" charConfidence="26">,</charParams>
<charParams l="700" t="362" r="727" b="398" charConfidence="51">c</charParams>
<charParams l="700" t="362" r="727" b="398" suspicious="1" charConfidence="51">h</charParams>
<charParams l="728" t="362" r="751" b="398"> </charParams>
<charParams l="752" t="370" r="770" b="394" charConfidence="43">n</charParams>
<charParams l="773" t="373" r="791" b="395" charConfidence="35">u</charParams>
<charParams l="793" t="374" r="807" b="396" charConfidence="89">r</charParams>
<charParams l="808" t="368" r="830" b="398"> </charParams>
<charParams l="831" t="368" r="847" b="398" charConfidence="27">d</charParams>
<charParams l="851" t="369" r="859" b="399" charConfidence="37">i</charParams>
<charParams l="862" t="377" r="875" b="399" charConfidence="32">e</charParams>
<charParams l="876" t="377" r="897" b="399"> </charParams>
<charParams l="898" t="377" r="914" b="399" charConfidence="26">a</charParams>
<charParams l="919" t="376" r="931" b="400" charConfidence="47">r</charParams>
<charParams l="934" t="375" r="961" b="400" charConfidence="100">m</charParams>
<charParams l="965" t="376" r="979" b="400" charConfidence="27">e</charParams></formatting></line>
<line baseline="459" l="187" t="422" r="978" b="469"><formatting lang="OldGerman">
<charParams l="187" t="431" r="205" b="465" charConfidence="34">L</charParams>
<charParams l="209" t="441" r="225" b="463" charConfidence="58">u</charParams>
<charParams l="228" t="431" r="242" b="469" charConfidence="58">s</charParams>
<charParams l="242" t="438" r="251" b="463" charConfidence="41">t</charParams>
<charParams l="255" t="432" r="267" b="469" suspicious="1" charConfidence="40">f</charParams>
<charParams l="265" t="430" r="280" b="462" charConfidence="37">ä</charParams>
<charParams l="283" t="439" r="301" b="462" charConfidence="61">u</charParams>
<charParams l="304" t="439" r="318" b="462" charConfidence="100">r</charParams>
<charParams l="320" t="439" r="333" b="461" charConfidence="49">e</charParams>
<charParams l="342" t="452" r="351" b="468" charConfidence="100">,</charParams>
<charParams l="352" t="431" r="375" b="468"> </charParams>
<charParams l="376" t="431" r="391" b="459" charConfidence="28">d</charParams>
<charParams l="395" t="428" r="403" b="459" charConfidence="78">i</charParams>
<charParams l="406" t="435" r="419" b="457" charConfidence="25">e</charParams>
<charParams l="420" t="425" r="441" b="465"> </charParams>
<charParams l="442" t="425" r="461" b="465" charConfidence="86">s</charParams>
<charParams l="442" t="425" r="461" b="465" charConfidence="86">i</charParams>
<charParams l="463" t="424" r="490" b="464" charConfidence="44">c</charParams>
<charParams l="463" t="424" r="490" b="464" charConfidence="44">h</charParams>
<charParams l="491" t="424" r="513" b="464"> </charParams>
<charParams l="514" t="429" r="541" b="457" suspicious="1" charConfidence="29">w</charParams>
<charParams l="544" t="423" r="553" b="456" charConfidence="51">i</charParams>
<charParams l="556" t="431" r="568" b="455" charConfidence="27">e</charParams>
<charParams l="572" t="424" r="587" b="455" charConfidence="33">d</charParams>
<charParams l="591" t="430" r="603" b="455" charConfidence="39">e</charParams>
<charParams l="606" t="430" r="620" b="454" charConfidence="34">r</charParams>
<charParams l="621" t="423" r="644" b="455"> </charParams>
<charParams l="645" t="423" r="653" b="455" charConfidence="26">i</charParams>
<charParams l="657" t="429" r="685" b="454" charConfidence="55">m</charParams>
<charParams l="686" t="422" r="704" b="458"> </charParams>
<charParams l="705" t="422" r="732" b="458" charConfidence="27">U</charParams>
<charParams l="734" t="430" r="751" b="456" charConfidence="29">n</charParams>
<charParams l="755" t="432" r="768" b="456" charConfidence="92">e</charParams>
<charParams l="770" t="433" r="788" b="457" charConfidence="38">n</charParams>
<charParams l="791" t="428" r="807" b="457" charConfidence="26">d</charParams>
<charParams l="811" t="428" r="819" b="458" charConfidence="33">l</charParams>
<charParams l="822" t="428" r="830" b="458" charConfidence="100">i</charParams>
<charParams l="834" t="428" r="861" b="467" charConfidence="68">c</charParams>
<charParams l="834" t="428" r="861" b="467" charConfidence="68">h</charParams>
<charParams l="864" t="437" r="877" b="460" charConfidence="26">e</charParams>
<charParams l="878" t="437" r="897" b="460" charConfidence="100">n</charParams>
<charParams l="898" t="429" r="914" b="469"> </charParams>
<charParams l="915" t="429" r="934" b="469" suspicious="1" charConfidence="54">h</charParams>
<charParams l="937" t="438" r="949" b="462" charConfidence="68">e</charParams>
<charParams l="952" t="438" r="966" b="463" charConfidence="69">r</charParams>
<charParams l="968" t="440" r="978" b="460" charConfidence="22">¬</charParams></formatting></line>
<line baseline="519" l="186" t="486" r="452" b="525"><formatting lang="OldGerman">
<charParams l="186" t="500" r="204" b="524" charConfidence="30">u</charParams>
<charParams l="208" t="499" r="235" b="523" charConfidence="100">m</charParams>
<charParams l="238" t="497" r="249" b="523" charConfidence="51">t</charParams>
<charParams l="252" t="500" r="265" b="523" charConfidence="52">r</charParams>
<charParams l="267" t="499" r="279" b="522" charConfidence="25">e</charParams>
<charParams l="283" t="492" r="292" b="525" charConfidence="98">i</charParams>
<charParams l="294" t="490" r="310" b="522" charConfidence="26">b</charParams>
<charParams l="314" t="498" r="325" b="521" charConfidence="55">e</charParams>
<charParams l="329" t="498" r="347" b="521" charConfidence="28">n</charParams>
<charParams l="348" t="496" r="369" b="521"> </charParams>
<charParams l="370" t="496" r="398" b="521" charConfidence="35">m</charParams>
<charParams l="403" t="495" r="419" b="519" charConfidence="29">u</charParams>
<charParams l="422" t="486" r="439" b="524" charConfidence="29">ß</charParams>
<charParams l="442" t="507" r="452" b="521" charConfidence="55">.</charParams></formatting></line></par>
<par align="Justified" startIndent="1904" lineSpacing="1512">
<line baseline="647" l="252" t="612" r="978" b="655"><formatting lang="OldGerman">
<charParams l="252" t="612" r="279" b="648" charConfidence="37">E</charParams>
<charParams l="282" t="618" r="297" b="647" charConfidence="94">s</charParams>
<charParams l="298" t="614" r="317" b="647"> </charParams>
<charParams l="318" t="614" r="331" b="647" charConfidence="60">k</charParams>
<charParams l="333" t="623" r="347" b="648" charConfidence="64">o</charParams>
<charParams l="352" t="621" r="378" b="647" charConfidence="55">m</charParams>
<charParams l="383" t="622" r="411" b="647" charConfidence="100">m</charParams>
<charParams l="414" t="618" r="426" b="648" charConfidence="65">t</charParams>
<charParams l="427" t="618" r="448" b="648"> </charParams>
<charParams l="449" t="622" r="466" b="647" charConfidence="49">n</charParams>
<charParams l="471" t="622" r="487" b="647" charConfidence="28">u</charParams>
<charParams l="491" t="622" r="504" b="647" charConfidence="24">r</charParams>
<charParams l="505" t="622" r="527" b="647"> </charParams>
<charParams l="528" t="622" r="544" b="647" charConfidence="36">a</charParams>
<charParams l="548" t="622" r="564" b="647" suspicious="1" charConfidence="24">n</charParams>
<charParams l="569" t="612" r="582" b="654" suspicious="1" charConfidence="41">f</charParams>
<charParams l="583" t="612" r="601" b="655"> </charParams>
<charParams l="602" t="614" r="621" b="655" charConfidence="86">s</charParams>
<charParams l="602" t="614" r="621" b="655" charConfidence="86">i</charParams>
<charParams l="624" t="622" r="636" b="646" charConfidence="31">e</charParams>
<charParams l="637" t="622" r="667" b="646"> </charParams>
<charParams l="668" t="622" r="683" b="645" charConfidence="24">a</charParams>
<charParams l="688" t="621" r="705" b="646" charConfidence="41">n</charParams>
<charParams l="716" t="637" r="725" b="653" charConfidence="100">,</charParams>
<charParams l="726" t="620" r="768" b="653"> </charParams>
<charParams l="769" t="620" r="788" b="646" charConfidence="40">v</charParams>
<charParams l="792" t="622" r="803" b="646" charConfidence="100">e</charParams>
<charParams l="806" t="621" r="819" b="647" charConfidence="47">r</charParams>
<charParams l="822" t="613" r="836" b="653" charConfidence="48">s</charParams>
<charParams l="834" t="622" r="846" b="646" charConfidence="27">e</charParams>
<charParams l="849" t="616" r="867" b="654" charConfidence="35">t</charParams>
<charParams l="849" t="616" r="867" b="654" charConfidence="35">z</charParams>
<charParams l="870" t="618" r="880" b="646" charConfidence="49">t</charParams>
<charParams l="883" t="622" r="896" b="646" charConfidence="72">e</charParams>
<charParams l="897" t="614" r="929" b="646"> </charParams>
<charParams l="930" t="614" r="946" b="645" charConfidence="30">d</charParams>
<charParams l="950" t="623" r="962" b="646" charConfidence="29">e</charParams>
<charParams l="965" t="623" r="978" b="648" charConfidence="24">r</charParams></formatting></line>
<line baseline="711" l="186" t="675" r="979" b="721"><formatting lang="OldGerman">
<charParams l="186" t="677" r="218" b="719" suspicious="1" charConfidence="17">H</charParams>
<charParams l="223" t="689" r="237" b="712" charConfidence="24">a</charParams>
<charParams l="242" t="689" r="258" b="712" suspicious="1" charConfidence="26">u</charParams>
<charParams l="262" t="689" r="278" b="720" charConfidence="38">p</charParams>
<charParams l="282" t="684" r="291" b="712" charConfidence="36">t</charParams>
<charParams l="295" t="688" r="312" b="712" suspicious="1" charConfidence="37">n</charParams>
<charParams l="314" t="689" r="321" b="712" suspicious="1" charConfidence="96">i</charParams>
<charParams l="325" t="689" r="341" b="711" charConfidence="26">a</charParams>
<charParams l="346" t="689" r="361" b="712" charConfidence="34">n</charParams>
<charParams l="366" t="689" r="384" b="713" suspicious="1" charConfidence="42">n</charParams>
<charParams l="393" t="704" r="401" b="718" charConfidence="71">,</charParams>
<charParams l="402" t="680" r="431" b="720"> </charParams>
<charParams l="432" t="680" r="452" b="720" charConfidence="100">s</charParams>
<charParams l="432" t="680" r="452" b="720" charConfidence="100">i</charParams>
<charParams l="455" t="679" r="481" b="718" charConfidence="58">c</charParams>
<charParams l="455" t="679" r="481" b="718" charConfidence="58">h</charParams>
<charParams l="482" t="679" r="506" b="718"> </charParams>
<charParams l="507" t="687" r="534" b="712" charConfidence="70">m</charParams>
<charParams l="539" t="681" r="546" b="711" charConfidence="26">i</charParams>
<charParams l="550" t="684" r="560" b="711" charConfidence="64">t</charParams>
<charParams l="561" t="681" r="584" b="711"> </charParams>
<charParams l="585" t="681" r="600" b="711" charConfidence="25">d</charParams>
<charParams l="604" t="688" r="615" b="711" charConfidence="49">e</charParams>
<charParams l="619" t="687" r="648" b="711" suspicious="1" charConfidence="33">m</charParams>
<charParams l="649" t="676" r="671" b="711"> </charParams>
<charParams l="672" t="676" r="712" b="711" charConfidence="100">W</charParams>
<charParams l="716" t="687" r="731" b="710" charConfidence="100">a</charParams>
<charParams l="736" t="678" r="761" b="715" charConfidence="90">s</charParams>
<charParams l="736" t="678" r="761" b="715" charConfidence="90">s</charParams>
<charParams l="759" t="687" r="770" b="710" charConfidence="25">e</charParams>
<charParams l="773" t="686" r="787" b="710" charConfidence="45">r</charParams>
<charParams l="788" t="686" r="808" b="721"> </charParams>
<charParams l="809" t="686" r="822" b="721" charConfidence="37">z</charParams>
<charParams l="826" t="687" r="843" b="711" charConfidence="67">u</charParams>
<charParams l="844" t="686" r="866" b="711"> </charParams>
<charParams l="867" t="686" r="884" b="711" charConfidence="63">v</charParams>
<charParams l="888" t="686" r="900" b="710" charConfidence="50">e</charParams>
<charParams l="903" t="685" r="916" b="709" charConfidence="100">r</charParams>
<charParams l="919" t="675" r="934" b="709" charConfidence="27">b</charParams>
<charParams l="938" t="677" r="946" b="709" charConfidence="31">i</charParams>
<charParams l="949" t="685" r="966" b="709" charConfidence="72">n</charParams>
<charParams l="969" t="689" r="979" b="708" charConfidence="98">¬</charParams></formatting></line>
<line baseline="775" l="187" t="740" r="978" b="784"><formatting lang="OldGerman">
<charParams l="187" t="745" r="202" b="775" charConfidence="26">d</charParams>
<charParams l="207" t="752" r="218" b="774" charConfidence="100">e</charParams>
<charParams l="222" t="752" r="240" b="775" charConfidence="67">n</charParams>
<charParams l="241" t="752" r="280" b="777"> </charParams>
<charParams l="281" t="753" r="298" b="777" charConfidence="27">u</charParams>
<charParams l="302" t="753" r="318" b="776" charConfidence="52">n</charParams>
<charParams l="323" t="746" r="339" b="776" charConfidence="29">d</charParams>
<charParams l="340" t="746" r="377" b="776"> </charParams>
<charParams l="378" t="753" r="393" b="775" charConfidence="31">a</charParams>
<charParams l="398" t="745" r="406" b="776" charConfidence="42">l</charParams>
<charParams l="409" t="747" r="424" b="776" charConfidence="-1">s</charParams>
<charParams l="425" t="741" r="463" b="776"> </charParams>
<charParams l="464" t="741" r="508" b="776" charConfidence="30">M</charParams>
<charParams l="511" t="744" r="518" b="775" charConfidence="100">i</charParams>
<charParams l="522" t="751" r="539" b="775" charConfidence="100">n</charParams>
<charParams l="543" t="752" r="555" b="775" charConfidence="51">e</charParams>
<charParams l="558" t="751" r="571" b="775" charConfidence="100">r</charParams>
<charParams l="573" t="751" r="589" b="774" charConfidence="54">a</charParams>
<charParams l="593" t="743" r="603" b="775" charConfidence="100">l</charParams>
<charParams l="603" t="751" r="618" b="784" charConfidence="100">q</charParams>
<charParams l="622" t="751" r="639" b="774" charConfidence="40">u</charParams>
<charParams l="643" t="751" r="655" b="775" charConfidence="24">e</charParams>
<charParams l="659" t="741" r="668" b="773" charConfidence="41">l</charParams>
<charParams l="668" t="742" r="676" b="774" charConfidence="100">l</charParams>
<charParams l="679" t="751" r="692" b="775" charConfidence="25">e</charParams>
<charParams l="693" t="740" r="722" b="775"> </charParams>
<charParams l="723" t="740" r="755" b="775" charConfidence="26">G</charParams>
<charParams l="760" t="751" r="772" b="774" charConfidence="41">e</charParams>
<charParams l="776" t="742" r="788" b="781" charConfidence="27">s</charParams>
<charParams l="786" t="750" r="803" b="774" charConfidence="54">u</charParams>
<charParams l="807" t="750" r="824" b="774" charConfidence="65">n</charParams>
<charParams l="828" t="744" r="843" b="774" charConfidence="26">d</charParams>
<charParams l="848" t="749" r="859" b="774" charConfidence="27">e</charParams>
<charParams l="862" t="749" r="881" b="774" charConfidence="65">n</charParams>
<charParams l="882" t="749" r="918" b="774"> </charParams>
<charParams l="919" t="749" r="938" b="773" charConfidence="100">u</charParams>
<charParams l="941" t="748" r="957" b="772" charConfidence="25">n</charParams>
<charParams l="962" t="741" r="978" b="772" charConfidence="30">d</charParams></formatting></line>
<line baseline="836" l="186" t="805" r="796" b="847"><formatting lang="OldGerman">
<charParams l="186" t="805" r="218" b="841" charConfidence="28">K</charParams>
<charParams l="220" t="814" r="233" b="838" charConfidence="90">r</charParams>
<charParams l="235" t="814" r="251" b="838" charConfidence="32">a</charParams>
<charParams l="255" t="815" r="271" b="838" charConfidence="53">n</charParams>
<charParams l="276" t="806" r="288" b="839" charConfidence="68">k</charParams>
<charParams l="290" t="815" r="302" b="838" charConfidence="33">e</charParams>
<charParams l="305" t="815" r="322" b="838" charConfidence="41">n</charParams>
<charParams l="323" t="814" r="345" b="847"> </charParams>
<charParams l="346" t="814" r="359" b="847" charConfidence="30">z</charParams>
<charParams l="362" t="815" r="379" b="838" charConfidence="53">u</charParams>
<charParams l="383" t="814" r="397" b="837" charConfidence="26">r</charParams>
<charParams l="398" t="805" r="419" b="837"> </charParams>
<charParams l="420" t="805" r="447" b="837" charConfidence="29">E</charParams>
<charParams l="449" t="814" r="463" b="837" charConfidence="84">r</charParams>
<charParams l="465" t="815" r="479" b="844" charConfidence="100">q</charParams>
<charParams l="484" t="813" r="501" b="837" charConfidence="61">u</charParams>
<charParams l="504" t="807" r="513" b="837" charConfidence="27">i</charParams>
<charParams l="516" t="815" r="528" b="836" charConfidence="49">c</charParams>
<charParams l="528" t="806" r="540" b="837" charConfidence="48">k</charParams>
<charParams l="543" t="814" r="560" b="837" charConfidence="33">u</charParams>
<charParams l="564" t="813" r="581" b="836" charConfidence="55">n</charParams>
<charParams l="583" t="813" r="602" b="844" charConfidence="83">g</charParams>
<charParams l="603" t="813" r="625" b="846"> </charParams>
<charParams l="626" t="813" r="638" b="846" charConfidence="54">z</charParams>
<charParams l="642" t="813" r="659" b="836" charConfidence="51">u</charParams>
<charParams l="660" t="807" r="683" b="836"> </charParams>
<charParams l="684" t="807" r="700" b="835" charConfidence="41">d</charParams>
<charParams l="704" t="805" r="711" b="836" charConfidence="100">i</charParams>
<charParams l="715" t="813" r="727" b="835" charConfidence="57">e</charParams>
<charParams l="730" t="812" r="747" b="835" charConfidence="35">n</charParams>
<charParams l="751" t="813" r="764" b="835" charConfidence="26">e</charParams>
<charParams l="767" t="813" r="784" b="835" charConfidence="26">n</charParams>
<charParams l="786" t="826" r="796" b="837" charConfidence="55">.</charParams></formatting></line></par>
<par align="Justified" startIndent="1904" lineSpacing="1464">
<line baseline="954" l="253" t="920" r="976" b="963"><formatting lang="OldGerman">
<charParams l="253" t="925" r="289" b="956" charConfidence="35">D</charParams>
<charParams l="293" t="934" r="305" b="956" charConfidence="33">e</charParams>
<charParams l="308" t="934" r="322" b="956" charConfidence="36">r</charParams>
<charParams l="323" t="924" r="345" b="956"> </charParams>
<charParams l="346" t="924" r="379" b="956" charConfidence="27">G</charParams>
<charParams l="383" t="933" r="398" b="963" suspicious="1" charConfidence="22">y</charParams>
<charParams l="401" t="932" r="417" b="962" charConfidence="100">p</charParams>
<charParams l="421" t="929" r="438" b="956" suspicious="1" charConfidence="95">S</charParams>
<charParams l="439" t="925" r="461" b="963"> </charParams>
<charParams l="462" t="925" r="479" b="963" suspicious="1" charConfidence="62">h</charParams>
<charParams l="483" t="934" r="499" b="955" charConfidence="24">a</charParams>
<charParams l="502" t="931" r="514" b="956" charConfidence="65">t</charParams>
<charParams l="515" t="931" r="526" b="962"> </charParams>
<charParams l="527" t="933" r="545" b="962" charConfidence="25">g</charParams>
<charParams l="548" t="933" r="566" b="955" charConfidence="66">u</charParams>
<charParams l="569" t="930" r="581" b="955" charConfidence="45">t</charParams>
<charParams l="582" t="930" r="599" b="955"> </charParams>
<charParams l="600" t="932" r="614" b="953" charConfidence="51">r</charParams>
<charParams l="616" t="932" r="628" b="953" charConfidence="26">e</charParams>
<charParams l="631" t="926" r="647" b="953" charConfidence="32">d</charParams>
<charParams l="651" t="931" r="663" b="952" charConfidence="33">e</charParams>
<charParams l="666" t="930" r="684" b="953" charConfidence="-1">»</charParams>
<charParams l="685" t="944" r="696" b="958" charConfidence="84">,</charParams>
<charParams l="697" t="922" r="719" b="958"> </charParams>
<charParams l="720" t="922" r="735" b="958" charConfidence="26">s</charParams>
<charParams l="732" t="931" r="748" b="951" charConfidence="51">a</charParams>
<charParams l="749" t="930" r="767" b="959" charConfidence="26">g</charParams>
<charParams l="770" t="927" r="782" b="953" charConfidence="37">t</charParams>
<charParams l="783" t="930" r="797" b="952" charConfidence="28">e</charParams>
<charParams l="798" t="921" r="811" b="953"> </charParams>
<charParams l="812" t="921" r="837" b="953" charConfidence="31">C</charParams>
<charParams l="840" t="920" r="857" b="960" charConfidence="66">h</charParams>
<charParams l="861" t="929" r="876" b="951" charConfidence="54">a</charParams>
<charParams l="880" t="928" r="894" b="952" charConfidence="33">r</charParams>
<charParams l="897" t="922" r="906" b="952" charConfidence="31">l</charParams>
<charParams l="908" t="930" r="922" b="952" charConfidence="48">o</charParams>
<charParams l="926" t="926" r="936" b="952" charConfidence="55">t</charParams>
<charParams l="939" t="926" r="949" b="954" charConfidence="80">t</charParams>
<charParams l="952" t="931" r="965" b="954" charConfidence="25">e</charParams>
<charParams l="965" t="946" r="976" b="962" charConfidence="73">,</charParams></formatting></line>
<line baseline="1013" l="185" t="978" r="977" b="1023"><formatting lang="OldGerman">
<charParams l="185" t="986" r="202" b="1017" charConfidence="55">d</charParams>
<charParams l="206" t="993" r="218" b="1017" charConfidence="34">e</charParams>
<charParams l="221" t="993" r="235" b="1016" charConfidence="46">r</charParams>
<charParams l="236" t="985" r="265" b="1016"> </charParams>
<charParams l="266" t="985" r="274" b="1015" charConfidence="51">i</charParams>
<charParams l="278" t="985" r="299" b="1023" charConfidence="31">s</charParams>
<charParams l="278" t="985" r="299" b="1023" charConfidence="31">t</charParams>
<charParams l="300" t="985" r="327" b="1023"> </charParams>
<charParams l="328" t="991" r="346" b="1014" charConfidence="34">n</charParams>
<charParams l="350" t="991" r="367" b="1014" charConfidence="100">u</charParams>
<charParams l="371" t="990" r="388" b="1013" charConfidence="69">n</charParams>
<charParams l="389" t="981" r="411" b="1019"> </charParams>
<charParams l="412" t="981" r="428" b="1019" charConfidence="35">f</charParams>
<charParams l="427" t="990" r="439" b="1013" charConfidence="25">e</charParams>
<charParams l="443" t="989" r="455" b="1013" charConfidence="74">r</charParams>
<charParams l="459" t="987" r="469" b="1013" charConfidence="53">t</charParams>
<charParams l="472" t="982" r="480" b="1011" charConfidence="79">i</charParams>
<charParams l="481" t="989" r="499" b="1020" charConfidence="25">g</charParams>
<charParams l="507" t="1002" r="518" b="1018" charConfidence="79">,</charParams>
<charParams l="519" t="982" r="559" b="1018"> </charParams>
<charParams l="560" t="982" r="569" b="1011" charConfidence="100">i</charParams>
<charParams l="573" t="980" r="594" b="1020" charConfidence="38">s</charParams>
<charParams l="573" t="980" r="594" b="1020" charConfidence="38">t</charParams>
<charParams l="595" t="980" r="616" b="1020"> </charParams>
<charParams l="617" t="989" r="630" b="1012" charConfidence="36">e</charParams>
<charParams l="632" t="981" r="640" b="1010" charConfidence="32">i</charParams>
<charParams l="644" t="988" r="663" b="1011" charConfidence="26">n</charParams>
<charParams l="664" t="978" r="684" b="1012"> </charParams>
<charParams l="685" t="978" r="716" b="1012" charConfidence="42">K</charParams>
<charParams l="717" t="979" r="732" b="1011" charConfidence="24">ö</charParams>
<charParams l="736" t="988" r="749" b="1011" charConfidence="100">r</charParams>
<charParams l="750" t="987" r="768" b="1018" charConfidence="25">p</charParams>
<charParams l="771" t="988" r="784" b="1012" charConfidence="26">e</charParams>
<charParams l="786" t="987" r="800" b="1012" charConfidence="25">r</charParams>
<charParams l="807" t="1003" r="817" b="1018" charConfidence="100">,</charParams>
<charParams l="818" t="981" r="858" b="1018"> </charParams>
<charParams l="859" t="981" r="869" b="1013" suspicious="1" charConfidence="100">i</charParams>
<charParams l="872" t="982" r="893" b="1021" charConfidence="38">s</charParams>
<charParams l="872" t="982" r="893" b="1021" suspicious="1" charConfidence="38">t</charParams>
<charParams l="894" t="982" r="914" b="1021"> </charParams>
<charParams l="915" t="992" r="932" b="1014" charConfidence="26">v</charParams>
<charParams l="937" t="992" r="949" b="1015" charConfidence="37">e</charParams>
<charParams l="952" t="992" r="965" b="1016" charConfidence="43">r</charParams>
<charParams l="967" t="997" r="977" b="1013" charConfidence="22">¬</charParams></formatting></line>
<line baseline="1074" l="182" t="1040" r="974" b="1085"><formatting lang="OldGerman">
<charParams l="182" t="1046" r="198" b="1085" charConfidence="52">s</charParams>
<charParams l="196" t="1054" r="209" b="1078" charConfidence="28">o</charParams>
<charParams l="214" t="1053" r="227" b="1076" charConfidence="25">r</charParams>
<charParams l="227" t="1053" r="244" b="1084" charConfidence="54">g</charParams>
<charParams l="249" t="1049" r="259" b="1076" charConfidence="31">t</charParams>
<charParams l="265" t="1067" r="275" b="1082" charConfidence="100">,</charParams>
<charParams l="276" t="1051" r="316" b="1082"> </charParams>
<charParams l="317" t="1051" r="332" b="1074" charConfidence="32">a</charParams>
<charParams l="336" t="1051" r="352" b="1074" charConfidence="27">n</charParams>
<charParams l="357" t="1043" r="377" b="1082" charConfidence="36">s</charParams>
<charParams l="357" t="1043" r="377" b="1082" charConfidence="36">t</charParams>
<charParams l="380" t="1050" r="395" b="1073" charConfidence="30">a</charParams>
<charParams l="400" t="1046" r="409" b="1073" charConfidence="35">t</charParams>
<charParams l="413" t="1046" r="423" b="1073" charConfidence="34">t</charParams>
<charParams l="424" t="1043" r="446" b="1073"> </charParams>
<charParams l="447" t="1043" r="463" b="1072" charConfidence="33">d</charParams>
<charParams l="467" t="1050" r="482" b="1071" charConfidence="65">a</charParams>
<charParams l="486" t="1041" r="503" b="1078" charConfidence="28">ß</charParams>
<charParams l="504" t="1041" r="525" b="1078"> </charParams>
<charParams l="526" t="1043" r="534" b="1078" charConfidence="46">j</charParams>
<charParams l="538" t="1049" r="550" b="1072" charConfidence="28">e</charParams>
<charParams l="553" t="1049" r="570" b="1072" charConfidence="69">n</charParams>
<charParams l="574" t="1049" r="586" b="1072" charConfidence="29">e</charParams>
<charParams l="589" t="1044" r="605" b="1073" charConfidence="100">s</charParams>
<charParams l="606" t="1044" r="628" b="1073"> </charParams>
<charParams l="629" t="1049" r="645" b="1071" charConfidence="25">a</charParams>
<charParams l="649" t="1048" r="665" b="1072" suspicious="1" charConfidence="25">u</charParams>
<charParams l="670" t="1043" r="685" b="1071" charConfidence="100">S</charParams>
<charParams l="686" t="1049" r="703" b="1080" charConfidence="55">g</charParams>
<charParams l="707" t="1049" r="720" b="1072" charConfidence="28">e</charParams>
<charParams l="723" t="1046" r="733" b="1072" charConfidence="80">t</charParams>
<charParams l="736" t="1048" r="749" b="1073" charConfidence="40">r</charParams>
<charParams l="752" t="1042" r="760" b="1072" charConfidence="29">i</charParams>
<charParams l="762" t="1049" r="775" b="1072" charConfidence="38">e</charParams>
<charParams l="778" t="1040" r="794" b="1073" charConfidence="28">b</charParams>
<charParams l="794" t="1049" r="810" b="1073" suspicious="1" charConfidence="94">e</charParams>
<charParams l="813" t="1050" r="830" b="1073" charConfidence="47">n</charParams>
<charParams l="834" t="1051" r="847" b="1074" charConfidence="26">e</charParams>
<charParams l="848" t="1041" r="870" b="1076"> </charParams>
<charParams l="871" t="1041" r="911" b="1076" charConfidence="47">W</charParams>
<charParams l="915" t="1053" r="926" b="1076" charConfidence="28">e</charParams>
<charParams l="930" t="1045" r="944" b="1082" charConfidence="26">s</charParams>
<charParams l="941" t="1054" r="953" b="1077" charConfidence="38">e</charParams>
<charParams l="956" t="1055" r="974" b="1078" charConfidence="39">n</charParams></formatting></line>
<line baseline="1136" l="179" t="1101" r="974" b="1144"><formatting lang="OldGerman">
<charParams l="179" t="1115" r="199" b="1138" charConfidence="35">n</charParams>
<charParams l="203" t="1115" r="217" b="1137" charConfidence="75">o</charParams>
<charParams l="221" t="1106" r="248" b="1143" charConfidence="55">c</charParams>
<charParams l="221" t="1106" r="248" b="1143" charConfidence="55">h</charParams>
<charParams l="249" t="1106" r="273" b="1143"> </charParams>
<charParams l="274" t="1112" r="301" b="1135" charConfidence="100">m</charParams>
<charParams l="305" t="1113" r="320" b="1135" charConfidence="27">a</charParams>
<charParams l="324" t="1112" r="341" b="1134" charConfidence="24">n</charParams>
<charParams l="345" t="1104" r="372" b="1141" charConfidence="57">c</charParams>
<charParams l="345" t="1104" r="372" b="1141" charConfidence="57">h</charParams>
<charParams l="376" t="1111" r="389" b="1134" charConfidence="31">e</charParams>
<charParams l="390" t="1101" r="412" b="1135"> </charParams>
<charParams l="413" t="1101" r="448" b="1135" charConfidence="32">N</charParams>
<charParams l="452" t="1111" r="466" b="1134" charConfidence="39">o</charParams>
<charParams l="471" t="1109" r="480" b="1134" charConfidence="26">t</charParams>
<charParams l="484" t="1103" r="502" b="1143" charConfidence="29">h</charParams>
<charParams l="503" t="1101" r="526" b="1144"> </charParams>
<charParams l="527" t="1101" r="544" b="1144" suspicious="1" charConfidence="35">h</charParams>
<charParams l="548" t="1111" r="563" b="1135" charConfidence="55">a</charParams>
<charParams l="568" t="1103" r="583" b="1136" charConfidence="73">b</charParams>
<charParams l="587" t="1111" r="598" b="1136" charConfidence="33">e</charParams>
<charParams l="602" t="1110" r="621" b="1135" charConfidence="37">n</charParams>
<charParams l="622" t="1103" r="643" b="1135"> </charParams>
<charParams l="644" t="1103" r="657" b="1135" charConfidence="42">k</charParams>
<charParams l="659" t="1112" r="674" b="1135" charConfidence="100">a</charParams>
<charParams l="679" t="1111" r="696" b="1135" charConfidence="31">n</charParams>
<charParams l="700" t="1111" r="717" b="1136" charConfidence="42">n</charParams>
<charParams l="718" t="1102" r="741" b="1136"> </charParams>
<charParams l="742" t="1102" r="758" b="1136" charConfidence="43">b</charParams>
<charParams l="762" t="1104" r="770" b="1136" charConfidence="38">i</charParams>
<charParams l="773" t="1107" r="789" b="1136" charConfidence="100">s</charParams>
<charParams l="790" t="1107" r="813" b="1136"> </charParams>
<charParams l="814" t="1112" r="826" b="1136" charConfidence="31">e</charParams>
<charParams l="829" t="1107" r="845" b="1136" suspicious="1" charConfidence="100">s</charParams>
<charParams l="846" t="1107" r="868" b="1137"> </charParams>
<charParams l="869" t="1111" r="896" b="1137" charConfidence="34">w</charParams>
<charParams l="900" t="1106" r="908" b="1138" charConfidence="29">i</charParams>
<charParams l="911" t="1114" r="923" b="1138" charConfidence="59">e</charParams>
<charParams l="926" t="1109" r="941" b="1138" charConfidence="28">d</charParams>
<charParams l="945" t="1116" r="957" b="1139" charConfidence="27">e</charParams>
<charParams l="960" t="1116" r="974" b="1140" charConfidence="73">r</charParams></formatting></line>
<line baseline="1197" l="179" t="1165" r="382" b="1201"><formatting lang="OldGerman">
<charParams l="179" t="1175" r="197" b="1199" charConfidence="44">u</charParams>
<charParams l="200" t="1175" r="217" b="1199" charConfidence="99">n</charParams>
<charParams l="221" t="1171" r="232" b="1200" charConfidence="31">t</charParams>
<charParams l="234" t="1174" r="246" b="1199" charConfidence="26">e</charParams>
<charParams l="249" t="1174" r="262" b="1198" charConfidence="59">r</charParams>
<charParams l="265" t="1165" r="277" b="1197" charConfidence="77">k</charParams>
<charParams l="279" t="1174" r="293" b="1197" charConfidence="42">o</charParams>
<charParams l="297" t="1172" r="324" b="1196" charConfidence="69">m</charParams>
<charParams l="328" t="1172" r="356" b="1196" charConfidence="53">m</charParams>
<charParams l="360" t="1169" r="371" b="1197" charConfidence="26">t</charParams>
<charParams l="373" t="1187" r="382" b="1201" charConfidence="54">.</charParams></formatting></line></par>
<par align="Justified" startIndent="1904" lineSpacing="1464">
<line baseline="1324" l="243" t="1288" r="970" b="1335"><formatting lang="OldGerman">
<charParams l="243" t="1290" r="272" b="1331" suspicious="1" charConfidence="32">Z</charParams>
<charParams l="276" t="1291" r="303" b="1329" charConfidence="62">c</charParams>
<charParams l="276" t="1291" r="303" b="1329" charConfidence="62">h</charParams>
<charParams l="304" t="1291" r="333" b="1329"> </charParams>
<charParams l="334" t="1297" r="361" b="1321" charConfidence="100">m</charParams>
<charParams l="366" t="1288" r="381" b="1321" charConfidence="-1">ü</charParams>
<charParams l="386" t="1289" r="402" b="1328" charConfidence="28">ß</charParams>
<charParams l="406" t="1294" r="415" b="1322" charConfidence="36">t</charParams>
<charParams l="418" t="1299" r="431" b="1322" charConfidence="30">e</charParams>
<charParams l="432" t="1291" r="461" b="1330"> </charParams>
<charParams l="462" t="1291" r="478" b="1330" charConfidence="100">s</charParams>
<charParams l="474" t="1302" r="486" b="1323" charConfidence="28">e</charParams>
<charParams l="489" t="1291" r="507" b="1332" charConfidence="37">h</charParams>
<charParams l="510" t="1301" r="524" b="1324" charConfidence="27">r</charParams>
<charParams l="525" t="1294" r="547" b="1325"> </charParams>
<charParams l="548" t="1294" r="557" b="1325" charConfidence="32">i</charParams>
<charParams l="560" t="1301" r="573" b="1325" charConfidence="100">r</charParams>
<charParams l="576" t="1301" r="589" b="1326" charConfidence="33">r</charParams>
<charParams l="591" t="1302" r="604" b="1326" charConfidence="28">e</charParams>
<charParams l="607" t="1301" r="625" b="1326" charConfidence="34">n</charParams>
<charParams l="634" t="1317" r="645" b="1333" charConfidence="100">,</charParams>
<charParams l="646" t="1294" r="685" b="1334"> </charParams>
<charParams l="686" t="1294" r="701" b="1334" charConfidence="100">s</charParams>
<charParams l="698" t="1304" r="713" b="1326" charConfidence="68">a</charParams>
<charParams l="716" t="1302" r="732" b="1335" charConfidence="62">g</charParams>
<charParams l="736" t="1298" r="747" b="1327" charConfidence="26">t</charParams>
<charParams l="750" t="1303" r="762" b="1326" charConfidence="55">e</charParams>
<charParams l="763" t="1292" r="785" b="1327"> </charParams>
<charParams l="786" t="1292" r="814" b="1327" charConfidence="26">E</charParams>
<charParams l="816" t="1296" r="831" b="1327" charConfidence="30">d</charParams>
<charParams l="835" t="1302" r="852" b="1327" charConfidence="100">u</charParams>
<charParams l="856" t="1303" r="872" b="1326" charConfidence="100">a</charParams>
<charParams l="875" t="1302" r="888" b="1326" charConfidence="88">r</charParams>
<charParams l="891" t="1294" r="907" b="1325" charConfidence="27">d</charParams>
<charParams l="908" t="1294" r="932" b="1326"> </charParams>
<charParams l="933" t="1294" r="942" b="1326" charConfidence="46">l</charParams>
<charParams l="943" t="1292" r="958" b="1325" charConfidence="22">ä</charParams>
<charParams l="962" t="1305" r="970" b="1321" charConfidence="22">¬</charParams></formatting></line>
<line baseline="1386" l="178" t="1353" r="970" b="1397"><formatting lang="OldGerman">
<charParams l="178" t="1356" r="206" b="1395" charConfidence="28">c</charParams>
<charParams l="178" t="1356" r="206" b="1395" charConfidence="28">h</charParams>
<charParams l="209" t="1364" r="222" b="1387" charConfidence="25">e</charParams>
<charParams l="225" t="1356" r="234" b="1387" charConfidence="100">l</charParams>
<charParams l="236" t="1363" r="252" b="1386" charConfidence="65">n</charParams>
<charParams l="257" t="1357" r="272" b="1386" charConfidence="31">d</charParams>
<charParams l="282" t="1376" r="291" b="1392" charConfidence="93">,</charParams>
<charParams l="292" t="1361" r="314" b="1392"> </charParams>
<charParams l="315" t="1361" r="330" b="1384" charConfidence="77">o</charParams>
<charParams l="334" t="1354" r="348" b="1383" charConfidence="24">d</charParams>
<charParams l="353" t="1360" r="365" b="1383" charConfidence="68">e</charParams>
<charParams l="368" t="1360" r="380" b="1383" charConfidence="100">r</charParams>
<charParams l="381" t="1360" r="404" b="1383"> </charParams>
<charParams l="405" t="1361" r="417" b="1383" charConfidence="33">e</charParams>
<charParams l="420" t="1356" r="436" b="1384" suspicious="1" charConfidence="22">ü</charParams>
<charParams l="437" t="1353" r="460" b="1392"> </charParams>
<charParams l="461" t="1353" r="481" b="1392" charConfidence="68">s</charParams>
<charParams l="461" t="1353" r="481" b="1392" charConfidence="68">t</charParams>
<charParams l="484" t="1362" r="496" b="1384" charConfidence="32">e</charParams>
<charParams l="499" t="1362" r="509" b="1384" charConfidence="26">c</charParams>
<charParams l="509" t="1354" r="524" b="1384" charConfidence="83">k</charParams>
<charParams l="528" t="1359" r="539" b="1385" charConfidence="27">t</charParams>
<charParams l="540" t="1359" r="560" b="1386"> </charParams>
<charParams l="561" t="1364" r="574" b="1386" charConfidence="27">e</charParams>
<charParams l="578" t="1357" r="585" b="1387" charConfidence="58">i</charParams>
<charParams l="589" t="1364" r="605" b="1387" charConfidence="36">n</charParams>
<charParams l="609" t="1365" r="623" b="1388" charConfidence="45">e</charParams>
<charParams l="624" t="1356" r="645" b="1388"> </charParams>
<charParams l="646" t="1356" r="659" b="1388" charConfidence="84">k</charParams>
<charParams l="662" t="1358" r="671" b="1389" charConfidence="91">l</charParams>
<charParams l="673" t="1364" r="685" b="1388" charConfidence="27">e</charParams>
<charParams l="689" t="1358" r="696" b="1388" charConfidence="96">i</charParams>
<charParams l="700" t="1365" r="717" b="1388" charConfidence="54">n</charParams>
<charParams l="720" t="1365" r="734" b="1388" charConfidence="29">e</charParams>
<charParams l="735" t="1355" r="757" b="1390"> </charParams>
<charParams l="758" t="1355" r="784" b="1390" charConfidence="36">T</charParams>
<charParams l="789" t="1356" r="805" b="1387" charConfidence="84">ü</charParams>
<charParams l="809" t="1366" r="820" b="1387" charConfidence="33">c</charParams>
<charParams l="820" t="1357" r="834" b="1387" charConfidence="64">k</charParams>
<charParams l="837" t="1365" r="849" b="1388" charConfidence="50">e</charParams>
<charParams l="850" t="1355" r="873" b="1397"> </charParams>
<charParams l="874" t="1355" r="890" b="1397" suspicious="1" charConfidence="44">h</charParams>
<charParams l="896" t="1356" r="904" b="1386" charConfidence="42">i</charParams>
<charParams l="906" t="1363" r="923" b="1386" charConfidence="51">n</charParams>
<charParams l="927" t="1359" r="938" b="1386" charConfidence="55">t</charParams>
<charParams l="940" t="1363" r="952" b="1386" charConfidence="25">e</charParams>
<charParams l="956" t="1363" r="970" b="1387" charConfidence="27">r</charParams></formatting></line>
<line baseline="1448" l="179" t="1412" r="967" b="1456"><formatting lang="OldGerman">
<charParams l="179" t="1418" r="194" b="1448" charConfidence="32">d</charParams>
<charParams l="198" t="1427" r="210" b="1448" charConfidence="86">e</charParams>
<charParams l="214" t="1419" r="221" b="1449" charConfidence="28">i</charParams>
<charParams l="225" t="1426" r="242" b="1449" charConfidence="34">n</charParams>
<charParams l="246" t="1426" r="257" b="1449" charConfidence="29">e</charParams>
<charParams l="261" t="1426" r="278" b="1449" charConfidence="64">n</charParams>
<charParams l="279" t="1414" r="293" b="1449"> </charParams>
<charParams l="294" t="1414" r="326" b="1448" charConfidence="33">N</charParams>
<charParams l="329" t="1424" r="341" b="1447" charConfidence="100">e</charParams>
<charParams l="344" t="1418" r="359" b="1446" charConfidence="24">b</charParams>
<charParams l="364" t="1423" r="375" b="1446" charConfidence="25">e</charParams>
<charParams l="378" t="1422" r="396" b="1445" charConfidence="44">n</charParams>
<charParams l="399" t="1437" r="407" b="1445" charConfidence="100">.</charParams>
<charParams l="408" t="1412" r="454" b="1446"> </charParams>
<charParams l="455" t="1412" r="487" b="1446" charConfidence="57">G</charParams>
<charParams l="492" t="1422" r="504" b="1445" charConfidence="27">e</charParams>
<charParams l="507" t="1416" r="527" b="1455" charConfidence="65">s</charParams>
<charParams l="507" t="1416" r="527" b="1455" charConfidence="65">t</charParams>
<charParams l="530" t="1424" r="541" b="1447" charConfidence="28">e</charParams>
<charParams l="545" t="1416" r="562" b="1456" charConfidence="36">h</charParams>
<charParams l="566" t="1417" r="574" b="1431" charConfidence="67">&apos;</charParams>
<charParams l="575" t="1417" r="597" b="1449"> </charParams>
<charParams l="598" t="1426" r="615" b="1449" charConfidence="64">n</charParams>
<charParams l="620" t="1426" r="636" b="1450" charConfidence="36">u</charParams>
<charParams l="641" t="1426" r="654" b="1450" charConfidence="26">r</charParams>
<charParams l="655" t="1421" r="677" b="1450"> </charParams>
<charParams l="678" t="1421" r="694" b="1450" charConfidence="36">d</charParams>
<charParams l="697" t="1427" r="709" b="1451" charConfidence="26">e</charParams>
<charParams l="713" t="1420" r="720" b="1450" charConfidence="61">i</charParams>
<charParams l="724" t="1427" r="741" b="1450" charConfidence="100">n</charParams>
<charParams l="745" t="1426" r="758" b="1449" charConfidence="32">e</charParams>
<charParams l="759" t="1416" r="774" b="1450"> </charParams>
<charParams l="775" t="1416" r="810" b="1450" charConfidence="42">S</charParams>
<charParams l="815" t="1419" r="842" b="1456" charConfidence="69">c</charParams>
<charParams l="815" t="1419" r="842" b="1456" charConfidence="69">h</charParams>
<charParams l="846" t="1426" r="861" b="1449" charConfidence="24">a</charParams>
<charParams l="866" t="1418" r="873" b="1449" charConfidence="100">l</charParams>
<charParams l="877" t="1417" r="889" b="1449" charConfidence="61">k</charParams>
<charParams l="892" t="1415" r="908" b="1456" charConfidence="28">h</charParams>
<charParams l="912" t="1424" r="924" b="1447" charConfidence="26">e</charParams>
<charParams l="928" t="1417" r="935" b="1447" charConfidence="73">i</charParams>
<charParams l="939" t="1421" r="949" b="1448" suspicious="1" charConfidence="38">t</charParams>
<charParams l="960" t="1418" r="967" b="1449" charConfidence="100">!</charParams></formatting></line>
<line baseline="1510" l="176" t="1475" r="967" b="1519"><formatting lang="OldGerman">
<charParams l="176" t="1476" r="205" b="1510" charConfidence="28">A</charParams>
<charParams l="207" t="1485" r="235" b="1510" charConfidence="85">m</charParams>
<charParams l="236" t="1477" r="259" b="1512"> </charParams>
<charParams l="260" t="1477" r="286" b="1512" charConfidence="34">E</charParams>
<charParams l="289" t="1487" r="306" b="1511" charConfidence="27">n</charParams>
<charParams l="310" t="1482" r="325" b="1511" charConfidence="26">d</charParams>
<charParams l="329" t="1487" r="341" b="1511" charConfidence="100">e</charParams>
<charParams l="342" t="1476" r="364" b="1511"> </charParams>
<charParams l="365" t="1476" r="381" b="1511" charConfidence="37">b</charParams>
<charParams l="385" t="1477" r="392" b="1509" charConfidence="51">i</charParams>
<charParams l="396" t="1484" r="413" b="1509" charConfidence="25">n</charParams>
<charParams l="414" t="1476" r="436" b="1509"> </charParams>
<charParams l="437" t="1476" r="446" b="1508" charConfidence="65">i</charParams>
<charParams l="449" t="1475" r="476" b="1515" charConfidence="55">c</charParams>
<charParams l="449" t="1475" r="476" b="1515" charConfidence="55">h</charParams>
<charParams l="477" t="1475" r="500" b="1515"> </charParams>
<charParams l="501" t="1477" r="510" b="1508" charConfidence="26">i</charParams>
<charParams l="513" t="1484" r="531" b="1508" charConfidence="32">n</charParams>
<charParams l="532" t="1479" r="554" b="1509"> </charParams>
<charParams l="555" t="1479" r="571" b="1509" charConfidence="89">d</charParams>
<charParams l="575" t="1486" r="586" b="1510" charConfidence="100">e</charParams>
<charParams l="591" t="1479" r="598" b="1511" charConfidence="55">i</charParams>
<charParams l="602" t="1487" r="619" b="1511" charConfidence="28">n</charParams>
<charParams l="623" t="1488" r="634" b="1511" charConfidence="25">e</charParams>
<charParams l="638" t="1487" r="656" b="1512" charConfidence="100">n</charParams>
<charParams l="657" t="1478" r="680" b="1513"> </charParams>
<charParams l="681" t="1478" r="710" b="1513" charConfidence="31">A</charParams>
<charParams l="711" t="1488" r="729" b="1512" charConfidence="54">u</charParams>
<charParams l="731" t="1488" r="748" b="1519" charConfidence="30">g</charParams>
<charParams l="752" t="1488" r="764" b="1512" charConfidence="25">e</charParams>
<charParams l="768" t="1488" r="785" b="1512" charConfidence="24">n</charParams>
<charParams l="786" t="1481" r="809" b="1512"> </charParams>
<charParams l="810" t="1481" r="826" b="1511" charConfidence="33">d</charParams>
<charParams l="830" t="1487" r="842" b="1512" charConfidence="28">e</charParams>
<charParams l="845" t="1487" r="859" b="1510" charConfidence="25">r</charParams>
<charParams l="860" t="1475" r="880" b="1510"> </charParams>
<charParams l="881" t="1475" r="912" b="1509" charConfidence="77">K</charParams>
<charParams l="914" t="1485" r="928" b="1508" charConfidence="24">a</charParams>
<charParams l="933" t="1478" r="942" b="1509" charConfidence="100">l</charParams>
<charParams l="944" t="1477" r="957" b="1509" charConfidence="54">k</charParams>
<charParams l="956" t="1502" r="967" b="1518" charConfidence="56">,</charParams></formatting></line></par>
</text>
</block>
</page>
</document>