﻿<?xml version="1.0" encoding="UTF-8" standalone="yes"?>
<document xmlns="http://www.abbyy.com/FineReader_xml/FineReader10-schema-v1.xml" version="1.0" producer="ABBYY FineReader Engine 11" languages="" xmlns:xsi="http://www.w3.org/2001/XMLSchema-instance" xsi:schemaLocation="http://www.abbyy.com/FineReader_xml/FineReader10-schema-v1.xml http://www.abbyy.com/FineReader_xml/FineReader10-schema-v1.xml">
<page width="1156" height="1782" resolution="300" originalCoords="1">
<block blockType="Text" blockName="">
<text>
<par startIndent="144">
<line baseline="94" l="565" t="60" r="606" b="92"><formatting lang="OldGerman">
<charParams l="565" t="62" r="584" b="92" charConfidence="22">8</charParams>
<charParams l="587" t="60" r="606" b="90" charConfidence="-1">»</charParams></formatting></line></par>
</text>
</block>
<block blockType="Text" blockName="">
<text>
<par align="Justified" startIndent="2024" lineSpacing="1536">
<line baseline="184" l="261" t="142" r="986" b="195"><formatting lang="OldGerman">
<charParams l="261" t="152" r="298" b="186" charConfidence="62">D</charParams>
<charParams l="298" t="159" r="317" b="184" charConfidence="100">a</charParams>
<charParams l="317" t="152" r="339" b="193"> </charParams>
<charParams l="339" t="152" r="359" b="193" charConfidence="52">s</charParams>
<charParams l="339" t="152" r="359" b="193" charConfidence="52">i</charParams>
<charParams l="360" t="160" r="381" b="184" charConfidence="41">n</charParams>
<charParams l="381" t="152" r="399" b="184" charConfidence="27">d</charParams>
<charParams l="399" t="152" r="419" b="184"> </charParams>
<charParams l="419" t="152" r="437" b="183" charConfidence="27">d</charParams>
<charParams l="438" t="151" r="449" b="181" charConfidence="27">i</charParams>
<charParams l="450" t="156" r="463" b="180" charConfidence="26">e</charParams>
<charParams l="463" t="145" r="481" b="180"> </charParams>
<charParams l="481" t="145" r="506" b="179" charConfidence="32">C</charParams>
<charParams l="507" t="143" r="525" b="186" charConfidence="55">h</charParams>
<charParams l="528" t="152" r="541" b="176" charConfidence="30">e</charParams>
<charParams l="543" t="151" r="573" b="175" charConfidence="58">m</charParams>
<charParams l="575" t="145" r="584" b="176" charConfidence="25">i</charParams>
<charParams l="587" t="144" r="599" b="175" charConfidence="27">k</charParams>
<charParams l="601" t="151" r="614" b="175" charConfidence="33">e</charParams>
<charParams l="616" t="151" r="632" b="175" charConfidence="28">r</charParams>
<charParams l="632" t="151" r="651" b="175"> </charParams>
<charParams l="651" t="151" r="670" b="174" charConfidence="100">v</charParams>
<charParams l="673" t="143" r="682" b="174" charConfidence="31">i</charParams>
<charParams l="685" t="152" r="698" b="174" charConfidence="26">e</charParams>
<charParams l="701" t="145" r="711" b="176" charConfidence="34">l</charParams>
<charParams l="711" t="145" r="733" b="185"> </charParams>
<charParams l="733" t="153" r="750" b="185" charConfidence="37">g</charParams>
<charParams l="752" t="155" r="770" b="179" charConfidence="33">a</charParams>
<charParams l="772" t="148" r="783" b="180" charConfidence="38">l</charParams>
<charParams l="783" t="157" r="800" b="180" charConfidence="41">a</charParams>
<charParams l="803" t="157" r="822" b="181" charConfidence="28">n</charParams>
<charParams l="824" t="153" r="835" b="182" charConfidence="35">t</charParams>
<charParams l="837" t="156" r="850" b="182" charConfidence="25">e</charParams>
<charParams l="852" t="156" r="867" b="182" charConfidence="50">r</charParams>
<charParams l="875" t="170" r="885" b="187" charConfidence="74">,</charParams>
<charParams l="885" t="151" r="908" b="189"> </charParams>
<charParams l="908" t="151" r="923" b="189" charConfidence="29">s</charParams>
<charParams l="920" t="161" r="937" b="183" charConfidence="30">a</charParams>
<charParams l="939" t="162" r="957" b="192" charConfidence="36">g</charParams>
<charParams l="958" t="160" r="970" b="187" charConfidence="36">t</charParams>
<charParams l="971" t="163" r="986" b="188" charConfidence="52">e</charParams></formatting></line>
<line baseline="245" l="196" t="204" r="987" b="256"><formatting lang="OldGerman">
<charParams l="196" t="214" r="223" b="249" charConfidence="24">E</charParams>
<charParams l="227" t="207" r="242" b="248" charConfidence="24">d</charParams>
<charParams l="246" t="224" r="263" b="249" charConfidence="42">u</charParams>
<charParams l="267" t="225" r="281" b="247" charConfidence="29">a</charParams>
<charParams l="287" t="223" r="300" b="247" charConfidence="43">r</charParams>
<charParams l="303" t="217" r="318" b="247" charConfidence="40">d</charParams>
<charParams l="329" t="225" r="337" b="246" charConfidence="100">:</charParams>
<charParams l="338" t="214" r="375" b="254"> </charParams>
<charParams l="376" t="214" r="394" b="254" charConfidence="100">s</charParams>
<charParams l="376" t="214" r="394" b="254" charConfidence="100">i</charParams>
<charParams l="396" t="221" r="409" b="244" charConfidence="30">e</charParams>
<charParams l="410" t="219" r="430" b="251"> </charParams>
<charParams l="431" t="219" r="447" b="252" charConfidence="27">g</charParams>
<charParams l="451" t="219" r="462" b="242" charConfidence="26">e</charParams>
<charParams l="466" t="208" r="479" b="247" charConfidence="100">s</charParams>
<charParams l="476" t="217" r="489" b="240" charConfidence="29">e</charParams>
<charParams l="492" t="207" r="500" b="238" charConfidence="30">l</charParams>
<charParams l="500" t="206" r="510" b="238" charConfidence="36">l</charParams>
<charParams l="511" t="215" r="523" b="238" charConfidence="44">e</charParams>
<charParams l="526" t="214" r="544" b="239" charConfidence="100">n</charParams>
<charParams l="545" t="214" r="568" b="240"> </charParams>
<charParams l="569" t="214" r="582" b="240" charConfidence="27">e</charParams>
<charParams l="585" t="207" r="593" b="238" charConfidence="28">i</charParams>
<charParams l="597" t="213" r="615" b="239" charConfidence="26">n</charParams>
<charParams l="616" t="213" r="637" b="239"> </charParams>
<charParams l="638" t="213" r="656" b="238" charConfidence="29">v</charParams>
<charParams l="660" t="205" r="668" b="237" charConfidence="55">i</charParams>
<charParams l="671" t="214" r="683" b="238" charConfidence="100">e</charParams>
<charParams l="686" t="212" r="699" b="238" charConfidence="30">r</charParams>
<charParams l="702" t="212" r="712" b="239" charConfidence="59">t</charParams>
<charParams l="715" t="214" r="727" b="241" charConfidence="25">e</charParams>
<charParams l="730" t="211" r="746" b="241" charConfidence="100">s</charParams>
<charParams l="747" t="211" r="769" b="242"> </charParams>
<charParams l="770" t="213" r="786" b="242" charConfidence="32">d</charParams>
<charParams l="790" t="219" r="805" b="243" charConfidence="31">a</charParams>
<charParams l="808" t="218" r="820" b="253" charConfidence="25">z</charParams>
<charParams l="823" t="220" r="841" b="245" charConfidence="27">u</charParams>
<charParams l="853" t="235" r="863" b="252" charConfidence="91">,</charParams>
<charParams l="864" t="214" r="893" b="252"> </charParams>
<charParams l="894" t="214" r="910" b="245" charConfidence="28">d</charParams>
<charParams l="914" t="221" r="929" b="244" charConfidence="25">a</charParams>
<charParams l="933" t="221" r="961" b="247" charConfidence="62">m</charParams>
<charParams l="964" t="216" r="973" b="248" charConfidence="100">i</charParams>
<charParams l="976" t="220" r="987" b="250" charConfidence="56">t</charParams></formatting></line>
<line baseline="308" l="197" t="267" r="530" b="313"><formatting lang="OldGerman">
<charParams l="197" t="278" r="211" b="312" charConfidence="29">k</charParams>
<charParams l="213" t="286" r="225" b="312" charConfidence="26">e</charParams>
<charParams l="229" t="278" r="236" b="309" charConfidence="100">i</charParams>
<charParams l="239" t="284" r="257" b="309" charConfidence="40">n</charParams>
<charParams l="260" t="285" r="272" b="310" charConfidence="26">e</charParams>
<charParams l="275" t="280" r="292" b="309" charConfidence="100">s</charParams>
<charParams l="293" t="277" r="313" b="309"> </charParams>
<charParams l="314" t="277" r="325" b="308" charConfidence="86">l</charParams>
<charParams l="328" t="285" r="339" b="307" charConfidence="28">e</charParams>
<charParams l="343" t="284" r="354" b="308" charConfidence="30">e</charParams>
<charParams l="357" t="284" r="372" b="308" charConfidence="78">r</charParams>
<charParams l="373" t="281" r="394" b="308"> </charParams>
<charParams l="395" t="281" r="411" b="306" charConfidence="49">a</charParams>
<charParams l="414" t="281" r="431" b="305" charConfidence="45">u</charParams>
<charParams l="435" t="274" r="449" b="304" charConfidence="100">s</charParams>
<charParams l="451" t="279" r="468" b="311" charConfidence="27">g</charParams>
<charParams l="471" t="278" r="483" b="301" charConfidence="32">e</charParams>
<charParams l="486" t="268" r="502" b="309" charConfidence="89">h</charParams>
<charParams l="507" t="276" r="519" b="299" charConfidence="25">e</charParams>
<charParams l="521" t="291" r="530" b="302" charConfidence="81">,</charParams></formatting></line></par>
<par align="Justified" startIndent="2024" lineSpacing="1464">
<line baseline="430" l="253" t="383" r="985" b="441"><formatting lang="OldGerman">
<charParams l="253" t="399" r="283" b="439" suspicious="1" charConfidence="-1">J</charParams>
<charParams l="286" t="409" r="303" b="432" suspicious="1" charConfidence="59">a</charParams>
<charParams l="304" t="405" r="326" b="432"> </charParams>
<charParams l="327" t="405" r="353" b="431" charConfidence="26">w</charParams>
<charParams l="357" t="406" r="371" b="430" charConfidence="100">o</charParams>
<charParams l="375" t="396" r="392" b="437" charConfidence="71">h</charParams>
<charParams l="396" t="397" r="405" b="428" charConfidence="98">l</charParams>
<charParams l="418" t="397" r="426" b="426" charConfidence="22">!</charParams>
<charParams l="427" t="397" r="449" b="427"> </charParams>
<charParams l="450" t="402" r="467" b="425" charConfidence="32">v</charParams>
<charParams l="471" t="401" r="483" b="424" charConfidence="27">e</charParams>
<charParams l="483" t="384" r="496" b="424" suspicious="1" charConfidence="14">i</charParams>
<charParams l="494" t="402" r="499" b="409" suspicious="1" charConfidence="100">-</charParams>
<charParams l="502" t="392" r="515" b="430" charConfidence="51">s</charParams>
<charParams l="514" t="401" r="525" b="423" charConfidence="83">e</charParams>
<charParams l="529" t="395" r="547" b="432" suspicious="1" charConfidence="36">t</charParams>
<charParams l="529" t="395" r="547" b="432" suspicious="1" charConfidence="36">z</charParams>
<charParams l="550" t="397" r="560" b="424" charConfidence="59">t</charParams>
<charParams l="564" t="401" r="576" b="425" charConfidence="47">e</charParams>
<charParams l="577" t="394" r="599" b="425"> </charParams>
<charParams l="600" t="394" r="615" b="424" charConfidence="100">d</charParams>
<charParams l="620" t="401" r="631" b="424" charConfidence="26">e</charParams>
<charParams l="635" t="400" r="648" b="424" charConfidence="100">r</charParams>
<charParams l="649" t="389" r="670" b="430"> </charParams>
<charParams l="671" t="389" r="704" b="430" charConfidence="27">H</charParams>
<charParams l="707" t="401" r="723" b="424" charConfidence="31">a</charParams>
<charParams l="726" t="401" r="743" b="424" charConfidence="24">u</charParams>
<charParams l="747" t="401" r="763" b="432" charConfidence="100">p</charParams>
<charParams l="767" t="399" r="777" b="426" charConfidence="62">t</charParams>
<charParams l="779" t="402" r="807" b="427" charConfidence="32">m</charParams>
<charParams l="811" t="404" r="826" b="427" charConfidence="0">a</charParams>
<charParams l="830" t="406" r="848" b="429" charConfidence="87">n</charParams>
<charParams l="851" t="406" r="869" b="430" charConfidence="81">n</charParams>
<charParams l="880" t="409" r="888" b="430" charConfidence="65">:</charParams>
<charParams l="889" t="402" r="913" b="432"> </charParams>
<charParams l="914" t="402" r="930" b="432" charConfidence="26">d</charParams>
<charParams l="933" t="402" r="941" b="433" charConfidence="25">i</charParams>
<charParams l="944" t="410" r="956" b="433" charConfidence="27">e</charParams>
<charParams l="959" t="402" r="973" b="439" charConfidence="100">s</charParams>
<charParams l="971" t="410" r="985" b="434" charConfidence="28">e</charParams></formatting></line>
<line baseline="491" l="190" t="452" r="983" b="501"><formatting lang="OldGerman">
<charParams l="190" t="453" r="231" b="499" charConfidence="-1">A</charParams>
<charParams l="234" t="461" r="244" b="492" charConfidence="100">l</charParams>
<charParams l="244" t="461" r="254" b="492" charConfidence="46">l</charParams>
<charParams l="255" t="469" r="268" b="493" charConfidence="29">e</charParams>
<charParams l="269" t="460" r="308" b="498"> </charParams>
<charParams l="309" t="460" r="329" b="498" charConfidence="52">s</charParams>
<charParams l="309" t="460" r="329" b="498" charConfidence="52">i</charParams>
<charParams l="330" t="466" r="347" b="490" charConfidence="83">n</charParams>
<charParams l="351" t="460" r="369" b="489" charConfidence="28">d</charParams>
<charParams l="370" t="460" r="409" b="489"> </charParams>
<charParams l="410" t="464" r="425" b="488" charConfidence="100">a</charParams>
<charParams l="429" t="454" r="439" b="488" charConfidence="71">l</charParams>
<charParams l="438" t="454" r="448" b="487" charConfidence="27">l</charParams>
<charParams l="450" t="463" r="462" b="486" charConfidence="26">e</charParams>
<charParams l="465" t="462" r="478" b="487" charConfidence="40">r</charParams>
<charParams l="479" t="456" r="496" b="486" charConfidence="34">d</charParams>
<charParams l="499" t="456" r="507" b="486" charConfidence="48">i</charParams>
<charParams l="511" t="463" r="527" b="486" charConfidence="100">n</charParams>
<charParams l="530" t="463" r="547" b="494" charConfidence="56">g</charParams>
<charParams l="550" t="457" r="567" b="487" charConfidence="100">s</charParams>
<charParams l="567" t="457" r="598" b="487"> </charParams>
<charParams l="598" t="457" r="615" b="487" charConfidence="31">d</charParams>
<charParams l="619" t="456" r="628" b="486" charConfidence="27">i</charParams>
<charParams l="630" t="463" r="643" b="487" charConfidence="56">e</charParams>
<charParams l="644" t="453" r="675" b="487"> </charParams>
<charParams l="675" t="453" r="692" b="487" charConfidence="34">b</charParams>
<charParams l="695" t="463" r="707" b="486" charConfidence="72">e</charParams>
<charParams l="710" t="456" r="726" b="487" charConfidence="38">d</charParams>
<charParams l="730" t="464" r="742" b="486" charConfidence="45">e</charParams>
<charParams l="745" t="464" r="762" b="487" charConfidence="27">u</charParams>
<charParams l="766" t="461" r="776" b="487" charConfidence="39">t</charParams>
<charParams l="779" t="465" r="791" b="488" charConfidence="24">e</charParams>
<charParams l="795" t="465" r="811" b="487" charConfidence="40">n</charParams>
<charParams l="816" t="457" r="832" b="488" charConfidence="38">d</charParams>
<charParams l="835" t="458" r="856" b="496" charConfidence="33">s</charParams>
<charParams l="835" t="458" r="856" b="496" charConfidence="33">t</charParams>
<charParams l="858" t="466" r="869" b="490" charConfidence="25">e</charParams>
<charParams l="873" t="466" r="892" b="490" charConfidence="29">n</charParams>
<charParams l="893" t="466" r="922" b="494"> </charParams>
<charParams l="923" t="469" r="941" b="494" charConfidence="24">u</charParams>
<charParams l="944" t="470" r="962" b="494" charConfidence="100">n</charParams>
<charParams l="966" t="465" r="982" b="495" charConfidence="25">d</charParams></formatting></line>
<line baseline="553" l="190" t="514" r="983" b="560"><formatting lang="OldGerman">
<charParams l="190" t="525" r="217" b="553" charConfidence="30">M</charParams>
<charParams l="222" t="530" r="234" b="553" charConfidence="25">e</charParams>
<charParams l="237" t="529" r="250" b="553" charConfidence="96">r</charParams>
<charParams l="253" t="519" r="266" b="552" charConfidence="25">k</charParams>
<charParams l="267" t="527" r="293" b="552" charConfidence="28">w</charParams>
<charParams l="296" t="518" r="314" b="551" charConfidence="28">ü</charParams>
<charParams l="318" t="527" r="330" b="552" charConfidence="93">r</charParams>
<charParams l="334" t="521" r="349" b="551" charConfidence="28">d</charParams>
<charParams l="353" t="519" r="361" b="550" charConfidence="48">i</charParams>
<charParams l="363" t="527" r="379" b="558" charConfidence="55">g</charParams>
<charParams l="384" t="516" r="404" b="558" charConfidence="30">s</charParams>
<charParams l="384" t="516" r="404" b="558" charConfidence="30">t</charParams>
<charParams l="407" t="525" r="419" b="550" charConfidence="32">e</charParams>
<charParams l="421" t="524" r="439" b="550" charConfidence="32">n</charParams>
<charParams l="449" t="541" r="459" b="558" charConfidence="100">,</charParams>
<charParams l="460" t="525" r="496" b="558"> </charParams>
<charParams l="497" t="525" r="524" b="551" charConfidence="26">w</charParams>
<charParams l="529" t="525" r="543" b="550" charConfidence="66">o</charParams>
<charParams l="544" t="525" r="567" b="550"> </charParams>
<charParams l="568" t="525" r="595" b="550" charConfidence="77">m</charParams>
<charParams l="599" t="526" r="614" b="550" charConfidence="100">a</charParams>
<charParams l="618" t="525" r="636" b="550" charConfidence="55">n</charParams>
<charParams l="637" t="519" r="660" b="550"> </charParams>
<charParams l="661" t="519" r="677" b="550" charConfidence="27">d</charParams>
<charParams l="681" t="525" r="696" b="549" charConfidence="31">a</charParams>
<charParams l="700" t="522" r="716" b="550" charConfidence="100">s</charParams>
<charParams l="717" t="515" r="735" b="551"> </charParams>
<charParams l="736" t="516" r="765" b="550" charConfidence="33">A</charParams>
<charParams l="767" t="525" r="784" b="549" charConfidence="35">n</charParams>
<charParams l="787" t="526" r="798" b="560" charConfidence="28">z</charParams>
<charParams l="803" t="518" r="810" b="548" charConfidence="43">i</charParams>
<charParams l="814" t="526" r="826" b="549" charConfidence="26">e</charParams>
<charParams l="829" t="517" r="846" b="559" charConfidence="83">h</charParams>
<charParams l="851" t="524" r="862" b="550" charConfidence="100">e</charParams>
<charParams l="865" t="527" r="884" b="552" charConfidence="100">n</charParams>
<charParams l="893" t="544" r="902" b="558" charConfidence="84">,</charParams>
<charParams l="903" t="523" r="926" b="558"> </charParams>
<charParams l="927" t="523" r="944" b="553" charConfidence="39">d</charParams>
<charParams l="947" t="530" r="963" b="555" charConfidence="44">a</charParams>
<charParams l="966" t="528" r="983" b="557" charConfidence="100">s</charParams></formatting></line>
<line baseline="617" l="190" t="580" r="983" b="626"><formatting lang="OldGerman">
<charParams l="190" t="582" r="221" b="618" charConfidence="33">V</charParams>
<charParams l="225" t="593" r="236" b="616" charConfidence="26">e</charParams>
<charParams l="240" t="591" r="252" b="616" charConfidence="69">r</charParams>
<charParams l="256" t="591" r="280" b="615" charConfidence="24">w</charParams>
<charParams l="285" t="592" r="299" b="615" charConfidence="24">a</charParams>
<charParams l="304" t="591" r="321" b="615" charConfidence="100">n</charParams>
<charParams l="326" t="584" r="340" b="614" suspicious="1" charConfidence="26">b</charParams>
<charParams l="344" t="588" r="355" b="614" charConfidence="39">t</charParams>
<charParams l="358" t="582" r="371" b="622" charConfidence="72">s</charParams>
<charParams l="369" t="591" r="380" b="615" charConfidence="32">e</charParams>
<charParams l="384" t="590" r="399" b="624" charConfidence="52">y</charParams>
<charParams l="403" t="591" r="420" b="615" charConfidence="68">n</charParams>
<charParams l="429" t="605" r="439" b="622" charConfidence="100">,</charParams>
<charParams l="440" t="584" r="472" b="622"> </charParams>
<charParams l="473" t="584" r="488" b="615" charConfidence="27">d</charParams>
<charParams l="492" t="583" r="500" b="614" charConfidence="51">i</charParams>
<charParams l="504" t="591" r="516" b="614" charConfidence="32">e</charParams>
<charParams l="519" t="581" r="532" b="621" charConfidence="100">s</charParams>
<charParams l="531" t="591" r="543" b="615" charConfidence="37">e</charParams>
<charParams l="546" t="586" r="561" b="614" charConfidence="100">s</charParams>
<charParams l="562" t="582" r="587" b="616"> </charParams>
<charParams l="588" t="582" r="618" b="616" charConfidence="49">V</charParams>
<charParams l="622" t="591" r="633" b="614" charConfidence="32">e</charParams>
<charParams l="637" t="590" r="650" b="615" charConfidence="49">r</charParams>
<charParams l="654" t="583" r="662" b="615" charConfidence="51">l</charParams>
<charParams l="664" t="591" r="679" b="614" charConfidence="100">a</charParams>
<charParams l="685" t="582" r="709" b="620" charConfidence="88">s</charParams>
<charParams l="685" t="582" r="709" b="620" charConfidence="88">s</charParams>
<charParams l="706" t="590" r="718" b="613" charConfidence="55">e</charParams>
<charParams l="722" t="590" r="740" b="615" charConfidence="100">n</charParams>
<charParams l="749" t="606" r="758" b="622" charConfidence="55">,</charParams>
<charParams l="759" t="584" r="794" b="622"> </charParams>
<charParams l="795" t="584" r="811" b="614" charConfidence="36">d</charParams>
<charParams l="816" t="583" r="822" b="614" charConfidence="100">i</charParams>
<charParams l="827" t="591" r="838" b="614" charConfidence="25">e</charParams>
<charParams l="842" t="582" r="855" b="621" charConfidence="66">s</charParams>
<charParams l="853" t="591" r="865" b="614" charConfidence="32">e</charParams>
<charParams l="869" t="585" r="884" b="614" charConfidence="-1">s</charParams>
<charParams l="885" t="582" r="907" b="616"> </charParams>
<charParams l="908" t="582" r="940" b="616" charConfidence="36">V</charParams>
<charParams l="943" t="592" r="955" b="615" suspicious="1" charConfidence="100">e</charParams>
<charParams l="958" t="592" r="971" b="617" charConfidence="32">r</charParams>
<charParams l="972" t="598" r="983" b="614" suspicious="1" charConfidence="100">-</charParams></formatting></line>
<line baseline="681" l="188" t="644" r="982" b="691"><formatting lang="OldGerman">
<charParams l="188" t="656" r="201" b="681" charConfidence="29">e</charParams>
<charParams l="205" t="649" r="212" b="680" charConfidence="33">i</charParams>
<charParams l="216" t="657" r="232" b="680" charConfidence="54">n</charParams>
<charParams l="238" t="649" r="244" b="680" charConfidence="-1">i</charParams>
<charParams l="248" t="656" r="264" b="688" charConfidence="63">g</charParams>
<charParams l="268" t="656" r="279" b="680" charConfidence="100">e</charParams>
<charParams l="283" t="656" r="301" b="680" charConfidence="68">n</charParams>
<charParams l="302" t="656" r="331" b="688"> </charParams>
<charParams l="332" t="656" r="349" b="688" charConfidence="57">g</charParams>
<charParams l="354" t="649" r="361" b="681" charConfidence="37">l</charParams>
<charParams l="364" t="656" r="376" b="680" charConfidence="36">e</charParams>
<charParams l="379" t="648" r="387" b="679" charConfidence="100">i</charParams>
<charParams l="390" t="647" r="417" b="687" charConfidence="27">c</charParams>
<charParams l="390" t="647" r="417" b="687" charConfidence="27">h</charParams>
<charParams l="421" t="647" r="434" b="687" charConfidence="100">s</charParams>
<charParams l="432" t="655" r="447" b="678" charConfidence="100">a</charParams>
<charParams l="451" t="654" r="479" b="680" charConfidence="100">m</charParams>
<charParams l="480" t="646" r="502" b="680"> </charParams>
<charParams l="503" t="646" r="522" b="679" suspicious="1" charConfidence="22">ü</charParams>
<charParams l="526" t="646" r="541" b="680" charConfidence="38">b</charParams>
<charParams l="545" t="656" r="557" b="680" charConfidence="100">e</charParams>
<charParams l="560" t="656" r="572" b="680" charConfidence="67">r</charParams>
<charParams l="576" t="651" r="591" b="680" charConfidence="100">S</charParams>
<charParams l="592" t="646" r="616" b="680"> </charParams>
<charParams l="617" t="646" r="646" b="680" charConfidence="52">K</charParams>
<charParams l="649" t="656" r="661" b="680" charConfidence="41">r</charParams>
<charParams l="665" t="655" r="676" b="679" charConfidence="55">e</charParams>
<charParams l="680" t="657" r="696" b="679" charConfidence="31">u</charParams>
<charParams l="700" t="654" r="713" b="690" charConfidence="0">z</charParams>
<charParams l="722" t="670" r="731" b="686" charConfidence="79">,</charParams>
<charParams l="732" t="655" r="769" b="686"> </charParams>
<charParams l="770" t="655" r="797" b="680" charConfidence="30">w</charParams>
<charParams l="800" t="647" r="807" b="678" charConfidence="-1">i</charParams>
<charParams l="811" t="654" r="824" b="680" charConfidence="57">r</charParams>
<charParams l="827" t="646" r="839" b="679" charConfidence="46">k</charParams>
<charParams l="842" t="647" r="850" b="679" charConfidence="41">l</charParams>
<charParams l="853" t="647" r="861" b="679" charConfidence="34">i</charParams>
<charParams l="865" t="646" r="893" b="686" charConfidence="55">c</charParams>
<charParams l="865" t="646" r="893" b="686" charConfidence="55">h</charParams>
<charParams l="894" t="646" r="917" b="686"> </charParams>
<charParams l="918" t="648" r="934" b="678" charConfidence="27">d</charParams>
<charParams l="937" t="655" r="953" b="678" charConfidence="25">a</charParams>
<charParams l="957" t="655" r="971" b="679" charConfidence="77">r</charParams>
<charParams l="972" t="660" r="982" b="676" charConfidence="52">¬</charParams></formatting></line>
<line baseline="745" l="186" t="709" r="983" b="754"><formatting lang="OldGerman">
<charParams l="186" t="712" r="208" b="752" charConfidence="45">s</charParams>
<charParams l="186" t="712" r="208" b="752" charConfidence="45">t</charParams>
<charParams l="212" t="720" r="223" b="743" charConfidence="30">e</charParams>
<charParams l="227" t="712" r="235" b="743" charConfidence="50">l</charParams>
<charParams l="235" t="712" r="244" b="744" charConfidence="32">l</charParams>
<charParams l="247" t="722" r="258" b="743" charConfidence="29">e</charParams>
<charParams l="262" t="720" r="279" b="743" charConfidence="30">n</charParams>
<charParams l="280" t="711" r="304" b="744"> </charParams>
<charParams l="305" t="711" r="318" b="744" charConfidence="54">k</charParams>
<charParams l="320" t="720" r="335" b="742" charConfidence="24">a</charParams>
<charParams l="340" t="720" r="356" b="743" charConfidence="72">n</charParams>
<charParams l="360" t="719" r="377" b="743" charConfidence="47">n</charParams>
<charParams l="387" t="721" r="397" b="751" charConfidence="49">;</charParams>
<charParams l="397" t="718" r="423" b="751"> </charParams>
<charParams l="424" t="718" r="451" b="745" charConfidence="25">w</charParams>
<charParams l="454" t="720" r="469" b="743" charConfidence="72">o</charParams>
<charParams l="470" t="720" r="493" b="744"> </charParams>
<charParams l="494" t="720" r="512" b="744" charConfidence="29">v</charParams>
<charParams l="516" t="712" r="524" b="743" charConfidence="27">i</charParams>
<charParams l="527" t="720" r="539" b="743" charConfidence="31">e</charParams>
<charParams l="543" t="719" r="557" b="744" charConfidence="28">r</charParams>
<charParams l="564" t="734" r="574" b="751" charConfidence="71">,</charParams>
<charParams l="574" t="711" r="599" b="751"> </charParams>
<charParams l="600" t="711" r="616" b="743" charConfidence="60">b</charParams>
<charParams l="620" t="711" r="628" b="743" charConfidence="100">i</charParams>
<charParams l="631" t="720" r="646" b="743" charConfidence="100">s</charParams>
<charParams l="649" t="710" r="667" b="752" charConfidence="43">h</charParams>
<charParams l="671" t="720" r="682" b="743" charConfidence="100">e</charParams>
<charParams l="686" t="721" r="700" b="744" charConfidence="26">r</charParams>
<charParams l="700" t="711" r="721" b="751"> </charParams>
<charParams l="721" t="711" r="731" b="752" charConfidence="33">j</charParams>
<charParams l="734" t="720" r="747" b="743" charConfidence="39">e</charParams>
<charParams l="747" t="719" r="763" b="754"> </charParams>
<charParams l="763" t="719" r="776" b="754" charConfidence="28">z</charParams>
<charParams l="779" t="718" r="805" b="744" charConfidence="75">w</charParams>
<charParams l="809" t="719" r="821" b="744" charConfidence="26">e</charParams>
<charParams l="823" t="719" r="840" b="754" charConfidence="17">y</charParams>
<charParams l="840" t="717" r="857" b="754"> </charParams>
<charParams l="857" t="717" r="871" b="754" charConfidence="29">z</charParams>
<charParams l="874" t="719" r="892" b="743" charConfidence="34">u</charParams>
<charParams l="892" t="719" r="905" b="753"> </charParams>
<charParams l="905" t="719" r="919" b="753" charConfidence="84">z</charParams>
<charParams l="921" t="717" r="947" b="742" charConfidence="30">w</charParams>
<charParams l="951" t="718" r="963" b="741" charConfidence="29">e</charParams>
<charParams l="965" t="717" r="983" b="750" charConfidence="44">y</charParams></formatting></line>
<line baseline="806" l="186" t="769" r="981" b="816"><formatting lang="OldGerman">
<charParams l="186" t="781" r="204" b="806" charConfidence="28">v</charParams>
<charParams l="208" t="783" r="219" b="805" charConfidence="26">e</charParams>
<charParams l="223" t="783" r="236" b="805" charConfidence="81">r</charParams>
<charParams l="239" t="773" r="254" b="806" charConfidence="25">b</charParams>
<charParams l="259" t="783" r="275" b="806" charConfidence="29">u</charParams>
<charParams l="279" t="782" r="296" b="806" charConfidence="100">n</charParams>
<charParams l="300" t="777" r="315" b="806" charConfidence="26">d</charParams>
<charParams l="314" t="783" r="331" b="813" suspicious="1" charConfidence="-1">e</charParams>
<charParams l="335" t="783" r="351" b="805" charConfidence="92">n</charParams>
<charParams l="355" t="783" r="368" b="805" charConfidence="34">e</charParams>
<charParams l="369" t="771" r="409" b="805"> </charParams>
<charParams l="410" t="771" r="451" b="805" charConfidence="29">W</charParams>
<charParams l="453" t="782" r="466" b="805" charConfidence="30">e</charParams>
<charParams l="467" t="773" r="482" b="813" charConfidence="38">s</charParams>
<charParams l="480" t="782" r="491" b="805" charConfidence="25">e</charParams>
<charParams l="494" t="781" r="514" b="805" suspicious="1" charConfidence="31">n</charParams>
<charParams l="515" t="774" r="555" b="805"> </charParams>
<charParams l="556" t="774" r="565" b="805" charConfidence="28">i</charParams>
<charParams l="567" t="781" r="586" b="805" suspicious="1" charConfidence="38">n</charParams>
<charParams l="587" t="771" r="623" b="806"> </charParams>
<charParams l="624" t="771" r="658" b="806" charConfidence="29">B</charParams>
<charParams l="662" t="782" r="674" b="805" charConfidence="28">e</charParams>
<charParams l="677" t="781" r="689" b="804" charConfidence="40">r</charParams>
<charParams l="693" t="772" r="710" b="805" charConfidence="26">ü</charParams>
<charParams l="713" t="772" r="730" b="816" charConfidence="25">h</charParams>
<charParams l="734" t="782" r="748" b="804" charConfidence="100">r</charParams>
<charParams l="748" t="782" r="767" b="805" charConfidence="100">u</charParams>
<charParams l="771" t="782" r="788" b="805" charConfidence="37">n</charParams>
<charParams l="791" t="782" r="808" b="812" suspicious="1" charConfidence="42">g</charParams>
<charParams l="809" t="782" r="838" b="812"> </charParams>
<charParams l="839" t="782" r="856" b="812" charConfidence="33">g</charParams>
<charParams l="859" t="781" r="873" b="804" charConfidence="30">e</charParams>
<charParams l="875" t="773" r="890" b="804" charConfidence="28">b</charParams>
<charParams l="893" t="779" r="908" b="804" charConfidence="54">r</charParams>
<charParams l="909" t="779" r="926" b="803" charConfidence="33">a</charParams>
<charParams l="929" t="771" r="956" b="808" charConfidence="44">c</charParams>
<charParams l="929" t="771" r="956" b="808" charConfidence="44">h</charParams>
<charParams l="960" t="774" r="971" b="801" charConfidence="25">t</charParams>
<charParams l="971" t="794" r="981" b="808" charConfidence="84">,</charParams></formatting></line>
<line baseline="866" l="185" t="828" r="978" b="875"><formatting lang="OldGerman">
<charParams l="185" t="833" r="194" b="865" charConfidence="44">i</charParams>
<charParams l="197" t="833" r="214" b="872" charConfidence="43">h</charParams>
<charParams l="218" t="841" r="231" b="864" charConfidence="26">r</charParams>
<charParams l="234" t="842" r="247" b="865" charConfidence="29">e</charParams>
<charParams l="248" t="833" r="278" b="865"> </charParams>
<charParams l="279" t="833" r="295" b="864" charConfidence="28">b</charParams>
<charParams l="300" t="834" r="307" b="864" charConfidence="-1">i</charParams>
<charParams l="311" t="838" r="326" b="864" charConfidence="100">s</charParams>
<charParams l="330" t="833" r="347" b="872" charConfidence="38">h</charParams>
<charParams l="351" t="843" r="364" b="864" charConfidence="26">e</charParams>
<charParams l="366" t="842" r="380" b="864" charConfidence="100">r</charParams>
<charParams l="383" t="834" r="391" b="863" charConfidence="93">i</charParams>
<charParams l="393" t="841" r="413" b="871" charConfidence="25">g</charParams>
<charParams l="414" t="842" r="427" b="864" charConfidence="36">e</charParams>
<charParams l="428" t="831" r="458" b="865"> </charParams>
<charParams l="459" t="832" r="489" b="865" charConfidence="98">V</charParams>
<charParams l="492" t="842" r="504" b="864" charConfidence="55">e</charParams>
<charParams l="507" t="840" r="521" b="865" charConfidence="35">r</charParams>
<charParams l="523" t="842" r="536" b="865" charConfidence="29">e</charParams>
<charParams l="538" t="835" r="547" b="864" charConfidence="72">i</charParams>
<charParams l="549" t="842" r="567" b="866" charConfidence="90">n</charParams>
<charParams l="571" t="835" r="579" b="865" charConfidence="40">i</charParams>
<charParams l="580" t="843" r="599" b="874" charConfidence="25">g</charParams>
<charParams l="601" t="843" r="619" b="865" charConfidence="100">u</charParams>
<charParams l="622" t="842" r="642" b="864" charConfidence="25">n</charParams>
<charParams l="642" t="842" r="659" b="872" charConfidence="36">g</charParams>
<charParams l="660" t="842" r="681" b="872"> </charParams>
<charParams l="682" t="842" r="700" b="865" charConfidence="100">v</charParams>
<charParams l="704" t="841" r="716" b="864" charConfidence="26">e</charParams>
<charParams l="720" t="840" r="733" b="864" charConfidence="27">r</charParams>
<charParams l="736" t="833" r="744" b="863" charConfidence="70">l</charParams>
<charParams l="747" t="842" r="762" b="863" charConfidence="39">a</charParams>
<charParams l="766" t="831" r="793" b="867" charConfidence="61">s</charParams>
<charParams l="766" t="831" r="793" b="867" charConfidence="61">s</charParams>
<charParams l="789" t="840" r="801" b="863" charConfidence="27">e</charParams>
<charParams l="804" t="840" r="822" b="863" suspicious="1" charConfidence="47">n</charParams>
<charParams l="823" t="840" r="845" b="864"> </charParams>
<charParams l="846" t="840" r="864" b="864" suspicious="1" charConfidence="32">u</charParams>
<charParams l="867" t="839" r="884" b="863" charConfidence="38">n</charParams>
<charParams l="889" t="833" r="905" b="863" charConfidence="27">d</charParams>
<charParams l="906" t="830" r="928" b="870"> </charParams>
<charParams l="929" t="830" r="949" b="870" charConfidence="85">s</charParams>
<charParams l="929" t="830" r="949" b="870" charConfidence="85">i</charParams>
<charParams l="951" t="831" r="978" b="870" charConfidence="100">c</charParams>
<charParams l="951" t="831" r="978" b="870" charConfidence="100">h</charParams></formatting></line>
<line baseline="925" l="181" t="885" r="976" b="931"><formatting lang="OldGerman">
<charParams l="181" t="898" r="198" b="923" charConfidence="26">a</charParams>
<charParams l="202" t="899" r="219" b="925" charConfidence="27">u</charParams>
<charParams l="222" t="891" r="238" b="929" suspicious="1" charConfidence="43">f</charParams>
<charParams l="235" t="895" r="252" b="924" charConfidence="93">s</charParams>
<charParams l="253" t="895" r="275" b="924"> </charParams>
<charParams l="276" t="900" r="293" b="922" charConfidence="38">n</charParams>
<charParams l="297" t="900" r="309" b="921" charConfidence="24">e</charParams>
<charParams l="312" t="899" r="329" b="922" charConfidence="55">u</charParams>
<charParams l="333" t="900" r="346" b="922" charConfidence="27">e</charParams>
<charParams l="347" t="899" r="365" b="922"> </charParams>
<charParams l="366" t="899" r="385" b="922" charConfidence="27">v</charParams>
<charParams l="388" t="899" r="402" b="922" charConfidence="55">e</charParams>
<charParams l="403" t="899" r="417" b="922" charConfidence="26">r</charParams>
<charParams l="418" t="891" r="435" b="923" charConfidence="26">b</charParams>
<charParams l="439" t="894" r="447" b="923" charConfidence="29">i</charParams>
<charParams l="450" t="898" r="467" b="923" charConfidence="39">n</charParams>
<charParams l="471" t="895" r="487" b="922" charConfidence="26">d</charParams>
<charParams l="490" t="900" r="503" b="922" charConfidence="27">e</charParams>
<charParams l="503" t="900" r="523" b="922" charConfidence="26">n</charParams>
<charParams l="526" t="913" r="535" b="923" suspicious="1" charConfidence="67">.</charParams>
<charParams l="536" t="891" r="578" b="928"> </charParams>
<charParams l="579" t="891" r="612" b="928" suspicious="1" charConfidence="-1">I</charParams>
<charParams l="613" t="900" r="631" b="922" suspicious="1" charConfidence="65">n</charParams>
<charParams l="632" t="894" r="649" b="922"> </charParams>
<charParams l="650" t="894" r="666" b="921" charConfidence="100">d</charParams>
<charParams l="670" t="893" r="679" b="921" charConfidence="27">i</charParams>
<charParams l="682" t="899" r="695" b="921" charConfidence="28">e</charParams>
<charParams l="698" t="892" r="712" b="926" charConfidence="25">s</charParams>
<charParams l="709" t="897" r="723" b="922" charConfidence="25">e</charParams>
<charParams l="724" t="894" r="752" b="921" charConfidence="24">m</charParams>
<charParams l="753" t="890" r="769" b="927"> </charParams>
<charParams l="770" t="890" r="795" b="927" charConfidence="30">F</charParams>
<charParams l="796" t="899" r="810" b="919" charConfidence="26">a</charParams>
<charParams l="815" t="887" r="833" b="929" charConfidence="27">h</charParams>
<charParams l="835" t="898" r="850" b="922" charConfidence="84">r</charParams>
<charParams l="852" t="896" r="866" b="921" charConfidence="27">e</charParams>
<charParams l="867" t="899" r="885" b="921" charConfidence="100">n</charParams>
<charParams l="888" t="893" r="897" b="921" charConfidence="26">l</charParams>
<charParams l="900" t="899" r="915" b="921" charConfidence="30">a</charParams>
<charParams l="920" t="891" r="946" b="927" charConfidence="100">s</charParams>
<charParams l="920" t="891" r="946" b="927" charConfidence="100">s</charParams>
<charParams l="943" t="901" r="955" b="924" charConfidence="49">e</charParams>
<charParams l="958" t="901" r="976" b="926" charConfidence="30">n</charParams></formatting></line>
<line baseline="984" l="179" t="946" r="975" b="993"><formatting lang="OldGerman">
<charParams l="179" t="957" r="198" b="985" suspicious="1" charConfidence="26">u</charParams>
<charParams l="201" t="959" r="219" b="982" charConfidence="86">n</charParams>
<charParams l="223" t="953" r="238" b="982" charConfidence="27">d</charParams>
<charParams l="239" t="948" r="263" b="983"> </charParams>
<charParams l="264" t="948" r="291" b="983" charConfidence="-1">E</charParams>
<charParams l="294" t="958" r="307" b="981" charConfidence="27">r</charParams>
<charParams l="307" t="958" r="324" b="988" charConfidence="55">g</charParams>
<charParams l="328" t="958" r="341" b="980" charConfidence="100">r</charParams>
<charParams l="343" t="958" r="357" b="980" charConfidence="30">e</charParams>
<charParams l="358" t="950" r="368" b="980" charConfidence="29">i</charParams>
<charParams l="369" t="948" r="385" b="986" charConfidence="46">f</charParams>
<charParams l="384" t="958" r="396" b="980" charConfidence="35">e</charParams>
<charParams l="400" t="957" r="417" b="979" suspicious="1" charConfidence="-1">»</charParams>
<charParams l="418" t="972" r="428" b="986" charConfidence="84">,</charParams>
<charParams l="429" t="948" r="450" b="987"> </charParams>
<charParams l="451" t="949" r="461" b="980" charConfidence="25">i</charParams>
<charParams l="464" t="957" r="482" b="979" charConfidence="100">n</charParams>
<charParams l="483" t="951" r="507" b="981"> </charParams>
<charParams l="508" t="951" r="524" b="981" charConfidence="27">d</charParams>
<charParams l="527" t="949" r="536" b="980" charConfidence="33">i</charParams>
<charParams l="538" t="956" r="551" b="980" charConfidence="29">e</charParams>
<charParams l="555" t="950" r="568" b="987" charConfidence="24">s</charParams>
<charParams l="566" t="958" r="577" b="980" charConfidence="33">e</charParams>
<charParams l="580" t="957" r="609" b="982" charConfidence="78">m</charParams>
<charParams l="610" t="947" r="625" b="987"> </charParams>
<charParams l="626" t="947" r="651" b="987" charConfidence="35">F</charParams>
<charParams l="653" t="952" r="659" b="980" charConfidence="37">l</charParams>
<charParams l="664" t="951" r="671" b="980" charConfidence="100">i</charParams>
<charParams l="674" t="959" r="686" b="980" charConfidence="24">e</charParams>
<charParams l="690" t="948" r="707" b="991" charConfidence="63">h</charParams>
<charParams l="711" t="958" r="724" b="982" charConfidence="31">e</charParams>
<charParams l="726" t="959" r="743" b="981" charConfidence="40">n</charParams>
<charParams l="744" t="959" r="760" b="982"> </charParams>
<charParams l="761" t="959" r="779" b="982" charConfidence="100">u</charParams>
<charParams l="782" t="959" r="799" b="981" charConfidence="72">n</charParams>
<charParams l="804" t="952" r="819" b="982" charConfidence="29">d</charParams>
<charParams l="820" t="949" r="837" b="984"> </charParams>
<charParams l="838" t="949" r="874" b="984" charConfidence="34">S</charParams>
<charParams l="879" t="960" r="895" b="984" charConfidence="24">u</charParams>
<charParams l="899" t="952" r="926" b="990" charConfidence="73">c</charParams>
<charParams l="899" t="952" r="926" b="990" charConfidence="73">h</charParams>
<charParams l="930" t="962" r="943" b="985" charConfidence="41">e</charParams>
<charParams l="945" t="963" r="964" b="986" charConfidence="59">n</charParams>
<charParams l="965" t="978" r="975" b="993" charConfidence="63">,</charParams></formatting></line>
<line baseline="1046" l="174" t="1007" r="974" b="1057"><formatting lang="OldGerman">
<charParams l="174" t="1020" r="193" b="1052" charConfidence="25">g</charParams>
<charParams l="196" t="1012" r="206" b="1044" charConfidence="55">l</charParams>
<charParams l="206" t="1020" r="224" b="1043" charConfidence="54">a</charParams>
<charParams l="227" t="1020" r="245" b="1043" charConfidence="32">u</charParams>
<charParams l="248" t="1011" r="264" b="1042" charConfidence="25">b</charParams>
<charParams l="267" t="1016" r="279" b="1044" charConfidence="26">t</charParams>
<charParams l="279" t="1016" r="301" b="1044"> </charParams>
<charParams l="301" t="1017" r="332" b="1042" charConfidence="79">m</charParams>
<charParams l="334" t="1018" r="350" b="1041" charConfidence="33">a</charParams>
<charParams l="352" t="1018" r="372" b="1042" charConfidence="27">n</charParams>
<charParams l="372" t="1016" r="394" b="1042"> </charParams>
<charParams l="394" t="1016" r="422" b="1042" charConfidence="29">w</charParams>
<charParams l="424" t="1010" r="435" b="1041" charConfidence="100">i</charParams>
<charParams l="436" t="1017" r="450" b="1042" charConfidence="36">r</charParams>
<charParams l="451" t="1008" r="465" b="1040" charConfidence="55">k</charParams>
<charParams l="467" t="1010" r="476" b="1040" charConfidence="59">l</charParams>
<charParams l="478" t="1009" r="487" b="1039" charConfidence="100">i</charParams>
<charParams l="489" t="1009" r="517" b="1047" charConfidence="57">c</charParams>
<charParams l="489" t="1009" r="517" b="1047" charConfidence="57">h</charParams>
<charParams l="517" t="1009" r="550" b="1047"> </charParams>
<charParams l="550" t="1019" r="564" b="1043" charConfidence="24">e</charParams>
<charParams l="566" t="1010" r="575" b="1041" charConfidence="29">i</charParams>
<charParams l="577" t="1019" r="594" b="1042" charConfidence="38">n</charParams>
<charParams l="598" t="1019" r="612" b="1042" charConfidence="26">e</charParams>
<charParams l="612" t="1010" r="635" b="1052"> </charParams>
<charParams l="635" t="1010" r="653" b="1052" charConfidence="59">h</charParams>
<charParams l="656" t="1011" r="672" b="1043" charConfidence="25">ö</charParams>
<charParams l="676" t="1011" r="693" b="1053" charConfidence="30">h</charParams>
<charParams l="696" t="1021" r="709" b="1044" charConfidence="28">e</charParams>
<charParams l="710" t="1019" r="725" b="1044" charConfidence="29">r</charParams>
<charParams l="727" t="1021" r="740" b="1044" charConfidence="29">e</charParams>
<charParams l="740" t="1011" r="764" b="1048"> </charParams>
<charParams l="764" t="1011" r="799" b="1048" charConfidence="100">B</charParams>
<charParams l="802" t="1022" r="815" b="1046" charConfidence="32">e</charParams>
<charParams l="817" t="1015" r="839" b="1056" charConfidence="47">s</charParams>
<charParams l="817" t="1015" r="839" b="1056" charConfidence="47">t</charParams>
<charParams l="840" t="1016" r="849" b="1047" charConfidence="100">i</charParams>
<charParams l="851" t="1024" r="881" b="1048" charConfidence="100">m</charParams>
<charParams l="883" t="1024" r="912" b="1048" charConfidence="91">m</charParams>
<charParams l="914" t="1025" r="933" b="1049" charConfidence="81">u</charParams>
<charParams l="935" t="1025" r="954" b="1049" charConfidence="57">n</charParams>
<charParams l="955" t="1025" r="974" b="1057" charConfidence="25">g</charParams></formatting></line>
<line baseline="1108" l="174" t="1071" r="973" b="1119"><formatting lang="OldGerman">
<charParams l="174" t="1081" r="187" b="1117" charConfidence="100">z</charParams>
<charParams l="191" t="1081" r="208" b="1104" charConfidence="53">u</charParams>
<charParams l="209" t="1073" r="232" b="1109"> </charParams>
<charParams l="233" t="1073" r="247" b="1109" charConfidence="38">s</charParams>
<charParams l="245" t="1082" r="256" b="1103" charConfidence="26">e</charParams>
<charParams l="260" t="1071" r="277" b="1110" charConfidence="57">h</charParams>
<charParams l="281" t="1080" r="293" b="1102" charConfidence="48">e</charParams>
<charParams l="296" t="1079" r="312" b="1102" charConfidence="48">n</charParams>
<charParams l="322" t="1079" r="332" b="1110" charConfidence="47">;</charParams>
<charParams l="333" t="1077" r="373" b="1110"> </charParams>
<charParams l="374" t="1077" r="402" b="1102" charConfidence="93">m</charParams>
<charParams l="405" t="1078" r="421" b="1103" charConfidence="25">a</charParams>
<charParams l="424" t="1078" r="443" b="1102" charConfidence="78">n</charParams>
<charParams l="444" t="1075" r="467" b="1104"> </charParams>
<charParams l="468" t="1075" r="479" b="1104" charConfidence="36">t</charParams>
<charParams l="481" t="1079" r="494" b="1102" charConfidence="87">r</charParams>
<charParams l="497" t="1078" r="512" b="1101" charConfidence="57">a</charParams>
<charParams l="517" t="1079" r="532" b="1102" charConfidence="100">u</charParams>
<charParams l="538" t="1077" r="548" b="1103" charConfidence="27">t</charParams>
<charParams l="549" t="1072" r="570" b="1112"> </charParams>
<charParams l="571" t="1072" r="585" b="1112" charConfidence="100">s</charParams>
<charParams l="584" t="1082" r="598" b="1104" charConfidence="42">o</charParams>
<charParams l="603" t="1074" r="610" b="1104" charConfidence="29">l</charParams>
<charParams l="613" t="1074" r="639" b="1113" charConfidence="36">c</charParams>
<charParams l="613" t="1074" r="639" b="1113" charConfidence="36">h</charParams>
<charParams l="644" t="1082" r="656" b="1106" charConfidence="27">e</charParams>
<charParams l="660" t="1083" r="676" b="1107" charConfidence="32">n</charParams>
<charParams l="677" t="1072" r="701" b="1110"> </charParams>
<charParams l="702" t="1072" r="743" b="1111" charConfidence="54">W</charParams>
<charParams l="746" t="1086" r="758" b="1108" charConfidence="100">e</charParams>
<charParams l="762" t="1077" r="775" b="1115" charConfidence="55">s</charParams>
<charParams l="773" t="1086" r="785" b="1109" charConfidence="55">e</charParams>
<charParams l="788" t="1086" r="806" b="1109" charConfidence="100">n</charParams>
<charParams l="807" t="1086" r="830" b="1112"> </charParams>
<charParams l="831" t="1087" r="844" b="1112" charConfidence="26">e</charParams>
<charParams l="846" t="1080" r="854" b="1111" charConfidence="48">i</charParams>
<charParams l="858" t="1087" r="875" b="1111" charConfidence="42">n</charParams>
<charParams l="878" t="1089" r="892" b="1111" charConfidence="47">e</charParams>
<charParams l="893" t="1077" r="914" b="1111"> </charParams>
<charParams l="915" t="1077" r="945" b="1111" charConfidence="29">A</charParams>
<charParams l="946" t="1087" r="959" b="1111" charConfidence="100">r</charParams>
<charParams l="961" t="1084" r="973" b="1111" charConfidence="68">t</charParams></formatting></line>
<line baseline="1171" l="173" t="1130" r="970" b="1183"><formatting lang="OldGerman">
<charParams l="173" t="1143" r="190" b="1168" charConfidence="27">v</charParams>
<charParams l="194" t="1142" r="209" b="1166" charConfidence="55">o</charParams>
<charParams l="212" t="1141" r="230" b="1167" charConfidence="89">n</charParams>
<charParams l="231" t="1130" r="263" b="1167"> </charParams>
<charParams l="264" t="1130" r="305" b="1166" charConfidence="38">W</charParams>
<charParams l="308" t="1140" r="321" b="1163" charConfidence="62">o</charParams>
<charParams l="326" t="1132" r="334" b="1165" charConfidence="35">l</charParams>
<charParams l="334" t="1132" r="346" b="1164" charConfidence="27">l</charParams>
<charParams l="346" t="1138" r="358" b="1163" charConfidence="27">e</charParams>
<charParams l="361" t="1138" r="379" b="1163" charConfidence="38">n</charParams>
<charParams l="380" t="1138" r="411" b="1163"> </charParams>
<charParams l="412" t="1140" r="428" b="1163" charConfidence="37">u</charParams>
<charParams l="433" t="1139" r="450" b="1164" charConfidence="100">n</charParams>
<charParams l="455" t="1135" r="469" b="1164" charConfidence="28">d</charParams>
<charParams l="470" t="1131" r="495" b="1166"> </charParams>
<charParams l="496" t="1131" r="536" b="1166" charConfidence="48">W</charParams>
<charParams l="539" t="1135" r="554" b="1166" charConfidence="29">ä</charParams>
<charParams l="559" t="1134" r="575" b="1176" charConfidence="83">h</charParams>
<charParams l="580" t="1137" r="586" b="1167" charConfidence="31">l</charParams>
<charParams l="591" t="1144" r="603" b="1167" charConfidence="32">e</charParams>
<charParams l="606" t="1143" r="623" b="1169" charConfidence="26">n</charParams>
<charParams l="624" t="1143" r="647" b="1177"> </charParams>
<charParams l="648" t="1145" r="659" b="1177" charConfidence="53">z</charParams>
<charParams l="663" t="1146" r="681" b="1170" charConfidence="52">u</charParams>
<charParams l="692" t="1162" r="701" b="1177" charConfidence="71">,</charParams>
<charParams l="702" t="1147" r="744" b="1178"> </charParams>
<charParams l="745" t="1148" r="763" b="1173" charConfidence="48">u</charParams>
<charParams l="767" t="1148" r="784" b="1172" charConfidence="100">n</charParams>
<charParams l="788" t="1142" r="804" b="1174" charConfidence="28">d</charParams>
<charParams l="805" t="1140" r="828" b="1183"> </charParams>
<charParams l="829" t="1140" r="846" b="1183" suspicious="1" charConfidence="93">h</charParams>
<charParams l="850" t="1140" r="865" b="1174" charConfidence="22">ä</charParams>
<charParams l="869" t="1142" r="878" b="1174" charConfidence="96">l</charParams>
<charParams l="880" t="1146" r="891" b="1173" charConfidence="50">t</charParams>
<charParams l="892" t="1141" r="914" b="1173"> </charParams>
<charParams l="915" t="1141" r="931" b="1171" charConfidence="28">d</charParams>
<charParams l="934" t="1149" r="949" b="1172" charConfidence="30">a</charParams>
<charParams l="953" t="1144" r="970" b="1173" charConfidence="86">s</charParams></formatting></line>
<line baseline="1234" l="174" t="1191" r="970" b="1242"><formatting lang="OldGerman">
<charParams l="174" t="1194" r="204" b="1229" charConfidence="30">K</charParams>
<charParams l="206" t="1204" r="222" b="1227" charConfidence="32">u</charParams>
<charParams l="226" t="1204" r="243" b="1227" charConfidence="97">n</charParams>
<charParams l="248" t="1196" r="265" b="1236" charConfidence="22">s</charParams>
<charParams l="248" t="1196" r="265" b="1236" charConfidence="22">t</charParams>
<charParams l="269" t="1201" r="295" b="1227" charConfidence="28">w</charParams>
<charParams l="299" t="1203" r="313" b="1224" charConfidence="54">o</charParams>
<charParams l="317" t="1202" r="330" b="1225" charConfidence="71">r</charParams>
<charParams l="333" t="1199" r="344" b="1224" charConfidence="31">t</charParams>
<charParams l="345" t="1191" r="375" b="1228"> </charParams>
<charParams l="376" t="1191" r="416" b="1228" charConfidence="32">W</charParams>
<charParams l="419" t="1202" r="434" b="1227" charConfidence="54">a</charParams>
<charParams l="439" t="1193" r="456" b="1236" charConfidence="60">h</charParams>
<charParams l="461" t="1196" r="469" b="1227" charConfidence="77">l</charParams>
<charParams l="471" t="1204" r="487" b="1229" charConfidence="61">v</charParams>
<charParams l="492" t="1206" r="504" b="1229" charConfidence="35">e</charParams>
<charParams l="507" t="1205" r="521" b="1230" charConfidence="29">r</charParams>
<charParams l="521" t="1205" r="548" b="1230" charConfidence="26">w</charParams>
<charParams l="552" t="1206" r="568" b="1230" charConfidence="47">a</charParams>
<charParams l="570" t="1206" r="588" b="1230" charConfidence="28">n</charParams>
<charParams l="593" t="1201" r="608" b="1230" charConfidence="26">d</charParams>
<charParams l="612" t="1205" r="622" b="1231" charConfidence="35">t</charParams>
<charParams l="625" t="1199" r="638" b="1240" charConfidence="44">s</charParams>
<charParams l="636" t="1200" r="663" b="1241" charConfidence="71">c</charParams>
<charParams l="636" t="1200" r="663" b="1241" charConfidence="71">h</charParams>
<charParams l="667" t="1210" r="682" b="1232" charConfidence="30">a</charParams>
<charParams l="686" t="1200" r="699" b="1241" charConfidence="30">f</charParams>
<charParams l="699" t="1208" r="710" b="1234" charConfidence="51">t</charParams>
<charParams l="712" t="1209" r="725" b="1235" charConfidence="25">e</charParams>
<charParams l="728" t="1211" r="746" b="1235" charConfidence="25">n</charParams>
<charParams l="747" t="1211" r="777" b="1237"> </charParams>
<charParams l="778" t="1212" r="796" b="1237" charConfidence="100">v</charParams>
<charParams l="800" t="1213" r="815" b="1236" charConfidence="34">o</charParams>
<charParams l="819" t="1203" r="828" b="1235" charConfidence="86">l</charParams>
<charParams l="828" t="1204" r="837" b="1236" charConfidence="40">l</charParams>
<charParams l="839" t="1204" r="852" b="1236" charConfidence="46">k</charParams>
<charParams l="854" t="1212" r="869" b="1236" charConfidence="49">o</charParams>
<charParams l="872" t="1210" r="900" b="1235" charConfidence="83">m</charParams>
<charParams l="904" t="1210" r="931" b="1234" charConfidence="61">m</charParams>
<charParams l="935" t="1211" r="949" b="1234" charConfidence="25">e</charParams>
<charParams l="950" t="1210" r="970" b="1236" charConfidence="24">n</charParams></formatting></line>
<line baseline="1290" l="171" t="1254" r="391" b="1299"><formatting lang="OldGerman">
<charParams l="171" t="1267" r="188" b="1299" charConfidence="55">g</charParams>
<charParams l="192" t="1266" r="204" b="1290" charConfidence="48">e</charParams>
<charParams l="209" t="1267" r="221" b="1290" charConfidence="49">r</charParams>
<charParams l="226" t="1267" r="238" b="1290" charConfidence="29">e</charParams>
<charParams l="241" t="1257" r="266" b="1296" charConfidence="68">c</charParams>
<charParams l="241" t="1257" r="266" b="1296" charConfidence="68">h</charParams>
<charParams l="270" t="1261" r="282" b="1289" charConfidence="47">t</charParams>
<charParams l="282" t="1254" r="299" b="1296" charConfidence="36">f</charParams>
<charParams l="296" t="1264" r="308" b="1288" charConfidence="29">e</charParams>
<charParams l="311" t="1263" r="324" b="1288" charConfidence="100">r</charParams>
<charParams l="327" t="1261" r="338" b="1288" charConfidence="26">t</charParams>
<charParams l="340" t="1255" r="348" b="1287" charConfidence="30">i</charParams>
<charParams l="349" t="1263" r="366" b="1299" charConfidence="24">g</charParams>
<charParams l="370" t="1261" r="382" b="1287" charConfidence="27">t</charParams>
<charParams l="382" t="1279" r="391" b="1293" charConfidence="100">,</charParams></formatting></line></par>
<par align="Justified" startIndent="2024" lineSpacing="1488">
<line baseline="1418" l="236" t="1378" r="961" b="1427"><formatting lang="OldGerman">
<charParams l="236" t="1382" r="268" b="1416" charConfidence="100">B</charParams>
<charParams l="272" t="1392" r="283" b="1415" charConfidence="25">e</charParams>
<charParams l="287" t="1383" r="300" b="1421" charConfidence="47">s</charParams>
<charParams l="298" t="1382" r="324" b="1420" charConfidence="60">c</charParams>
<charParams l="298" t="1382" r="324" b="1420" charConfidence="60">h</charParams>
<charParams l="327" t="1390" r="341" b="1414" charConfidence="100">r</charParams>
<charParams l="344" t="1390" r="356" b="1414" charConfidence="30">e</charParams>
<charParams l="359" t="1382" r="366" b="1413" charConfidence="100">i</charParams>
<charParams l="370" t="1379" r="384" b="1413" charConfidence="27">b</charParams>
<charParams l="389" t="1388" r="401" b="1412" charConfidence="28">e</charParams>
<charParams l="404" t="1388" r="422" b="1412" charConfidence="27">n</charParams>
<charParams l="423" t="1378" r="455" b="1413"> </charParams>
<charParams l="456" t="1379" r="491" b="1413" charConfidence="37">S</charParams>
<charParams l="496" t="1381" r="505" b="1413" charConfidence="28">i</charParams>
<charParams l="508" t="1384" r="522" b="1413" suspicious="1" charConfidence="24">t</charParams>
<charParams l="523" t="1384" r="553" b="1415"> </charParams>
<charParams l="554" t="1389" r="583" b="1415" charConfidence="54">m</charParams>
<charParams l="587" t="1383" r="596" b="1416" charConfidence="51">i</charParams>
<charParams l="598" t="1392" r="612" b="1416" charConfidence="38">r</charParams>
<charParams l="613" t="1392" r="644" b="1417"> </charParams>
<charParams l="645" t="1393" r="657" b="1417" charConfidence="28">e</charParams>
<charParams l="661" t="1385" r="668" b="1417" charConfidence="100">i</charParams>
<charParams l="672" t="1394" r="688" b="1417" charConfidence="59">n</charParams>
<charParams l="693" t="1394" r="705" b="1417" charConfidence="26">e</charParams>
<charParams l="708" t="1393" r="726" b="1419" charConfidence="25">n</charParams>
<charParams l="727" t="1387" r="757" b="1426"> </charParams>
<charParams l="758" t="1387" r="774" b="1426" charConfidence="53">s</charParams>
<charParams l="772" t="1395" r="786" b="1418" charConfidence="33">o</charParams>
<charParams l="790" t="1388" r="800" b="1419" charConfidence="99">l</charParams>
<charParams l="801" t="1388" r="827" b="1427" charConfidence="62">c</charParams>
<charParams l="801" t="1388" r="827" b="1427" charConfidence="62">h</charParams>
<charParams l="832" t="1397" r="844" b="1420" charConfidence="30">e</charParams>
<charParams l="847" t="1397" r="865" b="1421" charConfidence="68">n</charParams>
<charParams l="866" t="1386" r="889" b="1425"> </charParams>
<charParams l="890" t="1386" r="914" b="1425" charConfidence="31">F</charParams>
<charParams l="915" t="1395" r="930" b="1419" charConfidence="100">a</charParams>
<charParams l="934" t="1386" r="954" b="1420" charConfidence="22">s</charParams>
<charParams l="934" t="1386" r="954" b="1420" charConfidence="22">t</charParams>
<charParams l="952" t="1410" r="961" b="1426" charConfidence="74">,</charParams></formatting></line>
<line baseline="1480" l="169" t="1442" r="431" b="1487"><formatting lang="OldGerman">
<charParams l="169" t="1442" r="179" b="1481" charConfidence="26">s</charParams>
<charParams l="181" t="1452" r="196" b="1474" charConfidence="39">a</charParams>
<charParams l="199" t="1451" r="216" b="1484" charConfidence="54">g</charParams>
<charParams l="221" t="1449" r="231" b="1476" charConfidence="55">t</charParams>
<charParams l="234" t="1453" r="246" b="1477" charConfidence="38">e</charParams>
<charParams l="247" t="1444" r="271" b="1478"> </charParams>
<charParams l="272" t="1444" r="296" b="1478" charConfidence="41">C</charParams>
<charParams l="299" t="1444" r="315" b="1487" charConfidence="79">h</charParams>
<charParams l="319" t="1454" r="334" b="1477" charConfidence="100">a</charParams>
<charParams l="338" t="1453" r="351" b="1478" charConfidence="100">r</charParams>
<charParams l="355" t="1444" r="363" b="1478" charConfidence="28">l</charParams>
<charParams l="365" t="1453" r="379" b="1477" charConfidence="54">o</charParams>
<charParams l="382" t="1446" r="406" b="1477" charConfidence="49">t</charParams>
<charParams l="382" t="1446" r="406" b="1477" charConfidence="49">t</charParams>
<charParams l="409" t="1452" r="422" b="1477" charConfidence="54">e</charParams>
<charParams l="423" t="1467" r="431" b="1476" charConfidence="100">.</charParams></formatting></line></par>
</text>
</block>
</page>
</document>