﻿<?xml version="1.0" encoding="UTF-8" standalone="yes"?>
<document xmlns="http://www.abbyy.com/FineReader_xml/FineReader10-schema-v1.xml" version="1.0" producer="ABBYY FineReader Engine 11" languages="" xmlns:xsi="http://www.w3.org/2001/XMLSchema-instance" xsi:schemaLocation="http://www.abbyy.com/FineReader_xml/FineReader10-schema-v1.xml http://www.abbyy.com/FineReader_xml/FineReader10-schema-v1.xml">
<page width="1156" height="1782" resolution="300" originalCoords="1">
<block blockType="Text" blockName="">
<text>
<par startIndent="144">
<line baseline="92" l="560" t="59" r="602" b="92"><formatting lang="OldGerman">
<charParams l="560" t="59" r="578" b="89" charConfidence="22">8</charParams>
<charParams l="581" t="62" r="602" b="92" charConfidence="80">9</charParams></formatting></line></par>
</text>
</block>
<block blockType="Text" blockName="">
<text>
<par align="Justified" startIndent="1824" lineSpacing="1464">
<line baseline="175" l="250" t="138" r="974" b="185"><formatting lang="OldGerman">
<charParams l="250" t="141" r="294" b="175" charConfidence="76">M</charParams>
<charParams l="297" t="152" r="313" b="175" charConfidence="67">a</charParams>
<charParams l="315" t="151" r="334" b="176" charConfidence="96">n</charParams>
<charParams l="335" t="145" r="383" b="183"> </charParams>
<charParams l="384" t="145" r="400" b="183" charConfidence="100">s</charParams>
<charParams l="397" t="153" r="412" b="176" charConfidence="25">o</charParams>
<charParams l="415" t="142" r="425" b="175" charConfidence="32">l</charParams>
<charParams l="425" t="142" r="434" b="174" charConfidence="16">l</charParams>
<charParams l="434" t="146" r="445" b="173" charConfidence="82">t</charParams>
<charParams l="448" t="150" r="461" b="173" charConfidence="28">e</charParams>
<charParams l="462" t="141" r="505" b="173"> </charParams>
<charParams l="506" t="141" r="522" b="171" charConfidence="28">d</charParams>
<charParams l="526" t="148" r="537" b="171" charConfidence="26">e</charParams>
<charParams l="540" t="147" r="554" b="170" charConfidence="27">r</charParams>
<charParams l="555" t="147" r="571" b="178" charConfidence="45">g</charParams>
<charParams l="576" t="141" r="584" b="170" charConfidence="57">l</charParams>
<charParams l="587" t="149" r="599" b="170" charConfidence="56">e</charParams>
<charParams l="603" t="140" r="610" b="170" charConfidence="71">i</charParams>
<charParams l="613" t="138" r="640" b="173" charConfidence="25">c</charParams>
<charParams l="613" t="138" r="640" b="173" charConfidence="25">h</charParams>
<charParams l="644" t="148" r="656" b="170" charConfidence="41">e</charParams>
<charParams l="659" t="147" r="678" b="172" charConfidence="27">n</charParams>
<charParams l="688" t="164" r="699" b="179" charConfidence="100">,</charParams>
<charParams l="700" t="154" r="759" b="179"> </charParams>
<charParams l="760" t="154" r="779" b="177" charConfidence="100">v</charParams>
<charParams l="783" t="154" r="795" b="177" charConfidence="26">e</charParams>
<charParams l="797" t="154" r="810" b="178" charConfidence="100">r</charParams>
<charParams l="813" t="146" r="827" b="183" charConfidence="100">s</charParams>
<charParams l="825" t="154" r="837" b="178" charConfidence="39">e</charParams>
<charParams l="840" t="149" r="858" b="185" charConfidence="34">t</charParams>
<charParams l="840" t="149" r="858" b="185" charConfidence="34">z</charParams>
<charParams l="860" t="150" r="871" b="178" charConfidence="45">t</charParams>
<charParams l="874" t="154" r="887" b="179" charConfidence="25">e</charParams>
<charParams l="888" t="147" r="925" b="179"> </charParams>
<charParams l="926" t="147" r="942" b="178" charConfidence="29">d</charParams>
<charParams l="946" t="154" r="958" b="178" charConfidence="26">e</charParams>
<charParams l="960" t="153" r="974" b="177" charConfidence="100">r</charParams></formatting></line>
<line baseline="236" l="182" t="198" r="976" b="246"><formatting lang="OldGerman">
<charParams l="182" t="200" r="215" b="241" charConfidence="30">H</charParams>
<charParams l="218" t="211" r="233" b="235" charConfidence="24">a</charParams>
<charParams l="237" t="211" r="253" b="235" charConfidence="25">u</charParams>
<charParams l="257" t="212" r="274" b="242" charConfidence="92">p</charParams>
<charParams l="277" t="210" r="287" b="236" charConfidence="63">t</charParams>
<charParams l="290" t="212" r="317" b="237" charConfidence="39">m</charParams>
<charParams l="321" t="215" r="337" b="238" charConfidence="27">a</charParams>
<charParams l="340" t="215" r="358" b="237" charConfidence="100">n</charParams>
<charParams l="360" t="213" r="379" b="237" charConfidence="100">n</charParams>
<charParams l="386" t="227" r="397" b="244" charConfidence="100">,</charParams>
<charParams l="398" t="211" r="420" b="244"> </charParams>
<charParams l="421" t="211" r="439" b="235" charConfidence="58">n</charParams>
<charParams l="443" t="204" r="450" b="234" charConfidence="48">i</charParams>
<charParams l="453" t="203" r="480" b="238" charConfidence="28">c</charParams>
<charParams l="453" t="203" r="480" b="238" charConfidence="28">h</charParams>
<charParams l="484" t="206" r="494" b="233" charConfidence="56">t</charParams>
<charParams l="495" t="206" r="516" b="233"> </charParams>
<charParams l="517" t="207" r="546" b="231" charConfidence="38">m</charParams>
<charParams l="550" t="201" r="558" b="230" charConfidence="30">i</charParams>
<charParams l="561" t="205" r="572" b="231" charConfidence="66">t</charParams>
<charParams l="573" t="198" r="591" b="231"> </charParams>
<charParams l="592" t="198" r="632" b="231" charConfidence="26">W</charParams>
<charParams l="636" t="209" r="650" b="231" charConfidence="42">o</charParams>
<charParams l="654" t="209" r="667" b="231" charConfidence="69">r</charParams>
<charParams l="670" t="205" r="680" b="232" charConfidence="58">t</charParams>
<charParams l="684" t="211" r="697" b="234" charConfidence="25">e</charParams>
<charParams l="699" t="210" r="718" b="234" charConfidence="40">n</charParams>
<charParams l="719" t="210" r="735" b="237"> </charParams>
<charParams l="736" t="213" r="753" b="237" charConfidence="51">a</charParams>
<charParams l="756" t="206" r="772" b="237" charConfidence="53">b</charParams>
<charParams l="776" t="213" r="786" b="238" charConfidence="34">t</charParams>
<charParams l="789" t="206" r="806" b="246" charConfidence="73">h</charParams>
<charParams l="810" t="216" r="827" b="238" charConfidence="71">u</charParams>
<charParams l="831" t="216" r="848" b="239" charConfidence="32">n</charParams>
<charParams l="851" t="231" r="859" b="240" charConfidence="100">.</charParams>
<charParams l="860" t="206" r="905" b="240"> </charParams>
<charParams l="906" t="206" r="947" b="240" charConfidence="41">W</charParams>
<charParams l="951" t="209" r="959" b="240" charConfidence="100">i</charParams>
<charParams l="961" t="215" r="976" b="239" charConfidence="26">e</charParams></formatting></line>
<line baseline="297" l="180" t="259" r="974" b="307"><formatting lang="OldGerman">
<charParams l="180" t="263" r="196" b="303" charConfidence="68">s</charParams>
<charParams l="194" t="264" r="220" b="303" charConfidence="88">c</charParams>
<charParams l="194" t="264" r="220" b="303" charConfidence="88">h</charParams>
<charParams l="224" t="274" r="239" b="296" charConfidence="36">o</charParams>
<charParams l="243" t="274" r="260" b="297" charConfidence="30">n</charParams>
<charParams l="261" t="274" r="282" b="305"> </charParams>
<charParams l="283" t="274" r="301" b="305" charConfidence="27">g</charParams>
<charParams l="304" t="276" r="317" b="298" charConfidence="24">e</charParams>
<charParams l="319" t="267" r="334" b="304" charConfidence="42">s</charParams>
<charParams l="332" t="276" r="346" b="297" charConfidence="32">a</charParams>
<charParams l="349" t="275" r="365" b="304" charConfidence="35">g</charParams>
<charParams l="369" t="271" r="379" b="298" charConfidence="64">t</charParams>
<charParams l="388" t="267" r="396" b="296" suspicious="1" charConfidence="22">!</charParams>
<charParams l="397" t="263" r="441" b="300"> </charParams>
<charParams l="442" t="263" r="456" b="300" charConfidence="70">s</charParams>
<charParams l="454" t="270" r="468" b="292" charConfidence="37">o</charParams>
<charParams l="473" t="260" r="488" b="293" charConfidence="28">b</charParams>
<charParams l="492" t="269" r="507" b="291" charConfidence="45">a</charParams>
<charParams l="512" t="262" r="519" b="292" charConfidence="48">l</charParams>
<charParams l="521" t="263" r="538" b="292" charConfidence="31">d</charParams>
<charParams l="539" t="262" r="562" b="292"> </charParams>
<charParams l="563" t="262" r="571" b="292" charConfidence="29">i</charParams>
<charParams l="575" t="262" r="601" b="300" suspicious="1" charConfidence="100">c</charParams>
<charParams l="575" t="262" r="601" b="300" suspicious="1" charConfidence="100">h</charParams>
<charParams l="602" t="259" r="624" b="300"> </charParams>
<charParams l="625" t="259" r="654" b="298" charConfidence="22">I</charParams>
<charParams l="659" t="261" r="674" b="300" charConfidence="43">h</charParams>
<charParams l="679" t="269" r="696" b="292" charConfidence="30">n</charParams>
<charParams l="700" t="271" r="712" b="294" charConfidence="43">e</charParams>
<charParams l="715" t="272" r="732" b="296" charConfidence="40">n</charParams>
<charParams l="733" t="269" r="763" b="298"> </charParams>
<charParams l="764" t="269" r="780" b="298" charConfidence="29">d</charParams>
<charParams l="785" t="268" r="792" b="297" charConfidence="100">i</charParams>
<charParams l="796" t="276" r="809" b="299" charConfidence="33">e</charParams>
<charParams l="810" t="269" r="832" b="300"> </charParams>
<charParams l="833" t="269" r="863" b="300" charConfidence="51">V</charParams>
<charParams l="866" t="277" r="878" b="300" charConfidence="28">e</charParams>
<charParams l="882" t="276" r="894" b="299" charConfidence="26">r</charParams>
<charParams l="898" t="269" r="911" b="306" charConfidence="60">s</charParams>
<charParams l="909" t="278" r="926" b="300" charConfidence="34">u</charParams>
<charParams l="930" t="270" r="956" b="307" charConfidence="100">c</charParams>
<charParams l="930" t="270" r="956" b="307" charConfidence="100">h</charParams>
<charParams l="960" t="277" r="974" b="301" charConfidence="25">e</charParams></formatting></line>
<line baseline="357" l="180" t="321" r="972" b="367"><formatting lang="OldGerman">
<charParams l="180" t="324" r="197" b="364" charConfidence="64">s</charParams>
<charParams l="195" t="334" r="206" b="356" charConfidence="25">e</charParams>
<charParams l="210" t="327" r="217" b="357" charConfidence="83">l</charParams>
<charParams l="222" t="325" r="236" b="357" charConfidence="47">b</charParams>
<charParams l="240" t="327" r="261" b="365" charConfidence="38">s</charParams>
<charParams l="240" t="327" r="261" b="365" charConfidence="38">t</charParams>
<charParams l="262" t="327" r="278" b="367"> </charParams>
<charParams l="279" t="335" r="292" b="367" suspicious="1" charConfidence="-1">»</charParams>
<charParams l="295" t="335" r="308" b="358" charConfidence="25">e</charParams>
<charParams l="311" t="328" r="319" b="356" charConfidence="36">i</charParams>
<charParams l="321" t="335" r="337" b="365" charConfidence="46">g</charParams>
<charParams l="341" t="334" r="354" b="356" charConfidence="33">e</charParams>
<charParams l="356" t="334" r="374" b="356" charConfidence="100">n</charParams>
<charParams l="375" t="323" r="397" b="356"> </charParams>
<charParams l="398" t="323" r="411" b="356" charConfidence="30">k</charParams>
<charParams l="413" t="331" r="429" b="354" charConfidence="100">a</charParams>
<charParams l="432" t="330" r="449" b="353" charConfidence="53">n</charParams>
<charParams l="453" t="329" r="470" b="353" charConfidence="100">n</charParams>
<charParams l="473" t="344" r="482" b="359" charConfidence="90">,</charParams>
<charParams l="483" t="328" r="505" b="359"> </charParams>
<charParams l="506" t="328" r="533" b="353" charConfidence="38">w</charParams>
<charParams l="538" t="322" r="544" b="353" charConfidence="-1">i</charParams>
<charParams l="547" t="329" r="561" b="352" charConfidence="28">r</charParams>
<charParams l="564" t="324" r="579" b="352" charConfidence="27">d</charParams>
<charParams l="580" t="324" r="603" b="353"> </charParams>
<charParams l="604" t="330" r="620" b="353" charConfidence="88">a</charParams>
<charParams l="624" t="321" r="633" b="352" charConfidence="100">l</charParams>
<charParams l="633" t="322" r="642" b="353" charConfidence="52">l</charParams>
<charParams l="644" t="330" r="656" b="352" charConfidence="65">e</charParams>
<charParams l="659" t="325" r="675" b="353" charConfidence="100">s</charParams>
<charParams l="676" t="325" r="692" b="354"> </charParams>
<charParams l="693" t="331" r="709" b="354" charConfidence="37">a</charParams>
<charParams l="713" t="331" r="729" b="354" charConfidence="30">n</charParams>
<charParams l="734" t="325" r="747" b="362" charConfidence="100">s</charParams>
<charParams l="745" t="327" r="771" b="364" charConfidence="34">c</charParams>
<charParams l="745" t="327" r="771" b="364" charConfidence="34">h</charParams>
<charParams l="777" t="335" r="792" b="358" charConfidence="24">a</charParams>
<charParams l="795" t="337" r="813" b="359" charConfidence="42">u</charParams>
<charParams l="817" t="331" r="824" b="360" charConfidence="49">l</charParams>
<charParams l="828" t="330" r="835" b="360" charConfidence="62">i</charParams>
<charParams l="839" t="330" r="865" b="367" charConfidence="59">c</charParams>
<charParams l="839" t="330" r="865" b="367" charConfidence="59">h</charParams>
<charParams l="869" t="338" r="881" b="360" charConfidence="32">e</charParams>
<charParams l="885" t="338" r="899" b="361" charConfidence="29">r</charParams>
<charParams l="900" t="338" r="912" b="361"> </charParams>
<charParams l="913" t="338" r="931" b="361" charConfidence="28">u</charParams>
<charParams l="935" t="337" r="952" b="360" charConfidence="60">n</charParams>
<charParams l="955" t="330" r="972" b="360" charConfidence="27">d</charParams></formatting></line>
<line baseline="416" l="183" t="381" r="976" b="425"><formatting lang="OldGerman">
<charParams l="183" t="393" r="200" b="416" charConfidence="39">a</charParams>
<charParams l="203" t="393" r="220" b="416" charConfidence="38">n</charParams>
<charParams l="222" t="394" r="239" b="424" charConfidence="26">g</charParams>
<charParams l="243" t="394" r="256" b="416" charConfidence="47">e</charParams>
<charParams l="258" t="393" r="275" b="417" charConfidence="61">n</charParams>
<charParams l="279" t="395" r="292" b="417" charConfidence="31">e</charParams>
<charParams l="296" t="385" r="312" b="423" charConfidence="85">h</charParams>
<charParams l="316" t="392" r="343" b="415" charConfidence="67">m</charParams>
<charParams l="348" t="393" r="359" b="416" charConfidence="55">e</charParams>
<charParams l="362" t="392" r="376" b="415" charConfidence="27">r</charParams>
<charParams l="377" t="390" r="397" b="415"> </charParams>
<charParams l="398" t="390" r="425" b="414" charConfidence="29">w</charParams>
<charParams l="429" t="391" r="441" b="413" charConfidence="55">e</charParams>
<charParams l="445" t="390" r="458" b="413" charConfidence="31">r</charParams>
<charParams l="460" t="384" r="475" b="413" charConfidence="27">d</charParams>
<charParams l="480" t="390" r="492" b="413" charConfidence="27">e</charParams>
<charParams l="495" t="390" r="512" b="413" charConfidence="25">n</charParams>
<charParams l="516" t="404" r="525" b="413" charConfidence="100">.</charParams>
<charParams l="526" t="381" r="568" b="420"> </charParams>
<charParams l="569" t="381" r="598" b="420" charConfidence="86">J</charParams>
<charParams l="602" t="391" r="614" b="413" charConfidence="24">e</charParams>
<charParams l="618" t="384" r="635" b="421" charConfidence="52">t</charParams>
<charParams l="618" t="384" r="635" b="421" charConfidence="52">z</charParams>
<charParams l="638" t="387" r="650" b="413" charConfidence="29">t</charParams>
<charParams l="651" t="387" r="666" b="414"> </charParams>
<charParams l="667" t="390" r="696" b="414" charConfidence="42">m</charParams>
<charParams l="700" t="383" r="717" b="414" charConfidence="28">ü</charParams>
<charParams l="721" t="384" r="737" b="421" charConfidence="29">ß</charParams>
<charParams l="741" t="390" r="750" b="416" charConfidence="31">t</charParams>
<charParams l="752" t="394" r="765" b="417" suspicious="1" charConfidence="-1">«</charParams>
<charParams l="766" t="388" r="782" b="418"> </charParams>
<charParams l="783" t="388" r="791" b="418" charConfidence="26">i</charParams>
<charParams l="794" t="389" r="822" b="425" charConfidence="85">c</charParams>
<charParams l="794" t="389" r="822" b="425" charConfidence="85">h</charParams>
<charParams l="823" t="387" r="840" b="425"> </charParams>
<charParams l="841" t="387" r="877" b="420" charConfidence="49">S</charParams>
<charParams l="882" t="389" r="890" b="419" charConfidence="69">i</charParams>
<charParams l="893" t="398" r="906" b="421" charConfidence="29">e</charParams>
<charParams l="907" t="397" r="921" b="421"> </charParams>
<charParams l="922" t="397" r="950" b="420" charConfidence="90">m</charParams>
<charParams l="954" t="390" r="962" b="420" charConfidence="48">i</charParams>
<charParams l="965" t="395" r="976" b="420" charConfidence="61">t</charParams></formatting></line>
<line baseline="476" l="183" t="442" r="976" b="488"><formatting lang="OldGerman">
<charParams l="183" t="445" r="199" b="483" charConfidence="91">s</charParams>
<charParams l="197" t="448" r="223" b="482" charConfidence="58">c</charParams>
<charParams l="197" t="448" r="223" b="482" charConfidence="58">h</charParams>
<charParams l="227" t="453" r="240" b="475" charConfidence="100">r</charParams>
<charParams l="243" t="453" r="255" b="475" charConfidence="27">e</charParams>
<charParams l="258" t="453" r="269" b="475" charConfidence="43">c</charParams>
<charParams l="269" t="445" r="283" b="475" charConfidence="48">k</charParams>
<charParams l="286" t="446" r="295" b="475" charConfidence="73">l</charParams>
<charParams l="297" t="445" r="305" b="475" charConfidence="31">i</charParams>
<charParams l="309" t="444" r="335" b="482" charConfidence="100">c</charParams>
<charParams l="309" t="444" r="335" b="482" charConfidence="100">h</charParams>
<charParams l="339" t="452" r="351" b="475" charConfidence="28">e</charParams>
<charParams l="354" t="452" r="372" b="475" charConfidence="36">n</charParams>
<charParams l="373" t="442" r="395" b="475"> </charParams>
<charParams l="396" t="442" r="427" b="475" charConfidence="43">K</charParams>
<charParams l="429" t="452" r="445" b="474" charConfidence="50">u</charParams>
<charParams l="449" t="452" r="465" b="474" suspicious="1" charConfidence="30">n</charParams>
<charParams l="470" t="444" r="488" b="483" charConfidence="36">s</charParams>
<charParams l="470" t="444" r="488" b="483" suspicious="1" charConfidence="36">t</charParams>
<charParams l="492" t="450" r="518" b="475" charConfidence="34">w</charParams>
<charParams l="522" t="452" r="537" b="475" charConfidence="39">o</charParams>
<charParams l="540" t="452" r="553" b="475" charConfidence="100">r</charParams>
<charParams l="556" t="448" r="567" b="474" charConfidence="78">t</charParams>
<charParams l="569" t="452" r="581" b="475" charConfidence="30">e</charParams>
<charParams l="584" t="451" r="602" b="475" charConfidence="42">n</charParams>
<charParams l="603" t="442" r="617" b="485"> </charParams>
<charParams l="618" t="442" r="636" b="485" suspicious="1" charConfidence="33">h</charParams>
<charParams l="641" t="444" r="648" b="474" charConfidence="100">i</charParams>
<charParams l="652" t="452" r="668" b="474" charConfidence="25">n</charParams>
<charParams l="672" t="442" r="689" b="484" charConfidence="58">h</charParams>
<charParams l="693" t="452" r="708" b="474" charConfidence="29">a</charParams>
<charParams l="713" t="445" r="721" b="475" charConfidence="72">l</charParams>
<charParams l="721" t="449" r="734" b="475" charConfidence="100">t</charParams>
<charParams l="737" t="453" r="748" b="475" charConfidence="49">e</charParams>
<charParams l="751" t="453" r="769" b="476" charConfidence="100">n</charParams>
<charParams l="776" t="468" r="785" b="483" charConfidence="73">,</charParams>
<charParams l="786" t="449" r="807" b="483"> </charParams>
<charParams l="808" t="449" r="825" b="478" charConfidence="41">d</charParams>
<charParams l="829" t="448" r="836" b="478" charConfidence="96">i</charParams>
<charParams l="840" t="456" r="853" b="478" charConfidence="27">e</charParams>
<charParams l="854" t="447" r="865" b="485"> </charParams>
<charParams l="866" t="447" r="897" b="485" charConfidence="82">I</charParams>
<charParams l="901" t="449" r="917" b="488" charConfidence="96">h</charParams>
<charParams l="921" t="457" r="938" b="479" charConfidence="38">n</charParams>
<charParams l="942" t="457" r="954" b="480" charConfidence="43">e</charParams>
<charParams l="956" t="457" r="976" b="480" charConfidence="41">n</charParams></formatting></line>
<line baseline="537" l="183" t="503" r="976" b="546"><formatting lang="OldGerman">
<charParams l="183" t="506" r="199" b="538" charConfidence="29">d</charParams>
<charParams l="204" t="514" r="218" b="538" charConfidence="83">o</charParams>
<charParams l="222" t="506" r="248" b="545" charConfidence="57">c</charParams>
<charParams l="222" t="506" r="248" b="545" charConfidence="57">h</charParams>
<charParams l="249" t="505" r="288" b="545"> </charParams>
<charParams l="289" t="505" r="303" b="537" charConfidence="26">k</charParams>
<charParams l="306" t="513" r="317" b="537" charConfidence="29">e</charParams>
<charParams l="321" t="505" r="328" b="537" charConfidence="88">i</charParams>
<charParams l="331" t="512" r="348" b="536" charConfidence="78">n</charParams>
<charParams l="352" t="512" r="365" b="537" charConfidence="38">e</charParams>
<charParams l="366" t="504" r="403" b="538"> </charParams>
<charParams l="404" t="504" r="434" b="538" charConfidence="38">V</charParams>
<charParams l="439" t="514" r="453" b="537" charConfidence="31">o</charParams>
<charParams l="456" t="513" r="469" b="537" charConfidence="100">r</charParams>
<charParams l="473" t="505" r="491" b="545" charConfidence="33">s</charParams>
<charParams l="473" t="505" r="491" b="545" charConfidence="33">t</charParams>
<charParams l="495" t="513" r="507" b="537" charConfidence="28">e</charParams>
<charParams l="511" t="505" r="519" b="536" charConfidence="34">l</charParams>
<charParams l="519" t="505" r="527" b="537" charConfidence="44">l</charParams>
<charParams l="531" t="513" r="547" b="537" charConfidence="29">u</charParams>
<charParams l="551" t="513" r="568" b="536" charConfidence="100">n</charParams>
<charParams l="571" t="512" r="588" b="544" charConfidence="58">g</charParams>
<charParams l="589" t="512" r="625" b="545"> </charParams>
<charParams l="626" t="513" r="643" b="545" charConfidence="55">g</charParams>
<charParams l="647" t="504" r="662" b="536" charConfidence="22">ä</charParams>
<charParams l="666" t="503" r="681" b="536" charConfidence="27">b</charParams>
<charParams l="686" t="513" r="697" b="537" charConfidence="100">e</charParams>
<charParams l="701" t="514" r="717" b="537" charConfidence="60">n</charParams>
<charParams l="721" t="528" r="729" b="537" charConfidence="100">.</charParams>
<charParams l="730" t="504" r="783" b="539"> </charParams>
<charParams l="784" t="504" r="828" b="539" charConfidence="31">M</charParams>
<charParams l="831" t="515" r="846" b="537" charConfidence="31">a</charParams>
<charParams l="851" t="515" r="868" b="538" charConfidence="34">n</charParams>
<charParams l="869" t="515" r="905" b="538"> </charParams>
<charParams l="906" t="515" r="934" b="538" charConfidence="62">m</charParams>
<charParams l="939" t="516" r="956" b="540" charConfidence="67">u</charParams>
<charParams l="959" t="508" r="976" b="546" charConfidence="29">ß</charParams></formatting></line>
<line baseline="601" l="183" t="568" r="977" b="611"><formatting lang="OldGerman">
<charParams l="183" t="572" r="200" b="602" charConfidence="26">d</charParams>
<charParams l="204" t="571" r="212" b="602" charConfidence="35">i</charParams>
<charParams l="216" t="579" r="227" b="602" charConfidence="38">e</charParams>
<charParams l="231" t="569" r="244" b="609" charConfidence="31">s</charParams>
<charParams l="242" t="578" r="255" b="602" charConfidence="35">e</charParams>
<charParams l="256" t="574" r="283" b="603"> </charParams>
<charParams l="284" t="574" r="295" b="603" charConfidence="100">t</charParams>
<charParams l="299" t="578" r="313" b="601" charConfidence="36">o</charParams>
<charParams l="316" t="572" r="332" b="601" charConfidence="30">d</charParams>
<charParams l="335" t="574" r="346" b="601" charConfidence="100">t</charParams>
<charParams l="349" t="569" r="362" b="608" charConfidence="100">s</charParams>
<charParams l="360" t="568" r="386" b="608" charConfidence="57">c</charParams>
<charParams l="360" t="568" r="386" b="608" charConfidence="57">h</charParams>
<charParams l="391" t="577" r="402" b="600" charConfidence="26">e</charParams>
<charParams l="406" t="569" r="414" b="600" charConfidence="100">i</charParams>
<charParams l="417" t="577" r="433" b="600" charConfidence="24">n</charParams>
<charParams l="438" t="577" r="450" b="601" charConfidence="31">e</charParams>
<charParams l="454" t="577" r="471" b="601" charConfidence="32">n</charParams>
<charParams l="475" t="570" r="490" b="601" charConfidence="34">d</charParams>
<charParams l="494" t="577" r="506" b="600" charConfidence="30">e</charParams>
<charParams l="509" t="577" r="527" b="601" charConfidence="28">n</charParams>
<charParams l="528" t="577" r="557" b="602"> </charParams>
<charParams l="558" t="577" r="575" b="602" charConfidence="24">u</charParams>
<charParams l="579" t="578" r="596" b="601" charConfidence="51">n</charParams>
<charParams l="600" t="571" r="616" b="601" charConfidence="31">d</charParams>
<charParams l="617" t="571" r="647" b="601"> </charParams>
<charParams l="648" t="571" r="663" b="601" charConfidence="30">d</charParams>
<charParams l="667" t="578" r="682" b="601" charConfidence="55">o</charParams>
<charParams l="685" t="569" r="712" b="608" charConfidence="27">c</charParams>
<charParams l="685" t="569" r="712" b="608" charConfidence="27">h</charParams>
<charParams l="713" t="569" r="736" b="611"> </charParams>
<charParams l="737" t="577" r="749" b="611" charConfidence="26">z</charParams>
<charParams l="753" t="578" r="769" b="601" charConfidence="34">u</charParams>
<charParams l="773" t="578" r="786" b="602" charConfidence="100">r</charParams>
<charParams l="787" t="569" r="809" b="603"> </charParams>
<charParams l="810" t="569" r="837" b="603" charConfidence="52">T</charParams>
<charParams l="841" t="569" r="857" b="610" charConfidence="100">h</charParams>
<charParams l="861" t="569" r="876" b="602" charConfidence="38">ä</charParams>
<charParams l="881" t="576" r="890" b="602" charConfidence="100">t</charParams>
<charParams l="895" t="571" r="901" b="600" charConfidence="-1">i</charParams>
<charParams l="904" t="578" r="921" b="610" charConfidence="32">g</charParams>
<charParams l="924" t="569" r="937" b="601" charConfidence="70">k</charParams>
<charParams l="939" t="579" r="950" b="602" charConfidence="26">e</charParams>
<charParams l="955" t="571" r="963" b="602" charConfidence="40">i</charParams>
<charParams l="966" t="575" r="977" b="602" charConfidence="31">t</charParams></formatting></line>
<line baseline="666" l="182" t="631" r="975" b="673"><formatting lang="OldGerman">
<charParams l="182" t="633" r="194" b="666" charConfidence="25">i</charParams>
<charParams l="197" t="642" r="213" b="666" charConfidence="29">n</charParams>
<charParams l="218" t="642" r="235" b="666" charConfidence="100">n</charParams>
<charParams l="239" t="642" r="251" b="666" charConfidence="72">e</charParams>
<charParams l="255" t="642" r="267" b="666" charConfidence="56">r</charParams>
<charParams l="270" t="634" r="278" b="666" charConfidence="100">l</charParams>
<charParams l="282" t="634" r="289" b="665" charConfidence="100">i</charParams>
<charParams l="292" t="634" r="319" b="673" charConfidence="55">c</charParams>
<charParams l="292" t="634" r="319" b="673" charConfidence="55">h</charParams>
<charParams l="320" t="634" r="351" b="673"> </charParams>
<charParams l="352" t="634" r="361" b="667" charConfidence="33">i</charParams>
<charParams l="364" t="641" r="391" b="666" charConfidence="100">m</charParams>
<charParams l="395" t="640" r="422" b="664" charConfidence="96">m</charParams>
<charParams l="427" t="642" r="438" b="665" charConfidence="26">e</charParams>
<charParams l="442" t="641" r="456" b="667" charConfidence="26">r</charParams>
<charParams l="457" t="631" r="487" b="667"> </charParams>
<charParams l="488" t="631" r="504" b="665" charConfidence="32">b</charParams>
<charParams l="509" t="641" r="519" b="665" charConfidence="29">e</charParams>
<charParams l="524" t="642" r="537" b="665" charConfidence="75">r</charParams>
<charParams l="540" t="641" r="551" b="665" charConfidence="26">e</charParams>
<charParams l="554" t="633" r="561" b="664" charConfidence="-1">i</charParams>
<charParams l="566" t="638" r="575" b="666" charConfidence="45">t</charParams>
<charParams l="578" t="642" r="590" b="665" charConfidence="59">e</charParams>
<charParams l="593" t="642" r="611" b="665" charConfidence="63">n</charParams>
<charParams l="612" t="631" r="635" b="666"> </charParams>
<charParams l="636" t="631" r="676" b="666" charConfidence="29">W</charParams>
<charParams l="680" t="642" r="692" b="666" charConfidence="28">e</charParams>
<charParams l="696" t="633" r="708" b="672" charConfidence="27">s</charParams>
<charParams l="706" t="643" r="718" b="666" charConfidence="63">e</charParams>
<charParams l="721" t="643" r="739" b="666" charConfidence="100">n</charParams>
<charParams l="740" t="642" r="766" b="667"> </charParams>
<charParams l="767" t="642" r="794" b="667" charConfidence="25">w</charParams>
<charParams l="798" t="635" r="806" b="665" charConfidence="50">i</charParams>
<charParams l="809" t="643" r="822" b="666" charConfidence="45">r</charParams>
<charParams l="824" t="633" r="837" b="666" charConfidence="58">k</charParams>
<charParams l="839" t="643" r="852" b="667" charConfidence="27">e</charParams>
<charParams l="854" t="642" r="871" b="667" charConfidence="100">n</charParams>
<charParams l="875" t="636" r="891" b="665" charConfidence="28">d</charParams>
<charParams l="892" t="636" r="922" b="666"> </charParams>
<charParams l="923" t="642" r="940" b="666" charConfidence="82">v</charParams>
<charParams l="944" t="643" r="958" b="666" charConfidence="46">o</charParams>
<charParams l="962" t="641" r="975" b="665" charConfidence="78">r</charParams></formatting></line>
<line baseline="729" l="182" t="695" r="976" b="739"><formatting lang="OldGerman">
<charParams l="182" t="696" r="198" b="735" charConfidence="72">s</charParams>
<charParams l="196" t="705" r="208" b="728" charConfidence="25">e</charParams>
<charParams l="212" t="697" r="220" b="728" charConfidence="29">i</charParams>
<charParams l="223" t="705" r="239" b="728" charConfidence="24">n</charParams>
<charParams l="244" t="706" r="255" b="728" charConfidence="24">e</charParams>
<charParams l="259" t="705" r="278" b="728" charConfidence="37">n</charParams>
<charParams l="279" t="695" r="300" b="730"> </charParams>
<charParams l="301" t="695" r="331" b="730" charConfidence="29">A</charParams>
<charParams l="332" t="705" r="349" b="729" charConfidence="63">u</charParams>
<charParams l="352" t="705" r="368" b="739" charConfidence="26">g</charParams>
<charParams l="372" t="706" r="384" b="730" charConfidence="81">e</charParams>
<charParams l="387" t="705" r="405" b="729" charConfidence="100">n</charParams>
<charParams l="406" t="697" r="429" b="736"> </charParams>
<charParams l="430" t="697" r="444" b="736" charConfidence="37">s</charParams>
<charParams l="442" t="706" r="454" b="729" charConfidence="35">e</charParams>
<charParams l="456" t="695" r="473" b="738" charConfidence="75">h</charParams>
<charParams l="478" t="705" r="490" b="728" charConfidence="91">e</charParams>
<charParams l="493" t="704" r="510" b="729" charConfidence="100">n</charParams>
<charParams l="519" t="720" r="528" b="735" charConfidence="93">,</charParams>
<charParams l="529" t="705" r="552" b="735"> </charParams>
<charParams l="553" t="705" r="581" b="729" charConfidence="100">m</charParams>
<charParams l="585" t="698" r="592" b="729" charConfidence="44">i</charParams>
<charParams l="597" t="702" r="606" b="729" charConfidence="30">t</charParams>
<charParams l="607" t="696" r="629" b="732"> </charParams>
<charParams l="630" t="696" r="657" b="732" charConfidence="37">T</charParams>
<charParams l="662" t="696" r="678" b="738" charConfidence="99">h</charParams>
<charParams l="682" t="706" r="694" b="730" charConfidence="31">e</charParams>
<charParams l="698" t="698" r="705" b="730" charConfidence="100">i</charParams>
<charParams l="710" t="699" r="718" b="730" charConfidence="65">l</charParams>
<charParams l="720" t="706" r="737" b="730" charConfidence="91">n</charParams>
<charParams l="741" t="706" r="756" b="729" charConfidence="42">a</charParams>
<charParams l="761" t="697" r="778" b="739" charConfidence="32">h</charParams>
<charParams l="781" t="705" r="810" b="729" charConfidence="100">m</charParams>
<charParams l="813" t="706" r="825" b="730" charConfidence="34">e</charParams>
<charParams l="826" t="697" r="849" b="736"> </charParams>
<charParams l="850" t="697" r="864" b="736" charConfidence="44">s</charParams>
<charParams l="861" t="697" r="888" b="736" charConfidence="91">c</charParams>
<charParams l="861" t="697" r="888" b="736" charConfidence="91">h</charParams>
<charParams l="892" t="705" r="907" b="728" charConfidence="32">a</charParams>
<charParams l="911" t="705" r="928" b="729" charConfidence="68">u</charParams>
<charParams l="932" t="705" r="944" b="728" charConfidence="36">e</charParams>
<charParams l="946" t="705" r="964" b="728" charConfidence="69">n</charParams>
<charParams l="965" t="719" r="976" b="735" charConfidence="77">,</charParams></formatting></line>
<line baseline="791" l="181" t="759" r="977" b="800"><formatting lang="OldGerman">
<charParams l="181" t="764" r="209" b="789" charConfidence="28">w</charParams>
<charParams l="214" t="759" r="222" b="789" charConfidence="81">i</charParams>
<charParams l="225" t="767" r="239" b="791" charConfidence="26">e</charParams>
<charParams l="240" t="759" r="260" b="798"> </charParams>
<charParams l="261" t="759" r="281" b="798" charConfidence="84">s</charParams>
<charParams l="261" t="759" r="281" b="798" charConfidence="84">i</charParams>
<charParams l="283" t="768" r="296" b="790" charConfidence="26">e</charParams>
<charParams l="297" t="767" r="319" b="792"> </charParams>
<charParams l="320" t="767" r="332" b="792" charConfidence="25">e</charParams>
<charParams l="336" t="760" r="344" b="791" charConfidence="41">i</charParams>
<charParams l="348" t="768" r="364" b="790" charConfidence="51">n</charParams>
<charParams l="369" t="768" r="384" b="790" charConfidence="39">a</charParams>
<charParams l="388" t="768" r="406" b="791" charConfidence="95">n</charParams>
<charParams l="409" t="762" r="425" b="789" charConfidence="26">d</charParams>
<charParams l="429" t="768" r="441" b="791" charConfidence="41">e</charParams>
<charParams l="444" t="768" r="458" b="792" charConfidence="28">r</charParams>
<charParams l="459" t="760" r="480" b="799"> </charParams>
<charParams l="481" t="760" r="495" b="799" charConfidence="72">s</charParams>
<charParams l="493" t="768" r="510" b="791" charConfidence="59">u</charParams>
<charParams l="513" t="760" r="540" b="798" charConfidence="61">c</charParams>
<charParams l="513" t="760" r="540" b="798" charConfidence="61">h</charParams>
<charParams l="545" t="769" r="556" b="791" charConfidence="25">e</charParams>
<charParams l="560" t="768" r="578" b="791" charConfidence="94">n</charParams>
<charParams l="585" t="783" r="595" b="798" charConfidence="100">,</charParams>
<charParams l="596" t="760" r="620" b="800"> </charParams>
<charParams l="621" t="760" r="639" b="800" charConfidence="52">s</charParams>
<charParams l="621" t="760" r="639" b="800" charConfidence="52">i</charParams>
<charParams l="641" t="760" r="669" b="799" charConfidence="68">c</charParams>
<charParams l="641" t="760" r="669" b="799" charConfidence="68">h</charParams>
<charParams l="670" t="760" r="693" b="799"> </charParams>
<charParams l="694" t="765" r="710" b="792" charConfidence="25">a</charParams>
<charParams l="713" t="768" r="730" b="792" charConfidence="30">n</charParams>
<charParams l="734" t="767" r="746" b="800" charConfidence="28">z</charParams>
<charParams l="750" t="761" r="758" b="791" charConfidence="46">i</charParams>
<charParams l="762" t="769" r="774" b="791" charConfidence="30">e</charParams>
<charParams l="777" t="759" r="794" b="800" charConfidence="85">h</charParams>
<charParams l="798" t="768" r="810" b="791" charConfidence="28">e</charParams>
<charParams l="813" t="768" r="830" b="791" charConfidence="79">n</charParams>
<charParams l="838" t="782" r="848" b="797" charConfidence="100">,</charParams>
<charParams l="849" t="768" r="873" b="797"> </charParams>
<charParams l="874" t="768" r="888" b="790" charConfidence="25">e</charParams>
<charParams l="891" t="767" r="904" b="790" charConfidence="54">r</charParams>
<charParams l="905" t="768" r="922" b="798" charConfidence="25">g</charParams>
<charParams l="926" t="768" r="938" b="790" charConfidence="100">r</charParams>
<charParams l="941" t="768" r="954" b="790" charConfidence="34">e</charParams>
<charParams l="957" t="759" r="965" b="790" charConfidence="48">i</charParams>
<charParams l="968" t="770" r="977" b="785" charConfidence="22">¬</charParams></formatting></line>
<line baseline="851" l="181" t="816" r="977" b="860"><formatting lang="OldGerman">
<charParams l="181" t="816" r="198" b="855" charConfidence="54">f</charParams>
<charParams l="197" t="825" r="209" b="848" charConfidence="100">e</charParams>
<charParams l="212" t="826" r="230" b="849" charConfidence="70">n</charParams>
<charParams l="239" t="840" r="249" b="856" charConfidence="100">,</charParams>
<charParams l="250" t="825" r="287" b="859"> </charParams>
<charParams l="288" t="825" r="301" b="859" charConfidence="37">z</charParams>
<charParams l="304" t="827" r="316" b="850" charConfidence="24">e</charParams>
<charParams l="320" t="826" r="334" b="851" charConfidence="26">r</charParams>
<charParams l="336" t="820" r="356" b="857" charConfidence="39">s</charParams>
<charParams l="336" t="820" r="356" b="857" charConfidence="39">t</charParams>
<charParams l="359" t="819" r="374" b="851" charConfidence="28">ö</charParams>
<charParams l="376" t="827" r="390" b="850" charConfidence="62">r</charParams>
<charParams l="393" t="827" r="405" b="850" charConfidence="30">e</charParams>
<charParams l="408" t="827" r="426" b="850" charConfidence="56">n</charParams>
<charParams l="435" t="843" r="446" b="857" charConfidence="78">,</charParams>
<charParams l="447" t="828" r="484" b="857"> </charParams>
<charParams l="485" t="828" r="503" b="851" charConfidence="100">v</charParams>
<charParams l="507" t="828" r="520" b="851" charConfidence="37">e</charParams>
<charParams l="522" t="827" r="536" b="851" charConfidence="49">r</charParams>
<charParams l="539" t="820" r="552" b="857" charConfidence="58">s</charParams>
<charParams l="549" t="821" r="576" b="857" charConfidence="84">c</charParams>
<charParams l="549" t="821" r="576" b="857" charConfidence="84">h</charParams>
<charParams l="580" t="822" r="588" b="852" charConfidence="32">l</charParams>
<charParams l="591" t="821" r="599" b="852" charConfidence="55">i</charParams>
<charParams l="602" t="829" r="619" b="852" charConfidence="100">n</charParams>
<charParams l="621" t="829" r="638" b="860" charConfidence="26">g</charParams>
<charParams l="643" t="829" r="655" b="852" charConfidence="51">e</charParams>
<charParams l="658" t="828" r="675" b="852" charConfidence="34">n</charParams>
<charParams l="685" t="843" r="695" b="858" charConfidence="100">,</charParams>
<charParams l="696" t="829" r="733" b="858"> </charParams>
<charParams l="734" t="829" r="750" b="852" charConfidence="77">a</charParams>
<charParams l="754" t="829" r="771" b="852" charConfidence="29">u</charParams>
<charParams l="773" t="820" r="788" b="857" suspicious="1" charConfidence="42">f</charParams>
<charParams l="786" t="829" r="799" b="860" charConfidence="40">z</charParams>
<charParams l="801" t="829" r="814" b="851" charConfidence="100">e</charParams>
<charParams l="818" t="819" r="834" b="860" charConfidence="53">h</charParams>
<charParams l="838" t="828" r="852" b="851" charConfidence="50">r</charParams>
<charParams l="854" t="827" r="866" b="850" charConfidence="35">e</charParams>
<charParams l="869" t="827" r="888" b="851" charConfidence="57">n</charParams>
<charParams l="889" t="827" r="917" b="851"> </charParams>
<charParams l="918" t="827" r="936" b="850" charConfidence="26">u</charParams>
<charParams l="939" t="827" r="957" b="849" charConfidence="38">n</charParams>
<charParams l="959" t="820" r="977" b="849" charConfidence="30">d</charParams></formatting></line>
<line baseline="909" l="183" t="878" r="977" b="919"><formatting lang="OldGerman">
<charParams l="183" t="879" r="198" b="919" charConfidence="37">s</charParams>
<charParams l="197" t="888" r="211" b="911" charConfidence="34">o</charParams>
<charParams l="214" t="880" r="230" b="911" charConfidence="26">d</charParams>
<charParams l="234" t="886" r="249" b="909" charConfidence="100">a</charParams>
<charParams l="253" t="885" r="271" b="908" charConfidence="48">n</charParams>
<charParams l="274" t="886" r="293" b="908" charConfidence="37">n</charParams>
<charParams l="294" t="886" r="324" b="908"> </charParams>
<charParams l="325" t="886" r="341" b="908" charConfidence="56">a</charParams>
<charParams l="344" t="886" r="362" b="908" charConfidence="26">u</charParams>
<charParams l="365" t="880" r="382" b="909" suspicious="1" charConfidence="100">S</charParams>
<charParams l="383" t="878" r="414" b="909"> </charParams>
<charParams l="415" t="878" r="432" b="908" charConfidence="26">d</charParams>
<charParams l="435" t="887" r="448" b="908" charConfidence="100">e</charParams>
<charParams l="451" t="887" r="464" b="909" charConfidence="34">r</charParams>
<charParams l="465" t="880" r="487" b="909"> </charParams>
<charParams l="488" t="880" r="497" b="909" charConfidence="100">i</charParams>
<charParams l="500" t="887" r="518" b="909" charConfidence="87">n</charParams>
<charParams l="521" t="886" r="538" b="908" charConfidence="100">n</charParams>
<charParams l="542" t="880" r="550" b="908" charConfidence="26">i</charParams>
<charParams l="552" t="887" r="568" b="916" charConfidence="31">g</charParams>
<charParams l="572" t="880" r="594" b="917" charConfidence="33">s</charParams>
<charParams l="572" t="880" r="594" b="917" charConfidence="33">t</charParams>
<charParams l="595" t="888" r="608" b="908" charConfidence="26">e</charParams>
<charParams l="610" t="887" r="629" b="910" charConfidence="48">n</charParams>
<charParams l="630" t="880" r="652" b="911"> </charParams>
<charParams l="653" t="880" r="684" b="911" charConfidence="41">V</charParams>
<charParams l="687" t="888" r="699" b="909" charConfidence="26">e</charParams>
<charParams l="703" t="887" r="716" b="911" charConfidence="29">r</charParams>
<charParams l="718" t="878" r="734" b="910" charConfidence="26">b</charParams>
<charParams l="738" t="880" r="746" b="909" charConfidence="36">i</charParams>
<charParams l="748" t="887" r="767" b="909" charConfidence="42">n</charParams>
<charParams l="769" t="880" r="785" b="909" charConfidence="30">d</charParams>
<charParams l="789" t="887" r="806" b="909" charConfidence="25">u</charParams>
<charParams l="810" t="886" r="827" b="908" charConfidence="25">n</charParams>
<charParams l="830" t="886" r="847" b="915" charConfidence="71">g</charParams>
<charParams l="848" t="885" r="870" b="915"> </charParams>
<charParams l="871" t="885" r="898" b="908" charConfidence="29">w</charParams>
<charParams l="902" t="878" r="910" b="908" charConfidence="28">i</charParams>
<charParams l="913" t="885" r="925" b="908" charConfidence="27">e</charParams>
<charParams l="928" t="879" r="944" b="908" charConfidence="27">d</charParams>
<charParams l="947" t="886" r="959" b="908" charConfidence="27">e</charParams>
<charParams l="962" t="884" r="977" b="909" charConfidence="32">r</charParams></formatting></line>
<line baseline="970" l="183" t="934" r="975" b="979"><formatting lang="OldGerman">
<charParams l="183" t="943" r="193" b="975" charConfidence="41">i</charParams>
<charParams l="196" t="950" r="214" b="974" charConfidence="100">n</charParams>
<charParams l="215" t="949" r="238" b="974"> </charParams>
<charParams l="239" t="949" r="250" b="973" charConfidence="29">e</charParams>
<charParams l="254" t="948" r="267" b="972" charConfidence="90">r</charParams>
<charParams l="270" t="949" r="286" b="972" charConfidence="54">n</charParams>
<charParams l="291" t="947" r="302" b="972" charConfidence="26">e</charParams>
<charParams l="306" t="947" r="322" b="971" charConfidence="25">u</charParams>
<charParams l="326" t="944" r="337" b="971" charConfidence="34">t</charParams>
<charParams l="339" t="947" r="351" b="971" charConfidence="24">e</charParams>
<charParams l="353" t="947" r="367" b="972" charConfidence="65">r</charParams>
<charParams l="378" t="960" r="388" b="976" charConfidence="100">,</charParams>
<charParams l="389" t="946" r="412" b="976"> </charParams>
<charParams l="413" t="946" r="431" b="969" charConfidence="94">n</charParams>
<charParams l="434" t="946" r="447" b="969" charConfidence="27">e</charParams>
<charParams l="450" t="946" r="467" b="969" charConfidence="34">u</charParams>
<charParams l="470" t="946" r="482" b="969" charConfidence="27">e</charParams>
<charParams l="485" t="945" r="499" b="970" charConfidence="100">r</charParams>
<charParams l="508" t="960" r="518" b="976" charConfidence="100">,</charParams>
<charParams l="519" t="946" r="543" b="976"> </charParams>
<charParams l="544" t="946" r="561" b="969" charConfidence="38">u</charParams>
<charParams l="565" t="945" r="582" b="968" charConfidence="98">n</charParams>
<charParams l="586" t="946" r="598" b="969" charConfidence="37">e</charParams>
<charParams l="602" t="945" r="616" b="969" charConfidence="100">r</charParams>
<charParams l="618" t="944" r="643" b="969" charConfidence="25">w</charParams>
<charParams l="647" t="946" r="662" b="968" charConfidence="49">a</charParams>
<charParams l="666" t="945" r="680" b="968" charConfidence="63">r</charParams>
<charParams l="682" t="943" r="692" b="968" charConfidence="40">t</charParams>
<charParams l="695" t="945" r="707" b="968" charConfidence="30">e</charParams>
<charParams l="710" t="942" r="721" b="968" charConfidence="74">t</charParams>
<charParams l="723" t="945" r="736" b="968" charConfidence="31">e</charParams>
<charParams l="739" t="945" r="752" b="968" charConfidence="43">r</charParams>
<charParams l="753" t="934" r="773" b="969"> </charParams>
<charParams l="774" t="934" r="807" b="969" charConfidence="25">G</charParams>
<charParams l="812" t="946" r="824" b="968" charConfidence="34">e</charParams>
<charParams l="827" t="937" r="847" b="977" charConfidence="30">s</charParams>
<charParams l="827" t="937" r="847" b="977" charConfidence="30">t</charParams>
<charParams l="850" t="946" r="865" b="968" charConfidence="48">a</charParams>
<charParams l="870" t="938" r="878" b="969" charConfidence="34">l</charParams>
<charParams l="880" t="942" r="892" b="969" charConfidence="69">t</charParams>
<charParams l="893" t="936" r="914" b="979"> </charParams>
<charParams l="915" t="936" r="933" b="979" suspicious="1" charConfidence="40">h</charParams>
<charParams l="936" t="945" r="949" b="968" charConfidence="35">e</charParams>
<charParams l="952" t="945" r="966" b="969" charConfidence="34">r</charParams>
<charParams l="966" t="948" r="975" b="965" charConfidence="22">¬</charParams></formatting></line>
<line baseline="1032" l="184" t="997" r="976" b="1038"><formatting lang="OldGerman">
<charParams l="184" t="1014" r="202" b="1038" charConfidence="100">v</charParams>
<charParams l="206" t="1014" r="220" b="1037" charConfidence="43">o</charParams>
<charParams l="224" t="1013" r="237" b="1037" charConfidence="100">r</charParams>
<charParams l="241" t="1010" r="249" b="1036" charConfidence="34">t</charParams>
<charParams l="253" t="1013" r="266" b="1036" charConfidence="54">r</charParams>
<charParams l="269" t="1013" r="281" b="1035" charConfidence="57">e</charParams>
<charParams l="284" t="1009" r="295" b="1035" charConfidence="28">t</charParams>
<charParams l="297" t="1012" r="309" b="1036" charConfidence="27">e</charParams>
<charParams l="313" t="1011" r="330" b="1035" charConfidence="33">n</charParams>
<charParams l="341" t="1013" r="348" b="1034" charConfidence="50">:</charParams>
<charParams l="349" t="1002" r="397" b="1034"> </charParams>
<charParams l="398" t="1002" r="414" b="1033" charConfidence="62">d</charParams>
<charParams l="418" t="1009" r="433" b="1032" charConfidence="54">a</charParams>
<charParams l="437" t="1008" r="454" b="1032" charConfidence="28">n</charParams>
<charParams l="457" t="1008" r="475" b="1031" charConfidence="100">n</charParams>
<charParams l="476" t="1006" r="516" b="1033"> </charParams>
<charParams l="517" t="1006" r="528" b="1033" charConfidence="100">t</charParams>
<charParams l="531" t="1006" r="545" b="1030" charConfidence="37">r</charParams>
<charParams l="547" t="1007" r="561" b="1030" charConfidence="25">a</charParams>
<charParams l="565" t="1007" r="583" b="1030" charConfidence="100">u</charParams>
<charParams l="586" t="1003" r="597" b="1030" charConfidence="86">t</charParams>
<charParams l="598" t="1003" r="626" b="1030"> </charParams>
<charParams l="627" t="1005" r="655" b="1029" charConfidence="50">m</charParams>
<charParams l="659" t="1007" r="675" b="1029" charConfidence="28">a</charParams>
<charParams l="678" t="1006" r="696" b="1029" charConfidence="100">n</charParams>
<charParams l="697" t="999" r="726" b="1030"> </charParams>
<charParams l="727" t="999" r="735" b="1030" charConfidence="27">i</charParams>
<charParams l="739" t="997" r="756" b="1038" charConfidence="84">h</charParams>
<charParams l="759" t="1006" r="777" b="1029" charConfidence="95">n</charParams>
<charParams l="781" t="1006" r="793" b="1030" charConfidence="32">e</charParams>
<charParams l="796" t="1007" r="814" b="1030" charConfidence="29">n</charParams>
<charParams l="815" t="1007" r="844" b="1031"> </charParams>
<charParams l="845" t="1008" r="858" b="1031" charConfidence="34">e</charParams>
<charParams l="861" t="1008" r="874" b="1031" charConfidence="42">r</charParams>
<charParams l="877" t="1000" r="898" b="1038" charConfidence="71">s</charParams>
<charParams l="877" t="1000" r="898" b="1038" charConfidence="71">t</charParams>
<charParams l="899" t="1000" r="929" b="1038"> </charParams>
<charParams l="930" t="1009" r="944" b="1031" charConfidence="35">e</charParams>
<charParams l="945" t="1001" r="954" b="1031" charConfidence="100">i</charParams>
<charParams l="957" t="1009" r="976" b="1032" charConfidence="32">n</charParams></formatting></line>
<line baseline="1095" l="185" t="1057" r="976" b="1108"><formatting lang="OldGerman">
<charParams l="185" t="1078" r="198" b="1101" charConfidence="100">e</charParams>
<charParams l="201" t="1077" r="225" b="1100" charConfidence="33">w</charParams>
<charParams l="230" t="1070" r="238" b="1099" charConfidence="33">i</charParams>
<charParams l="240" t="1077" r="256" b="1108" charConfidence="31">g</charParams>
<charParams l="261" t="1077" r="271" b="1099" charConfidence="32">e</charParams>
<charParams l="276" t="1072" r="291" b="1100" charConfidence="100">s</charParams>
<charParams l="292" t="1065" r="321" b="1100"> </charParams>
<charParams l="322" t="1065" r="339" b="1100" charConfidence="33">L</charParams>
<charParams l="343" t="1076" r="354" b="1099" charConfidence="25">e</charParams>
<charParams l="359" t="1065" r="374" b="1099" charConfidence="53">b</charParams>
<charParams l="378" t="1075" r="389" b="1099" charConfidence="26">e</charParams>
<charParams l="393" t="1073" r="410" b="1097" charConfidence="29">n</charParams>
<charParams l="419" t="1088" r="429" b="1103" charConfidence="56">,</charParams>
<charParams l="430" t="1064" r="467" b="1103"> </charParams>
<charParams l="468" t="1064" r="476" b="1100" charConfidence="35">j</charParams>
<charParams l="480" t="1071" r="495" b="1095" charConfidence="54">a</charParams>
<charParams l="496" t="1069" r="526" b="1095"> </charParams>
<charParams l="527" t="1069" r="553" b="1094" charConfidence="55">w</charParams>
<charParams l="558" t="1071" r="572" b="1094" charConfidence="59">o</charParams>
<charParams l="576" t="1060" r="592" b="1103" charConfidence="73">h</charParams>
<charParams l="597" t="1062" r="606" b="1094" charConfidence="31">l</charParams>
<charParams l="607" t="1062" r="627" b="1100"> </charParams>
<charParams l="628" t="1069" r="644" b="1100" charConfidence="40">g</charParams>
<charParams l="648" t="1069" r="663" b="1092" charConfidence="34">a</charParams>
<charParams l="667" t="1068" r="680" b="1092" charConfidence="100">r</charParams>
<charParams l="681" t="1057" r="704" b="1092"> </charParams>
<charParams l="705" t="1057" r="740" b="1092" charConfidence="30">S</charParams>
<charParams l="743" t="1060" r="752" b="1090" charConfidence="100">i</charParams>
<charParams l="755" t="1068" r="772" b="1092" charConfidence="100">n</charParams>
<charParams l="776" t="1067" r="794" b="1092" charConfidence="67">n</charParams>
<charParams l="795" t="1067" r="817" b="1092"> </charParams>
<charParams l="818" t="1068" r="836" b="1092" charConfidence="45">u</charParams>
<charParams l="839" t="1068" r="857" b="1092" charConfidence="67">n</charParams>
<charParams l="861" t="1063" r="877" b="1092" charConfidence="27">d</charParams>
<charParams l="878" t="1061" r="900" b="1094"> </charParams>
<charParams l="901" t="1061" r="932" b="1094" charConfidence="100">V</charParams>
<charParams l="936" t="1071" r="948" b="1094" charConfidence="26">e</charParams>
<charParams l="951" t="1070" r="965" b="1094" charConfidence="57">r</charParams>
<charParams l="966" t="1074" r="976" b="1091" charConfidence="100">¬</charParams></formatting></line>
<line baseline="1158" l="184" t="1121" r="973" b="1172"><formatting lang="OldGerman">
<charParams l="184" t="1130" r="206" b="1169" charConfidence="43">s</charParams>
<charParams l="184" t="1130" r="206" b="1169" charConfidence="43">t</charParams>
<charParams l="208" t="1139" r="223" b="1162" charConfidence="31">a</charParams>
<charParams l="227" t="1139" r="243" b="1162" charConfidence="24">n</charParams>
<charParams l="248" t="1133" r="264" b="1162" charConfidence="27">d</charParams>
<charParams l="265" t="1133" r="293" b="1172"> </charParams>
<charParams l="294" t="1138" r="307" b="1172" charConfidence="100">z</charParams>
<charParams l="311" t="1139" r="328" b="1163" charConfidence="34">u</charParams>
<charParams l="336" t="1153" r="346" b="1169" charConfidence="93">,</charParams>
<charParams l="347" t="1137" r="383" b="1169"> </charParams>
<charParams l="384" t="1137" r="409" b="1162" charConfidence="36">w</charParams>
<charParams l="414" t="1137" r="426" b="1161" charConfidence="92">e</charParams>
<charParams l="429" t="1129" r="436" b="1160" charConfidence="81">i</charParams>
<charParams l="440" t="1129" r="448" b="1161" charConfidence="42">l</charParams>
<charParams l="449" t="1129" r="477" b="1161"> </charParams>
<charParams l="478" t="1134" r="504" b="1159" charConfidence="60">w</charParams>
<charParams l="508" t="1127" r="515" b="1158" charConfidence="55">i</charParams>
<charParams l="519" t="1134" r="532" b="1158" charConfidence="62">r</charParams>
<charParams l="533" t="1133" r="561" b="1158"> </charParams>
<charParams l="562" t="1133" r="580" b="1157" charConfidence="28">u</charParams>
<charParams l="584" t="1133" r="600" b="1157" charConfidence="29">n</charParams>
<charParams l="605" t="1124" r="618" b="1163" charConfidence="47">s</charParams>
<charParams l="616" t="1132" r="627" b="1156" charConfidence="27">e</charParams>
<charParams l="631" t="1132" r="643" b="1156" charConfidence="52">r</charParams>
<charParams l="647" t="1132" r="659" b="1156" charConfidence="93">e</charParams>
<charParams l="660" t="1121" r="690" b="1156"> </charParams>
<charParams l="691" t="1121" r="727" b="1156" charConfidence="40">S</charParams>
<charParams l="730" t="1122" r="739" b="1154" charConfidence="58">i</charParams>
<charParams l="742" t="1130" r="758" b="1154" charConfidence="58">n</charParams>
<charParams l="762" t="1130" r="779" b="1153" charConfidence="32">n</charParams>
<charParams l="784" t="1130" r="796" b="1153" charConfidence="49">e</charParams>
<charParams l="797" t="1121" r="818" b="1153"> </charParams>
<charParams l="819" t="1121" r="833" b="1153" charConfidence="39">k</charParams>
<charParams l="835" t="1129" r="851" b="1153" charConfidence="90">a</charParams>
<charParams l="854" t="1131" r="871" b="1155" charConfidence="57">u</charParams>
<charParams l="875" t="1130" r="903" b="1155" charConfidence="55">m</charParams>
<charParams l="904" t="1130" r="927" b="1162"> </charParams>
<charParams l="928" t="1132" r="945" b="1162" charConfidence="37">g</charParams>
<charParams l="949" t="1132" r="961" b="1155" charConfidence="53">e</charParams>
<charParams l="964" t="1136" r="973" b="1151" charConfidence="22">¬</charParams></formatting></line>
<line baseline="1221" l="184" t="1184" r="974" b="1233"><formatting lang="OldGerman">
<charParams l="184" t="1199" r="203" b="1223" charConfidence="28">n</charParams>
<charParams l="207" t="1191" r="224" b="1223" charConfidence="22">ü</charParams>
<charParams l="226" t="1201" r="243" b="1231" charConfidence="30">g</charParams>
<charParams l="247" t="1202" r="258" b="1223" charConfidence="100">e</charParams>
<charParams l="262" t="1201" r="279" b="1225" charConfidence="27">n</charParams>
<charParams l="283" t="1196" r="299" b="1225" charConfidence="43">d</charParams>
<charParams l="300" t="1193" r="322" b="1232"> </charParams>
<charParams l="323" t="1193" r="338" b="1232" charConfidence="100">f</charParams>
<charParams l="337" t="1193" r="353" b="1225" charConfidence="69">ü</charParams>
<charParams l="357" t="1192" r="374" b="1233" charConfidence="61">h</charParams>
<charParams l="379" t="1194" r="387" b="1225" charConfidence="49">l</charParams>
<charParams l="389" t="1202" r="401" b="1224" charConfidence="40">e</charParams>
<charParams l="404" t="1202" r="421" b="1224" charConfidence="39">n</charParams>
<charParams l="429" t="1216" r="439" b="1231" charConfidence="100">,</charParams>
<charParams l="440" t="1191" r="478" b="1231"> </charParams>
<charParams l="479" t="1191" r="498" b="1231" charConfidence="86">s</charParams>
<charParams l="479" t="1191" r="498" b="1231" charConfidence="86">i</charParams>
<charParams l="500" t="1199" r="512" b="1222" charConfidence="26">e</charParams>
<charParams l="513" t="1198" r="536" b="1222"> </charParams>
<charParams l="537" t="1198" r="550" b="1222" charConfidence="100">r</charParams>
<charParams l="553" t="1198" r="565" b="1221" charConfidence="28">e</charParams>
<charParams l="568" t="1190" r="595" b="1228" charConfidence="81">c</charParams>
<charParams l="568" t="1190" r="595" b="1228" charConfidence="81">h</charParams>
<charParams l="598" t="1193" r="609" b="1220" charConfidence="100">t</charParams>
<charParams l="610" t="1193" r="631" b="1230"> </charParams>
<charParams l="632" t="1196" r="644" b="1230" charConfidence="54">z</charParams>
<charParams l="647" t="1197" r="665" b="1220" charConfidence="50">u</charParams>
<charParams l="666" t="1185" r="687" b="1220"> </charParams>
<charParams l="688" t="1185" r="704" b="1218" charConfidence="36">b</charParams>
<charParams l="707" t="1195" r="720" b="1218" charConfidence="29">e</charParams>
<charParams l="723" t="1195" r="739" b="1218" charConfidence="34">o</charParams>
<charParams l="742" t="1185" r="756" b="1221" charConfidence="100">b</charParams>
<charParams l="760" t="1194" r="777" b="1216" charConfidence="50">a</charParams>
<charParams l="780" t="1184" r="806" b="1224" charConfidence="58">c</charParams>
<charParams l="780" t="1184" r="806" b="1224" charConfidence="58">h</charParams>
<charParams l="811" t="1189" r="821" b="1216" charConfidence="43">t</charParams>
<charParams l="824" t="1193" r="836" b="1217" charConfidence="28">e</charParams>
<charParams l="839" t="1192" r="857" b="1216" charConfidence="37">n</charParams>
<charParams l="866" t="1208" r="876" b="1224" charConfidence="100">,</charParams>
<charParams l="877" t="1195" r="915" b="1224"> </charParams>
<charParams l="916" t="1195" r="934" b="1219" charConfidence="31">u</charParams>
<charParams l="937" t="1195" r="954" b="1218" charConfidence="61">n</charParams>
<charParams l="958" t="1189" r="974" b="1219" charConfidence="25">d</charParams></formatting></line>
<line baseline="1283" l="184" t="1247" r="975" b="1294"><formatting lang="OldGerman">
<charParams l="184" t="1260" r="204" b="1285" charConfidence="26">u</charParams>
<charParams l="207" t="1261" r="224" b="1285" charConfidence="69">n</charParams>
<charParams l="228" t="1253" r="240" b="1293" charConfidence="49">s</charParams>
<charParams l="239" t="1262" r="252" b="1285" charConfidence="53">r</charParams>
<charParams l="255" t="1263" r="268" b="1285" charConfidence="31">e</charParams>
<charParams l="269" t="1254" r="290" b="1288"> </charParams>
<charParams l="291" t="1254" r="321" b="1288" charConfidence="39">V</charParams>
<charParams l="325" t="1264" r="337" b="1288" charConfidence="46">e</charParams>
<charParams l="340" t="1264" r="353" b="1287" charConfidence="53">r</charParams>
<charParams l="356" t="1264" r="373" b="1288" charConfidence="42">n</charParams>
<charParams l="377" t="1264" r="393" b="1288" charConfidence="46">u</charParams>
<charParams l="397" t="1264" r="414" b="1288" charConfidence="36">n</charParams>
<charParams l="417" t="1255" r="432" b="1294" charConfidence="45">f</charParams>
<charParams l="431" t="1261" r="442" b="1287" charConfidence="39">t</charParams>
<charParams l="443" t="1254" r="457" b="1287"> </charParams>
<charParams l="458" t="1254" r="471" b="1287" charConfidence="87">k</charParams>
<charParams l="473" t="1263" r="488" b="1286" charConfidence="57">a</charParams>
<charParams l="492" t="1263" r="509" b="1287" charConfidence="46">u</charParams>
<charParams l="513" t="1261" r="540" b="1285" charConfidence="100">m</charParams>
<charParams l="541" t="1252" r="559" b="1294"> </charParams>
<charParams l="560" t="1252" r="577" b="1294" suspicious="1" charConfidence="78">h</charParams>
<charParams l="581" t="1253" r="589" b="1284" charConfidence="56">i</charParams>
<charParams l="592" t="1260" r="608" b="1284" charConfidence="33">n</charParams>
<charParams l="612" t="1253" r="621" b="1284" charConfidence="57">l</charParams>
<charParams l="623" t="1250" r="638" b="1283" charConfidence="22">ä</charParams>
<charParams l="642" t="1259" r="659" b="1282" charConfidence="100">n</charParams>
<charParams l="661" t="1258" r="677" b="1290" charConfidence="24">g</charParams>
<charParams l="682" t="1250" r="690" b="1281" charConfidence="34">l</charParams>
<charParams l="693" t="1250" r="700" b="1282" charConfidence="100">i</charParams>
<charParams l="704" t="1248" r="731" b="1288" charConfidence="77">c</charParams>
<charParams l="704" t="1248" r="731" b="1288" suspicious="1" charConfidence="77">h</charParams>
<charParams l="739" t="1270" r="749" b="1286" charConfidence="96">,</charParams>
<charParams l="750" t="1247" r="773" b="1288"> </charParams>
<charParams l="774" t="1247" r="793" b="1288" charConfidence="100">s</charParams>
<charParams l="774" t="1247" r="793" b="1288" charConfidence="100">i</charParams>
<charParams l="795" t="1255" r="809" b="1280" charConfidence="28">e</charParams>
<charParams l="810" t="1255" r="823" b="1289"> </charParams>
<charParams l="824" t="1255" r="837" b="1289" charConfidence="55">z</charParams>
<charParams l="840" t="1256" r="858" b="1281" charConfidence="48">u</charParams>
<charParams l="859" t="1248" r="873" b="1288"> </charParams>
<charParams l="874" t="1248" r="889" b="1288" charConfidence="56">f</charParams>
<charParams l="889" t="1258" r="903" b="1282" charConfidence="27">a</charParams>
<charParams l="908" t="1248" r="932" b="1287" charConfidence="89">s</charParams>
<charParams l="908" t="1248" r="932" b="1287" charConfidence="89">s</charParams>
<charParams l="930" t="1259" r="942" b="1281" charConfidence="25">e</charParams>
<charParams l="946" t="1258" r="964" b="1282" charConfidence="33">n</charParams>
<charParams l="966" t="1273" r="975" b="1284" charConfidence="83">.</charParams></formatting></line></par>
<par align="Justified" startIndent="1824" lineSpacing="1488">
<line baseline="1409" l="250" t="1371" r="976" b="1420"><formatting lang="OldGerman">
<charParams l="250" t="1377" r="279" b="1416" charConfidence="100">I</charParams>
<charParams l="282" t="1381" r="309" b="1418" charConfidence="100">c</charParams>
<charParams l="282" t="1381" r="309" b="1418" charConfidence="100">h</charParams>
<charParams l="310" t="1380" r="334" b="1418"> </charParams>
<charParams l="335" t="1380" r="344" b="1413" charConfidence="100">l</charParams>
<charParams l="346" t="1379" r="361" b="1413" charConfidence="25">ä</charParams>
<charParams l="365" t="1389" r="381" b="1412" charConfidence="51">u</charParams>
<charParams l="384" t="1389" r="401" b="1420" charConfidence="34">g</charParams>
<charParams l="404" t="1389" r="421" b="1413" charConfidence="44">n</charParams>
<charParams l="426" t="1390" r="438" b="1413" charConfidence="29">e</charParams>
<charParams l="439" t="1389" r="461" b="1413"> </charParams>
<charParams l="462" t="1389" r="480" b="1413" charConfidence="100">n</charParams>
<charParams l="485" t="1381" r="491" b="1412" charConfidence="39">i</charParams>
<charParams l="495" t="1380" r="522" b="1416" charConfidence="58">c</charParams>
<charParams l="495" t="1380" r="522" b="1416" charConfidence="58">h</charParams>
<charParams l="526" t="1384" r="536" b="1412" charConfidence="31">t</charParams>
<charParams l="543" t="1401" r="552" b="1417" charConfidence="84">,</charParams>
<charParams l="553" t="1376" r="577" b="1417"> </charParams>
<charParams l="578" t="1376" r="593" b="1416" charConfidence="100">s</charParams>
<charParams l="590" t="1384" r="605" b="1407" charConfidence="24">a</charParams>
<charParams l="608" t="1383" r="624" b="1415" charConfidence="60">g</charParams>
<charParams l="629" t="1379" r="638" b="1406" charConfidence="47">t</charParams>
<charParams l="641" t="1382" r="654" b="1405" charConfidence="40">e</charParams>
<charParams l="655" t="1371" r="676" b="1406"> </charParams>
<charParams l="677" t="1371" r="705" b="1406" charConfidence="37">E</charParams>
<charParams l="707" t="1375" r="723" b="1406" charConfidence="43">d</charParams>
<charParams l="727" t="1382" r="744" b="1406" charConfidence="48">u</charParams>
<charParams l="747" t="1382" r="762" b="1406" charConfidence="27">a</charParams>
<charParams l="767" t="1382" r="780" b="1406" charConfidence="100">r</charParams>
<charParams l="782" t="1375" r="799" b="1407" charConfidence="26">d</charParams>
<charParams l="808" t="1397" r="818" b="1414" charConfidence="100">,</charParams>
<charParams l="819" t="1378" r="852" b="1414"> </charParams>
<charParams l="853" t="1378" r="870" b="1408" charConfidence="27">d</charParams>
<charParams l="873" t="1384" r="888" b="1408" charConfidence="54">a</charParams>
<charParams l="893" t="1376" r="908" b="1414" charConfidence="28">ß</charParams>
<charParams l="909" t="1376" r="931" b="1414"> </charParams>
<charParams l="932" t="1378" r="948" b="1407" charConfidence="54">d</charParams>
<charParams l="952" t="1375" r="959" b="1407" charConfidence="79">i</charParams>
<charParams l="963" t="1382" r="976" b="1406" charConfidence="26">e</charParams></formatting></line>
<line baseline="1471" l="185" t="1436" r="975" b="1483"><formatting lang="OldGerman">
<charParams l="185" t="1436" r="201" b="1476" charConfidence="74">s</charParams>
<charParams l="198" t="1445" r="210" b="1468" charConfidence="33">e</charParams>
<charParams l="213" t="1436" r="222" b="1469" charConfidence="100">l</charParams>
<charParams l="224" t="1441" r="235" b="1469" charConfidence="100">t</charParams>
<charParams l="238" t="1438" r="250" b="1476" charConfidence="30">s</charParams>
<charParams l="249" t="1446" r="263" b="1469" charConfidence="31">a</charParams>
<charParams l="268" t="1446" r="295" b="1471" charConfidence="78">m</charParams>
<charParams l="299" t="1450" r="311" b="1472" charConfidence="25">e</charParams>
<charParams l="314" t="1450" r="333" b="1473" charConfidence="27">n</charParams>
<charParams l="334" t="1442" r="371" b="1475"> </charParams>
<charParams l="372" t="1442" r="402" b="1475" charConfidence="28">K</charParams>
<charParams l="404" t="1452" r="421" b="1475" charConfidence="24">u</charParams>
<charParams l="425" t="1451" r="442" b="1475" charConfidence="37">n</charParams>
<charParams l="446" t="1440" r="469" b="1483" charConfidence="22">s</charParams>
<charParams l="446" t="1440" r="469" b="1483" charConfidence="22">t</charParams>
<charParams l="469" t="1450" r="494" b="1475" charConfidence="25">w</charParams>
<charParams l="498" t="1443" r="513" b="1474" charConfidence="22">ö</charParams>
<charParams l="516" t="1450" r="529" b="1473" charConfidence="54">r</charParams>
<charParams l="533" t="1446" r="542" b="1472" charConfidence="35">t</charParams>
<charParams l="545" t="1449" r="558" b="1472" charConfidence="24">e</charParams>
<charParams l="558" t="1448" r="573" b="1471" charConfidence="25">r</charParams>
<charParams l="574" t="1440" r="604" b="1471"> </charParams>
<charParams l="605" t="1440" r="621" b="1469" charConfidence="29">d</charParams>
<charParams l="626" t="1445" r="637" b="1467" charConfidence="100">e</charParams>
<charParams l="641" t="1445" r="667" b="1468" charConfidence="81">m</charParams>
<charParams l="672" t="1438" r="679" b="1475" charConfidence="35">j</charParams>
<charParams l="682" t="1446" r="695" b="1469" charConfidence="100">e</charParams>
<charParams l="698" t="1445" r="715" b="1470" charConfidence="71">n</charParams>
<charParams l="719" t="1438" r="726" b="1470" charConfidence="58">i</charParams>
<charParams l="729" t="1446" r="745" b="1477" charConfidence="31">g</charParams>
<charParams l="749" t="1446" r="761" b="1470" charConfidence="32">e</charParams>
<charParams l="764" t="1446" r="782" b="1470" charConfidence="41">n</charParams>
<charParams l="783" t="1441" r="820" b="1471"> </charParams>
<charParams l="821" t="1441" r="837" b="1471" charConfidence="31">d</charParams>
<charParams l="841" t="1447" r="853" b="1470" charConfidence="31">e</charParams>
<charParams l="856" t="1447" r="870" b="1470" charConfidence="26">r</charParams>
<charParams l="871" t="1446" r="901" b="1470"> </charParams>
<charParams l="902" t="1446" r="920" b="1469" charConfidence="95">n</charParams>
<charParams l="923" t="1438" r="931" b="1467" charConfidence="43">i</charParams>
<charParams l="935" t="1436" r="961" b="1474" charConfidence="59">c</charParams>
<charParams l="935" t="1436" r="961" b="1474" charConfidence="59">h</charParams>
<charParams l="963" t="1440" r="975" b="1466" charConfidence="80">t</charParams></formatting></line></par>
</text>
</block>
</page>
</document>