﻿<?xml version="1.0" encoding="UTF-8" standalone="yes"?>
<document xmlns="http://www.abbyy.com/FineReader_xml/FineReader10-schema-v1.xml" version="1.0" producer="ABBYY FineReader Engine 11" languages="" xmlns:xsi="http://www.w3.org/2001/XMLSchema-instance" xsi:schemaLocation="http://www.abbyy.com/FineReader_xml/FineReader10-schema-v1.xml http://www.abbyy.com/FineReader_xml/FineReader10-schema-v1.xml">
<page width="1156" height="1782" resolution="300" originalCoords="1">
<block blockType="Text" blockName="">
<text>
<par align="Justified" startIndent="178" lineSpacing="1464">
<line baseline="172" l="182" t="136" r="971" b="181"><formatting lang="OldGerman">
<charParams l="182" t="148" r="211" b="173" charConfidence="27">m</charParams>
<charParams l="215" t="152" r="227" b="174" charConfidence="26">e</charParams>
<charParams l="230" t="143" r="240" b="175" charConfidence="47">l</charParams>
<charParams l="241" t="143" r="260" b="175"> </charParams>
<charParams l="261" t="150" r="277" b="172" charConfidence="54">a</charParams>
<charParams l="281" t="142" r="290" b="173" charConfidence="100">l</charParams>
<charParams l="292" t="144" r="308" b="175" charConfidence="98">s</charParams>
<charParams l="309" t="140" r="332" b="177"> </charParams>
<charParams l="333" t="140" r="365" b="177" charConfidence="52">G</charParams>
<charParams l="370" t="145" r="379" b="175" charConfidence="26">l</charParams>
<charParams l="381" t="152" r="393" b="176" charConfidence="55">e</charParams>
<charParams l="396" t="143" r="404" b="174" charConfidence="71">i</charParams>
<charParams l="406" t="142" r="434" b="178" charConfidence="64">c</charParams>
<charParams l="406" t="142" r="434" b="178" suspicious="1" charConfidence="64">h</charParams>
<charParams l="437" t="148" r="454" b="172" charConfidence="28">n</charParams>
<charParams l="458" t="140" r="465" b="171" charConfidence="40">i</charParams>
<charParams l="468" t="140" r="485" b="177" suspicious="1" charConfidence="29">ß</charParams>
<charParams l="488" t="147" r="501" b="172" charConfidence="55">r</charParams>
<charParams l="503" t="146" r="515" b="169" suspicious="1" charConfidence="100">e</charParams>
<charParams l="519" t="139" r="533" b="168" suspicious="1" charConfidence="39">d</charParams>
<charParams l="538" t="146" r="550" b="169" charConfidence="31">e</charParams>
<charParams l="551" t="136" r="573" b="169"> </charParams>
<charParams l="574" t="136" r="590" b="169" charConfidence="35">b</charParams>
<charParams l="594" t="147" r="606" b="169" charConfidence="47">e</charParams>
<charParams l="610" t="143" r="619" b="170" charConfidence="40">t</charParams>
<charParams l="622" t="147" r="636" b="170" charConfidence="26">r</charParams>
<charParams l="638" t="147" r="653" b="170" charConfidence="27">a</charParams>
<charParams l="656" t="139" r="684" b="176" charConfidence="41">c</charParams>
<charParams l="656" t="139" r="684" b="176" charConfidence="41">h</charParams>
<charParams l="687" t="145" r="698" b="173" charConfidence="68">t</charParams>
<charParams l="700" t="149" r="713" b="172" charConfidence="39">e</charParams>
<charParams l="715" t="149" r="733" b="173" charConfidence="36">n</charParams>
<charParams l="740" t="165" r="751" b="181" charConfidence="73">,</charParams>
<charParams l="752" t="149" r="776" b="181"> </charParams>
<charParams l="777" t="149" r="804" b="175" charConfidence="26">w</charParams>
<charParams l="808" t="152" r="823" b="175" charConfidence="41">o</charParams>
<charParams l="826" t="151" r="840" b="175" charConfidence="58">r</charParams>
<charParams l="842" t="151" r="858" b="174" charConfidence="50">a</charParams>
<charParams l="862" t="151" r="879" b="175" charConfidence="46">u</charParams>
<charParams l="883" t="146" r="899" b="175" charConfidence="-1">s</charParams>
<charParams l="900" t="146" r="915" b="175"> </charParams>
<charParams l="916" t="150" r="942" b="175" charConfidence="29">w</charParams>
<charParams l="946" t="142" r="953" b="174" charConfidence="42">i</charParams>
<charParams l="956" t="151" r="971" b="176" charConfidence="57">r</charParams></formatting></line>
<line baseline="235" l="182" t="199" r="971" b="245"><formatting lang="OldGerman">
<charParams l="182" t="209" r="201" b="233" charConfidence="30">u</charParams>
<charParams l="204" t="210" r="221" b="232" charConfidence="79">n</charParams>
<charParams l="224" t="205" r="240" b="232" charConfidence="95">s</charParams>
<charParams l="241" t="205" r="271" b="234"> </charParams>
<charParams l="272" t="211" r="285" b="234" charConfidence="51">e</charParams>
<charParams l="289" t="204" r="296" b="234" charConfidence="40">i</charParams>
<charParams l="299" t="211" r="316" b="234" charConfidence="35">n</charParams>
<charParams l="320" t="212" r="333" b="235" charConfidence="34">e</charParams>
<charParams l="334" t="203" r="362" b="237"> </charParams>
<charParams l="363" t="203" r="381" b="237" charConfidence="32">L</charParams>
<charParams l="384" t="212" r="396" b="234" charConfidence="28">e</charParams>
<charParams l="400" t="202" r="416" b="241" charConfidence="44">h</charParams>
<charParams l="420" t="211" r="433" b="234" charConfidence="93">r</charParams>
<charParams l="435" t="210" r="448" b="233" charConfidence="34">e</charParams>
<charParams l="449" t="208" r="477" b="241"> </charParams>
<charParams l="478" t="208" r="490" b="241" charConfidence="26">z</charParams>
<charParams l="494" t="208" r="510" b="231" charConfidence="30">u</charParams>
<charParams l="514" t="206" r="541" b="230" charConfidence="68">m</charParams>
<charParams l="542" t="206" r="566" b="230"> </charParams>
<charParams l="567" t="207" r="583" b="230" charConfidence="31">u</charParams>
<charParams l="588" t="207" r="604" b="230" charConfidence="62">n</charParams>
<charParams l="608" t="206" r="635" b="230" charConfidence="89">m</charParams>
<charParams l="639" t="199" r="648" b="229" charConfidence="67">i</charParams>
<charParams l="651" t="204" r="661" b="230" charConfidence="30">t</charParams>
<charParams l="664" t="205" r="674" b="231" charConfidence="26">t</charParams>
<charParams l="677" t="209" r="689" b="231" charConfidence="83">e</charParams>
<charParams l="692" t="203" r="700" b="233" charConfidence="71">l</charParams>
<charParams l="704" t="202" r="719" b="233" charConfidence="99">b</charParams>
<charParams l="723" t="211" r="738" b="234" charConfidence="100">a</charParams>
<charParams l="742" t="211" r="755" b="235" charConfidence="100">r</charParams>
<charParams l="758" t="213" r="770" b="235" charConfidence="25">e</charParams>
<charParams l="773" t="213" r="790" b="236" charConfidence="64">n</charParams>
<charParams l="791" t="203" r="815" b="237"> </charParams>
<charParams l="816" t="203" r="848" b="237" charConfidence="25">G</charParams>
<charParams l="853" t="214" r="865" b="237" charConfidence="42">e</charParams>
<charParams l="868" t="204" r="883" b="237" charConfidence="59">b</charParams>
<charParams l="888" t="214" r="901" b="237" charConfidence="54">r</charParams>
<charParams l="903" t="214" r="918" b="236" charConfidence="25">a</charParams>
<charParams l="922" t="214" r="940" b="237" charConfidence="63">u</charParams>
<charParams l="943" t="205" r="971" b="245" charConfidence="68">c</charParams>
<charParams l="943" t="205" r="971" b="245" suspicious="1" charConfidence="68">h</charParams></formatting></line>
<line baseline="294" l="182" t="258" r="971" b="306"><formatting lang="OldGerman">
<charParams l="182" t="268" r="195" b="301" suspicious="1" charConfidence="24">t</charParams>
<charParams l="198" t="262" r="206" b="293" suspicious="1" charConfidence="25">i</charParams>
<charParams l="210" t="270" r="221" b="292" charConfidence="32">e</charParams>
<charParams l="225" t="261" r="241" b="302" charConfidence="66">h</charParams>
<charParams l="245" t="271" r="257" b="294" charConfidence="27">e</charParams>
<charParams l="260" t="272" r="277" b="295" charConfidence="57">n</charParams>
<charParams l="280" t="287" r="289" b="297" charConfidence="59">.</charParams>
<charParams l="290" t="265" r="343" b="297"> </charParams>
<charParams l="344" t="265" r="379" b="296" charConfidence="81">D</charParams>
<charParams l="382" t="273" r="400" b="296" charConfidence="100">u</charParams>
<charParams l="401" t="262" r="440" b="299"> </charParams>
<charParams l="441" t="262" r="460" b="299" charConfidence="37">s</charParams>
<charParams l="441" t="262" r="460" b="299" charConfidence="37">t</charParams>
<charParams l="464" t="270" r="475" b="292" charConfidence="31">e</charParams>
<charParams l="479" t="261" r="488" b="294" charConfidence="28">l</charParams>
<charParams l="488" t="261" r="496" b="290" charConfidence="42">l</charParams>
<charParams l="499" t="260" r="520" b="298" charConfidence="36">s</charParams>
<charParams l="499" t="260" r="520" b="298" charConfidence="36">t</charParams>
<charParams l="521" t="260" r="550" b="298"> </charParams>
<charParams l="551" t="262" r="567" b="291" charConfidence="61">d</charParams>
<charParams l="571" t="267" r="585" b="290" charConfidence="26">a</charParams>
<charParams l="589" t="264" r="605" b="293" charConfidence="71">s</charParams>
<charParams l="606" t="258" r="636" b="293"> </charParams>
<charParams l="637" t="258" r="666" b="291" charConfidence="26">A</charParams>
<charParams l="667" t="258" r="687" b="291"> </charParams>
<charParams l="688" t="269" r="704" b="291" charConfidence="36">v</charParams>
<charParams l="708" t="271" r="723" b="293" charConfidence="50">o</charParams>
<charParams l="727" t="270" r="741" b="293" charConfidence="26">r</charParams>
<charParams l="752" t="287" r="761" b="301" charConfidence="60">,</charParams>
<charParams l="762" t="265" r="806" b="301"> </charParams>
<charParams l="807" t="265" r="832" b="299" charConfidence="41">C</charParams>
<charParams l="835" t="266" r="852" b="306" charConfidence="81">h</charParams>
<charParams l="856" t="275" r="870" b="297" charConfidence="24">a</charParams>
<charParams l="875" t="274" r="888" b="297" charConfidence="39">r</charParams>
<charParams l="891" t="267" r="899" b="296" charConfidence="35">l</charParams>
<charParams l="902" t="275" r="916" b="296" charConfidence="52">o</charParams>
<charParams l="920" t="271" r="931" b="297" charConfidence="100">t</charParams>
<charParams l="934" t="271" r="944" b="297" charConfidence="34">t</charParams>
<charParams l="947" t="274" r="960" b="296" charConfidence="30">e</charParams>
<charParams l="959" t="287" r="971" b="305" charConfidence="99">,</charParams></formatting></line>
<line baseline="355" l="183" t="320" r="969" b="366"><formatting lang="OldGerman">
<charParams l="183" t="330" r="200" b="353" suspicious="1" charConfidence="23">u</charParams>
<charParams l="204" t="330" r="221" b="353" charConfidence="62">n</charParams>
<charParams l="225" t="326" r="240" b="355" charConfidence="29">d</charParams>
<charParams l="241" t="326" r="271" b="357"> </charParams>
<charParams l="272" t="326" r="280" b="357" charConfidence="30">i</charParams>
<charParams l="283" t="325" r="311" b="364" charConfidence="33">c</charParams>
<charParams l="283" t="325" r="311" b="364" charConfidence="33">h</charParams>
<charParams l="312" t="325" r="344" b="364"> </charParams>
<charParams l="345" t="328" r="360" b="355" charConfidence="27">d</charParams>
<charParams l="364" t="332" r="376" b="355" charConfidence="28">e</charParams>
<charParams l="379" t="325" r="386" b="355" charConfidence="25">i</charParams>
<charParams l="390" t="332" r="408" b="354" charConfidence="26">n</charParams>
<charParams l="409" t="320" r="438" b="354"> </charParams>
<charParams l="439" t="320" r="473" b="352" charConfidence="32">D</charParams>
<charParams l="483" t="330" r="490" b="351" charConfidence="77">:</charParams>
<charParams l="491" t="321" r="529" b="351"> </charParams>
<charParams l="530" t="321" r="545" b="350" charConfidence="31">d</charParams>
<charParams l="549" t="328" r="561" b="351" charConfidence="55">e</charParams>
<charParams l="565" t="328" r="581" b="352" charConfidence="24">n</charParams>
<charParams l="585" t="329" r="603" b="353" charConfidence="91">n</charParams>
<charParams l="604" t="329" r="635" b="353"> </charParams>
<charParams l="636" t="329" r="648" b="352" charConfidence="26">e</charParams>
<charParams l="653" t="321" r="660" b="352" charConfidence="70">i</charParams>
<charParams l="661" t="329" r="678" b="359" charConfidence="26">g</charParams>
<charParams l="682" t="329" r="694" b="350" charConfidence="77">e</charParams>
<charParams l="697" t="329" r="714" b="352" charConfidence="100">n</charParams>
<charParams l="719" t="328" r="728" b="353" charConfidence="100">t</charParams>
<charParams l="732" t="324" r="740" b="355" charConfidence="39">l</charParams>
<charParams l="742" t="324" r="750" b="354" charConfidence="57">i</charParams>
<charParams l="753" t="324" r="780" b="361" charConfidence="63">c</charParams>
<charParams l="753" t="324" r="780" b="361" charConfidence="63">h</charParams>
<charParams l="781" t="324" r="812" b="366"> </charParams>
<charParams l="813" t="325" r="829" b="366" suspicious="1" charConfidence="50">h</charParams>
<charParams l="833" t="326" r="849" b="357" charConfidence="25">ä</charParams>
<charParams l="853" t="335" r="870" b="357" charConfidence="45">n</charParams>
<charParams l="873" t="334" r="889" b="365" charConfidence="53">g</charParams>
<charParams l="894" t="335" r="906" b="357" charConfidence="72">e</charParams>
<charParams l="907" t="327" r="929" b="357"> </charParams>
<charParams l="930" t="327" r="938" b="357" charConfidence="41">i</charParams>
<charParams l="942" t="325" r="969" b="363" charConfidence="99">c</charParams>
<charParams l="942" t="325" r="969" b="363" charConfidence="99">h</charParams></formatting></line>
<line baseline="415" l="184" t="380" r="969" b="423"><formatting lang="OldGerman">
<charParams l="184" t="385" r="199" b="414" charConfidence="26">d</charParams>
<charParams l="203" t="393" r="217" b="416" charConfidence="33">o</charParams>
<charParams l="221" t="385" r="248" b="423" charConfidence="80">c</charParams>
<charParams l="221" t="385" r="248" b="423" charConfidence="80">h</charParams>
<charParams l="249" t="385" r="272" b="423"> </charParams>
<charParams l="273" t="393" r="291" b="416" charConfidence="100">n</charParams>
<charParams l="294" t="394" r="310" b="415" charConfidence="25">u</charParams>
<charParams l="315" t="393" r="328" b="416" charConfidence="39">r</charParams>
<charParams l="329" t="392" r="349" b="416"> </charParams>
<charParams l="350" t="392" r="368" b="413" charConfidence="27">v</charParams>
<charParams l="371" t="392" r="386" b="413" charConfidence="35">o</charParams>
<charParams l="390" t="390" r="407" b="418" charConfidence="23">n</charParams>
<charParams l="408" t="384" r="431" b="418"> </charParams>
<charParams l="432" t="384" r="448" b="412" charConfidence="55">d</charParams>
<charParams l="452" t="382" r="459" b="411" charConfidence="-1">i</charParams>
<charParams l="463" t="389" r="476" b="411" charConfidence="49">r</charParams>
<charParams l="477" t="389" r="495" b="416"> </charParams>
<charParams l="496" t="389" r="515" b="416" suspicious="1" charConfidence="13">a</charParams>
<charParams l="520" t="380" r="536" b="412" suspicious="1" charConfidence="28">b</charParams>
<charParams l="537" t="380" r="560" b="413"> </charParams>
<charParams l="561" t="390" r="579" b="413" charConfidence="100">u</charParams>
<charParams l="582" t="389" r="599" b="413" charConfidence="60">n</charParams>
<charParams l="603" t="384" r="619" b="413" charConfidence="26">d</charParams>
<charParams l="620" t="381" r="641" b="418"> </charParams>
<charParams l="642" t="381" r="658" b="418" charConfidence="100">f</charParams>
<charParams l="657" t="390" r="671" b="412" charConfidence="36">o</charParams>
<charParams l="675" t="383" r="683" b="412" charConfidence="29">l</charParams>
<charParams l="683" t="390" r="701" b="421" charConfidence="26">g</charParams>
<charParams l="705" t="390" r="718" b="414" charConfidence="30">e</charParams>
<charParams l="719" t="387" r="741" b="414"> </charParams>
<charParams l="742" t="387" r="757" b="414" charConfidence="33">d</charParams>
<charParams l="762" t="386" r="769" b="415" charConfidence="33">i</charParams>
<charParams l="774" t="393" r="788" b="415" charConfidence="43">r</charParams>
<charParams l="795" t="408" r="805" b="422" charConfidence="74">,</charParams>
<charParams l="806" t="394" r="829" b="422"> </charParams>
<charParams l="830" t="394" r="855" b="416" charConfidence="30">w</charParams>
<charParams l="860" t="388" r="868" b="416" charConfidence="94">i</charParams>
<charParams l="871" t="395" r="884" b="417" charConfidence="26">e</charParams>
<charParams l="885" t="390" r="904" b="417"> </charParams>
<charParams l="905" t="390" r="921" b="417" charConfidence="30">d</charParams>
<charParams l="925" t="396" r="938" b="418" charConfidence="30">e</charParams>
<charParams l="940" t="395" r="969" b="418" charConfidence="46">m</charParams></formatting></line>
<line baseline="475" l="181" t="440" r="970" b="482"><formatting lang="OldGerman">
<charParams l="181" t="442" r="210" b="475" charConfidence="27">A</charParams>
<charParams l="211" t="442" r="230" b="475"> </charParams>
<charParams l="231" t="447" r="247" b="475" charConfidence="31">d</charParams>
<charParams l="251" t="452" r="266" b="475" charConfidence="27">a</charParams>
<charParams l="270" t="447" r="286" b="476" suspicious="1" charConfidence="100">s</charParams>
<charParams l="287" t="443" r="309" b="476"> </charParams>
<charParams l="310" t="443" r="344" b="475" charConfidence="35">D</charParams>
<charParams l="346" t="464" r="355" b="474" charConfidence="100">.</charParams>
<charParams l="356" t="441" r="401" b="474"> </charParams>
<charParams l="402" t="441" r="437" b="474" charConfidence="45">D</charParams>
<charParams l="440" t="450" r="456" b="473" charConfidence="30">a</charParams>
<charParams l="460" t="445" r="475" b="475" charConfidence="98">s</charParams>
<charParams l="476" t="440" r="499" b="477"> </charParams>
<charParams l="500" t="440" r="525" b="477" charConfidence="35">C</charParams>
<charParams l="526" t="440" r="547" b="477"> </charParams>
<charParams l="548" t="443" r="557" b="473" charConfidence="57">i</charParams>
<charParams l="561" t="443" r="581" b="482" charConfidence="22">s</charParams>
<charParams l="561" t="443" r="581" b="482" charConfidence="22">t</charParams>
<charParams l="582" t="443" r="602" b="482"> </charParams>
<charParams l="603" t="451" r="620" b="482" charConfidence="32">g</charParams>
<charParams l="623" t="451" r="639" b="474" charConfidence="29">a</charParams>
<charParams l="643" t="450" r="659" b="473" charConfidence="63">n</charParams>
<charParams l="663" t="450" r="675" b="482" charConfidence="26">z</charParams>
<charParams l="676" t="444" r="698" b="482"> </charParams>
<charParams l="699" t="444" r="714" b="473" charConfidence="28">d</charParams>
<charParams l="718" t="451" r="729" b="473" charConfidence="30">e</charParams>
<charParams l="733" t="451" r="750" b="476" charConfidence="25">u</charParams>
<charParams l="754" t="449" r="764" b="475" charConfidence="38">t</charParams>
<charParams l="767" t="446" r="775" b="475" charConfidence="42">l</charParams>
<charParams l="778" t="445" r="786" b="475" charConfidence="100">i</charParams>
<charParams l="789" t="446" r="816" b="482" charConfidence="100">c</charParams>
<charParams l="789" t="446" r="816" b="482" charConfidence="100">h</charParams>
<charParams l="817" t="446" r="841" b="482"> </charParams>
<charParams l="842" t="449" r="858" b="476" charConfidence="26">d</charParams>
<charParams l="861" t="455" r="874" b="476" charConfidence="29">e</charParams>
<charParams l="877" t="455" r="891" b="477" charConfidence="25">r</charParams>
<charParams l="892" t="445" r="913" b="478"> </charParams>
<charParams l="914" t="445" r="939" b="478" charConfidence="34">C</charParams>
<charParams l="941" t="455" r="957" b="477" charConfidence="98">a</charParams>
<charParams l="960" t="458" r="970" b="473" suspicious="1" charConfidence="27">,</charParams></formatting></line>
<line baseline="536" l="180" t="502" r="970" b="543"><formatting lang="OldGerman">
<charParams l="180" t="513" r="198" b="543" charConfidence="34">p</charParams>
<charParams l="202" t="505" r="209" b="536" charConfidence="98">i</charParams>
<charParams l="213" t="509" r="222" b="536" charConfidence="35">t</charParams>
<charParams l="225" t="513" r="240" b="536" charConfidence="30">a</charParams>
<charParams l="244" t="504" r="252" b="535" charConfidence="82">i</charParams>
<charParams l="255" t="512" r="272" b="535" charConfidence="52">n</charParams>
<charParams l="280" t="527" r="290" b="542" charConfidence="99">,</charParams>
<charParams l="291" t="506" r="315" b="542"> </charParams>
<charParams l="316" t="506" r="332" b="535" charConfidence="57">d</charParams>
<charParams l="336" t="512" r="348" b="535" charConfidence="27">e</charParams>
<charParams l="351" t="511" r="364" b="535" charConfidence="30">r</charParams>
<charParams l="365" t="511" r="387" b="536"> </charParams>
<charParams l="388" t="512" r="415" b="536" charConfidence="59">m</charParams>
<charParams l="420" t="505" r="427" b="536" charConfidence="48">i</charParams>
<charParams l="430" t="504" r="457" b="543" charConfidence="55">c</charParams>
<charParams l="430" t="504" r="457" b="543" charConfidence="55">h</charParams>
<charParams l="458" t="504" r="480" b="543"> </charParams>
<charParams l="481" t="504" r="496" b="542" charConfidence="33">f</charParams>
<charParams l="495" t="503" r="512" b="536" charConfidence="41">ü</charParams>
<charParams l="516" t="512" r="530" b="536" charConfidence="48">r</charParams>
<charParams l="531" t="506" r="553" b="536"> </charParams>
<charParams l="554" t="506" r="569" b="535" charConfidence="27">d</charParams>
<charParams l="574" t="505" r="580" b="534" suspicious="1" charConfidence="38">i</charParams>
<charParams l="585" t="513" r="596" b="535" charConfidence="25">e</charParams>
<charParams l="600" t="502" r="615" b="541" charConfidence="27">ß</charParams>
<charParams l="619" t="511" r="645" b="534" charConfidence="26">m</charParams>
<charParams l="650" t="512" r="665" b="534" charConfidence="24">a</charParams>
<charParams l="669" t="504" r="677" b="535" charConfidence="53">l</charParams>
<charParams l="678" t="504" r="694" b="535"> </charParams>
<charParams l="695" t="505" r="710" b="534" charConfidence="33">d</charParams>
<charParams l="714" t="503" r="722" b="534" charConfidence="100">i</charParams>
<charParams l="725" t="511" r="738" b="534" charConfidence="38">r</charParams>
<charParams l="739" t="511" r="756" b="534"> </charParams>
<charParams l="757" t="512" r="769" b="534" charConfidence="100">e</charParams>
<charParams l="773" t="504" r="781" b="533" charConfidence="45">i</charParams>
<charParams l="784" t="512" r="801" b="534" charConfidence="46">n</charParams>
<charParams l="805" t="505" r="813" b="533" charConfidence="89">i</charParams>
<charParams l="815" t="512" r="831" b="542" charConfidence="62">g</charParams>
<charParams l="835" t="513" r="847" b="535" charConfidence="26">e</charParams>
<charParams l="851" t="513" r="864" b="536" charConfidence="26">r</charParams>
<charParams l="867" t="512" r="893" b="535" charConfidence="27">m</charParams>
<charParams l="898" t="514" r="913" b="535" charConfidence="24">a</charParams>
<charParams l="917" t="505" r="934" b="542" charConfidence="27">ß</charParams>
<charParams l="937" t="515" r="949" b="536" charConfidence="59">e</charParams>
<charParams l="952" t="514" r="970" b="537" charConfidence="33">n</charParams></formatting></line>
<line baseline="599" l="181" t="566" r="970" b="608"><formatting lang="OldGerman">
<charParams l="181" t="575" r="193" b="599" charConfidence="28">e</charParams>
<charParams l="196" t="576" r="213" b="599" charConfidence="51">n</charParams>
<charParams l="218" t="573" r="226" b="603" charConfidence="25">t</charParams>
<charParams l="229" t="576" r="241" b="608" charConfidence="23">z</charParams>
<charParams l="246" t="568" r="252" b="601" charConfidence="-1">i</charParams>
<charParams l="257" t="576" r="268" b="599" charConfidence="24">e</charParams>
<charParams l="271" t="567" r="287" b="608" charConfidence="42">h</charParams>
<charParams l="292" t="574" r="303" b="600" charConfidence="34">t</charParams>
<charParams l="305" t="591" r="314" b="600" charConfidence="63">.</charParams>
<charParams l="315" t="566" r="360" b="601"> </charParams>
<charParams l="361" t="566" r="396" b="601" charConfidence="36">N</charParams>
<charParams l="401" t="577" r="416" b="600" charConfidence="32">u</charParams>
<charParams l="420" t="576" r="438" b="600" charConfidence="91">n</charParams>
<charParams l="439" t="570" r="472" b="600"> </charParams>
<charParams l="473" t="570" r="479" b="600" charConfidence="43">i</charParams>
<charParams l="484" t="568" r="504" b="608" charConfidence="71">s</charParams>
<charParams l="484" t="568" r="504" b="608" charConfidence="71">t</charParams>
<charParams l="505" t="568" r="536" b="608"> </charParams>
<charParams l="537" t="576" r="549" b="599" charConfidence="35">e</charParams>
<charParams l="553" t="570" r="567" b="599" charConfidence="98">s</charParams>
<charParams l="568" t="567" r="600" b="599"> </charParams>
<charParams l="601" t="567" r="617" b="599" charConfidence="35">b</charParams>
<charParams l="621" t="568" r="629" b="599" charConfidence="100">i</charParams>
<charParams l="633" t="567" r="640" b="599" charConfidence="43">l</charParams>
<charParams l="641" t="567" r="649" b="599" charConfidence="51">l</charParams>
<charParams l="653" t="568" r="659" b="598" charConfidence="-1">i</charParams>
<charParams l="662" t="575" r="679" b="606" charConfidence="26">g</charParams>
<charParams l="689" t="589" r="699" b="606" charConfidence="100">,</charParams>
<charParams l="700" t="568" r="736" b="606"> </charParams>
<charParams l="737" t="568" r="753" b="597" charConfidence="31">d</charParams>
<charParams l="757" t="575" r="772" b="597" charConfidence="100">a</charParams>
<charParams l="776" t="566" r="792" b="604" charConfidence="28">ß</charParams>
<charParams l="793" t="566" r="822" b="604"> </charParams>
<charParams l="823" t="575" r="849" b="598" charConfidence="26">w</charParams>
<charParams l="854" t="575" r="865" b="598" charConfidence="25">e</charParams>
<charParams l="868" t="575" r="885" b="598" charConfidence="36">n</charParams>
<charParams l="889" t="575" r="906" b="598" charConfidence="54">n</charParams>
<charParams l="907" t="569" r="932" b="598"> </charParams>
<charParams l="933" t="569" r="948" b="598" charConfidence="26">d</charParams>
<charParams l="952" t="575" r="970" b="600" charConfidence="31">u</charParams></formatting></line>
<line baseline="663" l="180" t="630" r="973" b="672"><formatting lang="OldGerman">
<charParams l="180" t="639" r="198" b="663" charConfidence="31">n</charParams>
<charParams l="203" t="631" r="210" b="663" charConfidence="100">i</charParams>
<charParams l="213" t="630" r="239" b="670" charConfidence="30">c</charParams>
<charParams l="213" t="630" r="239" b="670" charConfidence="30">h</charParams>
<charParams l="243" t="636" r="254" b="663" charConfidence="100">t</charParams>
<charParams l="255" t="632" r="285" b="663"> </charParams>
<charParams l="286" t="632" r="295" b="663" charConfidence="65">i</charParams>
<charParams l="298" t="640" r="315" b="663" charConfidence="40">n</charParams>
<charParams l="318" t="635" r="334" b="663" suspicious="1" charConfidence="100">S</charParams>
<charParams l="335" t="631" r="365" b="665"> </charParams>
<charParams l="366" t="631" r="391" b="665" charConfidence="94">U</charParams>
<charParams l="394" t="640" r="411" b="664" charConfidence="100">n</charParams>
<charParams l="415" t="631" r="430" b="664" charConfidence="28">b</charParams>
<charParams l="435" t="641" r="446" b="664" charConfidence="100">e</charParams>
<charParams l="451" t="632" r="470" b="672" charConfidence="52">s</charParams>
<charParams l="451" t="632" r="470" b="672" charConfidence="52">t</charParams>
<charParams l="474" t="632" r="480" b="664" charConfidence="100">i</charParams>
<charParams l="484" t="640" r="511" b="663" charConfidence="100">m</charParams>
<charParams l="515" t="639" r="542" b="663" charConfidence="100">m</charParams>
<charParams l="547" t="636" r="557" b="664" charConfidence="97">t</charParams>
<charParams l="560" t="640" r="573" b="663" charConfidence="29">e</charParams>
<charParams l="574" t="640" r="603" b="663"> </charParams>
<charParams l="604" t="640" r="616" b="663" charConfidence="28">e</charParams>
<charParams l="619" t="640" r="636" b="663" charConfidence="100">n</charParams>
<charParams l="639" t="636" r="650" b="664" charConfidence="100">t</charParams>
<charParams l="653" t="637" r="678" b="663" charConfidence="26">w</charParams>
<charParams l="683" t="638" r="694" b="662" charConfidence="100">e</charParams>
<charParams l="698" t="630" r="706" b="661" charConfidence="100">i</charParams>
<charParams l="709" t="630" r="735" b="671" charConfidence="91">c</charParams>
<charParams l="709" t="630" r="735" b="671" charConfidence="91">h</charParams>
<charParams l="740" t="638" r="752" b="662" charConfidence="33">e</charParams>
<charParams l="755" t="639" r="772" b="662" charConfidence="26">n</charParams>
<charParams l="773" t="630" r="797" b="669"> </charParams>
<charParams l="798" t="630" r="811" b="669" charConfidence="100">s</charParams>
<charParams l="810" t="640" r="824" b="662" charConfidence="42">o</charParams>
<charParams l="828" t="630" r="837" b="662" charConfidence="37">l</charParams>
<charParams l="837" t="631" r="846" b="663" charConfidence="48">l</charParams>
<charParams l="849" t="631" r="869" b="671" charConfidence="52">s</charParams>
<charParams l="849" t="631" r="869" b="671" charConfidence="52">t</charParams>
<charParams l="877" t="653" r="887" b="669" charConfidence="75">,</charParams>
<charParams l="888" t="634" r="927" b="669"> </charParams>
<charParams l="928" t="634" r="944" b="663" charConfidence="38">d</charParams>
<charParams l="948" t="631" r="955" b="664" charConfidence="46">i</charParams>
<charParams l="959" t="640" r="973" b="664" charConfidence="29">r</charParams></formatting></line>
<line baseline="728" l="180" t="693" r="971" b="736"><formatting lang="OldGerman">
<charParams l="180" t="693" r="195" b="733" charConfidence="27">f</charParams>
<charParams l="195" t="694" r="211" b="726" charConfidence="24">ü</charParams>
<charParams l="215" t="703" r="226" b="727" charConfidence="24">r</charParams>
<charParams l="227" t="703" r="259" b="727"> </charParams>
<charParams l="260" t="704" r="273" b="727" charConfidence="30">e</charParams>
<charParams l="277" t="696" r="284" b="728" charConfidence="41">i</charParams>
<charParams l="288" t="704" r="305" b="728" charConfidence="27">n</charParams>
<charParams l="306" t="695" r="328" b="730"> </charParams>
<charParams l="329" t="695" r="364" b="730" charConfidence="72">D</charParams>
<charParams l="365" t="695" r="388" b="736"> </charParams>
<charParams l="389" t="705" r="406" b="736" charConfidence="33">g</charParams>
<charParams l="410" t="705" r="422" b="728" charConfidence="81">e</charParams>
<charParams l="426" t="696" r="438" b="735" charConfidence="40">s</charParams>
<charParams l="437" t="705" r="450" b="728" charConfidence="30">o</charParams>
<charParams l="455" t="704" r="467" b="728" charConfidence="24">r</charParams>
<charParams l="469" t="705" r="486" b="736" charConfidence="28">g</charParams>
<charParams l="490" t="700" r="500" b="728" charConfidence="34">t</charParams>
<charParams l="501" t="700" r="523" b="728"> </charParams>
<charParams l="524" t="703" r="549" b="728" charConfidence="38">w</charParams>
<charParams l="554" t="704" r="566" b="727" charConfidence="65">e</charParams>
<charParams l="569" t="703" r="582" b="727" charConfidence="70">r</charParams>
<charParams l="585" t="697" r="599" b="727" charConfidence="31">d</charParams>
<charParams l="603" t="703" r="616" b="727" charConfidence="27">e</charParams>
<charParams l="624" t="718" r="635" b="734" charConfidence="62">,</charParams>
<charParams l="636" t="703" r="674" b="734"> </charParams>
<charParams l="675" t="703" r="693" b="727" charConfidence="33">u</charParams>
<charParams l="696" t="703" r="713" b="726" charConfidence="33">n</charParams>
<charParams l="717" t="697" r="732" b="727" charConfidence="26">d</charParams>
<charParams l="733" t="697" r="757" b="727"> </charParams>
<charParams l="758" t="697" r="773" b="726" charConfidence="25">d</charParams>
<charParams l="777" t="703" r="792" b="726" charConfidence="34">a</charParams>
<charParams l="796" t="698" r="812" b="729" charConfidence="96">s</charParams>
<charParams l="813" t="696" r="842" b="729"> </charParams>
<charParams l="843" t="696" r="850" b="726" charConfidence="74">i</charParams>
<charParams l="855" t="695" r="874" b="734" charConfidence="67">s</charParams>
<charParams l="855" t="695" r="874" b="734" charConfidence="67">t</charParams>
<charParams l="875" t="695" r="896" b="735"> </charParams>
<charParams l="897" t="703" r="914" b="735" suspicious="1" charConfidence="31">g</charParams>
<charParams l="918" t="704" r="933" b="732" suspicious="1" charConfidence="24">a</charParams>
<charParams l="938" t="702" r="954" b="726" suspicious="1" charConfidence="65">n</charParams>
<charParams l="957" t="702" r="971" b="736" suspicious="1" charConfidence="30">z</charParams></formatting></line>
<line baseline="789" l="180" t="756" r="972" b="797"><formatting lang="OldGerman">
<charParams l="180" t="766" r="196" b="787" charConfidence="32">o</charParams>
<charParams l="200" t="756" r="216" b="796" charConfidence="100">h</charParams>
<charParams l="220" t="765" r="237" b="787" charConfidence="37">n</charParams>
<charParams l="241" t="765" r="254" b="788" charConfidence="31">e</charParams>
<charParams l="255" t="757" r="270" b="795"> </charParams>
<charParams l="271" t="757" r="296" b="795" charConfidence="50">F</charParams>
<charParams l="298" t="767" r="310" b="789" charConfidence="39">r</charParams>
<charParams l="313" t="767" r="328" b="790" charConfidence="100">a</charParams>
<charParams l="330" t="768" r="347" b="797" charConfidence="28">g</charParams>
<charParams l="351" t="768" r="364" b="790" charConfidence="30">e</charParams>
<charParams l="365" t="762" r="389" b="790"> </charParams>
<charParams l="390" t="762" r="406" b="790" charConfidence="32">d</charParams>
<charParams l="410" t="768" r="425" b="790" charConfidence="54">a</charParams>
<charParams l="429" t="763" r="445" b="790" charConfidence="68">s</charParams>
<charParams l="446" t="761" r="467" b="790"> </charParams>
<charParams l="468" t="761" r="476" b="790" charConfidence="30">l</charParams>
<charParams l="480" t="759" r="488" b="790" charConfidence="42">i</charParams>
<charParams l="491" t="768" r="504" b="790" charConfidence="35">e</charParams>
<charParams l="507" t="758" r="522" b="791" charConfidence="57">b</charParams>
<charParams l="526" t="767" r="538" b="790" charConfidence="57">e</charParams>
<charParams l="542" t="767" r="558" b="789" charConfidence="92">n</charParams>
<charParams l="563" t="761" r="577" b="789" charConfidence="-1">s</charParams>
<charParams l="580" t="765" r="606" b="789" charConfidence="53">w</charParams>
<charParams l="611" t="757" r="627" b="789" charConfidence="25">ü</charParams>
<charParams l="631" t="766" r="644" b="789" charConfidence="54">r</charParams>
<charParams l="647" t="759" r="662" b="788" charConfidence="29">d</charParams>
<charParams l="666" t="759" r="673" b="787" charConfidence="48">i</charParams>
<charParams l="675" t="766" r="692" b="796" charConfidence="26">g</charParams>
<charParams l="696" t="766" r="709" b="788" charConfidence="48">e</charParams>
<charParams l="710" t="756" r="724" b="789"> </charParams>
<charParams l="725" t="756" r="760" b="789" charConfidence="52">D</charParams>
<charParams l="764" t="756" r="779" b="788" charConfidence="22">ä</charParams>
<charParams l="782" t="765" r="810" b="788" charConfidence="81">m</charParams>
<charParams l="814" t="757" r="840" b="795" charConfidence="55">c</charParams>
<charParams l="814" t="757" r="840" b="795" charConfidence="55">h</charParams>
<charParams l="845" t="766" r="857" b="788" charConfidence="34">e</charParams>
<charParams l="860" t="765" r="877" b="788" charConfidence="40">n</charParams>
<charParams l="878" t="756" r="893" b="789"> </charParams>
<charParams l="894" t="756" r="922" b="789" charConfidence="64">O</charParams>
<charParams l="926" t="763" r="937" b="789" charConfidence="48">t</charParams>
<charParams l="940" t="762" r="949" b="789" charConfidence="49">t</charParams>
<charParams l="952" t="758" r="961" b="790" charConfidence="42">i</charParams>
<charParams l="962" t="768" r="972" b="783" charConfidence="52">¬</charParams></formatting></line>
<line baseline="848" l="180" t="816" r="972" b="857"><formatting lang="OldGerman">
<charParams l="180" t="817" r="189" b="846" charConfidence="32">l</charParams>
<charParams l="192" t="816" r="199" b="846" charConfidence="-1">i</charParams>
<charParams l="203" t="824" r="216" b="846" charConfidence="27">e</charParams>
<charParams l="228" t="838" r="236" b="852" charConfidence="63">,</charParams>
<charParams l="237" t="825" r="283" b="855"> </charParams>
<charParams l="284" t="825" r="300" b="855" charConfidence="56">g</charParams>
<charParams l="305" t="827" r="317" b="848" charConfidence="34">e</charParams>
<charParams l="319" t="826" r="335" b="856" charConfidence="59">g</charParams>
<charParams l="339" t="827" r="351" b="849" charConfidence="27">e</charParams>
<charParams l="354" t="827" r="373" b="849" charConfidence="30">n</charParams>
<charParams l="374" t="821" r="403" b="849"> </charParams>
<charParams l="404" t="821" r="419" b="849" charConfidence="32">d</charParams>
<charParams l="423" t="827" r="435" b="849" charConfidence="51">e</charParams>
<charParams l="438" t="827" r="452" b="850" charConfidence="100">r</charParams>
<charParams l="455" t="827" r="466" b="849" charConfidence="55">e</charParams>
<charParams l="469" t="827" r="487" b="849" charConfidence="33">n</charParams>
<charParams l="488" t="818" r="520" b="851"> </charParams>
<charParams l="521" t="818" r="551" b="851" charConfidence="27">A</charParams>
<charParams l="552" t="827" r="569" b="849" charConfidence="79">n</charParams>
<charParams l="572" t="826" r="590" b="849" charConfidence="100">n</charParams>
<charParams l="593" t="817" r="609" b="848" charConfidence="34">ä</charParams>
<charParams l="613" t="817" r="630" b="857" charConfidence="70">h</charParams>
<charParams l="633" t="826" r="645" b="849" charConfidence="26">e</charParams>
<charParams l="649" t="825" r="661" b="849" charConfidence="40">r</charParams>
<charParams l="665" t="826" r="681" b="849" charConfidence="30">u</charParams>
<charParams l="685" t="826" r="701" b="849" charConfidence="98">n</charParams>
<charParams l="704" t="825" r="721" b="856" charConfidence="31">g</charParams>
<charParams l="722" t="820" r="753" b="856"> </charParams>
<charParams l="754" t="820" r="769" b="848" charConfidence="25">d</charParams>
<charParams l="773" t="825" r="790" b="848" charConfidence="54">u</charParams>
<charParams l="791" t="820" r="814" b="848"> </charParams>
<charParams l="815" t="820" r="831" b="848" charConfidence="29">d</charParams>
<charParams l="835" t="818" r="843" b="849" charConfidence="33">i</charParams>
<charParams l="846" t="818" r="873" b="856" charConfidence="100">c</charParams>
<charParams l="846" t="818" r="873" b="856" charConfidence="100">h</charParams>
<charParams l="874" t="818" r="896" b="856"> </charParams>
<charParams l="897" t="825" r="915" b="849" charConfidence="100">n</charParams>
<charParams l="920" t="818" r="927" b="850" charConfidence="61">i</charParams>
<charParams l="930" t="817" r="957" b="856" charConfidence="91">c</charParams>
<charParams l="930" t="817" r="957" b="856" charConfidence="91">h</charParams>
<charParams l="960" t="821" r="972" b="853" charConfidence="25">t</charParams></formatting></line>
<line baseline="908" l="181" t="875" r="623" b="917"><formatting lang="OldGerman">
<charParams l="181" t="878" r="190" b="908" charConfidence="32">l</charParams>
<charParams l="193" t="875" r="207" b="908" charConfidence="22">ä</charParams>
<charParams l="211" t="884" r="227" b="906" charConfidence="77">n</charParams>
<charParams l="230" t="883" r="247" b="917" charConfidence="53">g</charParams>
<charParams l="251" t="884" r="263" b="907" charConfidence="31">e</charParams>
<charParams l="266" t="884" r="280" b="907" charConfidence="52">r</charParams>
<charParams l="281" t="884" r="301" b="907"> </charParams>
<charParams l="302" t="884" r="320" b="907" charConfidence="100">v</charParams>
<charParams l="324" t="884" r="336" b="906" charConfidence="25">e</charParams>
<charParams l="339" t="883" r="352" b="907" charConfidence="62">r</charParams>
<charParams l="354" t="881" r="365" b="907" charConfidence="83">t</charParams>
<charParams l="367" t="877" r="385" b="914" charConfidence="27">h</charParams>
<charParams l="388" t="885" r="401" b="908" charConfidence="27">e</charParams>
<charParams l="404" t="878" r="412" b="908" charConfidence="44">i</charParams>
<charParams l="415" t="880" r="431" b="909" charConfidence="32">d</charParams>
<charParams l="435" t="878" r="443" b="908" charConfidence="35">i</charParams>
<charParams l="443" t="886" r="461" b="915" charConfidence="100">g</charParams>
<charParams l="465" t="886" r="477" b="909" charConfidence="25">e</charParams>
<charParams l="480" t="886" r="498" b="909" charConfidence="-1">»</charParams>
<charParams l="499" t="880" r="522" b="909"> </charParams>
<charParams l="523" t="880" r="539" b="908" charConfidence="31">d</charParams>
<charParams l="543" t="885" r="559" b="908" charConfidence="39">a</charParams>
<charParams l="561" t="885" r="576" b="907" charConfidence="58">r</charParams>
<charParams l="578" t="876" r="591" b="913" charConfidence="33">f</charParams>
<charParams l="592" t="877" r="612" b="915" charConfidence="64">s</charParams>
<charParams l="592" t="877" r="612" b="915" charConfidence="64">t</charParams>
<charParams l="613" t="899" r="623" b="909" charConfidence="62">.</charParams></formatting></line></par>
<par align="Justified" startIndent="1752" lineSpacing="1488">
<line baseline="1029" l="247" t="995" r="970" b="1038"><formatting lang="OldGerman">
<charParams l="247" t="998" r="279" b="1034" charConfidence="28">G</charParams>
<charParams l="284" t="1009" r="300" b="1033" charConfidence="38">u</charParams>
<charParams l="304" t="1005" r="314" b="1033" charConfidence="83">t</charParams>
<charParams l="324" t="1001" r="332" b="1032" charConfidence="22">!</charParams>
<charParams l="333" t="1001" r="362" b="1032"> </charParams>
<charParams l="363" t="1008" r="381" b="1032" charConfidence="100">v</charParams>
<charParams l="385" t="1008" r="396" b="1031" suspicious="1" charConfidence="26">c</charParams>
<charParams l="400" t="1007" r="412" b="1031" charConfidence="30">r</charParams>
<charParams l="416" t="998" r="429" b="1038" charConfidence="29">s</charParams>
<charParams l="427" t="1007" r="437" b="1030" suspicious="1" charConfidence="30">c</charParams>
<charParams l="442" t="1001" r="459" b="1037" suspicious="1" charConfidence="15">h</charParams>
<charParams l="462" t="1002" r="473" b="1030" charConfidence="29">t</charParams>
<charParams l="476" t="1006" r="488" b="1029" charConfidence="44">e</charParams>
<charParams l="489" t="995" r="511" b="1031"> </charParams>
<charParams l="512" t="995" r="536" b="1031" charConfidence="54">C</charParams>
<charParams l="539" t="996" r="556" b="1037" charConfidence="62">h</charParams>
<charParams l="560" t="1005" r="575" b="1028" charConfidence="54">a</charParams>
<charParams l="578" t="1005" r="592" b="1027" charConfidence="32">r</charParams>
<charParams l="595" t="997" r="605" b="1028" charConfidence="32">l</charParams>
<charParams l="606" t="1005" r="620" b="1027" charConfidence="42">o</charParams>
<charParams l="625" t="1001" r="634" b="1027" charConfidence="34">t</charParams>
<charParams l="638" t="999" r="648" b="1028" charConfidence="35">t</charParams>
<charParams l="651" t="1004" r="663" b="1027" charConfidence="56">e</charParams>
<charParams l="670" t="1019" r="681" b="1034" charConfidence="100">,</charParams>
<charParams l="682" t="1002" r="712" b="1034"> </charParams>
<charParams l="713" t="1002" r="740" b="1029" charConfidence="52">w</charParams>
<charParams l="743" t="1005" r="756" b="1029" charConfidence="30">e</charParams>
<charParams l="759" t="1004" r="775" b="1028" charConfidence="39">n</charParams>
<charParams l="779" t="1003" r="798" b="1028" charConfidence="34">n</charParams>
<charParams l="799" t="1003" r="821" b="1028"> </charParams>
<charParams l="822" t="1004" r="838" b="1028" charConfidence="57">a</charParams>
<charParams l="842" t="1005" r="859" b="1029" charConfidence="54">u</charParams>
<charParams l="862" t="997" r="890" b="1037" charConfidence="84">c</charParams>
<charParams l="862" t="997" r="890" b="1037" charConfidence="84">h</charParams>
<charParams l="891" t="997" r="914" b="1037"> </charParams>
<charParams l="915" t="999" r="930" b="1030" charConfidence="32">d</charParams>
<charParams l="934" t="1006" r="949" b="1030" charConfidence="35">a</charParams>
<charParams l="954" t="1002" r="970" b="1031" charConfidence="100">s</charParams></formatting></line>
<line baseline="1093" l="182" t="1059" r="976" b="1105"><formatting lang="OldGerman">
<charParams l="182" t="1061" r="215" b="1096" charConfidence="28">B</charParams>
<charParams l="219" t="1072" r="230" b="1096" charConfidence="100">e</charParams>
<charParams l="234" t="1072" r="249" b="1105" charConfidence="24">y</charParams>
<charParams l="254" t="1064" r="266" b="1103" charConfidence="28">s</charParams>
<charParams l="265" t="1073" r="281" b="1103" charConfidence="28">p</charParams>
<charParams l="285" t="1065" r="292" b="1096" charConfidence="-1">i</charParams>
<charParams l="296" t="1073" r="307" b="1096" charConfidence="25">e</charParams>
<charParams l="311" t="1066" r="319" b="1096" charConfidence="79">l</charParams>
<charParams l="327" t="1087" r="336" b="1103" charConfidence="81">,</charParams>
<charParams l="337" t="1070" r="375" b="1103"> </charParams>
<charParams l="376" t="1070" r="402" b="1096" charConfidence="57">w</charParams>
<charParams l="406" t="1063" r="415" b="1094" charConfidence="41">i</charParams>
<charParams l="418" t="1070" r="430" b="1095" charConfidence="65">e</charParams>
<charParams l="431" t="1068" r="461" b="1095"> </charParams>
<charParams l="462" t="1068" r="490" b="1094" charConfidence="33">m</charParams>
<charParams l="494" t="1061" r="502" b="1094" charConfidence="63">i</charParams>
<charParams l="506" t="1068" r="519" b="1093" charConfidence="27">r</charParams>
<charParams l="520" t="1059" r="549" b="1099"> </charParams>
<charParams l="550" t="1059" r="564" b="1099" charConfidence="53">s</charParams>
<charParams l="562" t="1059" r="588" b="1099" charConfidence="55">c</charParams>
<charParams l="562" t="1059" r="588" b="1099" charConfidence="55">h</charParams>
<charParams l="592" t="1067" r="604" b="1091" charConfidence="32">e</charParams>
<charParams l="608" t="1059" r="615" b="1090" charConfidence="36">i</charParams>
<charParams l="618" t="1067" r="635" b="1091" charConfidence="58">n</charParams>
<charParams l="639" t="1063" r="649" b="1090" charConfidence="41">t</charParams>
<charParams l="659" t="1081" r="668" b="1097" charConfidence="68">,</charParams>
<charParams l="669" t="1066" r="707" b="1097"> </charParams>
<charParams l="708" t="1066" r="726" b="1090" charConfidence="32">n</charParams>
<charParams l="730" t="1059" r="738" b="1090" charConfidence="27">i</charParams>
<charParams l="741" t="1059" r="767" b="1098" charConfidence="91">c</charParams>
<charParams l="741" t="1059" r="767" b="1098" charConfidence="91">h</charParams>
<charParams l="771" t="1063" r="783" b="1090" charConfidence="37">t</charParams>
<charParams l="784" t="1063" r="820" b="1098"> </charParams>
<charParams l="821" t="1067" r="839" b="1098" charConfidence="27">g</charParams>
<charParams l="843" t="1068" r="857" b="1091" charConfidence="100">a</charParams>
<charParams l="861" t="1067" r="878" b="1091" charConfidence="65">n</charParams>
<charParams l="882" t="1067" r="895" b="1101" charConfidence="24">z</charParams>
<charParams l="896" t="1067" r="919" b="1101"> </charParams>
<charParams l="920" t="1069" r="935" b="1091" charConfidence="24">a</charParams>
<charParams l="940" t="1070" r="956" b="1093" charConfidence="100">u</charParams>
<charParams l="960" t="1060" r="976" b="1100" charConfidence="100">f</charParams></formatting></line>
<line baseline="1155" l="181" t="1120" r="971" b="1166"><formatting lang="OldGerman">
<charParams l="181" t="1134" r="199" b="1158" charConfidence="25">u</charParams>
<charParams l="203" t="1135" r="219" b="1158" charConfidence="25">n</charParams>
<charParams l="224" t="1127" r="238" b="1165" charConfidence="97">s</charParams>
<charParams l="236" t="1137" r="247" b="1158" charConfidence="30">e</charParams>
<charParams l="250" t="1135" r="263" b="1159" charConfidence="100">r</charParams>
<charParams l="266" t="1136" r="283" b="1158" charConfidence="100">n</charParams>
<charParams l="284" t="1126" r="314" b="1165"> </charParams>
<charParams l="315" t="1126" r="339" b="1165" charConfidence="31">F</charParams>
<charParams l="341" t="1135" r="357" b="1159" charConfidence="100">a</charParams>
<charParams l="361" t="1127" r="370" b="1158" charConfidence="53">l</charParams>
<charParams l="370" t="1126" r="378" b="1159" charConfidence="63">l</charParams>
<charParams l="379" t="1126" r="408" b="1165"> </charParams>
<charParams l="409" t="1135" r="426" b="1165" charConfidence="39">p</charParams>
<charParams l="430" t="1135" r="445" b="1158" charConfidence="24">a</charParams>
<charParams l="448" t="1125" r="464" b="1164" charConfidence="25">ß</charParams>
<charParams l="467" t="1130" r="478" b="1157" charConfidence="100">t</charParams>
<charParams l="489" t="1134" r="498" b="1166" charConfidence="50">;</charParams>
<charParams l="499" t="1123" r="537" b="1166"> </charParams>
<charParams l="538" t="1123" r="552" b="1164" charConfidence="98">s</charParams>
<charParams l="551" t="1132" r="566" b="1155" charConfidence="32">o</charParams>
<charParams l="567" t="1122" r="597" b="1164"> </charParams>
<charParams l="598" t="1122" r="615" b="1164" suspicious="1" charConfidence="90">h</charParams>
<charParams l="620" t="1131" r="635" b="1153" charConfidence="24">a</charParams>
<charParams l="639" t="1123" r="647" b="1153" charConfidence="71">l</charParams>
<charParams l="650" t="1126" r="660" b="1153" charConfidence="37">t</charParams>
<charParams l="663" t="1129" r="676" b="1153" charConfidence="32">e</charParams>
<charParams l="677" t="1121" r="705" b="1153"> </charParams>
<charParams l="706" t="1121" r="716" b="1152" charConfidence="28">i</charParams>
<charParams l="719" t="1120" r="746" b="1159" charConfidence="69">c</charParams>
<charParams l="719" t="1120" r="746" b="1159" charConfidence="69">h</charParams>
<charParams l="747" t="1120" r="777" b="1159"> </charParams>
<charParams l="778" t="1128" r="790" b="1151" charConfidence="33">e</charParams>
<charParams l="793" t="1123" r="809" b="1151" suspicious="1" charConfidence="100">s</charParams>
<charParams l="810" t="1123" r="833" b="1152"> </charParams>
<charParams l="834" t="1123" r="849" b="1152" charConfidence="27">d</charParams>
<charParams l="853" t="1129" r="868" b="1151" charConfidence="33">o</charParams>
<charParams l="872" t="1121" r="898" b="1160" charConfidence="61">c</charParams>
<charParams l="872" t="1121" r="898" b="1160" charConfidence="61">h</charParams>
<charParams l="899" t="1121" r="921" b="1160"> </charParams>
<charParams l="922" t="1121" r="938" b="1160" charConfidence="30">f</charParams>
<charParams l="936" t="1122" r="954" b="1154" charConfidence="74">ü</charParams>
<charParams l="956" t="1131" r="971" b="1156" charConfidence="38">r</charParams></formatting></line>
<line baseline="1218" l="182" t="1182" r="971" b="1229"><formatting lang="OldGerman">
<charParams l="182" t="1197" r="195" b="1220" charConfidence="-1">«</charParams>
<charParams l="199" t="1189" r="206" b="1220" charConfidence="66">i</charParams>
<charParams l="209" t="1198" r="227" b="1220" charConfidence="60">n</charParams>
<charParams l="228" t="1188" r="259" b="1222"> </charParams>
<charParams l="260" t="1188" r="293" b="1222" charConfidence="52">G</charParams>
<charParams l="297" t="1192" r="305" b="1223" charConfidence="100">l</charParams>
<charParams l="308" t="1190" r="325" b="1222" charConfidence="32">ü</charParams>
<charParams l="329" t="1200" r="340" b="1222" charConfidence="62">c</charParams>
<charParams l="340" t="1192" r="354" b="1222" charConfidence="35">k</charParams>
<charParams l="361" t="1214" r="370" b="1229" charConfidence="90">,</charParams>
<charParams l="371" t="1192" r="410" b="1229"> </charParams>
<charParams l="411" t="1192" r="427" b="1222" charConfidence="44">d</charParams>
<charParams l="431" t="1198" r="446" b="1221" charConfidence="100">a</charParams>
<charParams l="450" t="1189" r="466" b="1227" charConfidence="57">ß</charParams>
<charParams l="467" t="1189" r="498" b="1227"> </charParams>
<charParams l="499" t="1196" r="524" b="1219" charConfidence="52">w</charParams>
<charParams l="529" t="1189" r="537" b="1220" charConfidence="93">i</charParams>
<charParams l="541" t="1196" r="555" b="1220" charConfidence="67">r</charParams>
<charParams l="556" t="1185" r="577" b="1228"> </charParams>
<charParams l="578" t="1185" r="595" b="1228" suspicious="1" charConfidence="84">h</charParams>
<charParams l="600" t="1195" r="612" b="1217" charConfidence="100">e</charParams>
<charParams l="615" t="1195" r="632" b="1218" charConfidence="53">u</charParams>
<charParams l="636" t="1192" r="646" b="1218" charConfidence="34">t</charParams>
<charParams l="649" t="1195" r="661" b="1218" charConfidence="28">e</charParams>
<charParams l="662" t="1193" r="683" b="1218"> </charParams>
<charParams l="684" t="1193" r="696" b="1216" charConfidence="25">e</charParams>
<charParams l="701" t="1185" r="708" b="1216" charConfidence="100">i</charParams>
<charParams l="712" t="1192" r="728" b="1215" charConfidence="63">n</charParams>
<charParams l="732" t="1191" r="760" b="1214" charConfidence="100">m</charParams>
<charParams l="764" t="1192" r="779" b="1214" charConfidence="47">a</charParams>
<charParams l="783" t="1183" r="791" b="1214" charConfidence="61">l</charParams>
<charParams l="792" t="1183" r="813" b="1215"> </charParams>
<charParams l="814" t="1191" r="831" b="1215" charConfidence="30">v</charParams>
<charParams l="835" t="1182" r="850" b="1215" charConfidence="22">ö</charParams>
<charParams l="854" t="1183" r="862" b="1214" charConfidence="67">l</charParams>
<charParams l="862" t="1183" r="871" b="1215" charConfidence="35">l</charParams>
<charParams l="874" t="1184" r="882" b="1215" charConfidence="100">i</charParams>
<charParams l="883" t="1187" r="900" b="1223" charConfidence="100">g</charParams>
<charParams l="901" t="1187" r="925" b="1227"> </charParams>
<charParams l="926" t="1192" r="938" b="1227" charConfidence="25">z</charParams>
<charParams l="942" t="1194" r="959" b="1217" charConfidence="34">u</charParams>
<charParams l="962" t="1198" r="971" b="1214" charConfidence="22">¬</charParams></formatting></line>
<line baseline="1282" l="181" t="1244" r="971" b="1293"><formatting lang="OldGerman">
<charParams l="181" t="1250" r="196" b="1289" charConfidence="46">s</charParams>
<charParams l="194" t="1259" r="209" b="1282" charConfidence="100">a</charParams>
<charParams l="213" t="1258" r="241" b="1283" charConfidence="42">m</charParams>
<charParams l="244" t="1260" r="272" b="1284" charConfidence="59">m</charParams>
<charParams l="276" t="1261" r="288" b="1285" charConfidence="45">e</charParams>
<charParams l="291" t="1262" r="308" b="1285" charConfidence="58">n</charParams>
<charParams l="312" t="1259" r="322" b="1286" charConfidence="83">t</charParams>
<charParams l="325" t="1261" r="338" b="1286" charConfidence="92">r</charParams>
<charParams l="341" t="1261" r="353" b="1285" charConfidence="29">e</charParams>
<charParams l="356" t="1253" r="379" b="1293" charConfidence="100">f</charParams>
<charParams l="356" t="1253" r="379" b="1293" charConfidence="100">f</charParams>
<charParams l="379" t="1262" r="391" b="1285" charConfidence="77">e</charParams>
<charParams l="393" t="1261" r="411" b="1285" charConfidence="100">n</charParams>
<charParams l="419" t="1275" r="429" b="1292" charConfidence="100">,</charParams>
<charParams l="430" t="1260" r="473" b="1292"> </charParams>
<charParams l="474" t="1260" r="491" b="1284" charConfidence="34">u</charParams>
<charParams l="496" t="1259" r="513" b="1283" charConfidence="30">n</charParams>
<charParams l="516" t="1253" r="532" b="1283" charConfidence="35">d</charParams>
<charParams l="533" t="1252" r="572" b="1283"> </charParams>
<charParams l="573" t="1252" r="588" b="1282" charConfidence="26">d</charParams>
<charParams l="592" t="1258" r="607" b="1281" charConfidence="25">a</charParams>
<charParams l="612" t="1249" r="628" b="1287" charConfidence="28">ß</charParams>
<charParams l="629" t="1249" r="659" b="1287"> </charParams>
<charParams l="660" t="1250" r="676" b="1279" charConfidence="26">d</charParams>
<charParams l="680" t="1248" r="688" b="1279" charConfidence="27">i</charParams>
<charParams l="691" t="1255" r="702" b="1279" charConfidence="25">e</charParams>
<charParams l="706" t="1247" r="719" b="1286" charConfidence="47">s</charParams>
<charParams l="717" t="1255" r="730" b="1278" charConfidence="38">e</charParams>
<charParams l="731" t="1244" r="761" b="1279"> </charParams>
<charParams l="762" t="1244" r="797" b="1279" charConfidence="33">N</charParams>
<charParams l="801" t="1254" r="816" b="1277" charConfidence="40">a</charParams>
<charParams l="820" t="1251" r="830" b="1278" charConfidence="53">t</charParams>
<charParams l="834" t="1255" r="849" b="1279" charConfidence="32">u</charParams>
<charParams l="853" t="1255" r="867" b="1279" charConfidence="100">r</charParams>
<charParams l="868" t="1255" r="878" b="1279"> </charParams>
<charParams l="879" t="1259" r="889" b="1275" charConfidence="100">-</charParams>
<charParams l="890" t="1257" r="911" b="1280"> </charParams>
<charParams l="912" t="1257" r="930" b="1280" charConfidence="58">u</charParams>
<charParams l="933" t="1256" r="951" b="1280" charConfidence="30">n</charParams>
<charParams l="954" t="1250" r="971" b="1280" charConfidence="27">d</charParams></formatting></line>
<line baseline="1344" l="182" t="1310" r="972" b="1355"><formatting lang="OldGerman">
<charParams l="182" t="1310" r="223" b="1345" charConfidence="43">W</charParams>
<charParams l="227" t="1322" r="242" b="1344" charConfidence="54">a</charParams>
<charParams l="246" t="1313" r="262" b="1354" charConfidence="100">h</charParams>
<charParams l="267" t="1316" r="275" b="1347" charConfidence="82">l</charParams>
<charParams l="277" t="1324" r="293" b="1347" charConfidence="32">v</charParams>
<charParams l="298" t="1324" r="310" b="1347" charConfidence="40">e</charParams>
<charParams l="313" t="1324" r="326" b="1348" charConfidence="73">r</charParams>
<charParams l="328" t="1323" r="354" b="1348" charConfidence="40">w</charParams>
<charParams l="357" t="1324" r="373" b="1347" charConfidence="51">a</charParams>
<charParams l="377" t="1324" r="394" b="1347" charConfidence="100">n</charParams>
<charParams l="398" t="1318" r="413" b="1347" charConfidence="27">d</charParams>
<charParams l="417" t="1321" r="428" b="1347" charConfidence="53">t</charParams>
<charParams l="430" t="1315" r="444" b="1355" charConfidence="69">s</charParams>
<charParams l="442" t="1316" r="468" b="1354" charConfidence="100">c</charParams>
<charParams l="442" t="1316" r="468" b="1354" suspicious="1" charConfidence="100">h</charParams>
<charParams l="472" t="1321" r="487" b="1346" charConfidence="100">a</charParams>
<charParams l="490" t="1314" r="514" b="1353" charConfidence="77">f</charParams>
<charParams l="490" t="1314" r="514" b="1353" suspicious="1" charConfidence="77">t</charParams>
<charParams l="517" t="1323" r="528" b="1346" charConfidence="100">e</charParams>
<charParams l="532" t="1322" r="549" b="1345" charConfidence="25">n</charParams>
<charParams l="550" t="1321" r="572" b="1345"> </charParams>
<charParams l="573" t="1321" r="590" b="1345" charConfidence="100">u</charParams>
<charParams l="593" t="1320" r="610" b="1343" charConfidence="48">n</charParams>
<charParams l="615" t="1317" r="625" b="1343" charConfidence="27">t</charParams>
<charParams l="628" t="1320" r="639" b="1343" charConfidence="26">e</charParams>
<charParams l="642" t="1319" r="655" b="1342" charConfidence="100">r</charParams>
<charParams l="656" t="1318" r="678" b="1342"> </charParams>
<charParams l="679" t="1318" r="696" b="1341" charConfidence="27">u</charParams>
<charParams l="700" t="1318" r="717" b="1341" charConfidence="90">n</charParams>
<charParams l="719" t="1313" r="737" b="1341" charConfidence="69">s</charParams>
<charParams l="738" t="1313" r="761" b="1341"> </charParams>
<charParams l="762" t="1317" r="774" b="1340" charConfidence="72">e</charParams>
<charParams l="778" t="1310" r="786" b="1340" charConfidence="100">i</charParams>
<charParams l="789" t="1318" r="806" b="1340" charConfidence="56">n</charParams>
<charParams l="811" t="1318" r="823" b="1341" charConfidence="47">e</charParams>
<charParams l="824" t="1318" r="840" b="1342"> </charParams>
<charParams l="841" t="1319" r="858" b="1342" charConfidence="59">v</charParams>
<charParams l="863" t="1319" r="874" b="1342" charConfidence="28">e</charParams>
<charParams l="877" t="1319" r="891" b="1343" charConfidence="46">r</charParams>
<charParams l="895" t="1316" r="904" b="1342" charConfidence="27">t</charParams>
<charParams l="907" t="1320" r="920" b="1343" charConfidence="53">r</charParams>
<charParams l="923" t="1320" r="938" b="1343" charConfidence="36">a</charParams>
<charParams l="942" t="1320" r="959" b="1344" charConfidence="58">u</charParams>
<charParams l="963" t="1323" r="972" b="1339" charConfidence="22">¬</charParams></formatting></line>
<line baseline="1406" l="182" t="1369" r="973" b="1419"><formatting lang="OldGerman">
<charParams l="182" t="1375" r="191" b="1405" charConfidence="40">l</charParams>
<charParams l="194" t="1374" r="203" b="1405" charConfidence="100">i</charParams>
<charParams l="205" t="1374" r="232" b="1411" charConfidence="81">c</charParams>
<charParams l="205" t="1374" r="232" b="1411" charConfidence="81">h</charParams>
<charParams l="236" t="1383" r="250" b="1406" charConfidence="26">e</charParams>
<charParams l="251" t="1375" r="283" b="1411"> </charParams>
<charParams l="284" t="1375" r="328" b="1411" charConfidence="28">M</charParams>
<charParams l="332" t="1378" r="339" b="1410" charConfidence="100">i</charParams>
<charParams l="343" t="1383" r="353" b="1410" charConfidence="55">t</charParams>
<charParams l="356" t="1383" r="366" b="1409" charConfidence="100">t</charParams>
<charParams l="369" t="1376" r="386" b="1419" charConfidence="68">h</charParams>
<charParams l="390" t="1386" r="402" b="1409" charConfidence="34">e</charParams>
<charParams l="405" t="1379" r="413" b="1409" charConfidence="100">i</charParams>
<charParams l="417" t="1378" r="425" b="1410" charConfidence="43">l</charParams>
<charParams l="427" t="1386" r="444" b="1410" charConfidence="57">u</charParams>
<charParams l="448" t="1385" r="464" b="1411" charConfidence="31">n</charParams>
<charParams l="467" t="1386" r="484" b="1418" charConfidence="39">g</charParams>
<charParams l="485" t="1376" r="508" b="1418"> </charParams>
<charParams l="509" t="1376" r="525" b="1410" charConfidence="39">b</charParams>
<charParams l="529" t="1385" r="540" b="1409" charConfidence="26">e</charParams>
<charParams l="544" t="1376" r="556" b="1416" charConfidence="50">s</charParams>
<charParams l="554" t="1376" r="580" b="1415" charConfidence="66">c</charParams>
<charParams l="554" t="1376" r="580" b="1415" charConfidence="66">h</charParams>
<charParams l="585" t="1375" r="593" b="1406" charConfidence="92">l</charParams>
<charParams l="596" t="1382" r="608" b="1407" charConfidence="26">e</charParams>
<charParams l="610" t="1382" r="627" b="1406" charConfidence="43">u</charParams>
<charParams l="631" t="1381" r="647" b="1405" charConfidence="94">n</charParams>
<charParams l="652" t="1374" r="659" b="1404" charConfidence="38">i</charParams>
<charParams l="662" t="1381" r="679" b="1412" charConfidence="26">g</charParams>
<charParams l="683" t="1381" r="694" b="1404" charConfidence="30">e</charParams>
<charParams l="698" t="1380" r="715" b="1403" charConfidence="52">n</charParams>
<charParams l="719" t="1394" r="727" b="1406" charConfidence="100">.</charParams>
<charParams l="728" t="1369" r="771" b="1411"> </charParams>
<charParams l="772" t="1369" r="802" b="1411" suspicious="1" charConfidence="29">Z</charParams>
<charParams l="806" t="1373" r="833" b="1413" charConfidence="85">c</charParams>
<charParams l="806" t="1373" r="833" b="1413" suspicious="1" charConfidence="85">h</charParams>
<charParams l="834" t="1373" r="857" b="1413"> </charParams>
<charParams l="858" t="1381" r="885" b="1406" charConfidence="52">w</charParams>
<charParams l="888" t="1375" r="896" b="1405" charConfidence="88">i</charParams>
<charParams l="901" t="1375" r="909" b="1406" charConfidence="25">l</charParams>
<charParams l="909" t="1375" r="918" b="1406" charConfidence="58">l</charParams>
<charParams l="919" t="1375" r="940" b="1406"> </charParams>
<charParams l="941" t="1383" r="954" b="1406" charConfidence="68">e</charParams>
<charParams l="957" t="1376" r="973" b="1406" charConfidence="100">S</charParams></formatting></line>
<line baseline="1469" l="182" t="1434" r="973" b="1479"><formatting lang="OldGerman">
<charParams l="182" t="1443" r="198" b="1466" charConfidence="24">a</charParams>
<charParams l="203" t="1435" r="212" b="1467" charConfidence="69">l</charParams>
<charParams l="214" t="1434" r="227" b="1473" charConfidence="82">s</charParams>
<charParams l="225" t="1444" r="240" b="1467" charConfidence="31">o</charParams>
<charParams l="241" t="1444" r="271" b="1469"> </charParams>
<charParams l="272" t="1445" r="289" b="1469" charConfidence="34">n</charParams>
<charParams l="294" t="1447" r="310" b="1471" charConfidence="42">u</charParams>
<charParams l="314" t="1447" r="328" b="1472" charConfidence="30">r</charParams>
<charParams l="329" t="1447" r="346" b="1479"> </charParams>
<charParams l="347" t="1448" r="368" b="1479" charConfidence="22">g</charParams>
<charParams l="372" t="1448" r="384" b="1471" charConfidence="25">e</charParams>
<charParams l="387" t="1441" r="407" b="1479" charConfidence="33">s</charParams>
<charParams l="387" t="1441" r="407" b="1479" charConfidence="33">t</charParams>
<charParams l="409" t="1449" r="422" b="1471" charConfidence="26">e</charParams>
<charParams l="424" t="1439" r="445" b="1479" charConfidence="25">h</charParams>
<charParams l="446" t="1449" r="457" b="1472" charConfidence="27">e</charParams>
<charParams l="460" t="1448" r="478" b="1472" charConfidence="100">n</charParams>
<charParams l="485" t="1462" r="497" b="1478" charConfidence="100">,</charParams>
<charParams l="498" t="1441" r="533" b="1478"> </charParams>
<charParams l="534" t="1441" r="550" b="1471" charConfidence="28">d</charParams>
<charParams l="554" t="1447" r="569" b="1469" charConfidence="27">a</charParams>
<charParams l="572" t="1437" r="588" b="1475" charConfidence="40">ß</charParams>
<charParams l="589" t="1436" r="612" b="1475"> </charParams>
<charParams l="613" t="1436" r="620" b="1467" charConfidence="100">i</charParams>
<charParams l="624" t="1435" r="651" b="1474" charConfidence="77">c</charParams>
<charParams l="624" t="1435" r="651" b="1474" charConfidence="77">h</charParams>
<charParams l="652" t="1435" r="675" b="1474"> </charParams>
<charParams l="676" t="1435" r="689" b="1473" charConfidence="80">s</charParams>
<charParams l="688" t="1443" r="700" b="1467" charConfidence="48">e</charParams>
<charParams l="703" t="1435" r="711" b="1466" charConfidence="65">i</charParams>
<charParams l="714" t="1439" r="726" b="1468" charConfidence="77">t</charParams>
<charParams l="727" t="1437" r="748" b="1468"> </charParams>
<charParams l="749" t="1437" r="764" b="1467" charConfidence="29">d</charParams>
<charParams l="769" t="1436" r="777" b="1468" charConfidence="32">i</charParams>
<charParams l="780" t="1445" r="792" b="1468" charConfidence="100">e</charParams>
<charParams l="796" t="1436" r="808" b="1474" charConfidence="100">s</charParams>
<charParams l="807" t="1445" r="818" b="1469" charConfidence="26">e</charParams>
<charParams l="822" t="1444" r="850" b="1468" charConfidence="55">m</charParams>
<charParams l="851" t="1435" r="875" b="1469"> </charParams>
<charParams l="876" t="1435" r="911" b="1469" charConfidence="34">N</charParams>
<charParams l="914" t="1445" r="929" b="1468" charConfidence="100">a</charParams>
<charParams l="933" t="1435" r="959" b="1471" charConfidence="67">c</charParams>
<charParams l="933" t="1435" r="959" b="1471" charConfidence="67">h</charParams>
<charParams l="962" t="1442" r="973" b="1463" charConfidence="22">-</charParams></formatting></line></par>
</text>
</block>
</page>
</document>