﻿<?xml version="1.0" encoding="UTF-8" standalone="yes"?>
<document xmlns="http://www.abbyy.com/FineReader_xml/FineReader10-schema-v1.xml" version="1.0" producer="ABBYY FineReader Engine 11" languages="" xmlns:xsi="http://www.w3.org/2001/XMLSchema-instance" xsi:schemaLocation="http://www.abbyy.com/FineReader_xml/FineReader10-schema-v1.xml http://www.abbyy.com/FineReader_xml/FineReader10-schema-v1.xml">
<page width="1156" height="1782" resolution="300" originalCoords="1">
<block blockType="Text" blockName="">
<text>
<par startIndent="144">
<line baseline="98" l="564" t="58" r="606" b="91"><formatting lang="OldGerman">
<charParams l="564" t="59" r="585" b="90" charConfidence="100">9</charParams>
<charParams l="587" t="58" r="606" b="82" charConfidence="46">2</charParams></formatting></line></par>
</text>
</block>
<block blockType="Text" blockName="">
<text>
<par align="Justified" startIndent="161" lineSpacing="1440">
<line baseline="193" l="197" t="122" r="972" b="209"><formatting lang="OldGerman">
<charParams l="197" t="156" r="228" b="182" charConfidence="26">M</charParams>
<charParams l="229" t="159" r="238" b="181" charConfidence="100">i</charParams>
<charParams l="240" t="154" r="267" b="182" charConfidence="46">t</charParams>
<charParams l="240" t="154" r="267" b="182" charConfidence="46">t</charParams>
<charParams l="267" t="158" r="284" b="183" charConfidence="26">a</charParams>
<charParams l="283" t="157" r="303" b="189" charConfidence="26">g</charParams>
<charParams l="304" t="156" r="319" b="181" charConfidence="92">e</charParams>
<charParams l="319" t="154" r="339" b="181"> </charParams>
<charParams l="339" t="154" r="354" b="180" charConfidence="25">e</charParams>
<charParams l="355" t="154" r="373" b="179" charConfidence="43">n</charParams>
<charParams l="375" t="151" r="387" b="180" charConfidence="30">t</charParams>
<charParams l="387" t="147" r="404" b="185" charConfidence="100">s</charParams>
<charParams l="399" t="145" r="428" b="185" charConfidence="28">c</charParams>
<charParams l="399" t="145" r="428" b="185" suspicious="1" charConfidence="28">h</charParams>
<charParams l="428" t="144" r="441" b="176" charConfidence="26">l</charParams>
<charParams l="438" t="151" r="455" b="175" suspicious="1" charConfidence="20">ö</charParams>
<charParams l="456" t="140" r="484" b="177" charConfidence="64">s</charParams>
<charParams l="456" t="140" r="484" b="177" charConfidence="64">s</charParams>
<charParams l="477" t="147" r="492" b="172" charConfidence="14">e</charParams>
<charParams l="492" t="145" r="512" b="170" suspicious="1" charConfidence="-1">&quot;</charParams>
<charParams l="512" t="136" r="534" b="171"> </charParams>
<charParams l="534" t="137" r="552" b="168" suspicious="1" charConfidence="24">b</charParams>
<charParams l="554" t="139" r="564" b="168" suspicious="1" charConfidence="-1">i</charParams>
<charParams l="565" t="145" r="584" b="168" suspicious="1" charConfidence="25">n</charParams>
<charParams l="592" t="158" r="601" b="174" suspicious="1" charConfidence="61">,</charParams>
<charParams l="601" t="135" r="634" b="175"> </charParams>
<charParams l="634" t="136" r="665" b="169" charConfidence="45">O</charParams>
<charParams l="666" t="142" r="691" b="170" charConfidence="49">t</charParams>
<charParams l="666" t="142" r="691" b="170" charConfidence="49">t</charParams>
<charParams l="691" t="138" r="702" b="171" charConfidence="96">i</charParams>
<charParams l="702" t="140" r="714" b="171" charConfidence="25">l</charParams>
<charParams l="714" t="141" r="725" b="171" charConfidence="100">i</charParams>
<charParams l="725" t="147" r="740" b="173" charConfidence="31">e</charParams>
<charParams l="740" t="149" r="760" b="173" charConfidence="37">n</charParams>
<charParams l="760" t="150" r="782" b="184"> </charParams>
<charParams l="782" t="150" r="795" b="184" charConfidence="27">z</charParams>
<charParams l="796" t="151" r="817" b="174" charConfidence="36">u</charParams>
<charParams l="817" t="140" r="838" b="175"> </charParams>
<charParams l="838" t="141" r="855" b="174" charConfidence="25">b</charParams>
<charParams l="857" t="150" r="872" b="176" charConfidence="25">e</charParams>
<charParams l="872" t="150" r="887" b="174" charConfidence="32">r</charParams>
<charParams l="888" t="151" r="906" b="177" charConfidence="25">u</charParams>
<charParams l="907" t="145" r="925" b="183" charConfidence="55">f</charParams>
<charParams l="920" t="155" r="934" b="178" charConfidence="24">e</charParams>
<charParams l="934" t="156" r="954" b="179" charConfidence="26">n</charParams>
<charParams l="961" t="156" r="972" b="180" charConfidence="22">:</charParams></formatting></line>
<line baseline="251" l="196" t="184" r="974" b="266"><formatting lang="OldGerman">
<charParams l="196" t="214" r="214" b="244" charConfidence="26">d</charParams>
<charParams l="215" t="220" r="228" b="243" charConfidence="100">e</charParams>
<charParams l="230" t="219" r="249" b="244" charConfidence="32">n</charParams>
<charParams l="250" t="218" r="270" b="242" charConfidence="64">n</charParams>
<charParams l="270" t="214" r="315" b="244"> </charParams>
<charParams l="315" t="216" r="345" b="240" charConfidence="54">m</charParams>
<charParams l="347" t="217" r="360" b="239" charConfidence="36">e</charParams>
<charParams l="360" t="208" r="371" b="239" charConfidence="100">i</charParams>
<charParams l="372" t="214" r="391" b="239" charConfidence="26">n</charParams>
<charParams l="392" t="214" r="407" b="237" charConfidence="26">e</charParams>
<charParams l="407" t="200" r="441" b="238"> </charParams>
<charParams l="442" t="201" r="459" b="234" charConfidence="23">b</charParams>
<charParams l="461" t="201" r="471" b="232" charConfidence="100">i</charParams>
<charParams l="472" t="202" r="488" b="231" charConfidence="-1">s</charParams>
<charParams l="488" t="196" r="509" b="238" charConfidence="26">h</charParams>
<charParams l="510" t="204" r="524" b="229" charConfidence="24">e</charParams>
<charParams l="526" t="203" r="540" b="228" charConfidence="29">r</charParams>
<charParams l="541" t="198" r="551" b="227" charConfidence="100">i</charParams>
<charParams l="551" t="202" r="569" b="235" charConfidence="26">g</charParams>
<charParams l="571" t="205" r="586" b="227" charConfidence="39">e</charParams>
<charParams l="587" t="199" r="624" b="229"> </charParams>
<charParams l="624" t="201" r="636" b="229" charConfidence="54">t</charParams>
<charParams l="637" t="205" r="651" b="229" charConfidence="34">r</charParams>
<charParams l="652" t="206" r="665" b="230" charConfidence="30">e</charParams>
<charParams l="667" t="208" r="685" b="231" charConfidence="25">u</charParams>
<charParams l="687" t="207" r="702" b="232" charConfidence="26">e</charParams>
<charParams l="703" t="200" r="742" b="235"> </charParams>
<charParams l="742" t="201" r="777" b="236" charConfidence="31">B</charParams>
<charParams l="778" t="213" r="792" b="236" charConfidence="29">e</charParams>
<charParams l="793" t="204" r="808" b="242" charConfidence="30">s</charParams>
<charParams l="803" t="204" r="833" b="244" charConfidence="26">c</charParams>
<charParams l="803" t="204" r="833" b="244" charConfidence="26">h</charParams>
<charParams l="835" t="206" r="845" b="236" charConfidence="72">l</charParams>
<charParams l="845" t="206" r="855" b="236" charConfidence="100">i</charParams>
<charParams l="856" t="212" r="870" b="237" charConfidence="31">e</charParams>
<charParams l="871" t="204" r="889" b="242" charConfidence="28">ß</charParams>
<charParams l="890" t="212" r="904" b="238" charConfidence="27">e</charParams>
<charParams l="906" t="213" r="919" b="235" charConfidence="25">r</charParams>
<charParams l="921" t="205" r="931" b="236" charConfidence="100">i</charParams>
<charParams l="932" t="214" r="949" b="238" charConfidence="37">n</charParams>
<charParams l="951" t="215" r="973" b="242" charConfidence="24">n</charParams></formatting></line>
<line baseline="310" l="192" t="245" r="974" b="326"><formatting lang="OldGerman">
<charParams l="192" t="278" r="212" b="303" charConfidence="26">u</charParams>
<charParams l="212" t="278" r="231" b="301" charConfidence="32">n</charParams>
<charParams l="233" t="273" r="251" b="302" charConfidence="26">d</charParams>
<charParams l="251" t="274" r="280" b="303"> </charParams>
<charParams l="281" t="284" r="289" b="296" charConfidence="-1">«</charParams>
<charParams l="287" t="264" r="315" b="307" charConfidence="59">H</charParams>
<charParams l="316" t="276" r="332" b="298" charConfidence="24">a</charParams>
<charParams l="334" t="274" r="353" b="298" charConfidence="28">u</charParams>
<charParams l="355" t="269" r="371" b="297" charConfidence="98">s</charParams>
<charParams l="373" t="264" r="393" b="304" charConfidence="24">h</charParams>
<charParams l="393" t="264" r="410" b="295" charConfidence="52">ä</charParams>
<charParams l="412" t="262" r="422" b="293" charConfidence="24">l</charParams>
<charParams l="423" t="265" r="436" b="292" charConfidence="24">t</charParams>
<charParams l="435" t="268" r="449" b="291" charConfidence="23">e</charParams>
<charParams l="450" t="267" r="465" b="290" charConfidence="24">r</charParams>
<charParams l="465" t="259" r="475" b="290" charConfidence="100">i</charParams>
<charParams l="475" t="264" r="495" b="289" charConfidence="27">n</charParams>
<charParams l="496" t="263" r="517" b="288" charConfidence="26">n</charParams>
<charParams l="517" t="262" r="544" b="289"> </charParams>
<charParams l="544" t="263" r="574" b="289" charConfidence="25">w</charParams>
<charParams l="575" t="257" r="584" b="286" charConfidence="100">i</charParams>
<charParams l="585" t="262" r="601" b="287" charConfidence="25">r</charParams>
<charParams l="600" t="258" r="619" b="286" charConfidence="26">d</charParams>
<charParams l="619" t="258" r="649" b="288"> </charParams>
<charParams l="649" t="264" r="667" b="289" charConfidence="28">a</charParams>
<charParams l="668" t="259" r="687" b="290" charConfidence="25">b</charParams>
<charParams l="686" t="265" r="701" b="300" charConfidence="23">z</charParams>
<charParams l="703" t="262" r="713" b="291" charConfidence="100">i</charParams>
<charParams l="714" t="270" r="729" b="293" charConfidence="24">e</charParams>
<charParams l="729" t="262" r="748" b="301" charConfidence="32">h</charParams>
<charParams l="749" t="271" r="765" b="295" charConfidence="26">e</charParams>
<charParams l="765" t="272" r="785" b="295" charConfidence="28">n</charParams>
<charParams l="791" t="286" r="802" b="303" charConfidence="77">,</charParams>
<charParams l="803" t="271" r="842" b="304"> </charParams>
<charParams l="842" t="272" r="870" b="299" charConfidence="23">w</charParams>
<charParams l="871" t="274" r="885" b="297" charConfidence="100">e</charParams>
<charParams l="886" t="269" r="896" b="298" charConfidence="100">i</charParams>
<charParams l="897" t="268" r="907" b="298" charConfidence="28">l</charParams>
<charParams l="907" t="267" r="937" b="307"> </charParams>
<charParams l="937" t="268" r="948" b="307" charConfidence="26">s</charParams>
<charParams l="946" t="269" r="957" b="299" charConfidence="26">i</charParams>
<charParams l="957" t="276" r="973" b="302" charConfidence="24">e</charParams></formatting></line>
<line baseline="372" l="191" t="305" r="972" b="391"><formatting lang="OldGerman">
<charParams l="191" t="327" r="211" b="369" suspicious="1" charConfidence="27">h</charParams>
<charParams l="212" t="337" r="226" b="360" charConfidence="27">e</charParams>
<charParams l="228" t="328" r="238" b="360" charConfidence="100">i</charParams>
<charParams l="239" t="336" r="253" b="359" charConfidence="35">r</charParams>
<charParams l="254" t="335" r="271" b="359" charConfidence="26">a</charParams>
<charParams l="274" t="331" r="287" b="359" charConfidence="25">t</charParams>
<charParams l="286" t="336" r="300" b="358" charConfidence="25">e</charParams>
<charParams l="302" t="333" r="315" b="359" charConfidence="25">t</charParams>
<charParams l="315" t="349" r="322" b="358" charConfidence="100">.</charParams>
<charParams l="323" t="318" r="375" b="359"> </charParams>
<charParams l="375" t="319" r="412" b="353" charConfidence="31">D</charParams>
<charParams l="413" t="321" r="424" b="350" charConfidence="98">i</charParams>
<charParams l="423" t="326" r="437" b="349" charConfidence="25">e</charParams>
<charParams l="438" t="317" r="457" b="355" charConfidence="28">ß</charParams>
<charParams l="457" t="318" r="484" b="356"> </charParams>
<charParams l="484" t="322" r="511" b="349" charConfidence="25">w</charParams>
<charParams l="512" t="315" r="531" b="347" charConfidence="55">ä</charParams>
<charParams l="533" t="325" r="547" b="347" charConfidence="35">r</charParams>
<charParams l="548" t="323" r="562" b="347" charConfidence="25">e</charParams>
<charParams l="562" t="323" r="582" b="347"> </charParams>
<charParams l="582" t="323" r="601" b="348" charConfidence="25">v</charParams>
<charParams l="603" t="324" r="619" b="347" charConfidence="31">o</charParams>
<charParams l="622" t="323" r="642" b="349" charConfidence="25">n</charParams>
<charParams l="642" t="323" r="664" b="350"> </charParams>
<charParams l="664" t="324" r="694" b="350" charConfidence="48">m</charParams>
<charParams l="695" t="327" r="709" b="351" charConfidence="100">e</charParams>
<charParams l="710" t="321" r="720" b="351" charConfidence="27">i</charParams>
<charParams l="721" t="327" r="741" b="353" charConfidence="28">n</charParams>
<charParams l="742" t="330" r="757" b="353" charConfidence="100">e</charParams>
<charParams l="757" t="329" r="773" b="355" charConfidence="28">r</charParams>
<charParams l="773" t="322" r="794" b="357"> </charParams>
<charParams l="794" t="323" r="831" b="358" charConfidence="29">S</charParams>
<charParams l="833" t="335" r="848" b="357" charConfidence="27">e</charParams>
<charParams l="847" t="328" r="859" b="358" charConfidence="47">i</charParams>
<charParams l="859" t="331" r="872" b="360" charConfidence="100">t</charParams>
<charParams l="872" t="336" r="888" b="358" charConfidence="35">e</charParams>
<charParams l="888" t="334" r="910" b="360"> </charParams>
<charParams l="910" t="335" r="931" b="360" charConfidence="24">u</charParams>
<charParams l="932" t="336" r="951" b="360" charConfidence="38">n</charParams>
<charParams l="951" t="331" r="972" b="363" charConfidence="27">d</charParams></formatting></line>
<line baseline="429" l="189" t="363" r="968" b="444"><formatting lang="OldGerman">
<charParams l="189" t="396" r="210" b="422" charConfidence="25">u</charParams>
<charParams l="211" t="394" r="241" b="420" charConfidence="62">m</charParams>
<charParams l="241" t="391" r="279" b="421"> </charParams>
<charParams l="279" t="392" r="309" b="417" charConfidence="62">m</charParams>
<charParams l="310" t="392" r="325" b="415" charConfidence="100">e</charParams>
<charParams l="325" t="383" r="337" b="414" charConfidence="64">i</charParams>
<charParams l="336" t="390" r="356" b="415" charConfidence="99">n</charParams>
<charParams l="357" t="390" r="370" b="413" charConfidence="28">e</charParams>
<charParams l="372" t="385" r="383" b="414" charConfidence="32">t</charParams>
<charParams l="384" t="387" r="410" b="412" charConfidence="24">w</charParams>
<charParams l="411" t="378" r="422" b="409" charConfidence="31">i</charParams>
<charParams l="423" t="377" r="433" b="408" charConfidence="55">l</charParams>
<charParams l="431" t="378" r="443" b="409" charConfidence="71">l</charParams>
<charParams l="443" t="384" r="456" b="408" charConfidence="26">e</charParams>
<charParams l="458" t="383" r="476" b="409" charConfidence="26">n</charParams>
<charParams l="486" t="385" r="497" b="414" charConfidence="48">;</charParams>
<charParams l="497" t="381" r="545" b="415"> </charParams>
<charParams l="546" t="382" r="572" b="408" charConfidence="35">w</charParams>
<charParams l="575" t="384" r="590" b="408" charConfidence="27">a</charParams>
<charParams l="594" t="380" r="611" b="408" charConfidence="100">s</charParams>
<charParams l="612" t="380" r="641" b="409"> </charParams>
<charParams l="642" t="383" r="672" b="409" charConfidence="100">m</charParams>
<charParams l="675" t="378" r="684" b="408" charConfidence="100">i</charParams>
<charParams l="684" t="377" r="714" b="417" charConfidence="54">c</charParams>
<charParams l="684" t="377" r="714" b="417" charConfidence="54">h</charParams>
<charParams l="714" t="378" r="746" b="418"> </charParams>
<charParams l="746" t="386" r="764" b="413" charConfidence="31">u</charParams>
<charParams l="767" t="387" r="797" b="413" charConfidence="32">m</charParams>
<charParams l="797" t="383" r="823" b="416"> </charParams>
<charParams l="823" t="383" r="853" b="417" charConfidence="43">O</charParams>
<charParams l="856" t="390" r="868" b="418" charConfidence="30">t</charParams>
<charParams l="869" t="391" r="881" b="417" charConfidence="30">t</charParams>
<charParams l="883" t="388" r="892" b="417" charConfidence="27">i</charParams>
<charParams l="894" t="387" r="903" b="418" charConfidence="41">l</charParams>
<charParams l="904" t="389" r="915" b="419" charConfidence="100">i</charParams>
<charParams l="915" t="395" r="929" b="419" charConfidence="100">e</charParams>
<charParams l="930" t="397" r="950" b="420" charConfidence="91">n</charParams>
<charParams l="951" t="392" r="968" b="422" charConfidence="100">s</charParams></formatting></line>
<line baseline="489" l="187" t="424" r="966" b="500"><formatting lang="OldGerman">
<charParams l="187" t="453" r="213" b="478" charConfidence="25">w</charParams>
<charParams l="216" t="448" r="226" b="476" charConfidence="26">i</charParams>
<charParams l="228" t="446" r="237" b="477" charConfidence="31">l</charParams>
<charParams l="237" t="444" r="247" b="475" charConfidence="35">l</charParams>
<charParams l="247" t="453" r="260" b="475" charConfidence="30">e</charParams>
<charParams l="262" t="452" r="281" b="477" charConfidence="27">n</charParams>
<charParams l="281" t="442" r="300" b="477"> </charParams>
<charParams l="301" t="442" r="320" b="473" charConfidence="23">b</charParams>
<charParams l="324" t="450" r="336" b="473" charConfidence="25">e</charParams>
<charParams l="338" t="441" r="360" b="481" charConfidence="12">s</charParams>
<charParams l="338" t="441" r="360" b="481" charConfidence="12">t</charParams>
<charParams l="361" t="443" r="370" b="472" charConfidence="100">i</charParams>
<charParams l="373" t="445" r="399" b="471" charConfidence="27">m</charParams>
<charParams l="403" t="445" r="430" b="470" charConfidence="40">m</charParams>
<charParams l="434" t="443" r="445" b="469" charConfidence="56">t</charParams>
<charParams l="452" t="460" r="461" b="473" charConfidence="75">,</charParams>
<charParams l="462" t="438" r="502" b="474"> </charParams>
<charParams l="502" t="439" r="520" b="469" charConfidence="31">d</charParams>
<charParams l="521" t="443" r="538" b="468" charConfidence="27">a</charParams>
<charParams l="541" t="439" r="559" b="469" charConfidence="100">s</charParams>
<charParams l="559" t="440" r="579" b="469"> </charParams>
<charParams l="579" t="443" r="606" b="468" charConfidence="25">w</charParams>
<charParams l="610" t="439" r="619" b="468" charConfidence="100">i</charParams>
<charParams l="620" t="445" r="635" b="468" charConfidence="24">r</charParams>
<charParams l="636" t="439" r="659" b="477" charConfidence="22">s</charParams>
<charParams l="636" t="439" r="659" b="477" charConfidence="22">t</charParams>
<charParams l="659" t="438" r="687" b="477"> </charParams>
<charParams l="687" t="438" r="706" b="469" charConfidence="31">d</charParams>
<charParams l="707" t="447" r="726" b="472" charConfidence="24">u</charParams>
<charParams l="727" t="447" r="747" b="472"> </charParams>
<charParams l="748" t="447" r="768" b="472" charConfidence="30">u</charParams>
<charParams l="770" t="449" r="788" b="472" charConfidence="87">n</charParams>
<charParams l="791" t="445" r="810" b="473" charConfidence="100">s</charParams>
<charParams l="810" t="445" r="829" b="475"> </charParams>
<charParams l="829" t="452" r="848" b="475" charConfidence="27">v</charParams>
<charParams l="851" t="452" r="866" b="477" charConfidence="43">o</charParams>
<charParams l="868" t="451" r="883" b="475" charConfidence="25">r</charParams>
<charParams l="884" t="446" r="896" b="477" charConfidence="34">l</charParams>
<charParams l="896" t="455" r="908" b="476" charConfidence="40">e</charParams>
<charParams l="910" t="447" r="927" b="484" charConfidence="55">s</charParams>
<charParams l="923" t="456" r="934" b="481" charConfidence="26">e</charParams>
<charParams l="937" t="457" r="954" b="480" charConfidence="90">n</charParams>
<charParams l="957" t="473" r="965" b="483" charConfidence="81">.</charParams></formatting></line>
<line baseline="548" l="184" t="481" r="967" b="565"><formatting lang="OldGerman">
<charParams l="184" t="502" r="216" b="543" suspicious="1" charConfidence="-1">I</charParams>
<charParams l="215" t="504" r="245" b="542" suspicious="1" charConfidence="28">c</charParams>
<charParams l="215" t="504" r="245" b="542" suspicious="1" charConfidence="28">h</charParams>
<charParams l="244" t="505" r="266" b="542"> </charParams>
<charParams l="266" t="508" r="293" b="534" charConfidence="23">w</charParams>
<charParams l="296" t="503" r="307" b="533" charConfidence="100">i</charParams>
<charParams l="309" t="501" r="319" b="532" charConfidence="33">l</charParams>
<charParams l="317" t="501" r="328" b="531" charConfidence="40">l</charParams>
<charParams l="328" t="501" r="349" b="532"> </charParams>
<charParams l="349" t="502" r="366" b="531" charConfidence="26">d</charParams>
<charParams l="369" t="500" r="378" b="532" charConfidence="28">i</charParams>
<charParams l="379" t="507" r="395" b="531" charConfidence="45">r</charParams>
<charParams l="395" t="504" r="417" b="532"> </charParams>
<charParams l="417" t="505" r="436" b="530" charConfidence="26">n</charParams>
<charParams l="437" t="499" r="447" b="530" charConfidence="100">i</charParams>
<charParams l="447" t="496" r="476" b="536" charConfidence="26">c</charParams>
<charParams l="447" t="496" r="476" b="536" charConfidence="26">h</charParams>
<charParams l="478" t="501" r="492" b="529" charConfidence="34">t</charParams>
<charParams l="492" t="496" r="512" b="529"> </charParams>
<charParams l="512" t="496" r="523" b="528" charConfidence="100">i</charParams>
<charParams l="523" t="504" r="543" b="528" charConfidence="33">n</charParams>
<charParams l="544" t="499" r="562" b="527" suspicious="1" charConfidence="100">s</charParams>
<charParams l="562" t="493" r="579" b="527"> </charParams>
<charParams l="579" t="493" r="615" b="528" charConfidence="26">B</charParams>
<charParams l="616" t="497" r="628" b="528" charConfidence="34">l</charParams>
<charParams l="627" t="506" r="645" b="527" charConfidence="26">a</charParams>
<charParams l="646" t="501" r="658" b="529" charConfidence="29">t</charParams>
<charParams l="659" t="502" r="672" b="529" charConfidence="59">t</charParams>
<charParams l="672" t="497" r="686" b="535"> </charParams>
<charParams l="686" t="497" r="702" b="536" charConfidence="45">s</charParams>
<charParams l="697" t="506" r="713" b="529" charConfidence="26">e</charParams>
<charParams l="713" t="496" r="732" b="538" charConfidence="45">h</charParams>
<charParams l="733" t="506" r="749" b="530" charConfidence="30">e</charParams>
<charParams l="747" t="506" r="769" b="531" charConfidence="53">n</charParams>
<charParams l="776" t="523" r="786" b="537" charConfidence="91">,</charParams>
<charParams l="787" t="508" r="809" b="538"> </charParams>
<charParams l="809" t="509" r="828" b="534" charConfidence="38">a</charParams>
<charParams l="829" t="502" r="847" b="534" charConfidence="57">b</charParams>
<charParams l="849" t="511" r="864" b="536" charConfidence="100">e</charParams>
<charParams l="864" t="513" r="880" b="536" charConfidence="25">r</charParams>
<charParams l="880" t="505" r="893" b="542"> </charParams>
<charParams l="893" t="505" r="910" b="543" charConfidence="100">f</charParams>
<charParams l="906" t="516" r="922" b="539" charConfidence="34">r</charParams>
<charParams l="922" t="516" r="935" b="542" charConfidence="26">e</charParams>
<charParams l="936" t="518" r="952" b="548" charConfidence="29">y</charParams>
<charParams l="956" t="522" r="966" b="541" charConfidence="70">,</charParams></formatting></line>
<line baseline="610" l="185" t="543" r="965" b="625"><formatting lang="OldGerman">
<charParams l="185" t="566" r="194" b="598" suspicious="1" charConfidence="100">l</charParams>
<charParams l="195" t="567" r="205" b="599" charConfidence="33">i</charParams>
<charParams l="207" t="563" r="235" b="603" charConfidence="27">c</charParams>
<charParams l="207" t="563" r="235" b="603" suspicious="1" charConfidence="27">h</charParams>
<charParams l="235" t="563" r="257" b="604"> </charParams>
<charParams l="257" t="564" r="267" b="596" charConfidence="27">i</charParams>
<charParams l="269" t="563" r="292" b="603" charConfidence="37">s</charParams>
<charParams l="269" t="563" r="292" b="603" charConfidence="37">t</charParams>
<charParams l="292" t="564" r="312" b="604"> </charParams>
<charParams l="312" t="569" r="342" b="595" charConfidence="100">m</charParams>
<charParams l="344" t="563" r="353" b="593" charConfidence="46">i</charParams>
<charParams l="355" t="570" r="370" b="594" charConfidence="28">r</charParams>
<charParams l="370" t="561" r="391" b="595"> </charParams>
<charParams l="391" t="562" r="408" b="593" charConfidence="26">d</charParams>
<charParams l="410" t="569" r="423" b="591" charConfidence="34">e</charParams>
<charParams l="426" t="568" r="440" b="593" charConfidence="24">r</charParams>
<charParams l="440" t="565" r="452" b="594"> </charParams>
<charParams l="453" t="566" r="457" b="576" suspicious="1" charConfidence="-1">&apos;</charParams>
<charParams l="461" t="557" r="491" b="598" charConfidence="-1">I</charParams>
<charParams l="492" t="566" r="511" b="591" charConfidence="44">n</charParams>
<charParams l="514" t="557" r="532" b="595" charConfidence="44">h</charParams>
<charParams l="533" t="565" r="550" b="588" charConfidence="26">a</charParams>
<charParams l="553" t="558" r="562" b="588" charConfidence="57">l</charParams>
<charParams l="564" t="563" r="576" b="588" charConfidence="34">t</charParams>
<charParams l="576" t="556" r="602" b="594"> </charParams>
<charParams l="602" t="557" r="617" b="594" charConfidence="100">s</charParams>
<charParams l="613" t="556" r="641" b="594" charConfidence="55">c</charParams>
<charParams l="613" t="556" r="641" b="594" charConfidence="55">h</charParams>
<charParams l="644" t="564" r="660" b="589" charConfidence="57">o</charParams>
<charParams l="661" t="565" r="681" b="588" charConfidence="32">n</charParams>
<charParams l="681" t="557" r="703" b="589"> </charParams>
<charParams l="703" t="558" r="721" b="590" charConfidence="37">b</charParams>
<charParams l="723" t="567" r="736" b="590" charConfidence="26">e</charParams>
<charParams l="737" t="559" r="752" b="590" charConfidence="27">k</charParams>
<charParams l="752" t="566" r="769" b="591" charConfidence="39">a</charParams>
<charParams l="771" t="569" r="790" b="594" charConfidence="85">n</charParams>
<charParams l="792" t="570" r="811" b="593" charConfidence="41">n</charParams>
<charParams l="813" t="568" r="824" b="595" charConfidence="49">t</charParams>
<charParams l="826" t="586" r="834" b="594" charConfidence="100">.</charParams>
<charParams l="835" t="564" r="880" b="599"> </charParams>
<charParams l="880" t="565" r="916" b="600" charConfidence="78">D</charParams>
<charParams l="918" t="578" r="934" b="602" charConfidence="31">o</charParams>
<charParams l="935" t="572" r="965" b="611" charConfidence="55">c</charParams>
<charParams l="935" t="572" r="965" b="611" charConfidence="55">h</charParams></formatting></line>
<line baseline="672" l="185" t="601" r="964" b="685"><formatting lang="OldGerman">
<charParams l="185" t="631" r="195" b="661" charConfidence="35">l</charParams>
<charParams l="195" t="632" r="205" b="663" charConfidence="30">i</charParams>
<charParams l="206" t="639" r="221" b="661" charConfidence="100">e</charParams>
<charParams l="221" t="633" r="239" b="662" charConfidence="-1">s</charParams>
<charParams l="239" t="634" r="268" b="662"> </charParams>
<charParams l="268" t="635" r="287" b="659" charConfidence="100">n</charParams>
<charParams l="289" t="635" r="307" b="659" charConfidence="30">u</charParams>
<charParams l="309" t="634" r="325" b="657" charConfidence="27">r</charParams>
<charParams l="332" t="648" r="342" b="664" charConfidence="100">,</charParams>
<charParams l="343" t="625" r="382" b="665"> </charParams>
<charParams l="382" t="626" r="392" b="656" charConfidence="45">l</charParams>
<charParams l="394" t="624" r="403" b="655" charConfidence="42">i</charParams>
<charParams l="404" t="631" r="418" b="655" charConfidence="25">e</charParams>
<charParams l="419" t="626" r="436" b="656" charConfidence="100">s</charParams>
<charParams l="443" t="624" r="453" b="654" charConfidence="22">!</charParams>
<charParams l="453" t="616" r="493" b="655"> </charParams>
<charParams l="493" t="617" r="539" b="654" charConfidence="29">M</charParams>
<charParams l="540" t="620" r="549" b="652" charConfidence="-1">i</charParams>
<charParams l="552" t="622" r="565" b="651" charConfidence="33">t</charParams>
<charParams l="565" t="618" r="595" b="652"> </charParams>
<charParams l="596" t="619" r="612" b="649" charConfidence="27">d</charParams>
<charParams l="616" t="618" r="624" b="649" charConfidence="73">i</charParams>
<charParams l="626" t="626" r="638" b="649" charConfidence="27">e</charParams>
<charParams l="640" t="617" r="656" b="656" charConfidence="37">s</charParams>
<charParams l="651" t="626" r="664" b="649" charConfidence="100">e</charParams>
<charParams l="667" t="626" r="686" b="650" charConfidence="30">n</charParams>
<charParams l="686" t="616" r="709" b="652"> </charParams>
<charParams l="708" t="616" r="752" b="653" charConfidence="32">W</charParams>
<charParams l="751" t="628" r="768" b="653" charConfidence="29">o</charParams>
<charParams l="770" t="629" r="785" b="652" charConfidence="83">r</charParams>
<charParams l="785" t="626" r="798" b="654" charConfidence="40">t</charParams>
<charParams l="799" t="632" r="814" b="655" charConfidence="26">e</charParams>
<charParams l="814" t="630" r="834" b="656" charConfidence="32">n</charParams>
<charParams l="834" t="631" r="855" b="667"> </charParams>
<charParams l="855" t="631" r="869" b="668" charConfidence="62">z</charParams>
<charParams l="870" t="635" r="887" b="658" charConfidence="36">o</charParams>
<charParams l="888" t="636" r="906" b="669" charConfidence="27">g</charParams>
<charParams l="906" t="630" r="929" b="670"> </charParams>
<charParams l="929" t="631" r="950" b="670" charConfidence="29">s</charParams>
<charParams l="929" t="631" r="950" b="670" suspicious="1" charConfidence="29">t</charParams>
<charParams l="948" t="641" r="964" b="666" charConfidence="-1">«</charParams></formatting></line>
<line baseline="734" l="181" t="664" r="961" b="743"><formatting lang="OldGerman">
<charParams l="181" t="699" r="197" b="721" charConfidence="24">e</charParams>
<charParams l="197" t="691" r="207" b="721" charConfidence="100">i</charParams>
<charParams l="209" t="699" r="228" b="722" charConfidence="35">n</charParams>
<charParams l="229" t="698" r="243" b="722" charConfidence="26">e</charParams>
<charParams l="245" t="697" r="264" b="721" charConfidence="23">n</charParams>
<charParams l="264" t="685" r="287" b="722"> </charParams>
<charParams l="287" t="686" r="321" b="722" charConfidence="90">B</charParams>
<charParams l="324" t="695" r="338" b="720" charConfidence="25">r</charParams>
<charParams l="339" t="688" r="348" b="718" charConfidence="33">i</charParams>
<charParams l="349" t="695" r="364" b="719" charConfidence="33">e</charParams>
<charParams l="365" t="685" r="381" b="726" charConfidence="87">f</charParams>
<charParams l="381" t="685" r="397" b="726"> </charParams>
<charParams l="397" t="685" r="417" b="726" suspicious="1" charConfidence="27">h</charParams>
<charParams l="419" t="695" r="433" b="718" charConfidence="35">e</charParams>
<charParams l="434" t="693" r="448" b="718" charConfidence="38">r</charParams>
<charParams l="450" t="693" r="467" b="716" charConfidence="100">v</charParams>
<charParams l="470" t="692" r="485" b="717" charConfidence="47">o</charParams>
<charParams l="488" t="692" r="503" b="716" charConfidence="35">r</charParams>
<charParams l="504" t="690" r="523" b="717"> </charParams>
<charParams l="524" t="691" r="543" b="715" charConfidence="27">u</charParams>
<charParams l="546" t="687" r="562" b="713" charConfidence="57">n</charParams>
<charParams l="565" t="682" r="582" b="712" charConfidence="27">d</charParams>
<charParams l="582" t="683" r="606" b="712"> </charParams>
<charParams l="606" t="687" r="620" b="712" charConfidence="31">r</charParams>
<charParams l="622" t="688" r="634" b="712" charConfidence="25">e</charParams>
<charParams l="637" t="680" r="646" b="711" charConfidence="100">i</charParams>
<charParams l="647" t="678" r="677" b="718" charConfidence="57">c</charParams>
<charParams l="647" t="678" r="677" b="718" charConfidence="57">h</charParams>
<charParams l="679" t="683" r="691" b="711" charConfidence="27">t</charParams>
<charParams l="691" t="688" r="704" b="710" charConfidence="25">e</charParams>
<charParams l="705" t="681" r="724" b="712"> </charParams>
<charParams l="724" t="682" r="732" b="712" charConfidence="100">i</charParams>
<charParams l="733" t="681" r="754" b="722" charConfidence="66">h</charParams>
<charParams l="755" t="689" r="773" b="714" charConfidence="36">n</charParams>
<charParams l="774" t="681" r="795" b="717"> </charParams>
<charParams l="795" t="682" r="824" b="718" charConfidence="26">E</charParams>
<charParams l="825" t="687" r="842" b="717" charConfidence="29">d</charParams>
<charParams l="844" t="693" r="861" b="720" charConfidence="32">u</charParams>
<charParams l="864" t="696" r="880" b="719" charConfidence="28">a</charParams>
<charParams l="883" t="696" r="897" b="721" charConfidence="26">r</charParams>
<charParams l="899" t="691" r="915" b="721" charConfidence="27">d</charParams>
<charParams l="917" t="697" r="931" b="723" charConfidence="26">e</charParams>
<charParams l="932" t="699" r="940" b="722" suspicious="1" charConfidence="100">i</charParams>
<charParams l="942" t="700" r="951" b="722" charConfidence="-1">»</charParams>
<charParams l="949" t="716" r="960" b="725" charConfidence="55">.</charParams></formatting></line></par>
</text>
</block>
<block blockType="Separator" blockName="">
<separator type="Black" thickness="5"><start x="516" y="994"/><end x="667" y="994"/>
</separator>
</block>
</page>
</document>