﻿<?xml version="1.0" encoding="UTF-8" standalone="yes"?>
<document xmlns="http://www.abbyy.com/FineReader_xml/FineReader10-schema-v1.xml" version="1.0" producer="ABBYY FineReader Engine 11" languages="" xmlns:xsi="http://www.w3.org/2001/XMLSchema-instance" xsi:schemaLocation="http://www.abbyy.com/FineReader_xml/FineReader10-schema-v1.xml http://www.abbyy.com/FineReader_xml/FineReader10-schema-v1.xml">
<page width="1156" height="1782" resolution="300" originalCoords="1">
<block blockType="Text" blockName="">
<text>
<par startIndent="144">
<line baseline="94" l="571" t="59" r="616" b="93"><formatting lang="OldGerman">
<charParams l="571" t="59" r="592" b="93" suspicious="1" charConfidence="-1">-</charParams>
<charParams l="594" t="62" r="616" b="91" charConfidence="83">4</charParams></formatting></line></par>
</text>
</block>
<block blockType="Text" blockName="">
<text>
<par align="Justified" startIndent="670" lineSpacing="1416">
<line baseline="178" l="209" t="137" r="986" b="189"><formatting lang="OldGerman">
<charParams l="209" t="151" r="222" b="184" charConfidence="22">z</charParams>
<charParams l="227" t="152" r="242" b="175" charConfidence="100">u</charParams>
<charParams l="245" t="152" r="261" b="183" charConfidence="25">g</charParams>
<charParams l="266" t="148" r="273" b="177" charConfidence="37">l</charParams>
<charParams l="277" t="152" r="288" b="177" charConfidence="25">e</charParams>
<charParams l="292" t="145" r="299" b="175" charConfidence="32">i</charParams>
<charParams l="302" t="144" r="329" b="183" charConfidence="46">c</charParams>
<charParams l="302" t="144" r="329" b="183" charConfidence="46">h</charParams>
<charParams l="330" t="144" r="368" b="183"> </charParams>
<charParams l="369" t="144" r="384" b="175" charConfidence="36">d</charParams>
<charParams l="388" t="151" r="403" b="175" charConfidence="26">a</charParams>
<charParams l="407" t="147" r="423" b="175" charConfidence="100">s</charParams>
<charParams l="424" t="140" r="461" b="175"> </charParams>
<charParams l="462" t="140" r="491" b="173" charConfidence="34">V</charParams>
<charParams l="494" t="148" r="506" b="170" charConfidence="78">e</charParams>
<charParams l="509" t="147" r="522" b="170" charConfidence="38">r</charParams>
<charParams l="522" t="147" r="539" b="178" charConfidence="26">g</charParams>
<charParams l="543" t="147" r="559" b="171" charConfidence="39">n</charParams>
<charParams l="563" t="139" r="580" b="173" charConfidence="43">ü</charParams>
<charParams l="582" t="149" r="599" b="180" charConfidence="28">g</charParams>
<charParams l="603" t="148" r="614" b="173" charConfidence="34">e</charParams>
<charParams l="618" t="148" r="636" b="173" charConfidence="26">n</charParams>
<charParams l="637" t="148" r="672" b="174"> </charParams>
<charParams l="673" t="150" r="690" b="174" charConfidence="68">a</charParams>
<charParams l="693" t="151" r="710" b="175" charConfidence="56">u</charParams>
<charParams l="714" t="148" r="728" b="174" charConfidence="100">s</charParams>
<charParams l="732" t="145" r="747" b="177" charConfidence="100">d</charParams>
<charParams l="751" t="152" r="763" b="176" charConfidence="77">r</charParams>
<charParams l="766" t="143" r="783" b="176" charConfidence="35">ü</charParams>
<charParams l="786" t="144" r="810" b="176" charConfidence="22">c</charParams>
<charParams l="786" t="144" r="810" b="176" charConfidence="22">k</charParams>
<charParams l="812" t="146" r="823" b="175" charConfidence="36">t</charParams>
<charParams l="824" t="142" r="861" b="175"> </charParams>
<charParams l="862" t="142" r="877" b="172" charConfidence="100">d</charParams>
<charParams l="880" t="150" r="896" b="173" charConfidence="33">a</charParams>
<charParams l="900" t="146" r="916" b="174" charConfidence="100">s</charParams>
<charParams l="917" t="146" r="950" b="185"> </charParams>
<charParams l="951" t="147" r="971" b="185" charConfidence="51">s</charParams>
<charParams l="951" t="147" r="971" b="185" charConfidence="51">i</charParams>
<charParams l="971" t="156" r="986" b="179" charConfidence="45">e</charParams></formatting></line>
<line baseline="239" l="209" t="197" r="984" b="246"><formatting lang="OldGerman">
<charParams l="209" t="206" r="226" b="238" charConfidence="26">ü</charParams>
<charParams l="231" t="206" r="245" b="238" charConfidence="61">b</charParams>
<charParams l="249" t="215" r="260" b="237" charConfidence="98">e</charParams>
<charParams l="264" t="214" r="278" b="237" charConfidence="23">r</charParams>
<charParams l="279" t="213" r="315" b="237"> </charParams>
<charParams l="316" t="213" r="328" b="237" charConfidence="26">e</charParams>
<charParams l="332" t="206" r="339" b="237" charConfidence="-1">i</charParams>
<charParams l="342" t="213" r="359" b="237" charConfidence="34">n</charParams>
<charParams l="360" t="204" r="392" b="242"> </charParams>
<charParams l="393" t="204" r="406" b="242" charConfidence="29">s</charParams>
<charParams l="403" t="211" r="418" b="235" charConfidence="29">o</charParams>
<charParams l="419" t="209" r="452" b="240"> </charParams>
<charParams l="453" t="210" r="470" b="240" charConfidence="26">g</charParams>
<charParams l="474" t="202" r="482" b="232" charConfidence="45">l</charParams>
<charParams l="484" t="200" r="500" b="231" charConfidence="22">ü</charParams>
<charParams l="504" t="200" r="528" b="231" charConfidence="22">c</charParams>
<charParams l="504" t="200" r="528" b="231" charConfidence="22">k</charParams>
<charParams l="531" t="202" r="540" b="232" charConfidence="43">l</charParams>
<charParams l="543" t="203" r="550" b="233" charConfidence="37">i</charParams>
<charParams l="554" t="202" r="580" b="242" charConfidence="71">c</charParams>
<charParams l="554" t="202" r="580" b="242" charConfidence="71">h</charParams>
<charParams l="584" t="211" r="596" b="234" charConfidence="30">e</charParams>
<charParams l="599" t="206" r="615" b="234" charConfidence="-1">s</charParams>
<charParams l="616" t="200" r="645" b="236"> </charParams>
<charParams l="646" t="200" r="679" b="236" charConfidence="25">G</charParams>
<charParams l="682" t="213" r="695" b="236" charConfidence="60">e</charParams>
<charParams l="698" t="206" r="705" b="235" charConfidence="43">l</charParams>
<charParams l="709" t="205" r="716" b="237" charConfidence="69">i</charParams>
<charParams l="719" t="213" r="736" b="236" charConfidence="100">n</charParams>
<charParams l="738" t="214" r="755" b="245" charConfidence="55">g</charParams>
<charParams l="759" t="214" r="771" b="237" charConfidence="92">e</charParams>
<charParams l="773" t="214" r="792" b="237" charConfidence="68">n</charParams>
<charParams l="793" t="213" r="821" b="237"> </charParams>
<charParams l="822" t="213" r="835" b="236" charConfidence="31">e</charParams>
<charParams l="836" t="203" r="864" b="235" suspicious="1" charConfidence="-1">m</charParams>
<charParams l="868" t="211" r="883" b="241" charConfidence="100">p</charParams>
<charParams l="887" t="201" r="905" b="242" charConfidence="22">f</charParams>
<charParams l="887" t="201" r="905" b="242" charConfidence="22">i</charParams>
<charParams l="909" t="211" r="926" b="234" charConfidence="27">n</charParams>
<charParams l="929" t="205" r="944" b="234" charConfidence="28">d</charParams>
<charParams l="948" t="213" r="959" b="236" charConfidence="27">e</charParams>
<charParams l="963" t="211" r="974" b="237" charConfidence="27">t</charParams>
<charParams l="973" t="229" r="984" b="244" charConfidence="68">,</charParams></formatting></line>
<line baseline="299" l="207" t="258" r="983" b="310"><formatting lang="OldGerman">
<charParams l="207" t="273" r="233" b="298" charConfidence="25">w</charParams>
<charParams l="237" t="268" r="245" b="297" charConfidence="29">i</charParams>
<charParams l="248" t="274" r="260" b="297" charConfidence="32">r</charParams>
<charParams l="263" t="268" r="279" b="298" charConfidence="29">d</charParams>
<charParams l="280" t="265" r="300" b="303"> </charParams>
<charParams l="301" t="265" r="331" b="303" charConfidence="22">I</charParams>
<charParams l="333" t="265" r="350" b="306" charConfidence="43">h</charParams>
<charParams l="354" t="274" r="371" b="297" charConfidence="84">n</charParams>
<charParams l="375" t="274" r="387" b="296" charConfidence="36">e</charParams>
<charParams l="390" t="273" r="407" b="296" charConfidence="34">n</charParams>
<charParams l="408" t="270" r="429" b="304"> </charParams>
<charParams l="430" t="271" r="443" b="304" charConfidence="38">z</charParams>
<charParams l="446" t="270" r="462" b="293" charConfidence="100">u</charParams>
<charParams l="466" t="269" r="479" b="292" charConfidence="53">r</charParams>
<charParams l="480" t="260" r="502" b="292"> </charParams>
<charParams l="503" t="260" r="535" b="292" charConfidence="28">B</charParams>
<charParams l="539" t="271" r="551" b="293" charConfidence="26">e</charParams>
<charParams l="554" t="271" r="567" b="293" charConfidence="100">r</charParams>
<charParams l="570" t="271" r="586" b="295" charConfidence="39">u</charParams>
<charParams l="590" t="263" r="606" b="306" charConfidence="31">h</charParams>
<charParams l="611" t="265" r="618" b="295" charConfidence="75">i</charParams>
<charParams l="620" t="273" r="637" b="304" charConfidence="30">g</charParams>
<charParams l="641" t="273" r="657" b="297" charConfidence="38">u</charParams>
<charParams l="660" t="273" r="677" b="296" charConfidence="100">n</charParams>
<charParams l="679" t="274" r="696" b="305" charConfidence="26">g</charParams>
<charParams l="706" t="287" r="716" b="304" charConfidence="99">,</charParams>
<charParams l="717" t="267" r="749" b="305"> </charParams>
<charParams l="750" t="268" r="760" b="304" charConfidence="42">j</charParams>
<charParams l="763" t="275" r="779" b="298" charConfidence="100">a</charParams>
<charParams l="780" t="274" r="801" b="307"> </charParams>
<charParams l="802" t="274" r="814" b="307" charConfidence="27">z</charParams>
<charParams l="818" t="274" r="834" b="298" charConfidence="100">u</charParams>
<charParams l="838" t="274" r="851" b="297" charConfidence="42">r</charParams>
<charParams l="852" t="262" r="873" b="301"> </charParams>
<charParams l="874" t="262" r="897" b="302" charConfidence="39">F</charParams>
<charParams l="900" t="272" r="912" b="294" charConfidence="31">r</charParams>
<charParams l="915" t="272" r="928" b="294" charConfidence="25">e</charParams>
<charParams l="930" t="272" r="947" b="295" charConfidence="26">u</charParams>
<charParams l="951" t="266" r="966" b="294" charConfidence="30">d</charParams>
<charParams l="970" t="275" r="983" b="297" charConfidence="27">e</charParams></formatting></line>
<line baseline="359" l="204" t="319" r="982" b="368"><formatting lang="OldGerman">
<charParams l="204" t="334" r="221" b="363" charConfidence="33">g</charParams>
<charParams l="225" t="334" r="237" b="355" charConfidence="32">e</charParams>
<charParams l="240" t="334" r="253" b="357" charConfidence="64">r</charParams>
<charParams l="255" t="333" r="267" b="357" charConfidence="26">e</charParams>
<charParams l="270" t="327" r="279" b="356" charConfidence="56">i</charParams>
<charParams l="281" t="326" r="307" b="362" charConfidence="100">c</charParams>
<charParams l="281" t="326" r="307" b="362" charConfidence="100">h</charParams>
<charParams l="311" t="335" r="323" b="356" charConfidence="44">e</charParams>
<charParams l="326" t="334" r="343" b="356" charConfidence="43">n</charParams>
<charParams l="346" t="348" r="355" b="357" charConfidence="85">.</charParams>
<charParams l="356" t="323" r="399" b="357"> </charParams>
<charParams l="400" t="323" r="434" b="356" charConfidence="41">D</charParams>
<charParams l="438" t="325" r="445" b="354" charConfidence="100">i</charParams>
<charParams l="448" t="331" r="462" b="353" charConfidence="66">e</charParams>
<charParams l="463" t="330" r="482" b="353"> </charParams>
<charParams l="483" t="330" r="511" b="353" charConfidence="72">m</charParams>
<charParams l="515" t="332" r="526" b="354" charConfidence="26">e</charParams>
<charParams l="530" t="322" r="537" b="355" charConfidence="100">i</charParams>
<charParams l="540" t="332" r="557" b="355" charConfidence="100">n</charParams>
<charParams l="561" t="325" r="569" b="355" charConfidence="33">i</charParams>
<charParams l="571" t="332" r="587" b="364" charConfidence="61">g</charParams>
<charParams l="591" t="333" r="604" b="356" charConfidence="26">e</charParams>
<charParams l="605" t="331" r="625" b="357"> </charParams>
<charParams l="626" t="331" r="652" b="357" charConfidence="34">w</charParams>
<charParams l="656" t="325" r="664" b="357" charConfidence="27">i</charParams>
<charParams l="667" t="334" r="679" b="356" charConfidence="34">r</charParams>
<charParams l="682" t="326" r="698" b="357" charConfidence="27">d</charParams>
<charParams l="699" t="326" r="722" b="357"> </charParams>
<charParams l="723" t="329" r="738" b="357" charConfidence="28">d</charParams>
<charParams l="742" t="332" r="757" b="356" charConfidence="57">a</charParams>
<charParams l="761" t="329" r="776" b="356" charConfidence="28">d</charParams>
<charParams l="780" t="333" r="797" b="357" charConfidence="28">u</charParams>
<charParams l="800" t="334" r="814" b="357" charConfidence="100">r</charParams>
<charParams l="815" t="327" r="842" b="364" charConfidence="25">c</charParams>
<charParams l="815" t="327" r="842" b="364" charConfidence="25">h</charParams>
<charParams l="843" t="327" r="866" b="364"> </charParams>
<charParams l="867" t="334" r="879" b="357" charConfidence="38">e</charParams>
<charParams l="882" t="326" r="890" b="356" charConfidence="100">i</charParams>
<charParams l="893" t="332" r="910" b="356" charConfidence="100">n</charParams>
<charParams l="914" t="324" r="921" b="355" charConfidence="100">i</charParams>
<charParams l="923" t="332" r="939" b="364" charConfidence="28">g</charParams>
<charParams l="944" t="333" r="955" b="355" charConfidence="28">e</charParams>
<charParams l="958" t="333" r="971" b="357" charConfidence="100">r</charParams>
<charParams l="972" t="340" r="982" b="354" charConfidence="22">¬</charParams></formatting></line>
<line baseline="419" l="200" t="380" r="979" b="427"><formatting lang="OldGerman">
<charParams l="201" t="392" r="230" b="415" charConfidence="28">m</charParams>
<charParams l="234" t="393" r="249" b="415" charConfidence="35">a</charParams>
<charParams l="252" t="384" r="268" b="422" charConfidence="26">ß</charParams>
<charParams l="272" t="393" r="284" b="415" charConfidence="34">e</charParams>
<charParams l="286" t="393" r="304" b="416" charConfidence="62">n</charParams>
<charParams l="304" t="393" r="334" b="423"> </charParams>
<charParams l="334" t="393" r="352" b="423" charConfidence="74">g</charParams>
<charParams l="354" t="393" r="367" b="416" charConfidence="26">e</charParams>
<charParams l="369" t="392" r="397" b="416" charConfidence="59">m</charParams>
<charParams l="400" t="386" r="409" b="416" charConfidence="30">i</charParams>
<charParams l="412" t="392" r="428" b="416" charConfidence="100">n</charParams>
<charParams l="432" t="386" r="447" b="416" charConfidence="26">d</charParams>
<charParams l="451" t="391" r="462" b="415" charConfidence="27">e</charParams>
<charParams l="466" t="391" r="478" b="415" charConfidence="100">r</charParams>
<charParams l="481" t="387" r="492" b="415" charConfidence="39">t</charParams>
<charParams l="497" t="406" r="508" b="421" charConfidence="93">,</charParams>
<charParams l="508" t="386" r="546" b="421"> </charParams>
<charParams l="547" t="386" r="562" b="415" charConfidence="27">d</charParams>
<charParams l="565" t="391" r="581" b="415" charConfidence="62">a</charParams>
<charParams l="584" t="384" r="601" b="421" charConfidence="28">ß</charParams>
<charParams l="601" t="384" r="630" b="421"> </charParams>
<charParams l="631" t="385" r="640" b="414" charConfidence="31">i</charParams>
<charParams l="641" t="384" r="670" b="420" charConfidence="55">c</charParams>
<charParams l="641" t="384" r="670" b="420" charConfidence="55">h</charParams>
<charParams l="670" t="384" r="698" b="420"> </charParams>
<charParams l="699" t="391" r="717" b="413" charConfidence="100">v</charParams>
<charParams l="720" t="390" r="735" b="412" charConfidence="38">o</charParams>
<charParams l="739" t="390" r="752" b="413" charConfidence="32">r</charParams>
<charParams l="753" t="391" r="769" b="413" charConfidence="83">a</charParams>
<charParams l="772" t="391" r="790" b="414" charConfidence="31">u</charParams>
<charParams l="792" t="389" r="809" b="414" charConfidence="100">s</charParams>
<charParams l="811" t="386" r="825" b="421" charConfidence="33">s</charParams>
<charParams l="823" t="393" r="835" b="414" charConfidence="44">e</charParams>
<charParams l="837" t="384" r="854" b="422" charConfidence="100">h</charParams>
<charParams l="858" t="394" r="871" b="416" charConfidence="28">e</charParams>
<charParams l="878" t="406" r="889" b="422" charConfidence="100">,</charParams>
<charParams l="889" t="390" r="925" b="423"> </charParams>
<charParams l="926" t="391" r="952" b="416" charConfidence="65">w</charParams>
<charParams l="956" t="386" r="963" b="416" charConfidence="100">i</charParams>
<charParams l="965" t="393" r="979" b="417" charConfidence="51">r</charParams></formatting></line>
<line baseline="475" l="199" t="436" r="977" b="481"><formatting lang="OldGerman">
<charParams l="199" t="449" r="226" b="472" charConfidence="52">w</charParams>
<charParams l="229" t="450" r="241" b="472" charConfidence="43">e</charParams>
<charParams l="244" t="450" r="257" b="471" charConfidence="28">r</charParams>
<charParams l="259" t="442" r="275" b="475" charConfidence="26">d</charParams>
<charParams l="278" t="450" r="291" b="472" charConfidence="30">e</charParams>
<charParams l="293" t="450" r="311" b="472" charConfidence="45">n</charParams>
<charParams l="312" t="450" r="340" b="472"> </charParams>
<charParams l="341" t="450" r="358" b="471" charConfidence="34">n</charParams>
<charParams l="362" t="443" r="370" b="471" charConfidence="25">i</charParams>
<charParams l="372" t="443" r="399" b="477" charConfidence="53">c</charParams>
<charParams l="372" t="443" r="399" b="477" charConfidence="53">h</charParams>
<charParams l="403" t="447" r="415" b="471" charConfidence="33">t</charParams>
<charParams l="416" t="443" r="442" b="472"> </charParams>
<charParams l="443" t="444" r="453" b="472" charConfidence="66">l</charParams>
<charParams l="454" t="451" r="469" b="472" charConfidence="41">a</charParams>
<charParams l="473" t="450" r="490" b="471" charConfidence="30">n</charParams>
<charParams l="492" t="451" r="509" b="478" charConfidence="28">g</charParams>
<charParams l="513" t="450" r="527" b="470" charConfidence="44">e</charParams>
<charParams l="528" t="448" r="552" b="470"> </charParams>
<charParams l="553" t="448" r="582" b="471" charConfidence="93">m</charParams>
<charParams l="585" t="448" r="597" b="469" charConfidence="27">e</charParams>
<charParams l="600" t="439" r="617" b="478" charConfidence="72">h</charParams>
<charParams l="621" t="447" r="635" b="469" charConfidence="26">r</charParams>
<charParams l="636" t="439" r="664" b="469"> </charParams>
<charParams l="665" t="439" r="690" b="469" charConfidence="69">U</charParams>
<charParams l="693" t="447" r="706" b="469" charConfidence="34">r</charParams>
<charParams l="709" t="440" r="722" b="476" charConfidence="26">s</charParams>
<charParams l="718" t="446" r="735" b="468" charConfidence="84">a</charParams>
<charParams l="738" t="441" r="764" b="475" charConfidence="62">c</charParams>
<charParams l="738" t="441" r="764" b="475" charConfidence="62">h</charParams>
<charParams l="768" t="449" r="783" b="470" charConfidence="26">e</charParams>
<charParams l="784" t="440" r="810" b="478"> </charParams>
<charParams l="811" t="440" r="828" b="478" suspicious="1" charConfidence="99">h</charParams>
<charParams l="832" t="448" r="847" b="470" charConfidence="27">a</charParams>
<charParams l="850" t="441" r="867" b="471" charConfidence="26">b</charParams>
<charParams l="869" t="449" r="883" b="471" charConfidence="57">e</charParams>
<charParams l="884" t="449" r="903" b="473" charConfidence="37">n</charParams>
<charParams l="904" t="450" r="933" b="475"> </charParams>
<charParams l="934" t="452" r="946" b="475" charConfidence="34">e</charParams>
<charParams l="950" t="445" r="957" b="475" charConfidence="100">i</charParams>
<charParams l="960" t="454" r="977" b="478" charConfidence="24">n</charParams></formatting></line>
<line baseline="531" l="196" t="488" r="974" b="542"><formatting lang="OldGerman">
<charParams l="196" t="499" r="210" b="537" charConfidence="100">s</charParams>
<charParams l="207" t="506" r="223" b="529" charConfidence="37">o</charParams>
<charParams l="224" t="503" r="245" b="529"> </charParams>
<charParams l="246" t="503" r="273" b="529" charConfidence="38">w</charParams>
<charParams l="276" t="505" r="289" b="528" charConfidence="38">e</charParams>
<charParams l="291" t="498" r="300" b="527" charConfidence="41">i</charParams>
<charParams l="302" t="501" r="314" b="528" charConfidence="55">t</charParams>
<charParams l="315" t="501" r="333" b="528"> </charParams>
<charParams l="334" t="505" r="352" b="527" charConfidence="37">v</charParams>
<charParams l="355" t="505" r="370" b="527" charConfidence="34">o</charParams>
<charParams l="373" t="503" r="387" b="527" charConfidence="39">r</charParams>
<charParams l="386" t="505" r="404" b="534" charConfidence="26">g</charParams>
<charParams l="408" t="505" r="420" b="526" charConfidence="51">e</charParams>
<charParams l="422" t="497" r="437" b="533" charConfidence="30">s</charParams>
<charParams l="433" t="497" r="460" b="533" charConfidence="78">c</charParams>
<charParams l="433" t="497" r="460" b="533" suspicious="1" charConfidence="78">h</charParams>
<charParams l="464" t="504" r="477" b="526" charConfidence="45">r</charParams>
<charParams l="479" t="497" r="488" b="526" charConfidence="28">i</charParams>
<charParams l="490" t="501" r="501" b="526" charConfidence="48">t</charParams>
<charParams l="504" t="502" r="515" b="526" charConfidence="24">t</charParams>
<charParams l="516" t="499" r="528" b="526" charConfidence="25">e</charParams>
<charParams l="531" t="503" r="548" b="526" charConfidence="32">n</charParams>
<charParams l="551" t="504" r="565" b="526" charConfidence="25">e</charParams>
<charParams l="566" t="499" r="583" b="527" charConfidence="100">s</charParams>
<charParams l="584" t="491" r="600" b="531"> </charParams>
<charParams l="601" t="491" r="625" b="531" charConfidence="22">F</charParams>
<charParams l="627" t="504" r="639" b="526" charConfidence="62">r</charParams>
<charParams l="641" t="504" r="657" b="525" charConfidence="28">a</charParams>
<charParams l="661" t="504" r="677" b="526" charConfidence="94">u</charParams>
<charParams l="681" t="505" r="693" b="526" charConfidence="34">e</charParams>
<charParams l="696" t="505" r="713" b="526" charConfidence="26">n</charParams>
<charParams l="715" t="504" r="727" b="536" charConfidence="40">z</charParams>
<charParams l="731" t="497" r="739" b="528" charConfidence="100">i</charParams>
<charParams l="742" t="504" r="769" b="528" charConfidence="75">m</charParams>
<charParams l="773" t="504" r="801" b="528" charConfidence="45">m</charParams>
<charParams l="805" t="506" r="816" b="529" charConfidence="27">e</charParams>
<charParams l="819" t="506" r="833" b="528" charConfidence="100">r</charParams>
<charParams l="834" t="500" r="849" b="530"> </charParams>
<charParams l="850" t="500" r="866" b="530" charConfidence="30">b</charParams>
<charParams l="869" t="508" r="881" b="531" charConfidence="35">e</charParams>
<charParams l="884" t="508" r="900" b="541" charConfidence="30">y</charParams>
<charParams l="901" t="509" r="918" b="541"> </charParams>
<charParams l="919" t="511" r="935" b="536" charConfidence="26">u</charParams>
<charParams l="940" t="513" r="954" b="537" charConfidence="35">n</charParams>
<charParams l="959" t="511" r="974" b="539" charConfidence="100">s</charParams></formatting></line>
<line baseline="592" l="194" t="551" r="974" b="604"><formatting lang="OldGerman">
<charParams l="194" t="564" r="209" b="599" charConfidence="25">z</charParams>
<charParams l="210" t="566" r="229" b="589" charConfidence="36">u</charParams>
<charParams l="230" t="566" r="244" b="589" charConfidence="63">r</charParams>
<charParams l="246" t="556" r="264" b="590" charConfidence="25">ü</charParams>
<charParams l="266" t="557" r="292" b="588" charConfidence="22">c</charParams>
<charParams l="266" t="557" r="292" b="588" charConfidence="22">k</charParams>
<charParams l="292" t="557" r="314" b="597"> </charParams>
<charParams l="314" t="564" r="327" b="597" charConfidence="25">z</charParams>
<charParams l="328" t="565" r="347" b="588" charConfidence="25">u</charParams>
<charParams l="347" t="554" r="370" b="594"> </charParams>
<charParams l="370" t="554" r="388" b="594" suspicious="1" charConfidence="74">h</charParams>
<charParams l="391" t="563" r="408" b="586" charConfidence="54">a</charParams>
<charParams l="410" t="555" r="419" b="587" charConfidence="59">l</charParams>
<charParams l="420" t="559" r="431" b="586" charConfidence="27">t</charParams>
<charParams l="433" t="561" r="447" b="586" charConfidence="24">e</charParams>
<charParams l="448" t="562" r="466" b="586" charConfidence="36">n</charParams>
<charParams l="469" t="578" r="477" b="586" charConfidence="59">.</charParams>
<charParams l="478" t="553" r="508" b="592"> </charParams>
<charParams l="508" t="553" r="538" b="592" charConfidence="22">I</charParams>
<charParams l="540" t="554" r="569" b="592" charConfidence="56">c</charParams>
<charParams l="540" t="554" r="569" b="592" charConfidence="56">h</charParams>
<charParams l="569" t="554" r="593" b="593"> </charParams>
<charParams l="593" t="562" r="606" b="586" charConfidence="30">e</charParams>
<charParams l="608" t="562" r="636" b="586" charConfidence="62">m</charParams>
<charParams l="638" t="563" r="656" b="592" charConfidence="81">p</charParams>
<charParams l="658" t="555" r="674" b="593" charConfidence="29">f</charParams>
<charParams l="672" t="564" r="684" b="586" charConfidence="41">e</charParams>
<charParams l="687" t="555" r="704" b="595" charConfidence="45">h</charParams>
<charParams l="708" t="556" r="717" b="586" charConfidence="27">l</charParams>
<charParams l="718" t="564" r="732" b="586" charConfidence="28">e</charParams>
<charParams l="732" t="563" r="755" b="588"> </charParams>
<charParams l="755" t="564" r="784" b="588" charConfidence="100">m</charParams>
<charParams l="787" t="558" r="796" b="588" charConfidence="100">i</charParams>
<charParams l="798" t="559" r="825" b="596" charConfidence="100">c</charParams>
<charParams l="798" t="559" r="825" b="596" charConfidence="100">h</charParams>
<charParams l="825" t="559" r="842" b="599"> </charParams>
<charParams l="842" t="567" r="855" b="599" charConfidence="24">z</charParams>
<charParams l="857" t="569" r="875" b="592" charConfidence="26">u</charParams>
<charParams l="875" t="559" r="890" b="593"> </charParams>
<charParams l="890" t="559" r="924" b="594" charConfidence="26">G</charParams>
<charParams l="927" t="573" r="943" b="597" charConfidence="52">n</charParams>
<charParams l="947" t="573" r="962" b="599" charConfidence="24">a</charParams>
<charParams l="964" t="579" r="973" b="596" charConfidence="22">¬</charParams></formatting></line>
<line baseline="653" l="196" t="611" r="970" b="662"><formatting lang="OldGerman">
<charParams l="196" t="621" r="211" b="650" charConfidence="26">d</charParams>
<charParams l="215" t="629" r="227" b="651" charConfidence="24">e</charParams>
<charParams l="230" t="628" r="248" b="651" charConfidence="100">n</charParams>
<charParams l="249" t="626" r="279" b="652"> </charParams>
<charParams l="280" t="627" r="297" b="651" charConfidence="34">u</charParams>
<charParams l="301" t="627" r="318" b="650" charConfidence="54">n</charParams>
<charParams l="322" t="622" r="337" b="650" charConfidence="25">d</charParams>
<charParams l="338" t="622" r="371" b="650"> </charParams>
<charParams l="372" t="626" r="389" b="649" charConfidence="100">n</charParams>
<charParams l="393" t="626" r="405" b="649" charConfidence="31">e</charParams>
<charParams l="408" t="615" r="424" b="659" charConfidence="65">h</charParams>
<charParams l="428" t="624" r="455" b="648" charConfidence="100">m</charParams>
<charParams l="459" t="624" r="471" b="646" charConfidence="26">e</charParams>
<charParams l="472" t="623" r="501" b="646"> </charParams>
<charParams l="502" t="623" r="530" b="646" charConfidence="100">m</charParams>
<charParams l="534" t="617" r="542" b="646" charConfidence="100">i</charParams>
<charParams l="545" t="623" r="558" b="647" charConfidence="86">r</charParams>
<charParams l="559" t="616" r="590" b="648"> </charParams>
<charParams l="591" t="617" r="606" b="646" charConfidence="28">d</charParams>
<charParams l="610" t="616" r="617" b="646" charConfidence="100">i</charParams>
<charParams l="621" t="624" r="633" b="647" charConfidence="62">e</charParams>
<charParams l="634" t="614" r="665" b="653"> </charParams>
<charParams l="666" t="614" r="689" b="653" charConfidence="100">F</charParams>
<charParams l="691" t="624" r="703" b="647" charConfidence="24">r</charParams>
<charParams l="706" t="625" r="718" b="646" charConfidence="100">e</charParams>
<charParams l="721" t="624" r="736" b="655" charConfidence="22">y</charParams>
<charParams l="741" t="616" r="757" b="656" charConfidence="69">h</charParams>
<charParams l="760" t="625" r="773" b="648" charConfidence="25">e</charParams>
<charParams l="777" t="618" r="784" b="647" charConfidence="100">i</charParams>
<charParams l="788" t="623" r="798" b="648" charConfidence="54">t</charParams>
<charParams l="799" t="623" r="829" b="650"> </charParams>
<charParams l="830" t="627" r="847" b="650" charConfidence="26">n</charParams>
<charParams l="850" t="620" r="865" b="650" charConfidence="55">ä</charParams>
<charParams l="868" t="622" r="894" b="660" charConfidence="55">c</charParams>
<charParams l="868" t="622" r="894" b="660" charConfidence="55">h</charParams>
<charParams l="899" t="624" r="918" b="662" charConfidence="32">s</charParams>
<charParams l="899" t="624" r="918" b="662" charConfidence="32">t</charParams>
<charParams l="920" t="633" r="932" b="656" charConfidence="25">e</charParams>
<charParams l="935" t="634" r="952" b="658" charConfidence="28">n</charParams>
<charParams l="952" t="632" r="970" b="660" charConfidence="51">s</charParams></formatting></line>
<line baseline="713" l="194" t="673" r="970" b="720"><formatting lang="OldGerman">
<charParams l="194" t="688" r="221" b="711" charConfidence="100">m</charParams>
<charParams l="225" t="689" r="237" b="712" charConfidence="33">e</charParams>
<charParams l="241" t="682" r="249" b="712" charConfidence="30">i</charParams>
<charParams l="251" t="687" r="268" b="713" charConfidence="28">n</charParams>
<charParams l="272" t="689" r="285" b="711" charConfidence="36">e</charParams>
<charParams l="286" t="676" r="315" b="712"> </charParams>
<charParams l="316" t="676" r="348" b="712" charConfidence="24">G</charParams>
<charParams l="352" t="688" r="364" b="710" charConfidence="30">e</charParams>
<charParams l="367" t="682" r="382" b="710" charConfidence="26">d</charParams>
<charParams l="386" t="686" r="400" b="709" charConfidence="100">a</charParams>
<charParams l="405" t="686" r="422" b="710" charConfidence="26">n</charParams>
<charParams l="426" t="677" r="438" b="708" charConfidence="26">k</charParams>
<charParams l="440" t="686" r="452" b="709" charConfidence="100">e</charParams>
<charParams l="455" t="685" r="473" b="709" charConfidence="30">n</charParams>
<charParams l="474" t="675" r="508" b="709"> </charParams>
<charParams l="509" t="675" r="526" b="708" charConfidence="25">ü</charParams>
<charParams l="531" t="676" r="545" b="708" charConfidence="29">b</charParams>
<charParams l="550" t="684" r="561" b="707" charConfidence="35">e</charParams>
<charParams l="565" t="684" r="578" b="708" charConfidence="87">r</charParams>
<charParams l="579" t="679" r="601" b="709"> </charParams>
<charParams l="602" t="679" r="616" b="708" charConfidence="27">d</charParams>
<charParams l="620" t="685" r="635" b="707" charConfidence="54">a</charParams>
<charParams l="640" t="680" r="655" b="708" charConfidence="100">s</charParams>
<charParams l="656" t="680" r="686" b="708"> </charParams>
<charParams l="687" t="685" r="713" b="708" charConfidence="23">w</charParams>
<charParams l="717" t="684" r="731" b="707" charConfidence="25">a</charParams>
<charParams l="736" t="679" r="751" b="707" charConfidence="80">s</charParams>
<charParams l="752" t="679" r="775" b="708"> </charParams>
<charParams l="776" t="679" r="784" b="708" charConfidence="28">i</charParams>
<charParams l="787" t="678" r="814" b="714" charConfidence="59">c</charParams>
<charParams l="787" t="678" r="814" b="714" charConfidence="59">h</charParams>
<charParams l="815" t="678" r="837" b="714"> </charParams>
<charParams l="838" t="688" r="854" b="711" charConfidence="30">a</charParams>
<charParams l="857" t="688" r="885" b="713" charConfidence="64">m</charParams>
<charParams l="886" t="688" r="907" b="716"> </charParams>
<charParams l="908" t="692" r="925" b="716" charConfidence="100">v</charParams>
<charParams l="929" t="695" r="942" b="718" charConfidence="35">o</charParams>
<charParams l="946" t="696" r="959" b="720" charConfidence="46">r</charParams>
<charParams l="961" t="702" r="970" b="717" charConfidence="22">-</charParams></formatting></line>
<line baseline="774" l="191" t="731" r="967" b="785"><formatting lang="OldGerman">
<charParams l="191" t="747" r="203" b="772" charConfidence="36">t</charParams>
<charParams l="206" t="741" r="223" b="780" charConfidence="74">h</charParams>
<charParams l="226" t="750" r="238" b="772" charConfidence="37">e</charParams>
<charParams l="241" t="743" r="249" b="771" charConfidence="100">i</charParams>
<charParams l="253" t="743" r="261" b="772" charConfidence="35">l</charParams>
<charParams l="265" t="740" r="280" b="781" charConfidence="91">h</charParams>
<charParams l="284" t="749" r="299" b="771" charConfidence="29">a</charParams>
<charParams l="302" t="741" r="318" b="778" charConfidence="52">f</charParams>
<charParams l="316" t="746" r="326" b="771" charConfidence="27">t</charParams>
<charParams l="329" t="749" r="340" b="772" charConfidence="26">e</charParams>
<charParams l="344" t="741" r="363" b="779" charConfidence="32">s</charParams>
<charParams l="344" t="741" r="363" b="779" charConfidence="32">t</charParams>
<charParams l="366" t="746" r="378" b="770" charConfidence="55">e</charParams>
<charParams l="381" t="748" r="398" b="770" charConfidence="29">n</charParams>
<charParams l="399" t="737" r="421" b="775"> </charParams>
<charParams l="422" t="738" r="437" b="775" charConfidence="73">f</charParams>
<charParams l="436" t="738" r="452" b="770" charConfidence="100">ü</charParams>
<charParams l="456" t="746" r="469" b="770" charConfidence="43">r</charParams>
<charParams l="470" t="738" r="491" b="777"> </charParams>
<charParams l="492" t="738" r="511" b="777" charConfidence="54">s</charParams>
<charParams l="492" t="738" r="511" b="777" charConfidence="54">i</charParams>
<charParams l="513" t="747" r="526" b="769" charConfidence="27">e</charParams>
<charParams l="527" t="737" r="549" b="775"> </charParams>
<charParams l="550" t="737" r="566" b="775" suspicious="1" charConfidence="69">h</charParams>
<charParams l="570" t="746" r="585" b="769" charConfidence="100">a</charParams>
<charParams l="590" t="740" r="597" b="769" charConfidence="41">l</charParams>
<charParams l="601" t="743" r="611" b="769" charConfidence="45">t</charParams>
<charParams l="614" t="747" r="626" b="769" charConfidence="77">e</charParams>
<charParams l="633" t="760" r="641" b="774" charConfidence="59">,</charParams>
<charParams l="642" t="745" r="665" b="778"> </charParams>
<charParams l="666" t="745" r="677" b="778" suspicious="1" charConfidence="55">,</charParams>
<charParams l="682" t="745" r="698" b="768" suspicious="1" charConfidence="25">n</charParams>
<charParams l="699" t="744" r="722" b="768"> </charParams>
<charParams l="723" t="744" r="736" b="768" charConfidence="27">e</charParams>
<charParams l="738" t="745" r="752" b="768" charConfidence="44">r</charParams>
<charParams l="754" t="737" r="768" b="768" charConfidence="22">ö</charParams>
<charParams l="772" t="735" r="795" b="775" charConfidence="91">f</charParams>
<charParams l="772" t="735" r="795" b="775" charConfidence="91">f</charParams>
<charParams l="795" t="747" r="810" b="769" charConfidence="23">n</charParams>
<charParams l="816" t="748" r="827" b="770" charConfidence="28">e</charParams>
<charParams l="830" t="748" r="847" b="771" charConfidence="28">n</charParams>
<charParams l="850" t="764" r="858" b="772" charConfidence="79">.</charParams>
<charParams l="859" t="745" r="898" b="778"> </charParams>
<charParams l="899" t="746" r="928" b="778" suspicious="1" charConfidence="24">V</charParams>
<charParams l="932" t="757" r="945" b="780" suspicious="1" charConfidence="55">,</charParams>
<charParams l="949" t="758" r="967" b="783" suspicious="1" charConfidence="0">n</charParams></formatting></line>
<line baseline="835" l="191" t="793" r="923" b="844"><formatting lang="OldGerman">
<charParams l="191" t="800" r="218" b="832" charConfidence="68">O</charParams>
<charParams l="222" t="807" r="231" b="832" charConfidence="54">t</charParams>
<charParams l="235" t="806" r="244" b="832" charConfidence="37">t</charParams>
<charParams l="248" t="802" r="255" b="832" charConfidence="100">i</charParams>
<charParams l="259" t="801" r="266" b="833" charConfidence="72">l</charParams>
<charParams l="270" t="801" r="277" b="832" charConfidence="100">i</charParams>
<charParams l="281" t="809" r="291" b="832" charConfidence="26">e</charParams>
<charParams l="295" t="809" r="313" b="832" charConfidence="29">n</charParams>
<charParams l="314" t="800" r="344" b="838"> </charParams>
<charParams l="345" t="800" r="358" b="838" charConfidence="44">s</charParams>
<charParams l="356" t="800" r="382" b="838" charConfidence="100">c</charParams>
<charParams l="356" t="800" r="382" b="838" charConfidence="100">h</charParams>
<charParams l="385" t="808" r="398" b="831" charConfidence="100">r</charParams>
<charParams l="401" t="808" r="413" b="830" charConfidence="62">e</charParams>
<charParams l="416" t="799" r="423" b="831" charConfidence="100">i</charParams>
<charParams l="427" t="798" r="442" b="830" charConfidence="49">b</charParams>
<charParams l="446" t="804" r="457" b="831" charConfidence="68">t</charParams>
<charParams l="458" t="804" r="478" b="831"> </charParams>
<charParams l="479" t="806" r="507" b="829" charConfidence="44">m</charParams>
<charParams l="511" t="807" r="523" b="830" charConfidence="29">e</charParams>
<charParams l="526" t="800" r="534" b="830" charConfidence="27">i</charParams>
<charParams l="537" t="806" r="554" b="830" charConfidence="25">n</charParams>
<charParams l="555" t="798" r="576" b="836"> </charParams>
<charParams l="577" t="798" r="592" b="837" charConfidence="30">f</charParams>
<charParams l="591" t="807" r="604" b="830" charConfidence="54">r</charParams>
<charParams l="607" t="807" r="619" b="830" charConfidence="53">e</charParams>
<charParams l="622" t="807" r="638" b="830" charConfidence="100">u</charParams>
<charParams l="642" t="806" r="659" b="830" charConfidence="38">n</charParams>
<charParams l="663" t="801" r="677" b="829" charConfidence="26">d</charParams>
<charParams l="681" t="799" r="689" b="830" charConfidence="29">l</charParams>
<charParams l="693" t="798" r="700" b="829" charConfidence="100">i</charParams>
<charParams l="703" t="798" r="729" b="836" charConfidence="55">c</charParams>
<charParams l="703" t="798" r="729" b="836" charConfidence="55">h</charParams>
<charParams l="733" t="805" r="744" b="829" charConfidence="26">e</charParams>
<charParams l="748" t="806" r="762" b="830" charConfidence="30">r</charParams>
<charParams l="763" t="797" r="784" b="832"> </charParams>
<charParams l="785" t="797" r="818" b="832" charConfidence="54">G</charParams>
<charParams l="821" t="809" r="833" b="833" charConfidence="32">e</charParams>
<charParams l="836" t="801" r="852" b="842" charConfidence="100">h</charParams>
<charParams l="856" t="802" r="873" b="835" charConfidence="40">ü</charParams>
<charParams l="877" t="808" r="884" b="836" charConfidence="29">l</charParams>
<charParams l="887" t="803" r="902" b="844" charConfidence="100">f</charParams>
<charParams l="900" t="814" r="912" b="838" charConfidence="36">e</charParams>
<charParams l="913" t="828" r="923" b="839" charConfidence="57">.</charParams></formatting></line></par>
</text>
</block>
<block blockType="Text" blockName="">
<text>
<par align="Center" rightIndent="1300">
<line baseline="962" l="496" t="924" r="714" b="966"><formatting lang="OldGerman">
<charParams l="496" t="924" r="528" b="960" suspicious="1" charConfidence="41">B</charParams>
<charParams l="546" t="933" r="561" b="958" suspicious="1" charConfidence="24">r</charParams>
<charParams l="577" t="924" r="587" b="959" suspicious="1" charConfidence="34">i</charParams>
<charParams l="607" t="934" r="621" b="959" suspicious="1" charConfidence="33">e</charParams>
<charParams l="641" t="926" r="657" b="966" suspicious="1" charConfidence="60">f</charParams>
<charParams l="658" t="926" r="708" b="966"> </charParams>
<charParams l="709" t="929" r="714" b="943" suspicious="1" charConfidence="-1">&apos;</charParams></formatting></line></par>
<par align="Center" rightIndent="400">
<line baseline="1032" l="381" t="999" r="763" b="1035"><formatting lang="OldGerman">
<charParams l="381" t="1001" r="395" b="1024" suspicious="1" charConfidence="26">d</charParams>
<charParams l="396" t="1001" r="414" b="1024"> </charParams>
<charParams l="415" t="1005" r="426" b="1024" suspicious="1" charConfidence="52">-</charParams>
<charParams l="427" t="1000" r="445" b="1024"> </charParams>
<charParams l="446" t="1000" r="461" b="1024" suspicious="1" charConfidence="24">s</charParams>
<charParams l="462" t="1000" r="500" b="1026"> </charParams>
<charParams l="501" t="1001" r="525" b="1026" suspicious="1" charConfidence="22">8</charParams>
<charParams l="526" t="1001" r="546" b="1026"> </charParams>
<charParams l="547" t="1007" r="557" b="1025" suspicious="1" charConfidence="15">e</charParams>
<charParams l="558" t="1001" r="577" b="1025"> </charParams>
<charParams l="578" t="1001" r="586" b="1026" suspicious="1" charConfidence="22">l</charParams>
<charParams l="585" t="1008" r="592" b="1028" charConfidence="-1">&gt;</charParams>
<charParams l="593" t="1008" r="612" b="1028"> </charParams>
<charParams l="613" t="1010" r="619" b="1027" suspicious="1" charConfidence="100">l</charParams>
<charParams l="622" t="1003" r="628" b="1027" charConfidence="-1">i</charParams>
<charParams l="629" t="1003" r="648" b="1028"> </charParams>
<charParams l="649" t="1006" r="658" b="1028" charConfidence="91">l</charParams>
<charParams l="659" t="1005" r="676" b="1032"> </charParams>
<charParams l="677" t="1005" r="688" b="1032" suspicious="1" charConfidence="26">s</charParams>
<charParams l="689" t="1005" r="703" b="1032"> </charParams>
<charParams l="704" t="1012" r="718" b="1031" charConfidence="-1">«</charParams>
<charParams l="719" t="1011" r="737" b="1032"> </charParams>
<charParams l="738" t="1012" r="754" b="1032" suspicious="1" charConfidence="16">n</charParams>
<charParams l="755" t="1026" r="763" b="1035" charConfidence="63">.</charParams></formatting></line></par>
</text>
</block>
<block blockType="Text" blockName="">
<text>
<par startIndent="1824" lineSpacing="1464">
<line baseline="1207" l="241" t="1163" r="957" b="1216"><formatting lang="OldGerman">
<charParams l="242" t="1163" r="271" b="1197" charConfidence="30">V</charParams>
<charParams l="275" t="1172" r="289" b="1197" suspicious="1" charConfidence="88">a</charParams>
<charParams l="293" t="1172" r="311" b="1197" charConfidence="23">n</charParams>
<charParams l="312" t="1164" r="342" b="1197"> </charParams>
<charParams l="343" t="1164" r="370" b="1195" charConfidence="68">O</charParams>
<charParams l="374" t="1168" r="383" b="1196" charConfidence="40">t</charParams>
<charParams l="386" t="1168" r="397" b="1196" charConfidence="44">t</charParams>
<charParams l="400" t="1165" r="407" b="1196" charConfidence="100">i</charParams>
<charParams l="411" t="1166" r="419" b="1198" charConfidence="41">l</charParams>
<charParams l="421" t="1166" r="429" b="1197" charConfidence="100">i</charParams>
<charParams l="433" t="1174" r="445" b="1197" charConfidence="29">e</charParams>
<charParams l="447" t="1174" r="464" b="1199" charConfidence="100">n</charParams>
<charParams l="465" t="1169" r="497" b="1201"> </charParams>
<charParams l="498" t="1169" r="508" b="1201" charConfidence="95">l</charParams>
<charParams l="510" t="1168" r="524" b="1201" charConfidence="22">ä</charParams>
<charParams l="528" t="1168" r="545" b="1208" charConfidence="31">ß</charParams>
<charParams l="548" t="1173" r="560" b="1202" charConfidence="83">t</charParams>
<charParams l="561" t="1173" r="580" b="1203"> </charParams>
<charParams l="581" t="1176" r="609" b="1203" suspicious="1" charConfidence="32">M</charParams>
<charParams l="614" t="1171" r="621" b="1202" charConfidence="100">i</charParams>
<charParams l="623" t="1172" r="651" b="1210" charConfidence="55">c</charParams>
<charParams l="623" t="1172" r="651" b="1210" suspicious="1" charConfidence="55">h</charParams>
<charParams l="651" t="1172" r="673" b="1210"> </charParams>
<charParams l="674" t="1181" r="691" b="1206" charConfidence="24">u</charParams>
<charParams l="695" t="1182" r="712" b="1206" charConfidence="48">n</charParams>
<charParams l="716" t="1175" r="730" b="1214" charConfidence="27">s</charParams>
<charParams l="727" t="1183" r="740" b="1208" charConfidence="100">r</charParams>
<charParams l="742" t="1184" r="755" b="1207" charConfidence="24">e</charParams>
<charParams l="756" t="1184" r="778" b="1208"> </charParams>
<charParams l="779" t="1184" r="792" b="1208" charConfidence="27">e</charParams>
<charParams l="793" t="1175" r="811" b="1215" charConfidence="100">h</charParams>
<charParams l="814" t="1183" r="828" b="1207" charConfidence="87">r</charParams>
<charParams l="829" t="1181" r="855" b="1207" charConfidence="45">w</charParams>
<charParams l="858" t="1174" r="875" b="1207" charConfidence="25">ü</charParams>
<charParams l="879" t="1183" r="891" b="1206" charConfidence="40">r</charParams>
<charParams l="894" t="1176" r="910" b="1206" charConfidence="27">d</charParams>
<charParams l="914" t="1176" r="921" b="1205" charConfidence="100">i</charParams>
<charParams l="923" t="1184" r="939" b="1214" charConfidence="57">g</charParams>
<charParams l="942" t="1187" r="957" b="1209" charConfidence="31">e</charParams></formatting></line>
<line baseline="1267" l="177" t="1223" r="953" b="1279"><formatting lang="OldGerman">
<charParams l="177" t="1228" r="206" b="1261" charConfidence="84">V</charParams>
<charParams l="211" t="1237" r="224" b="1260" charConfidence="38">o</charParams>
<charParams l="228" t="1236" r="240" b="1259" charConfidence="69">r</charParams>
<charParams l="243" t="1227" r="261" b="1268" charConfidence="29">s</charParams>
<charParams l="243" t="1227" r="261" b="1268" charConfidence="29">t</charParams>
<charParams l="265" t="1235" r="277" b="1258" charConfidence="39">e</charParams>
<charParams l="281" t="1224" r="297" b="1267" charConfidence="26">h</charParams>
<charParams l="302" t="1234" r="313" b="1257" charConfidence="24">e</charParams>
<charParams l="316" t="1234" r="329" b="1257" charConfidence="26">r</charParams>
<charParams l="333" t="1226" r="340" b="1256" charConfidence="100">i</charParams>
<charParams l="343" t="1234" r="359" b="1257" charConfidence="37">n</charParams>
<charParams l="364" t="1234" r="381" b="1257" charConfidence="26">n</charParams>
<charParams l="382" t="1227" r="412" b="1265"> </charParams>
<charParams l="413" t="1227" r="426" b="1266" charConfidence="48">s</charParams>
<charParams l="424" t="1228" r="450" b="1266" charConfidence="55">c</charParams>
<charParams l="424" t="1228" r="450" b="1266" charConfidence="55">h</charParams>
<charParams l="454" t="1236" r="467" b="1261" charConfidence="31">r</charParams>
<charParams l="469" t="1238" r="482" b="1261" charConfidence="25">e</charParams>
<charParams l="485" t="1231" r="493" b="1262" charConfidence="28">i</charParams>
<charParams l="496" t="1230" r="511" b="1262" charConfidence="59">b</charParams>
<charParams l="515" t="1240" r="527" b="1264" charConfidence="28">e</charParams>
<charParams l="530" t="1240" r="549" b="1264" charConfidence="27">n</charParams>
<charParams l="557" t="1255" r="567" b="1271" charConfidence="68">,</charParams>
<charParams l="568" t="1238" r="615" b="1272"> </charParams>
<charParams l="616" t="1239" r="627" b="1266" charConfidence="45">t</charParams>
<charParams l="630" t="1234" r="646" b="1277" charConfidence="62">h</charParams>
<charParams l="650" t="1244" r="662" b="1267" charConfidence="28">e</charParams>
<charParams l="666" t="1236" r="673" b="1266" charConfidence="100">i</charParams>
<charParams l="677" t="1237" r="685" b="1268" charConfidence="53">l</charParams>
<charParams l="688" t="1240" r="703" b="1267" charConfidence="100">s</charParams>
<charParams l="704" t="1240" r="734" b="1268"> </charParams>
<charParams l="735" t="1244" r="761" b="1269" charConfidence="31">w</charParams>
<charParams l="765" t="1246" r="777" b="1268" charConfidence="25">e</charParams>
<charParams l="780" t="1239" r="787" b="1268" charConfidence="100">i</charParams>
<charParams l="791" t="1238" r="800" b="1269" charConfidence="57">l</charParams>
<charParams l="801" t="1238" r="829" b="1269"> </charParams>
<charParams l="830" t="1245" r="842" b="1267" charConfidence="33">e</charParams>
<charParams l="845" t="1240" r="861" b="1267" suspicious="1" charConfidence="100">s</charParams>
<charParams l="862" t="1236" r="897" b="1268"> </charParams>
<charParams l="898" t="1237" r="906" b="1266" charConfidence="100">i</charParams>
<charParams l="910" t="1236" r="926" b="1277" charConfidence="80">h</charParams>
<charParams l="929" t="1245" r="943" b="1268" charConfidence="29">r</charParams>
<charParams l="942" t="1261" r="953" b="1276" charConfidence="80">,</charParams></formatting></line>
<line baseline="1329" l="175" t="1285" r="952" b="1337"><formatting lang="OldGerman">
<charParams l="175" t="1300" r="192" b="1323" charConfidence="53">n</charParams>
<charParams l="196" t="1300" r="211" b="1322" charConfidence="54">a</charParams>
<charParams l="215" t="1290" r="241" b="1328" charConfidence="62">c</charParams>
<charParams l="215" t="1290" r="241" b="1328" charConfidence="62">h</charParams>
<charParams l="242" t="1289" r="263" b="1329"> </charParams>
<charParams l="264" t="1290" r="272" b="1320" charConfidence="100">i</charParams>
<charParams l="276" t="1288" r="292" b="1329" charConfidence="100">h</charParams>
<charParams l="296" t="1297" r="308" b="1320" charConfidence="23">r</charParams>
<charParams l="311" t="1296" r="322" b="1319" charConfidence="25">e</charParams>
<charParams l="326" t="1296" r="339" b="1319" charConfidence="40">r</charParams>
<charParams l="340" t="1286" r="361" b="1320"> </charParams>
<charParams l="362" t="1286" r="391" b="1320" charConfidence="29">A</charParams>
<charParams l="392" t="1296" r="405" b="1319" charConfidence="100">r</charParams>
<charParams l="408" t="1294" r="419" b="1320" charConfidence="35">t</charParams>
<charParams l="420" t="1295" r="440" b="1330"> </charParams>
<charParams l="441" t="1298" r="453" b="1330" charConfidence="55">z</charParams>
<charParams l="457" t="1299" r="474" b="1322" charConfidence="41">u</charParams>
<charParams l="475" t="1294" r="498" b="1323"> </charParams>
<charParams l="499" t="1294" r="514" b="1323" charConfidence="31">d</charParams>
<charParams l="519" t="1301" r="530" b="1324" charConfidence="38">e</charParams>
<charParams l="533" t="1301" r="550" b="1325" charConfidence="100">n</charParams>
<charParams l="554" t="1294" r="566" b="1325" charConfidence="33">k</charParams>
<charParams l="568" t="1302" r="580" b="1328" charConfidence="26">e</charParams>
<charParams l="583" t="1303" r="600" b="1327" suspicious="1" charConfidence="100">n</charParams>
<charParams l="615" t="1318" r="624" b="1333" charConfidence="79">,</charParams>
<charParams l="625" t="1305" r="648" b="1335"> </charParams>
<charParams l="649" t="1305" r="665" b="1335" charConfidence="100">p</charParams>
<charParams l="670" t="1306" r="680" b="1328" charConfidence="31">e</charParams>
<charParams l="685" t="1298" r="692" b="1328" charConfidence="100">i</charParams>
<charParams l="695" t="1306" r="712" b="1328" charConfidence="100">n</charParams>
<charParams l="717" t="1299" r="725" b="1329" charConfidence="55">l</charParams>
<charParams l="728" t="1298" r="735" b="1329" charConfidence="100">i</charParams>
<charParams l="738" t="1298" r="765" b="1334" charConfidence="63">c</charParams>
<charParams l="738" t="1298" r="765" b="1334" charConfidence="63">h</charParams>
<charParams l="766" t="1298" r="787" b="1334"> </charParams>
<charParams l="788" t="1305" r="814" b="1329" charConfidence="61">w</charParams>
<charParams l="817" t="1297" r="834" b="1328" charConfidence="55">ä</charParams>
<charParams l="836" t="1305" r="849" b="1329" charConfidence="100">r</charParams>
<charParams l="851" t="1305" r="864" b="1328" charConfidence="29">e</charParams>
<charParams l="865" t="1299" r="886" b="1328"> </charParams>
<charParams l="887" t="1299" r="902" b="1327" charConfidence="26">d</charParams>
<charParams l="907" t="1306" r="921" b="1327" charConfidence="100">a</charParams>
<charParams l="925" t="1306" r="940" b="1328" charConfidence="100">s</charParams>
<charParams l="942" t="1311" r="952" b="1327" charConfidence="70">,</charParams></formatting></line>
<line baseline="1390" l="172" t="1352" r="950" b="1400"><formatting lang="OldGerman">
<charParams l="172" t="1355" r="181" b="1390" charConfidence="86">j</charParams>
<charParams l="185" t="1362" r="197" b="1384" suspicious="1" charConfidence="35">c</charParams>
<charParams l="199" t="1361" r="217" b="1384" charConfidence="41">n</charParams>
<charParams l="219" t="1354" r="228" b="1383" charConfidence="100">i</charParams>
<charParams l="229" t="1361" r="246" b="1391" charConfidence="59">g</charParams>
<charParams l="249" t="1361" r="263" b="1384" charConfidence="40">e</charParams>
<charParams l="263" t="1358" r="292" b="1384"> </charParams>
<charParams l="292" t="1358" r="319" b="1383" charConfidence="25">w</charParams>
<charParams l="322" t="1359" r="337" b="1381" charConfidence="24">a</charParams>
<charParams l="340" t="1353" r="357" b="1381" charConfidence="-1">s</charParams>
<charParams l="357" t="1353" r="387" b="1390"> </charParams>
<charParams l="387" t="1357" r="399" b="1390" charConfidence="25">z</charParams>
<charParams l="401" t="1358" r="420" b="1382" charConfidence="28">u</charParams>
<charParams l="420" t="1359" r="451" b="1382"> </charParams>
<charParams l="451" t="1359" r="480" b="1382" charConfidence="78">m</charParams>
<charParams l="483" t="1361" r="497" b="1383" charConfidence="46">e</charParams>
<charParams l="498" t="1355" r="507" b="1384" charConfidence="37">l</charParams>
<charParams l="509" t="1356" r="525" b="1384" charConfidence="32">d</charParams>
<charParams l="528" t="1363" r="541" b="1385" charConfidence="43">e</charParams>
<charParams l="542" t="1364" r="562" b="1386" charConfidence="55">n</charParams>
<charParams l="562" t="1356" r="585" b="1387"> </charParams>
<charParams l="585" t="1357" r="595" b="1387" charConfidence="76">i</charParams>
<charParams l="597" t="1357" r="618" b="1395" charConfidence="39">s</charParams>
<charParams l="597" t="1357" r="618" b="1395" charConfidence="39">t</charParams>
<charParams l="618" t="1357" r="640" b="1398"> </charParams>
<charParams l="640" t="1365" r="653" b="1398" suspicious="1" charConfidence="26">z</charParams>
<charParams l="657" t="1366" r="672" b="1388" suspicious="1" charConfidence="23">n</charParams>
<charParams l="673" t="1366" r="697" b="1389"> </charParams>
<charParams l="698" t="1367" r="725" b="1389" charConfidence="100">m</charParams>
<charParams l="729" t="1366" r="741" b="1390" charConfidence="32">e</charParams>
<charParams l="744" t="1360" r="753" b="1389" charConfidence="70">l</charParams>
<charParams l="755" t="1361" r="771" b="1388" charConfidence="30">d</charParams>
<charParams l="774" t="1367" r="786" b="1389" charConfidence="27">e</charParams>
<charParams l="789" t="1367" r="807" b="1389" charConfidence="-1">»</charParams>
<charParams l="816" t="1380" r="825" b="1395" charConfidence="88">,</charParams>
<charParams l="826" t="1363" r="865" b="1395"> </charParams>
<charParams l="865" t="1363" r="875" b="1388" charConfidence="100">t</charParams>
<charParams l="877" t="1356" r="895" b="1397" charConfidence="100">h</charParams>
<charParams l="899" t="1366" r="910" b="1388" charConfidence="26">e</charParams>
<charParams l="913" t="1359" r="921" b="1388" charConfidence="100">i</charParams>
<charParams l="924" t="1360" r="931" b="1389" charConfidence="32">l</charParams>
<charParams l="935" t="1363" r="950" b="1390" charConfidence="100">s</charParams></formatting></line>
<line baseline="1451" l="170" t="1410" r="948" b="1459"><formatting lang="OldGerman">
<charParams l="170" t="1421" r="186" b="1444" charConfidence="25">a</charParams>
<charParams l="190" t="1422" r="206" b="1445" charConfidence="38">u</charParams>
<charParams l="210" t="1414" r="237" b="1453" charConfidence="55">c</charParams>
<charParams l="210" t="1414" r="237" b="1453" charConfidence="55">h</charParams>
<charParams l="238" t="1414" r="268" b="1454"> </charParams>
<charParams l="269" t="1421" r="294" b="1446" charConfidence="52">w</charParams>
<charParams l="298" t="1422" r="310" b="1446" charConfidence="44">e</charParams>
<charParams l="314" t="1414" r="321" b="1445" charConfidence="100">i</charParams>
<charParams l="325" t="1413" r="333" b="1445" charConfidence="50">l</charParams>
<charParams l="334" t="1412" r="362" b="1454"> </charParams>
<charParams l="363" t="1412" r="381" b="1454" charConfidence="82">s</charParams>
<charParams l="363" t="1412" r="381" b="1454" charConfidence="82">i</charParams>
<charParams l="384" t="1420" r="397" b="1444" charConfidence="47">e</charParams>
<charParams l="398" t="1411" r="425" b="1451"> </charParams>
<charParams l="426" t="1412" r="440" b="1451" charConfidence="48">s</charParams>
<charParams l="438" t="1421" r="450" b="1444" charConfidence="27">e</charParams>
<charParams l="453" t="1413" r="461" b="1445" charConfidence="75">l</charParams>
<charParams l="464" t="1412" r="479" b="1445" charConfidence="24">b</charParams>
<charParams l="484" t="1413" r="504" b="1453" charConfidence="31">s</charParams>
<charParams l="484" t="1413" r="504" b="1453" charConfidence="31">t</charParams>
<charParams l="505" t="1413" r="535" b="1453"> </charParams>
<charParams l="536" t="1424" r="549" b="1447" charConfidence="40">e</charParams>
<charParams l="552" t="1418" r="558" b="1448" charConfidence="100">i</charParams>
<charParams l="562" t="1425" r="579" b="1450" charConfidence="47">n</charParams>
<charParams l="583" t="1426" r="594" b="1450" charConfidence="24">e</charParams>
<charParams l="598" t="1426" r="612" b="1451" charConfidence="26">r</charParams>
<charParams l="613" t="1417" r="634" b="1451"> </charParams>
<charParams l="635" t="1417" r="661" b="1451" charConfidence="-1">E</charParams>
<charParams l="664" t="1427" r="681" b="1451" charConfidence="68">n</charParams>
<charParams l="685" t="1426" r="694" b="1450" charConfidence="100">t</charParams>
<charParams l="699" t="1419" r="711" b="1457" charConfidence="25">s</charParams>
<charParams l="709" t="1419" r="735" b="1457" charConfidence="100">c</charParams>
<charParams l="709" t="1419" r="735" b="1457" charConfidence="100">h</charParams>
<charParams l="739" t="1428" r="756" b="1452" charConfidence="32">u</charParams>
<charParams l="759" t="1420" r="767" b="1451" charConfidence="32">l</charParams>
<charParams l="771" t="1422" r="785" b="1450" charConfidence="27">d</charParams>
<charParams l="790" t="1421" r="797" b="1450" charConfidence="100">i</charParams>
<charParams l="798" t="1427" r="815" b="1457" charConfidence="54">g</charParams>
<charParams l="820" t="1427" r="835" b="1450" charConfidence="36">u</charParams>
<charParams l="839" t="1425" r="856" b="1449" charConfidence="34">n</charParams>
<charParams l="858" t="1425" r="876" b="1457" charConfidence="31">g</charParams>
<charParams l="877" t="1416" r="907" b="1458"> </charParams>
<charParams l="908" t="1417" r="923" b="1451" charConfidence="31">b</charParams>
<charParams l="926" t="1427" r="938" b="1450" suspicious="1" charConfidence="100">e</charParams>
<charParams l="940" t="1433" r="948" b="1448" charConfidence="100">-</charParams></formatting></line></par>
</text>
</block>
<block blockType="Separator" blockName="">
<separator type="Black" thickness="2"><start x="533" y="1101"/><end x="616" y="1101"/>
</separator>
</block>
</page>
</document>