﻿<?xml version="1.0" encoding="UTF-8" standalone="yes"?>
<document xmlns="http://www.abbyy.com/FineReader_xml/FineReader10-schema-v1.xml" version="1.0" producer="ABBYY FineReader Engine 11" languages="" xmlns:xsi="http://www.w3.org/2001/XMLSchema-instance" xsi:schemaLocation="http://www.abbyy.com/FineReader_xml/FineReader10-schema-v1.xml http://www.abbyy.com/FineReader_xml/FineReader10-schema-v1.xml">
<page width="1156" height="1782" resolution="300" originalCoords="1">
<block blockType="Text" blockName="">
<text>
<par align="Center">
<line baseline="90" l="584" t="59" r="627" b="90"><formatting lang="OldGerman">
<charParams l="584" t="61" r="604" b="90" suspicious="1" charConfidence="93">9</charParams>
<charParams l="607" t="59" r="627" b="86" suspicious="1" charConfidence="100">S</charParams></formatting></line></par>
<par align="Justified" startIndent="188" lineSpacing="1440">
<line baseline="174" l="217" t="139" r="1005" b="184"><formatting lang="OldGerman">
<charParams l="217" t="146" r="233" b="175" charConfidence="28">d</charParams>
<charParams l="236" t="153" r="252" b="175" charConfidence="33">a</charParams>
<charParams l="255" t="153" r="268" b="175" charConfidence="64">r</charParams>
<charParams l="271" t="144" r="285" b="181" charConfidence="57">f</charParams>
<charParams l="291" t="166" r="301" b="182" charConfidence="58">,</charParams>
<charParams l="302" t="145" r="345" b="182"> </charParams>
<charParams l="346" t="145" r="363" b="174" charConfidence="29">d</charParams>
<charParams l="367" t="143" r="375" b="175" charConfidence="32">i</charParams>
<charParams l="378" t="152" r="391" b="175" charConfidence="27">e</charParams>
<charParams l="392" t="144" r="419" b="183"> </charParams>
<charParams l="420" t="144" r="439" b="183" charConfidence="83">s</charParams>
<charParams l="420" t="144" r="439" b="183" charConfidence="83">i</charParams>
<charParams l="441" t="152" r="454" b="175" charConfidence="25">e</charParams>
<charParams l="455" t="143" r="476" b="175"> </charParams>
<charParams l="477" t="143" r="486" b="174" charConfidence="64">l</charParams>
<charParams l="489" t="142" r="496" b="173" charConfidence="-1">i</charParams>
<charParams l="500" t="150" r="511" b="174" charConfidence="25">e</charParams>
<charParams l="515" t="139" r="530" b="172" charConfidence="38">b</charParams>
<charParams l="534" t="148" r="546" b="171" charConfidence="32">e</charParams>
<charParams l="549" t="148" r="563" b="171" charConfidence="100">r</charParams>
<charParams l="564" t="145" r="586" b="171"> </charParams>
<charParams l="587" t="145" r="614" b="170" charConfidence="74">m</charParams>
<charParams l="619" t="139" r="627" b="171" charConfidence="100">i</charParams>
<charParams l="630" t="146" r="644" b="171" charConfidence="28">r</charParams>
<charParams l="645" t="139" r="665" b="171"> </charParams>
<charParams l="666" t="139" r="676" b="169" charConfidence="65">i</charParams>
<charParams l="679" t="146" r="698" b="170" charConfidence="30">n</charParams>
<charParams l="699" t="142" r="720" b="173"> </charParams>
<charParams l="721" t="142" r="738" b="173" charConfidence="28">d</charParams>
<charParams l="741" t="150" r="753" b="174" charConfidence="27">e</charParams>
<charParams l="756" t="151" r="774" b="175" charConfidence="94">n</charParams>
<charParams l="775" t="141" r="797" b="176"> </charParams>
<charParams l="798" t="141" r="844" b="176" charConfidence="31">M</charParams>
<charParams l="847" t="152" r="863" b="176" charConfidence="54">u</charParams>
<charParams l="867" t="152" r="884" b="176" charConfidence="75">n</charParams>
<charParams l="888" t="146" r="903" b="175" charConfidence="26">d</charParams>
<charParams l="904" t="144" r="927" b="178"> </charParams>
<charParams l="928" t="144" r="937" b="178" charConfidence="48">l</charParams>
<charParams l="940" t="153" r="952" b="177" charConfidence="27">e</charParams>
<charParams l="953" t="152" r="970" b="184" charConfidence="33">g</charParams>
<charParams l="973" t="152" r="985" b="176" charConfidence="26">e</charParams>
<charParams l="989" t="152" r="1005" b="175" charConfidence="24">n</charParams></formatting></line>
<line baseline="233" l="216" t="211" r="295" b="242"><formatting lang="OldGerman">
<charParams l="216" t="212" r="244" b="234" charConfidence="33">m</charParams>
<charParams l="249" t="212" r="263" b="233" charConfidence="32">a</charParams>
<charParams l="266" t="211" r="283" b="242" charConfidence="28">g</charParams>
<charParams l="286" t="226" r="295" b="234" charConfidence="77">.</charParams></formatting></line></par>
<par align="Justified" startIndent="1752" lineSpacing="1464">
<line baseline="357" l="279" t="322" r="1005" b="367"><formatting lang="OldGerman">
<charParams l="279" t="326" r="315" b="359" charConfidence="100">D</charParams>
<charParams l="318" t="335" r="334" b="358" charConfidence="41">a</charParams>
<charParams l="335" t="328" r="366" b="358"> </charParams>
<charParams l="367" t="328" r="376" b="358" charConfidence="39">i</charParams>
<charParams l="379" t="327" r="406" b="365" charConfidence="45">c</charParams>
<charParams l="379" t="327" r="406" b="365" charConfidence="45">h</charParams>
<charParams l="407" t="327" r="438" b="365"> </charParams>
<charParams l="439" t="333" r="456" b="356" charConfidence="31">n</charParams>
<charParams l="460" t="332" r="477" b="356" charConfidence="42">u</charParams>
<charParams l="480" t="331" r="494" b="355" charConfidence="35">r</charParams>
<charParams l="495" t="331" r="524" b="355"> </charParams>
<charParams l="525" t="331" r="541" b="353" charConfidence="58">a</charParams>
<charParams l="545" t="322" r="564" b="354" suspicious="1" charConfidence="-1">l</charParams>
<charParams l="545" t="322" r="564" b="354" suspicious="1" charConfidence="-1">l</charParams>
<charParams l="565" t="329" r="576" b="364" charConfidence="25">z</charParams>
<charParams l="580" t="330" r="597" b="354" charConfidence="38">u</charParams>
<charParams l="600" t="328" r="626" b="355" charConfidence="38">w</charParams>
<charParams l="629" t="331" r="644" b="354" charConfidence="43">o</charParams>
<charParams l="648" t="322" r="665" b="362" charConfidence="90">h</charParams>
<charParams l="669" t="324" r="678" b="355" charConfidence="77">l</charParams>
<charParams l="679" t="324" r="700" b="355"> </charParams>
<charParams l="701" t="328" r="727" b="354" charConfidence="69">w</charParams>
<charParams l="731" t="331" r="744" b="355" charConfidence="29">e</charParams>
<charParams l="747" t="325" r="754" b="355" suspicious="1" charConfidence="100">i</charParams>
<charParams l="758" t="324" r="774" b="362" charConfidence="28">ß</charParams>
<charParams l="781" t="347" r="792" b="363" charConfidence="100">,</charParams>
<charParams l="793" t="334" r="832" b="363"> </charParams>
<charParams l="833" t="334" r="860" b="360" charConfidence="29">w</charParams>
<charParams l="864" t="330" r="872" b="361" charConfidence="37">i</charParams>
<charParams l="875" t="337" r="889" b="361" charConfidence="34">e</charParams>
<charParams l="890" t="334" r="910" b="361"> </charParams>
<charParams l="911" t="334" r="938" b="361" charConfidence="43">w</charParams>
<charParams l="942" t="337" r="954" b="361" charConfidence="28">e</charParams>
<charParams l="957" t="337" r="974" b="361" charConfidence="100">n</charParams>
<charParams l="978" t="329" r="985" b="360" charConfidence="100">i</charParams>
<charParams l="988" t="337" r="1005" b="367" charConfidence="33">g</charParams></formatting></line>
<line baseline="417" l="217" t="383" r="1005" b="427"><formatting lang="OldGerman">
<charParams l="217" t="389" r="233" b="417" charConfidence="26">d</charParams>
<charParams l="235" t="387" r="243" b="417" charConfidence="28">i</charParams>
<charParams l="247" t="396" r="260" b="419" charConfidence="26">e</charParams>
<charParams l="261" t="396" r="277" b="426"> </charParams>
<charParams l="278" t="397" r="295" b="426" charConfidence="28">g</charParams>
<charParams l="299" t="396" r="316" b="418" charConfidence="39">u</charParams>
<charParams l="320" t="392" r="331" b="418" charConfidence="76">t</charParams>
<charParams l="333" t="395" r="347" b="417" charConfidence="53">e</charParams>
<charParams l="348" t="386" r="362" b="417"> </charParams>
<charParams l="363" t="386" r="392" b="417" charConfidence="70">O</charParams>
<charParams l="395" t="391" r="406" b="416" charConfidence="30">t</charParams>
<charParams l="408" t="390" r="419" b="416" charConfidence="74">t</charParams>
<charParams l="422" t="386" r="429" b="415" charConfidence="100">i</charParams>
<charParams l="433" t="386" r="441" b="416" charConfidence="83">l</charParams>
<charParams l="444" t="387" r="451" b="416" charConfidence="100">i</charParams>
<charParams l="455" t="393" r="467" b="415" charConfidence="27">e</charParams>
<charParams l="468" t="385" r="491" b="415"> </charParams>
<charParams l="492" t="385" r="508" b="414" charConfidence="30">d</charParams>
<charParams l="512" t="392" r="527" b="414" charConfidence="33">a</charParams>
<charParams l="531" t="387" r="546" b="415" charConfidence="100">s</charParams>
<charParams l="547" t="387" r="564" b="423"> </charParams>
<charParams l="565" t="391" r="577" b="423" charConfidence="30">z</charParams>
<charParams l="581" t="392" r="598" b="415" charConfidence="100">u</charParams>
<charParams l="599" t="383" r="622" b="415"> </charParams>
<charParams l="623" t="383" r="639" b="415" charConfidence="59">ä</charParams>
<charParams l="642" t="393" r="659" b="416" charConfidence="38">u</charParams>
<charParams l="663" t="384" r="679" b="421" charConfidence="27">ß</charParams>
<charParams l="682" t="393" r="695" b="415" charConfidence="27">e</charParams>
<charParams l="697" t="392" r="710" b="416" charConfidence="70">r</charParams>
<charParams l="713" t="391" r="731" b="416" charConfidence="28">n</charParams>
<charParams l="732" t="386" r="754" b="416"> </charParams>
<charParams l="755" t="386" r="764" b="416" charConfidence="41">i</charParams>
<charParams l="767" t="394" r="795" b="417" charConfidence="67">m</charParams>
<charParams l="796" t="386" r="813" b="419"> </charParams>
<charParams l="814" t="386" r="850" b="419" charConfidence="34">S</charParams>
<charParams l="853" t="393" r="865" b="419" charConfidence="78">t</charParams>
<charParams l="867" t="398" r="882" b="420" charConfidence="29">a</charParams>
<charParams l="886" t="397" r="903" b="420" charConfidence="100">n</charParams>
<charParams l="906" t="391" r="922" b="419" charConfidence="26">d</charParams>
<charParams l="927" t="398" r="939" b="419" charConfidence="55">e</charParams>
<charParams l="940" t="391" r="962" b="420"> </charParams>
<charParams l="963" t="391" r="971" b="420" charConfidence="100">i</charParams>
<charParams l="975" t="391" r="995" b="427" charConfidence="38">s</charParams>
<charParams l="975" t="391" r="995" b="427" charConfidence="38">t</charParams>
<charParams l="997" t="412" r="1005" b="424" charConfidence="54">,</charParams></formatting></line>
<line baseline="476" l="214" t="444" r="1005" b="485"><formatting lang="OldGerman">
<charParams l="214" t="454" r="241" b="478" charConfidence="50">w</charParams>
<charParams l="244" t="456" r="260" b="478" charConfidence="37">a</charParams>
<charParams l="264" t="450" r="279" b="477" charConfidence="-1">s</charParams>
<charParams l="280" t="447" r="302" b="477"> </charParams>
<charParams l="303" t="447" r="312" b="477" charConfidence="29">i</charParams>
<charParams l="315" t="454" r="333" b="478" charConfidence="100">n</charParams>
<charParams l="334" t="447" r="357" b="478"> </charParams>
<charParams l="358" t="447" r="366" b="476" charConfidence="27">i</charParams>
<charParams l="370" t="444" r="387" b="485" charConfidence="55">h</charParams>
<charParams l="391" t="454" r="404" b="475" charConfidence="33">r</charParams>
<charParams l="405" t="446" r="426" b="476"> </charParams>
<charParams l="427" t="446" r="435" b="476" charConfidence="31">l</charParams>
<charParams l="438" t="447" r="446" b="475" charConfidence="100">i</charParams>
<charParams l="450" t="454" r="461" b="476" charConfidence="30">e</charParams>
<charParams l="463" t="454" r="479" b="484" charConfidence="28">g</charParams>
<charParams l="483" t="449" r="495" b="476" charConfidence="84">t</charParams>
<charParams l="496" t="449" r="517" b="478"> </charParams>
<charParams l="518" t="453" r="535" b="478" charConfidence="28">u</charParams>
<charParams l="539" t="453" r="557" b="476" charConfidence="100">n</charParams>
<charParams l="560" t="446" r="576" b="475" charConfidence="34">d</charParams>
<charParams l="577" t="446" r="597" b="477"> </charParams>
<charParams l="598" t="451" r="625" b="477" charConfidence="34">w</charParams>
<charParams l="628" t="452" r="645" b="476" charConfidence="55">a</charParams>
<charParams l="648" t="448" r="664" b="476" charConfidence="100">s</charParams>
<charParams l="665" t="445" r="682" b="484"> </charParams>
<charParams l="683" t="445" r="702" b="484" charConfidence="53">s</charParams>
<charParams l="683" t="445" r="702" b="484" charConfidence="53">i</charParams>
<charParams l="704" t="453" r="718" b="475" charConfidence="85">e</charParams>
<charParams l="719" t="453" r="730" b="476"> </charParams>
<charParams l="731" t="453" r="749" b="476" charConfidence="27">v</charParams>
<charParams l="753" t="453" r="765" b="477" charConfidence="44">e</charParams>
<charParams l="768" t="454" r="781" b="476" charConfidence="25">r</charParams>
<charParams l="784" t="453" r="811" b="477" charConfidence="100">m</charParams>
<charParams l="815" t="456" r="831" b="477" charConfidence="49">a</charParams>
<charParams l="834" t="456" r="850" b="485" suspicious="1" charConfidence="45">g</charParams>
<charParams l="861" t="458" r="870" b="485" charConfidence="27">;</charParams>
<charParams l="871" t="449" r="893" b="485"> </charParams>
<charParams l="894" t="449" r="909" b="484" charConfidence="60">s</charParams>
<charParams l="907" t="457" r="923" b="478" suspicious="1" charConfidence="-1">o</charParams>
<charParams l="924" t="456" r="940" b="479"> </charParams>
<charParams l="941" t="456" r="968" b="479" charConfidence="25">w</charParams>
<charParams l="972" t="457" r="986" b="478" charConfidence="24">a</charParams>
<charParams l="991" t="457" r="1005" b="479" charConfidence="28">r</charParams></formatting></line>
<line baseline="537" l="214" t="505" r="1004" b="545"><formatting lang="OldGerman">
<charParams l="214" t="515" r="242" b="538" charConfidence="79">m</charParams>
<charParams l="248" t="508" r="254" b="538" charConfidence="100">i</charParams>
<charParams l="259" t="515" r="271" b="538" charConfidence="26">r</charParams>
<charParams l="272" t="514" r="292" b="538"> </charParams>
<charParams l="293" t="514" r="311" b="538" charConfidence="32">v</charParams>
<charParams l="315" t="514" r="330" b="537" charConfidence="36">o</charParams>
<charParams l="333" t="514" r="347" b="537" charConfidence="42">r</charParams>
<charParams l="348" t="508" r="369" b="537"> </charParams>
<charParams l="370" t="508" r="386" b="536" charConfidence="29">d</charParams>
<charParams l="390" t="514" r="402" b="537" charConfidence="25">e</charParams>
<charParams l="405" t="514" r="418" b="537" charConfidence="40">r</charParams>
<charParams l="419" t="506" r="436" b="537"> </charParams>
<charParams l="437" t="506" r="451" b="537" charConfidence="22">ö</charParams>
<charParams l="455" t="506" r="479" b="545" charConfidence="100">f</charParams>
<charParams l="455" t="506" r="479" b="545" charConfidence="100">f</charParams>
<charParams l="478" t="515" r="491" b="537" charConfidence="39">e</charParams>
<charParams l="494" t="514" r="510" b="537" charConfidence="100">n</charParams>
<charParams l="515" t="512" r="524" b="537" charConfidence="33">t</charParams>
<charParams l="528" t="507" r="535" b="537" charConfidence="47">l</charParams>
<charParams l="539" t="507" r="546" b="537" charConfidence="100">i</charParams>
<charParams l="550" t="506" r="576" b="544" charConfidence="74">c</charParams>
<charParams l="550" t="506" r="576" b="544" charConfidence="74">h</charParams>
<charParams l="580" t="514" r="592" b="536" charConfidence="29">e</charParams>
<charParams l="595" t="514" r="613" b="538" charConfidence="100">n</charParams>
<charParams l="614" t="505" r="629" b="544"> </charParams>
<charParams l="630" t="505" r="663" b="544" charConfidence="40">P</charParams>
<charParams l="667" t="514" r="680" b="537" charConfidence="46">r</charParams>
<charParams l="683" t="505" r="699" b="537" charConfidence="30">ü</charParams>
<charParams l="703" t="505" r="718" b="544" charConfidence="100">f</charParams>
<charParams l="717" t="515" r="733" b="537" charConfidence="24">u</charParams>
<charParams l="736" t="513" r="754" b="537" charConfidence="73">n</charParams>
<charParams l="757" t="515" r="773" b="545" charConfidence="29">g</charParams>
<charParams l="774" t="515" r="790" b="545"> </charParams>
<charParams l="791" t="515" r="805" b="537" charConfidence="32">e</charParams>
<charParams l="807" t="507" r="815" b="537" charConfidence="22">i</charParams>
<charParams l="818" t="514" r="835" b="536" charConfidence="53">n</charParams>
<charParams l="840" t="507" r="847" b="537" charConfidence="100">i</charParams>
<charParams l="849" t="515" r="866" b="545" charConfidence="55">g</charParams>
<charParams l="870" t="515" r="882" b="537" charConfidence="100">e</charParams>
<charParams l="885" t="515" r="898" b="537" charConfidence="48">r</charParams>
<charParams l="901" t="514" r="929" b="539" charConfidence="26">m</charParams>
<charParams l="932" t="514" r="947" b="537" charConfidence="100">a</charParams>
<charParams l="951" t="508" r="967" b="544" charConfidence="25">ß</charParams>
<charParams l="971" t="516" r="983" b="537" charConfidence="51">e</charParams>
<charParams l="986" t="516" r="1004" b="537" charConfidence="37">n</charParams></formatting></line>
<line baseline="601" l="215" t="568" r="1003" b="611"><formatting lang="OldGerman">
<charParams l="215" t="570" r="231" b="602" charConfidence="31">b</charParams>
<charParams l="235" t="579" r="250" b="601" charConfidence="54">a</charParams>
<charParams l="254" t="578" r="271" b="601" charConfidence="45">n</charParams>
<charParams l="274" t="578" r="290" b="609" charConfidence="46">g</charParams>
<charParams l="294" t="579" r="307" b="602" charConfidence="26">e</charParams>
<charParams l="314" t="593" r="324" b="609" charConfidence="85">,</charParams>
<charParams l="325" t="578" r="366" b="609"> </charParams>
<charParams l="367" t="578" r="383" b="603" charConfidence="24">u</charParams>
<charParams l="388" t="577" r="415" b="600" charConfidence="30">m</charParams>
<charParams l="416" t="569" r="447" b="607"> </charParams>
<charParams l="448" t="569" r="461" b="607" charConfidence="100">s</charParams>
<charParams l="460" t="578" r="474" b="601" charConfidence="51">o</charParams>
<charParams l="475" t="577" r="510" b="602"> </charParams>
<charParams l="511" t="577" r="539" b="602" charConfidence="100">m</charParams>
<charParams l="544" t="578" r="554" b="601" charConfidence="25">e</charParams>
<charParams l="558" t="568" r="575" b="610" charConfidence="33">h</charParams>
<charParams l="579" t="578" r="593" b="601" charConfidence="36">r</charParams>
<charParams l="594" t="578" r="628" b="601"> </charParams>
<charParams l="629" t="578" r="645" b="601" charConfidence="28">a</charParams>
<charParams l="649" t="570" r="658" b="601" charConfidence="50">l</charParams>
<charParams l="660" t="573" r="676" b="601" charConfidence="98">s</charParams>
<charParams l="677" t="568" r="714" b="602"> </charParams>
<charParams l="715" t="568" r="733" b="602" charConfidence="26">ü</charParams>
<charParams l="738" t="568" r="753" b="602" charConfidence="29">b</charParams>
<charParams l="757" t="578" r="767" b="602" charConfidence="100">e</charParams>
<charParams l="772" t="578" r="784" b="602" charConfidence="24">r</charParams>
<charParams l="787" t="568" r="805" b="611" charConfidence="31">h</charParams>
<charParams l="809" t="578" r="823" b="602" charConfidence="24">a</charParams>
<charParams l="828" t="578" r="844" b="601" charConfidence="25">u</charParams>
<charParams l="848" t="577" r="864" b="608" charConfidence="100">p</charParams>
<charParams l="868" t="574" r="879" b="601" charConfidence="35">t</charParams>
<charParams l="880" t="571" r="913" b="601"> </charParams>
<charParams l="914" t="571" r="930" b="601" charConfidence="57">d</charParams>
<charParams l="934" t="577" r="948" b="600" charConfidence="24">a</charParams>
<charParams l="953" t="569" r="968" b="601" charConfidence="29">b</charParams>
<charParams l="973" t="578" r="984" b="601" charConfidence="25">e</charParams>
<charParams l="988" t="579" r="1003" b="607" charConfidence="15">y</charParams></formatting></line>
<line baseline="666" l="212" t="632" r="1007" b="674"><formatting lang="OldGerman">
<charParams l="212" t="633" r="226" b="666" charConfidence="15">k</charParams>
<charParams l="229" t="642" r="240" b="665" charConfidence="26">e</charParams>
<charParams l="244" t="634" r="251" b="665" charConfidence="100">i</charParams>
<charParams l="255" t="642" r="271" b="666" suspicious="1" charConfidence="-1">n</charParams>
<charParams l="275" t="643" r="288" b="666" charConfidence="44">e</charParams>
<charParams l="289" t="634" r="327" b="667"> </charParams>
<charParams l="328" t="634" r="358" b="667" charConfidence="32">V</charParams>
<charParams l="362" t="643" r="376" b="667" charConfidence="39">o</charParams>
<charParams l="380" t="643" r="392" b="667" charConfidence="24">r</charParams>
<charParams l="396" t="633" r="411" b="667" charConfidence="67">b</charParams>
<charParams l="416" t="643" r="426" b="666" charConfidence="100">e</charParams>
<charParams l="430" t="642" r="443" b="666" charConfidence="53">r</charParams>
<charParams l="447" t="642" r="458" b="666" charConfidence="25">e</charParams>
<charParams l="462" t="635" r="470" b="666" charConfidence="100">i</charParams>
<charParams l="473" t="639" r="483" b="666" charConfidence="53">t</charParams>
<charParams l="486" t="642" r="503" b="666" charConfidence="42">u</charParams>
<charParams l="507" t="641" r="523" b="666" charConfidence="25">n</charParams>
<charParams l="526" t="642" r="543" b="674" charConfidence="37">g</charParams>
<charParams l="544" t="641" r="584" b="674"> </charParams>
<charParams l="585" t="641" r="613" b="665" charConfidence="54">m</charParams>
<charParams l="618" t="632" r="632" b="665" charConfidence="98">ö</charParams>
<charParams l="635" t="641" r="650" b="674" charConfidence="38">g</charParams>
<charParams l="655" t="634" r="663" b="666" charConfidence="58">l</charParams>
<charParams l="666" t="634" r="673" b="666" charConfidence="100">i</charParams>
<charParams l="677" t="633" r="704" b="672" charConfidence="84">c</charParams>
<charParams l="677" t="633" r="704" b="672" suspicious="1" charConfidence="84">h</charParams>
<charParams l="705" t="633" r="737" b="672"> </charParams>
<charParams l="738" t="634" r="748" b="666" charConfidence="25">i</charParams>
<charParams l="753" t="634" r="772" b="673" charConfidence="65">s</charParams>
<charParams l="753" t="634" r="772" b="673" charConfidence="65">t</charParams>
<charParams l="780" t="656" r="789" b="672" charConfidence="68">,</charParams>
<charParams l="790" t="642" r="834" b="672"> </charParams>
<charParams l="835" t="642" r="853" b="665" charConfidence="100">u</charParams>
<charParams l="857" t="641" r="874" b="665" charConfidence="100">n</charParams>
<charParams l="878" t="634" r="894" b="665" charConfidence="36">d</charParams>
<charParams l="895" t="634" r="925" b="665"> </charParams>
<charParams l="926" t="641" r="942" b="665" charConfidence="41">a</charParams>
<charParams l="946" t="642" r="963" b="665" charConfidence="53">u</charParams>
<charParams l="967" t="634" r="994" b="673" charConfidence="51">c</charParams>
<charParams l="967" t="634" r="994" b="673" charConfidence="51">h</charParams>
<charParams l="996" t="656" r="1007" b="672" charConfidence="57">,</charParams></formatting></line>
<line baseline="729" l="213" t="695" r="1007" b="738"><formatting lang="OldGerman">
<charParams l="213" t="704" r="239" b="729" charConfidence="40">w</charParams>
<charParams l="243" t="706" r="255" b="729" charConfidence="32">e</charParams>
<charParams l="259" t="706" r="275" b="729" charConfidence="77">n</charParams>
<charParams l="279" t="706" r="297" b="729" charConfidence="33">n</charParams>
<charParams l="298" t="706" r="329" b="730"> </charParams>
<charParams l="330" t="707" r="342" b="730" charConfidence="25">e</charParams>
<charParams l="346" t="702" r="361" b="730" charConfidence="98">s</charParams>
<charParams l="362" t="702" r="394" b="730"> </charParams>
<charParams l="395" t="707" r="412" b="729" charConfidence="27">n</charParams>
<charParams l="416" t="707" r="431" b="729" charConfidence="28">a</charParams>
<charParams l="435" t="698" r="461" b="736" charConfidence="74">c</charParams>
<charParams l="435" t="698" r="461" b="736" charConfidence="74">h</charParams>
<charParams l="462" t="698" r="493" b="736"> </charParams>
<charParams l="494" t="700" r="510" b="728" charConfidence="31">d</charParams>
<charParams l="514" t="707" r="525" b="729" charConfidence="100">e</charParams>
<charParams l="528" t="706" r="542" b="728" charConfidence="69">r</charParams>
<charParams l="543" t="706" r="571" b="737"> </charParams>
<charParams l="572" t="706" r="588" b="737" charConfidence="33">g</charParams>
<charParams l="592" t="706" r="604" b="729" charConfidence="27">e</charParams>
<charParams l="607" t="704" r="633" b="729" charConfidence="44">w</charParams>
<charParams l="636" t="697" r="652" b="727" charConfidence="28">ö</charParams>
<charParams l="654" t="696" r="671" b="738" charConfidence="39">h</charParams>
<charParams l="676" t="705" r="692" b="728" charConfidence="25">n</charParams>
<charParams l="697" t="698" r="705" b="729" charConfidence="77">l</charParams>
<charParams l="708" t="699" r="715" b="728" charConfidence="100">i</charParams>
<charParams l="719" t="697" r="746" b="735" charConfidence="78">c</charParams>
<charParams l="719" t="697" r="746" b="735" charConfidence="78">h</charParams>
<charParams l="750" t="706" r="762" b="729" charConfidence="100">e</charParams>
<charParams l="765" t="706" r="784" b="729" charConfidence="25">n</charParams>
<charParams l="785" t="695" r="815" b="729"> </charParams>
<charParams l="816" t="695" r="857" b="729" charConfidence="41">W</charParams>
<charParams l="859" t="706" r="871" b="729" charConfidence="29">e</charParams>
<charParams l="874" t="698" r="882" b="728" charConfidence="100">i</charParams>
<charParams l="885" t="697" r="898" b="737" charConfidence="84">s</charParams>
<charParams l="897" t="706" r="910" b="729" charConfidence="38">e</charParams>
<charParams l="911" t="697" r="941" b="735"> </charParams>
<charParams l="942" t="697" r="955" b="735" charConfidence="77">s</charParams>
<charParams l="954" t="705" r="965" b="727" charConfidence="26">e</charParams>
<charParams l="968" t="705" r="983" b="736" charConfidence="22">y</charParams>
<charParams l="988" t="705" r="1007" b="728" charConfidence="100">n</charParams></formatting></line>
<line baseline="790" l="212" t="758" r="1007" b="798"><formatting lang="OldGerman">
<charParams l="212" t="759" r="226" b="789" charConfidence="43">k</charParams>
<charParams l="229" t="759" r="243" b="790" charConfidence="100">ö</charParams>
<charParams l="246" t="767" r="264" b="790" charConfidence="58">n</charParams>
<charParams l="268" t="768" r="284" b="791" charConfidence="100">n</charParams>
<charParams l="288" t="766" r="300" b="791" charConfidence="100">t</charParams>
<charParams l="302" t="769" r="315" b="790" charConfidence="31">e</charParams>
<charParams l="323" t="783" r="333" b="797" charConfidence="90">,</charParams>
<charParams l="334" t="760" r="384" b="797"> </charParams>
<charParams l="385" t="760" r="413" b="791" charConfidence="68">O</charParams>
<charParams l="418" t="765" r="440" b="791" charConfidence="68">t</charParams>
<charParams l="418" t="765" r="440" b="791" charConfidence="68">t</charParams>
<charParams l="444" t="761" r="451" b="790" charConfidence="100">i</charParams>
<charParams l="455" t="761" r="463" b="791" charConfidence="45">l</charParams>
<charParams l="466" t="761" r="473" b="791" charConfidence="100">i</charParams>
<charParams l="476" t="769" r="490" b="791" charConfidence="75">e</charParams>
<charParams l="491" t="768" r="527" b="791"> </charParams>
<charParams l="528" t="768" r="545" b="791" charConfidence="54">a</charParams>
<charParams l="548" t="768" r="566" b="791" charConfidence="100">u</charParams>
<charParams l="569" t="759" r="585" b="796" charConfidence="53">f</charParams>
<charParams l="586" t="759" r="612" b="796"> </charParams>
<charParams l="613" t="761" r="629" b="790" charConfidence="27">d</charParams>
<charParams l="632" t="767" r="645" b="790" charConfidence="100">e</charParams>
<charParams l="648" t="767" r="666" b="790" charConfidence="29">n</charParams>
<charParams l="667" t="758" r="697" b="791"> </charParams>
<charParams l="698" t="758" r="734" b="791" charConfidence="37">S</charParams>
<charParams l="738" t="760" r="765" b="797" charConfidence="100">c</charParams>
<charParams l="738" t="760" r="765" b="797" charConfidence="100">h</charParams>
<charParams l="769" t="768" r="781" b="790" charConfidence="35">e</charParams>
<charParams l="784" t="760" r="791" b="790" charConfidence="100">i</charParams>
<charParams l="796" t="768" r="813" b="790" charConfidence="24">n</charParams>
<charParams l="814" t="767" r="843" b="790"> </charParams>
<charParams l="844" t="767" r="862" b="790" charConfidence="55">n</charParams>
<charParams l="867" t="760" r="873" b="790" charConfidence="69">i</charParams>
<charParams l="877" t="759" r="904" b="798" charConfidence="100">c</charParams>
<charParams l="877" t="759" r="904" b="798" charConfidence="100">h</charParams>
<charParams l="907" t="764" r="919" b="790" charConfidence="42">t</charParams>
<charParams l="920" t="764" r="940" b="790"> </charParams>
<charParams l="941" t="768" r="958" b="790" charConfidence="28">v</charParams>
<charParams l="963" t="768" r="977" b="790" charConfidence="49">o</charParams>
<charParams l="981" t="768" r="994" b="790" charConfidence="100">r</charParams>
<charParams l="997" t="771" r="1007" b="787" charConfidence="22">¬</charParams></formatting></line>
<line baseline="850" l="212" t="817" r="1008" b="859"><formatting lang="OldGerman">
<charParams l="212" t="825" r="224" b="857" charConfidence="27">z</charParams>
<charParams l="228" t="826" r="245" b="849" charConfidence="38">u</charParams>
<charParams l="249" t="817" r="265" b="848" charConfidence="58">b</charParams>
<charParams l="268" t="826" r="281" b="848" charConfidence="28">e</charParams>
<charParams l="284" t="826" r="297" b="849" charConfidence="26">r</charParams>
<charParams l="299" t="827" r="313" b="849" charConfidence="52">e</charParams>
<charParams l="315" t="820" r="322" b="849" charConfidence="100">i</charParams>
<charParams l="326" t="824" r="337" b="850" charConfidence="56">t</charParams>
<charParams l="339" t="827" r="352" b="849" charConfidence="24">e</charParams>
<charParams l="354" t="827" r="372" b="850" charConfidence="29">n</charParams>
<charParams l="373" t="826" r="404" b="850"> </charParams>
<charParams l="405" t="826" r="432" b="850" charConfidence="58">w</charParams>
<charParams l="435" t="819" r="450" b="849" charConfidence="22">ä</charParams>
<charParams l="454" t="827" r="467" b="850" charConfidence="55">r</charParams>
<charParams l="470" t="827" r="483" b="850" charConfidence="27">e</charParams>
<charParams l="484" t="841" r="493" b="850" charConfidence="100">.</charParams>
<charParams l="494" t="819" r="548" b="851"> </charParams>
<charParams l="549" t="819" r="584" b="851" charConfidence="100">D</charParams>
<charParams l="588" t="828" r="600" b="850" charConfidence="31">e</charParams>
<charParams l="603" t="828" r="617" b="851" charConfidence="28">r</charParams>
<charParams l="618" t="818" r="646" b="851"> </charParams>
<charParams l="647" t="818" r="677" b="851" charConfidence="27">A</charParams>
<charParams l="678" t="828" r="695" b="850" charConfidence="27">u</charParams>
<charParams l="699" t="823" r="714" b="850" charConfidence="100">s</charParams>
<charParams l="716" t="828" r="733" b="858" charConfidence="51">g</charParams>
<charParams l="736" t="828" r="752" b="850" charConfidence="54">a</charParams>
<charParams l="753" t="826" r="773" b="851" charConfidence="34">n</charParams>
<charParams l="775" t="827" r="792" b="858" suspicious="1" charConfidence="31">g</charParams>
<charParams l="793" t="819" r="827" b="859"> </charParams>
<charParams l="828" t="819" r="846" b="859" suspicious="1" charConfidence="29">h</charParams>
<charParams l="850" t="827" r="866" b="849" charConfidence="54">a</charParams>
<charParams l="870" t="825" r="882" b="850" charConfidence="32">t</charParams>
<charParams l="883" t="825" r="911" b="850"> </charParams>
<charParams l="912" t="827" r="941" b="850" charConfidence="96">m</charParams>
<charParams l="945" t="828" r="958" b="850" charConfidence="100">e</charParams>
<charParams l="961" t="820" r="969" b="850" charConfidence="100">i</charParams>
<charParams l="972" t="828" r="989" b="857" charConfidence="23">n</charParams>
<charParams l="993" t="828" r="1008" b="850" charConfidence="26">e</charParams></formatting></line>
<line baseline="907" l="213" t="875" r="1006" b="917"><formatting lang="OldGerman">
<charParams l="213" t="875" r="249" b="908" charConfidence="62">S</charParams>
<charParams l="252" t="885" r="267" b="906" charConfidence="39">o</charParams>
<charParams l="271" t="885" r="284" b="906" charConfidence="56">r</charParams>
<charParams l="284" t="885" r="302" b="914" charConfidence="28">g</charParams>
<charParams l="306" t="885" r="318" b="907" charConfidence="27">e</charParams>
<charParams l="319" t="885" r="341" b="907"> </charParams>
<charParams l="342" t="885" r="360" b="907" charConfidence="79">n</charParams>
<charParams l="364" t="885" r="380" b="907" charConfidence="28">u</charParams>
<charParams l="383" t="885" r="397" b="907" charConfidence="71">r</charParams>
<charParams l="398" t="884" r="418" b="915"> </charParams>
<charParams l="419" t="884" r="432" b="915" charConfidence="100">z</charParams>
<charParams l="436" t="885" r="454" b="907" charConfidence="47">u</charParams>
<charParams l="455" t="878" r="476" b="913"> </charParams>
<charParams l="477" t="878" r="491" b="913" charConfidence="48">s</charParams>
<charParams l="489" t="886" r="501" b="907" charConfidence="28">e</charParams>
<charParams l="504" t="877" r="520" b="917" charConfidence="57">h</charParams>
<charParams l="524" t="886" r="538" b="908" charConfidence="100">r</charParams>
<charParams l="539" t="886" r="560" b="915"> </charParams>
<charParams l="561" t="886" r="578" b="915" charConfidence="30">g</charParams>
<charParams l="582" t="886" r="595" b="908" charConfidence="30">e</charParams>
<charParams l="597" t="887" r="611" b="909" charConfidence="27">r</charParams>
<charParams l="613" t="887" r="626" b="911" charConfidence="24">e</charParams>
<charParams l="627" t="879" r="654" b="915" charConfidence="80">c</charParams>
<charParams l="627" t="879" r="654" b="915" charConfidence="80">h</charParams>
<charParams l="657" t="883" r="669" b="908" charConfidence="33">t</charParams>
<charParams l="671" t="878" r="687" b="915" charConfidence="78">f</charParams>
<charParams l="684" t="887" r="697" b="909" charConfidence="31">e</charParams>
<charParams l="700" t="886" r="714" b="908" charConfidence="25">r</charParams>
<charParams l="714" t="883" r="726" b="909" charConfidence="51">t</charParams>
<charParams l="729" t="888" r="736" b="909" charConfidence="100">i</charParams>
<charParams l="738" t="886" r="755" b="915" charConfidence="24">g</charParams>
<charParams l="759" t="882" r="770" b="907" charConfidence="97">t</charParams>
<charParams l="771" t="882" r="778" b="914"> </charParams>
<charParams l="779" t="887" r="789" b="914" charConfidence="44">;</charParams>
<charParams l="790" t="878" r="819" b="916"> </charParams>
<charParams l="820" t="878" r="841" b="916" charConfidence="53">s</charParams>
<charParams l="820" t="878" r="841" b="916" charConfidence="53">i</charParams>
<charParams l="842" t="886" r="856" b="908" charConfidence="26">e</charParams>
<charParams l="857" t="878" r="875" b="917"> </charParams>
<charParams l="876" t="878" r="894" b="917" suspicious="1" charConfidence="65">h</charParams>
<charParams l="898" t="886" r="914" b="908" charConfidence="81">a</charParams>
<charParams l="916" t="882" r="929" b="908" charConfidence="100">t</charParams>
<charParams l="930" t="878" r="951" b="908"> </charParams>
<charParams l="952" t="878" r="968" b="908" charConfidence="24">k</charParams>
<charParams l="969" t="886" r="982" b="908" charConfidence="25">e</charParams>
<charParams l="984" t="879" r="993" b="908" charConfidence="27">i</charParams>
<charParams l="995" t="889" r="1006" b="904" charConfidence="22">¬</charParams></formatting></line>
<line baseline="967" l="215" t="934" r="1008" b="976"><formatting lang="OldGerman">
<charParams l="215" t="945" r="234" b="969" charConfidence="100">n</charParams>
<charParams l="237" t="945" r="249" b="968" charConfidence="37">e</charParams>
<charParams l="252" t="945" r="270" b="968" charConfidence="42">n</charParams>
<charParams l="271" t="934" r="305" b="976"> </charParams>
<charParams l="306" t="934" r="338" b="976" charConfidence="85">P</charParams>
<charParams l="343" t="944" r="355" b="968" charConfidence="46">r</charParams>
<charParams l="358" t="944" r="371" b="968" charConfidence="32">e</charParams>
<charParams l="373" t="939" r="382" b="968" suspicious="1" charConfidence="25">i</charParams>
<charParams l="385" t="939" r="400" b="967" charConfidence="100">s</charParams>
<charParams l="401" t="939" r="425" b="967"> </charParams>
<charParams l="426" t="943" r="438" b="965" charConfidence="25">e</charParams>
<charParams l="442" t="943" r="455" b="966" charConfidence="100">r</charParams>
<charParams l="457" t="934" r="476" b="975" charConfidence="56">h</charParams>
<charParams l="478" t="944" r="494" b="966" charConfidence="36">a</charParams>
<charParams l="498" t="936" r="507" b="966" charConfidence="43">l</charParams>
<charParams l="509" t="939" r="519" b="966" charConfidence="68">t</charParams>
<charParams l="522" t="944" r="534" b="967" charConfidence="31">e</charParams>
<charParams l="537" t="943" r="555" b="966" charConfidence="27">n</charParams>
<charParams l="556" t="943" r="578" b="967"> </charParams>
<charParams l="579" t="944" r="597" b="967" charConfidence="27">n</charParams>
<charParams l="600" t="944" r="617" b="967" charConfidence="50">n</charParams>
<charParams l="621" t="938" r="637" b="966" charConfidence="27">d</charParams>
<charParams l="638" t="936" r="660" b="966"> </charParams>
<charParams l="661" t="936" r="670" b="966" charConfidence="43">i</charParams>
<charParams l="674" t="936" r="694" b="975" charConfidence="31">s</charParams>
<charParams l="674" t="936" r="694" b="975" charConfidence="31">t</charParams>
<charParams l="695" t="936" r="716" b="975"> </charParams>
<charParams l="717" t="944" r="734" b="967" charConfidence="54">a</charParams>
<charParams l="737" t="944" r="754" b="967" charConfidence="68">u</charParams>
<charParams l="758" t="936" r="785" b="975" charConfidence="58">c</charParams>
<charParams l="758" t="936" r="785" b="975" charConfidence="58">h</charParams>
<charParams l="786" t="936" r="809" b="975"> </charParams>
<charParams l="810" t="944" r="827" b="968" charConfidence="76">u</charParams>
<charParams l="830" t="944" r="849" b="970" charConfidence="43">n</charParams>
<charParams l="851" t="940" r="863" b="968" charConfidence="67">t</charParams>
<charParams l="865" t="945" r="877" b="968" charConfidence="32">e</charParams>
<charParams l="880" t="944" r="893" b="968" charConfidence="72">r</charParams>
<charParams l="894" t="938" r="916" b="968"> </charParams>
<charParams l="917" t="938" r="933" b="967" charConfidence="33">d</charParams>
<charParams l="937" t="945" r="949" b="968" charConfidence="28">e</charParams>
<charParams l="952" t="945" r="969" b="970" charConfidence="100">n</charParams>
<charParams l="973" t="946" r="985" b="970" charConfidence="27">e</charParams>
<charParams l="988" t="946" r="1008" b="970" charConfidence="28">n</charParams></formatting></line>
<line baseline="1030" l="213" t="996" r="1006" b="1043"><formatting lang="OldGerman">
<charParams l="213" t="1001" r="228" b="1031" charConfidence="28">d</charParams>
<charParams l="233" t="1000" r="241" b="1033" charConfidence="100">i</charParams>
<charParams l="244" t="1008" r="257" b="1031" charConfidence="48">e</charParams>
<charParams l="258" t="998" r="280" b="1031"> </charParams>
<charParams l="281" t="998" r="294" b="1031" charConfidence="55">k</charParams>
<charParams l="297" t="1008" r="308" b="1031" charConfidence="100">e</charParams>
<charParams l="312" t="1000" r="319" b="1030" charConfidence="100">i</charParams>
<charParams l="323" t="1008" r="341" b="1032" charConfidence="100">n</charParams>
<charParams l="342" t="997" r="364" b="1036"> </charParams>
<charParams l="365" t="997" r="386" b="1036" charConfidence="76">Z</charParams>
<charParams l="390" t="1007" r="402" b="1030" charConfidence="33">e</charParams>
<charParams l="405" t="1007" r="421" b="1031" charConfidence="47">u</charParams>
<charParams l="424" t="1006" r="440" b="1038" charConfidence="58">g</charParams>
<charParams l="444" t="1006" r="460" b="1029" charConfidence="53">n</charParams>
<charParams l="465" t="998" r="472" b="1029" charConfidence="100">i</charParams>
<charParams l="476" t="996" r="492" b="1035" charConfidence="28">ß</charParams>
<charParams l="493" t="996" r="515" b="1035"> </charParams>
<charParams l="516" t="1005" r="529" b="1028" charConfidence="41">e</charParams>
<charParams l="532" t="1003" r="558" b="1028" charConfidence="46">m</charParams>
<charParams l="563" t="1005" r="579" b="1035" charConfidence="54">p</charParams>
<charParams l="582" t="996" r="598" b="1036" charConfidence="67">f</charParams>
<charParams l="595" t="1006" r="611" b="1028" charConfidence="25">a</charParams>
<charParams l="615" t="1004" r="631" b="1028" charConfidence="30">n</charParams>
<charParams l="635" t="1005" r="651" b="1036" charConfidence="34">g</charParams>
<charParams l="655" t="1004" r="667" b="1028" charConfidence="32">e</charParams>
<charParams l="670" t="1004" r="688" b="1028" charConfidence="40">n</charParams>
<charParams l="689" t="996" r="708" b="1038"> </charParams>
<charParams l="709" t="996" r="727" b="1038" suspicious="1" charConfidence="39">h</charParams>
<charParams l="731" t="1005" r="746" b="1028" charConfidence="41">a</charParams>
<charParams l="751" t="996" r="766" b="1029" charConfidence="31">b</charParams>
<charParams l="770" t="1005" r="782" b="1029" charConfidence="30">e</charParams>
<charParams l="785" t="1005" r="802" b="1029" charConfidence="47">n</charParams>
<charParams l="806" t="1020" r="814" b="1029" charConfidence="100">.</charParams>
<charParams l="815" t="996" r="860" b="1030"> </charParams>
<charParams l="861" t="996" r="903" b="1030" charConfidence="33">W</charParams>
<charParams l="906" t="1007" r="921" b="1030" charConfidence="30">a</charParams>
<charParams l="925" t="1002" r="941" b="1031" suspicious="1" charConfidence="100">s</charParams>
<charParams l="942" t="1002" r="954" b="1043"> </charParams>
<charParams l="955" t="1003" r="971" b="1043" charConfidence="53">s</charParams>
<charParams l="968" t="1008" r="982" b="1032" charConfidence="100">o</charParams>
<charParams l="986" t="999" r="1006" b="1032" charConfidence="-1">l</charParams>
<charParams l="986" t="999" r="1006" b="1032" charConfidence="-1">l</charParams></formatting></line>
<line baseline="1093" l="213" t="1057" r="1007" b="1103"><formatting lang="OldGerman">
<charParams l="213" t="1063" r="223" b="1095" charConfidence="29">i</charParams>
<charParams l="226" t="1062" r="253" b="1103" charConfidence="99">c</charParams>
<charParams l="226" t="1062" r="253" b="1103" charConfidence="99">h</charParams>
<charParams l="254" t="1062" r="275" b="1103"> </charParams>
<charParams l="276" t="1071" r="294" b="1095" charConfidence="82">v</charParams>
<charParams l="298" t="1063" r="306" b="1095" charConfidence="100">i</charParams>
<charParams l="309" t="1072" r="320" b="1095" charConfidence="100">e</charParams>
<charParams l="324" t="1063" r="332" b="1096" charConfidence="59">l</charParams>
<charParams l="333" t="1062" r="354" b="1102"> </charParams>
<charParams l="355" t="1062" r="368" b="1102" charConfidence="92">s</charParams>
<charParams l="367" t="1071" r="382" b="1094" charConfidence="38">a</charParams>
<charParams l="385" t="1070" r="401" b="1102" charConfidence="48">g</charParams>
<charParams l="405" t="1070" r="417" b="1094" charConfidence="82">e</charParams>
<charParams l="420" t="1069" r="438" b="1094" charConfidence="71">n</charParams>
<charParams l="449" t="1060" r="465" b="1092" suspicious="1" charConfidence="100">?</charParams>
<charParams l="466" t="1058" r="503" b="1098"> </charParams>
<charParams l="504" t="1058" r="532" b="1098" suspicious="1" charConfidence="19">I</charParams>
<charParams l="536" t="1068" r="564" b="1092" charConfidence="83">m</charParams>
<charParams l="565" t="1057" r="589" b="1092"> </charParams>
<charParams l="590" t="1057" r="625" b="1091" charConfidence="60">S</charParams>
<charParams l="628" t="1059" r="654" b="1098" charConfidence="62">c</charParams>
<charParams l="628" t="1059" r="654" b="1098" charConfidence="62">h</charParams>
<charParams l="659" t="1067" r="671" b="1090" charConfidence="58">r</charParams>
<charParams l="674" t="1067" r="687" b="1091" charConfidence="30">e</charParams>
<charParams l="690" t="1059" r="698" b="1091" charConfidence="100">i</charParams>
<charParams l="702" t="1058" r="717" b="1091" charConfidence="100">b</charParams>
<charParams l="720" t="1067" r="732" b="1090" charConfidence="29">e</charParams>
<charParams l="735" t="1067" r="753" b="1091" charConfidence="37">n</charParams>
<charParams l="754" t="1058" r="775" b="1099"> </charParams>
<charParams l="776" t="1058" r="793" b="1099" suspicious="1" charConfidence="93">h</charParams>
<charParams l="798" t="1067" r="813" b="1091" charConfidence="100">a</charParams>
<charParams l="816" t="1064" r="827" b="1092" charConfidence="40">t</charParams>
<charParams l="830" t="1062" r="841" b="1092" charConfidence="39">t</charParams>
<charParams l="843" t="1067" r="855" b="1092" charConfidence="35">e</charParams>
<charParams l="857" t="1067" r="877" b="1092" charConfidence="100">n</charParams>
<charParams l="878" t="1067" r="899" b="1092"> </charParams>
<charParams l="900" t="1069" r="917" b="1092" charConfidence="36">a</charParams>
<charParams l="920" t="1068" r="938" b="1092" charConfidence="100">n</charParams>
<charParams l="941" t="1062" r="956" b="1093" charConfidence="32">d</charParams>
<charParams l="961" t="1070" r="973" b="1093" charConfidence="48">e</charParams>
<charParams l="976" t="1069" r="988" b="1093" charConfidence="37">r</charParams>
<charParams l="992" t="1071" r="1007" b="1093" charConfidence="30">e</charParams></formatting></line>
<line baseline="1154" l="212" t="1120" r="1008" b="1166"><formatting lang="OldGerman">
<charParams l="212" t="1125" r="227" b="1156" charConfidence="68">k</charParams>
<charParams l="228" t="1133" r="244" b="1156" charConfidence="67">a</charParams>
<charParams l="247" t="1133" r="264" b="1157" charConfidence="30">u</charParams>
<charParams l="268" t="1134" r="296" b="1157" charConfidence="100">m</charParams>
<charParams l="297" t="1126" r="327" b="1165"> </charParams>
<charParams l="328" t="1126" r="343" b="1165" charConfidence="100">s</charParams>
<charParams l="342" t="1135" r="356" b="1158" charConfidence="35">o</charParams>
<charParams l="357" t="1133" r="379" b="1158"> </charParams>
<charParams l="380" t="1133" r="407" b="1158" charConfidence="32">w</charParams>
<charParams l="411" t="1134" r="425" b="1156" charConfidence="34">o</charParams>
<charParams l="430" t="1123" r="446" b="1166" charConfidence="73">h</charParams>
<charParams l="451" t="1125" r="459" b="1156" charConfidence="37">l</charParams>
<charParams l="460" t="1133" r="476" b="1165" charConfidence="31">g</charParams>
<charParams l="481" t="1133" r="493" b="1156" charConfidence="27">e</charParams>
<charParams l="496" t="1124" r="509" b="1162" suspicious="1" charConfidence="58">f</charParams>
<charParams l="509" t="1133" r="522" b="1154" charConfidence="33">o</charParams>
<charParams l="527" t="1132" r="539" b="1155" charConfidence="100">r</charParams>
<charParams l="543" t="1131" r="569" b="1154" charConfidence="68">m</charParams>
<charParams l="573" t="1126" r="584" b="1154" charConfidence="100">t</charParams>
<charParams l="586" t="1131" r="599" b="1153" charConfidence="31">e</charParams>
<charParams l="600" t="1120" r="622" b="1154"> </charParams>
<charParams l="623" t="1120" r="656" b="1154" charConfidence="29">B</charParams>
<charParams l="660" t="1130" r="676" b="1154" charConfidence="42">u</charParams>
<charParams l="680" t="1123" r="707" b="1161" charConfidence="100">c</charParams>
<charParams l="680" t="1123" r="707" b="1161" suspicious="1" charConfidence="100">h</charParams>
<charParams l="711" t="1122" r="731" b="1162" charConfidence="67">s</charParams>
<charParams l="711" t="1122" r="731" b="1162" suspicious="1" charConfidence="67">t</charParams>
<charParams l="734" t="1130" r="748" b="1153" charConfidence="24">a</charParams>
<charParams l="753" t="1120" r="769" b="1153" charConfidence="36">b</charParams>
<charParams l="772" t="1130" r="784" b="1153" charConfidence="38">e</charParams>
<charParams l="787" t="1130" r="804" b="1153" charConfidence="54">n</charParams>
<charParams l="814" t="1144" r="824" b="1161" charConfidence="100">,</charParams>
<charParams l="825" t="1123" r="857" b="1161"> </charParams>
<charParams l="858" t="1123" r="874" b="1152" charConfidence="30">d</charParams>
<charParams l="879" t="1130" r="893" b="1152" charConfidence="40">o</charParams>
<charParams l="897" t="1131" r="907" b="1153" charConfidence="88">c</charParams>
<charParams l="908" t="1122" r="924" b="1162" charConfidence="59">h</charParams>
<charParams l="925" t="1122" r="947" b="1162"> </charParams>
<charParams l="948" t="1132" r="965" b="1155" charConfidence="40">v</charParams>
<charParams l="969" t="1124" r="978" b="1155" charConfidence="75">i</charParams>
<charParams l="981" t="1132" r="993" b="1154" charConfidence="28">e</charParams>
<charParams l="996" t="1124" r="1008" b="1155" charConfidence="28">l</charParams></formatting></line>
<line baseline="1219" l="213" t="1184" r="1005" b="1229"><formatting lang="OldGerman">
<charParams l="213" t="1187" r="229" b="1223" charConfidence="40">f</charParams>
<charParams l="228" t="1195" r="241" b="1218" charConfidence="43">r</charParams>
<charParams l="243" t="1196" r="255" b="1219" charConfidence="33">e</charParams>
<charParams l="258" t="1196" r="273" b="1228" charConfidence="26">y</charParams>
<charParams l="277" t="1197" r="289" b="1220" charConfidence="26">e</charParams>
<charParams l="292" t="1197" r="305" b="1220" charConfidence="100">r</charParams>
<charParams l="308" t="1198" r="321" b="1220" charConfidence="58">e</charParams>
<charParams l="322" t="1187" r="349" b="1226"> </charParams>
<charParams l="350" t="1187" r="371" b="1226" charConfidence="50">Z</charParams>
<charParams l="375" t="1187" r="393" b="1221" charConfidence="53">ü</charParams>
<charParams l="395" t="1197" r="411" b="1229" charConfidence="66">g</charParams>
<charParams l="415" t="1197" r="427" b="1221" charConfidence="55">e</charParams>
<charParams l="437" t="1198" r="446" b="1228" charConfidence="46">;</charParams>
<charParams l="447" t="1188" r="478" b="1228"> </charParams>
<charParams l="479" t="1188" r="487" b="1220" charConfidence="100">i</charParams>
<charParams l="492" t="1195" r="519" b="1219" charConfidence="55">m</charParams>
<charParams l="520" t="1185" r="549" b="1219"> </charParams>
<charParams l="550" t="1185" r="582" b="1219" charConfidence="33">R</charParams>
<charParams l="586" t="1195" r="598" b="1219" charConfidence="62">e</charParams>
<charParams l="601" t="1186" r="627" b="1226" charConfidence="64">c</charParams>
<charParams l="601" t="1186" r="627" b="1226" charConfidence="64">h</charParams>
<charParams l="631" t="1195" r="647" b="1218" charConfidence="82">n</charParams>
<charParams l="652" t="1195" r="663" b="1218" charConfidence="26">e</charParams>
<charParams l="667" t="1194" r="684" b="1218" charConfidence="37">n</charParams>
<charParams l="685" t="1192" r="706" b="1218"> </charParams>
<charParams l="707" t="1192" r="734" b="1218" charConfidence="40">w</charParams>
<charParams l="737" t="1193" r="751" b="1216" charConfidence="27">a</charParams>
<charParams l="756" t="1193" r="769" b="1217" charConfidence="100">r</charParams>
<charParams l="772" t="1193" r="784" b="1217" charConfidence="45">e</charParams>
<charParams l="787" t="1192" r="804" b="1216" charConfidence="28">n</charParams>
<charParams l="805" t="1192" r="828" b="1216"> </charParams>
<charParams l="829" t="1193" r="844" b="1216" charConfidence="25">a</charParams>
<charParams l="849" t="1184" r="858" b="1216" charConfidence="76">l</charParams>
<charParams l="858" t="1184" r="867" b="1216" charConfidence="100">l</charParams>
<charParams l="869" t="1193" r="882" b="1216" charConfidence="38">e</charParams>
<charParams l="883" t="1185" r="905" b="1223"> </charParams>
<charParams l="906" t="1185" r="919" b="1223" charConfidence="100">s</charParams>
<charParams l="918" t="1185" r="943" b="1224" charConfidence="46">c</charParams>
<charParams l="918" t="1185" r="943" b="1224" charConfidence="46">h</charParams>
<charParams l="948" t="1194" r="966" b="1218" charConfidence="49">n</charParams>
<charParams l="971" t="1196" r="981" b="1218" suspicious="1" charConfidence="82">e</charParams>
<charParams l="984" t="1188" r="994" b="1219" charConfidence="26">l</charParams>
<charParams l="994" t="1198" r="1005" b="1215" suspicious="1" charConfidence="22">-</charParams></formatting></line>
<line baseline="1281" l="215" t="1247" r="1004" b="1292"><formatting lang="OldGerman">
<charParams l="215" t="1249" r="224" b="1280" charConfidence="35">l</charParams>
<charParams l="227" t="1256" r="238" b="1280" charConfidence="29">e</charParams>
<charParams l="241" t="1256" r="255" b="1280" charConfidence="62">r</charParams>
<charParams l="263" t="1272" r="273" b="1286" charConfidence="71">,</charParams>
<charParams l="274" t="1259" r="304" b="1286"> </charParams>
<charParams l="305" t="1259" r="322" b="1282" charConfidence="100">u</charParams>
<charParams l="326" t="1259" r="343" b="1283" charConfidence="30">n</charParams>
<charParams l="346" t="1254" r="362" b="1283" charConfidence="35">d</charParams>
<charParams l="363" t="1254" r="391" b="1284"> </charParams>
<charParams l="392" t="1261" r="409" b="1284" charConfidence="31">a</charParams>
<charParams l="412" t="1260" r="431" b="1284" charConfidence="36">n</charParams>
<charParams l="432" t="1251" r="460" b="1291"> </charParams>
<charParams l="461" t="1251" r="476" b="1291" charConfidence="53">s</charParams>
<charParams l="475" t="1252" r="501" b="1291" charConfidence="100">c</charParams>
<charParams l="475" t="1252" r="501" b="1291" charConfidence="100">h</charParams>
<charParams l="504" t="1258" r="529" b="1284" charConfidence="39">w</charParams>
<charParams l="534" t="1251" r="541" b="1283" charConfidence="100">i</charParams>
<charParams l="546" t="1259" r="557" b="1282" charConfidence="100">e</charParams>
<charParams l="561" t="1259" r="573" b="1282" charConfidence="46">r</charParams>
<charParams l="577" t="1252" r="583" b="1282" charConfidence="100">i</charParams>
<charParams l="587" t="1259" r="603" b="1290" charConfidence="58">g</charParams>
<charParams l="607" t="1259" r="620" b="1282" charConfidence="35">e</charParams>
<charParams l="621" t="1248" r="640" b="1282"> </charParams>
<charParams l="641" t="1248" r="670" b="1281" charConfidence="27">A</charParams>
<charParams l="672" t="1258" r="688" b="1281" charConfidence="39">u</charParams>
<charParams l="690" t="1248" r="705" b="1287" charConfidence="29">f</charParams>
<charParams l="704" t="1257" r="720" b="1287" charConfidence="75">g</charParams>
<charParams l="724" t="1256" r="739" b="1279" charConfidence="46">a</charParams>
<charParams l="744" t="1247" r="758" b="1280" charConfidence="57">b</charParams>
<charParams l="763" t="1256" r="774" b="1279" charConfidence="39">e</charParams>
<charParams l="777" t="1256" r="795" b="1280" charConfidence="73">n</charParams>
<charParams l="805" t="1270" r="815" b="1285" charConfidence="100">,</charParams>
<charParams l="816" t="1253" r="845" b="1285"> </charParams>
<charParams l="846" t="1253" r="873" b="1279" charConfidence="24">w</charParams>
<charParams l="877" t="1256" r="890" b="1280" charConfidence="100">e</charParams>
<charParams l="893" t="1248" r="901" b="1280" charConfidence="41">l</charParams>
<charParams l="904" t="1249" r="930" b="1288" charConfidence="100">c</charParams>
<charParams l="904" t="1249" r="930" b="1288" charConfidence="100">h</charParams>
<charParams l="934" t="1258" r="947" b="1281" charConfidence="37">e</charParams>
<charParams l="948" t="1251" r="968" b="1292"> </charParams>
<charParams l="969" t="1251" r="989" b="1292" charConfidence="81">s</charParams>
<charParams l="969" t="1251" r="989" b="1292" charConfidence="81">i</charParams>
<charParams l="991" t="1259" r="1004" b="1284" charConfidence="25">e</charParams></formatting></line>
<line baseline="1344" l="214" t="1309" r="1004" b="1354"><formatting lang="OldGerman">
<charParams l="214" t="1309" r="229" b="1340" charConfidence="28">b</charParams>
<charParams l="234" t="1318" r="245" b="1340" charConfidence="34">e</charParams>
<charParams l="248" t="1310" r="272" b="1346" charConfidence="98">s</charParams>
<charParams l="248" t="1310" r="272" b="1346" charConfidence="98">s</charParams>
<charParams l="271" t="1320" r="282" b="1342" charConfidence="31">e</charParams>
<charParams l="286" t="1320" r="299" b="1343" charConfidence="32">r</charParams>
<charParams l="300" t="1314" r="322" b="1344"> </charParams>
<charParams l="323" t="1314" r="332" b="1344" charConfidence="100">l</charParams>
<charParams l="335" t="1313" r="349" b="1343" charConfidence="22">ö</charParams>
<charParams l="353" t="1315" r="374" b="1353" charConfidence="36">s</charParams>
<charParams l="353" t="1315" r="374" b="1353" charConfidence="36">t</charParams>
<charParams l="374" t="1337" r="383" b="1351" charConfidence="83">,</charParams>
<charParams l="384" t="1314" r="407" b="1351"> </charParams>
<charParams l="408" t="1314" r="422" b="1345" charConfidence="55">k</charParams>
<charParams l="424" t="1324" r="439" b="1345" charConfidence="66">a</charParams>
<charParams l="443" t="1322" r="472" b="1346" charConfidence="100">m</charParams>
<charParams l="473" t="1322" r="495" b="1346"> </charParams>
<charParams l="496" t="1324" r="509" b="1346" charConfidence="26">e</charParams>
<charParams l="513" t="1318" r="528" b="1346" suspicious="1" charConfidence="100">S</charParams>
<charParams l="529" t="1313" r="552" b="1346"> </charParams>
<charParams l="553" t="1313" r="568" b="1346" charConfidence="57">b</charParams>
<charParams l="572" t="1322" r="584" b="1345" charConfidence="25">e</charParams>
<charParams l="587" t="1322" r="603" b="1354" charConfidence="28">y</charParams>
<charParams l="604" t="1315" r="621" b="1354"> </charParams>
<charParams l="622" t="1315" r="638" b="1344" charConfidence="51">d</charParams>
<charParams l="642" t="1322" r="654" b="1344" charConfidence="46">e</charParams>
<charParams l="657" t="1320" r="670" b="1343" charConfidence="53">r</charParams>
<charParams l="671" t="1310" r="686" b="1343"> </charParams>
<charParams l="687" t="1310" r="712" b="1343" charConfidence="68">U</charParams>
<charParams l="715" t="1318" r="732" b="1341" charConfidence="100">n</charParams>
<charParams l="736" t="1315" r="746" b="1342" charConfidence="100">t</charParams>
<charParams l="749" t="1319" r="760" b="1341" charConfidence="28">e</charParams>
<charParams l="764" t="1318" r="777" b="1342" charConfidence="100">r</charParams>
<charParams l="780" t="1310" r="793" b="1348" charConfidence="27">s</charParams>
<charParams l="791" t="1318" r="807" b="1342" charConfidence="42">u</charParams>
<charParams l="812" t="1310" r="839" b="1348" charConfidence="55">c</charParams>
<charParams l="812" t="1310" r="839" b="1348" charConfidence="55">h</charParams>
<charParams l="842" t="1319" r="860" b="1343" charConfidence="79">u</charParams>
<charParams l="862" t="1319" r="880" b="1342" charConfidence="56">n</charParams>
<charParams l="883" t="1320" r="899" b="1351" charConfidence="63">g</charParams>
<charParams l="900" t="1320" r="917" b="1351"> </charParams>
<charParams l="918" t="1321" r="935" b="1345" charConfidence="100">n</charParams>
<charParams l="940" t="1314" r="947" b="1345" charConfidence="100">i</charParams>
<charParams l="950" t="1314" r="977" b="1353" charConfidence="55">c</charParams>
<charParams l="950" t="1314" r="977" b="1353" charConfidence="55">h</charParams>
<charParams l="981" t="1318" r="992" b="1346" charConfidence="44">t</charParams>
<charParams l="994" t="1338" r="1004" b="1346" charConfidence="57">.</charParams></formatting></line>
<line baseline="1406" l="213" t="1370" r="1004" b="1417"><formatting lang="OldGerman">
<charParams l="213" t="1370" r="242" b="1408" suspicious="1" charConfidence="-1">I</charParams>
<charParams l="244" t="1379" r="272" b="1403" charConfidence="56">m</charParams>
<charParams l="273" t="1371" r="298" b="1411"> </charParams>
<charParams l="299" t="1371" r="323" b="1411" charConfidence="50">F</charParams>
<charParams l="325" t="1382" r="338" b="1405" charConfidence="53">r</charParams>
<charParams l="340" t="1384" r="356" b="1407" charConfidence="100">a</charParams>
<charParams l="360" t="1384" r="376" b="1407" charConfidence="25">n</charParams>
<charParams l="380" t="1384" r="391" b="1417" charConfidence="27">z</charParams>
<charParams l="396" t="1376" r="410" b="1407" charConfidence="33">ö</charParams>
<charParams l="414" t="1376" r="432" b="1415" charConfidence="83">s</charParams>
<charParams l="414" t="1376" r="432" b="1415" charConfidence="83">i</charParams>
<charParams l="435" t="1376" r="447" b="1415" charConfidence="86">s</charParams>
<charParams l="446" t="1377" r="472" b="1414" charConfidence="57">c</charParams>
<charParams l="446" t="1377" r="472" b="1414" charConfidence="57">h</charParams>
<charParams l="476" t="1386" r="488" b="1409" charConfidence="26">e</charParams>
<charParams l="491" t="1385" r="509" b="1408" charConfidence="34">n</charParams>
<charParams l="510" t="1376" r="532" b="1408"> </charParams>
<charParams l="533" t="1376" r="550" b="1408" suspicious="1" charConfidence="22">ü</charParams>
<charParams l="554" t="1376" r="569" b="1408" charConfidence="42">b</charParams>
<charParams l="573" t="1384" r="585" b="1408" charConfidence="25">e</charParams>
<charParams l="589" t="1384" r="601" b="1407" charConfidence="36">r</charParams>
<charParams l="603" t="1383" r="619" b="1414" charConfidence="100">p</charParams>
<charParams l="623" t="1383" r="638" b="1406" charConfidence="29">a</charParams>
<charParams l="642" t="1382" r="654" b="1405" charConfidence="59">r</charParams>
<charParams l="658" t="1374" r="666" b="1405" charConfidence="64">l</charParams>
<charParams l="669" t="1373" r="677" b="1404" charConfidence="100">i</charParams>
<charParams l="680" t="1381" r="693" b="1404" charConfidence="55">r</charParams>
<charParams l="696" t="1378" r="706" b="1404" charConfidence="28">t</charParams>
<charParams l="708" t="1380" r="721" b="1403" charConfidence="98">e</charParams>
<charParams l="723" t="1380" r="741" b="1403" charConfidence="100">n</charParams>
<charParams l="742" t="1380" r="767" b="1404"> </charParams>
<charParams l="768" t="1380" r="785" b="1404" charConfidence="94">u</charParams>
<charParams l="789" t="1380" r="806" b="1405" charConfidence="100">n</charParams>
<charParams l="809" t="1375" r="826" b="1404" charConfidence="26">d</charParams>
<charParams l="827" t="1372" r="853" b="1406"> </charParams>
<charParams l="854" t="1372" r="873" b="1406" charConfidence="36">ü</charParams>
<charParams l="877" t="1374" r="892" b="1407" charConfidence="44">b</charParams>
<charParams l="896" t="1384" r="909" b="1408" charConfidence="25">e</charParams>
<charParams l="911" t="1384" r="923" b="1407" charConfidence="31">r</charParams>
<charParams l="927" t="1385" r="939" b="1409" charConfidence="38">e</charParams>
<charParams l="940" t="1385" r="955" b="1413" suspicious="1" charConfidence="-1">x</charParams>
<charParams l="957" t="1385" r="973" b="1415" charConfidence="96">p</charParams>
<charParams l="977" t="1385" r="991" b="1408" charConfidence="43">o</charParams>
<charParams l="994" t="1390" r="1004" b="1405" suspicious="1" charConfidence="22">-</charParams></formatting></line>
<line baseline="1469" l="214" t="1433" r="1006" b="1477"><formatting lang="OldGerman">
<charParams l="214" t="1442" r="232" b="1464" charConfidence="33">n</charParams>
<charParams l="236" t="1434" r="244" b="1464" charConfidence="100">i</charParams>
<charParams l="247" t="1442" r="259" b="1464" suspicious="1" charConfidence="23">r</charParams>
<charParams l="264" t="1437" r="273" b="1464" charConfidence="70">t</charParams>
<charParams l="277" t="1442" r="287" b="1465" charConfidence="27">e</charParams>
<charParams l="291" t="1442" r="309" b="1467" charConfidence="40">n</charParams>
<charParams l="310" t="1436" r="328" b="1474"> </charParams>
<charParams l="329" t="1436" r="347" b="1474" charConfidence="84">s</charParams>
<charParams l="329" t="1436" r="347" b="1474" charConfidence="84">i</charParams>
<charParams l="350" t="1447" r="363" b="1469" charConfidence="26">e</charParams>
<charParams l="364" t="1446" r="380" b="1469"> </charParams>
<charParams l="381" t="1446" r="408" b="1469" charConfidence="100">m</charParams>
<charParams l="413" t="1448" r="428" b="1470" charConfidence="26">a</charParams>
<charParams l="432" t="1447" r="448" b="1470" charConfidence="50">n</charParams>
<charParams l="452" t="1439" r="479" b="1477" charConfidence="59">c</charParams>
<charParams l="452" t="1439" r="479" b="1477" charConfidence="59">h</charParams>
<charParams l="483" t="1448" r="495" b="1470" suspicious="1" charConfidence="40">e</charParams>
<charParams l="506" t="1449" r="514" b="1477" suspicious="1" charConfidence="28">;</charParams>
<charParams l="515" t="1440" r="539" b="1477"> </charParams>
<charParams l="540" t="1440" r="549" b="1471" charConfidence="32">i</charParams>
<charParams l="553" t="1447" r="570" b="1471" charConfidence="45">n</charParams>
<charParams l="571" t="1440" r="588" b="1471"> </charParams>
<charParams l="589" t="1440" r="605" b="1469" charConfidence="36">d</charParams>
<charParams l="609" t="1446" r="621" b="1468" charConfidence="27">e</charParams>
<charParams l="624" t="1444" r="637" b="1468" charConfidence="55">r</charParams>
<charParams l="638" t="1433" r="653" b="1468"> </charParams>
<charParams l="654" t="1433" r="686" b="1467" charConfidence="24">G</charParams>
<charParams l="690" t="1443" r="702" b="1467" charConfidence="39">e</charParams>
<charParams l="705" t="1435" r="718" b="1475" charConfidence="100">s</charParams>
<charParams l="716" t="1434" r="743" b="1473" charConfidence="55">c</charParams>
<charParams l="716" t="1434" r="743" b="1473" charConfidence="55">h</charParams>
<charParams l="746" t="1435" r="755" b="1468" charConfidence="29">i</charParams>
<charParams l="759" t="1435" r="785" b="1474" charConfidence="71">c</charParams>
<charParams l="759" t="1435" r="785" b="1474" charConfidence="71">h</charParams>
<charParams l="788" t="1441" r="799" b="1468" charConfidence="59">t</charParams>
<charParams l="802" t="1444" r="815" b="1468" charConfidence="25">e</charParams>
<charParams l="816" t="1444" r="836" b="1471"> </charParams>
<charParams l="837" t="1444" r="864" b="1471" charConfidence="23">w</charParams>
<charParams l="868" t="1446" r="883" b="1470" charConfidence="35">a</charParams>
<charParams l="887" t="1447" r="900" b="1472" charConfidence="29">r</charParams>
<charParams l="903" t="1447" r="915" b="1470" charConfidence="55">e</charParams>
<charParams l="918" t="1446" r="936" b="1470" charConfidence="37">n</charParams>
<charParams l="937" t="1441" r="959" b="1470"> </charParams>
<charParams l="960" t="1441" r="968" b="1470" charConfidence="100">i</charParams>
<charParams l="972" t="1438" r="989" b="1477" charConfidence="25">h</charParams>
<charParams l="993" t="1446" r="1006" b="1469" charConfidence="25">r</charParams></formatting></line></par>
</text>
</block>
</page>
</document>