﻿<?xml version="1.0" encoding="UTF-8" standalone="yes"?>
<document xmlns="http://www.abbyy.com/FineReader_xml/FineReader10-schema-v1.xml" version="1.0" producer="ABBYY FineReader Engine 11" languages="" xmlns:xsi="http://www.w3.org/2001/XMLSchema-instance" xsi:schemaLocation="http://www.abbyy.com/FineReader_xml/FineReader10-schema-v1.xml http://www.abbyy.com/FineReader_xml/FineReader10-schema-v1.xml">
<page width="1156" height="1782" resolution="300" originalCoords="1">
<block blockType="Text" blockName="">
<text>
<par align="Center" rightIndent="1100">
<line baseline="105" l="573" t="58" r="617" b="92"><formatting lang="OldGerman">
<charParams l="574" t="66" r="594" b="92" suspicious="1" charConfidence="0">2</charParams>
<charParams l="596" t="58" r="617" b="85" suspicious="1" charConfidence="34">6</charParams></formatting></line></par>
</text>
<text>
<par align="Justified" leftIndent="800" startIndent="1" lineSpacing="1440">
<line baseline="191" l="207" t="131" r="986" b="200"><formatting lang="OldGerman">
<charParams l="207" t="154" r="242" b="190" charConfidence="27">N</charParams>
<charParams l="246" t="164" r="261" b="188" charConfidence="29">a</charParams>
<charParams l="265" t="162" r="293" b="188" charConfidence="25">m</charParams>
<charParams l="296" t="162" r="308" b="187" charConfidence="26">e</charParams>
<charParams l="310" t="163" r="329" b="187" charConfidence="26">n</charParams>
<charParams l="330" t="161" r="357" b="187"> </charParams>
<charParams l="358" t="161" r="376" b="185" charConfidence="36">u</charParams>
<charParams l="378" t="159" r="396" b="184" charConfidence="28">n</charParams>
<charParams l="398" t="154" r="415" b="182" charConfidence="26">d</charParams>
<charParams l="415" t="145" r="443" b="185"> </charParams>
<charParams l="443" t="145" r="475" b="184" suspicious="1" charConfidence="19">Z</charParams>
<charParams l="476" t="152" r="492" b="175" charConfidence="54">a</charParams>
<charParams l="495" t="142" r="512" b="181" charConfidence="59">h</charParams>
<charParams l="516" t="149" r="530" b="172" charConfidence="28">r</charParams>
<charParams l="530" t="148" r="543" b="181" suspicious="1" charConfidence="26">z</charParams>
<charParams l="546" t="149" r="563" b="171" charConfidence="54">a</charParams>
<charParams l="565" t="140" r="583" b="180" charConfidence="43">h</charParams>
<charParams l="587" t="141" r="598" b="171" charConfidence="19">l</charParams>
<charParams l="597" t="148" r="610" b="171" charConfidence="55">e</charParams>
<charParams l="612" t="148" r="631" b="172" suspicious="1" charConfidence="28">n</charParams>
<charParams l="631" t="147" r="660" b="173"> </charParams>
<charParams l="660" t="149" r="679" b="172" charConfidence="43">n</charParams>
<charParams l="681" t="141" r="691" b="171" charConfidence="27">i</charParams>
<charParams l="692" t="140" r="720" b="180" charConfidence="27">c</charParams>
<charParams l="692" t="140" r="720" b="180" charConfidence="27">h</charParams>
<charParams l="722" t="147" r="735" b="174" charConfidence="93">t</charParams>
<charParams l="735" t="146" r="754" b="183"> </charParams>
<charParams l="754" t="150" r="773" b="182" charConfidence="26">g</charParams>
<charParams l="776" t="144" r="786" b="176" charConfidence="46">l</charParams>
<charParams l="786" t="152" r="799" b="176" charConfidence="29">e</charParams>
<charParams l="802" t="144" r="811" b="175" charConfidence="100">i</charParams>
<charParams l="812" t="141" r="840" b="180" charConfidence="61">c</charParams>
<charParams l="812" t="141" r="840" b="180" charConfidence="61">h</charParams>
<charParams l="840" t="141" r="864" b="179"> </charParams>
<charParams l="864" t="142" r="880" b="175" charConfidence="25">b</charParams>
<charParams l="884" t="153" r="896" b="175" charConfidence="30">e</charParams>
<charParams l="898" t="153" r="916" b="184" charConfidence="37">y</charParams>
<charParams l="916" t="148" r="938" b="184"> </charParams>
<charParams l="938" t="148" r="954" b="179" charConfidence="28">d</charParams>
<charParams l="958" t="156" r="970" b="180" charConfidence="27">e</charParams>
<charParams l="973" t="156" r="986" b="181" charConfidence="25">r</charParams></formatting></line>
<line baseline="251" l="206" t="189" r="987" b="260"><formatting lang="OldGerman">
<charParams l="206" t="216" r="239" b="257" charConfidence="25">H</charParams>
<charParams l="242" t="228" r="258" b="249" charConfidence="29">a</charParams>
<charParams l="261" t="226" r="278" b="248" charConfidence="41">n</charParams>
<charParams l="281" t="219" r="297" b="247" charConfidence="59">d</charParams>
<charParams l="308" t="225" r="319" b="254" charConfidence="100">;</charParams>
<charParams l="319" t="212" r="359" b="254"> </charParams>
<charParams l="359" t="212" r="375" b="245" charConfidence="29">b</charParams>
<charParams l="379" t="221" r="390" b="243" charConfidence="26">e</charParams>
<charParams l="393" t="219" r="410" b="250" charConfidence="25">y</charParams>
<charParams l="410" t="207" r="449" b="250"> </charParams>
<charParams l="449" t="207" r="464" b="236" charConfidence="26">d</charParams>
<charParams l="468" t="212" r="479" b="234" charConfidence="41">e</charParams>
<charParams l="482" t="210" r="496" b="233" charConfidence="100">r</charParams>
<charParams l="496" t="199" r="528" b="233"> </charParams>
<charParams l="528" t="199" r="561" b="232" charConfidence="26">G</charParams>
<charParams l="565" t="210" r="577" b="232" charConfidence="27">e</charParams>
<charParams l="581" t="209" r="594" b="232" charConfidence="45">o</charParams>
<charParams l="597" t="209" r="613" b="240" charConfidence="36">g</charParams>
<charParams l="617" t="209" r="630" b="232" charConfidence="100">r</charParams>
<charParams l="632" t="210" r="648" b="232" charConfidence="100">a</charParams>
<charParams l="651" t="209" r="667" b="240" charConfidence="38">p</charParams>
<charParams l="671" t="201" r="688" b="241" charConfidence="59">h</charParams>
<charParams l="692" t="204" r="700" b="235" charConfidence="37">i</charParams>
<charParams l="703" t="212" r="716" b="236" charConfidence="26">e</charParams>
<charParams l="717" t="212" r="746" b="237"> </charParams>
<charParams l="747" t="213" r="765" b="237" charConfidence="27">v</charParams>
<charParams l="769" t="214" r="781" b="237" charConfidence="46">e</charParams>
<charParams l="784" t="212" r="796" b="236" charConfidence="28">r</charParams>
<charParams l="799" t="212" r="826" b="236" charConfidence="94">m</charParams>
<charParams l="830" t="205" r="838" b="236" charConfidence="100">i</charParams>
<charParams l="841" t="204" r="858" b="243" charConfidence="29">ß</charParams>
<charParams l="861" t="210" r="870" b="236" charConfidence="30">t</charParams>
<charParams l="873" t="212" r="886" b="236" charConfidence="33">e</charParams>
<charParams l="887" t="212" r="916" b="238"> </charParams>
<charParams l="917" t="212" r="944" b="238" charConfidence="26">m</charParams>
<charParams l="948" t="217" r="964" b="239" charConfidence="35">a</charParams>
<charParams l="967" t="216" r="987" b="243" charConfidence="24">n</charParams></formatting></line>
<line baseline="310" l="206" t="249" r="984" b="324"><formatting lang="OldGerman">
<charParams l="206" t="277" r="236" b="312" charConfidence="0">A</charParams>
<charParams l="236" t="286" r="253" b="309" charConfidence="29">u</charParams>
<charParams l="255" t="276" r="271" b="315" charConfidence="100">f</charParams>
<charParams l="268" t="283" r="296" b="307" charConfidence="36">m</charParams>
<charParams l="298" t="283" r="312" b="307" charConfidence="49">e</charParams>
<charParams l="314" t="282" r="328" b="308" charConfidence="31">r</charParams>
<charParams l="329" t="273" r="343" b="305" charConfidence="31">k</charParams>
<charParams l="344" t="273" r="358" b="311" charConfidence="26">s</charParams>
<charParams l="354" t="280" r="370" b="302" charConfidence="27">a</charParams>
<charParams l="372" t="276" r="401" b="301" charConfidence="29">m</charParams>
<charParams l="403" t="267" r="417" b="298" charConfidence="26">k</charParams>
<charParams l="418" t="275" r="431" b="296" charConfidence="27">e</charParams>
<charParams l="433" t="265" r="443" b="297" charConfidence="26">i</charParams>
<charParams l="444" t="268" r="456" b="294" charConfidence="39">t</charParams>
<charParams l="456" t="268" r="477" b="294"> </charParams>
<charParams l="477" t="267" r="494" b="291" charConfidence="71">a</charParams>
<charParams l="497" t="269" r="515" b="291" charConfidence="41">u</charParams>
<charParams l="518" t="259" r="531" b="298" charConfidence="28">f</charParams>
<charParams l="531" t="259" r="547" b="297"> </charParams>
<charParams l="547" t="264" r="568" b="292" charConfidence="78">d</charParams>
<charParams l="572" t="263" r="580" b="292" charConfidence="50">i</charParams>
<charParams l="583" t="270" r="597" b="292" charConfidence="68">e</charParams>
<charParams l="597" t="269" r="618" b="302"> </charParams>
<charParams l="618" t="270" r="637" b="301" charConfidence="65">p</charParams>
<charParams l="639" t="271" r="655" b="294" charConfidence="56">o</charParams>
<charParams l="657" t="264" r="667" b="295" charConfidence="100">l</charParams>
<charParams l="669" t="263" r="677" b="294" charConfidence="43">i</charParams>
<charParams l="680" t="269" r="691" b="295" charConfidence="32">t</charParams>
<charParams l="693" t="266" r="702" b="294" charConfidence="25">i</charParams>
<charParams l="705" t="264" r="718" b="301" charConfidence="26">s</charParams>
<charParams l="716" t="266" r="743" b="303" charConfidence="63">c</charParams>
<charParams l="716" t="266" r="743" b="303" charConfidence="63">h</charParams>
<charParams l="745" t="273" r="760" b="298" charConfidence="28">e</charParams>
<charParams l="760" t="265" r="784" b="299"> </charParams>
<charParams l="784" t="264" r="811" b="299" charConfidence="29">E</charParams>
<charParams l="813" t="268" r="822" b="298" charConfidence="28">i</charParams>
<charParams l="824" t="273" r="841" b="297" charConfidence="41">n</charParams>
<charParams l="844" t="265" r="875" b="306" suspicious="1" charConfidence="0">c</charParams>
<charParams l="844" t="265" r="875" b="306" suspicious="1" charConfidence="0">h</charParams>
<charParams l="877" t="274" r="891" b="298" charConfidence="28">e</charParams>
<charParams l="893" t="267" r="902" b="296" charConfidence="29">i</charParams>
<charParams l="904" t="267" r="913" b="297" suspicious="1" charConfidence="100">l</charParams>
<charParams l="915" t="273" r="932" b="298" charConfidence="23">u</charParams>
<charParams l="935" t="274" r="954" b="298" charConfidence="54">n</charParams>
<charParams l="954" t="276" r="972" b="307" charConfidence="30">g</charParams>
<charParams l="975" t="292" r="984" b="302" charConfidence="59">.</charParams></formatting></line>
<line baseline="370" l="202" t="308" r="985" b="381"><formatting lang="OldGerman">
<charParams l="202" t="335" r="225" b="374" charConfidence="76">Z</charParams>
<charParams l="229" t="345" r="246" b="368" suspicious="1" charConfidence="100">u</charParams>
<charParams l="249" t="343" r="279" b="367" charConfidence="72">m</charParams>
<charParams l="280" t="340" r="309" b="366"> </charParams>
<charParams l="310" t="340" r="339" b="364" charConfidence="45">m</charParams>
<charParams l="342" t="340" r="358" b="364" charConfidence="31">u</charParams>
<charParams l="361" t="329" r="381" b="369" charConfidence="22">s</charParams>
<charParams l="361" t="329" r="381" b="369" suspicious="1" charConfidence="22">i</charParams>
<charParams l="381" t="335" r="394" b="358" suspicious="1" charConfidence="24">c</charParams>
<charParams l="394" t="335" r="410" b="357" charConfidence="27">a</charParams>
<charParams l="413" t="326" r="423" b="356" charConfidence="50">l</charParams>
<charParams l="424" t="324" r="434" b="355" charConfidence="28">i</charParams>
<charParams l="434" t="322" r="449" b="361" suspicious="1" charConfidence="40">s</charParams>
<charParams l="445" t="320" r="472" b="360" charConfidence="58">c</charParams>
<charParams l="445" t="320" r="472" b="360" suspicious="1" charConfidence="58">h</charParams>
<charParams l="475" t="327" r="489" b="352" charConfidence="54">e</charParams>
<charParams l="490" t="328" r="509" b="352" charConfidence="39">n</charParams>
<charParams l="509" t="321" r="533" b="355"> </charParams>
<charParams l="533" t="321" r="564" b="354" charConfidence="21">V</charParams>
<charParams l="566" t="332" r="581" b="355" charConfidence="44">o</charParams>
<charParams l="584" t="331" r="598" b="354" charConfidence="100">r</charParams>
<charParams l="600" t="328" r="611" b="355" suspicious="1" charConfidence="29">l</charParams>
<charParams l="612" t="331" r="626" b="355" charConfidence="59">r</charParams>
<charParams l="628" t="332" r="644" b="355" charConfidence="34">a</charParams>
<charParams l="645" t="332" r="664" b="363" charConfidence="45">g</charParams>
<charParams l="664" t="327" r="687" b="362"> </charParams>
<charParams l="687" t="327" r="697" b="355" charConfidence="27">i</charParams>
<charParams l="700" t="325" r="717" b="365" charConfidence="77">h</charParams>
<charParams l="721" t="335" r="734" b="357" charConfidence="62">r</charParams>
<charParams l="736" t="335" r="748" b="358" charConfidence="28">e</charParams>
<charParams l="752" t="335" r="765" b="358" charConfidence="26">r</charParams>
<charParams l="766" t="334" r="787" b="360"> </charParams>
<charParams l="788" t="333" r="814" b="360" charConfidence="37">w</charParams>
<charParams l="818" t="336" r="829" b="359" charConfidence="25">e</charParams>
<charParams l="833" t="335" r="849" b="358" charConfidence="40">n</charParams>
<charParams l="853" t="328" r="862" b="358" charConfidence="33">i</charParams>
<charParams l="863" t="336" r="880" b="366" charConfidence="29">g</charParams>
<charParams l="883" t="335" r="895" b="359" charConfidence="25">e</charParams>
<charParams l="898" t="335" r="915" b="358" charConfidence="100">n</charParams>
<charParams l="915" t="327" r="939" b="360"> </charParams>
<charParams l="939" t="327" r="956" b="359" charConfidence="62">b</charParams>
<charParams l="960" t="336" r="972" b="359" charConfidence="33">e</charParams>
<charParams l="974" t="341" r="985" b="357" suspicious="1" charConfidence="64">,</charParams></formatting></line>
<line baseline="431" l="202" t="370" r="983" b="444"><formatting lang="OldGerman">
<charParams l="202" t="398" r="215" b="434" suspicious="1" charConfidence="24">s</charParams>
<charParams l="215" t="397" r="242" b="435" charConfidence="34">c</charParams>
<charParams l="215" t="397" r="242" b="435" suspicious="1" charConfidence="34">h</charParams>
<charParams l="244" t="403" r="257" b="426" charConfidence="28">e</charParams>
<charParams l="260" t="396" r="268" b="427" charConfidence="34">i</charParams>
<charParams l="271" t="397" r="286" b="425" charConfidence="25">d</charParams>
<charParams l="289" t="401" r="302" b="424" charConfidence="25">e</charParams>
<charParams l="305" t="399" r="322" b="423" charConfidence="27">n</charParams>
<charParams l="325" t="399" r="337" b="422" charConfidence="27">e</charParams>
<charParams l="340" t="397" r="358" b="421" charConfidence="27">n</charParams>
<charParams l="359" t="384" r="374" b="420"> </charParams>
<charParams l="375" t="383" r="418" b="418" charConfidence="45">M</charParams>
<charParams l="421" t="391" r="433" b="414" charConfidence="39">e</charParams>
<charParams l="436" t="383" r="444" b="414" charConfidence="28">l</charParams>
<charParams l="447" t="389" r="461" b="412" charConfidence="36">o</charParams>
<charParams l="465" t="382" r="480" b="412" charConfidence="65">d</charParams>
<charParams l="484" t="381" r="493" b="411" charConfidence="38">i</charParams>
<charParams l="495" t="388" r="508" b="411" charConfidence="24">k</charParams>
<charParams l="511" t="389" r="524" b="412" charConfidence="25">e</charParams>
<charParams l="526" t="389" r="543" b="414" charConfidence="100">n</charParams>
<charParams l="544" t="382" r="560" b="420"> </charParams>
<charParams l="561" t="381" r="575" b="420" charConfidence="27">f</charParams>
<charParams l="575" t="392" r="591" b="413" charConfidence="30">a</charParams>
<charParams l="594" t="391" r="611" b="414" charConfidence="46">n</charParams>
<charParams l="615" t="385" r="631" b="416" charConfidence="41">d</charParams>
<charParams l="632" t="385" r="656" b="424"> </charParams>
<charParams l="656" t="384" r="676" b="424" charConfidence="83">s</charParams>
<charParams l="656" t="384" r="676" b="424" charConfidence="83">i</charParams>
<charParams l="677" t="385" r="706" b="423" charConfidence="99">c</charParams>
<charParams l="677" t="385" r="706" b="423" charConfidence="99">h</charParams>
<charParams l="706" t="384" r="728" b="422"> </charParams>
<charParams l="728" t="391" r="754" b="417" charConfidence="44">w</charParams>
<charParams l="758" t="395" r="770" b="416" charConfidence="31">e</charParams>
<charParams l="773" t="389" r="788" b="417" charConfidence="26">d</charParams>
<charParams l="791" t="394" r="804" b="419" charConfidence="100">e</charParams>
<charParams l="807" t="395" r="820" b="417" charConfidence="36">r</charParams>
<charParams l="821" t="387" r="835" b="424"> </charParams>
<charParams l="835" t="386" r="858" b="424" charConfidence="52">Z</charParams>
<charParams l="861" t="396" r="873" b="418" charConfidence="46">e</charParams>
<charParams l="876" t="388" r="884" b="419" charConfidence="58">i</charParams>
<charParams l="887" t="393" r="901" b="419" charConfidence="98">t</charParams>
<charParams l="902" t="393" r="916" b="421"> </charParams>
<charParams l="916" t="395" r="935" b="421" charConfidence="59">n</charParams>
<charParams l="937" t="396" r="953" b="419" charConfidence="51">o</charParams>
<charParams l="955" t="388" r="983" b="427" charConfidence="100">c</charParams>
<charParams l="955" t="388" r="983" b="427" charConfidence="100">h</charParams></formatting></line>
<line baseline="490" l="200" t="422" r="982" b="500"><formatting lang="OldGerman">
<charParams l="200" t="453" r="234" b="487" charConfidence="30">R</charParams>
<charParams l="235" t="463" r="253" b="485" charConfidence="27">u</charParams>
<charParams l="254" t="452" r="274" b="493" charConfidence="26">h</charParams>
<charParams l="275" t="461" r="291" b="483" charConfidence="25">e</charParams>
<charParams l="290" t="472" r="300" b="482" charConfidence="73">.</charParams>
<charParams l="300" t="444" r="361" b="485">    </charParams>
<charParams l="361" t="444" r="393" b="483" suspicious="1" charConfidence="21">Z</charParams>
<charParams l="394" t="450" r="424" b="476" suspicious="1" charConfidence="26">m</charParams>
<charParams l="424" t="434" r="458" b="478"> </charParams>
<charParams l="458" t="434" r="482" b="477" charConfidence="28">Z</charParams>
<charParams l="484" t="449" r="497" b="471" charConfidence="27">e</charParams>
<charParams l="499" t="442" r="508" b="471" charConfidence="35">i</charParams>
<charParams l="510" t="441" r="538" b="479" charConfidence="34">c</charParams>
<charParams l="510" t="441" r="538" b="479" charConfidence="34">h</charParams>
<charParams l="539" t="449" r="558" b="472" charConfidence="29">n</charParams>
<charParams l="561" t="448" r="574" b="473" charConfidence="25">e</charParams>
<charParams l="575" t="450" r="596" b="475" charConfidence="25">n</charParams>
<charParams l="596" t="442" r="625" b="482"> </charParams>
<charParams l="625" t="442" r="645" b="481" suspicious="1" charConfidence="28">h</charParams>
<charParams l="646" t="443" r="662" b="473" charConfidence="25">ä</charParams>
<charParams l="665" t="449" r="677" b="473" charConfidence="30">t</charParams>
<charParams l="678" t="449" r="690" b="473" charConfidence="34">t</charParams>
<charParams l="691" t="452" r="706" b="473" charConfidence="32">e</charParams>
<charParams l="706" t="445" r="736" b="482"> </charParams>
<charParams l="736" t="444" r="756" b="481" charConfidence="51">s</charParams>
<charParams l="736" t="444" r="756" b="481" charConfidence="51">i</charParams>
<charParams l="756" t="453" r="771" b="473" suspicious="1" charConfidence="33">e</charParams>
<charParams l="771" t="452" r="802" b="484"> </charParams>
<charParams l="802" t="454" r="821" b="483" charConfidence="96">g</charParams>
<charParams l="823" t="454" r="837" b="475" charConfidence="25">e</charParams>
<charParams l="838" t="453" r="865" b="476" charConfidence="49">w</charParams>
<charParams l="867" t="447" r="877" b="476" charConfidence="28">i</charParams>
<charParams l="879" t="446" r="896" b="481" charConfidence="28">ß</charParams>
<charParams l="896" t="446" r="930" b="480"> </charParams>
<charParams l="930" t="450" r="947" b="478" charConfidence="27">d</charParams>
<charParams l="949" t="457" r="962" b="479" charConfidence="32">e</charParams>
<charParams l="963" t="456" r="982" b="483" charConfidence="26">n</charParams></formatting></line></par>
<par align="Justified" leftIndent="800" startIndent="1" lineSpacing="1440">
<line baseline="552" l="199" t="492" r="982" b="561"><formatting lang="OldGerman">
<charParams l="199" t="511" r="233" b="551" charConfidence="42">P</charParams>
<charParams l="236" t="519" r="249" b="542" charConfidence="28">r</charParams>
<charParams l="251" t="518" r="264" b="542" charConfidence="100">e</charParams>
<charParams l="265" t="510" r="276" b="540" charConfidence="100">i</charParams>
<charParams l="275" t="512" r="294" b="540" charConfidence="-1">s</charParams>
<charParams l="294" t="508" r="324" b="540"> </charParams>
<charParams l="324" t="508" r="341" b="537" charConfidence="100">d</charParams>
<charParams l="343" t="514" r="359" b="538" charConfidence="28">a</charParams>
<charParams l="361" t="512" r="379" b="536" charConfidence="92">v</charParams>
<charParams l="382" t="511" r="397" b="535" charConfidence="33">o</charParams>
<charParams l="399" t="510" r="420" b="535" charConfidence="60">n</charParams>
<charParams l="420" t="509" r="447" b="542"> </charParams>
<charParams l="447" t="510" r="466" b="541" charConfidence="28">g</charParams>
<charParams l="468" t="509" r="482" b="532" charConfidence="26">e</charParams>
<charParams l="482" t="506" r="495" b="533" charConfidence="43">t</charParams>
<charParams l="496" t="509" r="511" b="532" charConfidence="35">r</charParams>
<charParams l="512" t="508" r="528" b="530" charConfidence="26">a</charParams>
<charParams l="529" t="509" r="547" b="539" charConfidence="46">g</charParams>
<charParams l="549" t="509" r="563" b="531" charConfidence="39">e</charParams>
<charParams l="564" t="507" r="583" b="532" charConfidence="94">n</charParams>
<charParams l="590" t="509" r="600" b="530" charConfidence="42">:</charParams>
<charParams l="600" t="501" r="639" b="532"> </charParams>
<charParams l="639" t="501" r="650" b="531" charConfidence="30">i</charParams>
<charParams l="652" t="499" r="670" b="540" charConfidence="27">h</charParams>
<charParams l="673" t="508" r="687" b="531" charConfidence="27">r</charParams>
<charParams l="687" t="509" r="703" b="532" charConfidence="26">e</charParams>
<charParams l="703" t="501" r="734" b="535"> </charParams>
<charParams l="734" t="500" r="759" b="534" charConfidence="35">U</charParams>
<charParams l="761" t="508" r="789" b="533" charConfidence="28">m</charParams>
<charParams l="793" t="509" r="806" b="533" charConfidence="53">r</charParams>
<charParams l="808" t="503" r="817" b="532" charConfidence="29">i</charParams>
<charParams l="819" t="502" r="846" b="537" charConfidence="94">s</charParams>
<charParams l="819" t="502" r="846" b="537" charConfidence="94">s</charParams>
<charParams l="842" t="511" r="856" b="533" charConfidence="31">e</charParams>
<charParams l="857" t="511" r="867" b="536"> </charParams>
<charParams l="868" t="524" r="875" b="536" charConfidence="-1">,</charParams>
<charParams l="876" t="512" r="883" b="536"> </charParams>
<charParams l="884" t="511" r="911" b="536" charConfidence="52">w</charParams>
<charParams l="915" t="515" r="930" b="536" charConfidence="65">a</charParams>
<charParams l="934" t="515" r="948" b="538" charConfidence="48">r</charParams>
<charParams l="950" t="518" r="961" b="540" charConfidence="30">e</charParams>
<charParams l="963" t="516" r="982" b="544" charConfidence="25">n</charParams></formatting></line>
<line baseline="609" l="198" t="549" r="982" b="621"><formatting lang="OldGerman">
<charParams l="198" t="581" r="211" b="605" charConfidence="60">r</charParams>
<charParams l="214" t="580" r="225" b="605" charConfidence="26">e</charParams>
<charParams l="230" t="572" r="237" b="604" charConfidence="66">i</charParams>
<charParams l="240" t="580" r="258" b="603" charConfidence="100">n</charParams>
<charParams l="259" t="578" r="281" b="603"> </charParams>
<charParams l="282" t="578" r="300" b="601" charConfidence="77">u</charParams>
<charParams l="303" t="575" r="320" b="601" charConfidence="46">n</charParams>
<charParams l="323" t="569" r="340" b="600" charConfidence="29">d</charParams>
<charParams l="341" t="567" r="364" b="600"> </charParams>
<charParams l="365" t="567" r="380" b="597" charConfidence="30">d</charParams>
<charParams l="385" t="566" r="392" b="597" charConfidence="48">i</charParams>
<charParams l="396" t="573" r="408" b="596" charConfidence="28">e</charParams>
<charParams l="409" t="562" r="430" b="597"> </charParams>
<charParams l="431" t="561" r="459" b="597" charConfidence="30">A</charParams>
<charParams l="462" t="572" r="477" b="595" charConfidence="36">u</charParams>
<charParams l="482" t="565" r="496" b="595" charConfidence="74">s</charParams>
<charParams l="500" t="561" r="514" b="600" charConfidence="48">f</charParams>
<charParams l="514" t="561" r="530" b="593" charConfidence="24">ü</charParams>
<charParams l="534" t="560" r="550" b="601" charConfidence="100">h</charParams>
<charParams l="554" t="569" r="567" b="592" charConfidence="100">r</charParams>
<charParams l="570" t="569" r="587" b="594" charConfidence="34">u</charParams>
<charParams l="591" t="568" r="607" b="592" charConfidence="97">n</charParams>
<charParams l="610" t="567" r="627" b="600" charConfidence="53">g</charParams>
<charParams l="628" t="559" r="651" b="599"> </charParams>
<charParams l="652" t="558" r="667" b="591" charConfidence="36">b</charParams>
<charParams l="671" t="568" r="682" b="591" charConfidence="26">e</charParams>
<charParams l="686" t="568" r="701" b="599" charConfidence="22">y</charParams>
<charParams l="702" t="567" r="724" b="599"> </charParams>
<charParams l="725" t="567" r="743" b="591" charConfidence="41">v</charParams>
<charParams l="746" t="560" r="754" b="591" charConfidence="29">i</charParams>
<charParams l="758" t="569" r="769" b="591" charConfidence="26">e</charParams>
<charParams l="773" t="561" r="781" b="591" charConfidence="54">l</charParams>
<charParams l="784" t="569" r="796" b="591" charConfidence="33">e</charParams>
<charParams l="799" t="569" r="812" b="592" charConfidence="58">r</charParams>
<charParams l="813" t="562" r="835" b="595"> </charParams>
<charParams l="836" t="561" r="870" b="595" charConfidence="31">S</charParams>
<charParams l="876" t="571" r="889" b="594" charConfidence="35">o</charParams>
<charParams l="893" t="573" r="907" b="595" charConfidence="38">r</charParams>
<charParams l="906" t="574" r="925" b="604" charConfidence="24">g</charParams>
<charParams l="927" t="567" r="941" b="605" charConfidence="29">f</charParams>
<charParams l="940" t="577" r="955" b="599" charConfidence="26">a</charParams>
<charParams l="959" t="571" r="969" b="601" charConfidence="27">l</charParams>
<charParams l="969" t="575" r="982" b="604" charConfidence="100">t</charParams></formatting></line>
<line baseline="670" l="196" t="612" r="979" b="682"><formatting lang="OldGerman">
<charParams l="196" t="644" r="214" b="674" charConfidence="27">g</charParams>
<charParams l="217" t="643" r="231" b="667" charConfidence="28">e</charParams>
<charParams l="232" t="635" r="240" b="666" charConfidence="100">i</charParams>
<charParams l="243" t="634" r="264" b="673" charConfidence="33">s</charParams>
<charParams l="243" t="634" r="264" b="673" charConfidence="33">t</charParams>
<charParams l="266" t="642" r="280" b="665" charConfidence="27">r</charParams>
<charParams l="281" t="641" r="295" b="664" charConfidence="42">e</charParams>
<charParams l="297" t="633" r="305" b="663" charConfidence="50">i</charParams>
<charParams l="307" t="631" r="335" b="669" charConfidence="81">c</charParams>
<charParams l="307" t="631" r="335" b="669" charConfidence="81">h</charParams>
<charParams l="338" t="653" r="347" b="662" charConfidence="100">.</charParams>
<charParams l="347" t="628" r="391" b="662"> </charParams>
<charParams l="391" t="627" r="410" b="661" charConfidence="41">L</charParams>
<charParams l="412" t="636" r="426" b="658" charConfidence="28">e</charParams>
<charParams l="428" t="628" r="436" b="659" charConfidence="40">i</charParams>
<charParams l="439" t="629" r="455" b="659" charConfidence="28">d</charParams>
<charParams l="457" t="632" r="471" b="656" charConfidence="25">e</charParams>
<charParams l="473" t="633" r="488" b="657" charConfidence="26">r</charParams>
<charParams l="488" t="623" r="518" b="667"> </charParams>
<charParams l="518" t="622" r="537" b="667" suspicious="1" charConfidence="25">h</charParams>
<charParams l="539" t="633" r="555" b="655" charConfidence="26">a</charParams>
<charParams l="558" t="627" r="582" b="656" charConfidence="65">t</charParams>
<charParams l="558" t="627" r="582" b="656" charConfidence="65">t</charParams>
<charParams l="584" t="631" r="598" b="654" charConfidence="28">e</charParams>
<charParams l="598" t="621" r="629" b="662"> </charParams>
<charParams l="629" t="621" r="649" b="661" charConfidence="81">s</charParams>
<charParams l="629" t="621" r="649" b="661" charConfidence="81">i</charParams>
<charParams l="649" t="629" r="663" b="652" charConfidence="33">e</charParams>
<charParams l="663" t="628" r="685" b="653"> </charParams>
<charParams l="685" t="629" r="699" b="652" charConfidence="31">e</charParams>
<charParams l="701" t="625" r="712" b="651" charConfidence="46">t</charParams>
<charParams l="714" t="628" r="740" b="652" charConfidence="23">w</charParams>
<charParams l="742" t="629" r="758" b="652" charConfidence="24">a</charParams>
<charParams l="761" t="623" r="779" b="651" charConfidence="100">s</charParams>
<charParams l="779" t="622" r="800" b="663"> </charParams>
<charParams l="800" t="629" r="813" b="662" charConfidence="31">z</charParams>
<charParams l="816" t="630" r="834" b="653" charConfidence="30">u</charParams>
<charParams l="834" t="623" r="859" b="656"> </charParams>
<charParams l="859" t="622" r="892" b="655" charConfidence="27">G</charParams>
<charParams l="895" t="634" r="909" b="656" charConfidence="27">r</charParams>
<charParams l="910" t="635" r="925" b="658" charConfidence="41">o</charParams>
<charParams l="928" t="628" r="945" b="666" charConfidence="28">ß</charParams>
<charParams l="946" t="638" r="959" b="660" charConfidence="26">e</charParams>
<charParams l="960" t="634" r="979" b="662" charConfidence="98">s</charParams></formatting></line>
<line baseline="733" l="196" t="675" r="978" b="741"><formatting lang="OldGerman">
<charParams l="197" t="704" r="216" b="728" charConfidence="79">u</charParams>
<charParams l="219" t="704" r="236" b="729" charConfidence="52">n</charParams>
<charParams l="239" t="700" r="249" b="728" charConfidence="73">t</charParams>
<charParams l="252" t="704" r="264" b="727" charConfidence="30">e</charParams>
<charParams l="267" t="703" r="279" b="727" charConfidence="72">r</charParams>
<charParams l="282" t="702" r="300" b="727" charConfidence="100">n</charParams>
<charParams l="303" t="701" r="317" b="727" charConfidence="36">o</charParams>
<charParams l="320" t="698" r="348" b="724" charConfidence="28">m</charParams>
<charParams l="351" t="699" r="379" b="725" charConfidence="46">m</charParams>
<charParams l="383" t="698" r="394" b="723" charConfidence="32">e</charParams>
<charParams l="397" t="697" r="416" b="723" charConfidence="27">n</charParams>
<charParams l="417" t="696" r="445" b="722"> </charParams>
<charParams l="446" t="696" r="464" b="721" charConfidence="75">u</charParams>
<charParams l="467" t="695" r="485" b="719" charConfidence="95">n</charParams>
<charParams l="487" t="689" r="504" b="718" charConfidence="27">d</charParams>
<charParams l="504" t="689" r="526" b="719"> </charParams>
<charParams l="527" t="691" r="553" b="719" charConfidence="55">w</charParams>
<charParams l="557" t="693" r="572" b="716" charConfidence="33">a</charParams>
<charParams l="576" t="692" r="590" b="717" charConfidence="27">r</charParams>
<charParams l="590" t="690" r="613" b="717"> </charParams>
<charParams l="613" t="689" r="632" b="716" charConfidence="27">n</charParams>
<charParams l="635" t="684" r="644" b="715" charConfidence="28">i</charParams>
<charParams l="646" t="682" r="673" b="722" charConfidence="61">c</charParams>
<charParams l="646" t="682" r="673" b="722" charConfidence="61">h</charParams>
<charParams l="676" t="687" r="688" b="714" charConfidence="57">t</charParams>
<charParams l="688" t="682" r="708" b="721"> </charParams>
<charParams l="708" t="681" r="725" b="721" charConfidence="36">f</charParams>
<charParams l="724" t="689" r="736" b="712" charConfidence="62">e</charParams>
<charParams l="738" t="689" r="751" b="712" charConfidence="74">r</charParams>
<charParams l="754" t="686" r="764" b="712" charConfidence="40">t</charParams>
<charParams l="767" t="682" r="775" b="711" charConfidence="100">i</charParams>
<charParams l="777" t="689" r="794" b="719" charConfidence="71">g</charParams>
<charParams l="795" t="688" r="815" b="722"> </charParams>
<charParams l="816" t="690" r="834" b="721" charConfidence="25">g</charParams>
<charParams l="837" t="691" r="849" b="714" charConfidence="25">e</charParams>
<charParams l="852" t="690" r="877" b="715" charConfidence="66">w</charParams>
<charParams l="881" t="693" r="896" b="717" charConfidence="30">o</charParams>
<charParams l="900" t="694" r="912" b="717" charConfidence="38">r</charParams>
<charParams l="915" t="690" r="930" b="719" charConfidence="26">d</charParams>
<charParams l="934" t="697" r="945" b="720" charConfidence="36">e</charParams>
<charParams l="949" t="697" r="965" b="722" charConfidence="35">n</charParams>
<charParams l="968" t="712" r="978" b="724" charConfidence="91">.</charParams></formatting></line></par>
<par align="Justified" startIndent="2184" lineSpacing="1464">
<line baseline="855" l="262" t="797" r="979" b="868"><formatting lang="OldGerman">
<charParams l="262" t="814" r="293" b="850" charConfidence="27">A</charParams>
<charParams l="293" t="816" r="303" b="847" charConfidence="25">l</charParams>
<charParams l="302" t="817" r="321" b="847" charConfidence="100">s</charParams>
<charParams l="321" t="814" r="358" b="846"> </charParams>
<charParams l="358" t="814" r="375" b="845" charConfidence="28">d</charParams>
<charParams l="378" t="812" r="387" b="844" charConfidence="100">i</charParams>
<charParams l="388" t="818" r="404" b="844" charConfidence="25">e</charParams>
<charParams l="404" t="809" r="430" b="844"> </charParams>
<charParams l="430" t="808" r="467" b="844" charConfidence="34">S</charParams>
<charParams l="469" t="809" r="497" b="849" charConfidence="79">c</charParams>
<charParams l="469" t="809" r="497" b="849" charConfidence="79">h</charParams>
<charParams l="500" t="807" r="518" b="841" charConfidence="25">ü</charParams>
<charParams l="521" t="810" r="530" b="841" charConfidence="47">l</charParams>
<charParams l="531" t="816" r="546" b="841" charConfidence="27">e</charParams>
<charParams l="547" t="817" r="561" b="840" charConfidence="29">r</charParams>
<charParams l="563" t="808" r="571" b="839" charConfidence="38">i</charParams>
<charParams l="573" t="813" r="591" b="840" charConfidence="26">n</charParams>
<charParams l="594" t="813" r="613" b="839" charConfidence="26">n</charParams>
<charParams l="614" t="814" r="628" b="839" charConfidence="26">e</charParams>
<charParams l="629" t="813" r="649" b="839" charConfidence="26">n</charParams>
<charParams l="649" t="812" r="678" b="839"> </charParams>
<charParams l="678" t="812" r="695" b="836" charConfidence="26">a</charParams>
<charParams l="698" t="802" r="715" b="836" charConfidence="29">b</charParams>
<charParams l="715" t="811" r="734" b="843" charConfidence="24">g</charParams>
<charParams l="736" t="810" r="751" b="836" charConfidence="25">e</charParams>
<charParams l="752" t="808" r="763" b="837" charConfidence="32">t</charParams>
<charParams l="765" t="811" r="779" b="835" charConfidence="29">r</charParams>
<charParams l="780" t="811" r="794" b="835" charConfidence="26">e</charParams>
<charParams l="796" t="808" r="808" b="836" charConfidence="26">t</charParams>
<charParams l="808" t="813" r="821" b="836" charConfidence="24">e</charParams>
<charParams l="823" t="812" r="843" b="836" charConfidence="25">n</charParams>
<charParams l="843" t="811" r="871" b="841"> </charParams>
<charParams l="871" t="812" r="898" b="840" charConfidence="30">w</charParams>
<charParams l="900" t="816" r="916" b="841" charConfidence="59">a</charParams>
<charParams l="919" t="814" r="933" b="842" charConfidence="26">t</charParams>
<charParams l="934" t="819" r="947" b="842" charConfidence="32">e</charParams>
<charParams l="949" t="820" r="966" b="844" charConfidence="39">n</charParams>
<charParams l="968" t="835" r="979" b="852" charConfidence="88">,</charParams></formatting></line>
<line baseline="914" l="195" t="858" r="976" b="923"><formatting lang="OldGerman">
<charParams l="195" t="879" r="211" b="907" charConfidence="26">d</charParams>
<charParams l="216" t="877" r="224" b="908" charConfidence="40">i</charParams>
<charParams l="227" t="885" r="241" b="907" charConfidence="29">e</charParams>
<charParams l="242" t="875" r="270" b="914"> </charParams>
<charParams l="271" t="875" r="303" b="913" charConfidence="40">P</charParams>
<charParams l="306" t="881" r="321" b="906" charConfidence="36">r</charParams>
<charParams l="321" t="873" r="340" b="904" charConfidence="59">ü</charParams>
<charParams l="342" t="872" r="358" b="909" charConfidence="57">f</charParams>
<charParams l="356" t="881" r="369" b="903" charConfidence="26">e</charParams>
<charParams l="370" t="880" r="389" b="902" charConfidence="53">n</charParams>
<charParams l="392" t="873" r="407" b="902" charConfidence="27">d</charParams>
<charParams l="411" t="879" r="423" b="901" charConfidence="55">e</charParams>
<charParams l="426" t="878" r="445" b="901" charConfidence="37">n</charParams>
<charParams l="446" t="878" r="473" b="909"> </charParams>
<charParams l="474" t="878" r="489" b="909" charConfidence="92">z</charParams>
<charParams l="492" t="878" r="508" b="900" charConfidence="30">u</charParams>
<charParams l="512" t="870" r="526" b="907" charConfidence="100">s</charParams>
<charParams l="523" t="876" r="539" b="900" charConfidence="60">a</charParams>
<charParams l="542" t="876" r="570" b="899" charConfidence="67">m</charParams>
<charParams l="573" t="874" r="601" b="899" charConfidence="30">m</charParams>
<charParams l="604" t="876" r="616" b="898" charConfidence="100">e</charParams>
<charParams l="619" t="875" r="637" b="899" charConfidence="60">n</charParams>
<charParams l="637" t="864" r="668" b="899"> </charParams>
<charParams l="668" t="864" r="700" b="898" charConfidence="28">R</charParams>
<charParams l="704" t="874" r="719" b="898" charConfidence="25">a</charParams>
<charParams l="724" t="872" r="733" b="897" charConfidence="28">t</charParams>
<charParams l="735" t="865" r="753" b="905" charConfidence="84">h</charParams>
<charParams l="753" t="864" r="786" b="907"> </charParams>
<charParams l="787" t="867" r="803" b="906" suspicious="1" charConfidence="30">h</charParams>
<charParams l="808" t="869" r="815" b="897" charConfidence="100">i</charParams>
<charParams l="819" t="876" r="830" b="898" charConfidence="26">e</charParams>
<charParams l="834" t="869" r="842" b="898" charConfidence="40">l</charParams>
<charParams l="845" t="874" r="855" b="899" charConfidence="27">t</charParams>
<charParams l="857" t="877" r="869" b="899" charConfidence="27">e</charParams>
<charParams l="872" t="877" r="890" b="899" charConfidence="42">n</charParams>
<charParams l="891" t="876" r="919" b="904"> </charParams>
<charParams l="920" t="879" r="938" b="904" charConfidence="24">u</charParams>
<charParams l="940" t="880" r="957" b="904" charConfidence="55">n</charParams>
<charParams l="961" t="877" r="976" b="906" charConfidence="25">d</charParams></formatting></line>
<line baseline="974" l="194" t="917" r="976" b="992"><formatting lang="OldGerman">
<charParams l="194" t="946" r="213" b="969" charConfidence="25">n</charParams>
<charParams l="216" t="945" r="234" b="970" charConfidence="25">n</charParams>
<charParams l="236" t="939" r="253" b="968" charConfidence="100">S</charParams>
<charParams l="253" t="932" r="283" b="968"> </charParams>
<charParams l="283" t="932" r="301" b="966" charConfidence="37">L</charParams>
<charParams l="304" t="940" r="317" b="964" charConfidence="38">e</charParams>
<charParams l="319" t="931" r="336" b="972" charConfidence="69">h</charParams>
<charParams l="339" t="940" r="353" b="962" charConfidence="59">r</charParams>
<charParams l="354" t="938" r="368" b="963" charConfidence="35">e</charParams>
<charParams l="370" t="938" r="384" b="962" charConfidence="85">r</charParams>
<charParams l="385" t="936" r="405" b="961" charConfidence="41">n</charParams>
<charParams l="405" t="934" r="434" b="961"> </charParams>
<charParams l="434" t="933" r="464" b="961" charConfidence="57">w</charParams>
<charParams l="464" t="935" r="478" b="960" charConfidence="33">e</charParams>
<charParams l="480" t="936" r="497" b="960" charConfidence="67">n</charParams>
<charParams l="500" t="929" r="510" b="959" charConfidence="100">i</charParams>
<charParams l="509" t="936" r="528" b="967" charConfidence="25">g</charParams>
<charParams l="530" t="928" r="552" b="967" charConfidence="30">s</charParams>
<charParams l="530" t="928" r="552" b="967" suspicious="1" charConfidence="30">t</charParams>
<charParams l="554" t="935" r="566" b="959" charConfidence="31">e</charParams>
<charParams l="568" t="934" r="586" b="959" charConfidence="100">n</charParams>
<charParams l="589" t="930" r="606" b="958" charConfidence="100">s</charParams>
<charParams l="606" t="929" r="636" b="960"> </charParams>
<charParams l="636" t="935" r="649" b="959" charConfidence="31">e</charParams>
<charParams l="651" t="928" r="660" b="958" charConfidence="79">i</charParams>
<charParams l="662" t="934" r="680" b="959" charConfidence="78">n</charParams>
<charParams l="684" t="928" r="692" b="959" charConfidence="62">i</charParams>
<charParams l="692" t="936" r="711" b="966" charConfidence="25">g</charParams>
<charParams l="714" t="935" r="726" b="959" charConfidence="30">e</charParams>
<charParams l="728" t="930" r="745" b="959" charConfidence="100">s</charParams>
<charParams l="745" t="927" r="777" b="963"> </charParams>
<charParams l="777" t="926" r="818" b="962" charConfidence="26">W</charParams>
<charParams l="820" t="938" r="836" b="960" charConfidence="34">o</charParams>
<charParams l="838" t="936" r="853" b="961" charConfidence="26">r</charParams>
<charParams l="854" t="934" r="866" b="960" charConfidence="32">t</charParams>
<charParams l="866" t="933" r="888" b="963"> </charParams>
<charParams l="888" t="932" r="905" b="963" charConfidence="41">d</charParams>
<charParams l="906" t="939" r="923" b="962" charConfidence="25">a</charParams>
<charParams l="926" t="931" r="943" b="963" charConfidence="30">b</charParams>
<charParams l="945" t="942" r="958" b="965" charConfidence="25">e</charParams>
<charParams l="959" t="943" r="976" b="975" charConfidence="31">y</charParams></formatting></line>
<line baseline="1036" l="193" t="977" r="977" b="1045"><formatting lang="OldGerman">
<charParams l="194" t="1007" r="211" b="1038" charConfidence="27">g</charParams>
<charParams l="215" t="998" r="230" b="1031" charConfidence="22">ö</charParams>
<charParams l="233" t="1005" r="251" b="1029" charConfidence="44">n</charParams>
<charParams l="254" t="1003" r="271" b="1028" charConfidence="71">n</charParams>
<charParams l="274" t="1000" r="287" b="1027" charConfidence="33">t</charParams>
<charParams l="287" t="1002" r="300" b="1026" charConfidence="25">e</charParams>
<charParams l="302" t="1000" r="321" b="1026" suspicious="1" charConfidence="36">n</charParams>
<charParams l="331" t="1015" r="341" b="1031" charConfidence="100">,</charParams>
<charParams l="341" t="998" r="371" b="1031"> </charParams>
<charParams l="371" t="998" r="400" b="1022" charConfidence="100">m</charParams>
<charParams l="402" t="999" r="417" b="1022" charConfidence="31">e</charParams>
<charParams l="418" t="997" r="433" b="1021" charConfidence="27">r</charParams>
<charParams l="434" t="988" r="448" b="1021" charConfidence="24">k</charParams>
<charParams l="447" t="994" r="460" b="1021" charConfidence="25">t</charParams>
<charParams l="461" t="996" r="477" b="1021" charConfidence="55">e</charParams>
<charParams l="477" t="990" r="498" b="1022"> </charParams>
<charParams l="498" t="990" r="508" b="1021" charConfidence="30">i</charParams>
<charParams l="509" t="988" r="538" b="1027" charConfidence="100">c</charParams>
<charParams l="509" t="988" r="538" b="1027" charConfidence="100">h</charParams>
<charParams l="538" t="988" r="560" b="1026"> </charParams>
<charParams l="560" t="994" r="587" b="1021" charConfidence="79">w</charParams>
<charParams l="591" t="997" r="605" b="1020" charConfidence="33">o</charParams>
<charParams l="608" t="987" r="626" b="1030" charConfidence="31">h</charParams>
<charParams l="630" t="989" r="640" b="1021" charConfidence="28">l</charParams>
<charParams l="640" t="989" r="663" b="1022"> </charParams>
<charParams l="663" t="989" r="679" b="1022" charConfidence="40">b</charParams>
<charParams l="681" t="998" r="698" b="1021" charConfidence="55">a</charParams>
<charParams l="702" t="991" r="710" b="1021" charConfidence="44">l</charParams>
<charParams l="713" t="992" r="728" b="1022" suspicious="1" charConfidence="28">d</charParams>
<charParams l="739" t="1012" r="748" b="1029" charConfidence="75">,</charParams>
<charParams l="748" t="992" r="772" b="1029"> </charParams>
<charParams l="772" t="992" r="788" b="1023" charConfidence="27">d</charParams>
<charParams l="791" t="998" r="808" b="1025" charConfidence="55">a</charParams>
<charParams l="810" t="991" r="828" b="1031" charConfidence="28">ß</charParams>
<charParams l="828" t="990" r="850" b="1031"> </charParams>
<charParams l="851" t="1002" r="867" b="1024" charConfidence="53">v</charParams>
<charParams l="872" t="1001" r="886" b="1024" charConfidence="45">o</charParams>
<charParams l="890" t="1000" r="906" b="1025" charConfidence="88">n</charParams>
<charParams l="906" t="994" r="924" b="1027"> </charParams>
<charParams l="924" t="993" r="952" b="1027" charConfidence="45">O</charParams>
<charParams l="956" t="1000" r="966" b="1027" charConfidence="34">t</charParams>
<charParams l="968" t="1009" r="977" b="1024" charConfidence="100">.</charParams></formatting></line>
<line baseline="1099" l="195" t="1040" r="978" b="1111"><formatting lang="OldGerman">
<charParams l="195" t="1066" r="205" b="1092" charConfidence="30">t</charParams>
<charParams l="210" t="1062" r="217" b="1092" charConfidence="33">i</charParams>
<charParams l="220" t="1061" r="228" b="1092" suspicious="1" charConfidence="60">l</charParams>
<charParams l="231" t="1060" r="239" b="1090" charConfidence="61">i</charParams>
<charParams l="242" t="1067" r="253" b="1090" charConfidence="28">e</charParams>
<charParams l="256" t="1065" r="276" b="1090" charConfidence="55">n</charParams>
<charParams l="277" t="1065" r="303" b="1095"> </charParams>
<charParams l="304" t="1064" r="322" b="1095" charConfidence="26">g</charParams>
<charParams l="324" t="1063" r="340" b="1084" charConfidence="44">a</charParams>
<charParams l="344" t="1059" r="358" b="1085" charConfidence="26">r</charParams>
<charParams l="359" t="1059" r="385" b="1084"> </charParams>
<charParams l="386" t="1058" r="404" b="1084" charConfidence="60">n</charParams>
<charParams l="407" t="1054" r="416" b="1083" charConfidence="71">i</charParams>
<charParams l="418" t="1052" r="444" b="1090" charConfidence="68">c</charParams>
<charParams l="418" t="1052" r="444" b="1090" charConfidence="68">h</charParams>
<charParams l="449" t="1057" r="459" b="1083" charConfidence="58">t</charParams>
<charParams l="466" t="1074" r="477" b="1090" charConfidence="68">,</charParams>
<charParams l="478" t="1060" r="510" b="1090"> </charParams>
<charParams l="511" t="1060" r="529" b="1084" charConfidence="36">u</charParams>
<charParams l="533" t="1059" r="549" b="1084" charConfidence="43">n</charParams>
<charParams l="553" t="1052" r="569" b="1083" charConfidence="35">d</charParams>
<charParams l="570" t="1051" r="600" b="1085"> </charParams>
<charParams l="601" t="1058" r="628" b="1084" charConfidence="68">w</charParams>
<charParams l="631" t="1060" r="644" b="1084" charConfidence="79">e</charParams>
<charParams l="647" t="1060" r="663" b="1084" charConfidence="100">n</charParams>
<charParams l="667" t="1060" r="686" b="1085" charConfidence="26">n</charParams>
<charParams l="687" t="1060" r="709" b="1087"> </charParams>
<charParams l="710" t="1062" r="722" b="1087" charConfidence="29">e</charParams>
<charParams l="725" t="1057" r="740" b="1086" charConfidence="100">s</charParams>
<charParams l="741" t="1056" r="762" b="1095"> </charParams>
<charParams l="762" t="1063" r="781" b="1094" charConfidence="54">g</charParams>
<charParams l="784" t="1063" r="795" b="1086" charConfidence="28">e</charParams>
<charParams l="799" t="1055" r="812" b="1093" charConfidence="33">s</charParams>
<charParams l="810" t="1056" r="837" b="1094" charConfidence="37">c</charParams>
<charParams l="810" t="1056" r="837" b="1094" charConfidence="37">h</charParams>
<charParams l="840" t="1064" r="854" b="1088" charConfidence="55">a</charParams>
<charParams l="859" t="1055" r="877" b="1096" charConfidence="90">h</charParams>
<charParams l="885" t="1078" r="897" b="1094" charConfidence="64">,</charParams>
<charParams l="897" t="1063" r="932" b="1093"> </charParams>
<charParams l="932" t="1062" r="958" b="1089" charConfidence="38">w</charParams>
<charParams l="961" t="1064" r="978" b="1089" charConfidence="34">o</charParams></formatting></line>
<line baseline="1161" l="191" t="1100" r="977" b="1173"><formatting lang="OldGerman">
<charParams l="191" t="1128" r="211" b="1152" charConfidence="41">n</charParams>
<charParams l="214" t="1122" r="222" b="1152" charConfidence="100">i</charParams>
<charParams l="224" t="1120" r="252" b="1157" charConfidence="73">c</charParams>
<charParams l="224" t="1120" r="252" b="1157" charConfidence="73">h</charParams>
<charParams l="255" t="1124" r="267" b="1151" charConfidence="46">t</charParams>
<charParams l="267" t="1123" r="289" b="1151"> </charParams>
<charParams l="289" t="1122" r="318" b="1148" charConfidence="37">m</charParams>
<charParams l="321" t="1118" r="330" b="1147" charConfidence="26">i</charParams>
<charParams l="332" t="1119" r="345" b="1146" charConfidence="100">t</charParams>
<charParams l="345" t="1113" r="366" b="1149"> </charParams>
<charParams l="366" t="1112" r="411" b="1148" charConfidence="100">M</charParams>
<charParams l="414" t="1115" r="422" b="1146" suspicious="1" charConfidence="75">i</charParams>
<charParams l="423" t="1118" r="440" b="1146" charConfidence="100">s</charParams>
<charParams l="443" t="1114" r="460" b="1147" charConfidence="37">b</charParams>
<charParams l="463" t="1116" r="470" b="1146" charConfidence="27">i</charParams>
<charParams l="473" t="1114" r="483" b="1146" charConfidence="45">l</charParams>
<charParams l="483" t="1114" r="492" b="1147" charConfidence="35">l</charParams>
<charParams l="494" t="1114" r="502" b="1146" suspicious="1" charConfidence="100">i</charParams>
<charParams l="503" t="1123" r="522" b="1154" charConfidence="24">g</charParams>
<charParams l="524" t="1123" r="532" b="1146" suspicious="1" charConfidence="100">i</charParams>
<charParams l="534" t="1122" r="563" b="1148" charConfidence="100">m</charParams>
<charParams l="564" t="1123" r="582" b="1155" charConfidence="27">g</charParams>
<charParams l="582" t="1116" r="606" b="1154"> </charParams>
<charParams l="606" t="1116" r="623" b="1147" charConfidence="29">d</charParams>
<charParams l="625" t="1124" r="641" b="1147" charConfidence="33">o</charParams>
<charParams l="642" t="1114" r="671" b="1152" charConfidence="58">c</charParams>
<charParams l="642" t="1114" r="671" b="1152" charConfidence="58">h</charParams>
<charParams l="671" t="1114" r="694" b="1151"> </charParams>
<charParams l="694" t="1123" r="722" b="1149" charConfidence="47">m</charParams>
<charParams l="725" t="1118" r="734" b="1149" charConfidence="26">i</charParams>
<charParams l="736" t="1123" r="749" b="1149" charConfidence="32">t</charParams>
<charParams l="749" t="1117" r="770" b="1152"> </charParams>
<charParams l="770" t="1117" r="803" b="1151" charConfidence="27">G</charParams>
<charParams l="806" t="1120" r="815" b="1150" charConfidence="25">l</charParams>
<charParams l="817" t="1127" r="830" b="1150" charConfidence="27">e</charParams>
<charParams l="833" t="1119" r="841" b="1150" charConfidence="-1">i</charParams>
<charParams l="843" t="1120" r="870" b="1156" charConfidence="67">c</charParams>
<charParams l="843" t="1120" r="870" b="1156" charConfidence="67">h</charParams>
<charParams l="872" t="1126" r="889" b="1156" charConfidence="28">g</charParams>
<charParams l="892" t="1116" r="910" b="1149" charConfidence="27">ü</charParams>
<charParams l="913" t="1118" r="924" b="1148" charConfidence="26">l</charParams>
<charParams l="925" t="1123" r="936" b="1148" charConfidence="27">t</charParams>
<charParams l="937" t="1118" r="946" b="1147" charConfidence="100">i</charParams>
<charParams l="947" t="1126" r="965" b="1156" charConfidence="38">g</charParams>
<charParams l="966" t="1130" r="977" b="1146" charConfidence="64">,</charParams></formatting></line>
<line baseline="1223" l="192" t="1163" r="975" b="1231"><formatting lang="OldGerman">
<charParams l="192" t="1184" r="206" b="1214" suspicious="1" charConfidence="26">k</charParams>
<charParams l="210" t="1191" r="220" b="1214" suspicious="1" charConfidence="31">c</charParams>
<charParams l="223" t="1182" r="232" b="1213" charConfidence="44">i</charParams>
<charParams l="235" t="1187" r="245" b="1213" suspicious="1" charConfidence="30">t</charParams>
<charParams l="246" t="1186" r="275" b="1219"> </charParams>
<charParams l="276" t="1188" r="292" b="1218" charConfidence="48">g</charParams>
<charParams l="296" t="1187" r="307" b="1209" charConfidence="55">e</charParams>
<charParams l="310" t="1177" r="324" b="1216" charConfidence="62">s</charParams>
<charParams l="322" t="1185" r="338" b="1215" charConfidence="100">p</charParams>
<charParams l="341" t="1185" r="354" b="1208" charConfidence="88">r</charParams>
<charParams l="357" t="1185" r="372" b="1209" charConfidence="34">o</charParams>
<charParams l="375" t="1177" r="402" b="1214" charConfidence="65">c</charParams>
<charParams l="375" t="1177" r="402" b="1214" charConfidence="65">h</charParams>
<charParams l="406" t="1185" r="418" b="1208" charConfidence="28">e</charParams>
<charParams l="421" t="1184" r="438" b="1208" charConfidence="42">n</charParams>
<charParams l="439" t="1183" r="461" b="1210"> </charParams>
<charParams l="462" t="1185" r="488" b="1209" charConfidence="30">w</charParams>
<charParams l="492" t="1186" r="509" b="1211" charConfidence="40">u</charParams>
<charParams l="512" t="1186" r="525" b="1209" charConfidence="58">r</charParams>
<charParams l="527" t="1179" r="543" b="1209" charConfidence="28">d</charParams>
<charParams l="547" t="1187" r="560" b="1209" charConfidence="28">e</charParams>
<charParams l="562" t="1201" r="570" b="1209" charConfidence="93">.</charParams>
<charParams l="570" t="1177" r="613" b="1218"> </charParams>
<charParams l="613" t="1176" r="643" b="1217" suspicious="1" charConfidence="16">Z</charParams>
<charParams l="646" t="1178" r="674" b="1216" charConfidence="69">c</charParams>
<charParams l="646" t="1178" r="674" b="1216" charConfidence="69">h</charParams>
<charParams l="674" t="1178" r="698" b="1220"> </charParams>
<charParams l="698" t="1179" r="715" b="1220" suspicious="1" charConfidence="100">h</charParams>
<charParams l="720" t="1187" r="733" b="1211" charConfidence="30">o</charParams>
<charParams l="738" t="1180" r="760" b="1219" charConfidence="100">f</charParams>
<charParams l="738" t="1180" r="760" b="1219" charConfidence="100">f</charParams>
<charParams l="761" t="1188" r="771" b="1210" charConfidence="98">t</charParams>
<charParams l="774" t="1188" r="786" b="1210" charConfidence="36">e</charParams>
<charParams l="787" t="1184" r="809" b="1212"> </charParams>
<charParams l="810" t="1184" r="825" b="1211" charConfidence="26">d</charParams>
<charParams l="828" t="1188" r="845" b="1210" charConfidence="31">u</charParams>
<charParams l="849" t="1188" r="861" b="1210" charConfidence="100">r</charParams>
<charParams l="864" t="1178" r="891" b="1215" charConfidence="62">c</charParams>
<charParams l="864" t="1178" r="891" b="1215" charConfidence="62">h</charParams>
<charParams l="892" t="1177" r="915" b="1215"> </charParams>
<charParams l="916" t="1187" r="928" b="1209" charConfidence="46">e</charParams>
<charParams l="932" t="1179" r="939" b="1208" charConfidence="39">i</charParams>
<charParams l="943" t="1186" r="959" b="1210" charConfidence="25">n</charParams>
<charParams l="962" t="1188" r="975" b="1211" charConfidence="43">e</charParams></formatting></line>
<line baseline="1285" l="192" t="1224" r="975" b="1295"><formatting lang="OldGerman">
<charParams l="192" t="1255" r="208" b="1278" charConfidence="26">o</charParams>
<charParams l="212" t="1244" r="234" b="1286" charConfidence="22">f</charParams>
<charParams l="212" t="1244" r="234" b="1286" charConfidence="22">f</charParams>
<charParams l="233" t="1253" r="251" b="1276" charConfidence="48">n</charParams>
<charParams l="254" t="1251" r="268" b="1275" charConfidence="31">e</charParams>
<charParams l="268" t="1239" r="296" b="1275"> </charParams>
<charParams l="296" t="1238" r="332" b="1273" charConfidence="87">D</charParams>
<charParams l="335" t="1247" r="351" b="1271" charConfidence="100">a</charParams>
<charParams l="354" t="1246" r="367" b="1271" charConfidence="100">r</charParams>
<charParams l="370" t="1240" r="391" b="1279" charConfidence="32">s</charParams>
<charParams l="370" t="1240" r="391" b="1279" charConfidence="32">t</charParams>
<charParams l="393" t="1247" r="404" b="1270" charConfidence="39">e</charParams>
<charParams l="408" t="1239" r="416" b="1270" charConfidence="47">l</charParams>
<charParams l="416" t="1239" r="426" b="1270" charConfidence="30">l</charParams>
<charParams l="428" t="1248" r="444" b="1270" charConfidence="52">u</charParams>
<charParams l="448" t="1247" r="465" b="1271" charConfidence="93">n</charParams>
<charParams l="467" t="1247" r="486" b="1279" charConfidence="27">g</charParams>
<charParams l="486" t="1240" r="515" b="1279"> </charParams>
<charParams l="515" t="1240" r="524" b="1271" charConfidence="28">i</charParams>
<charParams l="527" t="1237" r="544" b="1280" charConfidence="74">h</charParams>
<charParams l="548" t="1248" r="561" b="1271" charConfidence="27">r</charParams>
<charParams l="563" t="1248" r="575" b="1271" charConfidence="26">e</charParams>
<charParams l="578" t="1247" r="592" b="1273" charConfidence="40">r</charParams>
<charParams l="592" t="1241" r="624" b="1274"> </charParams>
<charParams l="624" t="1240" r="652" b="1274" charConfidence="30">A</charParams>
<charParams l="653" t="1251" r="667" b="1272" charConfidence="96">r</charParams>
<charParams l="669" t="1247" r="681" b="1274" charConfidence="27">t</charParams>
<charParams l="681" t="1247" r="701" b="1282"> </charParams>
<charParams l="701" t="1249" r="715" b="1282" charConfidence="100">z</charParams>
<charParams l="718" t="1250" r="736" b="1273" charConfidence="46">u</charParams>
<charParams l="736" t="1243" r="759" b="1280"> </charParams>
<charParams l="759" t="1242" r="773" b="1280" charConfidence="42">s</charParams>
<charParams l="771" t="1250" r="784" b="1273" charConfidence="24">e</charParams>
<charParams l="786" t="1250" r="803" b="1281" charConfidence="25">y</charParams>
<charParams l="806" t="1248" r="824" b="1272" charConfidence="25">n</charParams>
<charParams l="831" t="1262" r="843" b="1277" charConfidence="91">,</charParams>
<charParams l="843" t="1248" r="883" b="1277"> </charParams>
<charParams l="883" t="1247" r="896" b="1270" charConfidence="29">e</charParams>
<charParams l="899" t="1240" r="907" b="1268" charConfidence="-1">i</charParams>
<charParams l="909" t="1247" r="927" b="1269" charConfidence="27">n</charParams>
<charParams l="931" t="1240" r="939" b="1269" charConfidence="-1">i</charParams>
<charParams l="939" t="1248" r="957" b="1278" charConfidence="25">g</charParams>
<charParams l="961" t="1249" r="975" b="1272" charConfidence="54">e</charParams></formatting></line>
<line baseline="1346" l="193" t="1289" r="974" b="1353"><formatting lang="OldGerman">
<charParams l="193" t="1306" r="226" b="1341" charConfidence="25">G</charParams>
<charParams l="229" t="1315" r="247" b="1339" charConfidence="26">u</charParams>
<charParams l="249" t="1314" r="266" b="1337" charConfidence="88">n</charParams>
<charParams l="269" t="1305" r="291" b="1347" charConfidence="32">s</charParams>
<charParams l="269" t="1305" r="291" b="1347" charConfidence="32">t</charParams>
<charParams l="291" t="1304" r="320" b="1346"> </charParams>
<charParams l="320" t="1309" r="333" b="1344" charConfidence="25">z</charParams>
<charParams l="336" t="1309" r="354" b="1333" charConfidence="49">u</charParams>
<charParams l="354" t="1308" r="385" b="1333"> </charParams>
<charParams l="385" t="1308" r="400" b="1332" charConfidence="31">e</charParams>
<charParams l="402" t="1308" r="416" b="1333" charConfidence="35">r</charParams>
<charParams l="417" t="1309" r="431" b="1331" charConfidence="54">r</charParams>
<charParams l="432" t="1308" r="447" b="1331" charConfidence="28">e</charParams>
<charParams l="446" t="1309" r="464" b="1340" charConfidence="51">g</charParams>
<charParams l="466" t="1308" r="480" b="1331" charConfidence="25">e</charParams>
<charParams l="481" t="1307" r="500" b="1332" suspicious="1" charConfidence="85">n</charParams>
<charParams l="515" t="1321" r="525" b="1338" charConfidence="66">,</charParams>
<charParams l="525" t="1310" r="566" b="1338"> </charParams>
<charParams l="566" t="1309" r="585" b="1333" charConfidence="34">u</charParams>
<charParams l="587" t="1310" r="605" b="1333" charConfidence="84">n</charParams>
<charParams l="608" t="1303" r="625" b="1333" charConfidence="60">d</charParams>
<charParams l="625" t="1302" r="655" b="1336"> </charParams>
<charParams l="655" t="1309" r="681" b="1335" charConfidence="62">w</charParams>
<charParams l="684" t="1309" r="700" b="1333" charConfidence="55">a</charParams>
<charParams l="702" t="1309" r="719" b="1342" charConfidence="55">g</charParams>
<charParams l="722" t="1309" r="733" b="1334" charConfidence="31">t</charParams>
<charParams l="735" t="1310" r="749" b="1334" charConfidence="25">e</charParams>
<charParams l="749" t="1309" r="780" b="1334"> </charParams>
<charParams l="780" t="1310" r="808" b="1333" charConfidence="56">m</charParams>
<charParams l="811" t="1304" r="820" b="1330" charConfidence="31">i</charParams>
<charParams l="822" t="1301" r="850" b="1338" charConfidence="74">c</charParams>
<charParams l="822" t="1301" r="850" b="1338" charConfidence="74">h</charParams>
<charParams l="850" t="1300" r="882" b="1337"> </charParams>
<charParams l="882" t="1302" r="898" b="1330" charConfidence="27">d</charParams>
<charParams l="902" t="1309" r="917" b="1330" charConfidence="41">a</charParams>
<charParams l="921" t="1309" r="934" b="1330" charConfidence="25">r</charParams>
<charParams l="936" t="1309" r="952" b="1332" charConfidence="24">a</charParams>
<charParams l="954" t="1308" r="974" b="1334" charConfidence="25">n</charParams></formatting></line>
<line baseline="1407" l="194" t="1349" r="973" b="1418"><formatting lang="OldGerman">
<charParams l="194" t="1380" r="221" b="1402" charConfidence="28">m</charParams>
<charParams l="226" t="1372" r="233" b="1403" charConfidence="32">i</charParams>
<charParams l="236" t="1376" r="247" b="1402" charConfidence="42">t</charParams>
<charParams l="248" t="1370" r="278" b="1402"> </charParams>
<charParams l="279" t="1370" r="294" b="1399" charConfidence="33">d</charParams>
<charParams l="298" t="1375" r="312" b="1399" charConfidence="56">o</charParams>
<charParams l="315" t="1373" r="331" b="1406" charConfidence="100">p</charParams>
<charParams l="334" t="1373" r="350" b="1404" charConfidence="100">p</charParams>
<charParams l="354" t="1372" r="365" b="1395" charConfidence="25">e</charParams>
<charParams l="369" t="1364" r="377" b="1396" charConfidence="43">l</charParams>
<charParams l="379" t="1371" r="389" b="1395" charConfidence="25">t</charParams>
<charParams l="392" t="1371" r="404" b="1394" charConfidence="26">e</charParams>
<charParams l="408" t="1370" r="436" b="1393" charConfidence="100">m</charParams>
<charParams l="437" t="1360" r="466" b="1394"> </charParams>
<charParams l="466" t="1360" r="493" b="1393" charConfidence="27">E</charParams>
<charParams l="497" t="1363" r="505" b="1393" charConfidence="40">i</charParams>
<charParams l="507" t="1361" r="521" b="1399" charConfidence="34">f</charParams>
<charParams l="520" t="1371" r="532" b="1393" charConfidence="29">e</charParams>
<charParams l="535" t="1368" r="548" b="1394" charConfidence="53">r</charParams>
<charParams l="556" t="1383" r="566" b="1399" charConfidence="73">,</charParams>
<charParams l="567" t="1371" r="601" b="1399"> </charParams>
<charParams l="602" t="1371" r="613" b="1394" charConfidence="28">e</charParams>
<charParams l="617" t="1364" r="625" b="1394" charConfidence="76">i</charParams>
<charParams l="628" t="1372" r="645" b="1395" charConfidence="100">n</charParams>
<charParams l="648" t="1370" r="676" b="1395" charConfidence="100">m</charParams>
<charParams l="680" t="1372" r="695" b="1394" charConfidence="67">a</charParams>
<charParams l="699" t="1365" r="708" b="1394" charConfidence="45">l</charParams>
<charParams l="709" t="1364" r="737" b="1396"> </charParams>
<charParams l="738" t="1370" r="764" b="1395" charConfidence="55">w</charParams>
<charParams l="768" t="1372" r="780" b="1395" charConfidence="55">e</charParams>
<charParams l="784" t="1364" r="791" b="1394" charConfidence="44">i</charParams>
<charParams l="795" t="1364" r="802" b="1394" charConfidence="54">l</charParams>
<charParams l="803" t="1363" r="833" b="1394"> </charParams>
<charParams l="834" t="1364" r="842" b="1393" charConfidence="25">l</charParams>
<charParams l="845" t="1361" r="873" b="1401" charConfidence="60">c</charParams>
<charParams l="845" t="1361" r="873" b="1401" charConfidence="60">h</charParams>
<charParams l="874" t="1360" r="905" b="1400"> </charParams>
<charParams l="906" t="1368" r="924" b="1392" charConfidence="63">n</charParams>
<charParams l="927" t="1369" r="942" b="1393" charConfidence="35">a</charParams>
<charParams l="946" t="1363" r="973" b="1401" charConfidence="100">c</charParams>
<charParams l="946" t="1363" r="973" b="1401" charConfidence="100">h</charParams></formatting></line>
<line baseline="1469" l="191" t="1411" r="973" b="1475"><formatting lang="OldGerman">
<charParams l="191" t="1440" r="221" b="1464" charConfidence="72">m</charParams>
<charParams l="224" t="1440" r="238" b="1465" charConfidence="25">e</charParams>
<charParams l="240" t="1433" r="248" b="1464" charConfidence="33">i</charParams>
<charParams l="251" t="1440" r="268" b="1463" charConfidence="24">n</charParams>
<charParams l="270" t="1439" r="284" b="1464" charConfidence="27">e</charParams>
<charParams l="286" t="1438" r="301" b="1463" charConfidence="29">r</charParams>
<charParams l="301" t="1426" r="338" b="1463"> </charParams>
<charParams l="338" t="1425" r="364" b="1460" charConfidence="35">U</charParams>
<charParams l="367" t="1435" r="380" b="1459" charConfidence="26">e</charParams>
<charParams l="381" t="1424" r="398" b="1459" charConfidence="25">b</charParams>
<charParams l="400" t="1434" r="413" b="1459" charConfidence="24">e</charParams>
<charParams l="415" t="1433" r="429" b="1457" charConfidence="50">r</charParams>
<charParams l="429" t="1431" r="443" b="1465" charConfidence="0">z</charParams>
<charParams l="446" t="1432" r="459" b="1456" charConfidence="26">e</charParams>
<charParams l="460" t="1432" r="478" b="1455" charConfidence="35">u</charParams>
<charParams l="478" t="1430" r="497" b="1463" charConfidence="26">g</charParams>
<charParams l="499" t="1431" r="518" b="1455" charConfidence="31">u</charParams>
<charParams l="520" t="1431" r="538" b="1455" charConfidence="28">n</charParams>
<charParams l="539" t="1431" r="558" b="1462" charConfidence="27">g</charParams>
<charParams l="558" t="1424" r="589" b="1463"> </charParams>
<charParams l="589" t="1424" r="603" b="1462" charConfidence="54">s</charParams>
<charParams l="600" t="1432" r="617" b="1463" charConfidence="100">p</charParams>
<charParams l="620" t="1430" r="634" b="1456" charConfidence="26">r</charParams>
<charParams l="635" t="1432" r="649" b="1456" charConfidence="39">e</charParams>
<charParams l="650" t="1425" r="678" b="1463" charConfidence="57">c</charParams>
<charParams l="650" t="1425" r="678" b="1463" charConfidence="57">h</charParams>
<charParams l="681" t="1432" r="694" b="1455" charConfidence="28">e</charParams>
<charParams l="695" t="1431" r="715" b="1455" charConfidence="45">n</charParams>
<charParams l="715" t="1423" r="744" b="1456"> </charParams>
<charParams l="744" t="1423" r="758" b="1455" charConfidence="39">k</charParams>
<charParams l="759" t="1433" r="775" b="1457" charConfidence="29">o</charParams>
<charParams l="777" t="1433" r="794" b="1456" charConfidence="24">n</charParams>
<charParams l="798" t="1432" r="815" b="1456" charConfidence="23">n</charParams>
<charParams l="819" t="1429" r="830" b="1456" charConfidence="35">t</charParams>
<charParams l="831" t="1431" r="845" b="1454" charConfidence="26">e</charParams>
<charParams l="859" t="1444" r="871" b="1460" charConfidence="100">,</charParams>
<charParams l="871" t="1430" r="916" b="1460"> </charParams>
<charParams l="916" t="1430" r="934" b="1454" charConfidence="30">u</charParams>
<charParams l="936" t="1430" r="953" b="1455" charConfidence="58">n</charParams>
<charParams l="956" t="1425" r="973" b="1455" charConfidence="25">d</charParams></formatting></line></par>
</text>
</block>
</page>
</document>