﻿<?xml version="1.0" encoding="UTF-8" standalone="yes"?>
<document xmlns="http://www.abbyy.com/FineReader_xml/FineReader10-schema-v1.xml" version="1.0" producer="ABBYY FineReader Engine 11" languages="" xmlns:xsi="http://www.w3.org/2001/XMLSchema-instance" xsi:schemaLocation="http://www.abbyy.com/FineReader_xml/FineReader10-schema-v1.xml http://www.abbyy.com/FineReader_xml/FineReader10-schema-v1.xml">
<page width="1156" height="1782" resolution="300" originalCoords="1">
<block blockType="Text" blockName="">
<text>
<par startIndent="144">
<line baseline="84" l="563" t="59" r="627" b="84"><formatting lang="OldGerman">
<charParams l="563" t="59" r="580" b="83" suspicious="1" charConfidence="100">1</charParams>
<charParams l="584" t="61" r="606" b="84" suspicious="1" charConfidence="30">0</charParams>
<charParams l="609" t="59" r="627" b="84" suspicious="1" charConfidence="22">1</charParams></formatting></line></par>
</text>
</block>
<block blockType="Text" blockName="">
<text>
<par align="Justified" startIndent="393" lineSpacing="1464">
<line baseline="174" l="191" t="139" r="987" b="184"><formatting lang="OldGerman">
<charParams l="191" t="143" r="208" b="173" charConfidence="27">d</charParams>
<charParams l="209" t="143" r="218" b="174" charConfidence="24">i</charParams>
<charParams l="221" t="150" r="235" b="173" charConfidence="26">e</charParams>
<charParams l="236" t="139" r="268" b="178"> </charParams>
<charParams l="269" t="139" r="301" b="178" charConfidence="28">H</charParams>
<charParams l="304" t="141" r="318" b="172" charConfidence="22">ö</charParams>
<charParams l="321" t="141" r="339" b="182" charConfidence="35">h</charParams>
<charParams l="344" t="151" r="356" b="174" suspicious="1" charConfidence="33">e</charParams>
<charParams l="357" t="143" r="387" b="184"> </charParams>
<charParams l="388" t="143" r="406" b="184" suspicious="1" charConfidence="36">h</charParams>
<charParams l="410" t="151" r="421" b="174" charConfidence="39">e</charParams>
<charParams l="425" t="141" r="440" b="173" charConfidence="37">b</charParams>
<charParams l="443" t="145" r="455" b="174" charConfidence="53">t</charParams>
<charParams l="465" t="163" r="475" b="179" charConfidence="96">,</charParams>
<charParams l="476" t="146" r="507" b="180"> </charParams>
<charParams l="508" t="146" r="521" b="180" charConfidence="25">z</charParams>
<charParams l="523" t="147" r="540" b="171" charConfidence="33">u</charParams>
<charParams l="545" t="140" r="558" b="177" charConfidence="84">s</charParams>
<charParams l="556" t="149" r="571" b="171" charConfidence="24">a</charParams>
<charParams l="576" t="148" r="603" b="171" charConfidence="59">m</charParams>
<charParams l="607" t="147" r="634" b="171" charConfidence="70">m</charParams>
<charParams l="638" t="148" r="651" b="171" charConfidence="96">e</charParams>
<charParams l="654" t="147" r="672" b="171" charConfidence="25">n</charParams>
<charParams l="673" t="147" r="695" b="174"> </charParams>
<charParams l="696" t="150" r="714" b="174" charConfidence="100">u</charParams>
<charParams l="717" t="150" r="735" b="174" charConfidence="59">n</charParams>
<charParams l="738" t="145" r="754" b="175" charConfidence="26">d</charParams>
<charParams l="755" t="143" r="777" b="182"> </charParams>
<charParams l="778" t="143" r="794" b="182" charConfidence="29">f</charParams>
<charParams l="793" t="143" r="810" b="177" charConfidence="37">ü</charParams>
<charParams l="814" t="143" r="830" b="184" charConfidence="100">h</charParams>
<charParams l="835" t="153" r="847" b="176" charConfidence="81">r</charParams>
<charParams l="851" t="150" r="861" b="176" charConfidence="96">t</charParams>
<charParams l="862" t="145" r="884" b="184"> </charParams>
<charParams l="885" t="145" r="903" b="184" charConfidence="82">s</charParams>
<charParams l="885" t="145" r="903" b="184" charConfidence="82">i</charParams>
<charParams l="907" t="153" r="919" b="176" charConfidence="32">e</charParams>
<charParams l="920" t="152" r="942" b="183"> </charParams>
<charParams l="943" t="152" r="959" b="183" charConfidence="82">g</charParams>
<charParams l="962" t="151" r="974" b="175" charConfidence="28">e</charParams>
<charParams l="977" t="154" r="987" b="170" charConfidence="22">¬</charParams></formatting></line>
<line baseline="234" l="188" t="201" r="984" b="244"><formatting lang="OldGerman">
<charParams l="188" t="209" r="206" b="240" charConfidence="31">g</charParams>
<charParams l="209" t="208" r="222" b="232" charConfidence="33">e</charParams>
<charParams l="222" t="207" r="242" b="233" charConfidence="26">n</charParams>
<charParams l="243" t="205" r="267" b="233"> </charParams>
<charParams l="268" t="205" r="283" b="233" charConfidence="25">d</charParams>
<charParams l="287" t="203" r="295" b="234" charConfidence="-1">i</charParams>
<charParams l="298" t="211" r="311" b="234" charConfidence="31">e</charParams>
<charParams l="312" t="203" r="335" b="236"> </charParams>
<charParams l="336" t="203" r="368" b="236" charConfidence="28">B</charParams>
<charParams l="372" t="213" r="386" b="236" charConfidence="28">r</charParams>
<charParams l="388" t="213" r="405" b="235" charConfidence="35">u</charParams>
<charParams l="409" t="204" r="430" b="242" charConfidence="29">s</charParams>
<charParams l="409" t="204" r="430" b="242" charConfidence="29">t</charParams>
<charParams l="437" t="225" r="447" b="240" charConfidence="62">,</charParams>
<charParams l="448" t="201" r="471" b="240"> </charParams>
<charParams l="472" t="201" r="482" b="232" charConfidence="84">i</charParams>
<charParams l="482" t="209" r="501" b="232" charConfidence="31">n</charParams>
<charParams l="505" t="203" r="520" b="231" charConfidence="27">d</charParams>
<charParams l="524" t="209" r="536" b="231" charConfidence="25">e</charParams>
<charParams l="540" t="208" r="568" b="231" charConfidence="40">m</charParams>
<charParams l="569" t="202" r="592" b="240"> </charParams>
<charParams l="593" t="202" r="611" b="240" charConfidence="81">s</charParams>
<charParams l="593" t="202" r="611" b="240" charConfidence="81">i</charParams>
<charParams l="614" t="209" r="627" b="232" charConfidence="34">e</charParams>
<charParams l="628" t="201" r="649" b="239"> </charParams>
<charParams l="650" t="201" r="669" b="239" charConfidence="82">s</charParams>
<charParams l="650" t="201" r="669" b="239" charConfidence="82">i</charParams>
<charParams l="672" t="202" r="698" b="238" charConfidence="31">c</charParams>
<charParams l="672" t="202" r="698" b="238" charConfidence="31">h</charParams>
<charParams l="699" t="202" r="722" b="238"> </charParams>
<charParams l="723" t="212" r="741" b="235" charConfidence="100">n</charParams>
<charParams l="744" t="213" r="761" b="236" charConfidence="67">u</charParams>
<charParams l="765" t="214" r="778" b="236" charConfidence="100">r</charParams>
<charParams l="779" t="214" r="802" b="237"> </charParams>
<charParams l="803" t="214" r="828" b="237" charConfidence="69">w</charParams>
<charParams l="833" t="215" r="844" b="237" charConfidence="32">e</charParams>
<charParams l="848" t="216" r="864" b="237" charConfidence="24">n</charParams>
<charParams l="869" t="208" r="876" b="236" charConfidence="29">i</charParams>
<charParams l="879" t="215" r="895" b="244" charConfidence="31">g</charParams>
<charParams l="896" t="215" r="919" b="244"> </charParams>
<charParams l="920" t="215" r="937" b="237" charConfidence="27">v</charParams>
<charParams l="941" t="214" r="955" b="237" charConfidence="34">o</charParams>
<charParams l="959" t="213" r="972" b="237" charConfidence="94">r</charParams>
<charParams l="974" t="217" r="984" b="232" charConfidence="22">¬</charParams></formatting></line>
<line baseline="295" l="186" t="262" r="980" b="303"><formatting lang="OldGerman">
<charParams l="186" t="269" r="213" b="293" charConfidence="27">w</charParams>
<charParams l="217" t="262" r="232" b="293" charConfidence="26">ä</charParams>
<charParams l="237" t="270" r="248" b="294" charConfidence="23">r</charParams>
<charParams l="252" t="268" r="262" b="294" charConfidence="29">t</charParams>
<charParams l="265" t="268" r="281" b="294" charConfidence="-1">s</charParams>
<charParams l="282" t="268" r="323" b="296"> </charParams>
<charParams l="324" t="274" r="342" b="296" charConfidence="32">n</charParams>
<charParams l="346" t="274" r="358" b="296" charConfidence="52">e</charParams>
<charParams l="361" t="266" r="369" b="295" charConfidence="100">i</charParams>
<charParams l="371" t="273" r="387" b="303" charConfidence="36">g</charParams>
<charParams l="391" t="270" r="402" b="295" charConfidence="30">t</charParams>
<charParams l="403" t="270" r="440" b="295"> </charParams>
<charParams l="441" t="271" r="458" b="293" charConfidence="53">u</charParams>
<charParams l="461" t="270" r="479" b="293" charConfidence="100">n</charParams>
<charParams l="482" t="264" r="498" b="292" charConfidence="28">d</charParams>
<charParams l="499" t="263" r="536" b="292"> </charParams>
<charParams l="537" t="263" r="553" b="291" charConfidence="27">d</charParams>
<charParams l="557" t="270" r="569" b="291" charConfidence="42">e</charParams>
<charParams l="572" t="269" r="590" b="292" charConfidence="26">n</charParams>
<charParams l="591" t="264" r="623" b="292"> </charParams>
<charParams l="624" t="264" r="639" b="292" charConfidence="30">d</charParams>
<charParams l="643" t="270" r="656" b="292" charConfidence="25">r</charParams>
<charParams l="660" t="262" r="667" b="291" charConfidence="100">i</charParams>
<charParams l="671" t="271" r="687" b="291" charConfidence="24">n</charParams>
<charParams l="690" t="271" r="706" b="301" charConfidence="28">g</charParams>
<charParams l="711" t="272" r="723" b="294" charConfidence="38">e</charParams>
<charParams l="724" t="273" r="743" b="295" charConfidence="100">n</charParams>
<charParams l="747" t="268" r="762" b="295" charConfidence="32">d</charParams>
<charParams l="763" t="266" r="793" b="303"> </charParams>
<charParams l="794" t="266" r="818" b="303" charConfidence="55">F</charParams>
<charParams l="820" t="276" r="834" b="298" charConfidence="43">o</charParams>
<charParams l="839" t="276" r="851" b="298" charConfidence="24">r</charParams>
<charParams l="854" t="271" r="869" b="298" charConfidence="26">d</charParams>
<charParams l="874" t="276" r="886" b="298" charConfidence="33">e</charParams>
<charParams l="890" t="275" r="903" b="298" charConfidence="32">r</charParams>
<charParams l="906" t="276" r="923" b="297" charConfidence="24">n</charParams>
<charParams l="927" t="270" r="941" b="297" charConfidence="30">d</charParams>
<charParams l="946" t="276" r="958" b="297" charConfidence="35">e</charParams>
<charParams l="961" t="275" r="980" b="298" charConfidence="100">n</charParams></formatting></line>
<line baseline="355" l="186" t="320" r="982" b="366"><formatting lang="OldGerman">
<charParams l="186" t="331" r="214" b="355" charConfidence="88">m</charParams>
<charParams l="219" t="325" r="227" b="356" charConfidence="100">i</charParams>
<charParams l="231" t="329" r="241" b="356" charConfidence="36">t</charParams>
<charParams l="242" t="329" r="263" b="357"> </charParams>
<charParams l="264" t="334" r="278" b="357" charConfidence="47">e</charParams>
<charParams l="281" t="326" r="288" b="357" charConfidence="100">i</charParams>
<charParams l="292" t="334" r="308" b="357" charConfidence="60">n</charParams>
<charParams l="313" t="335" r="325" b="357" charConfidence="33">e</charParams>
<charParams l="327" t="333" r="355" b="357" charConfidence="26">m</charParams>
<charParams l="356" t="325" r="379" b="361"> </charParams>
<charParams l="380" t="325" r="394" b="361" charConfidence="98">s</charParams>
<charParams l="393" t="332" r="407" b="355" charConfidence="38">o</charParams>
<charParams l="411" t="324" r="419" b="354" charConfidence="51">l</charParams>
<charParams l="422" t="323" r="448" b="360" charConfidence="67">c</charParams>
<charParams l="422" t="323" r="448" b="360" charConfidence="67">h</charParams>
<charParams l="452" t="330" r="464" b="353" charConfidence="62">e</charParams>
<charParams l="467" t="330" r="484" b="353" charConfidence="61">n</charParams>
<charParams l="485" t="320" r="510" b="353"> </charParams>
<charParams l="511" t="320" r="543" b="353" charConfidence="29">B</charParams>
<charParams l="548" t="323" r="556" b="352" charConfidence="46">l</charParams>
<charParams l="559" t="323" r="566" b="353" charConfidence="100">i</charParams>
<charParams l="570" t="331" r="580" b="353" charConfidence="32">c</charParams>
<charParams l="580" t="323" r="595" b="354" charConfidence="66">k</charParams>
<charParams l="596" t="323" r="617" b="354"> </charParams>
<charParams l="618" t="330" r="633" b="353" charConfidence="24">a</charParams>
<charParams l="638" t="331" r="654" b="353" charConfidence="25">n</charParams>
<charParams l="659" t="322" r="676" b="361" charConfidence="83">s</charParams>
<charParams l="659" t="322" r="676" b="361" charConfidence="83">i</charParams>
<charParams l="680" t="331" r="691" b="352" charConfidence="34">e</charParams>
<charParams l="695" t="322" r="711" b="361" charConfidence="100">h</charParams>
<charParams l="715" t="329" r="726" b="354" charConfidence="82">t</charParams>
<charParams l="735" t="347" r="743" b="360" charConfidence="58">,</charParams>
<charParams l="744" t="329" r="780" b="360"> </charParams>
<charParams l="781" t="329" r="797" b="357" charConfidence="30">d</charParams>
<charParams l="801" t="336" r="816" b="357" charConfidence="100">a</charParams>
<charParams l="821" t="328" r="837" b="364" charConfidence="28">ß</charParams>
<charParams l="838" t="328" r="858" b="364"> </charParams>
<charParams l="859" t="335" r="871" b="357" charConfidence="48">e</charParams>
<charParams l="873" t="335" r="887" b="357" charConfidence="25">r</charParams>
<charParams l="888" t="335" r="910" b="366"> </charParams>
<charParams l="911" t="336" r="926" b="366" charConfidence="63">g</charParams>
<charParams l="931" t="337" r="942" b="358" charConfidence="24">e</charParams>
<charParams l="946" t="335" r="958" b="358" charConfidence="49">r</charParams>
<charParams l="962" t="335" r="982" b="358" suspicious="1" charConfidence="24">n</charParams></formatting></line>
<line baseline="416" l="183" t="381" r="979" b="422"><formatting lang="OldGerman">
<charParams l="183" t="393" r="202" b="417" charConfidence="37">v</charParams>
<charParams l="205" t="394" r="220" b="417" charConfidence="36">o</charParams>
<charParams l="222" t="390" r="241" b="417" charConfidence="23">n</charParams>
<charParams l="242" t="382" r="265" b="417"> </charParams>
<charParams l="266" t="382" r="304" b="417" charConfidence="-1">M</charParams>
<charParams l="306" t="393" r="318" b="416" charConfidence="30">e</charParams>
<charParams l="321" t="394" r="329" b="416" suspicious="1" charConfidence="100">i</charParams>
<charParams l="329" t="392" r="349" b="416" charConfidence="29">n</charParams>
<charParams l="350" t="383" r="355" b="403" charConfidence="29">&apos;</charParams>
<charParams l="356" t="383" r="373" b="414"> </charParams>
<charParams l="374" t="391" r="390" b="414" charConfidence="30">a</charParams>
<charParams l="391" t="384" r="409" b="414" charConfidence="25">b</charParams>
<charParams l="413" t="384" r="433" b="421" charConfidence="41">s</charParams>
<charParams l="413" t="384" r="433" b="421" charConfidence="41">t</charParams>
<charParams l="436" t="391" r="448" b="413" charConfidence="30">e</charParams>
<charParams l="451" t="382" r="469" b="422" charConfidence="57">h</charParams>
<charParams l="471" t="387" r="483" b="413" charConfidence="100">t</charParams>
<charParams l="489" t="398" r="494" b="404" charConfidence="100">-</charParams>
<charParams l="495" t="390" r="506" b="413"> </charParams>
<charParams l="507" t="390" r="533" b="413" charConfidence="30">w</charParams>
<charParams l="537" t="381" r="552" b="414" suspicious="1" charConfidence="25">ä</charParams>
<charParams l="555" t="387" r="571" b="414" charConfidence="100">s</charParams>
<charParams l="572" t="387" r="596" b="414"> </charParams>
<charParams l="597" t="392" r="609" b="414" charConfidence="37">e</charParams>
<charParams l="612" t="392" r="626" b="414" charConfidence="34">r</charParams>
<charParams l="627" t="392" r="642" b="414"> </charParams>
<charParams l="643" t="392" r="661" b="414" charConfidence="72">v</charParams>
<charParams l="664" t="391" r="677" b="413" charConfidence="26">e</charParams>
<charParams l="680" t="390" r="693" b="414" charConfidence="91">r</charParams>
<charParams l="695" t="384" r="704" b="414" charConfidence="50">l</charParams>
<charParams l="707" t="392" r="722" b="413" charConfidence="49">a</charParams>
<charParams l="726" t="392" r="742" b="414" charConfidence="26">n</charParams>
<charParams l="745" t="393" r="762" b="422" charConfidence="55">g</charParams>
<charParams l="766" t="395" r="779" b="416" charConfidence="27">e</charParams>
<charParams l="782" t="395" r="799" b="417" charConfidence="33">n</charParams>
<charParams l="800" t="395" r="816" b="417"> </charParams>
<charParams l="817" t="396" r="832" b="417" charConfidence="40">o</charParams>
<charParams l="836" t="390" r="851" b="417" charConfidence="34">d</charParams>
<charParams l="856" t="396" r="868" b="418" charConfidence="29">e</charParams>
<charParams l="871" t="396" r="884" b="417" charConfidence="100">r</charParams>
<charParams l="885" t="395" r="896" b="417"> </charParams>
<charParams l="897" t="395" r="922" b="417" charConfidence="28">w</charParams>
<charParams l="927" t="387" r="944" b="417" charConfidence="43">ü</charParams>
<charParams l="948" t="396" r="965" b="417" charConfidence="58">n</charParams>
<charParams l="969" t="399" r="979" b="413" charConfidence="22">¬</charParams></formatting></line>
<line baseline="475" l="183" t="441" r="979" b="484"><formatting lang="OldGerman">
<charParams l="183" t="445" r="199" b="484" charConfidence="43">s</charParams>
<charParams l="196" t="446" r="223" b="483" charConfidence="77">c</charParams>
<charParams l="196" t="446" r="223" b="483" charConfidence="77">h</charParams>
<charParams l="226" t="453" r="240" b="477" charConfidence="40">e</charParams>
<charParams l="242" t="453" r="260" b="476" charConfidence="30">n</charParams>
<charParams l="261" t="452" r="293" b="476"> </charParams>
<charParams l="294" t="452" r="322" b="476" charConfidence="67">m</charParams>
<charParams l="326" t="444" r="341" b="475" charConfidence="25">ö</charParams>
<charParams l="344" t="442" r="371" b="482" charConfidence="57">c</charParams>
<charParams l="344" t="442" r="371" b="482" charConfidence="57">h</charParams>
<charParams l="375" t="449" r="385" b="475" charConfidence="51">t</charParams>
<charParams l="387" t="452" r="401" b="474" charConfidence="100">e</charParams>
<charParams l="403" t="465" r="411" b="475" charConfidence="100">.</charParams>
<charParams l="412" t="441" r="458" b="475"> </charParams>
<charParams l="459" t="441" r="494" b="475" charConfidence="30">S</charParams>
<charParams l="499" t="452" r="513" b="474" charConfidence="56">e</charParams>
<charParams l="515" t="443" r="531" b="482" charConfidence="75">h</charParams>
<charParams l="536" t="452" r="547" b="475" charConfidence="55">e</charParams>
<charParams l="550" t="448" r="569" b="475" suspicious="1" charConfidence="-1">»</charParams>
<charParams l="570" t="442" r="601" b="475"> </charParams>
<charParams l="602" t="442" r="637" b="475" charConfidence="35">S</charParams>
<charParams l="641" t="445" r="649" b="474" charConfidence="100">i</charParams>
<charParams l="653" t="451" r="665" b="475" charConfidence="27">e</charParams>
<charParams l="666" t="444" r="686" b="482"> </charParams>
<charParams l="687" t="444" r="696" b="482" charConfidence="51">j</charParams>
<charParams l="700" t="452" r="711" b="474" charConfidence="100">e</charParams>
<charParams l="715" t="451" r="742" b="474" charConfidence="96">m</charParams>
<charParams l="746" t="453" r="761" b="474" charConfidence="100">a</charParams>
<charParams l="765" t="447" r="774" b="475" charConfidence="41">l</charParams>
<charParams l="776" t="450" r="792" b="476" charConfidence="100">s</charParams>
<charParams l="793" t="449" r="816" b="476"> </charParams>
<charParams l="817" t="449" r="833" b="475" charConfidence="37">d</charParams>
<charParams l="837" t="447" r="846" b="475" charConfidence="100">i</charParams>
<charParams l="848" t="455" r="860" b="476" charConfidence="30">e</charParams>
<charParams l="864" t="447" r="877" b="479" charConfidence="57">s</charParams>
<charParams l="875" t="454" r="889" b="476" charConfidence="62">e</charParams>
<charParams l="890" t="445" r="916" b="478"> </charParams>
<charParams l="917" t="445" r="950" b="478" charConfidence="26">G</charParams>
<charParams l="954" t="455" r="966" b="477" charConfidence="42">e</charParams>
<charParams l="969" t="457" r="979" b="472" charConfidence="22">¬</charParams></formatting></line>
<line baseline="537" l="183" t="503" r="978" b="546"><formatting lang="OldGerman">
<charParams l="183" t="505" r="200" b="539" charConfidence="30">b</charParams>
<charParams l="203" t="505" r="219" b="537" charConfidence="27">ä</charParams>
<charParams l="223" t="514" r="235" b="537" charConfidence="25">r</charParams>
<charParams l="238" t="508" r="253" b="537" charConfidence="26">d</charParams>
<charParams l="257" t="514" r="270" b="538" charConfidence="29">e</charParams>
<charParams l="279" t="528" r="288" b="544" charConfidence="90">,</charParams>
<charParams l="289" t="514" r="311" b="545"> </charParams>
<charParams l="312" t="514" r="329" b="545" charConfidence="31">g</charParams>
<charParams l="333" t="513" r="350" b="537" charConfidence="28">n</charParams>
<charParams l="353" t="505" r="368" b="536" charConfidence="25">ä</charParams>
<charParams l="373" t="508" r="388" b="536" charConfidence="27">d</charParams>
<charParams l="392" t="505" r="399" b="536" charConfidence="100">i</charParams>
<charParams l="402" t="513" r="418" b="544" charConfidence="41">g</charParams>
<charParams l="422" t="513" r="435" b="537" charConfidence="30">e</charParams>
<charParams l="436" t="503" r="458" b="542"> </charParams>
<charParams l="459" t="503" r="483" b="542" charConfidence="47">F</charParams>
<charParams l="485" t="513" r="499" b="537" charConfidence="59">r</charParams>
<charParams l="500" t="513" r="517" b="536" charConfidence="100">a</charParams>
<charParams l="520" t="513" r="537" b="537" charConfidence="28">u</charParams>
<charParams l="546" t="528" r="556" b="542" charConfidence="90">,</charParams>
<charParams l="557" t="511" r="581" b="542"> </charParams>
<charParams l="582" t="511" r="613" b="536" charConfidence="52">w</charParams>
<charParams l="618" t="506" r="625" b="536" charConfidence="100">i</charParams>
<charParams l="628" t="513" r="641" b="537" charConfidence="27">e</charParams>
<charParams l="642" t="513" r="664" b="537"> </charParams>
<charParams l="665" t="513" r="677" b="536" charConfidence="32">e</charParams>
<charParams l="680" t="508" r="695" b="536" suspicious="1" charConfidence="100">s</charParams>
<charParams l="696" t="504" r="720" b="536"> </charParams>
<charParams l="721" t="504" r="737" b="536" charConfidence="76">b</charParams>
<charParams l="741" t="513" r="752" b="536" charConfidence="28">e</charParams>
<charParams l="755" t="513" r="771" b="545" charConfidence="30">y</charParams>
<charParams l="772" t="503" r="793" b="545"> </charParams>
<charParams l="794" t="503" r="823" b="543" suspicious="1" charConfidence="-1">I</charParams>
<charParams l="828" t="505" r="844" b="546" charConfidence="60">h</charParams>
<charParams l="848" t="514" r="861" b="536" charConfidence="100">r</charParams>
<charParams l="864" t="514" r="876" b="537" charConfidence="38">e</charParams>
<charParams l="879" t="513" r="892" b="536" charConfidence="27">r</charParams>
<charParams l="893" t="504" r="915" b="536"> </charParams>
<charParams l="916" t="504" r="950" b="536" charConfidence="28">B</charParams>
<charParams l="954" t="513" r="965" b="536" charConfidence="26">e</charParams>
<charParams l="968" t="516" r="978" b="532" charConfidence="22">¬</charParams></formatting></line>
<line baseline="601" l="183" t="567" r="978" b="612"><formatting lang="OldGerman">
<charParams l="183" t="569" r="201" b="612" charConfidence="38">h</charParams>
<charParams l="205" t="578" r="221" b="602" charConfidence="31">a</charParams>
<charParams l="224" t="578" r="242" b="602" charConfidence="66">n</charParams>
<charParams l="246" t="571" r="262" b="602" charConfidence="34">d</charParams>
<charParams l="264" t="571" r="274" b="602" charConfidence="100">l</charParams>
<charParams l="277" t="579" r="294" b="602" charConfidence="33">u</charParams>
<charParams l="297" t="578" r="314" b="600" charConfidence="42">n</charParams>
<charParams l="317" t="578" r="333" b="609" charConfidence="63">g</charParams>
<charParams l="334" t="578" r="358" b="609"> </charParams>
<charParams l="359" t="578" r="377" b="602" charConfidence="100">n</charParams>
<charParams l="381" t="570" r="388" b="601" charConfidence="80">i</charParams>
<charParams l="391" t="571" r="418" b="608" charConfidence="57">c</charParams>
<charParams l="391" t="571" r="418" b="608" charConfidence="57">h</charParams>
<charParams l="422" t="575" r="433" b="601" charConfidence="41">t</charParams>
<charParams l="434" t="575" r="456" b="601"> </charParams>
<charParams l="457" t="576" r="482" b="601" charConfidence="52">w</charParams>
<charParams l="486" t="577" r="501" b="599" charConfidence="83">a</charParams>
<charParams l="506" t="568" r="522" b="609" charConfidence="81">h</charParams>
<charParams l="526" t="577" r="539" b="601" charConfidence="100">r</charParams>
<charParams l="543" t="569" r="554" b="606" charConfidence="62">s</charParams>
<charParams l="554" t="570" r="579" b="608" charConfidence="57">c</charParams>
<charParams l="554" t="570" r="579" b="608" charConfidence="57">h</charParams>
<charParams l="584" t="578" r="596" b="600" charConfidence="39">e</charParams>
<charParams l="600" t="570" r="606" b="600" charConfidence="-1">i</charParams>
<charParams l="611" t="577" r="627" b="601" charConfidence="25">n</charParams>
<charParams l="632" t="570" r="639" b="601" charConfidence="100">l</charParams>
<charParams l="643" t="569" r="650" b="600" charConfidence="45">i</charParams>
<charParams l="654" t="568" r="681" b="606" charConfidence="71">c</charParams>
<charParams l="654" t="568" r="681" b="606" charConfidence="71">h</charParams>
<charParams l="682" t="568" r="704" b="606"> </charParams>
<charParams l="705" t="569" r="713" b="599" charConfidence="100">i</charParams>
<charParams l="718" t="569" r="738" b="608" charConfidence="68">s</charParams>
<charParams l="718" t="569" r="738" b="608" charConfidence="68">t</charParams>
<charParams l="750" t="579" r="758" b="608" charConfidence="37">;</charParams>
<charParams l="759" t="568" r="786" b="608"> </charParams>
<charParams l="787" t="568" r="798" b="606" charConfidence="100">s</charParams>
<charParams l="799" t="578" r="813" b="600" charConfidence="41">o</charParams>
<charParams l="814" t="577" r="836" b="608"> </charParams>
<charParams l="837" t="577" r="853" b="608" charConfidence="57">g</charParams>
<charParams l="858" t="576" r="868" b="600" charConfidence="43">e</charParams>
<charParams l="873" t="572" r="888" b="599" charConfidence="26">d</charParams>
<charParams l="893" t="576" r="904" b="599" charConfidence="26">e</charParams>
<charParams l="907" t="576" r="924" b="599" charConfidence="40">n</charParams>
<charParams l="928" t="567" r="939" b="599" charConfidence="51">k</charParams>
<charParams l="943" t="576" r="954" b="600" charConfidence="28">e</charParams>
<charParams l="958" t="575" r="978" b="600" charConfidence="24">n</charParams></formatting></line>
<line baseline="665" l="182" t="631" r="760" b="673"><formatting lang="OldGerman">
<charParams l="182" t="632" r="218" b="666" charConfidence="41">S</charParams>
<charParams l="221" t="635" r="230" b="667" charConfidence="100">i</charParams>
<charParams l="233" t="643" r="246" b="666" charConfidence="28">e</charParams>
<charParams l="247" t="641" r="268" b="666"> </charParams>
<charParams l="269" t="641" r="296" b="666" charConfidence="66">m</charParams>
<charParams l="301" t="642" r="313" b="666" charConfidence="36">e</charParams>
<charParams l="317" t="634" r="325" b="666" charConfidence="92">i</charParams>
<charParams l="328" t="642" r="344" b="666" charConfidence="25">n</charParams>
<charParams l="350" t="642" r="360" b="666" charConfidence="26">e</charParams>
<charParams l="364" t="642" r="378" b="666" charConfidence="26">r</charParams>
<charParams l="379" t="642" r="400" b="666"> </charParams>
<charParams l="401" t="642" r="420" b="666" charConfidence="44">u</charParams>
<charParams l="422" t="641" r="440" b="666" charConfidence="100">n</charParams>
<charParams l="444" t="634" r="459" b="665" charConfidence="45">d</charParams>
<charParams l="460" t="634" r="483" b="673"> </charParams>
<charParams l="484" t="634" r="494" b="673" charConfidence="28">s</charParams>
<charParams l="496" t="633" r="523" b="673" charConfidence="55">c</charParams>
<charParams l="496" t="633" r="523" b="673" charConfidence="55">h</charParams>
<charParams l="527" t="642" r="541" b="665" charConfidence="34">o</charParams>
<charParams l="546" t="641" r="562" b="665" charConfidence="34">n</charParams>
<charParams l="567" t="641" r="579" b="665" charConfidence="53">e</charParams>
<charParams l="582" t="641" r="599" b="666" charConfidence="54">n</charParams>
<charParams l="600" t="631" r="623" b="666"> </charParams>
<charParams l="624" t="631" r="651" b="665" charConfidence="38">O</charParams>
<charParams l="656" t="639" r="666" b="665" charConfidence="100">t</charParams>
<charParams l="669" t="639" r="678" b="665" charConfidence="39">t</charParams>
<charParams l="682" t="633" r="690" b="665" charConfidence="100">i</charParams>
<charParams l="694" t="633" r="701" b="665" charConfidence="48">l</charParams>
<charParams l="706" t="633" r="712" b="665" charConfidence="-1">i</charParams>
<charParams l="716" t="641" r="728" b="665" charConfidence="100">e</charParams>
<charParams l="732" t="641" r="748" b="664" charConfidence="35">n</charParams>
<charParams l="752" t="655" r="760" b="664" charConfidence="100">.</charParams></formatting></line></par>
<par align="Justified" startIndent="1944" lineSpacing="1392">
<line baseline="790" l="246" t="757" r="973" b="802"><formatting lang="OldGerman">
<charParams l="246" t="757" r="273" b="790" charConfidence="40">E</charParams>
<charParams l="275" t="761" r="291" b="789" charConfidence="26">d</charParams>
<charParams l="294" t="766" r="311" b="790" charConfidence="78">u</charParams>
<charParams l="315" t="768" r="330" b="790" charConfidence="25">a</charParams>
<charParams l="334" t="768" r="347" b="791" charConfidence="54">r</charParams>
<charParams l="349" t="762" r="366" b="791" charConfidence="61">d</charParams>
<charParams l="367" t="759" r="390" b="802"> </charParams>
<charParams l="391" t="759" r="408" b="802" suspicious="1" charConfidence="59">h</charParams>
<charParams l="412" t="768" r="427" b="791" charConfidence="29">a</charParams>
<charParams l="431" t="765" r="456" b="792" charConfidence="59">t</charParams>
<charParams l="431" t="765" r="456" b="792" charConfidence="59">t</charParams>
<charParams l="457" t="769" r="471" b="792" charConfidence="42">e</charParams>
<charParams l="472" t="761" r="488" b="792"> </charParams>
<charParams l="489" t="761" r="505" b="791" charConfidence="29">d</charParams>
<charParams l="509" t="760" r="518" b="792" charConfidence="94">i</charParams>
<charParams l="521" t="768" r="533" b="792" charConfidence="92">e</charParams>
<charParams l="536" t="760" r="549" b="798" charConfidence="66">s</charParams>
<charParams l="547" t="768" r="560" b="791" charConfidence="28">e</charParams>
<charParams l="561" t="758" r="578" b="791"> </charParams>
<charParams l="579" t="758" r="612" b="791" charConfidence="27">B</charParams>
<charParams l="616" t="768" r="629" b="791" charConfidence="100">r</charParams>
<charParams l="632" t="760" r="640" b="790" charConfidence="100">i</charParams>
<charParams l="644" t="768" r="656" b="790" charConfidence="58">e</charParams>
<charParams l="659" t="758" r="674" b="797" charConfidence="100">f</charParams>
<charParams l="672" t="768" r="684" b="791" charConfidence="55">e</charParams>
<charParams l="685" t="768" r="699" b="791"> </charParams>
<charParams l="700" t="768" r="717" b="790" charConfidence="67">v</charParams>
<charParams l="722" t="768" r="736" b="790" charConfidence="36">o</charParams>
<charParams l="739" t="767" r="753" b="790" charConfidence="48">r</charParams>
<charParams l="754" t="767" r="771" b="798" charConfidence="45">g</charParams>
<charParams l="775" t="768" r="788" b="791" charConfidence="26">e</charParams>
<charParams l="791" t="760" r="798" b="791" charConfidence="68">l</charParams>
<charParams l="801" t="768" r="814" b="790" charConfidence="100">e</charParams>
<charParams l="817" t="759" r="831" b="796" charConfidence="35">s</charParams>
<charParams l="828" t="768" r="841" b="790" charConfidence="53">e</charParams>
<charParams l="843" t="766" r="862" b="790" charConfidence="100">n</charParams>
<charParams l="863" t="780" r="873" b="795" charConfidence="100">,</charParams>
<charParams l="874" t="766" r="895" b="795"> </charParams>
<charParams l="896" t="766" r="916" b="789" charConfidence="46">n</charParams>
<charParams l="919" t="758" r="928" b="789" charConfidence="74">i</charParams>
<charParams l="930" t="757" r="956" b="795" charConfidence="100">c</charParams>
<charParams l="930" t="757" r="956" b="795" charConfidence="100">h</charParams>
<charParams l="961" t="760" r="973" b="789" charConfidence="51">t</charParams></formatting></line>
<line baseline="849" l="178" t="813" r="973" b="858"><formatting lang="OldGerman">
<charParams l="178" t="821" r="194" b="845" suspicious="1" charConfidence="34">o</charParams>
<charParams l="198" t="813" r="216" b="854" suspicious="1" charConfidence="57">h</charParams>
<charParams l="214" t="820" r="236" b="846" suspicious="1" charConfidence="-1">n</charParams>
<charParams l="240" t="824" r="254" b="845" suspicious="1" charConfidence="100">e</charParams>
<charParams l="255" t="815" r="275" b="848"> </charParams>
<charParams l="276" t="815" r="294" b="848" charConfidence="35">L</charParams>
<charParams l="297" t="817" r="313" b="847" charConfidence="25">ä</charParams>
<charParams l="317" t="818" r="343" b="853" charConfidence="58">c</charParams>
<charParams l="317" t="818" r="343" b="853" suspicious="1" charConfidence="58">h</charParams>
<charParams l="347" t="827" r="360" b="848" charConfidence="96">e</charParams>
<charParams l="363" t="819" r="372" b="849" charConfidence="100">l</charParams>
<charParams l="374" t="826" r="394" b="849" charConfidence="26">n</charParams>
<charParams l="395" t="826" r="416" b="849"> </charParams>
<charParams l="417" t="828" r="434" b="849" suspicious="1" charConfidence="79">u</charParams>
<charParams l="438" t="827" r="455" b="850" charConfidence="68">n</charParams>
<charParams l="459" t="822" r="475" b="850" suspicious="1" charConfidence="26">d</charParams>
<charParams l="487" t="836" r="494" b="845" suspicious="1" charConfidence="12">-</charParams>
<charParams l="500" t="819" r="533" b="851" suspicious="1" charConfidence="16">K</charParams>
<charParams l="531" t="828" r="547" b="850" charConfidence="34">o</charParams>
<charParams l="550" t="828" r="567" b="858" charConfidence="63">p</charParams>
<charParams l="570" t="820" r="584" b="856" suspicious="1" charConfidence="60">f</charParams>
<charParams l="584" t="821" r="596" b="857" charConfidence="26">s</charParams>
<charParams l="595" t="821" r="621" b="857" charConfidence="58">c</charParams>
<charParams l="595" t="821" r="621" b="857" suspicious="1" charConfidence="58">h</charParams>
<charParams l="622" t="820" r="641" b="850" suspicious="1" charConfidence="22">ü</charParams>
<charParams l="646" t="825" r="656" b="850" charConfidence="82">t</charParams>
<charParams l="659" t="824" r="669" b="850" charConfidence="91">t</charParams>
<charParams l="671" t="828" r="684" b="851" charConfidence="31">e</charParams>
<charParams l="687" t="821" r="695" b="850" charConfidence="84">l</charParams>
<charParams l="698" t="827" r="716" b="850" charConfidence="54">n</charParams>
<charParams l="718" t="842" r="728" b="851" charConfidence="58">.</charParams>
<charParams l="729" t="818" r="773" b="851"> </charParams>
<charParams l="774" t="818" r="803" b="850" charConfidence="32">A</charParams>
<charParams l="804" t="828" r="822" b="850" charConfidence="44">u</charParams>
<charParams l="824" t="820" r="852" b="855" charConfidence="59">c</charParams>
<charParams l="824" t="820" r="852" b="855" charConfidence="59">h</charParams>
<charParams l="853" t="818" r="869" b="855"> </charParams>
<charParams l="870" t="818" r="884" b="849" charConfidence="51">k</charParams>
<charParams l="885" t="827" r="900" b="848" charConfidence="45">o</charParams>
<charParams l="903" t="827" r="921" b="848" charConfidence="81">n</charParams>
<charParams l="924" t="826" r="942" b="849" charConfidence="41">n</charParams>
<charParams l="945" t="823" r="956" b="848" charConfidence="28">t</charParams>
<charParams l="959" t="825" r="973" b="848" charConfidence="32">e</charParams></formatting></line>
<line baseline="907" l="178" t="874" r="971" b="915"><formatting lang="OldGerman">
<charParams l="178" t="883" r="191" b="905" charConfidence="26">e</charParams>
<charParams l="194" t="877" r="210" b="905" charConfidence="100">S</charParams>
<charParams l="211" t="877" r="240" b="905"> </charParams>
<charParams l="241" t="882" r="257" b="904" charConfidence="25">a</charParams>
<charParams l="261" t="882" r="279" b="904" charConfidence="35">n</charParams>
<charParams l="280" t="874" r="310" b="904"> </charParams>
<charParams l="311" t="874" r="345" b="904" charConfidence="27">B</charParams>
<charParams l="348" t="884" r="361" b="904" charConfidence="30">e</charParams>
<charParams l="363" t="882" r="391" b="905" charConfidence="55">m</charParams>
<charParams l="395" t="885" r="409" b="906" charConfidence="26">e</charParams>
<charParams l="411" t="885" r="424" b="906" charConfidence="96">r</charParams>
<charParams l="426" t="877" r="440" b="906" charConfidence="42">k</charParams>
<charParams l="441" t="885" r="458" b="907" charConfidence="33">u</charParams>
<charParams l="462" t="885" r="480" b="906" charConfidence="41">n</charParams>
<charParams l="481" t="886" r="498" b="914" charConfidence="26">g</charParams>
<charParams l="502" t="886" r="515" b="907" charConfidence="30">e</charParams>
<charParams l="517" t="885" r="535" b="907" charConfidence="47">n</charParams>
<charParams l="536" t="878" r="567" b="907"> </charParams>
<charParams l="568" t="878" r="586" b="907" charConfidence="70">ü</charParams>
<charParams l="590" t="878" r="605" b="908" charConfidence="42">b</charParams>
<charParams l="608" t="887" r="622" b="908" charConfidence="29">e</charParams>
<charParams l="624" t="886" r="638" b="909" suspicious="1" charConfidence="100">r</charParams>
<charParams l="639" t="881" r="668" b="909"> </charParams>
<charParams l="669" t="881" r="685" b="908" charConfidence="32">d</charParams>
<charParams l="688" t="879" r="697" b="907" charConfidence="46">i</charParams>
<charParams l="700" t="886" r="713" b="907" charConfidence="28">e</charParams>
<charParams l="714" t="878" r="736" b="915"> </charParams>
<charParams l="737" t="878" r="769" b="915" charConfidence="39">P</charParams>
<charParams l="773" t="886" r="785" b="909" charConfidence="26">e</charParams>
<charParams l="788" t="886" r="801" b="907" charConfidence="48">r</charParams>
<charParams l="804" t="879" r="817" b="913" charConfidence="55">s</charParams>
<charParams l="815" t="886" r="830" b="908" charConfidence="29">o</charParams>
<charParams l="832" t="886" r="852" b="908" charConfidence="88">n</charParams>
<charParams l="854" t="885" r="867" b="908" charConfidence="35">e</charParams>
<charParams l="870" t="885" r="888" b="907" charConfidence="31">n</charParams>
<charParams l="889" t="884" r="911" b="908"> </charParams>
<charParams l="912" t="884" r="930" b="908" charConfidence="41">u</charParams>
<charParams l="934" t="884" r="951" b="907" charConfidence="34">n</charParams>
<charParams l="954" t="878" r="971" b="906" charConfidence="26">d</charParams></formatting></line>
<line baseline="967" l="177" t="932" r="835" b="975"><formatting lang="OldGerman">
<charParams l="177" t="934" r="195" b="966" charConfidence="28">ü</charParams>
<charParams l="200" t="932" r="215" b="966" charConfidence="26">b</charParams>
<charParams l="219" t="942" r="230" b="966" charConfidence="24">e</charParams>
<charParams l="234" t="942" r="247" b="966" charConfidence="35">r</charParams>
<charParams l="248" t="936" r="270" b="966"> </charParams>
<charParams l="271" t="936" r="286" b="966" charConfidence="31">d</charParams>
<charParams l="290" t="935" r="298" b="967" charConfidence="38">i</charParams>
<charParams l="302" t="942" r="315" b="966" charConfidence="29">e</charParams>
<charParams l="316" t="932" r="338" b="967"> </charParams>
<charParams l="339" t="932" r="356" b="967" charConfidence="46">L</charParams>
<charParams l="360" t="943" r="375" b="965" charConfidence="27">a</charParams>
<charParams l="378" t="943" r="395" b="974" charConfidence="27">g</charParams>
<charParams l="398" t="942" r="411" b="966" charConfidence="45">e</charParams>
<charParams l="412" t="937" r="434" b="966"> </charParams>
<charParams l="435" t="937" r="451" b="965" charConfidence="26">d</charParams>
<charParams l="454" t="943" r="467" b="967" charConfidence="31">e</charParams>
<charParams l="469" t="942" r="484" b="965" charConfidence="26">r</charParams>
<charParams l="485" t="933" r="506" b="967"> </charParams>
<charParams l="507" t="933" r="542" b="967" charConfidence="45">S</charParams>
<charParams l="546" t="944" r="561" b="966" charConfidence="46">a</charParams>
<charParams l="566" t="936" r="593" b="974" charConfidence="30">c</charParams>
<charParams l="566" t="936" r="593" b="974" charConfidence="30">h</charParams>
<charParams l="595" t="943" r="609" b="967" charConfidence="34">e</charParams>
<charParams l="610" t="943" r="631" b="967"> </charParams>
<charParams l="632" t="943" r="651" b="967" charConfidence="74">n</charParams>
<charParams l="654" t="936" r="662" b="967" charConfidence="33">i</charParams>
<charParams l="665" t="935" r="691" b="973" charConfidence="91">c</charParams>
<charParams l="665" t="935" r="691" b="973" charConfidence="91">h</charParams>
<charParams l="695" t="941" r="707" b="967" charConfidence="33">t</charParams>
<charParams l="708" t="935" r="727" b="974"> </charParams>
<charParams l="728" t="935" r="744" b="974" charConfidence="37">f</charParams>
<charParams l="743" t="944" r="755" b="967" charConfidence="27">e</charParams>
<charParams l="758" t="936" r="775" b="975" charConfidence="65">h</charParams>
<charParams l="779" t="936" r="787" b="967" charConfidence="41">l</charParams>
<charParams l="790" t="943" r="802" b="967" charConfidence="36">e</charParams>
<charParams l="805" t="943" r="823" b="967" charConfidence="100">n</charParams>
<charParams l="826" t="957" r="835" b="968" charConfidence="72">.</charParams></formatting></line></par>
<par align="Justified" startIndent="1944" lineSpacing="1488">
<line baseline="1092" l="242" t="1056" r="966" b="1102"><formatting lang="OldGerman">
<charParams l="242" t="1059" r="274" b="1095" charConfidence="23">G</charParams>
<charParams l="278" t="1071" r="290" b="1094" charConfidence="24">e</charParams>
<charParams l="294" t="1071" r="310" b="1094" charConfidence="24">n</charParams>
<charParams l="315" t="1071" r="330" b="1094" charConfidence="40">u</charParams>
<charParams l="334" t="1071" r="349" b="1102" charConfidence="25">g</charParams>
<charParams l="360" t="1056" r="367" b="1091" charConfidence="100">!</charParams>
<charParams l="368" t="1056" r="404" b="1095"> </charParams>
<charParams l="405" t="1070" r="418" b="1095" charConfidence="24">r</charParams>
<charParams l="422" t="1062" r="429" b="1095" charConfidence="100">i</charParams>
<charParams l="433" t="1071" r="444" b="1094" charConfidence="100">e</charParams>
<charParams l="447" t="1060" r="460" b="1100" charConfidence="31">f</charParams>
<charParams l="461" t="1059" r="491" b="1100"> </charParams>
<charParams l="492" t="1059" r="518" b="1094" charConfidence="46">E</charParams>
<charParams l="522" t="1062" r="537" b="1093" charConfidence="27">d</charParams>
<charParams l="542" t="1069" r="558" b="1093" charConfidence="24">u</charParams>
<charParams l="562" t="1070" r="577" b="1092" charConfidence="44">a</charParams>
<charParams l="581" t="1068" r="593" b="1092" charConfidence="32">r</charParams>
<charParams l="596" t="1062" r="612" b="1092" charConfidence="29">d</charParams>
<charParams l="613" t="1062" r="637" b="1093"> </charParams>
<charParams l="638" t="1069" r="650" b="1093" charConfidence="87">e</charParams>
<charParams l="653" t="1068" r="669" b="1091" charConfidence="37">n</charParams>
<charParams l="673" t="1062" r="688" b="1092" charConfidence="27">d</charParams>
<charParams l="693" t="1060" r="702" b="1091" charConfidence="70">l</charParams>
<charParams l="705" t="1061" r="712" b="1091" charConfidence="27">i</charParams>
<charParams l="715" t="1060" r="742" b="1098" charConfidence="74">c</charParams>
<charParams l="715" t="1060" r="742" b="1098" charConfidence="74">h</charParams>
<charParams l="743" t="1060" r="767" b="1098"> </charParams>
<charParams l="768" t="1068" r="783" b="1091" charConfidence="36">a</charParams>
<charParams l="787" t="1068" r="804" b="1092" charConfidence="100">u</charParams>
<charParams l="808" t="1063" r="823" b="1091" charConfidence="100">s</charParams>
<charParams l="834" t="1069" r="841" b="1092" charConfidence="55">:</charParams>
<charParams l="842" t="1069" r="876" b="1092"> </charParams>
<charParams l="877" t="1069" r="890" b="1092" charConfidence="26">e</charParams>
<charParams l="893" t="1064" r="908" b="1093" charConfidence="-1">s</charParams>
<charParams l="909" t="1062" r="932" b="1093"> </charParams>
<charParams l="933" t="1062" r="941" b="1093" charConfidence="34">i</charParams>
<charParams l="945" t="1062" r="966" b="1102" charConfidence="30">s</charParams>
<charParams l="945" t="1062" r="966" b="1102" charConfidence="30">t</charParams></formatting></line>
<line baseline="1156" l="174" t="1122" r="962" b="1166"><formatting lang="OldGerman">
<charParams l="174" t="1131" r="188" b="1155" charConfidence="25">e</charParams>
<charParams l="188" t="1131" r="206" b="1156" charConfidence="24">n</charParams>
<charParams l="211" t="1128" r="221" b="1156" charConfidence="56">t</charParams>
<charParams l="224" t="1124" r="237" b="1163" charConfidence="100">s</charParams>
<charParams l="235" t="1126" r="262" b="1164" charConfidence="54">c</charParams>
<charParams l="235" t="1126" r="262" b="1164" charConfidence="54">h</charParams>
<charParams l="265" t="1126" r="274" b="1157" charConfidence="36">i</charParams>
<charParams l="277" t="1134" r="288" b="1157" charConfidence="100">e</charParams>
<charParams l="292" t="1127" r="307" b="1157" charConfidence="31">d</charParams>
<charParams l="311" t="1135" r="323" b="1158" charConfidence="28">e</charParams>
<charParams l="326" t="1134" r="344" b="1158" charConfidence="100">n</charParams>
<charParams l="352" t="1150" r="362" b="1165" charConfidence="90">,</charParams>
<charParams l="363" t="1127" r="386" b="1166"> </charParams>
<charParams l="387" t="1127" r="406" b="1166" charConfidence="83">s</charParams>
<charParams l="387" t="1127" r="406" b="1166" charConfidence="83">i</charParams>
<charParams l="408" t="1136" r="420" b="1159" charConfidence="33">e</charParams>
<charParams l="421" t="1126" r="435" b="1159"> </charParams>
<charParams l="436" t="1126" r="450" b="1158" charConfidence="28">k</charParams>
<charParams l="452" t="1135" r="467" b="1158" charConfidence="34">o</charParams>
<charParams l="471" t="1133" r="497" b="1157" charConfidence="66">m</charParams>
<charParams l="501" t="1132" r="528" b="1157" charConfidence="63">m</charParams>
<charParams l="533" t="1131" r="543" b="1157" charConfidence="26">t</charParams>
<charParams l="553" t="1126" r="560" b="1156" charConfidence="100">!</charParams>
<charParams l="561" t="1123" r="584" b="1163"> </charParams>
<charParams l="585" t="1123" r="608" b="1163" charConfidence="62">F</charParams>
<charParams l="611" t="1123" r="627" b="1156" charConfidence="36">ü</charParams>
<charParams l="631" t="1132" r="644" b="1156" charConfidence="86">r</charParams>
<charParams l="645" t="1125" r="662" b="1156"> </charParams>
<charParams l="663" t="1125" r="679" b="1155" charConfidence="31">d</charParams>
<charParams l="683" t="1125" r="691" b="1155" charConfidence="100">i</charParams>
<charParams l="694" t="1124" r="720" b="1161" charConfidence="100">c</charParams>
<charParams l="694" t="1124" r="720" b="1161" charConfidence="100">h</charParams>
<charParams l="721" t="1124" r="745" b="1161"> </charParams>
<charParams l="746" t="1130" r="772" b="1154" charConfidence="28">w</charParams>
<charParams l="776" t="1122" r="791" b="1154" charConfidence="27">ä</charParams>
<charParams l="795" t="1131" r="808" b="1154" charConfidence="52">r</charParams>
<charParams l="810" t="1132" r="824" b="1154" charConfidence="30">e</charParams>
<charParams l="825" t="1130" r="839" b="1161"> </charParams>
<charParams l="840" t="1130" r="856" b="1161" charConfidence="31">g</charParams>
<charParams l="860" t="1131" r="872" b="1153" charConfidence="66">e</charParams>
<charParams l="875" t="1123" r="889" b="1160" charConfidence="62">s</charParams>
<charParams l="886" t="1132" r="901" b="1153" charConfidence="42">o</charParams>
<charParams l="906" t="1131" r="918" b="1154" charConfidence="24">r</charParams>
<charParams l="920" t="1131" r="936" b="1162" charConfidence="30">g</charParams>
<charParams l="941" t="1128" r="951" b="1154" charConfidence="27">t</charParams>
<charParams l="952" t="1145" r="962" b="1161" charConfidence="100">,</charParams></formatting></line>
<line baseline="1219" l="174" t="1186" r="964" b="1228"><formatting lang="OldGerman">
<charParams l="174" t="1193" r="202" b="1217" charConfidence="79">m</charParams>
<charParams l="207" t="1195" r="219" b="1218" charConfidence="31">e</charParams>
<charParams l="222" t="1188" r="230" b="1219" charConfidence="100">i</charParams>
<charParams l="233" t="1196" r="249" b="1219" charConfidence="25">n</charParams>
<charParams l="254" t="1197" r="267" b="1218" charConfidence="100">e</charParams>
<charParams l="268" t="1188" r="283" b="1221"> </charParams>
<charParams l="284" t="1188" r="301" b="1221" charConfidence="35">L</charParams>
<charParams l="305" t="1190" r="312" b="1220" charConfidence="100">i</charParams>
<charParams l="316" t="1198" r="328" b="1221" charConfidence="29">e</charParams>
<charParams l="331" t="1189" r="346" b="1222" charConfidence="34">b</charParams>
<charParams l="350" t="1199" r="363" b="1221" charConfidence="33">e</charParams>
<charParams l="370" t="1213" r="379" b="1228" charConfidence="85">,</charParams>
<charParams l="380" t="1199" r="404" b="1228"> </charParams>
<charParams l="405" t="1199" r="422" b="1223" charConfidence="96">u</charParams>
<charParams l="426" t="1199" r="442" b="1222" charConfidence="53">n</charParams>
<charParams l="447" t="1192" r="463" b="1223" charConfidence="26">d</charParams>
<charParams l="464" t="1192" r="481" b="1223"> </charParams>
<charParams l="482" t="1197" r="507" b="1221" charConfidence="54">w</charParams>
<charParams l="513" t="1190" r="520" b="1221" charConfidence="100">i</charParams>
<charParams l="524" t="1197" r="536" b="1221" charConfidence="53">r</charParams>
<charParams l="537" t="1191" r="556" b="1221"> </charParams>
<charParams l="557" t="1191" r="573" b="1221" charConfidence="38">d</charParams>
<charParams l="576" t="1187" r="593" b="1220" charConfidence="54">ü</charParams>
<charParams l="598" t="1196" r="610" b="1220" charConfidence="36">r</charParams>
<charParams l="614" t="1188" r="627" b="1225" charConfidence="34">f</charParams>
<charParams l="626" t="1197" r="638" b="1218" charConfidence="61">e</charParams>
<charParams l="641" t="1197" r="659" b="1219" charConfidence="42">n</charParams>
<charParams l="660" t="1195" r="675" b="1219"> </charParams>
<charParams l="676" t="1195" r="694" b="1218" charConfidence="100">n</charParams>
<charParams l="698" t="1195" r="714" b="1218" charConfidence="49">u</charParams>
<charParams l="718" t="1194" r="735" b="1217" charConfidence="100">n</charParams>
<charParams l="736" t="1193" r="754" b="1217"> </charParams>
<charParams l="755" t="1193" r="770" b="1216" charConfidence="31">a</charParams>
<charParams l="774" t="1194" r="791" b="1216" charConfidence="64">u</charParams>
<charParams l="795" t="1186" r="821" b="1223" charConfidence="100">c</charParams>
<charParams l="795" t="1186" r="821" b="1223" charConfidence="100">h</charParams>
<charParams l="822" t="1186" r="838" b="1223"> </charParams>
<charParams l="839" t="1190" r="866" b="1217" suspicious="1" charConfidence="26">m</charParams>
<charParams l="871" t="1186" r="879" b="1216" charConfidence="100">i</charParams>
<charParams l="882" t="1191" r="893" b="1217" charConfidence="88">t</charParams>
<charParams l="894" t="1191" r="911" b="1217"> </charParams>
<charParams l="912" t="1195" r="930" b="1217" charConfidence="96">u</charParams>
<charParams l="933" t="1194" r="950" b="1217" charConfidence="100">n</charParams>
<charParams l="954" t="1197" r="964" b="1213" charConfidence="100">¬</charParams></formatting></line>
<line baseline="1281" l="172" t="1246" r="962" b="1295"><formatting lang="OldGerman">
<charParams l="172" t="1246" r="187" b="1285" charConfidence="100">s</charParams>
<charParams l="185" t="1256" r="197" b="1278" charConfidence="46">e</charParams>
<charParams l="200" t="1255" r="213" b="1278" charConfidence="100">r</charParams>
<charParams l="216" t="1255" r="243" b="1279" charConfidence="41">m</charParams>
<charParams l="244" t="1249" r="261" b="1282"> </charParams>
<charParams l="262" t="1249" r="292" b="1282" charConfidence="34">V</charParams>
<charParams l="296" t="1259" r="310" b="1282" charConfidence="40">o</charParams>
<charParams l="314" t="1260" r="327" b="1283" charConfidence="56">r</charParams>
<charParams l="331" t="1252" r="343" b="1290" charConfidence="26">s</charParams>
<charParams l="342" t="1252" r="368" b="1291" charConfidence="84">c</charParams>
<charParams l="342" t="1252" r="368" b="1291" charConfidence="84">h</charParams>
<charParams l="372" t="1253" r="380" b="1285" charConfidence="44">l</charParams>
<charParams l="383" t="1262" r="398" b="1284" charConfidence="24">a</charParams>
<charParams l="400" t="1261" r="417" b="1293" charConfidence="26">g</charParams>
<charParams l="418" t="1252" r="445" b="1295"> </charParams>
<charParams l="446" t="1252" r="463" b="1295" suspicious="1" charConfidence="61">h</charParams>
<charParams l="467" t="1262" r="478" b="1285" charConfidence="24">e</charParams>
<charParams l="482" t="1261" r="495" b="1285" charConfidence="24">r</charParams>
<charParams l="496" t="1261" r="513" b="1284" charConfidence="53">v</charParams>
<charParams l="518" t="1261" r="531" b="1285" charConfidence="32">o</charParams>
<charParams l="536" t="1261" r="548" b="1284" charConfidence="24">r</charParams>
<charParams l="552" t="1261" r="563" b="1283" charConfidence="26">r</charParams>
<charParams l="567" t="1250" r="584" b="1283" charConfidence="65">ü</charParams>
<charParams l="587" t="1251" r="611" b="1282" suspicious="1" charConfidence="22">c</charParams>
<charParams l="587" t="1251" r="611" b="1282" suspicious="1" charConfidence="22">k</charParams>
<charParams l="614" t="1259" r="626" b="1282" charConfidence="25">e</charParams>
<charParams l="629" t="1258" r="646" b="1282" charConfidence="32">n</charParams>
<charParams l="649" t="1273" r="658" b="1282" charConfidence="100">.</charParams>
<charParams l="659" t="1247" r="704" b="1282"> </charParams>
<charParams l="705" t="1247" r="731" b="1281" charConfidence="27">E</charParams>
<charParams l="733" t="1251" r="749" b="1279" charConfidence="100">s</charParams>
<charParams l="750" t="1251" r="770" b="1279"> </charParams>
<charParams l="771" t="1255" r="796" b="1279" charConfidence="35">w</charParams>
<charParams l="802" t="1248" r="808" b="1279" charConfidence="100">i</charParams>
<charParams l="812" t="1256" r="824" b="1279" charConfidence="23">r</charParams>
<charParams l="828" t="1250" r="843" b="1279" charConfidence="56">d</charParams>
<charParams l="844" t="1248" r="870" b="1288"> </charParams>
<charParams l="871" t="1248" r="888" b="1288" suspicious="1" charConfidence="75">h</charParams>
<charParams l="892" t="1250" r="907" b="1280" charConfidence="22">ö</charParams>
<charParams l="911" t="1249" r="937" b="1287" charConfidence="57">c</charParams>
<charParams l="911" t="1249" r="937" b="1287" suspicious="1" charConfidence="57">h</charParams>
<charParams l="941" t="1249" r="962" b="1289" charConfidence="67">s</charParams>
<charParams l="941" t="1249" r="962" b="1289" suspicious="1" charConfidence="67">t</charParams></formatting></line>
<line baseline="1343" l="171" t="1309" r="961" b="1357"><formatting lang="OldGerman">
<charParams l="171" t="1316" r="189" b="1340" charConfidence="100">n</charParams>
<charParams l="193" t="1309" r="207" b="1340" charConfidence="27">ö</charParams>
<charParams l="211" t="1315" r="221" b="1341" charConfidence="59">t</charParams>
<charParams l="225" t="1309" r="243" b="1349" charConfidence="55">h</charParams>
<charParams l="245" t="1312" r="254" b="1342" charConfidence="79">i</charParams>
<charParams l="255" t="1319" r="272" b="1351" charConfidence="55">g</charParams>
<charParams l="282" t="1335" r="292" b="1350" charConfidence="100">,</charParams>
<charParams l="293" t="1316" r="325" b="1350"> </charParams>
<charParams l="326" t="1316" r="342" b="1345" charConfidence="27">d</charParams>
<charParams l="346" t="1323" r="361" b="1346" charConfidence="47">a</charParams>
<charParams l="365" t="1315" r="382" b="1353" charConfidence="30">ß</charParams>
<charParams l="383" t="1315" r="404" b="1353"> </charParams>
<charParams l="405" t="1316" r="414" b="1347" charConfidence="27">i</charParams>
<charParams l="418" t="1316" r="445" b="1354" charConfidence="66">c</charParams>
<charParams l="418" t="1316" r="445" b="1354" charConfidence="66">h</charParams>
<charParams l="446" t="1316" r="468" b="1357"> </charParams>
<charParams l="469" t="1324" r="481" b="1357" charConfidence="25">z</charParams>
<charParams l="485" t="1324" r="501" b="1347" charConfidence="45">u</charParams>
<charParams l="502" t="1317" r="525" b="1347"> </charParams>
<charParams l="526" t="1317" r="542" b="1346" charConfidence="41">d</charParams>
<charParams l="546" t="1323" r="559" b="1345" charConfidence="41">e</charParams>
<charParams l="561" t="1321" r="590" b="1345" charConfidence="55">m</charParams>
<charParams l="591" t="1310" r="612" b="1350"> </charParams>
<charParams l="613" t="1310" r="644" b="1350" charConfidence="30">H</charParams>
<charParams l="648" t="1320" r="662" b="1342" charConfidence="27">a</charParams>
<charParams l="667" t="1320" r="683" b="1343" charConfidence="35">u</charParams>
<charParams l="686" t="1319" r="702" b="1348" charConfidence="61">p</charParams>
<charParams l="707" t="1316" r="716" b="1341" charConfidence="40">t</charParams>
<charParams l="720" t="1318" r="747" b="1341" charConfidence="100">m</charParams>
<charParams l="751" t="1319" r="765" b="1341" charConfidence="24">a</charParams>
<charParams l="770" t="1318" r="786" b="1341" charConfidence="27">n</charParams>
<charParams l="791" t="1318" r="809" b="1342" charConfidence="28">n</charParams>
<charParams l="810" t="1318" r="833" b="1342"> </charParams>
<charParams l="834" t="1319" r="850" b="1342" charConfidence="54">a</charParams>
<charParams l="854" t="1320" r="869" b="1342" charConfidence="23">u</charParams>
<charParams l="873" t="1311" r="888" b="1349" charConfidence="31">f</charParams>
<charParams l="889" t="1311" r="907" b="1349"> </charParams>
<charParams l="908" t="1315" r="923" b="1343" charConfidence="27">d</charParams>
<charParams l="927" t="1321" r="938" b="1343" charConfidence="31">e</charParams>
<charParams l="942" t="1321" r="961" b="1344" charConfidence="55">n</charParams></formatting></line>
<line baseline="1406" l="171" t="1371" r="959" b="1419"><formatting lang="OldGerman">
<charParams l="171" t="1379" r="184" b="1401" charConfidence="54">r</charParams>
<charParams l="187" t="1379" r="199" b="1401" charConfidence="64">e</charParams>
<charParams l="202" t="1371" r="229" b="1409" charConfidence="88">c</charParams>
<charParams l="202" t="1371" r="229" b="1409" charConfidence="88">h</charParams>
<charParams l="232" t="1377" r="243" b="1403" charConfidence="45">t</charParams>
<charParams l="246" t="1381" r="258" b="1403" charConfidence="30">e</charParams>
<charParams l="261" t="1381" r="282" b="1406" charConfidence="23">n</charParams>
<charParams l="283" t="1374" r="300" b="1413"> </charParams>
<charParams l="301" t="1374" r="325" b="1413" charConfidence="30">F</charParams>
<charParams l="328" t="1379" r="336" b="1408" charConfidence="30">l</charParams>
<charParams l="339" t="1376" r="356" b="1408" charConfidence="81">ü</charParams>
<charParams l="359" t="1386" r="375" b="1416" charConfidence="40">g</charParams>
<charParams l="379" t="1387" r="391" b="1409" charConfidence="30">e</charParams>
<charParams l="394" t="1378" r="402" b="1408" charConfidence="81">l</charParams>
<charParams l="403" t="1378" r="425" b="1419"> </charParams>
<charParams l="426" t="1378" r="444" b="1419" suspicious="1" charConfidence="63">h</charParams>
<charParams l="448" t="1379" r="456" b="1409" charConfidence="100">i</charParams>
<charParams l="460" t="1386" r="476" b="1409" charConfidence="32">n</charParams>
<charParams l="481" t="1378" r="498" b="1409" charConfidence="26">ü</charParams>
<charParams l="503" t="1378" r="517" b="1410" charConfidence="33">b</charParams>
<charParams l="521" t="1387" r="533" b="1408" charConfidence="100">e</charParams>
<charParams l="536" t="1386" r="549" b="1408" charConfidence="24">r</charParams>
<charParams l="550" t="1384" r="566" b="1417"> </charParams>
<charParams l="567" t="1384" r="579" b="1417" charConfidence="54">z</charParams>
<charParams l="583" t="1376" r="591" b="1406" charConfidence="100">i</charParams>
<charParams l="594" t="1384" r="605" b="1407" charConfidence="30">e</charParams>
<charParams l="608" t="1373" r="625" b="1416" charConfidence="39">h</charParams>
<charParams l="629" t="1382" r="642" b="1405" charConfidence="27">e</charParams>
<charParams l="644" t="1397" r="653" b="1405" charConfidence="57">.</charParams>
<charParams l="654" t="1371" r="684" b="1405"> </charParams>
<charParams l="685" t="1371" r="720" b="1405" charConfidence="62">S</charParams>
<charParams l="724" t="1381" r="738" b="1404" charConfidence="36">o</charParams>
<charParams l="742" t="1380" r="767" b="1405" charConfidence="39">w</charParams>
<charParams l="771" t="1382" r="786" b="1405" charConfidence="69">o</charParams>
<charParams l="790" t="1373" r="807" b="1414" charConfidence="62">h</charParams>
<charParams l="811" t="1375" r="819" b="1405" charConfidence="54">l</charParams>
<charParams l="820" t="1373" r="838" b="1407"> </charParams>
<charParams l="839" t="1373" r="866" b="1407" charConfidence="41">A</charParams>
<charParams l="869" t="1375" r="885" b="1407" charConfidence="31">b</charParams>
<charParams l="889" t="1384" r="900" b="1406" charConfidence="28">e</charParams>
<charParams l="903" t="1384" r="921" b="1406" charConfidence="25">n</charParams>
<charParams l="924" t="1378" r="940" b="1406" charConfidence="27">d</charParams>
<charParams l="943" t="1378" r="959" b="1406" charConfidence="100">s</charParams></formatting></line>
<line baseline="1469" l="169" t="1433" r="959" b="1479"><formatting lang="OldGerman">
<charParams l="169" t="1440" r="185" b="1463" charConfidence="27">a</charParams>
<charParams l="191" t="1433" r="197" b="1464" charConfidence="100">l</charParams>
<charParams l="201" t="1436" r="215" b="1464" charConfidence="-1">s</charParams>
<charParams l="216" t="1433" r="252" b="1467"> </charParams>
<charParams l="253" t="1433" r="296" b="1467" charConfidence="31">M</charParams>
<charParams l="300" t="1445" r="314" b="1468" charConfidence="41">o</charParams>
<charParams l="318" t="1446" r="331" b="1469" charConfidence="47">r</charParams>
<charParams l="332" t="1447" r="349" b="1477" charConfidence="25">g</charParams>
<charParams l="353" t="1447" r="364" b="1470" charConfidence="26">e</charParams>
<charParams l="368" t="1448" r="385" b="1471" charConfidence="43">n</charParams>
<charParams l="389" t="1443" r="404" b="1472" charConfidence="100">s</charParams>
<charParams l="405" t="1441" r="436" b="1472"> </charParams>
<charParams l="437" t="1441" r="447" b="1471" charConfidence="28">i</charParams>
<charParams l="451" t="1442" r="471" b="1479" charConfidence="68">s</charParams>
<charParams l="451" t="1442" r="471" b="1479" charConfidence="68">t</charParams>
<charParams l="472" t="1442" r="502" b="1479"> </charParams>
<charParams l="503" t="1449" r="515" b="1471" charConfidence="36">e</charParams>
<charParams l="519" t="1448" r="531" b="1471" charConfidence="28">r</charParams>
<charParams l="535" t="1440" r="554" b="1478" charConfidence="31">s</charParams>
<charParams l="535" t="1440" r="554" b="1478" charConfidence="31">t</charParams>
<charParams l="555" t="1440" r="587" b="1478"> </charParams>
<charParams l="588" t="1441" r="604" b="1468" charConfidence="35">d</charParams>
<charParams l="608" t="1438" r="616" b="1468" charConfidence="100">i</charParams>
<charParams l="619" t="1444" r="632" b="1468" charConfidence="30">e</charParams>
<charParams l="633" t="1444" r="654" b="1468"> </charParams>
<charParams l="655" t="1445" r="668" b="1468" charConfidence="100">r</charParams>
<charParams l="672" t="1445" r="683" b="1468" charConfidence="25">e</charParams>
<charParams l="687" t="1436" r="713" b="1477" charConfidence="66">c</charParams>
<charParams l="687" t="1436" r="713" b="1477" charConfidence="66">h</charParams>
<charParams l="717" t="1441" r="726" b="1469" charConfidence="36">t</charParams>
<charParams l="730" t="1446" r="742" b="1469" charConfidence="29">e</charParams>
<charParams l="743" t="1436" r="766" b="1475"> </charParams>
<charParams l="767" t="1436" r="788" b="1475" charConfidence="100">Z</charParams>
<charParams l="792" t="1447" r="803" b="1470" charConfidence="39">e</charParams>
<charParams l="808" t="1439" r="814" b="1469" charConfidence="100">i</charParams>
<charParams l="818" t="1443" r="828" b="1470" charConfidence="85">t</charParams>
<charParams l="829" t="1443" r="851" b="1478"> </charParams>
<charParams l="852" t="1446" r="865" b="1478" charConfidence="52">z</charParams>
<charParams l="868" t="1447" r="885" b="1469" charConfidence="34">u</charParams>
<charParams l="889" t="1438" r="901" b="1475" charConfidence="39">s</charParams>
<charParams l="900" t="1446" r="915" b="1468" charConfidence="100">a</charParams>
<charParams l="919" t="1444" r="946" b="1467" charConfidence="33">m</charParams>
<charParams l="949" t="1447" r="959" b="1462" charConfidence="100">-</charParams></formatting></line></par>
</text>
</block>
</page>
</document>